folder,topic,level,algorithm,make_test,build_gnat14,build_gnat12,tests_pass_gnat14,tests_pass_gnat12,warnings_gnat14,warnings_gnat12,silver,proof_gpr,shared_sources,pair,duplicate_of
clustering/Ada/Canopy-Clustering,clustering,Ada,Canopy-Clustering,yes,yes,yes,yes,yes,0,3,no SPARK,,,,
clustering/Ada/Clustering,clustering,Ada,Clustering,yes,yes,yes,yes,yes,0,0,no SPARK,,,,
clustering/Ada/Clustering-Algorithms,clustering,Ada,Clustering-Algorithms,yes,yes,yes,yes,yes,0,1,no SPARK,,,,
clustering/Ada/Complete-Linkage-Clustering,clustering,Ada,Complete-Linkage-Clustering,yes,yes,yes,yes,yes,0,0,no SPARK,,,,
clustering/Ada/DBSCAN,clustering,Ada,DBSCAN,yes,yes,yes,yes,yes,0,0,no SPARK,,,,
clustering/Ada/FLAME-Clustering,clustering,Ada,FLAME-Clustering,yes,yes,yes,yes,yes,0,0,no SPARK,,,,
clustering/Ada/Fuzzy-Clustering,clustering,Ada,Fuzzy-Clustering,yes,yes,yes,yes,yes,0,0,no SPARK,,,,
clustering/Ada/K-Means-Clustering,clustering,Ada,K-Means-Clustering,yes,yes,yes,yes,yes,0,0,no SPARK,,,,
clustering/Ada/K-Means-Plus-Plus,clustering,Ada,K-Means-Plus-Plus,yes,yes,yes,yes,yes,0,1,no SPARK,,,,
clustering/Ada/Lloyds-Algorithm,clustering,Ada,Lloyds-Algorithm,yes,yes,yes,yes,yes,0,0,no SPARK,,,,
clustering/Ada/OPTICS,clustering,Ada,OPTICS,yes,yes,yes,yes,yes,0,0,no SPARK,,,,
clustering/Ada/Single-Linkage-Clustering,clustering,Ada,Single-Linkage-Clustering,yes,yes,yes,yes,yes,0,0,no SPARK,,,,
clustering/Ada/WACA-Clustering,clustering,Ada,WACA-Clustering,yes,yes,yes,yes,yes,0,0,no SPARK,,,,
clustering/Ada/Wards-Method,clustering,Ada,Wards-Method,yes,yes,yes,yes,yes,0,0,no SPARK,,,,
compression/Ada/Arithmetic-Coding,compression,Ada,Arithmetic-Coding,yes,yes,yes,yes,yes,7,7,no SPARK,,,,
compression/Ada/Audio-Compression,compression,Ada,Audio-Compression,yes,yes,yes,yes,yes,5,5,no SPARK,,,,
compression/Ada/Berlekamp-Massey-Algorithm,compression,Ada,Berlekamp-Massey-Algorithm,yes,yes,yes,yes,yes,16,16,no SPARK,,,,
compression/Ada/Berlekamp-Root-Finding,compression,Ada,Berlekamp-Root-Finding,yes,yes,yes,yes,yes,0,0,no SPARK,,,,
compression/Ada/Burrows-Wheeler-Transform,compression,Ada,Burrows-Wheeler-Transform,yes,yes,yes,yes,yes,4,4,no SPARK,,,,
compression/Ada/Deflate,compression,Ada,Deflate,yes,yes,yes,yes,yes,3,3,no SPARK,,,,
compression/Ada/Dynamic-Markov-Compression,compression,Ada,Dynamic-Markov-Compression,yes,yes,yes,yes,yes,4,4,no SPARK,,,,
compression/Ada/Earley-Parser,compression,Ada,Earley-Parser,yes,yes,yes,yes,yes,0,0,no SPARK,,,,
compression/Ada/Fast-Efficient-Lossless-Image-Compression-System,compression,Ada,Fast-Efficient-Lossless-Image-Compression-System,yes,yes,yes,yes,yes,25,25,no SPARK,,,,
compression/Ada/Fractal-Compression,compression,Ada,Fractal-Compression,yes,yes,yes,yes,yes,36,37,no SPARK,,,,
compression/Ada/Huffmann-Coding,compression,Ada,Huffmann-Coding,yes,yes,yes,yes,yes,0,0,no SPARK,,,,
compression/Ada/Image-Compression,compression,Ada,Image-Compression,yes,yes,yes,yes,yes,7,7,no SPARK,,,,
compression/Ada/LZ77-LZ78,compression,Ada,LZ77-LZ78,yes,yes,yes,yes,yes,0,0,no SPARK,,,,
compression/Ada/LZWL,compression,Ada,LZWL,yes,yes,yes,yes,yes,35,35,no SPARK,,,,
compression/Ada/LZX,compression,Ada,LZX,yes,yes,yes,yes,yes,2,2,no SPARK,,,,
compression/Ada/Peterson-Gorenstein-Zierler-Algorithm,compression,Ada,Peterson-Gorenstein-Zierler-Algorithm,yes,yes,yes,yes,yes,0,0,not run,,,,
compression/Ada/Run-Length-Encoding,compression,Ada,Run-Length-Encoding,yes,yes,yes,yes,yes,5,5,no SPARK,,,compression/SPARK2/Ada-SPARK-Run-Length-Encoding,
compression/Ada/Speech-Compression,compression,Ada,Speech-Compression,yes,yes,yes,yes,yes,8,8,no SPARK,,,,
compression/Ada/Verlet-Integration,compression,Ada,Verlet-Integration,yes,yes,yes,yes,yes,2,2,no SPARK,,,,
compression/Ada/Video-Compression,compression,Ada,Video-Compression,yes,yes,yes,yes,yes,27,27,no SPARK,,,,
compression/Ada/Wavelet-Compression,compression,Ada,Wavelet-Compression,yes,yes,yes,yes,yes,31,31,no SPARK,,,,
compression/SPARK2/Ada-SPARK-Compress-String,compression,SPARK2,Ada-SPARK-Compress-String,yes,yes,yes,yes,yes,0,0,proven,compress_string.gpr,,,
compression/SPARK2/Ada-SPARK-Interleaving-String,compression,SPARK2,Ada-SPARK-Interleaving-String,yes,yes,yes,yes,yes,10,10,proven,interleaving_string_project.gpr,,,
compression/SPARK2/Ada-SPARK-LZ77,compression,SPARK2,Ada-SPARK-LZ77,yes,yes,yes,yes,yes,0,0,proven,lz77.gpr,,,
compression/SPARK2/Ada-SPARK-Move-To-Front,compression,SPARK2,Ada-SPARK-Move-To-Front,yes,yes,yes,yes,yes,0,0,proven,move_to_front.gpr,,,
compression/SPARK2/Ada-SPARK-Run-Length-Encoding,compression,SPARK2,Ada-SPARK-Run-Length-Encoding,yes,yes,yes,yes,yes,0,0,proven,run_length_encoding.gpr,,compression/Ada/Run-Length-Encoding,
compression/SPARK2/Ada-SPARK-String-Compression,compression,SPARK2,Ada-SPARK-String-Compression,yes,yes,yes,yes,yes,0,0,proven,proof.gpr,,,
concurrency/Ada/Dekker,concurrency,Ada,Dekker,no,no,no,no,no,NA,NA,no SPARK,,,,
concurrency/Ada/Lamport-Ordering,concurrency,Ada,Lamport-Ordering,no,yes,yes,yes,yes,3,3,no SPARK,,,,
concurrency/Ada/Paxos-Algorithm,concurrency,Ada,Paxos-Algorithm,yes,yes,yes,yes,yes,5,5,no SPARK,,,,
concurrency/Ada/Vector-Clocks,concurrency,Ada,Vector-Clocks,no,yes,yes,yes,yes,8,8,no SPARK,,lst_scheduler.adb lst_scheduler.ads main.adb,,
concurrency/Ada/lamport,concurrency,Ada,lamport,no,no,no,no,no,NA,NA,no SPARK,,,,
concurrency/Ada/lds-scheduler,concurrency,Ada,lds-scheduler,no,no,no,no,no,NA,NA,no SPARK,,lst_scheduler.adb lst_scheduler.ads main.adb,,
concurrency/Ada/mlfq,concurrency,Ada,mlfq,n/a,no,no,no,no,NA,NA,no SPARK,,,,
concurrency/Ada/peterson,concurrency,Ada,peterson,n/a,no,no,no,no,NA,NA,no SPARK,,,,
concurrency/Ada/sjn,concurrency,Ada,sjn,n/a,no,no,no,no,NA,NA,no SPARK,,,,
concurrency/SPARK2/Ada-SPARK-Course-Schedule-II,concurrency,SPARK2,Ada-SPARK-Course-Schedule-II,yes,yes,yes,yes,yes,1,1,proven,aa_generated.gpr (generated),,,
concurrency/SPARK2/Ada-SPARK-Course-Schedule-II-Stub,concurrency,SPARK2,Ada-SPARK-Course-Schedule-II-Stub,yes,yes,yes,yes,yes,4,4,proven,proof.gpr,,,
concurrency/SPARK2/Ada-SPARK-Dekkers-Algorithm,concurrency,SPARK2,Ada-SPARK-Dekkers-Algorithm,yes,yes,yes,yes,yes,1,1,proven,proof.gpr,,,
concurrency/SPARK2/Ada-SPARK-Lamports-Bakery-Algorithm,concurrency,SPARK2,Ada-SPARK-Lamports-Bakery-Algorithm,yes,yes,yes,yes,yes,2,2,proven,proof.gpr,,,
concurrency/SPARK2/Ada-SPARK-Petersons-Algorithm,concurrency,SPARK2,Ada-SPARK-Petersons-Algorithm,yes,yes,yes,yes,yes,1,1,proven,proof.gpr,,,
concurrency/SPARK2/Ada-SPARK-Task-Scheduler,concurrency,SPARK2,Ada-SPARK-Task-Scheduler,yes,yes,yes,yes,yes,0,0,proven,task_scheduler.gpr,,,
concurrency/SPARK2/Ada-SPARK-Task-Scheduler-Stub,concurrency,SPARK2,Ada-SPARK-Task-Scheduler-Stub,yes,yes,yes,yes,yes,3,3,proven,proof.gpr,,,
cryptography/Ada/Argon2,cryptography,Ada,Argon2,yes,yes,yes,yes,yes,0,0,no SPARK,,,,
cryptography/Ada/Asymetric-Public-Key-Encryption,cryptography,Ada,Asymetric-Public-Key-Encryption,yes,yes,yes,yes,yes,0,0,no SPARK,,,,
cryptography/Ada/BLAKE,cryptography,Ada,BLAKE,yes,yes,yes,yes,yes,0,0,no SPARK,,,,
cryptography/Ada/Bcrypt,cryptography,Ada,Bcrypt,yes,yes,yes,yes,yes,0,0,no SPARK,,,,
cryptography/Ada/Blowfish,cryptography,Ada,Blowfish,yes,yes,yes,yes,yes,0,0,no SPARK,,,,
cryptography/Ada/ChaCha20,cryptography,Ada,ChaCha20,yes,yes,yes,yes,yes,0,0,no SPARK,,,,
cryptography/Ada/Data-Encryption-Standard,cryptography,Ada,Data-Encryption-Standard,yes,yes,yes,yes,yes,0,0,no SPARK,,,,
cryptography/Ada/ECDSA,cryptography,Ada,ECDSA,yes,yes,yes,yes,yes,0,0,no SPARK,,,,
cryptography/Ada/Elliptic-Curve-Diffie-Hellman,cryptography,Ada,Elliptic-Curve-Diffie-Hellman,yes,yes,yes,yes,yes,0,0,no SPARK,,,,
cryptography/Ada/Fortuna,cryptography,Ada,Fortuna,yes,yes,yes,yes,yes,1,0,no SPARK,,,,
cryptography/Ada/HMAC,cryptography,Ada,HMAC,yes,yes,yes,yes,yes,0,0,no SPARK,,,,
cryptography/Ada/IDEA,cryptography,Ada,IDEA,yes,yes,yes,yes,yes,0,0,no SPARK,,,,
cryptography/Ada/Lenstra-Elliptic-Curve-Factorization,cryptography,Ada,Lenstra-Elliptic-Curve-Factorization,yes,yes,yes,yes,yes,0,0,no SPARK,,,,
cryptography/Ada/MD5,cryptography,Ada,MD5,yes,yes,yes,yes,yes,0,0,no SPARK,,,cryptography/SPARK2/Ada-SPARK-MD5,
cryptography/Ada/NTRUEncrypt,cryptography,Ada,NTRUEncrypt,yes,yes,yes,yes,yes,0,0,not run,,,,
cryptography/Ada/RC4,cryptography,Ada,RC4,no,no,yes,no,yes,0,0,not run,,,,
cryptography/Ada/RSA,cryptography,Ada,RSA,yes,yes,yes,yes,yes,0,0,no SPARK,,,,
cryptography/Ada/SHA3,cryptography,Ada,SHA3,yes,yes,yes,yes,yes,0,0,no SPARK,,,,
cryptography/Ada/Shamirs-Secret-Sharing,cryptography,Ada,Shamirs-Secret-Sharing,yes,yes,yes,yes,yes,0,0,no SPARK,,,,
cryptography/Ada/Stochastic-Universal-Sampling,cryptography,Ada,Stochastic-Universal-Sampling,yes,yes,yes,yes,yes,0,0,no SPARK,,,,
cryptography/Ada/Symetric-Encryption,cryptography,Ada,Symetric-Encryption,yes,yes,yes,yes,yes,0,0,no SPARK,,,,
cryptography/Ada/Threefish,cryptography,Ada,Threefish,yes,yes,yes,yes,yes,0,0,no SPARK,,,,
cryptography/Ada/Tiny-Encryption-Algorithm,cryptography,Ada,Tiny-Encryption-Algorithm,yes,yes,yes,yes,yes,0,0,no SPARK,,,,
cryptography/Ada/Twofish,cryptography,Ada,Twofish,yes,yes,yes,yes,yes,0,0,no SPARK,,,,
cryptography/Ada/Universal-Coding,cryptography,Ada,Universal-Coding,yes,yes,yes,yes,yes,6,6,no SPARK,,,,
cryptography/Ada/Universal-Variable-Formulation,cryptography,Ada,Universal-Variable-Formulation,yes,yes,yes,yes,yes,0,0,no SPARK,,,,
cryptography/Ada/WHIRLPOOL,cryptography,Ada,WHIRLPOOL,yes,yes,yes,yes,yes,0,0,no SPARK,,,,
cryptography/Ada/Yarrow-Algorithm,cryptography,Ada,Yarrow-Algorithm,yes,yes,yes,yes,yes,0,0,no SPARK,,,,
cryptography/SPARK2/Ada-SPARK-Level-Order-Traversal-Stub,cryptography,SPARK2,Ada-SPARK-Level-Order-Traversal-Stub,yes,yes,yes,yes,yes,7,7,proven,proof.gpr,,,
cryptography/SPARK2/Ada-SPARK-MD5,cryptography,SPARK2,Ada-SPARK-MD5,yes,yes,yes,yes,yes,0,0,proven,md5.gpr,,cryptography/Ada/MD5,
cryptography/SPARK2/Ada-SPARK-SHA-1,cryptography,SPARK2,Ada-SPARK-SHA-1,yes,yes,yes,yes,yes,0,0,proven,sha_1.gpr,,,
geometry/Ada/Ambient-Occlusion,geometry,Ada,Ambient-Occlusion,yes,yes,yes,yes,yes,0,0,no SPARK,,,,
geometry/Ada/Bresenhams-Line-Algorithm,geometry,Ada,Bresenhams-Line-Algorithm,yes,yes,yes,yes,yes,0,0,not run,,,,
geometry/Ada/Canny-Edge-Detector,geometry,Ada,Canny-Edge-Detector,yes,yes,yes,yes,yes,51,51,no SPARK,,,,
geometry/Ada/Clipping,geometry,Ada,Clipping,yes,yes,yes,yes,yes,0,0,no SPARK,,,,
geometry/Ada/Closest-Pair-Problem,geometry,Ada,Closest-Pair-Problem,yes,yes,yes,yes,yes,0,0,no SPARK,,,,
geometry/Ada/Cohen-Sutherland,geometry,Ada,Cohen-Sutherland,yes,yes,yes,yes,yes,0,0,no SPARK,,,,
geometry/Ada/Constructive-Solid-Geometry,geometry,Ada,Constructive-Solid-Geometry,yes,yes,yes,yes,yes,0,0,no SPARK,,,,
geometry/Ada/Convex-Hull-Algorithms,geometry,Ada,Convex-Hull-Algorithms,yes,yes,yes,yes,yes,0,0,no SPARK,,,,
geometry/Ada/Delaunay-Triangulation,geometry,Ada,Delaunay-Triangulation,yes,yes,yes,yes,yes,0,3,no SPARK,,,,
geometry/Ada/Dithering,geometry,Ada,Dithering,yes,yes,yes,yes,yes,9,9,no SPARK,,main.adb,,
geometry/Ada/Fast-Clipping,geometry,Ada,Fast-Clipping,yes,yes,yes,yes,yes,0,0,no SPARK,,,,
geometry/Ada/Generalised-Hough-Transform,geometry,Ada,Generalised-Hough-Transform,yes,no,no,yes,yes,31,31,no SPARK,,,,
geometry/Ada/Gift-Wrapping,geometry,Ada,Gift-Wrapping,yes,yes,yes,yes,yes,0,0,no SPARK,,,,
geometry/Ada/Gouraud-Shading,geometry,Ada,Gouraud-Shading,yes,yes,yes,yes,yes,0,0,no SPARK,,,,
geometry/Ada/Grabcut,geometry,Ada,Grabcut,yes,yes,yes,yes,yes,1,1,no SPARK,,,,
geometry/Ada/Graham-Scan,geometry,Ada,Graham-Scan,yes,yes,yes,yes,yes,0,0,no SPARK,,,,
geometry/Ada/Histogram-Equalization,geometry,Ada,Histogram-Equalization,no,yes,yes,no,no,17,17,no SPARK,,,,
geometry/Ada/Hough-Transform,geometry,Ada,Hough-Transform,yes,yes,yes,yes,yes,46,46,no SPARK,,main.adb,,
geometry/Ada/Isosurfaces,geometry,Ada,Isosurfaces,yes,yes,yes,yes,yes,0,0,no SPARK,,,,
geometry/Ada/Kirkpatrick-Seidel,geometry,Ada,Kirkpatrick-Seidel,yes,yes,yes,yes,yes,0,0,no SPARK,,,,
geometry/Ada/Liang-Barsky,geometry,Ada,Liang-Barsky,yes,yes,yes,yes,yes,0,0,no SPARK,,,,
geometry/Ada/Line-Clipping,geometry,Ada,Line-Clipping,yes,yes,yes,yes,yes,0,0,no SPARK,,,,
geometry/Ada/Line-Segment-Intersection,geometry,Ada,Line-Segment-Intersection,yes,yes,yes,yes,yes,0,0,no SPARK,,,,
geometry/Ada/Marching-Cubes,geometry,Ada,Marching-Cubes,yes,yes,yes,yes,yes,0,0,no SPARK,,,,
geometry/Ada/Ordered-Dithering,geometry,Ada,Ordered-Dithering,yes,yes,yes,yes,yes,20,20,no SPARK,,,,
geometry/Ada/Phong-Shading,geometry,Ada,Phong-Shading,yes,yes,yes,yes,yes,0,0,not run,,,,
geometry/Ada/Point-In-Polygon,geometry,Ada,Point-In-Polygon,yes,yes,yes,yes,yes,0,0,no SPARK,,,geometry/SPARK2/Ada-SPARK-Point-In-Polygon,
geometry/Ada/Polygon-Triangulation,geometry,Ada,Polygon-Triangulation,yes,yes,yes,yes,yes,0,3,no SPARK,,,,
geometry/Ada/Quasitriangulation,geometry,Ada,Quasitriangulation,yes,yes,yes,yes,yes,0,0,no SPARK,,,,
geometry/Ada/Quickhull,geometry,Ada,Quickhull,yes,yes,yes,yes,yes,0,0,no SPARK,,,,
geometry/Ada/Radiosity,geometry,Ada,Radiosity,yes,yes,yes,yes,yes,0,0,no SPARK,,,,
geometry/Ada/Ramer-Douglas-Peucker-Algorithm,geometry,Ada,Ramer-Douglas-Peucker-Algorithm,yes,yes,yes,yes,yes,0,0,no SPARK,,,,
geometry/Ada/Ray-Tracing,geometry,Ada,Ray-Tracing,yes,yes,yes,yes,yes,0,0,no SPARK,,,,
geometry/Ada/Riemersma-Dithering,geometry,Ada,Riemersma-Dithering,yes,yes,yes,yes,yes,29,29,no SPARK,,,,
geometry/Ada/Segmentation,geometry,Ada,Segmentation,yes,no,no,yes,no,41,41,no SPARK,,,,
geometry/Ada/Shading,geometry,Ada,Shading,yes,yes,yes,yes,yes,0,0,not run,,,,
geometry/Ada/Slerp,geometry,Ada,Slerp,yes,yes,yes,yes,yes,0,0,no SPARK,,,,
geometry/Ada/Sutherland-Hodgman,geometry,Ada,Sutherland-Hodgman,yes,yes,yes,yes,yes,0,0,no SPARK,,,,
geometry/Ada/Triangulation,geometry,Ada,Triangulation,yes,yes,yes,yes,yes,0,3,no SPARK,,,,
geometry/Ada/Vatti,geometry,Ada,Vatti,yes,yes,yes,yes,yes,0,0,no SPARK,,,,
geometry/Ada/Vincenty,geometry,Ada,Vincenty,yes,yes,yes,yes,yes,0,0,no SPARK,,,,
geometry/Ada/Voronoi-Diagrams,geometry,Ada,Voronoi-Diagrams,yes,yes,yes,yes,yes,0,0,no SPARK,,,,
geometry/Ada/Warnock-Algorithm,geometry,Ada,Warnock-Algorithm,yes,yes,yes,yes,yes,0,0,no SPARK,,,,
geometry/Ada/Watershed-Transformation,geometry,Ada,Watershed-Transformation,yes,no,no,yes,yes,52,52,no SPARK,,,,
geometry/Ada/Weiler-Atherton,geometry,Ada,Weiler-Atherton,yes,yes,yes,yes,yes,0,0,no SPARK,,,,
geometry/Ada/Xiaolin-Wus-Line-Algorithm,geometry,Ada,Xiaolin-Wus-Line-Algorithm,yes,yes,yes,yes,yes,0,0,no SPARK,,,,
geometry/SPARK2/Ada-SPARK-Convex-Hull-Graham,geometry,SPARK2,Ada-SPARK-Convex-Hull-Graham,yes,yes,yes,yes,yes,0,0,proven,convex_hull_graham.gpr,,,
geometry/SPARK2/Ada-SPARK-Point-In-Polygon,geometry,SPARK2,Ada-SPARK-Point-In-Polygon,yes,yes,yes,yes,yes,0,0,proven,point_in_polygon.gpr,,geometry/Ada/Point-In-Polygon,
graphs/Ada/Bellman-Ford-Algorithm,graphs,Ada,Bellman-Ford-Algorithm,yes,yes,yes,yes,yes,0,0,no SPARK,,,,
graphs/Ada/Boruvkas-Algorithm,graphs,Ada,Boruvkas-Algorithm,yes,yes,yes,yes,yes,0,0,no SPARK,,,,
graphs/Ada/Cliques,graphs,Ada,Cliques,yes,yes,yes,yes,yes,0,0,no SPARK,,,,
graphs/Ada/Coin-Graph,graphs,Ada,Coin-Graph,yes,yes,yes,yes,yes,0,0,no SPARK,,,,
graphs/Ada/Cryptographically-Secure-Pseudo-Random-Number-Generators,graphs,Ada,Cryptographically-Secure-Pseudo-Random-Number-Generators,yes,yes,yes,yes,yes,0,0,no SPARK,,,,
graphs/Ada/Cryptographically-Secure-Pseudorandom-Number-Generator,graphs,Ada,Cryptographically-Secure-Pseudorandom-Number-Generator,yes,yes,yes,yes,yes,0,0,no SPARK,,,,
graphs/Ada/Dijkstra-Scholten-Algorithm,graphs,Ada,Dijkstra-Scholten-Algorithm,yes,yes,yes,yes,yes,1,1,no SPARK,,,,
graphs/Ada/Dijkstras-Algorithm,graphs,Ada,Dijkstras-Algorithm,yes,yes,yes,yes,yes,0,0,no SPARK,,,graphs/SPARK4/Ada-SPARK-Dijkstras-Algorithm,
graphs/Ada/Dinics-Algorithm,graphs,Ada,Dinics-Algorithm,yes,yes,yes,yes,yes,0,0,no SPARK,,,,
graphs/Ada/Edmonds-Karp-Algorithm,graphs,Ada,Edmonds-Karp-Algorithm,yes,yes,yes,yes,yes,0,0,no SPARK,,,,
graphs/Ada/Elliptic-Curve-Cryptography,graphs,Ada,Elliptic-Curve-Cryptography,yes,yes,yes,yes,yes,0,0,no SPARK,,,,
graphs/Ada/Euclidean-Minimum-Spanning-Tree,graphs,Ada,Euclidean-Minimum-Spanning-Tree,yes,yes,yes,yes,yes,0,0,no SPARK,,,,
graphs/Ada/Floyd-Steinberg-Dithering,graphs,Ada,Floyd-Steinberg-Dithering,yes,yes,yes,yes,yes,23,23,no SPARK,,,,
graphs/Ada/Floyd-Warshall-Algorithm,graphs,Ada,Floyd-Warshall-Algorithm,yes,yes,yes,yes,yes,0,0,no SPARK,,,graphs/SPARK2/Ada-SPARK-Floyd-Warshall,
graphs/Ada/Floyds-Cycle-Finding-Algorithm,graphs,Ada,Floyds-Cycle-Finding-Algorithm,yes,yes,yes,yes,yes,0,0,no SPARK,,,graphs/SPARK4/Ada-SPARK-Floyds-Cycle-Finding-Algorithm,
graphs/Ada/Ford-Fulkerson-Algorithm,graphs,Ada,Ford-Fulkerson-Algorithm,yes,yes,yes,yes,yes,0,0,no SPARK,,,,
graphs/Ada/Hungarian-Algorithm,graphs,Ada,Hungarian-Algorithm,yes,yes,yes,yes,yes,0,0,no SPARK,,,,
graphs/Ada/Hungarian-Method,graphs,Ada,Hungarian-Method,yes,yes,yes,yes,yes,0,0,no SPARK,,,,
graphs/Ada/Kosarajus-Algorithm,graphs,Ada,Kosarajus-Algorithm,yes,yes,yes,yes,yes,0,0,no SPARK,,,,
graphs/Ada/Kruskals-Algorithm,graphs,Ada,Kruskals-Algorithm,yes,yes,yes,yes,yes,0,0,no SPARK,,,graphs/SPARK2/Ada-SPARK-Kruskals-Algorithm,
graphs/Ada/MaxCliqueDyn,graphs,Ada,MaxCliqueDyn,yes,yes,yes,yes,yes,0,0,no SPARK,,,,
graphs/Ada/Minimum-Spanning-Tree,graphs,Ada,Minimum-Spanning-Tree,yes,yes,yes,yes,yes,0,0,no SPARK,,,,
graphs/Ada/PageRank,graphs,Ada,PageRank,yes,yes,yes,yes,yes,0,0,no SPARK,,,,
graphs/Ada/Post-Quantum-Cryptography,graphs,Ada,Post-Quantum-Cryptography,yes,yes,yes,yes,yes,0,0,no SPARK,,,,
graphs/Ada/Prims-Algorithm,graphs,Ada,Prims-Algorithm,yes,yes,yes,yes,yes,0,0,no SPARK,,,graphs/SPARK2/Ada-SPARK-Prims-Algorithm,
graphs/Ada/Shortest-Path-Problem,graphs,Ada,Shortest-Path-Problem,yes,yes,yes,yes,yes,0,0,no SPARK,,,,
graphs/Ada/Tarjans-Off-Line-Lowest-Common-Ancestors,graphs,Ada,Tarjans-Off-Line-Lowest-Common-Ancestors,yes,yes,yes,yes,yes,0,0,no SPARK,,,,
graphs/Ada/Tarjans-Strongly-Connected-Components,graphs,Ada,Tarjans-Strongly-Connected-Components,yes,yes,yes,yes,yes,0,0,no SPARK,,,,
graphs/Ada/subgraph-isomorphism,graphs,Ada,subgraph-isomorphism,n/a,yes,yes,yes,yes,11,11,no SPARK,,,,
graphs/SPARK2/Ada-SPARK-Bellman-Ford-Lite,graphs,SPARK2,Ada-SPARK-Bellman-Ford-Lite,yes,yes,yes,yes,yes,0,0,proven,bellman_ford_lite.gpr,,,
graphs/SPARK2/Ada-SPARK-Clone-Graph,graphs,SPARK2,Ada-SPARK-Clone-Graph,yes,yes,yes,yes,yes,2,2,proven,aa_generated.gpr (generated),,,
graphs/SPARK2/Ada-SPARK-Clone-Graph-Stub,graphs,SPARK2,Ada-SPARK-Clone-Graph-Stub,yes,yes,yes,yes,yes,5,5,proven,proof.gpr,,,
graphs/SPARK2/Ada-SPARK-Dijkstra-Lite,graphs,SPARK2,Ada-SPARK-Dijkstra-Lite,yes,yes,yes,yes,yes,0,0,proven,dijkstra_lite.gpr,,,
graphs/SPARK2/Ada-SPARK-Find-Center-Of-Star-Graph,graphs,SPARK2,Ada-SPARK-Find-Center-Of-Star-Graph,yes,yes,yes,yes,yes,2,2,proven,aa_generated.gpr (generated),,,
graphs/SPARK2/Ada-SPARK-Find-If-Path-Exists-In-Graph,graphs,SPARK2,Ada-SPARK-Find-If-Path-Exists-In-Graph,yes,yes,yes,yes,yes,0,0,proven,find_if_path_exists_in_graph.gpr,,,
graphs/SPARK2/Ada-SPARK-Floyd-Warshall,graphs,SPARK2,Ada-SPARK-Floyd-Warshall,yes,yes,yes,yes,yes,2,2,proven,aa_generated.gpr (generated),,graphs/Ada/Floyd-Warshall-Algorithm,
graphs/SPARK2/Ada-SPARK-Floyd-Warshall-Lite,graphs,SPARK2,Ada-SPARK-Floyd-Warshall-Lite,yes,yes,yes,yes,yes,0,0,proven,floyd_warshall_lite.gpr,,,
graphs/SPARK2/Ada-SPARK-Is-Graph-Bipartite,graphs,SPARK2,Ada-SPARK-Is-Graph-Bipartite,yes,yes,yes,yes,yes,3,3,proven,aa_generated.gpr (generated),,,
graphs/SPARK2/Ada-SPARK-Kruskal-MST-Lite,graphs,SPARK2,Ada-SPARK-Kruskal-MST-Lite,yes,yes,yes,yes,yes,0,0,proven,kruskal_mst_lite.gpr,,,
graphs/SPARK2/Ada-SPARK-Kruskals-Algorithm,graphs,SPARK2,Ada-SPARK-Kruskals-Algorithm,yes,yes,yes,yes,yes,2,2,proven,aa_generated.gpr (generated),,graphs/Ada/Kruskals-Algorithm,
graphs/SPARK2/Ada-SPARK-Number-Of-Islands-DFS,graphs,SPARK2,Ada-SPARK-Number-Of-Islands-DFS,yes,yes,yes,yes,yes,6,6,proven,number_of_islands_dfs.gpr,,,
graphs/SPARK2/Ada-SPARK-Prims-Algorithm,graphs,SPARK2,Ada-SPARK-Prims-Algorithm,yes,yes,yes,yes,yes,5,5,proven,aa_generated.gpr (generated),,graphs/Ada/Prims-Algorithm,
graphs/SPARK2/Ada-SPARK-Shortest-Path-In-Binary-Matrix,graphs,SPARK2,Ada-SPARK-Shortest-Path-In-Binary-Matrix,yes,yes,yes,yes,yes,0,0,proven,aa_generated.gpr (generated),,,
graphs/SPARK4/Ada-SPARK-Dijkstras-Algorithm,graphs,SPARK4,Ada-SPARK-Dijkstras-Algorithm,yes,yes,yes,yes,yes,0,0,not run,,,graphs/Ada/Dijkstras-Algorithm,
graphs/SPARK4/Ada-SPARK-Floyds-Cycle-Finding-Algorithm,graphs,SPARK4,Ada-SPARK-Floyds-Cycle-Finding-Algorithm,yes,yes,yes,yes,yes,0,0,not run,,,graphs/Ada/Floyds-Cycle-Finding-Algorithm,
hashing/Ada/Geohash,hashing,Ada,Geohash,yes,yes,yes,yes,yes,0,0,no SPARK,,,,
hashing/Ada/Geometric-Hashing,hashing,Ada,Geometric-Hashing,yes,yes,yes,yes,yes,0,0,no SPARK,,,,
hashing/Ada/Hash-Functions,hashing,Ada,Hash-Functions,yes,yes,yes,yes,yes,6,6,no SPARK,,,,
hashing/Ada/Hash-Join,hashing,Ada,Hash-Join,yes,no,no,yes,yes,0,0,no SPARK,,,,
hashing/Ada/Locality-Sensitive-Hashing,hashing,Ada,Locality-Sensitive-Hashing,yes,yes,yes,yes,yes,0,0,no SPARK,,,,
hashing/Ada/Pearson-Hashing,hashing,Ada,Pearson-Hashing,yes,yes,yes,yes,yes,18,18,no SPARK,,,hashing/SPARK2/Ada-SPARK-Pearson-Hashing,
hashing/Ada/SipHash,hashing,Ada,SipHash,yes,yes,yes,yes,yes,0,0,not run,,,,
hashing/Ada/Tiger-Hash,hashing,Ada,Tiger-Hash,yes,yes,yes,yes,yes,0,0,no SPARK,,,,
hashing/Ada/Zobrist-Hashing,hashing,Ada,Zobrist-Hashing,yes,yes,yes,yes,yes,5,5,no SPARK,,,hashing/SPARK2/Ada-SPARK-Zobrist-Hashing,
hashing/SPARK2/Ada-SPARK-Design-HashMap,hashing,SPARK2,Ada-SPARK-Design-HashMap,yes,yes,yes,yes,yes,4,4,proven,proof.gpr,,,
hashing/SPARK2/Ada-SPARK-Design-HashMap-Stub,hashing,SPARK2,Ada-SPARK-Design-HashMap-Stub,yes,yes,yes,yes,yes,0,0,proven,design_hashmap_stub.gpr,,,
hashing/SPARK2/Ada-SPARK-Design-HashSet,hashing,SPARK2,Ada-SPARK-Design-HashSet,yes,yes,yes,yes,yes,2,2,proven,proof.gpr,,,
hashing/SPARK2/Ada-SPARK-Design-HashSet-Stub,hashing,SPARK2,Ada-SPARK-Design-HashSet-Stub,yes,yes,yes,yes,yes,1,1,proven,proof.gpr,,,
hashing/SPARK2/Ada-SPARK-FNV-Hash,hashing,SPARK2,Ada-SPARK-FNV-Hash,yes,yes,yes,yes,yes,0,0,proven,fnv_hash.gpr,,,
hashing/SPARK2/Ada-SPARK-Pearson-Hashing,hashing,SPARK2,Ada-SPARK-Pearson-Hashing,yes,yes,yes,yes,yes,0,0,proven,pearson_hashing.gpr,,hashing/Ada/Pearson-Hashing,
hashing/SPARK2/Ada-SPARK-Zobrist-Hashing,hashing,SPARK2,Ada-SPARK-Zobrist-Hashing,yes,yes,yes,yes,yes,0,0,proven,zobrist_hashing.gpr,,hashing/Ada/Zobrist-Hashing,
logic/Ada/Chaff,logic,Ada,Chaff,yes,yes,yes,yes,yes,0,0,no SPARK,,,,
logic/Ada/Constraint-Satisfaction,logic,Ada,Constraint-Satisfaction,yes,yes,yes,yes,yes,0,0,no SPARK,,,,
logic/Ada/DPLL,logic,Ada,DPLL,yes,yes,yes,yes,yes,0,0,not run,,,,
logic/Ada/DPLL-Algorithm,logic,Ada,DPLL-Algorithm,yes,yes,yes,yes,yes,0,0,no SPARK,,,,
logic/Ada/Davis-Putnam,logic,Ada,Davis-Putnam,yes,yes,yes,yes,yes,0,0,no SPARK,,,,
logic/Ada/Verified-Unification-Engine,logic,Ada,Verified-Unification-Engine,yes,yes,yes,yes,yes,0,0,not run,,,,
matrices/Ada/Eigenvalue-Algorithms,matrices,Ada,Eigenvalue-Algorithms,yes,yes,yes,yes,yes,0,0,no SPARK,,,,
matrices/Ada/Gaussian-Elimination,matrices,Ada,Gaussian-Elimination,yes,yes,yes,yes,yes,0,0,no SPARK,,,matrices/SPARK2/Ada-SPARK-Gaussian-Elimination,
matrices/Ada/Jacobi-Eigenvalue,matrices,Ada,Jacobi-Eigenvalue,yes,yes,yes,yes,yes,0,0,no SPARK,,,,
matrices/Ada/Matrix-Multiplication,matrices,Ada,Matrix-Multiplication,yes,yes,yes,yes,yes,0,0,no SPARK,,,,
matrices/Ada/Quantum-Singular-Value-Transformation,matrices,Ada,Quantum-Singular-Value-Transformation,yes,yes,yes,yes,yes,0,0,no SPARK,,,,
matrices/Ada/SMAWK,matrices,Ada,SMAWK,yes,yes,yes,yes,yes,0,0,no SPARK,,,,
matrices/Ada/Schonhage-Strassen,matrices,Ada,Schonhage-Strassen,yes,yes,yes,yes,yes,0,0,no SPARK,,,,
matrices/Ada/Sparse-Matrix,matrices,Ada,Sparse-Matrix,yes,yes,yes,yes,yes,0,8,no SPARK,,,,
matrices/Ada/Strassen,matrices,Ada,Strassen,yes,yes,yes,yes,yes,0,0,no SPARK,,,,
matrices/Ada/Symbolic-Cholesky-Decomposition,matrices,Ada,Symbolic-Cholesky-Decomposition,yes,yes,yes,yes,yes,24,24,no SPARK,,,,
matrices/SPARK2/Ada-SPARK-Check-If-Matrix-Is-X-Matrix,matrices,SPARK2,Ada-SPARK-Check-If-Matrix-Is-X-Matrix,yes,yes,yes,yes,yes,10,10,proven,proof.gpr,,,
matrices/SPARK2/Ada-SPARK-Gaussian-Elimination,matrices,SPARK2,Ada-SPARK-Gaussian-Elimination,yes,yes,yes,yes,yes,4,4,proven,gaussian_elimination.gpr,,matrices/Ada/Gaussian-Elimination,
matrices/SPARK2/Ada-SPARK-Lucky-Numbers-In-A-Matrix,matrices,SPARK2,Ada-SPARK-Lucky-Numbers-In-A-Matrix,yes,yes,yes,yes,yes,6,6,proven,lucky_numbers.gpr,,,
matrices/SPARK2/Ada-SPARK-Matrix-Cells-In-Distance-Order,matrices,SPARK2,Ada-SPARK-Matrix-Cells-In-Distance-Order,yes,yes,yes,yes,yes,2,2,proven,matrix_cells_in_distance_order.gpr,,,
matrices/SPARK2/Ada-SPARK-Matrix-Chain-Multiplication,matrices,SPARK2,Ada-SPARK-Matrix-Chain-Multiplication,yes,yes,yes,yes,yes,0,0,proven,matrix_chain_multiplication.gpr,,,
matrices/SPARK2/Ada-SPARK-Matrix-Diagonal-Sum,matrices,SPARK2,Ada-SPARK-Matrix-Diagonal-Sum,yes,yes,yes,yes,yes,6,6,proven,matrix_diagonal_sum.gpr,,,
matrices/SPARK2/Ada-SPARK-Matrix-Multiply,matrices,SPARK2,Ada-SPARK-Matrix-Multiply,yes,yes,yes,yes,yes,0,0,proven,matrix_multiply.gpr,,,
matrices/SPARK2/Ada-SPARK-Num-Matrix-Block-Sum,matrices,SPARK2,Ada-SPARK-Num-Matrix-Block-Sum,yes,yes,yes,yes,yes,5,5,proven,num_matrix_block_sum.gpr,,,
matrices/SPARK2/Ada-SPARK-Reshape-The-Matrix,matrices,SPARK2,Ada-SPARK-Reshape-The-Matrix,yes,yes,yes,yes,yes,6,6,proven,reshape_the_matrix.gpr,,,
matrices/SPARK2/Ada-SPARK-Set-Matrix-Zeroes,matrices,SPARK2,Ada-SPARK-Set-Matrix-Zeroes,yes,yes,yes,yes,yes,10,10,proven,set_matrix_zeroes.gpr,,,
matrices/SPARK2/Ada-SPARK-Spiral-Matrix,matrices,SPARK2,Ada-SPARK-Spiral-Matrix,yes,yes,yes,yes,yes,6,6,proven,spiral_matrix.gpr,,,
matrices/SPARK2/Ada-SPARK-Spiral-Matrix-II,matrices,SPARK2,Ada-SPARK-Spiral-Matrix-II,yes,yes,yes,yes,yes,2,2,proven,spiral_matrix_ii.gpr,,,
matrices/SPARK2/Ada-SPARK-The-K-Weakest-Rows-In-A-Matrix,matrices,SPARK2,Ada-SPARK-The-K-Weakest-Rows-In-A-Matrix,yes,yes,yes,yes,yes,5,5,proven,proof.gpr,,,
matrices/SPARK2/Ada-SPARK-Toeplitz-Matrix,matrices,SPARK2,Ada-SPARK-Toeplitz-Matrix,yes,yes,yes,yes,yes,12,12,proven,toeplitz_matrix.gpr,,,
matrices/SPARK2/Ada-SPARK-Transpose-Matrix,matrices,SPARK2,Ada-SPARK-Transpose-Matrix,yes,yes,yes,yes,yes,5,5,proven,transpose_matrix.gpr,,,
misc/Ada/A-Law-Algorithm,misc,Ada,A-Law-Algorithm,yes,yes,yes,yes,yes,0,0,no SPARK,,,,
misc/Ada/AC-3,misc,Ada,AC-3,yes,yes,yes,yes,yes,0,0,no SPARK,,,,
misc/Ada/ACORN-Generator,misc,Ada,ACORN-Generator,yes,yes,yes,yes,yes,0,0,no SPARK,,,,
misc/Ada/Adaptive-Additive-Algorithm,misc,Ada,Adaptive-Additive-Algorithm,yes,yes,yes,yes,yes,37,37,no SPARK,,adaptive_additive.adb adaptive_additive.ads,,
misc/Ada/Addition-Chain-Exponentiation,misc,Ada,Addition-Chain-Exponentiation,yes,yes,yes,yes,yes,0,0,no SPARK,,,,
misc/Ada/Adler-32,misc,Ada,Adler-32,yes,yes,yes,yes,yes,15,15,no SPARK,,,misc/SPARK2/Ada-SPARK-Adler32,
misc/Ada/Aharonov-Jones-Landau-Algorithm,misc,Ada,Aharonov-Jones-Landau-Algorithm,yes,yes,yes,yes,yes,0,0,no SPARK,,,,
misc/Ada/Algorithm-X,misc,Ada,Algorithm-X,yes,yes,yes,yes,yes,0,0,no SPARK,,,,
misc/Ada/Algorithms-For-Calculating-Variance,misc,Ada,Algorithms-For-Calculating-Variance,yes,yes,yes,yes,yes,0,0,no SPARK,,,,
misc/Ada/Alpha-Beta-Pruning,misc,Ada,Alpha-Beta-Pruning,yes,yes,yes,yes,yes,0,0,no SPARK,,,,
misc/Ada/Alpha-Max-Plus-Beta-Min,misc,Ada,Alpha-Max-Plus-Beta-Min,yes,yes,yes,yes,yes,0,0,no SPARK,,,,
misc/Ada/Amplitude-Amplification,misc,Ada,Amplitude-Amplification,yes,yes,yes,yes,yes,0,0,no SPARK,,,,
misc/Ada/Ant-Colony-Optimization,misc,Ada,Ant-Colony-Optimization,yes,yes,yes,yes,yes,0,1,no SPARK,,,,
misc/Ada/Approximate-Counting,misc,Ada,Approximate-Counting,yes,yes,yes,yes,yes,0,0,no SPARK,,,,
misc/Ada/Apriori-Algorithm,misc,Ada,Apriori-Algorithm,yes,yes,yes,yes,yes,0,0,no SPARK,,,,
misc/Ada/Association-Rule-Learning,misc,Ada,Association-Rule-Learning,no,yes,yes,no,no,0,0,no SPARK,,,,
misc/Ada/Automated-Planning-And-Scheduling,misc,Ada,Automated-Planning-And-Scheduling,yes,yes,yes,yes,yes,0,0,no SPARK,,,,
misc/Ada/Automatic-Train-Operation,misc,Ada,Automatic-Train-Operation,yes,yes,yes,yes,yes,0,0,no SPARK,,,,
misc/Ada/B-Star,misc,Ada,B-Star,yes,yes,yes,yes,yes,0,0,no SPARK,,,,
misc/Ada/BCH-Codes,misc,Ada,BCH-Codes,yes,yes,yes,yes,yes,0,0,no SPARK,,,,
misc/Ada/BCJR-Algorithm,misc,Ada,BCJR-Algorithm,yes,yes,yes,yes,yes,0,0,no SPARK,,,,
misc/Ada/BHT-Algorithm,misc,Ada,BHT-Algorithm,yes,yes,yes,yes,yes,0,0,no SPARK,,,,
misc/Ada/BLAST,misc,Ada,BLAST,yes,yes,yes,yes,yes,0,0,no SPARK,,,,
misc/Ada/Baby-Step-Giant-Step,misc,Ada,Baby-Step-Giant-Step,yes,yes,yes,yes,yes,0,0,no SPARK,,,,
misc/Ada/Backtracking,misc,Ada,Backtracking,yes,yes,yes,yes,yes,0,0,no SPARK,,,,
misc/Ada/Backward-Euler,misc,Ada,Backward-Euler,yes,yes,yes,yes,yes,0,0,no SPARK,,,,
misc/Ada/Backward-Induction,misc,Ada,Backward-Induction,yes,yes,yes,yes,yes,0,0,no SPARK,,,,
misc/Ada/Baillie-PSW,misc,Ada,Baillie-PSW,yes,yes,yes,yes,yes,0,0,no SPARK,,,,
misc/Ada/Bankers-Algorithm,misc,Ada,Bankers-Algorithm,yes,yes,no,yes,no,0,188,no SPARK,,adaptive_additive.adb adaptive_additive.ads main.adb,misc/SPARK2/Ada-SPARK-Bankers-Algorithm,
misc/Ada/Banzhaf-Power-Index,misc,Ada,Banzhaf-Power-Index,yes,yes,yes,yes,yes,0,0,no SPARK,,,,
misc/Ada/Barnes-Hut,misc,Ada,Barnes-Hut,yes,yes,yes,yes,yes,0,0,no SPARK,,,,
misc/Ada/Baum-Welch,misc,Ada,Baum-Welch,yes,yes,yes,yes,yes,0,0,no SPARK,,,,
misc/Ada/Bayesian-Nash-Equilibrium,misc,Ada,Bayesian-Nash-Equilibrium,yes,yes,yes,yes,yes,0,0,no SPARK,,,,
misc/Ada/Bayesian-Statistics,misc,Ada,Bayesian-Statistics,yes,yes,yes,yes,yes,0,0,no SPARK,,,,
misc/Ada/Beam-Tracing,misc,Ada,Beam-Tracing,yes,yes,yes,yes,yes,0,0,no SPARK,,,,
misc/Ada/Bees-Algorithm,misc,Ada,Bees-Algorithm,yes,yes,yes,yes,yes,0,1,no SPARK,,,,
misc/Ada/Beginner-Embedded-API,misc,Ada,Beginner-Embedded-API,yes,yes,yes,yes,yes,0,0,not run,,,,
misc/Ada/Bensons-Algorithm,misc,Ada,Bensons-Algorithm,yes,yes,yes,yes,yes,0,0,no SPARK,,,,
misc/Ada/Bentley-Ottmann,misc,Ada,Bentley-Ottmann,yes,yes,yes,yes,yes,0,0,no SPARK,,,,
misc/Ada/Berkeley-Algorithm,misc,Ada,Berkeley-Algorithm,yes,yes,yes,yes,yes,25,25,no SPARK,,,,
misc/Ada/Bernstein-Varizani-Algorithm,misc,Ada,Bernstein-Varizani-Algorithm,yes,yes,yes,yes,no,0,0,no SPARK,,,,
misc/Ada/Best-Bin-First,misc,Ada,Best-Bin-First,yes,yes,yes,yes,yes,0,0,no SPARK,,,,
misc/Ada/Binary-Space-Partitioning,misc,Ada,Binary-Space-Partitioning,yes,yes,yes,yes,yes,0,0,no SPARK,,,,
misc/Ada/Binary-Splitting,misc,Ada,Binary-Splitting,yes,yes,yes,yes,yes,0,0,no SPARK,,,,
misc/Ada/Birkhoff-von-Neumann,misc,Ada,Birkhoff-von-Neumann,yes,yes,yes,yes,yes,0,0,no SPARK,,,,
misc/Ada/Bitap-Algorithm,misc,Ada,Bitap-Algorithm,yes,yes,yes,yes,yes,0,0,no SPARK,,,,
misc/Ada/Black-Scholes-Model,misc,Ada,Black-Scholes-Model,yes,yes,yes,yes,yes,0,0,not run,,,,
misc/Ada/Blind-Deconvolution,misc,Ada,Blind-Deconvolution,yes,yes,yes,yes,yes,52,52,no SPARK,,,,
misc/Ada/Block-Nested-Loop,misc,Ada,Block-Nested-Loop,yes,yes,yes,yes,yes,14,14,no SPARK,,,,
misc/Ada/Block-Truncation-Coding,misc,Ada,Block-Truncation-Coding,yes,yes,yes,yes,yes,12,12,no SPARK,,,,
misc/Ada/Blossom-Algorithm,misc,Ada,Blossom-Algorithm,yes,yes,yes,yes,yes,0,0,no SPARK,,,,
misc/Ada/Blum-Blum-Shub,misc,Ada,Blum-Blum-Shub,yes,yes,yes,yes,yes,0,0,no SPARK,,,misc/SPARK4/Ada-SPARK-Blum-Blum-Shub,
misc/Ada/Booth-Multiplication,misc,Ada,Booth-Multiplication,yes,yes,yes,yes,yes,0,0,no SPARK,,,,
misc/Ada/Bootstrap-Aggregating,misc,Ada,Bootstrap-Aggregating,yes,yes,yes,yes,yes,0,0,no SPARK,,,,
misc/Ada/Boson-Sampling,misc,Ada,Boson-Sampling,yes,yes,yes,yes,yes,0,0,no SPARK,,,,
misc/Ada/Boundary-Representation,misc,Ada,Boundary-Representation,yes,yes,yes,yes,yes,0,0,no SPARK,,,,
misc/Ada/Bowyer-Watson,misc,Ada,Bowyer-Watson,yes,yes,yes,yes,yes,0,3,no SPARK,,,,
misc/Ada/Branch-and-Bound,misc,Ada,Branch-and-Bound,yes,yes,yes,yes,yes,0,0,no SPARK,,,,
misc/Ada/Branch-and-Cut,misc,Ada,Branch-and-Cut,yes,yes,yes,yes,yes,0,0,no SPARK,,,,
misc/Ada/Bron-Kerbosch,misc,Ada,Bron-Kerbosch,yes,yes,yes,yes,yes,0,0,no SPARK,,,,
misc/Ada/Buchbergers-Algorithm,misc,Ada,Buchbergers-Algorithm,yes,yes,yes,yes,yes,0,0,no SPARK,,,,
misc/Ada/Buddy-Memory-Allocation,misc,Ada,Buddy-Memory-Allocation,no,yes,yes,yes,yes,2,2,no SPARK,,,misc/SPARK2/Ada-SPARK-Buddy-Memory-Allocation,
misc/Ada/Buechi-Automaton,misc,Ada,Buechi-Automaton,yes,yes,yes,yes,yes,0,0,no SPARK,,,,
misc/Ada/Bully-Algorithm,misc,Ada,Bully-Algorithm,yes,yes,yes,yes,yes,3,3,no SPARK,,,,
misc/Ada/Buzens-Algorithm,misc,Ada,Buzens-Algorithm,yes,yes,yes,yes,yes,0,0,no SPARK,,,,
misc/Ada/C4.5-Algorithm,misc,Ada,C4.5-Algorithm,yes,yes,yes,yes,yes,0,0,no SPARK,,,,
misc/Ada/CHS-Conversion,misc,Ada,CHS-Conversion,yes,yes,yes,yes,yes,1,1,no SPARK,,,,
misc/Ada/Cannons-Algorithm,misc,Ada,Cannons-Algorithm,yes,yes,yes,yes,yes,0,0,no SPARK,,,,
misc/Ada/Chaitins-Algorithm,misc,Ada,Chaitins-Algorithm,yes,yes,yes,yes,yes,0,0,no SPARK,,,,
misc/Ada/Chandra-Toueg,misc,Ada,Chandra-Toueg,yes,yes,yes,yes,yes,12,12,no SPARK,,,,
misc/Ada/Chans-Algorithm,misc,Ada,Chans-Algorithm,yes,yes,yes,yes,yes,0,0,no SPARK,,,,
misc/Ada/Chase,misc,Ada,Chase,yes,yes,no,yes,yes,0,60,no SPARK,,,,
misc/Ada/Cheneys-Algorithm,misc,Ada,Cheneys-Algorithm,no,yes,yes,yes,yes,16,16,no SPARK,,adaptive_additive.adb adaptive_additive.ads main.adb tests.adb three_dc.adb three_dc.ads,,
misc/Ada/Chews-Second-Algorithm,misc,Ada,Chews-Second-Algorithm,yes,yes,yes,yes,yes,0,0,no SPARK,,,,
misc/Ada/Chinese-Whispers,misc,Ada,Chinese-Whispers,yes,yes,yes,yes,yes,0,1,no SPARK,,,,
misc/Ada/Christofides-Algorithm,misc,Ada,Christofides-Algorithm,yes,yes,yes,yes,yes,0,0,no SPARK,,,,
misc/Ada/Code-Excited-Linear-Prediction,misc,Ada,Code-Excited-Linear-Prediction,yes,yes,no,yes,yes,0,25,no SPARK,,,,
misc/Ada/Collision-Detection,misc,Ada,Collision-Detection,yes,yes,yes,yes,yes,0,0,no SPARK,,,,
misc/Ada/Coloring-Algorithm,misc,Ada,Coloring-Algorithm,yes,yes,yes,yes,yes,0,0,no SPARK,,,,
misc/Ada/Combinatorial-Auction,misc,Ada,Combinatorial-Auction,yes,yes,yes,yes,yes,0,0,no SPARK,,,,
misc/Ada/Combinatorial-Optimization,misc,Ada,Combinatorial-Optimization,yes,yes,yes,yes,yes,0,0,no SPARK,,,,
misc/Ada/Communications-Based-Train-Control,misc,Ada,Communications-Based-Train-Control,yes,yes,yes,yes,yes,0,0,no SPARK,,,,
misc/Ada/Computation-Of-Pi,misc,Ada,Computation-Of-Pi,yes,yes,yes,yes,yes,0,0,no SPARK,,,,
misc/Ada/Computer-Vision,misc,Ada,Computer-Vision,yes,yes,yes,yes,yes,0,0,no SPARK,,,,
misc/Ada/Computus,misc,Ada,Computus,yes,yes,yes,yes,yes,0,0,no SPARK,,,,
misc/Ada/Cone-Algorithm,misc,Ada,Cone-Algorithm,yes,yes,yes,yes,yes,0,0,no SPARK,,,,
misc/Ada/Cone-Tracing,misc,Ada,Cone-Tracing,yes,yes,yes,yes,yes,0,0,no SPARK,,,,
misc/Ada/Conflict-Driven-Clause-Learning,misc,Ada,Conflict-Driven-Clause-Learning,yes,yes,yes,yes,yes,0,0,no SPARK,,,,
misc/Ada/Congruence-Of-Squares,misc,Ada,Congruence-Of-Squares,yes,yes,yes,yes,yes,0,0,no SPARK,,,,
misc/Ada/Connected-Component-Labeling,misc,Ada,Connected-Component-Labeling,yes,yes,yes,yes,yes,39,39,no SPARK,,,misc/SPARK2/Ada-SPARK-Connected-Component-Labeling,
misc/Ada/Constraint-Algorithm,misc,Ada,Constraint-Algorithm,yes,yes,yes,yes,yes,0,0,no SPARK,,,,
misc/Ada/Contour-Lines,misc,Ada,Contour-Lines,yes,yes,yes,yes,yes,0,0,no SPARK,,,,
misc/Ada/Coppersmith-Winograd,misc,Ada,Coppersmith-Winograd,yes,yes,yes,yes,yes,0,0,no SPARK,,,,
misc/Ada/Core,misc,Ada,Core,yes,yes,yes,yes,yes,0,0,no SPARK,,,,
misc/Ada/Corporate-Wars-Sim,misc,Ada,Corporate-Wars-Sim,yes,yes,yes,yes,yes,0,0,no SPARK,,,,
misc/Ada/Correlated-Equilibrium,misc,Ada,Correlated-Equilibrium,yes,yes,yes,yes,yes,0,0,no SPARK,,,,
misc/Ada/Crank-Nicolson,misc,Ada,Crank-Nicolson,yes,yes,yes,yes,yes,0,0,no SPARK,,,,
misc/Ada/Cristians-Algorithm,misc,Ada,Cristians-Algorithm,yes,yes,yes,yes,yes,3,3,no SPARK,,,,
misc/Ada/Cross-Entropy-Method,misc,Ada,Cross-Entropy-Method,yes,yes,yes,yes,yes,0,0,no SPARK,,,,
misc/Ada/Cuthill-McKee,misc,Ada,Cuthill-McKee,yes,yes,yes,yes,yes,0,7,no SPARK,,,,
misc/Ada/Cutting-Plane-Method,misc,Ada,Cutting-Plane-Method,yes,yes,yes,yes,yes,0,0,no SPARK,,,,
misc/Ada/Cyclic-Redundancy-Check,misc,Ada,Cyclic-Redundancy-Check,yes,yes,yes,yes,yes,5,5,no SPARK,,,,
misc/Ada/Cyrus-Beck,misc,Ada,Cyrus-Beck,yes,yes,yes,yes,yes,0,0,no SPARK,,,,
misc/Ada/D-Star,misc,Ada,D-Star,yes,yes,yes,yes,yes,0,0,no SPARK,,,,
misc/Ada/DDA-Line-Algorithm,misc,Ada,DDA-Line-Algorithm,yes,yes,yes,yes,yes,0,0,no SPARK,,,,
misc/Ada/DSA,misc,Ada,DSA,yes,yes,yes,yes,yes,0,0,no SPARK,,,,
misc/Ada/Damm-Algorithm,misc,Ada,Damm-Algorithm,yes,yes,yes,yes,yes,17,17,no SPARK,,,,
misc/Ada/Dancing-Links,misc,Ada,Dancing-Links,yes,yes,yes,yes,yes,0,0,no SPARK,,,,
misc/Ada/Dantzig-Wolfe-Decomposition,misc,Ada,Dantzig-Wolfe-Decomposition,yes,yes,yes,yes,yes,0,0,no SPARK,,,,
misc/Ada/Darwin-Godel-Machine,misc,Ada,Darwin-Godel-Machine,yes,yes,yes,yes,yes,0,0,no SPARK,,,,
misc/Ada/Data-Flow-Analysis,misc,Ada,Data-Flow-Analysis,yes,yes,yes,yes,yes,0,0,no SPARK,,,,
misc/Ada/De-Boor,misc,Ada,De-Boor,yes,yes,yes,yes,yes,0,0,no SPARK,,,,
misc/Ada/De-Casteljau,misc,Ada,De-Casteljau,yes,yes,yes,yes,yes,0,0,no SPARK,,,,
misc/Ada/Delayed-Column-Generation,misc,Ada,Delayed-Column-Generation,yes,yes,yes,yes,yes,0,0,no SPARK,,,,
misc/Ada/Delivery-Mission-FSM,misc,Ada,Delivery-Mission-FSM,no,no,no,no,no,NA,NA,no SPARK,,,,
misc/Ada/Delivery-Safety-Supervisor,misc,Ada,Delivery-Safety-Supervisor,no,no,no,no,no,NA,NA,no SPARK,,,,
misc/Ada/Delta-Encoding,misc,Ada,Delta-Encoding,no,yes,yes,yes,yes,21,21,no SPARK,,,misc/SPARK2/Ada-SPARK-Delta-Encoding,
misc/Ada/Demon-Method,misc,Ada,Demon-Method,yes,yes,yes,yes,yes,0,0,no SPARK,,,,
misc/Ada/Description-Logic,misc,Ada,Description-Logic,yes,yes,yes,yes,yes,16,16,no SPARK,,,,
misc/Ada/Deutsch-Josza-Algorithm,misc,Ada,Deutsch-Josza-Algorithm,yes,yes,yes,yes,yes,9,9,no SPARK,,,,
misc/Ada/Dice-Coefficient,misc,Ada,Dice-Coefficient,yes,yes,yes,yes,yes,0,0,no SPARK,,,misc/SPARK2/Ada-SPARK-Dice-Coefficient,
misc/Ada/Dictionary-Coder,misc,Ada,Dictionary-Coder,yes,yes,yes,yes,yes,12,12,no SPARK,,,,
misc/Ada/Difference-Map,misc,Ada,Difference-Map,yes,yes,yes,yes,yes,0,0,no SPARK,,,,
misc/Ada/Differential-Evolution,misc,Ada,Differential-Evolution,yes,yes,yes,yes,yes,0,0,no SPARK,,,,
misc/Ada/Diffie-Hellman-Key-Exchange,misc,Ada,Diffie-Hellman-Key-Exchange,yes,yes,yes,yes,yes,0,0,no SPARK,,,,
misc/Ada/Discrete-Event-Simulation,misc,Ada,Discrete-Event-Simulation,yes,yes,yes,yes,yes,0,0,no SPARK,,,,
misc/Ada/Discrete-Fourier-Transformation,misc,Ada,Discrete-Fourier-Transformation,yes,yes,yes,yes,yes,11,11,no SPARK,,,,
misc/Ada/Discrete-Logarithm,misc,Ada,Discrete-Logarithm,yes,yes,yes,yes,yes,0,0,no SPARK,,,,
misc/Ada/Division-Algorithms,misc,Ada,Division-Algorithms,yes,yes,yes,yes,yes,0,0,no SPARK,,,,
misc/Ada/Doomsday,misc,Ada,Doomsday,yes,yes,yes,yes,yes,0,0,no SPARK,,,,
misc/Ada/Double-Dabble,misc,Ada,Double-Dabble,yes,yes,yes,yes,yes,9,9,no SPARK,,,,
misc/Ada/Dynamic-Programming,misc,Ada,Dynamic-Programming,yes,yes,yes,yes,yes,0,0,no SPARK,,,,
misc/Ada/Dynamic-Time-Warping,misc,Ada,Dynamic-Time-Warping,yes,yes,yes,yes,yes,0,0,no SPARK,,,,
misc/Ada/EIGamal,misc,Ada,EIGamal,yes,yes,yes,yes,yes,0,0,no SPARK,,,,
misc/Ada/ESC-Algorithm,misc,Ada,ESC-Algorithm,yes,yes,yes,yes,yes,0,0,no SPARK,,,,
misc/Ada/Eclat-Algorithm,misc,Ada,Eclat-Algorithm,yes,yes,yes,yes,yes,0,0,no SPARK,,,,
misc/Ada/EdDSA,misc,Ada,EdDSA,yes,yes,yes,yes,no,0,0,no SPARK,,,,
misc/Ada/Edmonds-Algorithm,misc,Ada,Edmonds-Algorithm,yes,yes,yes,yes,yes,0,1,no SPARK,,,,
misc/Ada/Elevator-Algorithm,misc,Ada,Elevator-Algorithm,n/a,no,no,no,no,NA,NA,no SPARK,,,misc/SPARK2/Ada-SPARK-Elevator-Algorithm,
misc/Ada/Elias-Delta-Coding,misc,Ada,Elias-Delta-Coding,yes,yes,yes,yes,yes,2,2,no SPARK,,,,
misc/Ada/Elias-Gamma-Coding,misc,Ada,Elias-Gamma-Coding,yes,yes,yes,yes,yes,1,1,no SPARK,,,,
misc/Ada/Elias-Omega-Coding,misc,Ada,Elias-Omega-Coding,yes,yes,yes,yes,yes,6,6,no SPARK,,,,
misc/Ada/Ellipsoid-Method,misc,Ada,Ellipsoid-Method,yes,yes,yes,yes,yes,0,0,no SPARK,,,,
misc/Ada/Elser-Difference-Map-Algorithm,misc,Ada,Elser-Difference-Map-Algorithm,yes,yes,yes,yes,yes,9,9,no SPARK,,,,
misc/Ada/Entropy-Coding,misc,Ada,Entropy-Coding,yes,yes,yes,yes,yes,12,12,no SPARK,,,,
misc/Ada/Entropy-Coding-With-Known-Entropy-Characteristics,misc,Ada,Entropy-Coding-With-Known-Entropy-Characteristics,no,no,no,no,no,14,14,no SPARK,,,,
misc/Ada/Error-Diffusion,misc,Ada,Error-Diffusion,yes,yes,yes,yes,yes,19,19,no SPARK,,,,
misc/Ada/Espresso-Heuristic-Logic-Minimizer,misc,Ada,Espresso-Heuristic-Logic-Minimizer,yes,yes,yes,yes,yes,0,0,no SPARK,,,,
misc/Ada/Estimation-Theory,misc,Ada,Estimation-Theory,yes,yes,yes,yes,yes,0,0,no SPARK,,,,
misc/Ada/Euclidean-Distance-Transform,misc,Ada,Euclidean-Distance-Transform,yes,yes,yes,yes,yes,0,0,no SPARK,,,,
misc/Ada/Euler-Integration,misc,Ada,Euler-Integration,yes,yes,yes,yes,yes,0,0,no SPARK,,,,
misc/Ada/Evolution-Strategy,misc,Ada,Evolution-Strategy,yes,yes,yes,yes,yes,0,1,no SPARK,,,,
misc/Ada/Evolutionary-Computation,misc,Ada,Evolutionary-Computation,yes,yes,yes,yes,yes,0,0,no SPARK,,,,
misc/Ada/Exact-Cover,misc,Ada,Exact-Cover,yes,yes,yes,yes,yes,0,0,no SPARK,,,,
misc/Ada/Exponential-Backoff,misc,Ada,Exponential-Backoff,yes,yes,no,yes,no,0,67,no SPARK,,,,
misc/Ada/Exponential-Golomb-Coding,misc,Ada,Exponential-Golomb-Coding,yes,yes,yes,yes,yes,2,2,no SPARK,,,,
misc/Ada/Exponentiating-By-Squaring,misc,Ada,Exponentiating-By-Squaring,yes,yes,yes,yes,yes,0,0,no SPARK,,,,
misc/Ada/FP-Growth-Algorithm,misc,Ada,FP-Growth-Algorithm,yes,yes,yes,yes,yes,0,0,no SPARK,,,,
misc/Ada/False-Nearest-Neighbor,misc,Ada,False-Nearest-Neighbor,yes,yes,yes,yes,yes,0,0,no SPARK,,,,
misc/Ada/False-Position-Method,misc,Ada,False-Position-Method,yes,yes,yes,yes,yes,0,0,no SPARK,,,,
misc/Ada/Fast-Cosine-Transform-Algorithms,misc,Ada,Fast-Cosine-Transform-Algorithms,yes,yes,yes,yes,yes,12,12,no SPARK,,,,
misc/Ada/Fast-Folding-Algorithm,misc,Ada,Fast-Folding-Algorithm,yes,yes,yes,yes,yes,17,17,no SPARK,,,,
misc/Ada/Fast-Multipole-Method,misc,Ada,Fast-Multipole-Method,yes,yes,yes,yes,yes,0,0,no SPARK,,,,
misc/Ada/Faugere-F4,misc,Ada,Faugere-F4,yes,yes,yes,yes,yes,0,0,no SPARK,,,,
misc/Ada/Featherstone,misc,Ada,Featherstone,yes,yes,yes,yes,yes,0,0,no SPARK,,,,
misc/Ada/Feature-Detection,misc,Ada,Feature-Detection,yes,yes,yes,yes,yes,10,10,no SPARK,,,,
misc/Ada/Fermat-Factorization,misc,Ada,Fermat-Factorization,yes,yes,yes,yes,yes,0,0,no SPARK,,,,
misc/Ada/Fibonacci-Coding,misc,Ada,Fibonacci-Coding,yes,yes,yes,yes,yes,16,16,no SPARK,,,,
misc/Ada/Fictitious-Play,misc,Ada,Fictitious-Play,yes,yes,yes,yes,yes,38,38,no SPARK,,,,
misc/Ada/Filtered-Back-Projection,misc,Ada,Filtered-Back-Projection,yes,yes,yes,yes,yes,0,0,no SPARK,,,,
misc/Ada/Financial-Information-Exchange,misc,Ada,Financial-Information-Exchange,yes,yes,yes,yes,yes,0,0,no SPARK,,,,
misc/Ada/Financial-Risk-Modeling,misc,Ada,Financial-Risk-Modeling,yes,yes,yes,yes,yes,0,0,not run,,,,
misc/Ada/Finite-Difference-Method,misc,Ada,Finite-Difference-Method,yes,yes,yes,yes,yes,0,0,no SPARK,,,,
misc/Ada/First-Order-Logic,misc,Ada,First-Order-Logic,yes,yes,yes,yes,no,0,0,no SPARK,,,,
misc/Ada/Fisher-Yates-Shuffle,misc,Ada,Fisher-Yates-Shuffle,yes,yes,yes,yes,yes,0,0,no SPARK,,,misc/SPARK2/Ada-SPARK-Fisher-Yates-Shuffle,
misc/Ada/Fitness-Proportionate-Selection,misc,Ada,Fitness-Proportionate-Selection,yes,yes,yes,yes,yes,0,0,no SPARK,,,,
misc/Ada/Fletchers-Checksum,misc,Ada,Fletchers-Checksum,yes,yes,yes,yes,yes,13,13,no SPARK,,,,
misc/Ada/Flood-Fill,misc,Ada,Flood-Fill,yes,yes,yes,yes,yes,0,0,no SPARK,,,misc/SPARK2/Ada-SPARK-Flood-Fill,
misc/Ada/Flow-Networks,misc,Ada,Flow-Networks,yes,yes,yes,yes,yes,0,0,no SPARK,,,,
misc/Ada/Force-Based-Algorithms,misc,Ada,Force-Based-Algorithms,yes,yes,yes,yes,yes,0,0,no SPARK,,,,
misc/Ada/Fortunes-Algorithm,misc,Ada,Fortunes-Algorithm,yes,yes,yes,yes,yes,18,18,no SPARK,,,,
misc/Ada/Forward-Error-Correction,misc,Ada,Forward-Error-Correction,yes,yes,yes,yes,yes,0,0,no SPARK,,,,
misc/Ada/Foundations-Curriculum,misc,Ada,Foundations-Curriculum,yes,yes,yes,yes,yes,0,0,no SPARK,,,,
misc/Ada/Fowler-Noll-Vo,misc,Ada,Fowler-Noll-Vo,yes,yes,yes,yes,yes,5,5,no SPARK,,,,
misc/Ada/Frank-Wolfe-Algorithm,misc,Ada,Frank-Wolfe-Algorithm,yes,yes,yes,yes,yes,0,0,no SPARK,,,,
misc/Ada/Freivalds,misc,Ada,Freivalds,yes,yes,yes,yes,yes,0,0,no SPARK,,,,
misc/Ada/Fuzzy-C-Means,misc,Ada,Fuzzy-C-Means,yes,yes,yes,yes,yes,0,0,no SPARK,,,,
misc/Ada/GNAT-Studio-Notes,misc,Ada,GNAT-Studio-Notes,yes,yes,yes,yes,yes,0,0,not run,,,,
misc/Ada/GPU-Work-Queue,misc,Ada,GPU-Work-Queue,yes,yes,yes,yes,yes,0,0,not run,,,,
misc/Ada/GRASP,misc,Ada,GRASP,yes,yes,yes,yes,yes,0,1,no SPARK,,,,
misc/Ada/Gale-Shapley-Algorithm,misc,Ada,Gale-Shapley-Algorithm,yes,yes,yes,yes,yes,0,0,no SPARK,,,,
misc/Ada/Gauss-Jordan,misc,Ada,Gauss-Jordan,yes,yes,yes,yes,yes,0,0,no SPARK,,,,
misc/Ada/Gauss-Seidel,misc,Ada,Gauss-Seidel,yes,yes,yes,yes,yes,0,0,no SPARK,,,,
misc/Ada/Gene-Expression-Programming,misc,Ada,Gene-Expression-Programming,yes,yes,yes,yes,yes,0,0,no SPARK,,,,
misc/Ada/General-Problem-Solver,misc,Ada,General-Problem-Solver,yes,yes,yes,yes,yes,0,0,no SPARK,,,,
misc/Ada/Generational-Garbage-Collector,misc,Ada,Generational-Garbage-Collector,yes,yes,yes,yes,yes,9,9,no SPARK,,,,
misc/Ada/Genetic-Algorithms,misc,Ada,Genetic-Algorithms,yes,yes,yes,yes,yes,0,0,no SPARK,,,,
misc/Ada/Gerchberg-Saxton-Algorithm,misc,Ada,Gerchberg-Saxton-Algorithm,yes,yes,yes,yes,yes,15,15,no SPARK,,,,
misc/Ada/Gibbs-Sampling,misc,Ada,Gibbs-Sampling,yes,yes,yes,yes,yes,0,0,no SPARK,,,,
misc/Ada/Gilbert-Johnson-Keerthi,misc,Ada,Gilbert-Johnson-Keerthi,yes,yes,yes,yes,yes,0,0,no SPARK,,,,
misc/Ada/Glauber-Dynamics,misc,Ada,Glauber-Dynamics,yes,yes,yes,yes,yes,0,0,no SPARK,,,,
misc/Ada/Global-Illumination,misc,Ada,Global-Illumination,yes,yes,yes,yes,yes,0,0,no SPARK,,,,
misc/Ada/Goertzel-Algorithm,misc,Ada,Goertzel-Algorithm,yes,yes,yes,yes,yes,8,8,no SPARK,,,,
misc/Ada/Goldschmidt-Division,misc,Ada,Goldschmidt-Division,yes,yes,yes,yes,yes,0,0,no SPARK,,,,
misc/Ada/Golomb-Coding,misc,Ada,Golomb-Coding,yes,yes,yes,yes,yes,0,0,no SPARK,,,,
misc/Ada/Gospers-Algorithm,misc,Ada,Gospers-Algorithm,yes,yes,yes,yes,yes,0,0,no SPARK,,,,
misc/Ada/Gram-Schmidt,misc,Ada,Gram-Schmidt,yes,yes,yes,yes,yes,0,0,no SPARK,,,,
misc/Ada/Gray-Code,misc,Ada,Gray-Code,yes,yes,yes,yes,yes,0,0,no SPARK,,,misc/SPARK2/Ada-SPARK-Gray-Code,
misc/Ada/Ground-State,misc,Ada,Ground-State,yes,yes,yes,yes,yes,0,0,no SPARK,,,,
misc/Ada/Grovers-Algorithm,misc,Ada,Grovers-Algorithm,yes,yes,yes,yes,yes,2,2,no SPARK,,,,
misc/Ada/GrowCut,misc,Ada,GrowCut,yes,yes,yes,yes,yes,9,9,no SPARK,,,,
misc/Ada/HHL-Algorithm,misc,Ada,HHL-Algorithm,yes,yes,yes,yes,yes,3,3,no SPARK,,,,
misc/Ada/Hadamard-Test,misc,Ada,Hadamard-Test,yes,yes,yes,yes,yes,0,0,no SPARK,,,,
misc/Ada/Hadamard-Transform,misc,Ada,Hadamard-Transform,yes,yes,yes,yes,yes,0,0,no SPARK,,,,
misc/Ada/Half-Toning,misc,Ada,Half-Toning,yes,yes,yes,yes,yes,25,25,no SPARK,,,,
misc/Ada/Halleys-Method,misc,Ada,Halleys-Method,yes,yes,yes,yes,yes,0,0,no SPARK,,,,
misc/Ada/Hamiltonian-Simulation,misc,Ada,Hamiltonian-Simulation,yes,yes,yes,yes,yes,0,0,no SPARK,,,,
misc/Ada/Hamming-7-4,misc,Ada,Hamming-7-4,yes,yes,yes,yes,yes,37,37,no SPARK,,,,
misc/Ada/Hamming-Code,misc,Ada,Hamming-Code,yes,yes,yes,yes,yes,4,4,no SPARK,,,misc/SPARK2/Ada-SPARK-Hamming-Code,
misc/Ada/Hamming-Weight,misc,Ada,Hamming-Weight,yes,yes,yes,yes,yes,0,0,no SPARK,,,misc/SPARK2/Ada-SPARK-Hamming-Weight,
misc/Ada/Heaps-Algorithm,misc,Ada,Heaps-Algorithm,yes,yes,yes,yes,yes,0,0,no SPARK,,,misc/SPARK4/Ada-SPARK-Heaps-Algorithm,
misc/Ada/Hidden-Linear-Function-Problem,misc,Ada,Hidden-Linear-Function-Problem,yes,yes,yes,yes,yes,0,0,no SPARK,,,,
misc/Ada/Hidden-Shift-Problem,misc,Ada,Hidden-Shift-Problem,yes,yes,yes,yes,yes,0,0,no SPARK,,,,
misc/Ada/Hidden-Subgroup-Problem,misc,Ada,Hidden-Subgroup-Problem,yes,yes,yes,yes,yes,3,3,no SPARK,,,,
misc/Ada/Hidden-Surface-Removal,misc,Ada,Hidden-Surface-Removal,yes,yes,yes,yes,yes,0,0,no SPARK,,,,
misc/Ada/Hindley-Milner-Type-Inference-Algorithm,misc,Ada,Hindley-Milner-Type-Inference-Algorithm,yes,yes,yes,yes,yes,0,0,no SPARK,,hindley_milner.gpr,,
misc/Ada/Hindley-Milner-Type-System,misc,Ada,Hindley-Milner-Type-System,yes,yes,yes,yes,yes,0,0,no SPARK,,hindley_milner.gpr,,
misc/Ada/Hirschbergs-Algorithm,misc,Ada,Hirschbergs-Algorithm,yes,yes,yes,yes,yes,0,0,no SPARK,,,,
misc/Ada/Hopcroft-Karp-Algorithm,misc,Ada,Hopcroft-Karp-Algorithm,yes,yes,yes,yes,yes,0,0,no SPARK,,,,
misc/Ada/Hopcrofts-Algorithm,misc,Ada,Hopcrofts-Algorithm,yes,yes,yes,yes,yes,0,0,no SPARK,,,,
misc/Ada/Hopfield-Net,misc,Ada,Hopfield-Net,yes,yes,yes,yes,no,0,0,no SPARK,,,,
misc/Ada/Huangs-Algorithm,misc,Ada,Huangs-Algorithm,yes,yes,yes,yes,yes,2,2,no SPARK,,,,
misc/Ada/Hybrid-Algorithms,misc,Ada,Hybrid-Algorithms,yes,yes,yes,yes,yes,0,0,no SPARK,,,,
misc/Ada/ID3-Algorithm,misc,Ada,ID3-Algorithm,yes,yes,yes,yes,yes,0,0,no SPARK,,,,
misc/Ada/ITP-Method,misc,Ada,ITP-Method,yes,yes,yes,yes,yes,0,0,no SPARK,,,,
misc/Ada/Image-Based-Lighting,misc,Ada,Image-Based-Lighting,yes,yes,yes,yes,yes,0,0,no SPARK,,,,
misc/Ada/Incremental-Encoding,misc,Ada,Incremental-Encoding,yes,yes,yes,yes,yes,12,12,no SPARK,,,,
misc/Ada/Index-Calculus,misc,Ada,Index-Calculus,yes,yes,yes,yes,yes,0,0,no SPARK,,,,
misc/Ada/Inside-Out-Algorithm,misc,Ada,Inside-Out-Algorithm,yes,yes,yes,yes,yes,0,0,no SPARK,,,,
misc/Ada/Integer-Factorization,misc,Ada,Integer-Factorization,yes,yes,yes,yes,yes,0,0,no SPARK,,,,
misc/Ada/Integer-Linear-Programming,misc,Ada,Integer-Linear-Programming,yes,yes,yes,yes,yes,0,0,no SPARK,,,,
misc/Ada/Intersection-Algorithm,misc,Ada,Intersection-Algorithm,yes,yes,yes,yes,yes,12,12,no SPARK,,,,
misc/Ada/Inverse-Iteration,misc,Ada,Inverse-Iteration,yes,yes,yes,yes,yes,0,0,no SPARK,,,,
misc/Ada/Johnsons-Algorithm,misc,Ada,Johnsons-Algorithm,yes,yes,yes,yes,yes,0,0,no SPARK,,,,
misc/Ada/Jump-And-Walk,misc,Ada,Jump-And-Walk,yes,yes,yes,yes,yes,0,0,no SPARK,,,,
misc/Ada/K-Nearest-Neighbours,misc,Ada,K-Nearest-Neighbours,yes,yes,yes,yes,yes,0,0,no SPARK,,,,
misc/Ada/K-Way-Merge,misc,Ada,K-Way-Merge,yes,yes,yes,yes,yes,0,0,no SPARK,,,misc/SPARK4/Ada-SPARK-K-Way-Merge,
misc/Ada/Kabsch,misc,Ada,Kabsch,yes,yes,yes,yes,yes,0,0,no SPARK,,,,
misc/Ada/Kadanes-Algorithm,misc,Ada,Kadanes-Algorithm,yes,yes,yes,yes,yes,0,0,no SPARK,,,misc/SPARK2/Ada-SPARK-Kadanes-Algorithm,
misc/Ada/Kahan-Summation,misc,Ada,Kahan-Summation,yes,yes,yes,yes,yes,0,0,no SPARK,,,,
misc/Ada/Kalman-Filter,misc,Ada,Kalman-Filter,yes,yes,yes,yes,yes,0,0,no SPARK,,,,
misc/Ada/Kargers-Algorithm,misc,Ada,Kargers-Algorithm,yes,yes,yes,yes,yes,0,0,no SPARK,,,,
misc/Ada/Karmarkars-Algorithm,misc,Ada,Karmarkars-Algorithm,yes,yes,yes,yes,yes,0,0,no SPARK,,,,
misc/Ada/Karn-Algorithm,misc,Ada,Karn-Algorithm,yes,yes,no,yes,no,0,37,no SPARK,,,,
misc/Ada/Key-Derivation-Function,misc,Ada,Key-Derivation-Function,yes,yes,yes,yes,yes,0,0,no SPARK,,,,
misc/Ada/Key-Exchange,misc,Ada,Key-Exchange,yes,yes,yes,yes,yes,0,0,no SPARK,,,,
misc/Ada/Knuth-Bendix-Completion,misc,Ada,Knuth-Bendix-Completion,yes,yes,yes,yes,yes,0,0,not run,,,,
misc/Ada/Krauss-Matching-Wildcards,misc,Ada,Krauss-Matching-Wildcards,yes,yes,yes,yes,yes,0,0,no SPARK,,,,
misc/Ada/Lagged-Fibonacci-Generator,misc,Ada,Lagged-Fibonacci-Generator,yes,yes,yes,yes,yes,0,0,no SPARK,,,misc/SPARK4/Ada-SPARK-Lagged-Fibonacci-Generator,
misc/Ada/Laplacian-Smoothing,misc,Ada,Laplacian-Smoothing,yes,yes,yes,yes,yes,0,0,no SPARK,,,,
misc/Ada/Lax-Wendroff,misc,Ada,Lax-Wendroff,yes,yes,yes,yes,yes,0,0,no SPARK,,,,
misc/Ada/Lemke-Howson,misc,Ada,Lemke-Howson,yes,yes,yes,yes,yes,95,95,no SPARK,,,misc/SPARK4/Ada-SPARK-Lemke-Howson,
misc/Ada/Lempel-Ziv-Jeff-Bonwick,misc,Ada,Lempel-Ziv-Jeff-Bonwick,yes,yes,yes,yes,yes,12,12,no SPARK,,,,
misc/Ada/Lempel-Ziv-Markov-Chain-Algorithm,misc,Ada,Lempel-Ziv-Markov-Chain-Algorithm,yes,yes,yes,yes,yes,6,6,no SPARK,,,,
misc/Ada/Lempel-Ziv-Oberhurmer,misc,Ada,Lempel-Ziv-Oberhurmer,yes,yes,yes,yes,yes,23,23,no SPARK,,,,
misc/Ada/Lempel-Ziv-Ross-Williams,misc,Ada,Lempel-Ziv-Ross-Williams,yes,yes,yes,yes,yes,15,15,no SPARK,,,,
misc/Ada/Lempel-Ziv-Stac,misc,Ada,Lempel-Ziv-Stac,yes,yes,yes,yes,yes,9,9,no SPARK,,,,
misc/Ada/Lempel-Ziv-Storer-Szymanski,misc,Ada,Lempel-Ziv-Storer-Szymanski,yes,yes,yes,yes,yes,9,9,no SPARK,,,,
misc/Ada/Lempel-Ziv-Welch,misc,Ada,Lempel-Ziv-Welch,yes,yes,yes,yes,yes,7,7,no SPARK,,,,
misc/Ada/Lenstra-Lenstra-Lovasz,misc,Ada,Lenstra-Lenstra-Lovasz,yes,yes,yes,yes,yes,0,0,no SPARK,,,,
misc/Ada/Lesk,misc,Ada,Lesk,yes,yes,yes,yes,yes,0,0,no SPARK,,,,
misc/Ada/Level-Set-Method,misc,Ada,Level-Set-Method,yes,yes,yes,yes,yes,4,4,no SPARK,,,,
misc/Ada/Levinson-Recursion,misc,Ada,Levinson-Recursion,yes,yes,yes,yes,yes,0,0,no SPARK,,,,
misc/Ada/Lexical-Analysis,misc,Ada,Lexical-Analysis,yes,yes,yes,yes,yes,0,0,no SPARK,,,,
misc/Ada/Linde-Buzo-Gray,misc,Ada,Linde-Buzo-Gray,yes,yes,yes,yes,yes,0,0,no SPARK,,,,
misc/Ada/Linde-Buzo-Gray-Algorithm,misc,Ada,Linde-Buzo-Gray-Algorithm,yes,yes,yes,yes,yes,0,0,no SPARK,,,,
misc/Ada/Line-Drawing,misc,Ada,Line-Drawing,yes,yes,yes,yes,yes,0,0,no SPARK,,,,
misc/Ada/Linear-Feedback-Shift-Register,misc,Ada,Linear-Feedback-Shift-Register,yes,yes,yes,yes,no,0,0,no SPARK,,,,
misc/Ada/Linear-Multistep-Methods,misc,Ada,Linear-Multistep-Methods,yes,yes,yes,yes,yes,0,0,no SPARK,,,,
misc/Ada/Linear-Predictive-Coding,misc,Ada,Linear-Predictive-Coding,yes,yes,yes,yes,yes,26,26,no SPARK,,,,
misc/Ada/Linear-Programming,misc,Ada,Linear-Programming,yes,yes,yes,yes,yes,0,0,no SPARK,,,,
misc/Ada/List-Scheduling,misc,Ada,List-Scheduling,n/a,no,no,no,no,NA,NA,no SPARK,,,,
misc/Ada/Locomotion-Mode-Interlock,misc,Ada,Locomotion-Mode-Interlock,no,no,no,no,no,NA,NA,no SPARK,,,,
misc/Ada/Long-Division,misc,Ada,Long-Division,yes,yes,yes,yes,yes,0,0,no SPARK,,,,
misc/Ada/Longest-Increasing-Subsequence,misc,Ada,Longest-Increasing-Subsequence,yes,yes,yes,yes,yes,0,0,no SPARK,,,misc/SPARK2/Ada-SPARK-Longest-Increasing-Subsequence,
misc/Ada/Longest-Path-Problem,misc,Ada,Longest-Path-Problem,yes,yes,yes,yes,yes,0,0,no SPARK,,,,
misc/Ada/Longitudinal-Redundacy-Check,misc,Ada,Longitudinal-Redundacy-Check,yes,yes,yes,yes,yes,8,8,no SPARK,,,,
misc/Ada/Luhn-Algorithm,misc,Ada,Luhn-Algorithm,yes,yes,yes,yes,yes,5,5,no SPARK,,,,
misc/Ada/Luhn-Mod-N-Algorithm,misc,Ada,Luhn-Mod-N-Algorithm,yes,yes,yes,yes,yes,12,12,no SPARK,,,,
misc/Ada/Luleas-Algorithm,misc,Ada,Luleas-Algorithm,no,no,no,no,no,5,5,no SPARK,,,,
misc/Ada/Maekawas-Algorithm,misc,Ada,Maekawas-Algorithm,no,yes,yes,no,no,5,5,no SPARK,,,,
misc/Ada/Manning-Criteria,misc,Ada,Manning-Criteria,yes,yes,yes,yes,yes,0,0,no SPARK,,,,
misc/Ada/Marching-Squares,misc,Ada,Marching-Squares,yes,yes,yes,yes,yes,0,0,no SPARK,,,,
misc/Ada/Marching-Tetrahedrons,misc,Ada,Marching-Tetrahedrons,yes,yes,yes,yes,yes,0,0,no SPARK,,,,
misc/Ada/Marching-Triangles,misc,Ada,Marching-Triangles,yes,yes,yes,yes,yes,0,0,no SPARK,,,,
misc/Ada/Mark-Compact-Algorithm,misc,Ada,Mark-Compact-Algorithm,no,yes,yes,yes,yes,11,12,no SPARK,,,,
misc/Ada/Mark-and-Sweep,misc,Ada,Mark-and-Sweep,no,yes,yes,yes,yes,15,15,no SPARK,,,misc/SPARK2/Ada-SPARK-Mark-And-Sweep,
misc/Ada/Marr-Hildreth-Algorithm,misc,Ada,Marr-Hildreth-Algorithm,yes,yes,yes,yes,yes,59,59,no SPARK,,,,
misc/Ada/Marzullos-Algorithm,misc,Ada,Marzullos-Algorithm,yes,yes,yes,yes,yes,24,24,no SPARK,,,,
misc/Ada/Match-Rating-Approach,misc,Ada,Match-Rating-Approach,yes,yes,yes,yes,yes,0,0,no SPARK,,,,
misc/Ada/Matching-Wildcards,misc,Ada,Matching-Wildcards,yes,yes,yes,yes,yes,0,0,no SPARK,,,,
misc/Ada/Maximum-Parsimony,misc,Ada,Maximum-Parsimony,yes,yes,yes,yes,yes,0,0,no SPARK,,,,
misc/Ada/Mechanistic-Interpretability,misc,Ada,Mechanistic-Interpretability,yes,yes,yes,yes,yes,0,0,no SPARK,,,,
misc/Ada/Median-Filtering,misc,Ada,Median-Filtering,yes,yes,yes,yes,yes,51,51,no SPARK,,,misc/SPARK2/Ada-SPARK-Median-Filtering,
misc/Ada/Memetic-Algorithm,misc,Ada,Memetic-Algorithm,yes,yes,yes,yes,yes,0,0,no SPARK,,,,
misc/Ada/Memory-Channel-Model,misc,Ada,Memory-Channel-Model,yes,yes,yes,yes,yes,0,0,not run,,,,
misc/Ada/Message-Authentication-Codes,misc,Ada,Message-Authentication-Codes,yes,yes,yes,yes,yes,0,0,no SPARK,,,,
misc/Ada/Midpoint-Circle-Algorithm,misc,Ada,Midpoint-Circle-Algorithm,yes,yes,yes,yes,yes,0,0,no SPARK,,,,
misc/Ada/Min-Conflicts,misc,Ada,Min-Conflicts,yes,yes,yes,yes,yes,0,1,no SPARK,,,,
misc/Ada/Minimax,misc,Ada,Minimax,yes,yes,yes,yes,yes,0,0,no SPARK,,,,
misc/Ada/Minimum-Bounding-Box,misc,Ada,Minimum-Bounding-Box,yes,yes,yes,yes,yes,0,0,no SPARK,,,,
misc/Ada/Minimum-Degree,misc,Ada,Minimum-Degree,yes,yes,yes,yes,yes,0,5,no SPARK,,,,
misc/Ada/Mirror-Descent,misc,Ada,Mirror-Descent,yes,yes,yes,yes,yes,0,0,no SPARK,,,,
misc/Ada/Modular-Square-Root,misc,Ada,Modular-Square-Root,yes,yes,yes,yes,yes,0,0,no SPARK,,,,
misc/Ada/Montgomery-Reduction,misc,Ada,Montgomery-Reduction,yes,yes,yes,yes,yes,0,0,no SPARK,,,,
misc/Ada/Moores-Algorithm,misc,Ada,Moores-Algorithm,yes,yes,yes,yes,no,0,0,no SPARK,,,,
misc/Ada/Mu-Law-Algorithm,misc,Ada,Mu-Law-Algorithm,yes,yes,yes,yes,yes,0,0,no SPARK,,,,
misc/Ada/Mullers-Method,misc,Ada,Mullers-Method,yes,yes,yes,yes,yes,0,0,no SPARK,,,,
misc/Ada/Multigrid-Methods,misc,Ada,Multigrid-Methods,yes,yes,yes,yes,yes,0,0,no SPARK,,,,
misc/Ada/Multiplication-Algorithms,misc,Ada,Multiplication-Algorithms,yes,yes,yes,yes,yes,0,0,no SPARK,,,,
misc/Ada/Multiplicative-Inverse-Algorithms,misc,Ada,Multiplicative-Inverse-Algorithms,yes,yes,yes,yes,yes,0,0,no SPARK,,,,
misc/Ada/Multiplicative-Weight-Update-Method,misc,Ada,Multiplicative-Weight-Update-Method,yes,yes,yes,yes,yes,0,0,no SPARK,,,,
misc/Ada/Multivariate-Division-Algorithm,misc,Ada,Multivariate-Division-Algorithm,yes,yes,yes,yes,yes,0,0,no SPARK,,,,
misc/Ada/N-Body-Problems,misc,Ada,N-Body-Problems,yes,yes,yes,yes,yes,0,0,no SPARK,,,,
misc/Ada/NEF-Adaptive-OSC,misc,Ada,NEF-Adaptive-OSC,no,yes,yes,yes,yes,0,0,no SPARK,,,,
misc/Ada/NEF-Neurorobotics-Core,misc,Ada,NEF-Neurorobotics-Core,no,yes,yes,yes,yes,0,0,no SPARK,,,,
misc/Ada/Nagles-Algorithm,misc,Ada,Nagles-Algorithm,no,yes,no,no,no,0,14,no SPARK,,,,
misc/Ada/Naimi-Trehel,misc,Ada,Naimi-Trehel,yes,yes,no,yes,no,0,1,no SPARK,,,,
misc/Ada/Nearest-Neighbor-Algorithm,misc,Ada,Nearest-Neighbor-Algorithm,yes,yes,yes,yes,yes,0,0,no SPARK,,,,
misc/Ada/Nelder-Mead,misc,Ada,Nelder-Mead,yes,yes,yes,yes,yes,0,0,no SPARK,,,,
misc/Ada/Nested-Loop-Join,misc,Ada,Nested-Loop-Join,yes,no,no,yes,no,5,5,no SPARK,,,,
misc/Ada/Nested-Sampling,misc,Ada,Nested-Sampling,yes,yes,yes,yes,yes,0,1,no SPARK,,,,
misc/Ada/Nesting-Algorithm,misc,Ada,Nesting-Algorithm,yes,yes,yes,yes,yes,0,0,no SPARK,,,,
misc/Ada/Newton-Multiplicative-Inverse,misc,Ada,Newton-Multiplicative-Inverse,yes,yes,yes,yes,yes,0,0,no SPARK,,,,
misc/Ada/Newtons-Method,misc,Ada,Newtons-Method,yes,yes,yes,yes,yes,0,0,no SPARK,,,,
misc/Ada/Newtons-Method-in-Optimization,misc,Ada,Newtons-Method-in-Optimization,yes,yes,yes,yes,yes,0,0,no SPARK,,,,
misc/Ada/Nicholl-Lee-Nicholl,misc,Ada,Nicholl-Lee-Nicholl,yes,yes,yes,yes,yes,0,0,no SPARK,,,,
misc/Ada/Non-Local-Quantum-Computation,misc,Ada,Non-Local-Quantum-Computation,yes,yes,yes,yes,yes,1,1,no SPARK,,,,
misc/Ada/Non-Restoring-Division,misc,Ada,Non-Restoring-Division,yes,yes,yes,yes,yes,0,0,no SPARK,,,,
misc/Ada/Nonblocking-Minimal-Spanning-Switch,misc,Ada,Nonblocking-Minimal-Spanning-Switch,yes,yes,yes,yes,yes,0,0,no SPARK,,,,
misc/Ada/Nonlinear-Optimization,misc,Ada,Nonlinear-Optimization,yes,yes,yes,yes,yes,0,0,no SPARK,,,,
misc/Ada/Nth-Root,misc,Ada,Nth-Root,yes,yes,yes,yes,yes,0,0,no SPARK,,,,
misc/Ada/Nucleolus,misc,Ada,Nucleolus,yes,yes,yes,yes,yes,0,0,no SPARK,,,,
misc/Ada/Odds-Algorithm,misc,Ada,Odds-Algorithm,yes,yes,yes,yes,yes,0,0,no SPARK,,,,
misc/Ada/Odlyzko-Schonhage,misc,Ada,Odlyzko-Schonhage,yes,yes,yes,yes,yes,0,0,no SPARK,,,,
misc/Ada/One-Attribute-Rule,misc,Ada,One-Attribute-Rule,yes,yes,yes,yes,yes,0,0,no SPARK,,,,
misc/Ada/Operations-Research,misc,Ada,Operations-Research,yes,yes,yes,yes,yes,0,0,no SPARK,,,,
misc/Ada/Orbital-Mechanics,misc,Ada,Orbital-Mechanics,yes,yes,yes,yes,yes,0,0,not run,,,,
misc/Ada/Ordered-Subset-EM,misc,Ada,Ordered-Subset-EM,yes,yes,yes,yes,yes,0,0,no SPARK,,,,
misc/Ada/PBKDF2,misc,Ada,PBKDF2,yes,yes,yes,yes,yes,0,0,no SPARK,,,,
misc/Ada/PCIe-Transfer-Model,misc,Ada,PCIe-Transfer-Model,yes,yes,yes,yes,yes,0,0,not run,,,,
misc/Ada/Package-Merge-Algorithm,misc,Ada,Package-Merge-Algorithm,yes,yes,yes,yes,yes,30,30,no SPARK,,,misc/SPARK4/Ada-SPARK-Package-Merge-Algorithm,
misc/Ada/Painters-Algorithm,misc,Ada,Painters-Algorithm,yes,yes,yes,yes,yes,3,3,no SPARK,,,,
misc/Ada/Parity-Bit,misc,Ada,Parity-Bit,yes,yes,yes,yes,yes,8,8,no SPARK,,,,
misc/Ada/Partial-Differential-Equation,misc,Ada,Partial-Differential-Equation,yes,yes,yes,yes,yes,0,0,no SPARK,,,,
misc/Ada/Particle-Swarm,misc,Ada,Particle-Swarm,yes,yes,yes,yes,yes,0,1,no SPARK,,,,
misc/Ada/Path-Based-Strong-Component,misc,Ada,Path-Based-Strong-Component,yes,yes,yes,yes,yes,0,0,no SPARK,,,,
misc/Ada/Path-Tracing,misc,Ada,Path-Tracing,yes,yes,yes,yes,yes,0,0,no SPARK,,,,
misc/Ada/Petricks-Method,misc,Ada,Petricks-Method,yes,yes,yes,yes,yes,0,0,no SPARK,,,,
misc/Ada/Phonetic-Algorithms,misc,Ada,Phonetic-Algorithms,yes,yes,yes,yes,yes,0,0,no SPARK,,,,
misc/Ada/Photon-Mapping,misc,Ada,Photon-Mapping,no,no,yes,no,yes,0,0,not run,,,,
misc/Ada/Planning-Domain-Definition-Language,misc,Ada,Planning-Domain-Definition-Language,yes,yes,yes,yes,yes,0,0,no SPARK,,,,
misc/Ada/Pohlig-Hellman,misc,Ada,Pohlig-Hellman,yes,yes,yes,yes,yes,0,0,no SPARK,,,,
misc/Ada/Point-Set-Registration,misc,Ada,Point-Set-Registration,yes,yes,yes,yes,yes,0,0,no SPARK,,,,
misc/Ada/Poly1305,misc,Ada,Poly1305,yes,yes,yes,yes,yes,0,0,no SPARK,,,,
misc/Ada/Polynomial-Long-Division,misc,Ada,Polynomial-Long-Division,yes,yes,yes,yes,yes,0,0,no SPARK,,,,
misc/Ada/Power-Iteration,misc,Ada,Power-Iteration,yes,yes,yes,yes,yes,0,0,no SPARK,,,,
misc/Ada/Powerset-Construction,misc,Ada,Powerset-Construction,yes,yes,yes,yes,yes,0,0,no SPARK,,,,
misc/Ada/Prediction-By-Partial-Matching,misc,Ada,Prediction-By-Partial-Matching,no,no,no,no,no,11,11,no SPARK,,,,
misc/Ada/Program-Synthesis,misc,Ada,Program-Synthesis,yes,yes,yes,yes,yes,0,0,no SPARK,,,,
misc/Ada/Progressive-Jackpot,misc,Ada,Progressive-Jackpot,yes,yes,yes,yes,yes,0,0,no SPARK,,,,
misc/Ada/Proof-Of-Work-Algorithms,misc,Ada,Proof-Of-Work-Algorithms,yes,yes,yes,yes,yes,4,4,no SPARK,,,,
misc/Ada/Prufer-Coding,misc,Ada,Prufer-Coding,yes,yes,yes,yes,yes,0,0,no SPARK,,,,
misc/Ada/Pseudorandom-Number-Generator,misc,Ada,Pseudorandom-Number-Generator,yes,yes,yes,yes,yes,0,0,no SPARK,,,,
misc/Ada/Pulmonary-Embolism-Algorithms,misc,Ada,Pulmonary-Embolism-Algorithms,yes,yes,yes,yes,yes,0,0,no SPARK,,,,
misc/Ada/Push-Relabel-Algorithm,misc,Ada,Push-Relabel-Algorithm,yes,yes,yes,yes,yes,16,16,no SPARK,,,,
misc/Ada/QR-Algorithm,misc,Ada,QR-Algorithm,yes,yes,yes,yes,yes,0,0,no SPARK,,,,
misc/Ada/Quantum-Annealing,misc,Ada,Quantum-Annealing,yes,yes,yes,yes,no,0,0,no SPARK,,,,
misc/Ada/Quantum-Artificial-Life,misc,Ada,Quantum-Artificial-Life,no,no,yes,no,yes,0,0,no SPARK,,,,
misc/Ada/Quantum-Counting-Algorithm,misc,Ada,Quantum-Counting-Algorithm,yes,yes,yes,yes,yes,0,0,no SPARK,,,,
misc/Ada/Quantum-Fourier-Transform,misc,Ada,Quantum-Fourier-Transform,yes,yes,yes,yes,yes,0,0,no SPARK,,,,
misc/Ada/Quantum-Optimization-Algorithms,misc,Ada,Quantum-Optimization-Algorithms,yes,yes,yes,yes,yes,0,0,no SPARK,,,,
misc/Ada/Quantum-Phase-Estimation-Algorithm,misc,Ada,Quantum-Phase-Estimation-Algorithm,yes,yes,yes,yes,yes,0,0,no SPARK,,,,
misc/Ada/Queuing-Theory,misc,Ada,Queuing-Theory,yes,yes,yes,yes,yes,0,0,no SPARK,,,,
misc/Ada/Quine-McCluskey-Algorithm,misc,Ada,Quine-McCluskey-Algorithm,yes,yes,yes,yes,yes,25,25,no SPARK,,,,
misc/Ada/RANSAC,misc,Ada,RANSAC,yes,yes,yes,yes,yes,0,1,no SPARK,,,,
misc/Ada/RIPEMD-160,misc,Ada,RIPEMD-160,yes,yes,yes,yes,yes,0,0,no SPARK,,,,
misc/Ada/Radial-Basis-Function-Network,misc,Ada,Radial-Basis-Function-Network,yes,yes,yes,yes,yes,0,0,no SPARK,,,,
misc/Ada/Rainflow-Counting,misc,Ada,Rainflow-Counting,yes,yes,yes,yes,yes,0,0,no SPARK,,,,
misc/Ada/Random-Restart-Hill-Climbing,misc,Ada,Random-Restart-Hill-Climbing,yes,yes,yes,yes,yes,0,0,no SPARK,,,,
misc/Ada/Random-Walker,misc,Ada,Random-Walker,yes,yes,yes,yes,yes,54,54,no SPARK,,,,
misc/Ada/Range-Encoding,misc,Ada,Range-Encoding,yes,yes,yes,yes,yes,8,8,no SPARK,,,,
misc/Ada/Rayleigh-Quotient-Iteration,misc,Ada,Rayleigh-Quotient-Iteration,yes,yes,yes,yes,yes,0,0,no SPARK,,,,
misc/Ada/Rayleigh-Ritz-Method,misc,Ada,Rayleigh-Ritz-Method,yes,yes,yes,yes,yes,0,0,no SPARK,,,,
misc/Ada/Raymonds-Algorithm,misc,Ada,Raymonds-Algorithm,yes,yes,yes,yes,yes,1,1,no SPARK,,,,
misc/Ada/Recovery-Exploiting-Semantics,misc,Ada,Recovery-Exploiting-Semantics,yes,yes,yes,yes,yes,6,6,no SPARK,,,,
misc/Ada/Redundancy-Checks,misc,Ada,Redundancy-Checks,yes,yes,yes,yes,yes,10,10,no SPARK,,,,
misc/Ada/Reed-Solomon-Error-Correction,misc,Ada,Reed-Solomon-Error-Correction,yes,yes,yes,yes,yes,0,0,no SPARK,,,,
misc/Ada/Reference-Counting,misc,Ada,Reference-Counting,yes,yes,no,yes,no,0,45,no SPARK,,adaptive_additive.adb adaptive_additive.ads main.adb,misc/SPARK2/Ada-SPARK-Reference-Counting,
misc/Ada/Region-Growing,misc,Ada,Region-Growing,yes,yes,yes,yes,yes,34,34,no SPARK,,,,
misc/Ada/Regret-Minimization,misc,Ada,Regret-Minimization,yes,yes,yes,yes,yes,33,33,no SPARK,,,,
misc/Ada/Relevance-Vector-Machine,misc,Ada,Relevance-Vector-Machine,yes,yes,yes,yes,no,0,0,no SPARK,,,,
misc/Ada/Replicator-Equation,misc,Ada,Replicator-Equation,yes,yes,yes,yes,yes,52,52,no SPARK,,,,
misc/Ada/Restoring-Division,misc,Ada,Restoring-Division,yes,yes,yes,yes,yes,0,0,no SPARK,,,,
misc/Ada/Rete-Algorithm,misc,Ada,Rete-Algorithm,yes,yes,yes,yes,yes,0,0,no SPARK,,,,
misc/Ada/Reverse-Delete-Algorithm,misc,Ada,Reverse-Delete-Algorithm,yes,yes,yes,yes,yes,0,0,no SPARK,,,,
misc/Ada/Ricart-Agrawala-Algorithm,misc,Ada,Ricart-Agrawala-Algorithm,yes,yes,yes,yes,yes,8,8,no SPARK,,,,
misc/Ada/Rice-Coding,misc,Ada,Rice-Coding,yes,yes,yes,yes,yes,1,1,no SPARK,,,,
misc/Ada/Richardson-Lucy-Deconvolution,misc,Ada,Richardson-Lucy-Deconvolution,yes,no,no,yes,no,0,0,no SPARK,,,,
misc/Ada/Ridders-Method,misc,Ada,Ridders-Method,yes,yes,yes,yes,yes,0,0,no SPARK,,,,
misc/Ada/Risch-Algorithm,misc,Ada,Risch-Algorithm,yes,yes,yes,yes,yes,5,5,no SPARK,,,,
misc/Ada/Rotating-Calipers,misc,Ada,Rotating-Calipers,yes,yes,yes,yes,yes,0,0,no SPARK,,,,
misc/Ada/Rounding-Functions,misc,Ada,Rounding-Functions,yes,yes,yes,yes,yes,0,0,no SPARK,,,,
misc/Ada/Rupperts-Algorithm,misc,Ada,Rupperts-Algorithm,yes,yes,yes,yes,yes,0,0,no SPARK,,,,
misc/Ada/Ruzzo-Tompa,misc,Ada,Ruzzo-Tompa,yes,yes,yes,yes,yes,0,0,no SPARK,,,,
misc/Ada/SEQUITUR-Algorithm,misc,Ada,SEQUITUR-Algorithm,yes,yes,yes,yes,yes,4,4,no SPARK,,,,
misc/Ada/SRT-Division,misc,Ada,SRT-Division,yes,yes,yes,yes,yes,0,0,no SPARK,,,,
misc/Ada/SSS-Star,misc,Ada,SSS-Star,yes,yes,yes,yes,yes,0,0,no SPARK,,,,
misc/Ada/SUBCLU,misc,Ada,SUBCLU,yes,yes,yes,yes,yes,0,0,no SPARK,,,,
misc/Ada/Salsa20,misc,Ada,Salsa20,yes,yes,yes,yes,yes,0,0,no SPARK,,,,
misc/Ada/Scale-Invariant-Feature-Transform,misc,Ada,Scale-Invariant-Feature-Transform,yes,yes,yes,yes,yes,5,5,no SPARK,,,,
misc/Ada/Scanline-Rendering,misc,Ada,Scanline-Rendering,yes,yes,yes,yes,yes,0,0,no SPARK,,,,
misc/Ada/Schensted,misc,Ada,Schensted,yes,yes,yes,yes,yes,0,0,no SPARK,,,,
misc/Ada/Schreier-Sims,misc,Ada,Schreier-Sims,yes,yes,yes,yes,yes,0,0,no SPARK,,,,
misc/Ada/Scoring-Algorithm,misc,Ada,Scoring-Algorithm,yes,yes,yes,yes,yes,0,0,no SPARK,,,,
misc/Ada/Seam-Carving,misc,Ada,Seam-Carving,yes,yes,yes,yes,yes,19,19,no SPARK,,,,
misc/Ada/Secret-Sharing,misc,Ada,Secret-Sharing,yes,yes,yes,yes,yes,0,0,no SPARK,,,,
misc/Ada/Selection-Algorithm,misc,Ada,Selection-Algorithm,yes,yes,yes,yes,yes,0,0,no SPARK,,,misc/SPARK4/Ada-SPARK-Selection-Algorithm,
misc/Ada/Self-Organizing-Map,misc,Ada,Self-Organizing-Map,yes,yes,yes,yes,yes,0,0,no SPARK,,,,
misc/Ada/Semi-Space-Collectors,misc,Ada,Semi-Space-Collectors,yes,yes,yes,yes,yes,11,11,no SPARK,,,,
misc/Ada/Sethi-Ullman-Algorithm,misc,Ada,Sethi-Ullman-Algorithm,yes,no,no,yes,no,0,0,no SPARK,,,,
misc/Ada/Shannon-Fano-Coding,misc,Ada,Shannon-Fano-Coding,yes,yes,yes,yes,yes,11,11,no SPARK,,,,
misc/Ada/Shannon-Fano-Elias-Coding,misc,Ada,Shannon-Fano-Elias-Coding,yes,yes,yes,yes,yes,4,4,no SPARK,,,,
misc/Ada/Shapley-Value,misc,Ada,Shapley-Value,yes,yes,yes,yes,yes,0,0,no SPARK,,,,
misc/Ada/Shoelace-Algorithm,misc,Ada,Shoelace-Algorithm,yes,yes,yes,yes,yes,0,0,no SPARK,,,,
misc/Ada/Shors-Algorithm,misc,Ada,Shors-Algorithm,yes,yes,yes,yes,yes,0,0,no SPARK,,,,
misc/Ada/Shortest-Common-Supersequence-Problem,misc,Ada,Shortest-Common-Supersequence-Problem,yes,yes,yes,yes,yes,2,2,no SPARK,,,,
misc/Ada/Simons-Problem,misc,Ada,Simons-Problem,yes,yes,yes,yes,yes,0,0,no SPARK,,,,
misc/Ada/Simulated-Annealing,misc,Ada,Simulated-Annealing,yes,yes,yes,yes,yes,0,0,no SPARK,,,,
misc/Ada/Sinkhorn-Knopp-Algorithm,misc,Ada,Sinkhorn-Knopp-Algorithm,yes,yes,yes,yes,yes,0,0,no SPARK,,,,
misc/Ada/Slot-Machine,misc,Ada,Slot-Machine,yes,yes,yes,yes,no,6,6,no SPARK,,,,
misc/Ada/Spectral-Layout,misc,Ada,Spectral-Layout,yes,yes,yes,yes,yes,23,23,no SPARK,,,,
misc/Ada/Speeded-Up-Robust-Features,misc,Ada,Speeded-Up-Robust-Features,yes,yes,yes,yes,yes,5,5,no SPARK,,,,
misc/Ada/Spigot-Algorithm,misc,Ada,Spigot-Algorithm,yes,yes,yes,yes,yes,0,0,no SPARK,,,,
misc/Ada/Square-Root-Algorithms,misc,Ada,Square-Root-Algorithms,yes,yes,yes,yes,yes,0,0,no SPARK,,,,
misc/Ada/State-Action-Reward-State-Action,misc,Ada,State-Action-Reward-State-Action,yes,yes,yes,yes,yes,0,0,no SPARK,,,,
misc/Ada/Steinhaus-Johnson-Trotter,misc,Ada,Steinhaus-Johnson-Trotter,yes,yes,yes,yes,yes,0,0,no SPARK,,,,
misc/Ada/Stochastic-Tunneling,misc,Ada,Stochastic-Tunneling,yes,yes,yes,yes,yes,0,0,no SPARK,,,,
misc/Ada/Stones-Method,misc,Ada,Stones-Method,yes,yes,yes,yes,yes,0,0,no SPARK,,,,
misc/Ada/Strongly-Connected-Components,misc,Ada,Strongly-Connected-Components,yes,yes,yes,yes,yes,0,0,no SPARK,,,,
misc/Ada/Structured-SVM,misc,Ada,Structured-SVM,yes,yes,yes,yes,yes,0,0,no SPARK,,,,
misc/Ada/Subset-Sum-Algorithm,misc,Ada,Subset-Sum-Algorithm,yes,yes,yes,yes,yes,15,15,no SPARK,,,,
misc/Ada/Successive-Over-Relaxation,misc,Ada,Successive-Over-Relaxation,yes,yes,yes,yes,yes,0,0,no SPARK,,,,
misc/Ada/Sukhotin,misc,Ada,Sukhotin,yes,yes,yes,yes,yes,0,0,no SPARK,,,,
misc/Ada/Summed-Area-Table,misc,Ada,Summed-Area-Table,yes,yes,yes,yes,yes,14,14,no SPARK,,,,
misc/Ada/Supervised-Learning,misc,Ada,Supervised-Learning,yes,yes,yes,yes,yes,0,0,no SPARK,,,,
misc/Ada/Swap-Test,misc,Ada,Swap-Test,yes,yes,yes,yes,yes,0,0,no SPARK,,,,
misc/Ada/Swarm-Intelligence,misc,Ada,Swarm-Intelligence,yes,yes,yes,yes,yes,0,0,no SPARK,,,,
misc/Ada/Sweep-And-Prune,misc,Ada,Sweep-And-Prune,yes,yes,yes,yes,yes,0,0,no SPARK,,,,
misc/Ada/System-of-Linear-Equations,misc,Ada,System-of-Linear-Equations,yes,yes,yes,yes,yes,0,0,no SPARK,,,,
misc/Ada/Tarski-Kuratowski-Algorithm,misc,Ada,Tarski-Kuratowski-Algorithm,yes,yes,yes,yes,yes,15,15,no SPARK,,,,
misc/Ada/Temporal-Difference-Learning,misc,Ada,Temporal-Difference-Learning,yes,yes,yes,yes,yes,0,0,no SPARK,,,,
misc/Ada/Term-Rewriting,misc,Ada,Term-Rewriting,yes,yes,yes,yes,yes,2,1,no SPARK,,,,
misc/Ada/Texas-Medication-Algorithm-Project,misc,Ada,Texas-Medication-Algorithm-Project,yes,yes,yes,yes,yes,1,1,no SPARK,,,,
misc/Ada/Thomas-Algorithm,misc,Ada,Thomas-Algorithm,yes,yes,yes,yes,yes,0,0,no SPARK,,,,
misc/Ada/Todd-Coxeter,misc,Ada,Todd-Coxeter,yes,yes,yes,yes,yes,0,0,no SPARK,,,,
misc/Ada/Tomasulo-Algorithm,misc,Ada,Tomasulo-Algorithm,yes,yes,no,yes,no,0,17,no SPARK,,,,
misc/Ada/Toom-Cook,misc,Ada,Toom-Cook,yes,yes,yes,yes,yes,0,0,no SPARK,,,,
misc/Ada/Top-Nodes-Algorithm,misc,Ada,Top-Nodes-Algorithm,yes,yes,yes,yes,yes,2,2,no SPARK,,,misc/SPARK2/Ada-SPARK-Top-Nodes-Algorithm,
misc/Ada/Top-Trading-Cycle,misc,Ada,Top-Trading-Cycle,yes,yes,yes,yes,yes,0,0,no SPARK,,,,
misc/Ada/Traffic-Light-Controller,misc,Ada,Traffic-Light-Controller,yes,yes,yes,yes,yes,0,0,no SPARK,,,,
misc/Ada/Traffic-Simulation,misc,Ada,Traffic-Simulation,yes,yes,yes,yes,yes,0,0,not run,,,,
misc/Ada/Transform-Coding,misc,Ada,Transform-Coding,yes,yes,yes,yes,yes,17,17,no SPARK,,,,
misc/Ada/Transitive-Closure,misc,Ada,Transitive-Closure,yes,yes,yes,yes,yes,0,0,no SPARK,,,,
misc/Ada/Trapezoidal-Rule-DE,misc,Ada,Trapezoidal-Rule-DE,yes,yes,yes,yes,yes,0,0,no SPARK,,,,
misc/Ada/Travelling-Salesman-Problem,misc,Ada,Travelling-Salesman-Problem,yes,yes,yes,yes,yes,0,0,no SPARK,,,,
misc/Ada/Trial-Division,misc,Ada,Trial-Division,yes,yes,yes,yes,yes,0,0,no SPARK,,,,
misc/Ada/Truncated-Binary-Encoding,misc,Ada,Truncated-Binary-Encoding,yes,yes,yes,yes,yes,6,6,no SPARK,,,,
misc/Ada/Truncated-Binary-Exponential-Backoff,misc,Ada,Truncated-Binary-Exponential-Backoff,yes,yes,no,yes,no,0,61,no SPARK,,,,
misc/Ada/Truncation-Selection,misc,Ada,Truncation-Selection,yes,yes,yes,yes,yes,0,0,no SPARK,,,,
misc/Ada/TrustRank,misc,Ada,TrustRank,yes,yes,yes,yes,yes,0,0,no SPARK,,,,
misc/Ada/TurboQuant,misc,Ada,TurboQuant,yes,yes,no,yes,no,0,61,no SPARK,,,,
misc/Ada/Ukkonens-Algorithm,misc,Ada,Ukkonens-Algorithm,yes,yes,yes,yes,yes,7,7,no SPARK,,,,
misc/Ada/Unary-Coding,misc,Ada,Unary-Coding,yes,yes,yes,yes,yes,7,7,no SPARK,,,,
misc/Ada/Unicode-Collation-Algorithm,misc,Ada,Unicode-Collation-Algorithm,yes,yes,yes,yes,yes,5,5,no SPARK,,,,
misc/Ada/Unrestricted-Algorithm,misc,Ada,Unrestricted-Algorithm,yes,yes,yes,yes,yes,32,32,no SPARK,,,,
misc/Ada/VEGAS-Algorithm,misc,Ada,VEGAS-Algorithm,yes,yes,no,yes,no,0,16,no SPARK,,,,
misc/Ada/Variational-Method,misc,Ada,Variational-Method,yes,yes,yes,yes,yes,0,0,no SPARK,,,,
misc/Ada/Variational-Quantum-Eigensolver,misc,Ada,Variational-Quantum-Eigensolver,yes,yes,yes,yes,yes,19,19,no SPARK,,,,
misc/Ada/Vector-Quantization,misc,Ada,Vector-Quantization,yes,yes,yes,yes,yes,69,69,no SPARK,,,,
misc/Ada/Vehicle-Routing-Problem,misc,Ada,Vehicle-Routing-Problem,yes,yes,yes,yes,yes,0,0,no SPARK,,,,
misc/Ada/Velvet,misc,Ada,Velvet,yes,yes,yes,yes,yes,0,0,no SPARK,,,,
misc/Ada/Verhoeff-Algorithm,misc,Ada,Verhoeff-Algorithm,yes,yes,yes,yes,yes,21,21,no SPARK,,,,
misc/Ada/Vickrey-Clarke-Groves-Mechanism,misc,Ada,Vickrey-Clarke-Groves-Mechanism,yes,yes,yes,yes,yes,0,0,no SPARK,,,,
misc/Ada/Wang-Landau,misc,Ada,Wang-Landau,yes,yes,yes,yes,yes,0,0,no SPARK,,,,
misc/Ada/Warnsdorffs-Rule,misc,Ada,Warnsdorffs-Rule,yes,yes,no,yes,no,0,5,no SPARK,,,,
misc/Ada/Warped-Linear-Predictive-Coding,misc,Ada,Warped-Linear-Predictive-Coding,yes,yes,yes,yes,yes,7,7,no SPARK,,,,
misc/Ada/Xor-Swap-Algorithm,misc,Ada,Xor-Swap-Algorithm,yes,yes,yes,yes,yes,12,12,no SPARK,,,,
misc/Ada/Yamartino-Method,misc,Ada,Yamartino-Method,yes,yes,yes,yes,yes,0,0,no SPARK,,,,
misc/Ada/Zellers-Congruence-Algorithm,misc,Ada,Zellers-Congruence-Algorithm,yes,yes,yes,yes,yes,0,0,no SPARK,,,,
misc/Ada/Zero-Attribute-Rule,misc,Ada,Zero-Attribute-Rule,yes,yes,yes,yes,yes,0,0,no SPARK,,,,
misc/Ada/Zhu-Takaoka,misc,Ada,Zhu-Takaoka,yes,yes,yes,yes,yes,0,0,no SPARK,,,,
misc/Ada/arc-cache,misc,Ada,arc-cache,yes,yes,yes,yes,no,9,9,no SPARK,,,,
misc/Ada/clock-replacement,misc,Ada,clock-replacement,no,no,no,no,no,NA,NA,no SPARK,,adaptive_additive.adb adaptive_additive.ads main.adb,,
misc/Ada/docs,misc,Ada,docs,n/a,no,no,no,no,NA,NA,no SPARK,,,,
misc/Ada/earliest-deadline,misc,Ada,earliest-deadline,no,no,no,no,no,NA,NA,no SPARK,,,,
misc/Ada/fair-share,misc,Ada,fair-share,yes,yes,yes,yes,yes,1,1,no SPARK,,tests.gpr,,
misc/Ada/page-replacement-algorithms,misc,Ada,page-replacement-algorithms,no,yes,yes,yes,yes,12,12,no SPARK,,,,
misc/Ada/rate-monotonic,misc,Ada,rate-monotonic,no,yes,yes,yes,yes,16,16,no SPARK,,tests.adb tests.gpr three_dc.adb three_dc.ads,,
misc/Ada/round-robin,misc,Ada,round-robin,n/a,no,no,no,no,NA,NA,no SPARK,,,,
misc/Ada/scripts,misc,Ada,scripts,n/a,no,no,no,no,NA,NA,no SPARK,,,,
misc/Ada/srt-simulation,misc,Ada,srt-simulation,n/a,no,no,no,no,NA,NA,no SPARK,,,,
misc/SPARK2/Ada-SPARK-3Sum-Closest,misc,SPARK2,Ada-SPARK-3Sum-Closest,yes,yes,yes,yes,yes,2,2,not run,,,,
misc/SPARK2/Ada-SPARK-4Sum-II,misc,SPARK2,Ada-SPARK-4Sum-II,yes,yes,yes,yes,yes,1,1,not run,,,,
misc/SPARK2/Ada-SPARK-Accounts-Merge-Lite,misc,SPARK2,Ada-SPARK-Accounts-Merge-Lite,yes,yes,yes,yes,yes,3,3,not run,,,,
misc/SPARK2/Ada-SPARK-Accounts-Merge-Stub,misc,SPARK2,Ada-SPARK-Accounts-Merge-Stub,yes,yes,yes,yes,yes,2,2,not run,,,,
misc/SPARK2/Ada-SPARK-Add-Binary,misc,SPARK2,Ada-SPARK-Add-Binary,yes,yes,yes,yes,yes,0,0,not run,,,,
misc/SPARK2/Ada-SPARK-Add-Digits,misc,SPARK2,Ada-SPARK-Add-Digits,yes,yes,yes,yes,yes,0,0,not run,,,,
misc/SPARK2/Ada-SPARK-Add-Two-Numbers,misc,SPARK2,Ada-SPARK-Add-Two-Numbers,yes,yes,yes,yes,yes,0,0,not run,,,,
misc/SPARK2/Ada-SPARK-Add-Two-Numbers-II,misc,SPARK2,Ada-SPARK-Add-Two-Numbers-II,yes,yes,yes,yes,yes,0,0,not run,,,,
misc/SPARK2/Ada-SPARK-Add-Without-Plus,misc,SPARK2,Ada-SPARK-Add-Without-Plus,yes,yes,yes,yes,yes,0,0,not run,,,,
misc/SPARK2/Ada-SPARK-Adler32,misc,SPARK2,Ada-SPARK-Adler32,yes,yes,yes,yes,yes,0,0,not run,,,misc/Ada/Adler-32,
misc/SPARK2/Ada-SPARK-Alert-Using-Same-Key-Card-Stub,misc,SPARK2,Ada-SPARK-Alert-Using-Same-Key-Card-Stub,yes,yes,yes,yes,yes,4,4,not run,,,,
misc/SPARK2/Ada-SPARK-Alien-Dictionary-Lite,misc,SPARK2,Ada-SPARK-Alien-Dictionary-Lite,yes,yes,yes,yes,yes,0,0,not run,,,,
misc/SPARK2/Ada-SPARK-Alien-Dictionary-Stub,misc,SPARK2,Ada-SPARK-Alien-Dictionary-Stub,yes,yes,yes,yes,yes,1,1,not run,,,,
misc/SPARK2/Ada-SPARK-All-Paths-From-Source-To-Target,misc,SPARK2,Ada-SPARK-All-Paths-From-Source-To-Target,yes,yes,yes,yes,yes,3,3,not run,,,,
misc/SPARK2/Ada-SPARK-Argmax,misc,SPARK2,Ada-SPARK-Argmax,yes,yes,yes,yes,yes,1,1,not run,,,,
misc/SPARK2/Ada-SPARK-Arranging-Coins,misc,SPARK2,Ada-SPARK-Arranging-Coins,yes,yes,yes,yes,yes,0,0,not run,,,,
misc/SPARK2/Ada-SPARK-Array-Partition-I,misc,SPARK2,Ada-SPARK-Array-Partition-I,yes,yes,yes,yes,yes,1,1,not run,,,,
misc/SPARK2/Ada-SPARK-As-Far-From-Land-As-Possible,misc,SPARK2,Ada-SPARK-As-Far-From-Land-As-Possible,yes,yes,yes,yes,yes,0,0,not run,,,,
misc/SPARK2/Ada-SPARK-Assign-Cookies,misc,SPARK2,Ada-SPARK-Assign-Cookies,yes,yes,yes,yes,yes,0,0,not run,,,,
misc/SPARK2/Ada-SPARK-Asteroid-Collision,misc,SPARK2,Ada-SPARK-Asteroid-Collision,yes,yes,yes,yes,yes,0,0,not run,,,,
misc/SPARK2/Ada-SPARK-Authentication-Manager-Stub,misc,SPARK2,Ada-SPARK-Authentication-Manager-Stub,yes,yes,yes,yes,yes,2,2,not run,,,,
misc/SPARK2/Ada-SPARK-Available-Captures-For-Rook,misc,SPARK2,Ada-SPARK-Available-Captures-For-Rook,yes,yes,yes,yes,yes,5,5,not run,,,,
misc/SPARK2/Ada-SPARK-Bankers-Algorithm,misc,SPARK2,Ada-SPARK-Bankers-Algorithm,yes,yes,yes,yes,yes,11,11,not run,,,misc/Ada/Bankers-Algorithm,
misc/SPARK2/Ada-SPARK-Base64-Decode,misc,SPARK2,Ada-SPARK-Base64-Decode,yes,yes,yes,yes,yes,0,0,not run,,,,
misc/SPARK2/Ada-SPARK-Base64-Encode,misc,SPARK2,Ada-SPARK-Base64-Encode,yes,yes,yes,yes,yes,0,0,not run,,,,
misc/SPARK2/Ada-SPARK-Baseball-Game,misc,SPARK2,Ada-SPARK-Baseball-Game,yes,yes,yes,yes,yes,0,0,not run,,,,
misc/SPARK2/Ada-SPARK-Basic-Calculator,misc,SPARK2,Ada-SPARK-Basic-Calculator,yes,yes,yes,yes,yes,0,0,not run,,,,
misc/SPARK2/Ada-SPARK-Basic-Calculator-II,misc,SPARK2,Ada-SPARK-Basic-Calculator-II,yes,yes,yes,yes,yes,0,0,not run,,,,
misc/SPARK2/Ada-SPARK-Basic-Calculator-Stub,misc,SPARK2,Ada-SPARK-Basic-Calculator-Stub,yes,yes,yes,yes,yes,0,0,not run,,,,
misc/SPARK2/Ada-SPARK-Beautiful-Arrangement,misc,SPARK2,Ada-SPARK-Beautiful-Arrangement,yes,yes,yes,yes,yes,2,2,not run,,,,
misc/SPARK2/Ada-SPARK-Beautiful-Array-Lite,misc,SPARK2,Ada-SPARK-Beautiful-Array-Lite,yes,yes,yes,yes,yes,0,0,not run,,,,
misc/SPARK2/Ada-SPARK-Best-Time-To-Buy-And-Sell-Stock,misc,SPARK2,Ada-SPARK-Best-Time-To-Buy-And-Sell-Stock,yes,yes,yes,yes,yes,0,0,not run,,,,
misc/SPARK2/Ada-SPARK-Best-Time-To-Buy-And-Sell-Stock-II,misc,SPARK2,Ada-SPARK-Best-Time-To-Buy-And-Sell-Stock-II,yes,yes,yes,yes,yes,0,0,not run,,,,
misc/SPARK2/Ada-SPARK-Best-Time-To-Buy-And-Sell-Stock-With-Cooldownoldown,misc,SPARK2,Ada-SPARK-Best-Time-To-Buy-And-Sell-Stock-With-Cooldownoldown,yes,yes,yes,yes,yes,0,0,not run,,,,
misc/SPARK2/Ada-SPARK-Binary-Number-With-Alternating-Bits,misc,SPARK2,Ada-SPARK-Binary-Number-With-Alternating-Bits,yes,yes,yes,yes,yes,0,0,not run,,,,
misc/SPARK2/Ada-SPARK-Binary-To-Integer,misc,SPARK2,Ada-SPARK-Binary-To-Integer,yes,yes,yes,yes,yes,1,1,not run,,,,
misc/SPARK2/Ada-SPARK-Binary-Watch,misc,SPARK2,Ada-SPARK-Binary-Watch,yes,yes,yes,yes,yes,0,0,not run,,,,
misc/SPARK2/Ada-SPARK-Binomial-Coefficient,misc,SPARK2,Ada-SPARK-Binomial-Coefficient,yes,yes,yes,yes,yes,0,0,not run,,,,
misc/SPARK2/Ada-SPARK-Bitset,misc,SPARK2,Ada-SPARK-Bitset,yes,yes,yes,yes,yes,0,0,not run,,,,
misc/SPARK2/Ada-SPARK-Bitwise-AND-Of-Numbers-Range,misc,SPARK2,Ada-SPARK-Bitwise-AND-Of-Numbers-Range,yes,yes,yes,yes,yes,0,0,not run,,,,
misc/SPARK2/Ada-SPARK-Bitwise-OR-Of-Numbers-Range,misc,SPARK2,Ada-SPARK-Bitwise-OR-Of-Numbers-Range,yes,yes,yes,yes,yes,1,1,not run,,,,
misc/SPARK2/Ada-SPARK-Bitwise-ORs-Of-Subarrays-Lite,misc,SPARK2,Ada-SPARK-Bitwise-ORs-Of-Subarrays-Lite,yes,yes,yes,yes,yes,0,0,not run,,,,
misc/SPARK2/Ada-SPARK-Bitwise-XOR-Of-All-Pairings,misc,SPARK2,Ada-SPARK-Bitwise-XOR-Of-All-Pairings,yes,yes,yes,yes,yes,0,0,not run,,,,
misc/SPARK2/Ada-SPARK-Boats-To-Save-People,misc,SPARK2,Ada-SPARK-Boats-To-Save-People,yes,yes,yes,yes,yes,0,0,not run,,,,
misc/SPARK2/Ada-SPARK-Bounding-Box,misc,SPARK2,Ada-SPARK-Bounding-Box,yes,yes,yes,yes,yes,0,0,not run,,,,
misc/SPARK2/Ada-SPARK-Bray-Curtis,misc,SPARK2,Ada-SPARK-Bray-Curtis,yes,yes,yes,yes,yes,0,0,not run,,,,
misc/SPARK2/Ada-SPARK-Broken-Calculator,misc,SPARK2,Ada-SPARK-Broken-Calculator,yes,yes,yes,yes,yes,0,0,not run,,,,
misc/SPARK2/Ada-SPARK-Browser-History-Stub,misc,SPARK2,Ada-SPARK-Browser-History-Stub,yes,yes,yes,yes,yes,1,1,not run,,,,
misc/SPARK2/Ada-SPARK-Buddy-Memory-Allocation,misc,SPARK2,Ada-SPARK-Buddy-Memory-Allocation,yes,yes,yes,yes,yes,1,1,not run,,,misc/Ada/Buddy-Memory-Allocation,
misc/SPARK2/Ada-SPARK-Bulb-Switcher,misc,SPARK2,Ada-SPARK-Bulb-Switcher,yes,yes,yes,yes,yes,0,0,not run,,,,
misc/SPARK2/Ada-SPARK-Bulb-Switcher-Stub,misc,SPARK2,Ada-SPARK-Bulb-Switcher-Stub,yes,yes,yes,yes,yes,0,0,not run,,,,
misc/SPARK2/Ada-SPARK-Bump-Arena,misc,SPARK2,Ada-SPARK-Bump-Arena,yes,yes,yes,yes,yes,0,0,not run,,,,
misc/SPARK2/Ada-SPARK-CRC32,misc,SPARK2,Ada-SPARK-CRC32,yes,yes,yes,yes,yes,1,1,not run,,,,
misc/SPARK2/Ada-SPARK-CSR-Row-Sum,misc,SPARK2,Ada-SPARK-CSR-Row-Sum,yes,yes,yes,yes,yes,0,0,not run,,,,
misc/SPARK2/Ada-SPARK-Can-Place-Flowers,misc,SPARK2,Ada-SPARK-Can-Place-Flowers,yes,yes,yes,yes,yes,0,0,not run,,,,
misc/SPARK2/Ada-SPARK-Canberra-Distance,misc,SPARK2,Ada-SPARK-Canberra-Distance,yes,yes,yes,yes,yes,0,0,not run,,,,
misc/SPARK2/Ada-SPARK-Candy,misc,SPARK2,Ada-SPARK-Candy,yes,yes,yes,yes,yes,0,0,not run,,,,
misc/SPARK2/Ada-SPARK-Capacity-To-Ship-Packages,misc,SPARK2,Ada-SPARK-Capacity-To-Ship-Packages,yes,yes,yes,yes,yes,0,0,not run,,,,
misc/SPARK2/Ada-SPARK-Car-Pooling,misc,SPARK2,Ada-SPARK-Car-Pooling,yes,yes,yes,yes,yes,0,0,not run,,,,
misc/SPARK2/Ada-SPARK-Cheapest-Flights,misc,SPARK2,Ada-SPARK-Cheapest-Flights,yes,yes,yes,yes,yes,0,0,not run,,,,
misc/SPARK2/Ada-SPARK-Cheapest-Flights-Stub,misc,SPARK2,Ada-SPARK-Cheapest-Flights-Stub,yes,yes,yes,yes,yes,1,1,not run,,,,
misc/SPARK2/Ada-SPARK-Cheapest-Flights-Within-K-Stops,misc,SPARK2,Ada-SPARK-Cheapest-Flights-Within-K-Stops,yes,yes,yes,yes,yes,2,2,not run,,,,
misc/SPARK2/Ada-SPARK-Check-If-Number-Is-A-Sum-Of-Powers-Of-Three,misc,SPARK2,Ada-SPARK-Check-If-Number-Is-A-Sum-Of-Powers-Of-Three,yes,yes,yes,yes,yes,0,0,not run,,,,
misc/SPARK2/Ada-SPARK-Check-If-The-Sentence-Is-Pangram,misc,SPARK2,Ada-SPARK-Check-If-The-Sentence-Is-Pangram,yes,yes,yes,yes,yes,1,1,not run,,,,
misc/SPARK2/Ada-SPARK-Checksum-Ones-Complement,misc,SPARK2,Ada-SPARK-Checksum-Ones-Complement,yes,yes,yes,yes,yes,0,0,not run,,,,
misc/SPARK2/Ada-SPARK-Cherry-Pickup-Lite,misc,SPARK2,Ada-SPARK-Cherry-Pickup-Lite,yes,yes,yes,yes,yes,0,0,not run,,,,
misc/SPARK2/Ada-SPARK-Circular-Deque-Stub,misc,SPARK2,Ada-SPARK-Circular-Deque-Stub,yes,yes,yes,yes,yes,0,0,not run,,,,
misc/SPARK2/Ada-SPARK-Circular-Queue,misc,SPARK2,Ada-SPARK-Circular-Queue,yes,yes,yes,yes,yes,0,0,not run,,,,
misc/SPARK2/Ada-SPARK-Clamp,misc,SPARK2,Ada-SPARK-Clamp,yes,yes,yes,yes,yes,0,0,not run,,,,
misc/SPARK2/Ada-SPARK-Climbing-Stairs,misc,SPARK2,Ada-SPARK-Climbing-Stairs,yes,yes,yes,yes,yes,0,0,not run,,,,
misc/SPARK2/Ada-SPARK-Clock-Page-Replacement,misc,SPARK2,Ada-SPARK-Clock-Page-Replacement,yes,yes,yes,yes,yes,1,1,not run,,,,
misc/SPARK2/Ada-SPARK-Coin-Change,misc,SPARK2,Ada-SPARK-Coin-Change,yes,yes,yes,yes,yes,0,0,not run,,,,
misc/SPARK2/Ada-SPARK-Coin-Change-II,misc,SPARK2,Ada-SPARK-Coin-Change-II,yes,yes,yes,yes,yes,3,3,not run,,,,
misc/SPARK2/Ada-SPARK-Combination-Iterator-Stub,misc,SPARK2,Ada-SPARK-Combination-Iterator-Stub,yes,yes,yes,yes,yes,4,4,not run,,,,
misc/SPARK2/Ada-SPARK-Combination-Sum,misc,SPARK2,Ada-SPARK-Combination-Sum,yes,yes,yes,yes,yes,0,0,not run,,,,
misc/SPARK2/Ada-SPARK-Combination-Sum-II,misc,SPARK2,Ada-SPARK-Combination-Sum-II,yes,yes,yes,yes,yes,0,0,not run,,,,
misc/SPARK2/Ada-SPARK-Combination-Sum-III,misc,SPARK2,Ada-SPARK-Combination-Sum-III,yes,yes,yes,yes,yes,0,0,not run,,,,
misc/SPARK2/Ada-SPARK-Combination-Sum-IV,misc,SPARK2,Ada-SPARK-Combination-Sum-IV,yes,yes,yes,yes,yes,1,1,not run,,,,
misc/SPARK2/Ada-SPARK-Complement-Of-Base-10,misc,SPARK2,Ada-SPARK-Complement-Of-Base-10,yes,yes,yes,yes,yes,0,0,not run,,,,
misc/SPARK2/Ada-SPARK-Complement-Of-Base-10-Integer,misc,SPARK2,Ada-SPARK-Complement-Of-Base-10-Integer,yes,yes,yes,yes,yes,1,1,not run,,,,
misc/SPARK2/Ada-SPARK-Connected-Component-Labeling,misc,SPARK2,Ada-SPARK-Connected-Component-Labeling,yes,yes,yes,yes,yes,0,0,not run,,,misc/Ada/Connected-Component-Labeling,
misc/SPARK2/Ada-SPARK-Container-With-Most-Water,misc,SPARK2,Ada-SPARK-Container-With-Most-Water,yes,yes,yes,yes,yes,2,2,not run,,,,
misc/SPARK2/Ada-SPARK-Contains-Duplicate,misc,SPARK2,Ada-SPARK-Contains-Duplicate,yes,yes,yes,yes,yes,0,0,not run,,,,
misc/SPARK2/Ada-SPARK-Contains-Duplicate-II,misc,SPARK2,Ada-SPARK-Contains-Duplicate-II,yes,yes,yes,yes,yes,0,0,not run,,,,
misc/SPARK2/Ada-SPARK-Contiguous-Array,misc,SPARK2,Ada-SPARK-Contiguous-Array,yes,yes,yes,yes,yes,0,0,not run,,,,
misc/SPARK2/Ada-SPARK-Continuous-Subarray-Sum,misc,SPARK2,Ada-SPARK-Continuous-Subarray-Sum,yes,yes,yes,yes,yes,0,0,not run,,,,
misc/SPARK2/Ada-SPARK-Convert-1D-Array-Into-2D-Array,misc,SPARK2,Ada-SPARK-Convert-1D-Array-Into-2D-Array,yes,yes,yes,yes,yes,7,7,not run,,,,
misc/SPARK2/Ada-SPARK-Convert-A-Number-To-Hexadecimal,misc,SPARK2,Ada-SPARK-Convert-A-Number-To-Hexadecimal,yes,yes,yes,yes,yes,0,0,not run,,,,
misc/SPARK2/Ada-SPARK-Convert-Binary-Number-In-A-Linked-List-To-Integer,misc,SPARK2,Ada-SPARK-Convert-Binary-Number-In-A-Linked-List-To-Integer,yes,yes,yes,yes,yes,2,2,not run,,,,
misc/SPARK2/Ada-SPARK-Copy-List-With-Random-Pointer-Lite,misc,SPARK2,Ada-SPARK-Copy-List-With-Random-Pointer-Lite,yes,yes,yes,yes,yes,4,4,not run,,,,
misc/SPARK2/Ada-SPARK-Corporate-Flight-Bookings,misc,SPARK2,Ada-SPARK-Corporate-Flight-Bookings,yes,yes,yes,yes,yes,0,0,not run,,,,
misc/SPARK2/Ada-SPARK-Cosine-Distance,misc,SPARK2,Ada-SPARK-Cosine-Distance,yes,yes,yes,yes,yes,0,0,not run,,,,
misc/SPARK2/Ada-SPARK-Cosine-Similarity,misc,SPARK2,Ada-SPARK-Cosine-Similarity,yes,yes,yes,yes,yes,2,2,not run,,,,
misc/SPARK2/Ada-SPARK-Count-And-Say,misc,SPARK2,Ada-SPARK-Count-And-Say,yes,yes,yes,yes,yes,0,0,not run,,,,
misc/SPARK2/Ada-SPARK-Count-And-Say-Stub,misc,SPARK2,Ada-SPARK-Count-And-Say-Stub,yes,yes,yes,yes,yes,0,0,not run,,,,
misc/SPARK2/Ada-SPARK-Count-Odd-Numbers-In-An-Interval,misc,SPARK2,Ada-SPARK-Count-Odd-Numbers-In-An-Interval,yes,yes,yes,yes,yes,1,1,not run,,,,
misc/SPARK2/Ada-SPARK-Count-Of-Smaller-Numbers-After-Self-Lite,misc,SPARK2,Ada-SPARK-Count-Of-Smaller-Numbers-After-Self-Lite,yes,yes,yes,yes,yes,0,0,not run,,,,
misc/SPARK2/Ada-SPARK-Count-Operations-To-Obtain-Zero,misc,SPARK2,Ada-SPARK-Count-Operations-To-Obtain-Zero,yes,yes,yes,yes,yes,0,0,not run,,,,
misc/SPARK2/Ada-SPARK-Count-Square-Submatrices-With-All-Ones,misc,SPARK2,Ada-SPARK-Count-Square-Submatrices-With-All-Ones,yes,yes,yes,yes,yes,0,0,not run,,,,
misc/SPARK2/Ada-SPARK-Count-Sub-Islands,misc,SPARK2,Ada-SPARK-Count-Sub-Islands,yes,yes,yes,yes,yes,0,0,not run,,,,
misc/SPARK2/Ada-SPARK-Count-Triplets-That-Can-Form-Two-Arrays-Of-Equal-XOR,misc,SPARK2,Ada-SPARK-Count-Triplets-That-Can-Form-Two-Arrays-Of-Equal-XOR,yes,yes,yes,yes,yes,0,0,not run,,,,
misc/SPARK2/Ada-SPARK-Counting-Bits,misc,SPARK2,Ada-SPARK-Counting-Bits,yes,yes,yes,yes,yes,0,0,not run,,,,
misc/SPARK2/Ada-SPARK-Covariance,misc,SPARK2,Ada-SPARK-Covariance,yes,yes,yes,yes,yes,0,0,not run,,,,
misc/SPARK2/Ada-SPARK-Crawler-Log-Folder,misc,SPARK2,Ada-SPARK-Crawler-Log-Folder,yes,yes,yes,yes,yes,0,0,not run,,,,
misc/SPARK2/Ada-SPARK-Create-Maximum-Number-Lite,misc,SPARK2,Ada-SPARK-Create-Maximum-Number-Lite,yes,yes,yes,yes,yes,0,0,not run,,,,
misc/SPARK2/Ada-SPARK-Critical-Connections-In-A-Network-Lite,misc,SPARK2,Ada-SPARK-Critical-Connections-In-A-Network-Lite,yes,yes,yes,yes,yes,1,1,not run,,,,
misc/SPARK2/Ada-SPARK-Daily-Temperatures,misc,SPARK2,Ada-SPARK-Daily-Temperatures,yes,yes,yes,yes,yes,2,2,not run,,,,
misc/SPARK2/Ada-SPARK-Decode-Ways,misc,SPARK2,Ada-SPARK-Decode-Ways,yes,yes,yes,yes,yes,2,2,not run,,,,
misc/SPARK2/Ada-SPARK-Decode-Ways-Stub,misc,SPARK2,Ada-SPARK-Decode-Ways-Stub,yes,yes,yes,yes,yes,2,2,not run,,,,
misc/SPARK2/Ada-SPARK-Decode-XORed-Array,misc,SPARK2,Ada-SPARK-Decode-XORed-Array,yes,yes,yes,yes,yes,0,0,not run,,,,
misc/SPARK2/Ada-SPARK-Defanging-An-IP-Address,misc,SPARK2,Ada-SPARK-Defanging-An-IP-Address,yes,yes,yes,yes,yes,0,0,not run,,,,
misc/SPARK2/Ada-SPARK-Degree-Of-An-Array,misc,SPARK2,Ada-SPARK-Degree-Of-An-Array,yes,yes,yes,yes,yes,0,0,not run,,,,
misc/SPARK2/Ada-SPARK-Delete-And-Earn,misc,SPARK2,Ada-SPARK-Delete-And-Earn,yes,yes,yes,yes,yes,0,0,not run,,,,
misc/SPARK2/Ada-SPARK-Delete-And-Earn-Stub,misc,SPARK2,Ada-SPARK-Delete-And-Earn-Stub,yes,yes,yes,yes,yes,2,2,not run,,,,
misc/SPARK2/Ada-SPARK-Delete-Node-In-A-Linked-List,misc,SPARK2,Ada-SPARK-Delete-Node-In-A-Linked-List,yes,yes,yes,yes,yes,2,2,not run,,,,
misc/SPARK2/Ada-SPARK-Delete-The-Middle-Node,misc,SPARK2,Ada-SPARK-Delete-The-Middle-Node,yes,yes,yes,yes,yes,2,2,not run,,,,
misc/SPARK2/Ada-SPARK-Delta-Encoding,misc,SPARK2,Ada-SPARK-Delta-Encoding,yes,yes,yes,yes,yes,0,0,not run,,,misc/Ada/Delta-Encoding,
misc/SPARK2/Ada-SPARK-Deque-Bounded,misc,SPARK2,Ada-SPARK-Deque-Bounded,yes,yes,yes,yes,yes,0,0,not run,,,,
misc/SPARK2/Ada-SPARK-Design-A-Leaderboard,misc,SPARK2,Ada-SPARK-Design-A-Leaderboard,yes,yes,yes,yes,yes,0,0,not run,,,,
misc/SPARK2/Ada-SPARK-Design-A-Stack-With-Increment,misc,SPARK2,Ada-SPARK-Design-A-Stack-With-Increment,yes,yes,yes,yes,yes,4,4,not run,,,,
misc/SPARK2/Ada-SPARK-Design-A-Stack-With-Increment-Operation,misc,SPARK2,Ada-SPARK-Design-A-Stack-With-Increment-Operation,yes,yes,yes,yes,yes,0,0,not run,,,,
misc/SPARK2/Ada-SPARK-Design-An-Ordered-Stream,misc,SPARK2,Ada-SPARK-Design-An-Ordered-Stream,yes,yes,yes,yes,yes,4,4,not run,,,,
misc/SPARK2/Ada-SPARK-Design-Bitset,misc,SPARK2,Ada-SPARK-Design-Bitset,yes,yes,yes,yes,yes,0,0,not run,,,,
misc/SPARK2/Ada-SPARK-Design-Browser-History,misc,SPARK2,Ada-SPARK-Design-Browser-History,yes,yes,yes,yes,yes,2,2,not run,,,,
misc/SPARK2/Ada-SPARK-Design-Circular-Deque,misc,SPARK2,Ada-SPARK-Design-Circular-Deque,yes,yes,yes,yes,yes,2,2,not run,,,,
misc/SPARK2/Ada-SPARK-Design-Circular-Queue,misc,SPARK2,Ada-SPARK-Design-Circular-Queue,yes,yes,yes,yes,yes,2,2,not run,,,,
misc/SPARK2/Ada-SPARK-Design-Circular-Queue-Stub,misc,SPARK2,Ada-SPARK-Design-Circular-Queue-Stub,yes,yes,yes,yes,yes,0,0,not run,,,,
misc/SPARK2/Ada-SPARK-Design-Food-Rating-System,misc,SPARK2,Ada-SPARK-Design-Food-Rating-System,yes,yes,yes,yes,yes,0,0,not run,,,,
misc/SPARK2/Ada-SPARK-Design-Front-Middle-Back-Queue,misc,SPARK2,Ada-SPARK-Design-Front-Middle-Back-Queue,yes,yes,yes,yes,yes,0,0,not run,,,,
misc/SPARK2/Ada-SPARK-Design-Front-Middle-Back-Queue-Stub,misc,SPARK2,Ada-SPARK-Design-Front-Middle-Back-Queue-Stub,yes,yes,yes,yes,yes,0,0,not run,,,,
misc/SPARK2/Ada-SPARK-Design-Hit-Counter-Lite,misc,SPARK2,Ada-SPARK-Design-Hit-Counter-Lite,yes,yes,yes,yes,yes,2,2,not run,,,,
misc/SPARK2/Ada-SPARK-Design-Linked-List,misc,SPARK2,Ada-SPARK-Design-Linked-List,yes,yes,yes,yes,yes,2,2,not run,,,,
misc/SPARK2/Ada-SPARK-Design-Number-Container-System,misc,SPARK2,Ada-SPARK-Design-Number-Container-System,yes,yes,yes,yes,yes,0,0,not run,,,,
misc/SPARK2/Ada-SPARK-Design-Ordered-Stream,misc,SPARK2,Ada-SPARK-Design-Ordered-Stream,yes,yes,yes,yes,yes,4,4,not run,,,,
misc/SPARK2/Ada-SPARK-Design-Parking-System-II,misc,SPARK2,Ada-SPARK-Design-Parking-System-II,yes,yes,yes,yes,yes,0,0,not run,,,,
misc/SPARK2/Ada-SPARK-Design-Skiplist-Lite,misc,SPARK2,Ada-SPARK-Design-Skiplist-Lite,yes,yes,yes,yes,yes,2,2,not run,,,,
misc/SPARK2/Ada-SPARK-Design-Twitter-Lite,misc,SPARK2,Ada-SPARK-Design-Twitter-Lite,yes,yes,yes,yes,yes,3,3,not run,,,,
misc/SPARK2/Ada-SPARK-Design-Underground-System-Lite,misc,SPARK2,Ada-SPARK-Design-Underground-System-Lite,yes,yes,yes,yes,yes,1,1,not run,,,,
misc/SPARK2/Ada-SPARK-Detect-Capital,misc,SPARK2,Ada-SPARK-Detect-Capital,yes,yes,yes,yes,yes,0,0,not run,,,,
misc/SPARK2/Ada-SPARK-Diagonal-Traverse,misc,SPARK2,Ada-SPARK-Diagonal-Traverse,yes,yes,yes,yes,yes,7,7,not run,,,,
misc/SPARK2/Ada-SPARK-Dice-Coefficient,misc,SPARK2,Ada-SPARK-Dice-Coefficient,yes,yes,yes,yes,yes,0,0,not run,,,misc/Ada/Dice-Coefficient,
misc/SPARK2/Ada-SPARK-Difference-Array,misc,SPARK2,Ada-SPARK-Difference-Array,yes,yes,yes,yes,yes,0,0,not run,,,,
misc/SPARK2/Ada-SPARK-Different-Ways-To-Add-Parentheses-Lite,misc,SPARK2,Ada-SPARK-Different-Ways-To-Add-Parentheses-Lite,yes,yes,yes,yes,yes,0,0,not run,,,,
misc/SPARK2/Ada-SPARK-Disjoint-Set-Forest,misc,SPARK2,Ada-SPARK-Disjoint-Set-Forest,yes,yes,yes,yes,yes,0,0,not run,,,,
misc/SPARK2/Ada-SPARK-Distinct-Subsequences,misc,SPARK2,Ada-SPARK-Distinct-Subsequences,yes,yes,yes,yes,yes,2,2,not run,,,,
misc/SPARK2/Ada-SPARK-Divisor-Game,misc,SPARK2,Ada-SPARK-Divisor-Game,yes,yes,yes,yes,yes,0,0,not run,,,,
misc/SPARK2/Ada-SPARK-Domino-And-Tromino-Tiling-Lite,misc,SPARK2,Ada-SPARK-Domino-And-Tromino-Tiling-Lite,yes,yes,yes,yes,yes,0,0,not run,,,,
misc/SPARK2/Ada-SPARK-Dot-Product,misc,SPARK2,Ada-SPARK-Dot-Product,yes,yes,yes,yes,yes,0,0,not run,,,,
misc/SPARK2/Ada-SPARK-Dungeon-Game-Lite,misc,SPARK2,Ada-SPARK-Dungeon-Game-Lite,yes,yes,yes,yes,yes,0,0,not run,,,,
misc/SPARK2/Ada-SPARK-Duplicate-Zeros,misc,SPARK2,Ada-SPARK-Duplicate-Zeros,yes,yes,yes,yes,yes,2,2,not run,,,,
misc/SPARK2/Ada-SPARK-Dutch-National-Flag,misc,SPARK2,Ada-SPARK-Dutch-National-Flag,yes,yes,yes,yes,yes,0,0,not run,,,,
misc/SPARK2/Ada-SPARK-Earliest-Deadline-First-Scheduling,misc,SPARK2,Ada-SPARK-Earliest-Deadline-First-Scheduling,yes,yes,yes,yes,yes,2,2,not run,,,,
misc/SPARK2/Ada-SPARK-Elevator-Algorithm,misc,SPARK2,Ada-SPARK-Elevator-Algorithm,yes,yes,yes,yes,yes,0,0,not run,,,misc/Ada/Elevator-Algorithm,
misc/SPARK2/Ada-SPARK-Eliminate-Maximum-Number-Of-Monsters,misc,SPARK2,Ada-SPARK-Eliminate-Maximum-Number-Of-Monsters,yes,yes,yes,yes,yes,0,0,not run,,,,
misc/SPARK2/Ada-SPARK-Encode-And-Decode-TinyURL-Stub,misc,SPARK2,Ada-SPARK-Encode-And-Decode-TinyURL-Stub,yes,yes,yes,yes,yes,0,0,not run,,,,
misc/SPARK2/Ada-SPARK-Euclidean-Distance,misc,SPARK2,Ada-SPARK-Euclidean-Distance,yes,yes,yes,yes,yes,2,2,not run,,,,
misc/SPARK2/Ada-SPARK-Eval-RPN,misc,SPARK2,Ada-SPARK-Eval-RPN,yes,yes,yes,yes,yes,0,0,not run,,,,
misc/SPARK2/Ada-SPARK-Evaluate-Division-Lite,misc,SPARK2,Ada-SPARK-Evaluate-Division-Lite,yes,yes,yes,yes,yes,0,0,not run,,,,
misc/SPARK2/Ada-SPARK-Evaluate-Division-Stub,misc,SPARK2,Ada-SPARK-Evaluate-Division-Stub,yes,yes,yes,yes,yes,1,1,not run,,,,
misc/SPARK2/Ada-SPARK-Evaluate-Reverse-Polish-Notation,misc,SPARK2,Ada-SPARK-Evaluate-Reverse-Polish-Notation,yes,yes,yes,yes,yes,0,0,not run,,,,
misc/SPARK2/Ada-SPARK-Excel-Sheet-Column,misc,SPARK2,Ada-SPARK-Excel-Sheet-Column,yes,yes,yes,yes,yes,0,0,not run,,,,
misc/SPARK2/Ada-SPARK-Excel-Sheet-Column-Number,misc,SPARK2,Ada-SPARK-Excel-Sheet-Column-Number,yes,yes,yes,yes,yes,0,0,not run,,,,
misc/SPARK2/Ada-SPARK-Excel-Sheet-Column-Title,misc,SPARK2,Ada-SPARK-Excel-Sheet-Column-Title,yes,yes,yes,yes,yes,2,2,not run,,,,
misc/SPARK2/Ada-SPARK-Exclusive-Time-Of-Functions-Lite,misc,SPARK2,Ada-SPARK-Exclusive-Time-Of-Functions-Lite,yes,yes,yes,yes,yes,0,0,not run,,,,
misc/SPARK2/Ada-SPARK-Factorial,misc,SPARK2,Ada-SPARK-Factorial,yes,yes,yes,yes,yes,0,0,not run,,,,
misc/SPARK2/Ada-SPARK-Factorial-Trailing-Zeroes,misc,SPARK2,Ada-SPARK-Factorial-Trailing-Zeroes,yes,yes,yes,yes,yes,0,0,not run,,,,
misc/SPARK2/Ada-SPARK-Fair-Candy-Swap,misc,SPARK2,Ada-SPARK-Fair-Candy-Swap,yes,yes,yes,yes,yes,2,2,not run,,,,
misc/SPARK2/Ada-SPARK-Fast-Pow,misc,SPARK2,Ada-SPARK-Fast-Pow,yes,yes,yes,yes,yes,0,0,not run,,,,
misc/SPARK2/Ada-SPARK-Fibonacci-DP,misc,SPARK2,Ada-SPARK-Fibonacci-DP,yes,yes,yes,yes,yes,0,0,not run,,,,
misc/SPARK2/Ada-SPARK-Fibonacci-Number,misc,SPARK2,Ada-SPARK-Fibonacci-Number,yes,yes,yes,yes,yes,0,0,not run,,,,
misc/SPARK2/Ada-SPARK-Final-Prices-With-A-Special-Discount,misc,SPARK2,Ada-SPARK-Final-Prices-With-A-Special-Discount,yes,yes,yes,yes,yes,0,0,not run,,,,
misc/SPARK2/Ada-SPARK-Find-All-Duplicates-In-An-Array,misc,SPARK2,Ada-SPARK-Find-All-Duplicates-In-An-Array,yes,yes,yes,yes,yes,1,1,not run,,,,
misc/SPARK2/Ada-SPARK-Find-All-Numbers-Disappeared,misc,SPARK2,Ada-SPARK-Find-All-Numbers-Disappeared,yes,yes,yes,yes,yes,2,2,not run,,,,
misc/SPARK2/Ada-SPARK-Find-Common-Characters,misc,SPARK2,Ada-SPARK-Find-Common-Characters,yes,yes,yes,yes,yes,0,0,not run,,,,
misc/SPARK2/Ada-SPARK-Find-First-And-Last-Position,misc,SPARK2,Ada-SPARK-Find-First-And-Last-Position,yes,yes,yes,yes,yes,1,1,not run,,,,
misc/SPARK2/Ada-SPARK-Find-K-Closest-Elements,misc,SPARK2,Ada-SPARK-Find-K-Closest-Elements,yes,yes,yes,yes,yes,0,0,not run,,,,
misc/SPARK2/Ada-SPARK-Find-Median-Data-Stream-Stub,misc,SPARK2,Ada-SPARK-Find-Median-Data-Stream-Stub,yes,yes,yes,yes,yes,2,2,not run,,,,
misc/SPARK2/Ada-SPARK-Find-Median-From-Data-Stream,misc,SPARK2,Ada-SPARK-Find-Median-From-Data-Stream,yes,yes,yes,yes,yes,1,1,not run,,,,
misc/SPARK2/Ada-SPARK-Find-Peak-Element,misc,SPARK2,Ada-SPARK-Find-Peak-Element,yes,yes,yes,yes,yes,0,0,not run,,,,
misc/SPARK2/Ada-SPARK-Find-The-City,misc,SPARK2,Ada-SPARK-Find-The-City,yes,yes,yes,yes,yes,0,0,not run,,,,
misc/SPARK2/Ada-SPARK-Find-The-City-With-Smallest-Number-Of-Neighbors,misc,SPARK2,Ada-SPARK-Find-The-City-With-Smallest-Number-Of-Neighbors,yes,yes,yes,yes,yes,1,1,not run,,,,
misc/SPARK2/Ada-SPARK-Find-The-Difference,misc,SPARK2,Ada-SPARK-Find-The-Difference,yes,yes,yes,yes,yes,0,0,not run,,,,
misc/SPARK2/Ada-SPARK-Find-The-Duplicate-Number,misc,SPARK2,Ada-SPARK-Find-The-Duplicate-Number,yes,yes,yes,yes,yes,0,0,not run,,,,
misc/SPARK2/Ada-SPARK-Find-The-Original-Array-Of-Prefix-XOR,misc,SPARK2,Ada-SPARK-Find-The-Original-Array-Of-Prefix-XOR,yes,yes,yes,yes,yes,0,0,not run,,,,
misc/SPARK2/Ada-SPARK-Find-The-Smallest-Divisor,misc,SPARK2,Ada-SPARK-Find-The-Smallest-Divisor,yes,yes,yes,yes,yes,2,2,not run,,,,
misc/SPARK2/Ada-SPARK-Find-The-Town-Judge,misc,SPARK2,Ada-SPARK-Find-The-Town-Judge,yes,yes,yes,yes,yes,2,2,not run,,,,
misc/SPARK2/Ada-SPARK-Find-Words-That-Can-Be-Formed,misc,SPARK2,Ada-SPARK-Find-Words-That-Can-Be-Formed,yes,yes,yes,yes,yes,1,1,not run,,,,
misc/SPARK2/Ada-SPARK-First-Bad-Version,misc,SPARK2,Ada-SPARK-First-Bad-Version,yes,yes,yes,yes,yes,0,0,not run,,,,
misc/SPARK2/Ada-SPARK-First-Unique-Char,misc,SPARK2,Ada-SPARK-First-Unique-Char,yes,yes,yes,yes,yes,0,0,not run,,,,
misc/SPARK2/Ada-SPARK-First-Unique-Character,misc,SPARK2,Ada-SPARK-First-Unique-Character,yes,yes,yes,yes,yes,0,0,not run,,,,
misc/SPARK2/Ada-SPARK-Fisher-Yates-Shuffle,misc,SPARK2,Ada-SPARK-Fisher-Yates-Shuffle,yes,yes,yes,yes,yes,0,0,not run,,,misc/Ada/Fisher-Yates-Shuffle,
misc/SPARK2/Ada-SPARK-Fixed-Point-Iteration,misc,SPARK2,Ada-SPARK-Fixed-Point-Iteration,yes,yes,yes,yes,yes,0,0,not run,,,,
misc/SPARK2/Ada-SPARK-Fizz-Buzz,misc,SPARK2,Ada-SPARK-Fizz-Buzz,yes,yes,yes,yes,yes,0,0,not run,,,,
misc/SPARK2/Ada-SPARK-Flatten-Nested-List-Stub,misc,SPARK2,Ada-SPARK-Flatten-Nested-List-Stub,yes,yes,yes,yes,yes,2,2,not run,,,,
misc/SPARK2/Ada-SPARK-Flipping-An-Image,misc,SPARK2,Ada-SPARK-Flipping-An-Image,yes,yes,yes,yes,yes,5,5,not run,,,,
misc/SPARK2/Ada-SPARK-Flood-Fill,misc,SPARK2,Ada-SPARK-Flood-Fill,yes,yes,yes,yes,yes,2,2,not run,,,misc/Ada/Flood-Fill,
misc/SPARK2/Ada-SPARK-Four-Sum,misc,SPARK2,Ada-SPARK-Four-Sum,yes,yes,yes,yes,yes,2,2,not run,,,,
misc/SPARK2/Ada-SPARK-Fruit-Into-Baskets,misc,SPARK2,Ada-SPARK-Fruit-Into-Baskets,yes,yes,yes,yes,yes,0,0,not run,,,,
misc/SPARK2/Ada-SPARK-Game-Of-Life-Step,misc,SPARK2,Ada-SPARK-Game-Of-Life-Step,yes,yes,yes,yes,yes,12,12,not run,,,,
misc/SPARK2/Ada-SPARK-Gas-Station,misc,SPARK2,Ada-SPARK-Gas-Station,yes,yes,yes,yes,yes,0,0,not run,,,,
misc/SPARK2/Ada-SPARK-Generate-Parentheses,misc,SPARK2,Ada-SPARK-Generate-Parentheses,yes,yes,yes,yes,yes,0,0,not run,,,,
misc/SPARK2/Ada-SPARK-Get-Maximum-In-Generated-Array,misc,SPARK2,Ada-SPARK-Get-Maximum-In-Generated-Array,yes,yes,yes,yes,yes,0,0,not run,,,,
misc/SPARK2/Ada-SPARK-Goat-Latin,misc,SPARK2,Ada-SPARK-Goat-Latin,yes,yes,yes,yes,yes,0,0,not run,,,,
misc/SPARK2/Ada-SPARK-Gray-Code,misc,SPARK2,Ada-SPARK-Gray-Code,yes,yes,yes,yes,yes,0,0,not run,,,misc/Ada/Gray-Code,
misc/SPARK2/Ada-SPARK-Greatest-Common-Divisor,misc,SPARK2,Ada-SPARK-Greatest-Common-Divisor,yes,yes,yes,yes,yes,0,0,not run,,,,
misc/SPARK2/Ada-SPARK-Group-Anagrams,misc,SPARK2,Ada-SPARK-Group-Anagrams,yes,yes,yes,yes,yes,5,5,not run,,,,
misc/SPARK2/Ada-SPARK-Group-Anagrams-Stub,misc,SPARK2,Ada-SPARK-Group-Anagrams-Stub,yes,yes,yes,yes,yes,5,5,not run,,,,misc/SPARK2/Ada-SPARK-Group-Anagrams (near-identical)
misc/SPARK2/Ada-SPARK-Grumpy-Bookstore-Owner,misc,SPARK2,Ada-SPARK-Grumpy-Bookstore-Owner,yes,yes,yes,yes,yes,2,2,not run,,,,
misc/SPARK2/Ada-SPARK-Guess-Number-Higher-Or-Lower,misc,SPARK2,Ada-SPARK-Guess-Number-Higher-Or-Lower,yes,yes,yes,yes,yes,0,0,not run,,,,
misc/SPARK2/Ada-SPARK-Hamming-Code,misc,SPARK2,Ada-SPARK-Hamming-Code,yes,yes,yes,yes,yes,0,0,not run,,,misc/Ada/Hamming-Code,
misc/SPARK2/Ada-SPARK-Hamming-Weight,misc,SPARK2,Ada-SPARK-Hamming-Weight,yes,yes,yes,yes,yes,0,0,not run,,,misc/Ada/Hamming-Weight,
misc/SPARK2/Ada-SPARK-Hand-Of-Straights-Stub,misc,SPARK2,Ada-SPARK-Hand-Of-Straights-Stub,yes,yes,yes,yes,yes,2,2,not run,,,,
misc/SPARK2/Ada-SPARK-Happy-Number,misc,SPARK2,Ada-SPARK-Happy-Number,yes,yes,yes,yes,yes,0,0,not run,,,,
misc/SPARK2/Ada-SPARK-Heap-Push-Pop,misc,SPARK2,Ada-SPARK-Heap-Push-Pop,yes,yes,yes,yes,yes,0,0,not run,,,,
misc/SPARK2/Ada-SPARK-Heaters,misc,SPARK2,Ada-SPARK-Heaters,yes,yes,yes,yes,yes,0,0,not run,,,,
misc/SPARK2/Ada-SPARK-Height-Checker,misc,SPARK2,Ada-SPARK-Height-Checker,yes,yes,yes,yes,yes,0,0,not run,,,,
misc/SPARK2/Ada-SPARK-Histogram-Bin,misc,SPARK2,Ada-SPARK-Histogram-Bin,yes,yes,yes,yes,yes,0,0,not run,,,,
misc/SPARK2/Ada-SPARK-Hit-Counter-Stub,misc,SPARK2,Ada-SPARK-Hit-Counter-Stub,yes,yes,yes,yes,yes,1,1,not run,,,,
misc/SPARK2/Ada-SPARK-Horner-Scheme,misc,SPARK2,Ada-SPARK-Horner-Scheme,yes,yes,yes,yes,yes,1,1,not run,,,,
misc/SPARK2/Ada-SPARK-House-Robber,misc,SPARK2,Ada-SPARK-House-Robber,yes,yes,yes,yes,yes,2,2,not run,,,,
misc/SPARK2/Ada-SPARK-House-Robber-II,misc,SPARK2,Ada-SPARK-House-Robber-II,yes,yes,yes,yes,yes,2,2,not run,,,,
misc/SPARK2/Ada-SPARK-House-Robber-III-Lite,misc,SPARK2,Ada-SPARK-House-Robber-III-Lite,yes,yes,yes,yes,yes,0,0,not run,,,,
misc/SPARK2/Ada-SPARK-House-Robber-III-Stub,misc,SPARK2,Ada-SPARK-House-Robber-III-Stub,yes,yes,yes,yes,yes,1,1,not run,,,,
misc/SPARK2/Ada-SPARK-How-Many-Numbers-Are-Smaller,misc,SPARK2,Ada-SPARK-How-Many-Numbers-Are-Smaller,yes,yes,yes,yes,yes,0,0,not run,,,,
misc/SPARK2/Ada-SPARK-IPO-Lite,misc,SPARK2,Ada-SPARK-IPO-Lite,yes,yes,yes,yes,yes,4,4,not run,,,,
misc/SPARK2/Ada-SPARK-Image-Smoother,misc,SPARK2,Ada-SPARK-Image-Smoother,yes,yes,yes,yes,yes,8,8,not run,,,,
misc/SPARK2/Ada-SPARK-Implement-Queue-Using-Stacks,misc,SPARK2,Ada-SPARK-Implement-Queue-Using-Stacks,yes,yes,yes,yes,yes,0,0,not run,,,,
misc/SPARK2/Ada-SPARK-Implement-Stack-Using-Queues,misc,SPARK2,Ada-SPARK-Implement-Stack-Using-Queues,yes,yes,yes,yes,yes,0,0,not run,,,,
misc/SPARK2/Ada-SPARK-Implement-StrStr,misc,SPARK2,Ada-SPARK-Implement-StrStr,yes,yes,yes,yes,yes,0,0,not run,,,,
misc/SPARK2/Ada-SPARK-Insert-Delete-GetRandom-O1,misc,SPARK2,Ada-SPARK-Insert-Delete-GetRandom-O1,yes,yes,yes,yes,yes,0,0,not run,,,,
misc/SPARK2/Ada-SPARK-Insert-Interval,misc,SPARK2,Ada-SPARK-Insert-Interval,yes,yes,yes,yes,yes,0,0,not run,,,,
misc/SPARK2/Ada-SPARK-Int-To-Roman-Stub,misc,SPARK2,Ada-SPARK-Int-To-Roman-Stub,yes,yes,yes,yes,yes,0,0,not run,,,,
misc/SPARK2/Ada-SPARK-Integer-Break,misc,SPARK2,Ada-SPARK-Integer-Break,yes,yes,yes,yes,yes,0,0,not run,,,,
misc/SPARK2/Ada-SPARK-Integer-To-English-Stub,misc,SPARK2,Ada-SPARK-Integer-To-English-Stub,yes,yes,yes,yes,yes,0,0,not run,,,,
misc/SPARK2/Ada-SPARK-Integer-To-Roman,misc,SPARK2,Ada-SPARK-Integer-To-Roman,yes,yes,yes,yes,yes,0,0,not run,,,,
misc/SPARK2/Ada-SPARK-Intersection-Of-Two-Arrays,misc,SPARK2,Ada-SPARK-Intersection-Of-Two-Arrays,yes,yes,yes,yes,yes,4,4,not run,,,,
misc/SPARK2/Ada-SPARK-Intersection-Of-Two-Arrays-II,misc,SPARK2,Ada-SPARK-Intersection-Of-Two-Arrays-II,yes,yes,yes,yes,yes,0,0,not run,,,,
misc/SPARK2/Ada-SPARK-Intersection-Of-Two-Linked-Lists,misc,SPARK2,Ada-SPARK-Intersection-Of-Two-Linked-Lists,yes,yes,yes,yes,yes,2,2,not run,,,,
misc/SPARK2/Ada-SPARK-Is-Palindrome,misc,SPARK2,Ada-SPARK-Is-Palindrome,yes,yes,yes,yes,yes,0,0,not run,,,,
misc/SPARK2/Ada-SPARK-Is-Subsequence,misc,SPARK2,Ada-SPARK-Is-Subsequence,yes,yes,yes,yes,yes,0,0,not run,,,,
misc/SPARK2/Ada-SPARK-Island-Perimeter,misc,SPARK2,Ada-SPARK-Island-Perimeter,yes,yes,yes,yes,yes,2,2,not run,,,,
misc/SPARK2/Ada-SPARK-Jaccard-Index,misc,SPARK2,Ada-SPARK-Jaccard-Index,yes,yes,yes,yes,yes,0,0,not run,,,,
misc/SPARK2/Ada-SPARK-Jump-Game,misc,SPARK2,Ada-SPARK-Jump-Game,yes,yes,yes,yes,yes,0,0,not run,,,,
misc/SPARK2/Ada-SPARK-Jump-Game-II,misc,SPARK2,Ada-SPARK-Jump-Game-II,yes,yes,yes,yes,yes,0,0,not run,,,,
misc/SPARK2/Ada-SPARK-K-Closest-Points-Stub,misc,SPARK2,Ada-SPARK-K-Closest-Points-Stub,yes,yes,yes,yes,yes,1,1,not run,,,,
misc/SPARK2/Ada-SPARK-K-Closest-Points-To-Origin,misc,SPARK2,Ada-SPARK-K-Closest-Points-To-Origin,yes,yes,yes,yes,yes,3,3,not run,,,,
misc/SPARK2/Ada-SPARK-Kadanes-Algorithm,misc,SPARK2,Ada-SPARK-Kadanes-Algorithm,yes,yes,yes,yes,yes,0,0,not run,,,misc/Ada/Kadanes-Algorithm,
misc/SPARK2/Ada-SPARK-Keyboard-Row,misc,SPARK2,Ada-SPARK-Keyboard-Row,yes,yes,yes,yes,yes,0,0,not run,,,,
misc/SPARK2/Ada-SPARK-Keys-And-Rooms,misc,SPARK2,Ada-SPARK-Keys-And-Rooms,yes,yes,yes,yes,yes,3,3,not run,,,,
misc/SPARK2/Ada-SPARK-Knapsack-01,misc,SPARK2,Ada-SPARK-Knapsack-01,yes,yes,yes,yes,yes,0,0,not run,,,,
misc/SPARK2/Ada-SPARK-Knight-Probability-In-Chessboard-Lite,misc,SPARK2,Ada-SPARK-Knight-Probability-In-Chessboard-Lite,yes,yes,yes,yes,yes,0,0,not run,,,,
misc/SPARK2/Ada-SPARK-Koko-Eating-Bananas,misc,SPARK2,Ada-SPARK-Koko-Eating-Bananas,yes,yes,yes,yes,yes,0,0,not run,,,,
misc/SPARK2/Ada-SPARK-Kth-Largest-Array,misc,SPARK2,Ada-SPARK-Kth-Largest-Array,yes,yes,yes,yes,yes,0,0,not run,,,,
misc/SPARK2/Ada-SPARK-Kth-Largest-Element,misc,SPARK2,Ada-SPARK-Kth-Largest-Element,yes,yes,yes,yes,yes,1,1,not run,,,,
misc/SPARK2/Ada-SPARK-Kth-Largest-Element-In-A-Stream,misc,SPARK2,Ada-SPARK-Kth-Largest-Element-In-A-Stream,yes,yes,yes,yes,yes,2,2,not run,,,,
misc/SPARK2/Ada-SPARK-Kth-Largest-Element-In-An-Array,misc,SPARK2,Ada-SPARK-Kth-Largest-Element-In-An-Array,yes,yes,yes,yes,yes,0,0,not run,,,,
misc/SPARK2/Ada-SPARK-Kth-Largest-In-Stream-Stub,misc,SPARK2,Ada-SPARK-Kth-Largest-In-Stream-Stub,yes,yes,yes,yes,yes,1,1,not run,,,,
misc/SPARK2/Ada-SPARK-L1-Norm,misc,SPARK2,Ada-SPARK-L1-Norm,yes,yes,yes,yes,yes,0,0,not run,,,,
misc/SPARK2/Ada-SPARK-L2-Norm-Squared,misc,SPARK2,Ada-SPARK-L2-Norm-Squared,yes,yes,yes,yes,yes,0,0,not run,,,,
misc/SPARK2/Ada-SPARK-LFU-Cache-Lite,misc,SPARK2,Ada-SPARK-LFU-Cache-Lite,yes,yes,yes,yes,yes,6,6,not run,,,,
misc/SPARK2/Ada-SPARK-LFU-Cache-Stub,misc,SPARK2,Ada-SPARK-LFU-Cache-Stub,yes,yes,yes,yes,yes,0,0,not run,,,,
misc/SPARK2/Ada-SPARK-LRU-Cache-Lite,misc,SPARK2,Ada-SPARK-LRU-Cache-Lite,yes,yes,yes,yes,yes,4,4,not run,,,,
misc/SPARK2/Ada-SPARK-LRU-Cache-Stub,misc,SPARK2,Ada-SPARK-LRU-Cache-Stub,yes,yes,yes,yes,yes,0,0,not run,,,,
misc/SPARK2/Ada-SPARK-Largest-Number,misc,SPARK2,Ada-SPARK-Largest-Number,yes,yes,yes,yes,yes,0,0,not run,,,,
misc/SPARK2/Ada-SPARK-Largest-Rectangle-In-Histogram,misc,SPARK2,Ada-SPARK-Largest-Rectangle-In-Histogram,yes,yes,yes,yes,yes,0,0,not run,,,,
misc/SPARK2/Ada-SPARK-Last-Stone-Weight,misc,SPARK2,Ada-SPARK-Last-Stone-Weight,yes,yes,yes,yes,yes,2,2,not run,,,,
misc/SPARK2/Ada-SPARK-Last-Stone-Weight-II,misc,SPARK2,Ada-SPARK-Last-Stone-Weight-II,yes,yes,yes,yes,yes,0,0,not run,,,,
misc/SPARK2/Ada-SPARK-Least-Common-Multiple,misc,SPARK2,Ada-SPARK-Least-Common-Multiple,yes,yes,yes,yes,yes,0,0,not run,,,,
misc/SPARK2/Ada-SPARK-Lemonade-Change,misc,SPARK2,Ada-SPARK-Lemonade-Change,yes,yes,yes,yes,yes,0,0,not run,,,,
misc/SPARK2/Ada-SPARK-Length-Of-Last-Word,misc,SPARK2,Ada-SPARK-Length-Of-Last-Word,yes,yes,yes,yes,yes,0,0,not run,,,,
misc/SPARK2/Ada-SPARK-Letter-Case-Permutation,misc,SPARK2,Ada-SPARK-Letter-Case-Permutation,yes,yes,yes,yes,yes,1,1,not run,,,,
misc/SPARK2/Ada-SPARK-Letter-Combinations-Of-A-Phone-Number,misc,SPARK2,Ada-SPARK-Letter-Combinations-Of-A-Phone-Number,yes,yes,yes,yes,yes,0,0,not run,,,,
misc/SPARK2/Ada-SPARK-License-Key-Formatting,misc,SPARK2,Ada-SPARK-License-Key-Formatting,yes,yes,yes,yes,yes,0,0,not run,,,,
misc/SPARK2/Ada-SPARK-Line-Intersection,misc,SPARK2,Ada-SPARK-Line-Intersection,yes,yes,yes,yes,yes,0,0,not run,,,,
misc/SPARK2/Ada-SPARK-Line-Reflection,misc,SPARK2,Ada-SPARK-Line-Reflection,yes,yes,yes,yes,yes,0,0,not run,,,,
misc/SPARK2/Ada-SPARK-Linked-List-Cycle,misc,SPARK2,Ada-SPARK-Linked-List-Cycle,yes,yes,yes,yes,yes,5,5,not run,,,,
misc/SPARK2/Ada-SPARK-Linked-List-Cycle-II,misc,SPARK2,Ada-SPARK-Linked-List-Cycle-II,yes,yes,yes,yes,yes,0,0,not run,,,,
misc/SPARK2/Ada-SPARK-Logger-Rate-Limiter-Lite,misc,SPARK2,Ada-SPARK-Logger-Rate-Limiter-Lite,yes,yes,yes,yes,yes,0,0,not run,,,,
misc/SPARK2/Ada-SPARK-Logger-Rate-Limiter-Stub,misc,SPARK2,Ada-SPARK-Logger-Rate-Limiter-Stub,yes,yes,yes,yes,yes,0,0,not run,,,,
misc/SPARK2/Ada-SPARK-Longest-Increasing-Subsequence,misc,SPARK2,Ada-SPARK-Longest-Increasing-Subsequence,yes,yes,yes,yes,yes,2,2,not run,,,misc/Ada/Longest-Increasing-Subsequence,
misc/SPARK2/Ada-SPARK-Longest-Mountain-In-Array,misc,SPARK2,Ada-SPARK-Longest-Mountain-In-Array,yes,yes,yes,yes,yes,1,1,not run,,,,
misc/SPARK2/Ada-SPARK-Longest-Ones,misc,SPARK2,Ada-SPARK-Longest-Ones,yes,yes,yes,yes,yes,2,2,not run,,,,
misc/SPARK2/Ada-SPARK-Longest-Palindromic-Subsequence,misc,SPARK2,Ada-SPARK-Longest-Palindromic-Subsequence,yes,yes,yes,yes,yes,2,2,not run,,,,
misc/SPARK2/Ada-SPARK-Longest-Repeating-Character-Replacement,misc,SPARK2,Ada-SPARK-Longest-Repeating-Character-Replacement,yes,yes,yes,yes,yes,0,0,not run,,,,
misc/SPARK2/Ada-SPARK-Longest-Word-In-Dictionary,misc,SPARK2,Ada-SPARK-Longest-Word-In-Dictionary,yes,yes,yes,yes,yes,3,3,not run,,,,
misc/SPARK2/Ada-SPARK-Magnetic-Force-Between-Two-Balls,misc,SPARK2,Ada-SPARK-Magnetic-Force-Between-Two-Balls,yes,yes,yes,yes,yes,0,0,not run,,,,
misc/SPARK2/Ada-SPARK-Majority-Element,misc,SPARK2,Ada-SPARK-Majority-Element,yes,yes,yes,yes,yes,0,0,not run,,,,
misc/SPARK2/Ada-SPARK-Majority-Element-II,misc,SPARK2,Ada-SPARK-Majority-Element-II,yes,yes,yes,yes,yes,0,0,not run,,,,
misc/SPARK2/Ada-SPARK-Manacher,misc,SPARK2,Ada-SPARK-Manacher,yes,yes,yes,yes,yes,0,0,not run,,,,
misc/SPARK2/Ada-SPARK-Manhattan-Distance,misc,SPARK2,Ada-SPARK-Manhattan-Distance,yes,yes,yes,yes,yes,0,0,not run,,,,
misc/SPARK2/Ada-SPARK-Map-Sum-Pairs,misc,SPARK2,Ada-SPARK-Map-Sum-Pairs,yes,yes,yes,yes,yes,3,3,not run,,,,
misc/SPARK2/Ada-SPARK-Mark-And-Sweep,misc,SPARK2,Ada-SPARK-Mark-And-Sweep,yes,yes,yes,yes,yes,2,2,not run,,,misc/Ada/Mark-and-Sweep,
misc/SPARK2/Ada-SPARK-Matchsticks-To-Square-Lite,misc,SPARK2,Ada-SPARK-Matchsticks-To-Square-Lite,yes,yes,yes,yes,yes,2,2,not run,,,,
misc/SPARK2/Ada-SPARK-Max-Area-Of-Island,misc,SPARK2,Ada-SPARK-Max-Area-Of-Island,yes,yes,yes,yes,yes,0,0,not run,,,,
misc/SPARK2/Ada-SPARK-Max-Consecutive-Ones,misc,SPARK2,Ada-SPARK-Max-Consecutive-Ones,yes,yes,yes,yes,yes,3,3,not run,,,,
misc/SPARK2/Ada-SPARK-Max-Consecutive-Ones-II,misc,SPARK2,Ada-SPARK-Max-Consecutive-Ones-II,yes,yes,yes,yes,yes,3,3,not run,,,,
misc/SPARK2/Ada-SPARK-Max-Consecutive-Ones-III,misc,SPARK2,Ada-SPARK-Max-Consecutive-Ones-III,yes,yes,yes,yes,yes,0,0,not run,,,,
misc/SPARK2/Ada-SPARK-Max-Heap,misc,SPARK2,Ada-SPARK-Max-Heap,yes,yes,yes,yes,yes,1,1,not run,,,,
misc/SPARK2/Ada-SPARK-Max-Path-Sum-Stub,misc,SPARK2,Ada-SPARK-Max-Path-Sum-Stub,yes,yes,yes,yes,yes,6,6,not run,,,,
misc/SPARK2/Ada-SPARK-Max-Points-On-A-Line-Lite,misc,SPARK2,Ada-SPARK-Max-Points-On-A-Line-Lite,yes,yes,yes,yes,yes,0,0,not run,,,,
misc/SPARK2/Ada-SPARK-Max-Product-Subarray,misc,SPARK2,Ada-SPARK-Max-Product-Subarray,yes,yes,yes,yes,yes,2,2,not run,,,,
misc/SPARK2/Ada-SPARK-Max-Stack,misc,SPARK2,Ada-SPARK-Max-Stack,yes,yes,yes,yes,yes,0,0,not run,,,,
misc/SPARK2/Ada-SPARK-Max-Stack-Stub,misc,SPARK2,Ada-SPARK-Max-Stack-Stub,yes,yes,yes,yes,yes,1,1,not run,,,,
misc/SPARK2/Ada-SPARK-Maximal-Rectangle,misc,SPARK2,Ada-SPARK-Maximal-Rectangle,yes,yes,yes,yes,yes,0,0,not run,,,,
misc/SPARK2/Ada-SPARK-Maximal-Square,misc,SPARK2,Ada-SPARK-Maximal-Square,yes,yes,yes,yes,yes,0,0,not run,,,,
misc/SPARK2/Ada-SPARK-Maximum-Candies-Allocated-To-K-Children,misc,SPARK2,Ada-SPARK-Maximum-Candies-Allocated-To-K-Children,yes,yes,yes,yes,yes,1,1,not run,,,,
misc/SPARK2/Ada-SPARK-Maximum-Ice-Cream-Bars,misc,SPARK2,Ada-SPARK-Maximum-Ice-Cream-Bars,yes,yes,yes,yes,yes,0,0,not run,,,,
misc/SPARK2/Ada-SPARK-Maximum-Points-You-Can-Obtain-From-Cards,misc,SPARK2,Ada-SPARK-Maximum-Points-You-Can-Obtain-From-Cards,yes,yes,yes,yes,yes,2,2,not run,,,,
misc/SPARK2/Ada-SPARK-Maximum-Product-Of-Word-Lengths,misc,SPARK2,Ada-SPARK-Maximum-Product-Of-Word-Lengths,yes,yes,yes,yes,yes,0,0,not run,,,,
misc/SPARK2/Ada-SPARK-Maximum-Product-Subarray,misc,SPARK2,Ada-SPARK-Maximum-Product-Subarray,yes,yes,yes,yes,yes,1,1,not run,,,,
misc/SPARK2/Ada-SPARK-Maximum-Subarray,misc,SPARK2,Ada-SPARK-Maximum-Subarray,yes,yes,yes,yes,yes,1,1,not run,,,,
misc/SPARK2/Ada-SPARK-Maximum-Subarray-Circular,misc,SPARK2,Ada-SPARK-Maximum-Subarray-Circular,yes,yes,yes,yes,yes,0,0,not run,,,,
misc/SPARK2/Ada-SPARK-Maximum-Twin-Sum-Of-A-Linked-List,misc,SPARK2,Ada-SPARK-Maximum-Twin-Sum-Of-A-Linked-List,yes,yes,yes,yes,yes,3,3,not run,,,,
misc/SPARK2/Ada-SPARK-Maximum-Units-On-A-Truck,misc,SPARK2,Ada-SPARK-Maximum-Units-On-A-Truck,yes,yes,yes,yes,yes,0,0,not run,,,,
misc/SPARK2/Ada-SPARK-Maximum-XOR-Of-Two-Numbers,misc,SPARK2,Ada-SPARK-Maximum-XOR-Of-Two-Numbers,yes,yes,yes,yes,yes,0,0,not run,,,,
misc/SPARK2/Ada-SPARK-Mean-Variance,misc,SPARK2,Ada-SPARK-Mean-Variance,yes,yes,yes,yes,yes,1,1,not run,,,,
misc/SPARK2/Ada-SPARK-Median-Filtering,misc,SPARK2,Ada-SPARK-Median-Filtering,yes,yes,yes,yes,yes,0,0,not run,,,misc/Ada/Median-Filtering,
misc/SPARK2/Ada-SPARK-Median-Of-Three,misc,SPARK2,Ada-SPARK-Median-Of-Three,yes,yes,yes,yes,yes,0,0,not run,,,,
misc/SPARK2/Ada-SPARK-Meeting-Rooms,misc,SPARK2,Ada-SPARK-Meeting-Rooms,yes,yes,yes,yes,yes,0,0,not run,,,,
misc/SPARK2/Ada-SPARK-Meeting-Rooms-II,misc,SPARK2,Ada-SPARK-Meeting-Rooms-II,yes,yes,yes,yes,yes,0,0,not run,,,,
misc/SPARK2/Ada-SPARK-Merge-In-Between-Linked-Lists,misc,SPARK2,Ada-SPARK-Merge-In-Between-Linked-Lists,yes,yes,yes,yes,yes,2,2,not run,,,,
misc/SPARK2/Ada-SPARK-Merge-Intervals,misc,SPARK2,Ada-SPARK-Merge-Intervals,yes,yes,yes,yes,yes,0,0,not run,,,,
misc/SPARK2/Ada-SPARK-Middle-Of-The-Linked-List,misc,SPARK2,Ada-SPARK-Middle-Of-The-Linked-List,yes,yes,yes,yes,yes,2,2,not run,,,,
misc/SPARK2/Ada-SPARK-Min-Cost-Climbing-Stairs,misc,SPARK2,Ada-SPARK-Min-Cost-Climbing-Stairs,yes,yes,yes,yes,yes,1,1,not run,,,,
misc/SPARK2/Ada-SPARK-Min-Cost-Connect-Cities-Stub,misc,SPARK2,Ada-SPARK-Min-Cost-Connect-Cities-Stub,yes,yes,yes,yes,yes,2,2,not run,,,,
misc/SPARK2/Ada-SPARK-Min-Cost-To-Connect-All-Points,misc,SPARK2,Ada-SPARK-Min-Cost-To-Connect-All-Points,yes,yes,yes,yes,yes,4,4,not run,,,,
misc/SPARK2/Ada-SPARK-Min-Heap,misc,SPARK2,Ada-SPARK-Min-Heap,yes,yes,yes,yes,yes,1,1,not run,,,,
misc/SPARK2/Ada-SPARK-Min-Max-Normalize,misc,SPARK2,Ada-SPARK-Min-Max-Normalize,yes,yes,yes,yes,yes,1,1,not run,,,,
misc/SPARK2/Ada-SPARK-Min-Stack,misc,SPARK2,Ada-SPARK-Min-Stack,yes,yes,yes,yes,yes,1,1,not run,,,,
misc/SPARK2/Ada-SPARK-Minimum-ASCII-Delete-Sum,misc,SPARK2,Ada-SPARK-Minimum-ASCII-Delete-Sum,yes,yes,yes,yes,yes,2,2,not run,,,,
misc/SPARK2/Ada-SPARK-Minimum-Bit-Flips-To-Convert-Number,misc,SPARK2,Ada-SPARK-Minimum-Bit-Flips-To-Convert-Number,yes,yes,yes,yes,yes,0,0,not run,,,,
misc/SPARK2/Ada-SPARK-Minimum-Cost-To-Move-Chips,misc,SPARK2,Ada-SPARK-Minimum-Cost-To-Move-Chips,yes,yes,yes,yes,yes,0,0,not run,,,,
misc/SPARK2/Ada-SPARK-Minimum-Deletions-To-Make-Character-Frequencies-Unique,misc,SPARK2,Ada-SPARK-Minimum-Deletions-To-Make-Character-Frequencies-Unique,yes,yes,yes,yes,yes,0,0,not run,,,,
misc/SPARK2/Ada-SPARK-Minimum-Number-Of-Arrows,misc,SPARK2,Ada-SPARK-Minimum-Number-Of-Arrows,yes,yes,yes,yes,yes,0,0,not run,,,,
misc/SPARK2/Ada-SPARK-Minimum-Number-Of-Days-To-Make-M-Bouquets,misc,SPARK2,Ada-SPARK-Minimum-Number-Of-Days-To-Make-M-Bouquets,yes,yes,yes,yes,yes,0,0,not run,,,,
misc/SPARK2/Ada-SPARK-Minimum-Number-Of-Moves-To-Seat,misc,SPARK2,Ada-SPARK-Minimum-Number-Of-Moves-To-Seat,yes,yes,yes,yes,yes,0,0,not run,,,,
misc/SPARK2/Ada-SPARK-Minimum-Operations-To-Make-The-Array-Increasing,misc,SPARK2,Ada-SPARK-Minimum-Operations-To-Make-The-Array-Increasing,yes,yes,yes,yes,yes,0,0,not run,,,,
misc/SPARK2/Ada-SPARK-Minimum-Path-Sum,misc,SPARK2,Ada-SPARK-Minimum-Path-Sum,yes,yes,yes,yes,yes,7,7,not run,,,,
misc/SPARK2/Ada-SPARK-Minimum-Sum-Of-Four-Digit-Number,misc,SPARK2,Ada-SPARK-Minimum-Sum-Of-Four-Digit-Number,yes,yes,yes,yes,yes,0,0,not run,,,,
misc/SPARK2/Ada-SPARK-Missing-Number,misc,SPARK2,Ada-SPARK-Missing-Number,yes,yes,yes,yes,yes,0,0,not run,,,,
misc/SPARK2/Ada-SPARK-Missing-Ranges-Stub,misc,SPARK2,Ada-SPARK-Missing-Ranges-Stub,yes,yes,yes,yes,yes,0,0,not run,,,,
misc/SPARK2/Ada-SPARK-Monotonic-Stack,misc,SPARK2,Ada-SPARK-Monotonic-Stack,yes,yes,yes,yes,yes,0,0,not run,,,,
misc/SPARK2/Ada-SPARK-Most-Common-Word,misc,SPARK2,Ada-SPARK-Most-Common-Word,yes,yes,yes,yes,yes,0,0,not run,,,,
misc/SPARK2/Ada-SPARK-Move-Zeroes,misc,SPARK2,Ada-SPARK-Move-Zeroes,yes,yes,yes,yes,yes,0,0,not run,,,,
misc/SPARK2/Ada-SPARK-Moving-Average,misc,SPARK2,Ada-SPARK-Moving-Average,yes,yes,yes,yes,yes,1,1,not run,,,,
misc/SPARK2/Ada-SPARK-Moving-Average-From-Data-Stream,misc,SPARK2,Ada-SPARK-Moving-Average-From-Data-Stream,yes,yes,yes,yes,yes,1,1,not run,,,,
misc/SPARK2/Ada-SPARK-My-Calendar-Stub,misc,SPARK2,Ada-SPARK-My-Calendar-Stub,yes,yes,yes,yes,yes,1,1,not run,,,,
misc/SPARK2/Ada-SPARK-My-Linked-List-Stub,misc,SPARK2,Ada-SPARK-My-Linked-List-Stub,yes,yes,yes,yes,yes,2,2,not run,,,,
misc/SPARK2/Ada-SPARK-N-Queens-Lite,misc,SPARK2,Ada-SPARK-N-Queens-Lite,yes,yes,yes,yes,yes,2,2,not run,,,,
misc/SPARK2/Ada-SPARK-N-Repeated-Element-In-Size-2N-Array,misc,SPARK2,Ada-SPARK-N-Repeated-Element-In-Size-2N-Array,yes,yes,yes,yes,yes,0,0,not run,,,,
misc/SPARK2/Ada-SPARK-N-th-Tribonacci,misc,SPARK2,Ada-SPARK-N-th-Tribonacci,yes,yes,yes,yes,yes,1,1,not run,,,,
misc/SPARK2/Ada-SPARK-Nearest-Exit-From-Entrance-In-Maze,misc,SPARK2,Ada-SPARK-Nearest-Exit-From-Entrance-In-Maze,yes,yes,yes,yes,yes,0,0,not run,,,,
misc/SPARK2/Ada-SPARK-Neighboring-Bitwise-XOR,misc,SPARK2,Ada-SPARK-Neighboring-Bitwise-XOR,yes,yes,yes,yes,yes,0,0,not run,,,,
misc/SPARK2/Ada-SPARK-Nested-Iterator-Stub,misc,SPARK2,Ada-SPARK-Nested-Iterator-Stub,yes,yes,yes,yes,yes,3,3,not run,,,,
misc/SPARK2/Ada-SPARK-Network-Delay-Time,misc,SPARK2,Ada-SPARK-Network-Delay-Time,yes,yes,yes,yes,yes,2,2,not run,,,,
misc/SPARK2/Ada-SPARK-Network-Delay-Time-Stub,misc,SPARK2,Ada-SPARK-Network-Delay-Time-Stub,yes,yes,yes,yes,yes,1,1,not run,,,,
misc/SPARK2/Ada-SPARK-New-21-Game-Lite,misc,SPARK2,Ada-SPARK-New-21-Game-Lite,yes,yes,yes,yes,yes,0,0,not run,,,,
misc/SPARK2/Ada-SPARK-Next-Greater-Element-I,misc,SPARK2,Ada-SPARK-Next-Greater-Element-I,yes,yes,yes,yes,yes,2,2,not run,,,,
misc/SPARK2/Ada-SPARK-Next-Greater-Element-II,misc,SPARK2,Ada-SPARK-Next-Greater-Element-II,yes,yes,yes,yes,yes,2,2,not run,,,,
misc/SPARK2/Ada-SPARK-Next-Greater-Node-In-Linked-List,misc,SPARK2,Ada-SPARK-Next-Greater-Node-In-Linked-List,yes,yes,yes,yes,yes,0,0,not run,,,,
misc/SPARK2/Ada-SPARK-Next-Permutation-Stub,misc,SPARK2,Ada-SPARK-Next-Permutation-Stub,yes,yes,yes,yes,yes,0,0,not run,,,,
misc/SPARK2/Ada-SPARK-Nim-Game,misc,SPARK2,Ada-SPARK-Nim-Game,yes,yes,yes,yes,yes,0,0,not run,,,,
misc/SPARK2/Ada-SPARK-Non-Decreasing-Array,misc,SPARK2,Ada-SPARK-Non-Decreasing-Array,yes,yes,yes,yes,yes,0,0,not run,,,,
misc/SPARK2/Ada-SPARK-Non-Overlapping-Intervals,misc,SPARK2,Ada-SPARK-Non-Overlapping-Intervals,yes,yes,yes,yes,yes,0,0,not run,,,,
misc/SPARK2/Ada-SPARK-Nth-Digit,misc,SPARK2,Ada-SPARK-Nth-Digit,yes,yes,yes,yes,yes,0,0,not run,,,,
misc/SPARK2/Ada-SPARK-Nth-Digit-Stub,misc,SPARK2,Ada-SPARK-Nth-Digit-Stub,yes,yes,yes,yes,yes,0,0,not run,,,,
misc/SPARK2/Ada-SPARK-Nth-Ugly-Number,misc,SPARK2,Ada-SPARK-Nth-Ugly-Number,yes,yes,yes,yes,yes,0,0,not run,,,,
misc/SPARK2/Ada-SPARK-Number-Complement,misc,SPARK2,Ada-SPARK-Number-Complement,yes,yes,yes,yes,yes,0,0,not run,,,,
misc/SPARK2/Ada-SPARK-Number-Of-1-Bits,misc,SPARK2,Ada-SPARK-Number-Of-1-Bits,yes,yes,yes,yes,yes,0,0,not run,,,,
misc/SPARK2/Ada-SPARK-Number-Of-1-Bits-In-Range,misc,SPARK2,Ada-SPARK-Number-Of-1-Bits-In-Range,yes,yes,yes,yes,yes,1,1,not run,,,,
misc/SPARK2/Ada-SPARK-Number-Of-Connected-Components,misc,SPARK2,Ada-SPARK-Number-Of-Connected-Components,yes,yes,yes,yes,yes,1,1,not run,,,,
misc/SPARK2/Ada-SPARK-Number-Of-Good-Pairs,misc,SPARK2,Ada-SPARK-Number-Of-Good-Pairs,yes,yes,yes,yes,yes,0,0,not run,,,,
misc/SPARK2/Ada-SPARK-Number-Of-Islands,misc,SPARK2,Ada-SPARK-Number-Of-Islands,yes,yes,yes,yes,yes,0,0,not run,,,,
misc/SPARK2/Ada-SPARK-Number-Of-Provinces,misc,SPARK2,Ada-SPARK-Number-Of-Provinces,yes,yes,yes,yes,yes,0,0,not run,,,,
misc/SPARK2/Ada-SPARK-Number-Of-Recent-Calls,misc,SPARK2,Ada-SPARK-Number-Of-Recent-Calls,yes,yes,yes,yes,yes,2,2,not run,,,,
misc/SPARK2/Ada-SPARK-Number-Of-Steps-To-Reduce-A-Number,misc,SPARK2,Ada-SPARK-Number-Of-Steps-To-Reduce-A-Number,yes,yes,yes,yes,yes,0,0,not run,,,,
misc/SPARK2/Ada-SPARK-Number-Of-Steps-To-Reduce-A-Number-In-Binary-Representation,misc,SPARK2,Ada-SPARK-Number-Of-Steps-To-Reduce-A-Number-In-Binary-Representation,yes,yes,yes,yes,yes,0,0,not run,,,,
misc/SPARK2/Ada-SPARK-One-Hot,misc,SPARK2,Ada-SPARK-One-Hot,yes,yes,yes,yes,yes,2,2,not run,,,,
misc/SPARK2/Ada-SPARK-Ones-And-Zeroes,misc,SPARK2,Ada-SPARK-Ones-And-Zeroes,yes,yes,yes,yes,yes,0,0,not run,,,,
misc/SPARK2/Ada-SPARK-Online-Stock-Span,misc,SPARK2,Ada-SPARK-Online-Stock-Span,yes,yes,yes,yes,yes,0,0,not run,,,,
misc/SPARK2/Ada-SPARK-Online-Stock-Span-Stub,misc,SPARK2,Ada-SPARK-Online-Stock-Span-Stub,yes,yes,yes,yes,yes,2,2,not run,,,,
misc/SPARK2/Ada-SPARK-Open-The-Lock,misc,SPARK2,Ada-SPARK-Open-The-Lock,yes,yes,yes,yes,yes,0,0,not run,,,,
misc/SPARK2/Ada-SPARK-Ordered-Stream-Stub,misc,SPARK2,Ada-SPARK-Ordered-Stream-Stub,yes,yes,yes,yes,yes,2,2,not run,,,,
misc/SPARK2/Ada-SPARK-Out-Of-Boundary-Paths-Lite,misc,SPARK2,Ada-SPARK-Out-Of-Boundary-Paths-Lite,yes,yes,yes,yes,yes,0,0,not run,,,,
misc/SPARK2/Ada-SPARK-Overlap-Coefficient,misc,SPARK2,Ada-SPARK-Overlap-Coefficient,yes,yes,yes,yes,yes,0,0,not run,,,,
misc/SPARK2/Ada-SPARK-PN-Counter,misc,SPARK2,Ada-SPARK-PN-Counter,yes,yes,yes,yes,yes,0,0,not run,,,,
misc/SPARK2/Ada-SPARK-Pacific-Atlantic-Water-Flow,misc,SPARK2,Ada-SPARK-Pacific-Atlantic-Water-Flow,yes,yes,yes,yes,yes,0,0,not run,,,,
misc/SPARK2/Ada-SPARK-Pacific-Atlantic-Water-Stub,misc,SPARK2,Ada-SPARK-Pacific-Atlantic-Water-Stub,yes,yes,yes,yes,yes,4,4,not run,,,,
misc/SPARK2/Ada-SPARK-Paint-Fence-Lite,misc,SPARK2,Ada-SPARK-Paint-Fence-Lite,yes,yes,yes,yes,yes,0,0,not run,,,,
misc/SPARK2/Ada-SPARK-Paint-House-Lite,misc,SPARK2,Ada-SPARK-Paint-House-Lite,yes,yes,yes,yes,yes,0,0,not run,,,,
misc/SPARK2/Ada-SPARK-Paint-House-Stub,misc,SPARK2,Ada-SPARK-Paint-House-Stub,yes,yes,yes,yes,yes,7,7,not run,,,,
misc/SPARK2/Ada-SPARK-Palindrome-Linked-List,misc,SPARK2,Ada-SPARK-Palindrome-Linked-List,yes,yes,yes,yes,yes,2,2,not run,,,,
misc/SPARK2/Ada-SPARK-Palindrome-Number,misc,SPARK2,Ada-SPARK-Palindrome-Number,yes,yes,yes,yes,yes,0,0,not run,,,,
misc/SPARK2/Ada-SPARK-Palindrome-Pairs-Lite,misc,SPARK2,Ada-SPARK-Palindrome-Pairs-Lite,yes,yes,yes,yes,yes,3,3,not run,,,,
misc/SPARK2/Ada-SPARK-Palindrome-Partitioning,misc,SPARK2,Ada-SPARK-Palindrome-Partitioning,yes,yes,yes,yes,yes,4,4,not run,,,,
misc/SPARK2/Ada-SPARK-Palindrome-Partitioning-II,misc,SPARK2,Ada-SPARK-Palindrome-Partitioning-II,yes,yes,yes,yes,yes,3,3,not run,,,,
misc/SPARK2/Ada-SPARK-Parity-Bits,misc,SPARK2,Ada-SPARK-Parity-Bits,yes,yes,yes,yes,yes,0,0,not run,,,,
misc/SPARK2/Ada-SPARK-Parking-System-Stub,misc,SPARK2,Ada-SPARK-Parking-System-Stub,yes,yes,yes,yes,yes,0,0,not run,,,,
misc/SPARK2/Ada-SPARK-Partition-Around-Pivot,misc,SPARK2,Ada-SPARK-Partition-Around-Pivot,yes,yes,yes,yes,yes,0,0,not run,,,,
misc/SPARK2/Ada-SPARK-Partition-Equal-Subset-Sum,misc,SPARK2,Ada-SPARK-Partition-Equal-Subset-Sum,yes,yes,yes,yes,yes,3,3,not run,,,,
misc/SPARK2/Ada-SPARK-Partition-Labels,misc,SPARK2,Ada-SPARK-Partition-Labels,yes,yes,yes,yes,yes,0,0,not run,,,,
misc/SPARK2/Ada-SPARK-Partition-List,misc,SPARK2,Ada-SPARK-Partition-List,no,no,no,no,no,NA,NA,no SPARK,,,,
misc/SPARK2/Ada-SPARK-Pascal-Triangle,misc,SPARK2,Ada-SPARK-Pascal-Triangle,yes,yes,yes,yes,yes,0,0,not run,,,,
misc/SPARK2/Ada-SPARK-Pascal-Triangle-II,misc,SPARK2,Ada-SPARK-Pascal-Triangle-II,yes,yes,yes,yes,yes,1,1,not run,,,,
misc/SPARK2/Ada-SPARK-Path-Sum,misc,SPARK2,Ada-SPARK-Path-Sum,yes,yes,yes,yes,yes,7,7,not run,,,,
misc/SPARK2/Ada-SPARK-Path-Sum-III-Lite,misc,SPARK2,Ada-SPARK-Path-Sum-III-Lite,yes,yes,yes,yes,yes,0,0,not run,,,,
misc/SPARK2/Ada-SPARK-Path-With-Minimum-Effort,misc,SPARK2,Ada-SPARK-Path-With-Minimum-Effort,yes,yes,yes,yes,yes,2,2,not run,,,,
misc/SPARK2/Ada-SPARK-Peak-Index-In-Mountain-Array,misc,SPARK2,Ada-SPARK-Peak-Index-In-Mountain-Array,yes,yes,yes,yes,yes,0,0,not run,,,,
misc/SPARK2/Ada-SPARK-Pearson-Correlation,misc,SPARK2,Ada-SPARK-Pearson-Correlation,yes,yes,yes,yes,yes,0,0,not run,,,,
misc/SPARK2/Ada-SPARK-Peeking-Iterator-Stub,misc,SPARK2,Ada-SPARK-Peeking-Iterator-Stub,yes,yes,yes,yes,yes,2,2,not run,,,,
misc/SPARK2/Ada-SPARK-Permutations,misc,SPARK2,Ada-SPARK-Permutations,yes,yes,yes,yes,yes,0,0,not run,,,,
misc/SPARK2/Ada-SPARK-Permutations-II,misc,SPARK2,Ada-SPARK-Permutations-II,yes,yes,yes,yes,yes,0,0,not run,,,,
misc/SPARK2/Ada-SPARK-Plus-One,misc,SPARK2,Ada-SPARK-Plus-One,yes,yes,yes,yes,yes,0,0,not run,,,,
misc/SPARK2/Ada-SPARK-Population-Count,misc,SPARK2,Ada-SPARK-Population-Count,yes,yes,yes,yes,yes,0,0,not run,,,,
misc/SPARK2/Ada-SPARK-Pow-X-N,misc,SPARK2,Ada-SPARK-Pow-X-N,yes,yes,yes,yes,yes,0,0,not run,,,,
misc/SPARK2/Ada-SPARK-Pow-X-N-Stub,misc,SPARK2,Ada-SPARK-Pow-X-N-Stub,yes,yes,yes,yes,yes,0,0,not run,,,,
misc/SPARK2/Ada-SPARK-Power-Of-Four,misc,SPARK2,Ada-SPARK-Power-Of-Four,yes,yes,yes,yes,yes,0,0,not run,,,,
misc/SPARK2/Ada-SPARK-Power-Of-Three,misc,SPARK2,Ada-SPARK-Power-Of-Three,yes,yes,yes,yes,yes,0,0,not run,,,,
misc/SPARK2/Ada-SPARK-Power-Of-Two,misc,SPARK2,Ada-SPARK-Power-Of-Two,yes,yes,yes,yes,yes,0,0,not run,,,,
misc/SPARK2/Ada-SPARK-Powx-N,misc,SPARK2,Ada-SPARK-Powx-N,yes,yes,yes,yes,yes,0,0,not run,,,,
misc/SPARK2/Ada-SPARK-Prefix-Sums,misc,SPARK2,Ada-SPARK-Prefix-Sums,yes,yes,yes,yes,yes,0,0,not run,,,,
misc/SPARK2/Ada-SPARK-Prim-MST-Lite,misc,SPARK2,Ada-SPARK-Prim-MST-Lite,yes,yes,yes,yes,yes,2,2,not run,,,,
misc/SPARK2/Ada-SPARK-Priority-Queue-Binary-Heap,misc,SPARK2,Ada-SPARK-Priority-Queue-Binary-Heap,yes,yes,yes,yes,yes,0,0,not run,,,,
misc/SPARK2/Ada-SPARK-Product-Except-Self,misc,SPARK2,Ada-SPARK-Product-Except-Self,yes,yes,yes,yes,yes,0,0,not run,,,,
misc/SPARK2/Ada-SPARK-Product-Of-Array-Except-Self,misc,SPARK2,Ada-SPARK-Product-Of-Array-Except-Self,yes,yes,yes,yes,yes,0,0,not run,,,,
misc/SPARK2/Ada-SPARK-Product-Of-Numbers-Stub,misc,SPARK2,Ada-SPARK-Product-Of-Numbers-Stub,yes,yes,yes,yes,yes,2,2,not run,,,,
misc/SPARK2/Ada-SPARK-Projection-Area-Of-3D-Shapes,misc,SPARK2,Ada-SPARK-Projection-Area-Of-3D-Shapes,yes,yes,yes,yes,yes,3,3,not run,,,,
misc/SPARK2/Ada-SPARK-Queue-Reconstruction-By-Height,misc,SPARK2,Ada-SPARK-Queue-Reconstruction-By-Height,yes,yes,yes,yes,yes,0,0,not run,,,,
misc/SPARK2/Ada-SPARK-Queue-Using-Stacks,misc,SPARK2,Ada-SPARK-Queue-Using-Stacks,yes,yes,yes,yes,yes,0,0,not run,,,,
misc/SPARK2/Ada-SPARK-Random-Pick-With-Weight-Lite,misc,SPARK2,Ada-SPARK-Random-Pick-With-Weight-Lite,yes,yes,yes,yes,yes,0,0,not run,,,,
misc/SPARK2/Ada-SPARK-Randomized-Collection,misc,SPARK2,Ada-SPARK-Randomized-Collection,yes,yes,yes,yes,yes,3,3,not run,,,,
misc/SPARK2/Ada-SPARK-Randomized-Set,misc,SPARK2,Ada-SPARK-Randomized-Set,yes,yes,yes,yes,yes,0,0,not run,,,,
misc/SPARK2/Ada-SPARK-Range-Addition,misc,SPARK2,Ada-SPARK-Range-Addition,yes,yes,yes,yes,yes,0,0,not run,,,,
misc/SPARK2/Ada-SPARK-Range-Module-Stub,misc,SPARK2,Ada-SPARK-Range-Module-Stub,yes,yes,yes,yes,yes,2,2,not run,,,,
misc/SPARK2/Ada-SPARK-Range-Sum-Query,misc,SPARK2,Ada-SPARK-Range-Sum-Query,yes,yes,yes,yes,yes,0,0,not run,,,,
misc/SPARK2/Ada-SPARK-Range-Sum-Query-2D-Immutable,misc,SPARK2,Ada-SPARK-Range-Sum-Query-2D-Immutable,yes,yes,yes,yes,yes,0,0,not run,,,,
misc/SPARK2/Ada-SPARK-Range-Sum-Query-Immutable,misc,SPARK2,Ada-SPARK-Range-Sum-Query-Immutable,yes,yes,yes,yes,yes,0,0,not run,,,,
misc/SPARK2/Ada-SPARK-Ransom-Note,misc,SPARK2,Ada-SPARK-Ransom-Note,yes,yes,yes,yes,yes,0,0,not run,,,,
misc/SPARK2/Ada-SPARK-Rate-Monotonic-Scheduling,misc,SPARK2,Ada-SPARK-Rate-Monotonic-Scheduling,yes,yes,yes,yes,yes,2,2,not run,,,,
misc/SPARK2/Ada-SPARK-Ravenscar-Job-Pool,misc,SPARK2,Ada-SPARK-Ravenscar-Job-Pool,yes,yes,yes,yes,yes,0,0,not run,,,,
misc/SPARK2/Ada-SPARK-Reach-A-Number,misc,SPARK2,Ada-SPARK-Reach-A-Number,yes,yes,yes,yes,yes,0,0,not run,,,,
misc/SPARK2/Ada-SPARK-Recent-Counter,misc,SPARK2,Ada-SPARK-Recent-Counter,yes,yes,yes,yes,yes,2,2,not run,,,,
misc/SPARK2/Ada-SPARK-Rectangle-Area,misc,SPARK2,Ada-SPARK-Rectangle-Area,yes,yes,yes,yes,yes,0,0,not run,,,,
misc/SPARK2/Ada-SPARK-Rectangle-Overlap,misc,SPARK2,Ada-SPARK-Rectangle-Overlap,yes,yes,yes,yes,yes,0,0,not run,,,,
misc/SPARK2/Ada-SPARK-Reduce-Array-Size-To-The-Half,misc,SPARK2,Ada-SPARK-Reduce-Array-Size-To-The-Half,yes,yes,yes,yes,yes,0,0,not run,,,,
misc/SPARK2/Ada-SPARK-Redundant-Connection,misc,SPARK2,Ada-SPARK-Redundant-Connection,yes,yes,yes,yes,yes,2,2,not run,,,,
misc/SPARK2/Ada-SPARK-Redundant-Connection-II,misc,SPARK2,Ada-SPARK-Redundant-Connection-II,yes,yes,yes,yes,yes,0,0,not run,,,,
misc/SPARK2/Ada-SPARK-Redundant-Connection-II-Lite,misc,SPARK2,Ada-SPARK-Redundant-Connection-II-Lite,yes,yes,yes,yes,yes,3,3,not run,,,,
misc/SPARK2/Ada-SPARK-Reference-Counting,misc,SPARK2,Ada-SPARK-Reference-Counting,yes,yes,yes,yes,yes,2,2,not run,,,misc/Ada/Reference-Counting,
misc/SPARK2/Ada-SPARK-Regular-Expression-Matching-Lite,misc,SPARK2,Ada-SPARK-Regular-Expression-Matching-Lite,yes,yes,yes,yes,yes,2,2,not run,,,,
misc/SPARK2/Ada-SPARK-Remove-All-Adjacent-Duplicates,misc,SPARK2,Ada-SPARK-Remove-All-Adjacent-Duplicates,yes,yes,yes,yes,yes,0,0,not run,,,,
misc/SPARK2/Ada-SPARK-Remove-All-Adjacent-Duplicates-II,misc,SPARK2,Ada-SPARK-Remove-All-Adjacent-Duplicates-II,yes,yes,yes,yes,yes,0,0,not run,,,,
misc/SPARK2/Ada-SPARK-Remove-Duplicate-Letters,misc,SPARK2,Ada-SPARK-Remove-Duplicate-Letters,yes,yes,yes,yes,yes,0,0,not run,,,,
misc/SPARK2/Ada-SPARK-Remove-Element,misc,SPARK2,Ada-SPARK-Remove-Element,yes,yes,yes,yes,yes,1,1,not run,,,,
misc/SPARK2/Ada-SPARK-Remove-K-Digits,misc,SPARK2,Ada-SPARK-Remove-K-Digits,yes,yes,yes,yes,yes,2,2,not run,,,,
misc/SPARK2/Ada-SPARK-Remove-Linked-List-Elements,misc,SPARK2,Ada-SPARK-Remove-Linked-List-Elements,yes,yes,yes,yes,yes,2,2,not run,,,,
misc/SPARK2/Ada-SPARK-Remove-Nth-Node-From-End,misc,SPARK2,Ada-SPARK-Remove-Nth-Node-From-End,yes,yes,yes,yes,yes,2,2,not run,,,,
misc/SPARK2/Ada-SPARK-Reorder-List,misc,SPARK2,Ada-SPARK-Reorder-List,yes,yes,yes,yes,yes,3,3,not run,,,,
misc/SPARK2/Ada-SPARK-Replace-Elements-With-Greatest-On-Right,misc,SPARK2,Ada-SPARK-Replace-Elements-With-Greatest-On-Right,yes,yes,yes,yes,yes,0,0,not run,,,,
misc/SPARK2/Ada-SPARK-Replace-Words,misc,SPARK2,Ada-SPARK-Replace-Words,yes,yes,yes,yes,yes,3,3,not run,,,,
misc/SPARK2/Ada-SPARK-Reservoir-Sampling,misc,SPARK2,Ada-SPARK-Reservoir-Sampling,yes,yes,yes,yes,yes,0,0,not run,,,,
misc/SPARK2/Ada-SPARK-Restore-IP-Addresses,misc,SPARK2,Ada-SPARK-Restore-IP-Addresses,yes,yes,yes,yes,yes,1,1,not run,,,,
misc/SPARK2/Ada-SPARK-Reverse-Bits,misc,SPARK2,Ada-SPARK-Reverse-Bits,yes,yes,yes,yes,yes,0,0,not run,,,,
misc/SPARK2/Ada-SPARK-Reverse-Integer,misc,SPARK2,Ada-SPARK-Reverse-Integer,yes,yes,yes,yes,yes,0,0,not run,,,,
misc/SPARK2/Ada-SPARK-Reverse-Linked-List,misc,SPARK2,Ada-SPARK-Reverse-Linked-List,yes,yes,yes,yes,yes,2,2,not run,,,,
misc/SPARK2/Ada-SPARK-Reverse-Linked-List-II,misc,SPARK2,Ada-SPARK-Reverse-Linked-List-II,no,yes,yes,yes,yes,2,2,proven,ada_spark_reverse_linked_list_ii.gpr,,,
misc/SPARK2/Ada-SPARK-Reverse-Only-Letters,misc,SPARK2,Ada-SPARK-Reverse-Only-Letters,yes,yes,yes,yes,yes,0,0,not run,,,,
misc/SPARK2/Ada-SPARK-Reverse-Pairs-Lite,misc,SPARK2,Ada-SPARK-Reverse-Pairs-Lite,yes,yes,yes,yes,yes,0,0,not run,,,,
misc/SPARK2/Ada-SPARK-Reverse-Vowels,misc,SPARK2,Ada-SPARK-Reverse-Vowels,yes,yes,yes,yes,yes,0,0,not run,,,,
misc/SPARK2/Ada-SPARK-Reverse-Words,misc,SPARK2,Ada-SPARK-Reverse-Words,yes,yes,yes,yes,yes,0,0,not run,,,,
misc/SPARK2/Ada-SPARK-Ring-Buffer,misc,SPARK2,Ada-SPARK-Ring-Buffer,yes,yes,yes,yes,yes,0,0,not run,,,,
misc/SPARK2/Ada-SPARK-Robot-Return-To-Origin,misc,SPARK2,Ada-SPARK-Robot-Return-To-Origin,yes,yes,yes,yes,yes,0,0,not run,,,,
misc/SPARK2/Ada-SPARK-Roman-To-Int,misc,SPARK2,Ada-SPARK-Roman-To-Int,yes,yes,yes,yes,yes,0,0,not run,,,,
misc/SPARK2/Ada-SPARK-Roman-To-Integer,misc,SPARK2,Ada-SPARK-Roman-To-Integer,yes,yes,yes,yes,yes,0,0,not run,,,,
misc/SPARK2/Ada-SPARK-Rotate-Array,misc,SPARK2,Ada-SPARK-Rotate-Array,yes,yes,yes,yes,yes,0,0,not run,,,,
misc/SPARK2/Ada-SPARK-Rotate-Image,misc,SPARK2,Ada-SPARK-Rotate-Image,yes,yes,yes,yes,yes,8,8,not run,,,,
misc/SPARK2/Ada-SPARK-Rotate-List,misc,SPARK2,Ada-SPARK-Rotate-List,no,yes,yes,yes,yes,2,2,proven,ada_spark_rotate_list.gpr,,,
misc/SPARK2/Ada-SPARK-Rotting-Oranges,misc,SPARK2,Ada-SPARK-Rotting-Oranges,yes,yes,yes,yes,yes,0,0,not run,,,,
misc/SPARK2/Ada-SPARK-Round-Robin-Scheduling,misc,SPARK2,Ada-SPARK-Round-Robin-Scheduling,yes,yes,yes,yes,yes,0,0,not run,,,,
misc/SPARK2/Ada-SPARK-Seat-Manager-Stub,misc,SPARK2,Ada-SPARK-Seat-Manager-Stub,yes,yes,yes,yes,yes,2,2,not run,,,,
misc/SPARK2/Ada-SPARK-Seat-Reservation-Manager,misc,SPARK2,Ada-SPARK-Seat-Reservation-Manager,yes,yes,yes,yes,yes,2,2,not run,,,,
misc/SPARK2/Ada-SPARK-Self-Dividing-Numbers,misc,SPARK2,Ada-SPARK-Self-Dividing-Numbers,yes,yes,yes,yes,yes,0,0,not run,,,,
misc/SPARK2/Ada-SPARK-Sequence-Reconstruction-Lite,misc,SPARK2,Ada-SPARK-Sequence-Reconstruction-Lite,yes,yes,yes,yes,yes,0,0,not run,,,,
misc/SPARK2/Ada-SPARK-Shift-2D-Grid,misc,SPARK2,Ada-SPARK-Shift-2D-Grid,yes,yes,yes,yes,yes,8,8,not run,,,,
misc/SPARK2/Ada-SPARK-Shortest-Bridge,misc,SPARK2,Ada-SPARK-Shortest-Bridge,yes,yes,yes,yes,yes,0,0,not run,,,,
misc/SPARK2/Ada-SPARK-Shortest-Common-Supersequence-Lite,misc,SPARK2,Ada-SPARK-Shortest-Common-Supersequence-Lite,yes,yes,yes,yes,yes,2,2,not run,,,,
misc/SPARK2/Ada-SPARK-Shortest-Completing-Word,misc,SPARK2,Ada-SPARK-Shortest-Completing-Word,yes,yes,yes,yes,yes,0,0,not run,,,,
misc/SPARK2/Ada-SPARK-Shortest-Job-Next,misc,SPARK2,Ada-SPARK-Shortest-Job-Next,yes,yes,yes,yes,yes,2,2,not run,,,,
misc/SPARK2/Ada-SPARK-Shortest-Remaining-Time,misc,SPARK2,Ada-SPARK-Shortest-Remaining-Time,yes,yes,yes,yes,yes,2,2,not run,,,,
misc/SPARK2/Ada-SPARK-Shortest-Word-Distance,misc,SPARK2,Ada-SPARK-Shortest-Word-Distance,yes,yes,yes,yes,yes,0,0,not run,,,,
misc/SPARK2/Ada-SPARK-Sigmoid,misc,SPARK2,Ada-SPARK-Sigmoid,yes,yes,yes,yes,yes,0,0,not run,,,,
misc/SPARK2/Ada-SPARK-Simplify-Path-Stub,misc,SPARK2,Ada-SPARK-Simplify-Path-Stub,yes,yes,yes,yes,yes,0,0,not run,,,,
misc/SPARK2/Ada-SPARK-Single-Number,misc,SPARK2,Ada-SPARK-Single-Number,yes,yes,yes,yes,yes,0,0,not run,,,,
misc/SPARK2/Ada-SPARK-Single-Number-II,misc,SPARK2,Ada-SPARK-Single-Number-II,yes,yes,yes,yes,yes,0,0,not run,,,,
misc/SPARK2/Ada-SPARK-Single-Number-III,misc,SPARK2,Ada-SPARK-Single-Number-III,yes,yes,yes,yes,yes,0,0,not run,,,,
misc/SPARK2/Ada-SPARK-Sliding-Window-Max,misc,SPARK2,Ada-SPARK-Sliding-Window-Max,yes,yes,yes,yes,yes,0,0,not run,,,,
misc/SPARK2/Ada-SPARK-Sliding-Window-Maximum,misc,SPARK2,Ada-SPARK-Sliding-Window-Maximum,yes,yes,yes,yes,yes,0,0,not run,,,,
misc/SPARK2/Ada-SPARK-Sliding-Window-Median,misc,SPARK2,Ada-SPARK-Sliding-Window-Median,yes,yes,yes,yes,yes,1,1,not run,,,,
misc/SPARK2/Ada-SPARK-Smallest-Integer-Divisible-By-K,misc,SPARK2,Ada-SPARK-Smallest-Integer-Divisible-By-K,yes,yes,yes,yes,yes,0,0,not run,,,,
misc/SPARK2/Ada-SPARK-Snapshot-Array-Stub,misc,SPARK2,Ada-SPARK-Snapshot-Array-Stub,yes,yes,yes,yes,yes,1,1,not run,,,,
misc/SPARK2/Ada-SPARK-Softmin,misc,SPARK2,Ada-SPARK-Softmin,yes,yes,yes,yes,yes,0,0,not run,,,,
misc/SPARK2/Ada-SPARK-Soup-Servings-Lite,misc,SPARK2,Ada-SPARK-Soup-Servings-Lite,yes,yes,yes,yes,yes,0,0,not run,,,,
misc/SPARK2/Ada-SPARK-Spearman-Rank-Stub,misc,SPARK2,Ada-SPARK-Spearman-Rank-Stub,yes,yes,yes,yes,yes,1,1,not run,,,,
misc/SPARK2/Ada-SPARK-Special-Array-With-X-Elements,misc,SPARK2,Ada-SPARK-Special-Array-With-X-Elements,yes,yes,yes,yes,yes,2,2,not run,,,,
misc/SPARK2/Ada-SPARK-Split-Array-Largest-Sum,misc,SPARK2,Ada-SPARK-Split-Array-Largest-Sum,yes,yes,yes,yes,yes,0,0,not run,,,,
misc/SPARK2/Ada-SPARK-Sqrt-Integer,misc,SPARK2,Ada-SPARK-Sqrt-Integer,yes,yes,yes,yes,yes,0,0,not run,,,,
misc/SPARK2/Ada-SPARK-Sqrt-X,misc,SPARK2,Ada-SPARK-Sqrt-X,yes,yes,yes,yes,yes,0,0,not run,,,,
misc/SPARK2/Ada-SPARK-Sqrtx,misc,SPARK2,Ada-SPARK-Sqrtx,yes,yes,yes,yes,yes,0,0,not run,,,,
misc/SPARK2/Ada-SPARK-Stack-Bounded,misc,SPARK2,Ada-SPARK-Stack-Bounded,yes,yes,yes,yes,yes,0,0,not run,,,,
misc/SPARK2/Ada-SPARK-Stack-Using-Queues-Stub,misc,SPARK2,Ada-SPARK-Stack-Using-Queues-Stub,yes,yes,yes,yes,yes,0,0,not run,,,,
misc/SPARK2/Ada-SPARK-Standard-Score,misc,SPARK2,Ada-SPARK-Standard-Score,yes,yes,yes,yes,yes,0,0,not run,,,,
misc/SPARK2/Ada-SPARK-Stock-Spanner-Stub,misc,SPARK2,Ada-SPARK-Stock-Spanner-Stub,yes,yes,yes,yes,yes,1,1,not run,,,,
misc/SPARK2/Ada-SPARK-Stream-Of-Characters-Lite,misc,SPARK2,Ada-SPARK-Stream-Of-Characters-Lite,yes,yes,yes,yes,yes,4,4,not run,,,,
misc/SPARK2/Ada-SPARK-Strstr-Naive,misc,SPARK2,Ada-SPARK-Strstr-Naive,yes,yes,yes,yes,yes,1,1,not run,,,,
misc/SPARK2/Ada-SPARK-Student-Attendance-Record-I,misc,SPARK2,Ada-SPARK-Student-Attendance-Record-I,yes,yes,yes,yes,yes,0,0,not run,,,,
misc/SPARK2/Ada-SPARK-Subarray-Sum-Equals-K,misc,SPARK2,Ada-SPARK-Subarray-Sum-Equals-K,yes,yes,yes,yes,yes,0,0,not run,,,,
misc/SPARK2/Ada-SPARK-Subarrays-With-K-Different-Integers,misc,SPARK2,Ada-SPARK-Subarrays-With-K-Different-Integers,yes,yes,yes,yes,yes,3,3,not run,,,,
misc/SPARK2/Ada-SPARK-Subsets,misc,SPARK2,Ada-SPARK-Subsets,yes,yes,yes,yes,yes,0,0,not run,,,,
misc/SPARK2/Ada-SPARK-Subsets-Bitmask,misc,SPARK2,Ada-SPARK-Subsets-Bitmask,yes,yes,yes,yes,yes,0,0,not run,,,,
misc/SPARK2/Ada-SPARK-Subsets-II,misc,SPARK2,Ada-SPARK-Subsets-II,yes,yes,yes,yes,yes,0,0,not run,,,,
misc/SPARK2/Ada-SPARK-Subtract-Product-Sum-Digits,misc,SPARK2,Ada-SPARK-Subtract-Product-Sum-Digits,yes,yes,yes,yes,yes,0,0,not run,,,,
misc/SPARK2/Ada-SPARK-Subtract-The-Product-And-Sum,misc,SPARK2,Ada-SPARK-Subtract-The-Product-And-Sum,yes,yes,yes,yes,yes,2,2,not run,,,,
misc/SPARK2/Ada-SPARK-Sudoku-Solver-Lite,misc,SPARK2,Ada-SPARK-Sudoku-Solver-Lite,yes,yes,yes,yes,yes,5,5,not run,,,,
misc/SPARK2/Ada-SPARK-Sum-Of-Left-Leaves,misc,SPARK2,Ada-SPARK-Sum-Of-Left-Leaves,yes,yes,yes,yes,yes,6,6,not run,,,,
misc/SPARK2/Ada-SPARK-Sum-Of-Subarray-Minimums,misc,SPARK2,Ada-SPARK-Sum-Of-Subarray-Minimums,yes,yes,yes,yes,yes,0,0,not run,,,,
misc/SPARK2/Ada-SPARK-Sum-Of-Two-Integers,misc,SPARK2,Ada-SPARK-Sum-Of-Two-Integers,yes,yes,yes,yes,yes,0,0,not run,,,,
misc/SPARK2/Ada-SPARK-Sum-Root-To-Leaf-Numbers,misc,SPARK2,Ada-SPARK-Sum-Root-To-Leaf-Numbers,yes,yes,yes,yes,yes,1,1,not run,,,,
misc/SPARK2/Ada-SPARK-Summary-Ranges,misc,SPARK2,Ada-SPARK-Summary-Ranges,yes,yes,yes,yes,yes,0,0,not run,,,,
misc/SPARK2/Ada-SPARK-Super-Ugly-Number,misc,SPARK2,Ada-SPARK-Super-Ugly-Number,yes,yes,yes,yes,yes,1,1,not run,,,,
misc/SPARK2/Ada-SPARK-Super-Ugly-Number-Stub,misc,SPARK2,Ada-SPARK-Super-Ugly-Number-Stub,yes,yes,yes,yes,yes,1,1,not run,,,,
misc/SPARK2/Ada-SPARK-Surface-Area-Of-3D-Shapes,misc,SPARK2,Ada-SPARK-Surface-Area-Of-3D-Shapes,yes,yes,yes,yes,yes,3,3,not run,,,,
misc/SPARK2/Ada-SPARK-Surrounded-Regions,misc,SPARK2,Ada-SPARK-Surrounded-Regions,yes,yes,yes,yes,yes,0,0,not run,,,,
misc/SPARK2/Ada-SPARK-Swap-Nodes-In-Pairs,misc,SPARK2,Ada-SPARK-Swap-Nodes-In-Pairs,no,yes,yes,yes,yes,2,2,proven,ada_spark_swap_nodes_in_pairs.gpr,,,
misc/SPARK2/Ada-SPARK-Swapping-Nodes-In-A-Linked-List,misc,SPARK2,Ada-SPARK-Swapping-Nodes-In-A-Linked-List,yes,yes,yes,yes,yes,2,2,not run,,,,
misc/SPARK2/Ada-SPARK-Swim-In-Rising-Water,misc,SPARK2,Ada-SPARK-Swim-In-Rising-Water,yes,yes,yes,yes,yes,2,2,not run,,,,
misc/SPARK2/Ada-SPARK-Swim-In-Rising-Water-Stub,misc,SPARK2,Ada-SPARK-Swim-In-Rising-Water-Stub,yes,yes,yes,yes,yes,3,3,not run,,,,
misc/SPARK2/Ada-SPARK-Tanimoto,misc,SPARK2,Ada-SPARK-Tanimoto,yes,yes,yes,yes,yes,0,0,not run,,,,
misc/SPARK2/Ada-SPARK-Target-Sum,misc,SPARK2,Ada-SPARK-Target-Sum,yes,yes,yes,yes,yes,4,4,not run,,,,
misc/SPARK2/Ada-SPARK-Target-Sum-Stub,misc,SPARK2,Ada-SPARK-Target-Sum-Stub,yes,yes,yes,yes,yes,2,2,not run,,,,
misc/SPARK2/Ada-SPARK-The-Skyline-Problem-Lite,misc,SPARK2,Ada-SPARK-The-Skyline-Problem-Lite,yes,yes,yes,yes,yes,2,2,not run,,,,
misc/SPARK2/Ada-SPARK-Third-Maximum-Number,misc,SPARK2,Ada-SPARK-Third-Maximum-Number,yes,yes,yes,yes,yes,0,0,not run,,,,
misc/SPARK2/Ada-SPARK-Three-Divisors,misc,SPARK2,Ada-SPARK-Three-Divisors,yes,yes,yes,yes,yes,0,0,not run,,,,
misc/SPARK2/Ada-SPARK-Three-Sum,misc,SPARK2,Ada-SPARK-Three-Sum,yes,yes,yes,yes,yes,2,2,not run,,,,
misc/SPARK2/Ada-SPARK-Three-Sum-Closest-Stub,misc,SPARK2,Ada-SPARK-Three-Sum-Closest-Stub,yes,yes,yes,yes,yes,0,0,not run,,,,
misc/SPARK2/Ada-SPARK-Tic-Tac-Toe-Stub,misc,SPARK2,Ada-SPARK-Tic-Tac-Toe-Stub,yes,yes,yes,yes,yes,12,12,not run,,,,
misc/SPARK2/Ada-SPARK-Time-Based-Key-Value-Store,misc,SPARK2,Ada-SPARK-Time-Based-Key-Value-Store,yes,yes,yes,yes,yes,0,0,not run,,,,
misc/SPARK2/Ada-SPARK-Time-Map-Stub,misc,SPARK2,Ada-SPARK-Time-Map-Stub,yes,yes,yes,yes,yes,1,1,not run,,,,
misc/SPARK2/Ada-SPARK-Title-To-Number,misc,SPARK2,Ada-SPARK-Title-To-Number,yes,yes,yes,yes,yes,0,0,not run,,,,
misc/SPARK2/Ada-SPARK-To-Lower-Case,misc,SPARK2,Ada-SPARK-To-Lower-Case,yes,yes,yes,yes,yes,0,0,not run,,,,
misc/SPARK2/Ada-SPARK-Top-K-Frequent-Elements,misc,SPARK2,Ada-SPARK-Top-K-Frequent-Elements,yes,yes,yes,yes,yes,1,1,not run,,,,
misc/SPARK2/Ada-SPARK-Top-K-Frequent-Stub,misc,SPARK2,Ada-SPARK-Top-K-Frequent-Stub,yes,yes,yes,yes,yes,0,0,not run,,,,
misc/SPARK2/Ada-SPARK-Top-K-Frequent-Words,misc,SPARK2,Ada-SPARK-Top-K-Frequent-Words,yes,yes,yes,yes,yes,3,3,not run,,,,
misc/SPARK2/Ada-SPARK-Top-Nodes-Algorithm,misc,SPARK2,Ada-SPARK-Top-Nodes-Algorithm,yes,yes,yes,yes,yes,2,2,not run,,,misc/Ada/Top-Nodes-Algorithm,
misc/SPARK2/Ada-SPARK-Trapezoidal-Rule,misc,SPARK2,Ada-SPARK-Trapezoidal-Rule,yes,yes,yes,yes,yes,0,0,not run,,,,
misc/SPARK2/Ada-SPARK-Trapping-Rain-Water,misc,SPARK2,Ada-SPARK-Trapping-Rain-Water,yes,yes,yes,yes,yes,2,2,not run,,,,
misc/SPARK2/Ada-SPARK-Trapping-Rain-Water-II-Lite,misc,SPARK2,Ada-SPARK-Trapping-Rain-Water-II-Lite,yes,yes,yes,yes,yes,1,1,not run,,,,
misc/SPARK2/Ada-SPARK-Triangle,misc,SPARK2,Ada-SPARK-Triangle,yes,yes,yes,yes,yes,0,0,not run,,,,
misc/SPARK2/Ada-SPARK-Triangle-Min-Path,misc,SPARK2,Ada-SPARK-Triangle-Min-Path,yes,yes,yes,yes,yes,10,10,not run,,,,
misc/SPARK2/Ada-SPARK-Tribonacci,misc,SPARK2,Ada-SPARK-Tribonacci,yes,yes,yes,yes,yes,0,0,not run,,,,
misc/SPARK2/Ada-SPARK-Tribonacci-Number,misc,SPARK2,Ada-SPARK-Tribonacci-Number,yes,yes,yes,yes,yes,1,1,not run,,,,
misc/SPARK2/Ada-SPARK-Tweet-Counts-Stub,misc,SPARK2,Ada-SPARK-Tweet-Counts-Stub,yes,yes,yes,yes,yes,2,2,not run,,,,
misc/SPARK2/Ada-SPARK-Two-City-Scheduling,misc,SPARK2,Ada-SPARK-Two-City-Scheduling,yes,yes,yes,yes,yes,0,0,not run,,,,
misc/SPARK2/Ada-SPARK-Two-Pointers-Sum,misc,SPARK2,Ada-SPARK-Two-Pointers-Sum,yes,yes,yes,yes,yes,0,0,not run,,,,
misc/SPARK2/Ada-SPARK-Two-Sum,misc,SPARK2,Ada-SPARK-Two-Sum,yes,yes,yes,yes,yes,0,0,not run,,,,
misc/SPARK2/Ada-SPARK-UTF-8-Validation,misc,SPARK2,Ada-SPARK-UTF-8-Validation,yes,yes,yes,yes,yes,0,0,not run,,,,
misc/SPARK2/Ada-SPARK-Ugly-Number,misc,SPARK2,Ada-SPARK-Ugly-Number,yes,yes,yes,yes,yes,0,0,not run,,,,
misc/SPARK2/Ada-SPARK-Ugly-Number-II,misc,SPARK2,Ada-SPARK-Ugly-Number-II,yes,yes,yes,yes,yes,1,1,not run,,,,
misc/SPARK2/Ada-SPARK-Uncommon-Words-From-Two-Sentences,misc,SPARK2,Ada-SPARK-Uncommon-Words-From-Two-Sentences,yes,yes,yes,yes,yes,0,0,not run,,,,
misc/SPARK2/Ada-SPARK-Underground-System-Stub,misc,SPARK2,Ada-SPARK-Underground-System-Stub,yes,yes,yes,yes,yes,1,1,not run,,,,
misc/SPARK2/Ada-SPARK-Union-Find,misc,SPARK2,Ada-SPARK-Union-Find,yes,yes,yes,yes,yes,0,0,not run,,,,
misc/SPARK2/Ada-SPARK-Unique-Email-Addresses,misc,SPARK2,Ada-SPARK-Unique-Email-Addresses,yes,yes,yes,yes,yes,0,0,not run,,,,
misc/SPARK2/Ada-SPARK-Unique-Morse-Code-Words,misc,SPARK2,Ada-SPARK-Unique-Morse-Code-Words,yes,yes,yes,yes,yes,0,0,not run,,,,
misc/SPARK2/Ada-SPARK-Unique-Paths,misc,SPARK2,Ada-SPARK-Unique-Paths,yes,yes,yes,yes,yes,0,0,not run,,,,
misc/SPARK2/Ada-SPARK-Unique-Paths-II,misc,SPARK2,Ada-SPARK-Unique-Paths-II,yes,yes,yes,yes,yes,7,7,not run,,,,
misc/SPARK2/Ada-SPARK-Valid-Anagram,misc,SPARK2,Ada-SPARK-Valid-Anagram,yes,yes,yes,yes,yes,0,0,not run,,,,
misc/SPARK2/Ada-SPARK-Valid-IP-Address-Stub,misc,SPARK2,Ada-SPARK-Valid-IP-Address-Stub,yes,yes,yes,yes,yes,0,0,not run,,,,
misc/SPARK2/Ada-SPARK-Valid-Number-Stub,misc,SPARK2,Ada-SPARK-Valid-Number-Stub,yes,yes,yes,yes,yes,0,0,not run,,,,
misc/SPARK2/Ada-SPARK-Valid-Palindrome,misc,SPARK2,Ada-SPARK-Valid-Palindrome,yes,yes,yes,yes,yes,0,0,not run,,,,
misc/SPARK2/Ada-SPARK-Valid-Palindrome-II,misc,SPARK2,Ada-SPARK-Valid-Palindrome-II,yes,yes,yes,yes,yes,0,0,not run,,,,
misc/SPARK2/Ada-SPARK-Valid-Parentheses,misc,SPARK2,Ada-SPARK-Valid-Parentheses,yes,yes,yes,yes,yes,0,0,not run,,,,
misc/SPARK2/Ada-SPARK-Valid-Square,misc,SPARK2,Ada-SPARK-Valid-Square,yes,yes,yes,yes,yes,0,0,not run,,,,
misc/SPARK2/Ada-SPARK-Valid-Sudoku-Stub,misc,SPARK2,Ada-SPARK-Valid-Sudoku-Stub,yes,yes,yes,yes,yes,8,8,not run,,,,
misc/SPARK2/Ada-SPARK-Valid-Word-Abbreviation,misc,SPARK2,Ada-SPARK-Valid-Word-Abbreviation,yes,yes,yes,yes,yes,0,0,not run,,,,
misc/SPARK2/Ada-SPARK-Validate-Stack-Sequences,misc,SPARK2,Ada-SPARK-Validate-Stack-Sequences,yes,yes,yes,yes,yes,0,0,not run,,,,
misc/SPARK2/Ada-SPARK-Vector-2D-Stub,misc,SPARK2,Ada-SPARK-Vector-2D-Stub,yes,yes,yes,yes,yes,0,0,not run,,,,
misc/SPARK2/Ada-SPARK-Vector-Dot-Cross,misc,SPARK2,Ada-SPARK-Vector-Dot-Cross,yes,yes,yes,yes,yes,0,0,not run,,,,
misc/SPARK2/Ada-SPARK-Water-Bottles,misc,SPARK2,Ada-SPARK-Water-Bottles,yes,yes,yes,yes,yes,0,0,not run,,,,
misc/SPARK2/Ada-SPARK-Wiggle-Subsequence,misc,SPARK2,Ada-SPARK-Wiggle-Subsequence,yes,yes,yes,yes,yes,0,0,not run,,,,
misc/SPARK2/Ada-SPARK-Wildcard-Matching-Lite,misc,SPARK2,Ada-SPARK-Wildcard-Matching-Lite,yes,yes,yes,yes,yes,2,2,not run,,,,
misc/SPARK2/Ada-SPARK-Word-Break,misc,SPARK2,Ada-SPARK-Word-Break,yes,yes,yes,yes,yes,0,0,not run,,,,
misc/SPARK2/Ada-SPARK-Word-Break-II,misc,SPARK2,Ada-SPARK-Word-Break-II,yes,yes,yes,yes,yes,5,5,not run,,,,
misc/SPARK2/Ada-SPARK-Word-Break-Stub,misc,SPARK2,Ada-SPARK-Word-Break-Stub,yes,yes,yes,yes,yes,3,3,not run,,,,
misc/SPARK2/Ada-SPARK-Word-Ladder-II-Lite,misc,SPARK2,Ada-SPARK-Word-Ladder-II-Lite,yes,yes,yes,yes,yes,0,0,not run,,,,
misc/SPARK2/Ada-SPARK-Word-Ladder-Lite,misc,SPARK2,Ada-SPARK-Word-Ladder-Lite,yes,yes,yes,yes,yes,0,0,not run,,,,
misc/SPARK2/Ada-SPARK-Word-Ladder-Stub,misc,SPARK2,Ada-SPARK-Word-Ladder-Stub,yes,yes,yes,yes,yes,1,1,not run,,,,
misc/SPARK2/Ada-SPARK-Word-Pattern,misc,SPARK2,Ada-SPARK-Word-Pattern,yes,yes,yes,yes,yes,0,0,not run,,,,
misc/SPARK2/Ada-SPARK-XOR-Of-Numbers-Range,misc,SPARK2,Ada-SPARK-XOR-Of-Numbers-Range,yes,yes,yes,yes,yes,1,1,not run,,,,
misc/SPARK2/Ada-SPARK-XOR-Operation-In-An-Array,misc,SPARK2,Ada-SPARK-XOR-Operation-In-An-Array,yes,yes,yes,yes,yes,0,0,not run,,,,
misc/SPARK2/Ada-SPARK-Zigzag-Iterator-Stub,misc,SPARK2,Ada-SPARK-Zigzag-Iterator-Stub,yes,yes,yes,yes,yes,3,3,not run,,,,
misc/SPARK4/Ada-SPARK-Accumulator,misc,SPARK4,Ada-SPARK-Accumulator,yes,yes,yes,yes,yes,0,0,proven,accumulator.gpr,,,
misc/SPARK4/Ada-SPARK-Blum-Blum-Shub,misc,SPARK4,Ada-SPARK-Blum-Blum-Shub,yes,yes,yes,yes,yes,0,0,not run,,,misc/Ada/Blum-Blum-Shub,
misc/SPARK4/Ada-SPARK-Heaps-Algorithm,misc,SPARK4,Ada-SPARK-Heaps-Algorithm,yes,yes,yes,yes,yes,0,3,proven,heaps_algorithm.gpr,,misc/Ada/Heaps-Algorithm,
misc/SPARK4/Ada-SPARK-K-Way-Merge,misc,SPARK4,Ada-SPARK-K-Way-Merge,yes,yes,yes,yes,yes,0,0,proven,k_way_merge.gpr,,misc/Ada/K-Way-Merge,
misc/SPARK4/Ada-SPARK-Lagged-Fibonacci-Generator,misc,SPARK4,Ada-SPARK-Lagged-Fibonacci-Generator,yes,yes,yes,yes,yes,0,0,proven,lagged_fibonacci_generator.gpr,,misc/Ada/Lagged-Fibonacci-Generator,
misc/SPARK4/Ada-SPARK-Lemke-Howson,misc,SPARK4,Ada-SPARK-Lemke-Howson,yes,yes,yes,yes,yes,0,0,not run,,,misc/Ada/Lemke-Howson,
misc/SPARK4/Ada-SPARK-Package-Merge-Algorithm,misc,SPARK4,Ada-SPARK-Package-Merge-Algorithm,yes,yes,yes,yes,yes,0,1,1 unproved,package_merge.gpr,,misc/Ada/Package-Merge-Algorithm,
misc/SPARK4/Ada-SPARK-Selection-Algorithm,misc,SPARK4,Ada-SPARK-Selection-Algorithm,yes,yes,yes,yes,yes,0,4,proven,selection_algorithm.gpr,,misc/Ada/Selection-Algorithm,
misc/SPARK4/Ada-SPARK-Shortest-Seek-First,misc,SPARK4,Ada-SPARK-Shortest-Seek-First,n/a,no,no,no,no,NA,NA,no SPARK,,,,
misc/SPARK4/demo,misc,SPARK4,demo,n/a,no,no,no,no,NA,NA,skipped (no SPARK_Mode),sstf_demo.gpr,,,
ml/Ada/AdaBoost,ml,Ada,AdaBoost,yes,yes,yes,yes,yes,1,0,no SPARK,,,,
ml/Ada/Backpropagation,ml,Ada,Backpropagation,yes,yes,yes,yes,yes,0,0,not run,,,,
ml/Ada/Boosting-Meta-Algorithm,ml,Ada,Boosting-Meta-Algorithm,yes,yes,yes,yes,yes,0,0,no SPARK,,,,
ml/Ada/BrownBoost,ml,Ada,BrownBoost,yes,yes,yes,yes,no,1,0,no SPARK,,,,
ml/Ada/Expectation-Maximization,ml,Ada,Expectation-Maximization,yes,yes,yes,yes,yes,0,0,no SPARK,,,,
ml/Ada/Forward-Backward,ml,Ada,Forward-Backward,yes,yes,yes,yes,yes,0,0,no SPARK,,,,
ml/Ada/Hidden-Markov-Model,ml,Ada,Hidden-Markov-Model,yes,yes,yes,yes,yes,0,1,no SPARK,,,,
ml/Ada/LPBoost,ml,Ada,LPBoost,yes,yes,yes,yes,no,0,0,not run,,,,
ml/Ada/LogitBoost,ml,Ada,LogitBoost,yes,yes,yes,yes,yes,115,115,no SPARK,,,,
ml/Ada/Naive-Bayes-Classifier,ml,Ada,Naive-Bayes-Classifier,yes,yes,yes,yes,no,0,0,no SPARK,,,,
ml/Ada/Neural-Network,ml,Ada,Neural-Network,yes,yes,yes,yes,yes,0,0,no SPARK,,,,
ml/Ada/Perceptron,ml,Ada,Perceptron,yes,yes,yes,yes,no,0,0,no SPARK,,,,
ml/Ada/Policy-Iteration,ml,Ada,Policy-Iteration,yes,yes,yes,yes,yes,0,3,no SPARK,,,,
ml/Ada/Pulse-Coupled-Neural-Networks,ml,Ada,Pulse-Coupled-Neural-Networks,yes,yes,yes,yes,yes,0,0,no SPARK,,,,
ml/Ada/Q-Learning,ml,Ada,Q-Learning,yes,yes,yes,yes,yes,0,0,not run,,,,
ml/Ada/Random-Forest,ml,Ada,Random-Forest,no,yes,yes,yes,no,0,0,no SPARK,,,,
ml/Ada/Reinforcement-Learning,ml,Ada,Reinforcement-Learning,yes,yes,yes,yes,yes,0,0,no SPARK,,,,
ml/Ada/Support-Vector-Machine,ml,Ada,Support-Vector-Machine,yes,yes,yes,yes,yes,0,0,no SPARK,,,,
ml/Ada/Value-Iteration,ml,Ada,Value-Iteration,yes,yes,yes,yes,yes,0,3,no SPARK,,,,
ml/Ada/Viterbi,ml,Ada,Viterbi,yes,yes,yes,yes,yes,0,0,no SPARK,,,,
ml/Ada/Winnow-Algorithm,ml,Ada,Winnow-Algorithm,yes,yes,yes,yes,yes,17,17,no SPARK,,,,
ml/SPARK2/Ada-SPARK-ReLU,ml,SPARK2,Ada-SPARK-ReLU,yes,yes,yes,yes,yes,0,0,proven,relu.gpr,,,
ml/SPARK2/Ada-SPARK-Softmax,ml,SPARK2,Ada-SPARK-Softmax,yes,yes,yes,yes,yes,1,1,proven,softmax.gpr,,,
numerical/Ada/Arnoldi,numerical,Ada,Arnoldi,yes,yes,yes,yes,yes,0,0,no SPARK,,,,
numerical/Ada/BBP,numerical,Ada,BBP,yes,yes,yes,yes,yes,0,0,no SPARK,,,,
numerical/Ada/BFGS,numerical,Ada,BFGS,yes,yes,yes,yes,yes,0,0,no SPARK,,,,
numerical/Ada/BKM,numerical,Ada,BKM,yes,yes,yes,yes,yes,0,0,no SPARK,,,,
numerical/Ada/Biconjugate-Gradient,numerical,Ada,Biconjugate-Gradient,yes,yes,yes,yes,yes,0,0,no SPARK,,,,
numerical/Ada/Bicubic-Interpolation,numerical,Ada,Bicubic-Interpolation,yes,yes,yes,yes,yes,0,0,no SPARK,,,,
numerical/Ada/Bilinear-Interpolation,numerical,Ada,Bilinear-Interpolation,yes,yes,yes,yes,yes,0,0,no SPARK,,,,
numerical/Ada/Binary-GCD,numerical,Ada,Binary-GCD,yes,yes,yes,yes,yes,0,0,no SPARK,,,,
numerical/Ada/Birkhoff-Interpolation,numerical,Ada,Birkhoff-Interpolation,yes,yes,yes,yes,yes,0,0,no SPARK,,,,
numerical/Ada/Bisection-Method,numerical,Ada,Bisection-Method,yes,yes,yes,yes,yes,0,0,no SPARK,,,numerical/SPARK2/Ada-SPARK-Bisection-Method,
numerical/Ada/Bluesteins-FFT-Algorithm,numerical,Ada,Bluesteins-FFT-Algorithm,yes,yes,yes,yes,yes,28,28,no SPARK,,,,
numerical/Ada/Borwein,numerical,Ada,Borwein,yes,yes,yes,yes,yes,0,0,no SPARK,,,,
numerical/Ada/Brents-Algorithm,numerical,Ada,Brents-Algorithm,yes,yes,yes,yes,yes,0,0,no SPARK,,,numerical/SPARK4/Ada-SPARK-Brents-Algorithm,
numerical/Ada/Bruuns-FFT-Algorithm,numerical,Ada,Bruuns-FFT-Algorithm,yes,yes,yes,yes,yes,21,21,no SPARK,,,,
numerical/Ada/CORDIC,numerical,Ada,CORDIC,yes,yes,yes,yes,yes,0,0,no SPARK,,,,
numerical/Ada/Cantor-Zassenhaus,numerical,Ada,Cantor-Zassenhaus,yes,yes,yes,yes,yes,0,0,no SPARK,,,,
numerical/Ada/Chakravala,numerical,Ada,Chakravala,yes,yes,yes,yes,yes,0,0,no SPARK,,,,
numerical/Ada/Chudnovsky,numerical,Ada,Chudnovsky,yes,yes,yes,yes,yes,0,0,no SPARK,,,,
numerical/Ada/Cipolla,numerical,Ada,Cipolla,yes,yes,yes,yes,yes,0,0,no SPARK,,,,
numerical/Ada/Conjugate-Gradient,numerical,Ada,Conjugate-Gradient,yes,yes,yes,yes,yes,0,0,no SPARK,,,,
numerical/Ada/Cooley-Tukey-FFT-Algorithm,numerical,Ada,Cooley-Tukey-FFT-Algorithm,yes,yes,yes,yes,yes,11,11,no SPARK,,,numerical/SPARK2/Ada-SPARK-Cooley-Tukey-FFT,
numerical/Ada/Cubic-Interpolation,numerical,Ada,Cubic-Interpolation,yes,yes,yes,yes,yes,0,0,no SPARK,,,,
numerical/Ada/Dixon,numerical,Ada,Dixon,yes,yes,yes,yes,yes,0,0,no SPARK,,,,
numerical/Ada/Euclidean-Algorithm,numerical,Ada,Euclidean-Algorithm,yes,yes,yes,yes,yes,0,0,no SPARK,,,numerical/SPARK4/Ada-SPARK-Euclidean-Algorithm,
numerical/Ada/Extended-Euclidean-Algorithm,numerical,Ada,Extended-Euclidean-Algorithm,yes,yes,yes,yes,yes,0,0,no SPARK,,,numerical/SPARK2/Ada-SPARK-Extended-Euclidean numerical/SPARK4/Ada-SPARK-Extended-Euclidean-Algorithm,
numerical/Ada/Fast-Fourier-Transform,numerical,Ada,Fast-Fourier-Transform,yes,yes,yes,yes,yes,6,6,no SPARK,,,,
numerical/Ada/Fermat-Primality-Test,numerical,Ada,Fermat-Primality-Test,yes,yes,yes,yes,yes,0,0,no SPARK,,,,
numerical/Ada/Furer,numerical,Ada,Furer,yes,yes,yes,yes,yes,0,0,no SPARK,,,,
numerical/Ada/Gauss-Legendre,numerical,Ada,Gauss-Legendre,yes,yes,yes,yes,yes,0,0,no SPARK,,,,
numerical/Ada/Gauss-Newton,numerical,Ada,Gauss-Newton,yes,yes,yes,yes,yes,0,0,no SPARK,,,,
numerical/Ada/General-Number-Field-Sieve,numerical,Ada,General-Number-Field-Sieve,yes,yes,yes,yes,yes,0,0,no SPARK,,,,
numerical/Ada/Gradient-Descent,numerical,Ada,Gradient-Descent,yes,yes,yes,yes,yes,0,0,no SPARK,,,,
numerical/Ada/Hermite-Interpolation,numerical,Ada,Hermite-Interpolation,yes,yes,yes,yes,yes,0,0,no SPARK,,,,
numerical/Ada/Hybrid-Monte-Carlo,numerical,Ada,Hybrid-Monte-Carlo,yes,yes,yes,yes,yes,0,0,no SPARK,,,,
numerical/Ada/Interior-Point-Method,numerical,Ada,Interior-Point-Method,yes,yes,yes,yes,yes,0,0,no SPARK,,,,
numerical/Ada/Karatsuba,numerical,Ada,Karatsuba,yes,yes,yes,yes,yes,0,0,no SPARK,,,,
numerical/Ada/Lagrange-Interpolation,numerical,Ada,Lagrange-Interpolation,yes,yes,yes,yes,yes,0,0,no SPARK,,,numerical/SPARK2/Ada-SPARK-Lagrange-Interpolation,
numerical/Ada/Lanczos,numerical,Ada,Lanczos,yes,yes,yes,yes,yes,0,0,no SPARK,,,,
numerical/Ada/Lanczos-Resampling,numerical,Ada,Lanczos-Resampling,yes,yes,yes,yes,yes,0,0,no SPARK,,,,
numerical/Ada/Levenberg-Marquardt,numerical,Ada,Levenberg-Marquardt,yes,yes,yes,yes,yes,0,0,no SPARK,,,,
numerical/Ada/Linear-Congruential-Generator,numerical,Ada,Linear-Congruential-Generator,yes,yes,yes,yes,yes,0,0,no SPARK,,,numerical/SPARK4/Ada-SPARK-Linear-Congruential-Generator,
numerical/Ada/Linear-Interpolation,numerical,Ada,Linear-Interpolation,yes,yes,yes,yes,yes,0,0,no SPARK,,,,
numerical/Ada/Lucas-Primality-Test,numerical,Ada,Lucas-Primality-Test,yes,yes,yes,yes,yes,0,0,no SPARK,,,,
numerical/Ada/MISER,numerical,Ada,MISER,yes,yes,yes,yes,yes,0,0,no SPARK,,,,
numerical/Ada/Mersenne-Twister,numerical,Ada,Mersenne-Twister,yes,yes,yes,yes,yes,6,8,no SPARK,,,numerical/SPARK4/Ada-SPARK-Mersenne-Twister,
numerical/Ada/Metropolis-Hastings,numerical,Ada,Metropolis-Hastings,yes,yes,yes,yes,yes,0,0,no SPARK,,,,
numerical/Ada/Metropolis-Light-Transport,numerical,Ada,Metropolis-Light-Transport,yes,yes,yes,yes,yes,1,1,no SPARK,,,,
numerical/Ada/Miller-Rabin,numerical,Ada,Miller-Rabin,yes,yes,yes,yes,yes,0,0,no SPARK,,,,
numerical/Ada/Monotone-Cubic-Interpolation,numerical,Ada,Monotone-Cubic-Interpolation,yes,yes,yes,yes,yes,0,0,no SPARK,,,,
numerical/Ada/Multivariate-Interpolation,numerical,Ada,Multivariate-Interpolation,yes,yes,yes,yes,yes,0,0,no SPARK,,,,
numerical/Ada/Nearest-Neighbor-Interpolation,numerical,Ada,Nearest-Neighbor-Interpolation,yes,yes,yes,yes,yes,0,0,no SPARK,,,,
numerical/Ada/Neville,numerical,Ada,Neville,yes,yes,yes,yes,yes,0,0,no SPARK,,,,
numerical/Ada/Newells-Algorithm,numerical,Ada,Newells-Algorithm,yes,yes,yes,yes,yes,0,0,no SPARK,,,,
numerical/Ada/Newton-Raphson-Division,numerical,Ada,Newton-Raphson-Division,yes,yes,yes,yes,yes,0,0,no SPARK,,,,
numerical/Ada/Pareto-Interpolation,numerical,Ada,Pareto-Interpolation,yes,yes,yes,yes,yes,0,0,no SPARK,,,,
numerical/Ada/Partial-Least-Squares,numerical,Ada,Partial-Least-Squares,yes,yes,yes,yes,yes,0,0,no SPARK,,,,
numerical/Ada/Pollards-Kangaroo-Algorithm,numerical,Ada,Pollards-Kangaroo-Algorithm,yes,yes,yes,yes,yes,0,0,no SPARK,,,,
numerical/Ada/Pollards-P-1,numerical,Ada,Pollards-P-1,yes,yes,yes,yes,yes,0,0,no SPARK,,,,
numerical/Ada/Pollards-Rho,numerical,Ada,Pollards-Rho,yes,yes,yes,yes,yes,0,0,no SPARK,,,,
numerical/Ada/Pollards-Rho-Logarithms,numerical,Ada,Pollards-Rho-Logarithms,yes,yes,yes,yes,yes,0,0,no SPARK,,,,
numerical/Ada/Polynomial-Interpolation,numerical,Ada,Polynomial-Interpolation,yes,yes,yes,yes,yes,0,0,no SPARK,,,,
numerical/Ada/Primality-Test,numerical,Ada,Primality-Test,yes,yes,yes,yes,yes,0,0,no SPARK,,,,
numerical/Ada/Prime-Factor-FFT-Algorithm,numerical,Ada,Prime-Factor-FFT-Algorithm,yes,yes,yes,yes,yes,24,24,no SPARK,,,,
numerical/Ada/Prime-Factorization,numerical,Ada,Prime-Factorization,yes,yes,yes,yes,yes,0,0,no SPARK,,,,
numerical/Ada/Quadratic-Sieve,numerical,Ada,Quadratic-Sieve,yes,yes,yes,yes,yes,0,0,no SPARK,,,,
numerical/Ada/Raders-FFT-Algorithm,numerical,Ada,Raders-FFT-Algorithm,yes,yes,yes,yes,yes,27,27,no SPARK,,,,
numerical/Ada/Runge-Kutta,numerical,Ada,Runge-Kutta,yes,yes,yes,yes,yes,0,0,no SPARK,,,,
numerical/Ada/Secant-Method,numerical,Ada,Secant-Method,yes,yes,yes,yes,yes,0,0,no SPARK,,,numerical/SPARK2/Ada-SPARK-Secant-Method,
numerical/Ada/Sieve-Of-Atkin,numerical,Ada,Sieve-Of-Atkin,yes,yes,yes,yes,yes,0,0,no SPARK,,,,
numerical/Ada/Sieve-Of-Eratosthenes,numerical,Ada,Sieve-Of-Eratosthenes,yes,yes,yes,yes,yes,0,0,no SPARK,,,numerical/SPARK2/Ada-SPARK-Sieve-Of-Eratosthenes,
numerical/Ada/Sieve-Of-Sundaram,numerical,Ada,Sieve-Of-Sundaram,yes,yes,yes,yes,yes,5,5,no SPARK,,,,
numerical/Ada/Special-Number-Field-Sieve,numerical,Ada,Special-Number-Field-Sieve,yes,yes,yes,yes,yes,0,0,no SPARK,,,,
numerical/Ada/Spline-Interpolation,numerical,Ada,Spline-Interpolation,yes,yes,yes,yes,yes,0,0,no SPARK,,,,
numerical/Ada/Tonelli-Shanks,numerical,Ada,Tonelli-Shanks,yes,yes,yes,yes,yes,0,0,no SPARK,,,,
numerical/Ada/Tricubic-Interpolation,numerical,Ada,Tricubic-Interpolation,yes,yes,yes,yes,yes,0,0,no SPARK,,,,
numerical/Ada/Trigonometric-Interpolation,numerical,Ada,Trigonometric-Interpolation,yes,yes,yes,yes,yes,13,13,no SPARK,,,,
numerical/Ada/Ziggurat-Algorithm,numerical,Ada,Ziggurat-Algorithm,yes,yes,yes,yes,yes,0,0,no SPARK,,,,
numerical/SPARK2/Ada-SPARK-Bisection-Method,numerical,SPARK2,Ada-SPARK-Bisection-Method,yes,yes,yes,yes,yes,0,0,proven,bisection_method.gpr,,numerical/Ada/Bisection-Method,
numerical/SPARK2/Ada-SPARK-Chebyshev-Distance,numerical,SPARK2,Ada-SPARK-Chebyshev-Distance,yes,yes,yes,yes,yes,0,0,proven,chebyshev_distance.gpr,,,
numerical/SPARK2/Ada-SPARK-Cooley-Tukey-FFT,numerical,SPARK2,Ada-SPARK-Cooley-Tukey-FFT,yes,yes,yes,yes,yes,0,0,proven,cooley_tukey_fft.gpr,,numerical/Ada/Cooley-Tukey-FFT-Algorithm,
numerical/SPARK2/Ada-SPARK-Count-Primes,numerical,SPARK2,Ada-SPARK-Count-Primes,yes,yes,yes,yes,yes,0,0,proven,count_primes.gpr,count_primes.gpr,,
numerical/SPARK2/Ada-SPARK-Count-Primes-Stub,numerical,SPARK2,Ada-SPARK-Count-Primes-Stub,yes,yes,yes,yes,yes,0,0,proven,proof.gpr,count_primes.gpr,,
numerical/SPARK2/Ada-SPARK-Extended-Euclidean,numerical,SPARK2,Ada-SPARK-Extended-Euclidean,yes,yes,yes,yes,yes,0,0,proven,proof.gpr,,numerical/Ada/Extended-Euclidean-Algorithm,
numerical/SPARK2/Ada-SPARK-Lagrange-Interpolation,numerical,SPARK2,Ada-SPARK-Lagrange-Interpolation,yes,yes,yes,yes,yes,0,0,proven,lagrange_interpolation.gpr,,numerical/Ada/Lagrange-Interpolation,
numerical/SPARK2/Ada-SPARK-Maximum-Performance-Of-A-Team-Lite,numerical,SPARK2,Ada-SPARK-Maximum-Performance-Of-A-Team-Lite,yes,yes,yes,yes,yes,4,4,proven,proof.gpr,,,
numerical/SPARK2/Ada-SPARK-Minimum-Limit-Of-Balls-In-A-Bag,numerical,SPARK2,Ada-SPARK-Minimum-Limit-Of-Balls-In-A-Bag,yes,yes,yes,yes,yes,1,1,proven,proof.gpr,,,
numerical/SPARK2/Ada-SPARK-Modular-Exponentiation,numerical,SPARK2,Ada-SPARK-Modular-Exponentiation,yes,yes,yes,yes,yes,0,2,proven,proof.gpr,,,
numerical/SPARK2/Ada-SPARK-Newton-Raphson,numerical,SPARK2,Ada-SPARK-Newton-Raphson,yes,yes,yes,yes,yes,0,0,proven,newton_raphson.gpr,,,
numerical/SPARK2/Ada-SPARK-Perfect-Number,numerical,SPARK2,Ada-SPARK-Perfect-Number,yes,yes,yes,yes,yes,0,0,proven,proof.gpr,,,
numerical/SPARK2/Ada-SPARK-Perfect-Squares,numerical,SPARK2,Ada-SPARK-Perfect-Squares,yes,yes,yes,yes,yes,0,0,proven,perfect_squares.gpr,,,
numerical/SPARK2/Ada-SPARK-Prime-Check,numerical,SPARK2,Ada-SPARK-Prime-Check,yes,yes,yes,yes,yes,0,0,proven,proof.gpr,,,
numerical/SPARK2/Ada-SPARK-Prime-Number-Of-Set-Bits,numerical,SPARK2,Ada-SPARK-Prime-Number-Of-Set-Bits,yes,yes,yes,yes,yes,0,0,proven,prime_number_of_set_bits.gpr,,,
numerical/SPARK2/Ada-SPARK-Prime-Number-Of-Set-Bits-In-Binary-Representation,numerical,SPARK2,Ada-SPARK-Prime-Number-Of-Set-Bits-In-Binary-Representation,yes,yes,yes,yes,yes,1,1,proven,Prime_Number_Of_Set_Bits_In_Binary_Representation.gpr,,,
numerical/SPARK2/Ada-SPARK-Secant-Method,numerical,SPARK2,Ada-SPARK-Secant-Method,yes,yes,yes,yes,yes,0,0,proven,secant_method.gpr,,numerical/Ada/Secant-Method,
numerical/SPARK2/Ada-SPARK-Sieve-Of-Eratosthenes,numerical,SPARK2,Ada-SPARK-Sieve-Of-Eratosthenes,yes,yes,yes,yes,yes,0,0,proven,sieve_of_eratosthenes.gpr,,numerical/Ada/Sieve-Of-Eratosthenes,
numerical/SPARK2/Ada-SPARK-Simpson-Rule,numerical,SPARK2,Ada-SPARK-Simpson-Rule,yes,yes,yes,yes,yes,0,0,proven,simpson_rule.gpr,,,
numerical/SPARK2/Ada-SPARK-Successful-Pairs-Of-Spells-And-Potions,numerical,SPARK2,Ada-SPARK-Successful-Pairs-Of-Spells-And-Potions,yes,yes,yes,yes,yes,2,2,proven,proof.gpr,,,
numerical/SPARK2/Ada-SPARK-Valid-Perfect-Square,numerical,SPARK2,Ada-SPARK-Valid-Perfect-Square,yes,yes,yes,yes,yes,0,0,proven,valid_perfect_square.gpr,,,
numerical/SPARK2/Ada-SPARK-Walls-And-Gates,numerical,SPARK2,Ada-SPARK-Walls-And-Gates,yes,yes,yes,yes,yes,0,0,proven,walls_and_gates.gpr,,,
numerical/SPARK4/Ada-SPARK-Brents-Algorithm,numerical,SPARK4,Ada-SPARK-Brents-Algorithm,yes,yes,yes,yes,yes,0,0,not run,,,numerical/Ada/Brents-Algorithm,
numerical/SPARK4/Ada-SPARK-Euclidean-Algorithm,numerical,SPARK4,Ada-SPARK-Euclidean-Algorithm,yes,yes,yes,yes,yes,0,0,not run,,,numerical/Ada/Euclidean-Algorithm,
numerical/SPARK4/Ada-SPARK-Extended-Euclidean-Algorithm,numerical,SPARK4,Ada-SPARK-Extended-Euclidean-Algorithm,yes,yes,yes,yes,yes,0,0,not run,,,numerical/Ada/Extended-Euclidean-Algorithm,
numerical/SPARK4/Ada-SPARK-Linear-Congruential-Generator,numerical,SPARK4,Ada-SPARK-Linear-Congruential-Generator,yes,yes,yes,yes,yes,0,0,not run,,,numerical/Ada/Linear-Congruential-Generator,
numerical/SPARK4/Ada-SPARK-Mersenne-Twister,numerical,SPARK4,Ada-SPARK-Mersenne-Twister,yes,yes,yes,yes,yes,0,0,not run,,,numerical/Ada/Mersenne-Twister,
numerical/SPARK4/Ada-SPARK-Modular-Arithmetic,numerical,SPARK4,Ada-SPARK-Modular-Arithmetic,yes,yes,yes,yes,yes,0,0,not run,,,,
parsing/Ada/Canonical-LR-Parser,parsing,Ada,Canonical-LR-Parser,yes,yes,yes,yes,yes,0,0,no SPARK,,,,
parsing/Ada/GLR-Parser,parsing,Ada,GLR-Parser,yes,yes,yes,yes,yes,0,0,no SPARK,,,,
parsing/Ada/LALR,parsing,Ada,LALR,yes,yes,yes,yes,yes,0,0,no SPARK,,,,
parsing/Ada/LL-Parser,parsing,Ada,LL-Parser,yes,yes,yes,yes,yes,0,0,no SPARK,,,,
parsing/Ada/LR-Parser,parsing,Ada,LR-Parser,yes,yes,yes,yes,yes,0,0,no SPARK,,,,
parsing/Ada/Operator-Precedence-Parser,parsing,Ada,Operator-Precedence-Parser,yes,yes,yes,yes,yes,0,0,no SPARK,,,,
parsing/Ada/Packrat-Parser,parsing,Ada,Packrat-Parser,yes,yes,yes,yes,yes,0,0,no SPARK,,,,
parsing/Ada/Pratt-Parser,parsing,Ada,Pratt-Parser,yes,yes,yes,yes,yes,0,0,no SPARK,,,,
parsing/Ada/Recursive-Descent-Parser,parsing,Ada,Recursive-Descent-Parser,yes,yes,yes,yes,yes,0,0,no SPARK,,,,
parsing/Ada/Shunting-Yard-Algorithm,parsing,Ada,Shunting-Yard-Algorithm,yes,yes,yes,yes,yes,0,0,no SPARK,,,,
parsing/Ada/Simple-LR-Parser,parsing,Ada,Simple-LR-Parser,yes,yes,yes,yes,yes,0,0,no SPARK,,,,
parsing/Ada/Simple-Precdence-Parser,parsing,Ada,Simple-Precdence-Parser,yes,yes,yes,yes,yes,0,0,no SPARK,,,,
parsing/Ada/Simplex-Algorithm,parsing,Ada,Simplex-Algorithm,yes,yes,yes,yes,yes,0,0,no SPARK,,,,
parsing/Ada/Step-Parser,parsing,Ada,Step-Parser,yes,yes,yes,yes,yes,0,0,no SPARK,,,,
parsing/SPARK2/Ada-SPARK-Sparse-Set,parsing,SPARK2,Ada-SPARK-Sparse-Set,yes,yes,yes,yes,yes,0,0,proven,sparse_set.gpr,,,
parsing/SPARK2/Ada-SPARK-Sparse-Vector-Dot-Stub,parsing,SPARK2,Ada-SPARK-Sparse-Vector-Dot-Stub,yes,yes,yes,yes,yes,5,5,proven,proof.gpr,,,
searching/Ada/Best-First-Search,searching,Ada,Best-First-Search,yes,yes,yes,yes,yes,0,0,no SPARK,,,,
searching/Ada/Bidirectional-Search,searching,Ada,Bidirectional-Search,yes,yes,yes,yes,yes,0,0,no SPARK,,,,
searching/Ada/Binary-Search,searching,Ada,Binary-Search,yes,yes,yes,yes,yes,0,0,no SPARK,,,searching/SPARK4/Ada-SPARK-Binary-Search,
searching/Ada/Breadth-First-Search,searching,Ada,Breadth-First-Search,yes,yes,yes,yes,yes,0,0,no SPARK,,,,
searching/Ada/Brute-Force-Search,searching,Ada,Brute-Force-Search,yes,yes,yes,yes,yes,0,0,no SPARK,,,,
searching/Ada/Chien-Search,searching,Ada,Chien-Search,yes,yes,yes,yes,yes,0,0,no SPARK,,,,
searching/Ada/Depth-First-Search,searching,Ada,Depth-First-Search,yes,yes,yes,yes,yes,0,0,no SPARK,,,,
searching/Ada/Eytzinger-Binary-Search,searching,Ada,Eytzinger-Binary-Search,yes,yes,yes,yes,yes,0,0,no SPARK,,,,
searching/Ada/Fibonacci-Search,searching,Ada,Fibonacci-Search,yes,yes,yes,yes,yes,0,0,no SPARK,,,searching/SPARK4/Ada-SPARK-Fibonacci-Search,
searching/Ada/Golden-Section-Search,searching,Ada,Golden-Section-Search,yes,yes,yes,yes,yes,0,0,no SPARK,,,,
searching/Ada/Grid-Search,searching,Ada,Grid-Search,yes,yes,yes,yes,yes,0,0,no SPARK,,,,
searching/Ada/Harmony-Search,searching,Ada,Harmony-Search,yes,yes,yes,yes,yes,0,2,no SPARK,,,,
searching/Ada/Hyperlink-Induced-Topic-Search,searching,Ada,Hyperlink-Induced-Topic-Search,yes,yes,yes,yes,yes,0,0,no SPARK,,,,
searching/Ada/Interpolation-Search,searching,Ada,Interpolation-Search,yes,yes,yes,yes,yes,0,0,no SPARK,,,searching/SPARK4/Ada-SPARK-Interpolation-Search,
searching/Ada/Introselect,searching,Ada,Introselect,yes,yes,yes,yes,yes,0,0,no SPARK,,,searching/SPARK4/Ada-SPARK-Introselect,
searching/Ada/Iterative-Deepening-Depth-First-Search,searching,Ada,Iterative-Deepening-Depth-First-Search,yes,yes,yes,yes,yes,0,0,no SPARK,,,,
searching/Ada/Jump-Point-Search,searching,Ada,Jump-Point-Search,yes,yes,yes,yes,yes,0,0,no SPARK,,,,
searching/Ada/Jump-Search,searching,Ada,Jump-Search,yes,yes,yes,yes,yes,0,0,no SPARK,,,searching/SPARK4/Ada-SPARK-Jump-Search,
searching/Ada/Lexicographic-Breadth-First-Search,searching,Ada,Lexicographic-Breadth-First-Search,yes,yes,yes,yes,yes,0,0,no SPARK,,,,
searching/Ada/Line-Search,searching,Ada,Line-Search,yes,yes,yes,yes,yes,0,0,no SPARK,,,,
searching/Ada/Linear-Search,searching,Ada,Linear-Search,yes,yes,yes,yes,yes,0,0,no SPARK,,,searching/SPARK4/Ada-SPARK-Linear-Search,
searching/Ada/Local-Search,searching,Ada,Local-Search,yes,yes,yes,yes,yes,0,0,no SPARK,,,,
searching/Ada/Monte-Carlo-Tree-Search,searching,Ada,Monte-Carlo-Tree-Search,yes,yes,yes,yes,yes,0,1,no SPARK,,,,
searching/Ada/Nearest-Neighbor-Search,searching,Ada,Nearest-Neighbor-Search,yes,yes,yes,yes,yes,0,0,no SPARK,,,,
searching/Ada/Quantum-Walk-Search,searching,Ada,Quantum-Walk-Search,yes,yes,yes,yes,yes,0,0,no SPARK,,,,
searching/Ada/Quickselect,searching,Ada,Quickselect,yes,yes,yes,yes,yes,0,0,no SPARK,,,searching/SPARK4/Ada-SPARK-Quickselect,
searching/Ada/Random-Search,searching,Ada,Random-Search,yes,yes,yes,yes,yes,0,0,no SPARK,,,,
searching/Ada/Substring-Search,searching,Ada,Substring-Search,yes,yes,yes,yes,yes,0,0,no SPARK,,,,
searching/Ada/Tabu-Search,searching,Ada,Tabu-Search,yes,yes,yes,yes,yes,0,0,no SPARK,,,,
searching/Ada/Ternary-Search,searching,Ada,Ternary-Search,yes,yes,yes,yes,yes,0,0,no SPARK,,,searching/SPARK4/Ada-SPARK-Ternary-Search,
searching/Ada/Trigram-Search,searching,Ada,Trigram-Search,yes,yes,yes,yes,yes,0,0,no SPARK,,,searching/SPARK2/Ada-SPARK-Trigram-Search,
searching/Ada/Uniform-Binary-Search,searching,Ada,Uniform-Binary-Search,yes,yes,yes,yes,yes,0,0,no SPARK,,,,
searching/Ada/Uniform-Cost-Search,searching,Ada,Uniform-Cost-Search,yes,no,no,yes,no,4,4,no SPARK,,,searching/SPARK4/Ada-SPARK-Uniform-Cost-Search,
searching/SPARK2/Ada-SPARK-Binary-Search-Lower-Bound,searching,SPARK2,Ada-SPARK-Binary-Search-Lower-Bound,yes,yes,yes,yes,yes,0,0,proven,binary_search_lower_bound.gpr,,,
searching/SPARK2/Ada-SPARK-Binary-Search-Upper-Bound,searching,SPARK2,Ada-SPARK-Binary-Search-Upper-Bound,yes,yes,yes,yes,yes,0,0,proven,binary_search_upper_bound.gpr,,,
searching/SPARK2/Ada-SPARK-Design-Add-And-Search-Words,searching,SPARK2,Ada-SPARK-Design-Add-And-Search-Words,yes,yes,yes,yes,yes,3,3,proven,proof.gpr,,,
searching/SPARK2/Ada-SPARK-Exponential-Search,searching,SPARK2,Ada-SPARK-Exponential-Search,yes,yes,yes,yes,yes,0,0,proven,exponential_search.gpr,,,
searching/SPARK2/Ada-SPARK-Increasing-Order-Search-Tree,searching,SPARK2,Ada-SPARK-Increasing-Order-Search-Tree,yes,yes,yes,yes,yes,1,1,proven,proof.gpr,,,
searching/SPARK2/Ada-SPARK-Insert-Into-A-Binary-Search-Tree,searching,SPARK2,Ada-SPARK-Insert-Into-A-Binary-Search-Tree,yes,yes,yes,yes,yes,8,8,proven,proof.gpr,algorithm.gpr,,
searching/SPARK2/Ada-SPARK-Naive-String-Search,searching,SPARK2,Ada-SPARK-Naive-String-Search,yes,yes,yes,yes,yes,2,2,proven,naive_string_search.gpr,,,
searching/SPARK2/Ada-SPARK-Search-2D-Matrix,searching,SPARK2,Ada-SPARK-Search-2D-Matrix,yes,yes,yes,yes,yes,4,4,proven,search_2d_matrix.gpr,,,
searching/SPARK2/Ada-SPARK-Search-A-2D-Matrix,searching,SPARK2,Ada-SPARK-Search-A-2D-Matrix,yes,yes,yes,yes,yes,9,9,proven,search_a_2d_matrix.gpr,,,
searching/SPARK2/Ada-SPARK-Search-A-2D-Matrix-II,searching,SPARK2,Ada-SPARK-Search-A-2D-Matrix-II,yes,yes,yes,yes,yes,9,9,proven,search_a_2d_matrix_ii.gpr,,,
searching/SPARK2/Ada-SPARK-Search-In-A-Binary-Search-Tree,searching,SPARK2,Ada-SPARK-Search-In-A-Binary-Search-Tree,yes,yes,yes,yes,yes,9,9,proven,proof.gpr,algorithm.gpr,,
searching/SPARK2/Ada-SPARK-Search-Insert-Position,searching,SPARK2,Ada-SPARK-Search-Insert-Position,yes,yes,yes,yes,yes,1,1,proven,search_insert_position.gpr,,,
searching/SPARK2/Ada-SPARK-Trigram-Search,searching,SPARK2,Ada-SPARK-Trigram-Search,yes,yes,yes,yes,yes,0,0,proven,trigram_search.gpr,,searching/Ada/Trigram-Search,
searching/SPARK2/Ada-SPARK-Trim-A-Binary-Search-Tree,searching,SPARK2,Ada-SPARK-Trim-A-Binary-Search-Tree,yes,yes,yes,yes,yes,1,1,proven,proof.gpr,,,
searching/SPARK2/Ada-SPARK-Unique-Binary-Search-Trees,searching,SPARK2,Ada-SPARK-Unique-Binary-Search-Trees,yes,yes,yes,yes,yes,1,1,proven,unique_binary_search_trees.gpr,,,
searching/SPARK2/Ada-SPARK-Unique-Binary-Search-Trees-II-Lite,searching,SPARK2,Ada-SPARK-Unique-Binary-Search-Trees-II-Lite,yes,yes,yes,yes,yes,0,0,proven,unique_binary_search_trees_ii_lite.gpr,,,
searching/SPARK2/Ada-SPARK-Validate-Binary-Search-Tree,searching,SPARK2,Ada-SPARK-Validate-Binary-Search-Tree,yes,yes,yes,yes,yes,6,6,proven,proof.gpr,,,
searching/SPARK2/Ada-SPARK-Word-Search,searching,SPARK2,Ada-SPARK-Word-Search,yes,yes,yes,yes,yes,0,0,proven,word_search.gpr,,,
searching/SPARK2/Ada-SPARK-Word-Search-II-Lite,searching,SPARK2,Ada-SPARK-Word-Search-II-Lite,yes,yes,yes,yes,yes,1,1,proven,proof.gpr,,,
searching/SPARK4/Ada-SPARK-Binary-Search,searching,SPARK4,Ada-SPARK-Binary-Search,yes,yes,yes,yes,yes,0,0,not run,,,searching/Ada/Binary-Search,
searching/SPARK4/Ada-SPARK-Fibonacci-Search,searching,SPARK4,Ada-SPARK-Fibonacci-Search,yes,yes,yes,yes,yes,0,0,not run,,,searching/Ada/Fibonacci-Search,
searching/SPARK4/Ada-SPARK-Interpolation-Search,searching,SPARK4,Ada-SPARK-Interpolation-Search,yes,yes,yes,yes,yes,0,0,not run,,,searching/Ada/Interpolation-Search,
searching/SPARK4/Ada-SPARK-Introselect,searching,SPARK4,Ada-SPARK-Introselect,yes,yes,yes,yes,yes,0,5,not run,,,searching/Ada/Introselect,
searching/SPARK4/Ada-SPARK-Jump-Search,searching,SPARK4,Ada-SPARK-Jump-Search,yes,yes,yes,yes,yes,0,0,not run,,,searching/Ada/Jump-Search,
searching/SPARK4/Ada-SPARK-Linear-Search,searching,SPARK4,Ada-SPARK-Linear-Search,yes,yes,yes,yes,yes,0,0,not run,,,searching/Ada/Linear-Search,
searching/SPARK4/Ada-SPARK-Quickselect,searching,SPARK4,Ada-SPARK-Quickselect,yes,yes,yes,yes,yes,0,4,not run,,,searching/Ada/Quickselect,
searching/SPARK4/Ada-SPARK-Ternary-Search,searching,SPARK4,Ada-SPARK-Ternary-Search,yes,yes,yes,yes,yes,0,0,not run,,,searching/Ada/Ternary-Search,
searching/SPARK4/Ada-SPARK-Uniform-Cost-Search,searching,SPARK4,Ada-SPARK-Uniform-Cost-Search,yes,yes,yes,yes,yes,0,0,not run,,,searching/Ada/Uniform-Cost-Search,
sorting/Ada/Bitonic-Sorter,sorting,Ada,Bitonic-Sorter,yes,yes,yes,yes,yes,0,0,no SPARK,,,sorting/SPARK4/Ada-SPARK-Bitonic-Sorter,
sorting/Ada/Bogosort,sorting,Ada,Bogosort,yes,yes,yes,yes,yes,0,0,no SPARK,,,sorting/SPARK4/Ada-SPARK-Bogosort,
sorting/Ada/Bubble-Sort,sorting,Ada,Bubble-Sort,yes,yes,yes,yes,yes,0,0,no SPARK,,,sorting/SPARK4/Ada-SPARK-Bubble-Sort,
sorting/Ada/Bucket-Sort,sorting,Ada,Bucket-Sort,yes,yes,yes,yes,yes,0,0,no SPARK,,,sorting/SPARK4/Ada-SPARK-Bucket-Sort,
sorting/Ada/Burstsort,sorting,Ada,Burstsort,yes,yes,yes,yes,yes,0,0,no SPARK,,,sorting/SPARK4/Ada-SPARK-Burstsort,
sorting/Ada/Cocktail-Shaker-Sort,sorting,Ada,Cocktail-Shaker-Sort,yes,yes,yes,yes,yes,0,0,no SPARK,,,sorting/SPARK4/Ada-SPARK-Cocktail-Shaker-Sort,
sorting/Ada/Comb-Sort,sorting,Ada,Comb-Sort,yes,yes,yes,yes,yes,0,0,no SPARK,,,sorting/SPARK4/Ada-SPARK-Comb-Sort,
sorting/Ada/Counting-Sort,sorting,Ada,Counting-Sort,yes,yes,yes,yes,yes,0,0,no SPARK,,,sorting/SPARK4/Ada-SPARK-Counting-Sort,
sorting/Ada/Cycle-Sort,sorting,Ada,Cycle-Sort,yes,yes,yes,yes,yes,0,0,no SPARK,,,sorting/SPARK4/Ada-SPARK-Cycle-Sort,
sorting/Ada/Flashsort,sorting,Ada,Flashsort,yes,yes,yes,yes,yes,0,0,no SPARK,,,sorting/SPARK2/Ada-SPARK-Flash-Sort sorting/SPARK4/Ada-SPARK-Flashsort,
sorting/Ada/Gnome-Sort,sorting,Ada,Gnome-Sort,yes,yes,yes,yes,yes,0,0,no SPARK,,,sorting/SPARK4/Ada-SPARK-Gnome-Sort,
sorting/Ada/Heapsort,sorting,Ada,Heapsort,yes,yes,yes,yes,yes,0,0,no SPARK,,,sorting/SPARK2/Ada-SPARK-Heap-Sort sorting/SPARK4/Ada-SPARK-Heapsort,
sorting/Ada/Insertion-Sort,sorting,Ada,Insertion-Sort,yes,yes,yes,yes,yes,0,0,no SPARK,,,sorting/SPARK4/Ada-SPARK-Insertion-Sort,
sorting/Ada/Introsort,sorting,Ada,Introsort,yes,yes,yes,yes,yes,0,0,no SPARK,,,sorting/SPARK2/Ada-SPARK-Intro-Sort sorting/SPARK4/Ada-SPARK-Introsort,
sorting/Ada/Library-Sort,sorting,Ada,Library-Sort,yes,yes,yes,yes,yes,0,0,no SPARK,,,sorting/SPARK4/Ada-SPARK-Library-Sort,
sorting/Ada/Merge-Sort,sorting,Ada,Merge-Sort,yes,yes,yes,yes,yes,0,0,no SPARK,,,sorting/SPARK4/Ada-SPARK-Merge-Sort,
sorting/Ada/Odd-Even-Sort,sorting,Ada,Odd-Even-Sort,yes,yes,yes,yes,yes,0,0,no SPARK,,,sorting/SPARK4/Ada-SPARK-Odd-Even-Sort,
sorting/Ada/Pancake-Sorting,sorting,Ada,Pancake-Sorting,yes,yes,yes,yes,yes,0,0,no SPARK,,,sorting/SPARK4/Ada-SPARK-Pancake-Sorting,
sorting/Ada/Patience-Sorting,sorting,Ada,Patience-Sorting,yes,yes,yes,yes,yes,0,0,no SPARK,,,sorting/SPARK4/Ada-SPARK-Patience-Sorting,
sorting/Ada/Pigeonhole-Sort,sorting,Ada,Pigeonhole-Sort,yes,yes,yes,yes,yes,0,0,no SPARK,,,sorting/SPARK4/Ada-SPARK-Pigeonhole-Sort,
sorting/Ada/Postman-Sort,sorting,Ada,Postman-Sort,yes,yes,yes,yes,yes,0,0,no SPARK,,,sorting/SPARK4/Ada-SPARK-Postman-Sort,
sorting/Ada/Quantum-Sort,sorting,Ada,Quantum-Sort,yes,yes,yes,yes,yes,0,0,no SPARK,,,sorting/SPARK4/Ada-SPARK-Quantum-Sort,
sorting/Ada/Quicksort,sorting,Ada,Quicksort,yes,yes,yes,yes,yes,0,0,no SPARK,,,sorting/SPARK2/Ada-SPARK-Quick-Sort sorting/SPARK4/Ada-SPARK-Quicksort,
sorting/Ada/Radix-Sort,sorting,Ada,Radix-Sort,yes,yes,yes,yes,yes,0,0,no SPARK,,,sorting/SPARK4/Ada-SPARK-Radix-Sort,
sorting/Ada/Samplesort,sorting,Ada,Samplesort,yes,yes,yes,yes,yes,7,7,no SPARK,,,sorting/SPARK4/Ada-SPARK-Samplesort,
sorting/Ada/Selection-Sort,sorting,Ada,Selection-Sort,yes,yes,yes,yes,yes,0,0,no SPARK,,,sorting/SPARK4/Ada-SPARK-Selection-Sort,
sorting/Ada/Shell-Sort,sorting,Ada,Shell-Sort,yes,yes,yes,yes,yes,0,0,no SPARK,,,sorting/SPARK4/Ada-SPARK-Shell-Sort,
sorting/Ada/Slowsort,sorting,Ada,Slowsort,yes,yes,yes,yes,yes,0,0,no SPARK,,,sorting/SPARK4/Ada-SPARK-Slowsort,
sorting/Ada/Smoothsort,sorting,Ada,Smoothsort,yes,yes,yes,yes,yes,0,0,no SPARK,,,sorting/SPARK2/Ada-SPARK-Smooth-Sort sorting/SPARK4/Ada-SPARK-Smoothsort,
sorting/Ada/Sort-Merge-Join,sorting,Ada,Sort-Merge-Join,yes,no,no,yes,no,24,24,no SPARK,,,sorting/SPARK4/Ada-SPARK-Sort-Merge-Join,
sorting/Ada/Sorted-List,sorting,Ada,Sorted-List,yes,yes,yes,yes,yes,0,0,no SPARK,,,sorting/SPARK4/Ada-SPARK-Sorted-List,
sorting/Ada/Spaghetti-Sort,sorting,Ada,Spaghetti-Sort,yes,yes,yes,yes,yes,0,0,no SPARK,,,sorting/SPARK4/Ada-SPARK-Spaghetti-Sort,
sorting/Ada/Stooge-Sort,sorting,Ada,Stooge-Sort,yes,yes,yes,yes,yes,0,0,no SPARK,,,sorting/SPARK4/Ada-SPARK-Stooge-Sort,
sorting/Ada/Strand-Sort,sorting,Ada,Strand-Sort,yes,yes,yes,yes,yes,0,0,no SPARK,,,sorting/SPARK4/Ada-SPARK-Strand-Sort,
sorting/Ada/Timsort,sorting,Ada,Timsort,yes,yes,yes,yes,yes,0,0,no SPARK,,,sorting/SPARK2/Ada-SPARK-Tim-Sort sorting/SPARK4/Ada-SPARK-Timsort,
sorting/Ada/Topological-Sort,sorting,Ada,Topological-Sort,yes,yes,yes,yes,yes,0,0,no SPARK,,,sorting/SPARK4/Ada-SPARK-Topological-Sort,
sorting/Ada/Tournament-Selection,sorting,Ada,Tournament-Selection,yes,yes,yes,yes,yes,0,0,no SPARK,,,,
sorting/Ada/Tree-Sort,sorting,Ada,Tree-Sort,yes,yes,yes,yes,yes,0,0,no SPARK,,,sorting/SPARK4/Ada-SPARK-Tree-Sort,
sorting/SPARK2/Ada-SPARK-Bitonic-Sort,sorting,SPARK2,Ada-SPARK-Bitonic-Sort,yes,yes,yes,yes,yes,1,1,proven,proof.gpr,,,
sorting/SPARK2/Ada-SPARK-Block-Sort,sorting,SPARK2,Ada-SPARK-Block-Sort,yes,yes,yes,yes,yes,1,1,proven,proof.gpr,,,
sorting/SPARK2/Ada-SPARK-Circle-Sort,sorting,SPARK2,Ada-SPARK-Circle-Sort,yes,yes,yes,yes,yes,1,1,proven,proof.gpr,,,
sorting/SPARK2/Ada-SPARK-Cocktail-Sort,sorting,SPARK2,Ada-SPARK-Cocktail-Sort,yes,yes,yes,yes,yes,1,1,proven,proof.gpr,,,
sorting/SPARK2/Ada-SPARK-Convert-Sorted-Array-To-BST,sorting,SPARK2,Ada-SPARK-Convert-Sorted-Array-To-BST,yes,yes,yes,yes,yes,7,7,proven,proof.gpr,,,
sorting/SPARK2/Ada-SPARK-Count-Negative-Numbers-In-A-Sorted-Matrix,sorting,SPARK2,Ada-SPARK-Count-Negative-Numbers-In-A-Sorted-Matrix,yes,yes,yes,yes,yes,5,5,proven,proof.gpr,,,
sorting/SPARK2/Ada-SPARK-Count-Sorted-Vowel-Strings,sorting,SPARK2,Ada-SPARK-Count-Sorted-Vowel-Strings,yes,yes,yes,yes,yes,0,0,proven,count_sorted_vowel_strings.gpr,,,
sorting/SPARK2/Ada-SPARK-Exchange-Sort,sorting,SPARK2,Ada-SPARK-Exchange-Sort,yes,yes,yes,yes,yes,1,1,proven,proof.gpr,,,
sorting/SPARK2/Ada-SPARK-Find-Median-Sorted-Arrays-Lite,sorting,SPARK2,Ada-SPARK-Find-Median-Sorted-Arrays-Lite,yes,yes,yes,yes,yes,5,5,proven,median_sorted_arrays_lite.gpr,,,
sorting/SPARK2/Ada-SPARK-Find-Minimum-In-Rotated-Sorted-Array,sorting,SPARK2,Ada-SPARK-Find-Minimum-In-Rotated-Sorted-Array,yes,yes,yes,yes,yes,1,1,proven,find_minimum_in_rotated_sorted_array.gpr,,,
sorting/SPARK2/Ada-SPARK-Find-Minimum-In-Rotated-Sorted-Array-II,sorting,SPARK2,Ada-SPARK-Find-Minimum-In-Rotated-Sorted-Array-II,yes,yes,yes,yes,yes,0,0,proven,proof.gpr,,,
sorting/SPARK2/Ada-SPARK-Flash-Sort,sorting,SPARK2,Ada-SPARK-Flash-Sort,yes,yes,yes,yes,yes,1,1,proven,proof.gpr,,sorting/Ada/Flashsort,
sorting/SPARK2/Ada-SPARK-Heap-Sort,sorting,SPARK2,Ada-SPARK-Heap-Sort,yes,yes,yes,yes,yes,1,1,proven,proof.gpr,,sorting/Ada/Heapsort,
sorting/SPARK2/Ada-SPARK-Intro-Sort,sorting,SPARK2,Ada-SPARK-Intro-Sort,yes,yes,yes,yes,yes,1,1,proven,proof.gpr,,sorting/Ada/Introsort,
sorting/SPARK2/Ada-SPARK-Kth-Smallest-Element-In-A-Sorted-Matrix,sorting,SPARK2,Ada-SPARK-Kth-Smallest-Element-In-A-Sorted-Matrix,yes,yes,yes,yes,yes,8,8,proven,kth_smallest_matrix.gpr,,,
sorting/SPARK2/Ada-SPARK-Median-Of-Two-Sorted-Arrays-Lite,sorting,SPARK2,Ada-SPARK-Median-Of-Two-Sorted-Arrays-Lite,yes,yes,yes,yes,yes,0,0,proven,proof.gpr,,,
sorting/SPARK2/Ada-SPARK-Merge-K-Sorted-Lists-Stub,sorting,SPARK2,Ada-SPARK-Merge-K-Sorted-Lists-Stub,yes,yes,yes,yes,yes,1,1,proven,proof.gpr,,,
sorting/SPARK2/Ada-SPARK-Merge-Sorted-Array,sorting,SPARK2,Ada-SPARK-Merge-Sorted-Array,yes,yes,yes,yes,yes,4,4,proven,proof.gpr,,,
sorting/SPARK2/Ada-SPARK-Merge-Sorted-Arrays,sorting,SPARK2,Ada-SPARK-Merge-Sorted-Arrays,yes,yes,yes,yes,yes,0,0,proven,merge_sorted_arrays.gpr,,,
sorting/SPARK2/Ada-SPARK-Merge-Two-Sorted-Lists,sorting,SPARK2,Ada-SPARK-Merge-Two-Sorted-Lists,yes,yes,yes,yes,yes,2,2,proven,proof.gpr,,,
sorting/SPARK2/Ada-SPARK-Odd-Even-Linked-List,sorting,SPARK2,Ada-SPARK-Odd-Even-Linked-List,no,no,no,no,no,NA,NA,no SPARK,,,,
sorting/SPARK2/Ada-SPARK-Odd-Even-Merge-Sort,sorting,SPARK2,Ada-SPARK-Odd-Even-Merge-Sort,yes,yes,yes,yes,yes,1,1,proven,proof.gpr,,,
sorting/SPARK2/Ada-SPARK-Pancake-Sort,sorting,SPARK2,Ada-SPARK-Pancake-Sort,yes,yes,yes,yes,yes,1,1,proven,proof.gpr,,,
sorting/SPARK2/Ada-SPARK-Patience-Sort,sorting,SPARK2,Ada-SPARK-Patience-Sort,yes,yes,yes,yes,yes,1,1,proven,proof.gpr,,,
sorting/SPARK2/Ada-SPARK-Quick-Sort,sorting,SPARK2,Ada-SPARK-Quick-Sort,yes,yes,yes,yes,yes,1,1,proven,proof.gpr,,sorting/Ada/Quicksort,
sorting/SPARK2/Ada-SPARK-Relative-Sort-Array,sorting,SPARK2,Ada-SPARK-Relative-Sort-Array,yes,yes,yes,yes,yes,4,4,proven,relative_sort_array.gpr,,,
sorting/SPARK2/Ada-SPARK-Remove-Duplicates-From-Sorted-Array,sorting,SPARK2,Ada-SPARK-Remove-Duplicates-From-Sorted-Array,yes,yes,yes,yes,yes,1,1,proven,proof.gpr,,,
sorting/SPARK2/Ada-SPARK-Remove-Duplicates-From-Sorted-Array-II,sorting,SPARK2,Ada-SPARK-Remove-Duplicates-From-Sorted-Array-II,yes,yes,yes,yes,yes,1,1,proven,proof.gpr,,,
sorting/SPARK2/Ada-SPARK-Remove-Duplicates-From-Sorted-List,sorting,SPARK2,Ada-SPARK-Remove-Duplicates-From-Sorted-List,no,yes,yes,yes,yes,2,2,proven,ada_spark_remove_duplicates_from_sorted_list.gpr,,,
sorting/SPARK2/Ada-SPARK-Remove-Duplicates-From-Sorted-List-II,sorting,SPARK2,Ada-SPARK-Remove-Duplicates-From-Sorted-List-II,no,yes,yes,yes,yes,2,2,not built,ada_spark_remove_duplicates_from_sorted_list_ii.gpr,,,
sorting/SPARK2/Ada-SPARK-Remove-Duplicates-Sorted,sorting,SPARK2,Ada-SPARK-Remove-Duplicates-Sorted,yes,yes,yes,yes,yes,0,0,proven,remove_duplicates_sorted.gpr,,,
sorting/SPARK2/Ada-SPARK-Search-In-Rotated-Sorted-Array,sorting,SPARK2,Ada-SPARK-Search-In-Rotated-Sorted-Array,yes,yes,yes,yes,yes,1,1,proven,search_in_rotated_sorted_array.gpr,,,
sorting/SPARK2/Ada-SPARK-Search-In-Rotated-Sorted-Array-II,sorting,SPARK2,Ada-SPARK-Search-In-Rotated-Sorted-Array-II,yes,yes,yes,yes,yes,1,1,proven,search_in_rotated_sorted_array_ii.gpr,,,
sorting/SPARK2/Ada-SPARK-Shaker-Sort,sorting,SPARK2,Ada-SPARK-Shaker-Sort,yes,yes,yes,yes,yes,1,1,proven,proof.gpr,,,
sorting/SPARK2/Ada-SPARK-Shortest-Unsorted-Continuous-Subarray,sorting,SPARK2,Ada-SPARK-Shortest-Unsorted-Continuous-Subarray,yes,yes,yes,yes,yes,2,2,proven,shortest_unsorted_continuous_subarray.gpr,,,
sorting/SPARK2/Ada-SPARK-Smooth-Sort,sorting,SPARK2,Ada-SPARK-Smooth-Sort,yes,yes,yes,yes,yes,1,1,proven,proof.gpr,,sorting/Ada/Smoothsort,
sorting/SPARK2/Ada-SPARK-Sort-An-Array,sorting,SPARK2,Ada-SPARK-Sort-An-Array,yes,yes,yes,yes,yes,0,0,proven,proof.gpr,,,
sorting/SPARK2/Ada-SPARK-Sort-Array-By-Parity,sorting,SPARK2,Ada-SPARK-Sort-Array-By-Parity,yes,yes,yes,yes,yes,0,0,proven,sort_array_by_parity.gpr,,,
sorting/SPARK2/Ada-SPARK-Sort-Array-By-Parity-II,sorting,SPARK2,Ada-SPARK-Sort-Array-By-Parity-II,yes,yes,yes,yes,yes,2,2,proven,sort_array_by_parity_ii.gpr,,,
sorting/SPARK2/Ada-SPARK-Sort-Characters-By-Frequency,sorting,SPARK2,Ada-SPARK-Sort-Characters-By-Frequency,yes,yes,yes,yes,yes,0,0,proven,proof.gpr,,,
sorting/SPARK2/Ada-SPARK-Sort-Colors,sorting,SPARK2,Ada-SPARK-Sort-Colors,yes,yes,yes,yes,yes,1,1,proven,proof.gpr,,,
sorting/SPARK2/Ada-SPARK-Sort-Integers-By-The-Number-Of-1-Bits,sorting,SPARK2,Ada-SPARK-Sort-Integers-By-The-Number-Of-1-Bits,yes,yes,yes,yes,yes,1,1,proven,Sort_Integers_By_The_Number_Of_1_Bits.gpr,,,
sorting/SPARK2/Ada-SPARK-Sort-List-Lite,sorting,SPARK2,Ada-SPARK-Sort-List-Lite,no,yes,yes,yes,yes,2,2,proven,ada_spark_sort_list_lite.gpr,,,
sorting/SPARK2/Ada-SPARK-Sorted-Array-To-BST,sorting,SPARK2,Ada-SPARK-Sorted-Array-To-BST,yes,yes,yes,yes,yes,9,9,proven,proof.gpr,,,
sorting/SPARK2/Ada-SPARK-Squares-Of-A-Sorted-Array,sorting,SPARK2,Ada-SPARK-Squares-Of-A-Sorted-Array,yes,yes,yes,yes,yes,0,0,proven,squares_of_a_sorted_array.gpr,,,
sorting/SPARK2/Ada-SPARK-Tim-Sort,sorting,SPARK2,Ada-SPARK-Tim-Sort,yes,yes,yes,yes,yes,1,1,not run,,,sorting/Ada/Timsort,
sorting/SPARK2/Ada-SPARK-Tim-Sort-Stub,sorting,SPARK2,Ada-SPARK-Tim-Sort-Stub,yes,yes,yes,yes,yes,1,1,proven,proof.gpr,,,sorting/SPARK2/Ada-SPARK-Tim-Sort (near-identical)
sorting/SPARK2/Ada-SPARK-Topological-Sort-Lite,sorting,SPARK2,Ada-SPARK-Topological-Sort-Lite,yes,yes,yes,yes,yes,1,1,proven,topological_sort_lite.gpr,,,
sorting/SPARK2/Ada-SPARK-Tournament-Sort,sorting,SPARK2,Ada-SPARK-Tournament-Sort,yes,yes,yes,yes,yes,1,1,not run,,,,
sorting/SPARK2/Ada-SPARK-Two-Sum-II-Input-Array-Is-Sorted,sorting,SPARK2,Ada-SPARK-Two-Sum-II-Input-Array-Is-Sorted,yes,yes,yes,yes,yes,1,1,proven,proof.gpr,,,
sorting/SPARK2/Ada-SPARK-Wiggle-Sort,sorting,SPARK2,Ada-SPARK-Wiggle-Sort,yes,yes,yes,yes,yes,1,1,proven,proof.gpr,,,
sorting/SPARK4/Ada-SPARK-Bitonic-Sorter,sorting,SPARK4,Ada-SPARK-Bitonic-Sorter,yes,yes,yes,yes,yes,0,6,not run,,,sorting/Ada/Bitonic-Sorter,
sorting/SPARK4/Ada-SPARK-Bogosort,sorting,SPARK4,Ada-SPARK-Bogosort,yes,yes,yes,yes,yes,0,0,not run,,,sorting/Ada/Bogosort,
sorting/SPARK4/Ada-SPARK-Bubble-Sort,sorting,SPARK4,Ada-SPARK-Bubble-Sort,yes,yes,yes,yes,yes,0,0,not run,,,sorting/Ada/Bubble-Sort,
sorting/SPARK4/Ada-SPARK-Bucket-Sort,sorting,SPARK4,Ada-SPARK-Bucket-Sort,yes,yes,yes,yes,yes,0,8,not run,,,sorting/Ada/Bucket-Sort,
sorting/SPARK4/Ada-SPARK-Burstsort,sorting,SPARK4,Ada-SPARK-Burstsort,yes,yes,yes,yes,yes,0,9,not run,,,sorting/Ada/Burstsort,
sorting/SPARK4/Ada-SPARK-Cocktail-Shaker-Sort,sorting,SPARK4,Ada-SPARK-Cocktail-Shaker-Sort,yes,yes,yes,yes,yes,0,0,not run,,,sorting/Ada/Cocktail-Shaker-Sort,
sorting/SPARK4/Ada-SPARK-Comb-Sort,sorting,SPARK4,Ada-SPARK-Comb-Sort,yes,yes,yes,yes,yes,0,2,not run,,,sorting/Ada/Comb-Sort,
sorting/SPARK4/Ada-SPARK-Counting-Sort,sorting,SPARK4,Ada-SPARK-Counting-Sort,no,yes,yes,yes,yes,0,6,not run,,,sorting/Ada/Counting-Sort,
sorting/SPARK4/Ada-SPARK-Cycle-Sort,sorting,SPARK4,Ada-SPARK-Cycle-Sort,yes,yes,yes,yes,yes,0,0,not run,,,sorting/Ada/Cycle-Sort,
sorting/SPARK4/Ada-SPARK-Flashsort,sorting,SPARK4,Ada-SPARK-Flashsort,yes,yes,yes,yes,yes,0,2,not run,,,sorting/Ada/Flashsort,
sorting/SPARK4/Ada-SPARK-Gnome-Sort,sorting,SPARK4,Ada-SPARK-Gnome-Sort,yes,yes,yes,yes,yes,0,2,not run,,,sorting/Ada/Gnome-Sort,
sorting/SPARK4/Ada-SPARK-Heapsort,sorting,SPARK4,Ada-SPARK-Heapsort,yes,yes,yes,yes,yes,0,3,not run,,,sorting/Ada/Heapsort,
sorting/SPARK4/Ada-SPARK-Insertion-Sort,sorting,SPARK4,Ada-SPARK-Insertion-Sort,yes,yes,yes,yes,yes,0,2,not run,,,sorting/Ada/Insertion-Sort,
sorting/SPARK4/Ada-SPARK-Introsort,sorting,SPARK4,Ada-SPARK-Introsort,yes,yes,yes,yes,yes,0,6,not run,,,sorting/Ada/Introsort,
sorting/SPARK4/Ada-SPARK-Library-Sort,sorting,SPARK4,Ada-SPARK-Library-Sort,yes,yes,yes,yes,yes,0,11,not run,,,sorting/Ada/Library-Sort,
sorting/SPARK4/Ada-SPARK-Merge-Sort,sorting,SPARK4,Ada-SPARK-Merge-Sort,yes,yes,yes,yes,yes,0,4,not run,,,sorting/Ada/Merge-Sort,
sorting/SPARK4/Ada-SPARK-Odd-Even-Sort,sorting,SPARK4,Ada-SPARK-Odd-Even-Sort,yes,yes,yes,yes,yes,0,0,not run,,,sorting/Ada/Odd-Even-Sort,
sorting/SPARK4/Ada-SPARK-Pancake-Sorting,sorting,SPARK4,Ada-SPARK-Pancake-Sorting,yes,yes,yes,yes,yes,0,0,not run,,,sorting/Ada/Pancake-Sorting,
sorting/SPARK4/Ada-SPARK-Patience-Sorting,sorting,SPARK4,Ada-SPARK-Patience-Sorting,yes,yes,yes,yes,yes,0,0,not run,,,sorting/Ada/Patience-Sorting,
sorting/SPARK4/Ada-SPARK-Pigeonhole-Sort,sorting,SPARK4,Ada-SPARK-Pigeonhole-Sort,yes,yes,yes,yes,yes,0,2,not run,,,sorting/Ada/Pigeonhole-Sort,
sorting/SPARK4/Ada-SPARK-Postman-Sort,sorting,SPARK4,Ada-SPARK-Postman-Sort,yes,yes,yes,yes,yes,0,1,not run,,,sorting/Ada/Postman-Sort,
sorting/SPARK4/Ada-SPARK-Quantum-Sort,sorting,SPARK4,Ada-SPARK-Quantum-Sort,yes,yes,yes,yes,yes,0,2,not run,,,sorting/Ada/Quantum-Sort,
sorting/SPARK4/Ada-SPARK-Quicksort,sorting,SPARK4,Ada-SPARK-Quicksort,yes,yes,yes,yes,yes,0,1,not run,,,sorting/Ada/Quicksort,
sorting/SPARK4/Ada-SPARK-Radix-Sort,sorting,SPARK4,Ada-SPARK-Radix-Sort,yes,yes,yes,yes,yes,0,6,not run,,,sorting/Ada/Radix-Sort,
sorting/SPARK4/Ada-SPARK-Samplesort,sorting,SPARK4,Ada-SPARK-Samplesort,yes,yes,yes,yes,yes,0,3,not run,,,sorting/Ada/Samplesort,
sorting/SPARK4/Ada-SPARK-Selection-Sort,sorting,SPARK4,Ada-SPARK-Selection-Sort,yes,yes,yes,yes,yes,0,0,not run,,,sorting/Ada/Selection-Sort,
sorting/SPARK4/Ada-SPARK-Shell-Sort,sorting,SPARK4,Ada-SPARK-Shell-Sort,yes,yes,yes,yes,yes,0,2,not run,,,sorting/Ada/Shell-Sort,
sorting/SPARK4/Ada-SPARK-Slowsort,sorting,SPARK4,Ada-SPARK-Slowsort,yes,yes,yes,yes,yes,0,1,not run,,,sorting/Ada/Slowsort,
sorting/SPARK4/Ada-SPARK-Smoothsort,sorting,SPARK4,Ada-SPARK-Smoothsort,yes,yes,yes,yes,yes,0,2,not run,,,sorting/Ada/Smoothsort,
sorting/SPARK4/Ada-SPARK-Sort-Merge-Join,sorting,SPARK4,Ada-SPARK-Sort-Merge-Join,yes,yes,yes,yes,yes,0,0,not run,,,sorting/Ada/Sort-Merge-Join,
sorting/SPARK4/Ada-SPARK-Sorted-List,sorting,SPARK4,Ada-SPARK-Sorted-List,yes,yes,yes,yes,yes,0,0,not run,,,sorting/Ada/Sorted-List,
sorting/SPARK4/Ada-SPARK-Spaghetti-Sort,sorting,SPARK4,Ada-SPARK-Spaghetti-Sort,yes,yes,yes,yes,yes,0,0,not run,,,sorting/Ada/Spaghetti-Sort,
sorting/SPARK4/Ada-SPARK-Stooge-Sort,sorting,SPARK4,Ada-SPARK-Stooge-Sort,yes,yes,yes,yes,yes,0,1,not run,,,sorting/Ada/Stooge-Sort,
sorting/SPARK4/Ada-SPARK-Strand-Sort,sorting,SPARK4,Ada-SPARK-Strand-Sort,yes,yes,yes,yes,yes,0,8,not run,,,sorting/Ada/Strand-Sort,
sorting/SPARK4/Ada-SPARK-Timsort,sorting,SPARK4,Ada-SPARK-Timsort,yes,yes,yes,yes,yes,0,6,not run,,,sorting/Ada/Timsort,
sorting/SPARK4/Ada-SPARK-Topological-Sort,sorting,SPARK4,Ada-SPARK-Topological-Sort,yes,yes,yes,yes,yes,0,0,not run,,,sorting/Ada/Topological-Sort,
sorting/SPARK4/Ada-SPARK-Tree-Sort,sorting,SPARK4,Ada-SPARK-Tree-Sort,yes,yes,yes,yes,yes,0,3,not run,,,sorting/Ada/Tree-Sort,
strings/Ada/Boyer-Moore,strings,Ada,Boyer-Moore,yes,yes,yes,yes,yes,0,0,no SPARK,,,strings/SPARK2/Ada-SPARK-Boyer-Moore,
strings/Ada/Boyer-Moore-Horspool,strings,Ada,Boyer-Moore-Horspool,yes,yes,yes,yes,yes,0,0,no SPARK,,,,
strings/Ada/Daitch-Mokotoff-Soundex,strings,Ada,Daitch-Mokotoff-Soundex,yes,yes,yes,yes,yes,0,0,no SPARK,,,,
strings/Ada/Damerau-Levenshtein-Distance,strings,Ada,Damerau-Levenshtein-Distance,yes,yes,yes,yes,yes,0,0,no SPARK,,,strings/SPARK2/Ada-SPARK-Damerau-Levenshtein-Distance,
strings/Ada/Double-Metaphone,strings,Ada,Double-Metaphone,yes,yes,yes,yes,yes,0,1,no SPARK,,,,
strings/Ada/Hamming-Distance,strings,Ada,Hamming-Distance,yes,yes,yes,yes,yes,4,4,no SPARK,,,strings/SPARK2/Ada-SPARK-Hamming-Distance,
strings/Ada/Jaro-Winkler-Distance,strings,Ada,Jaro-Winkler-Distance,yes,yes,yes,yes,yes,0,0,no SPARK,,,,
strings/Ada/Karplus-Strong-String-Synthesis,strings,Ada,Karplus-Strong-String-Synthesis,yes,yes,yes,yes,yes,4,4,no SPARK,,,,
strings/Ada/Knuth-Morris-Pratt,strings,Ada,Knuth-Morris-Pratt,yes,yes,yes,yes,yes,0,0,no SPARK,,,strings/SPARK2/Ada-SPARK-Knuth-Morris-Pratt,
strings/Ada/Levenshtein-Coding,strings,Ada,Levenshtein-Coding,yes,yes,yes,yes,yes,1,1,no SPARK,,,,
strings/Ada/Levenshtein-Distance,strings,Ada,Levenshtein-Distance,yes,yes,yes,yes,yes,0,0,no SPARK,,,,
strings/Ada/Longest-Common-Subsequence,strings,Ada,Longest-Common-Subsequence,yes,yes,yes,yes,yes,0,0,no SPARK,,,strings/SPARK2/Ada-SPARK-Longest-Common-Subsequence,
strings/Ada/Metaphone,strings,Ada,Metaphone,yes,yes,yes,yes,yes,0,0,no SPARK,,,,
strings/Ada/NYSIIS,strings,Ada,NYSIIS,yes,yes,yes,yes,yes,0,0,no SPARK,,,,
strings/Ada/Needleman-Wunsch,strings,Ada,Needleman-Wunsch,yes,yes,yes,yes,yes,0,0,no SPARK,,,,
strings/Ada/Rabin-Karp,strings,Ada,Rabin-Karp,yes,yes,yes,yes,yes,0,0,no SPARK,,,strings/SPARK2/Ada-SPARK-Rabin-Karp,
strings/Ada/Smith-Waterman,strings,Ada,Smith-Waterman,yes,yes,yes,yes,yes,0,0,no SPARK,,,,
strings/Ada/Soundex,strings,Ada,Soundex,yes,yes,yes,yes,yes,0,0,no SPARK,,,,
strings/Ada/Stemming,strings,Ada,Stemming,yes,yes,yes,yes,yes,0,0,no SPARK,,,,
strings/Ada/String-Metrics,strings,Ada,String-Metrics,yes,yes,yes,yes,yes,0,0,no SPARK,,,,
strings/SPARK2/Ada-SPARK-Bounded-String-Builder,strings,SPARK2,Ada-SPARK-Bounded-String-Builder,yes,yes,yes,yes,yes,0,0,not run,,,,
strings/SPARK2/Ada-SPARK-Boyer-Moore,strings,SPARK2,Ada-SPARK-Boyer-Moore,yes,yes,yes,yes,yes,2,2,proven,boyer_moore.gpr,,strings/Ada/Boyer-Moore,
strings/SPARK2/Ada-SPARK-Check-If-Two-String-Arrays-Are-Equivalent,strings,SPARK2,Ada-SPARK-Check-If-Two-String-Arrays-Are-Equivalent,yes,yes,yes,yes,yes,0,0,proven,proof.gpr,,,
strings/SPARK2/Ada-SPARK-Count-The-Number-Of-Consistent-Strings,strings,SPARK2,Ada-SPARK-Count-The-Number-Of-Consistent-Strings,yes,yes,yes,yes,yes,0,0,proven,count_the_number_of_consistent_strings.gpr,,,
strings/SPARK2/Ada-SPARK-Damerau-Levenshtein-Distance,strings,SPARK2,Ada-SPARK-Damerau-Levenshtein-Distance,yes,yes,yes,yes,yes,0,0,not run,,,strings/Ada/Damerau-Levenshtein-Distance,
strings/SPARK2/Ada-SPARK-Decode-String,strings,SPARK2,Ada-SPARK-Decode-String,yes,yes,yes,yes,yes,1,1,proven,decode_string.gpr,,,
strings/SPARK2/Ada-SPARK-Decode-String-Stub,strings,SPARK2,Ada-SPARK-Decode-String-Stub,yes,yes,yes,yes,yes,0,0,proven,decode_string_stub.gpr,,,
strings/SPARK2/Ada-SPARK-Delete-Operation-For-Two-Strings,strings,SPARK2,Ada-SPARK-Delete-Operation-For-Two-Strings,yes,yes,yes,yes,yes,2,2,not run,,,,
strings/SPARK2/Ada-SPARK-Edit-Distance,strings,SPARK2,Ada-SPARK-Edit-Distance,yes,yes,yes,yes,yes,4,4,not run,,,,
strings/SPARK2/Ada-SPARK-Encode-And-Decode-Strings-Lite,strings,SPARK2,Ada-SPARK-Encode-And-Decode-Strings-Lite,yes,yes,yes,yes,yes,0,0,not run,,,,
strings/SPARK2/Ada-SPARK-Find-All-Anagrams-In-A-String,strings,SPARK2,Ada-SPARK-Find-All-Anagrams-In-A-String,yes,yes,yes,yes,yes,0,0,not run,,,,
strings/SPARK2/Ada-SPARK-First-Unique-Character-In-A-String,strings,SPARK2,Ada-SPARK-First-Unique-Character-In-A-String,yes,yes,yes,yes,yes,0,0,not run,,,,
strings/SPARK2/Ada-SPARK-Hamming-Distance,strings,SPARK2,Ada-SPARK-Hamming-Distance,yes,yes,yes,yes,yes,0,0,not run,,,strings/Ada/Hamming-Distance,
strings/SPARK2/Ada-SPARK-Isomorphic-Strings,strings,SPARK2,Ada-SPARK-Isomorphic-Strings,yes,yes,yes,yes,yes,0,0,not run,,,,
strings/SPARK2/Ada-SPARK-Knuth-Morris-Pratt,strings,SPARK2,Ada-SPARK-Knuth-Morris-Pratt,yes,yes,yes,yes,yes,0,0,not run,,,strings/Ada/Knuth-Morris-Pratt,
strings/SPARK2/Ada-SPARK-Longest-Common-Prefix,strings,SPARK2,Ada-SPARK-Longest-Common-Prefix,yes,yes,yes,yes,yes,0,0,not run,,,,
strings/SPARK2/Ada-SPARK-Longest-Common-Subsequence,strings,SPARK2,Ada-SPARK-Longest-Common-Subsequence,yes,yes,yes,yes,yes,0,0,not run,,,strings/Ada/Longest-Common-Subsequence,
strings/SPARK2/Ada-SPARK-Make-The-String-Great,strings,SPARK2,Ada-SPARK-Make-The-String-Great,yes,yes,yes,yes,yes,0,0,not run,,,,
strings/SPARK2/Ada-SPARK-Multiply-Strings-Lite,strings,SPARK2,Ada-SPARK-Multiply-Strings-Lite,yes,yes,yes,yes,yes,0,0,not run,,,,
strings/SPARK2/Ada-SPARK-Multiply-Strings-Stub,strings,SPARK2,Ada-SPARK-Multiply-Strings-Stub,yes,yes,yes,yes,yes,0,0,not run,,,,
strings/SPARK2/Ada-SPARK-Number-Of-Lines-To-Write-String,strings,SPARK2,Ada-SPARK-Number-Of-Lines-To-Write-String,yes,yes,yes,yes,yes,2,2,not run,,,,
strings/SPARK2/Ada-SPARK-One-Edit-Distance,strings,SPARK2,Ada-SPARK-One-Edit-Distance,yes,yes,yes,yes,yes,0,0,not run,,,,
strings/SPARK2/Ada-SPARK-Permutation-In-String,strings,SPARK2,Ada-SPARK-Permutation-In-String,yes,yes,yes,yes,yes,0,0,not run,,,,
strings/SPARK2/Ada-SPARK-Rabin-Karp,strings,SPARK2,Ada-SPARK-Rabin-Karp,yes,yes,yes,yes,yes,0,0,not run,,,strings/Ada/Rabin-Karp,
strings/SPARK2/Ada-SPARK-Remove-All-Adjacent-Duplicates-In-String,strings,SPARK2,Ada-SPARK-Remove-All-Adjacent-Duplicates-In-String,yes,yes,yes,yes,yes,0,0,not run,,,,
strings/SPARK2/Ada-SPARK-Reorganize-String,strings,SPARK2,Ada-SPARK-Reorganize-String,yes,yes,yes,yes,yes,2,2,not run,,,,
strings/SPARK2/Ada-SPARK-Reorganize-String-Stub,strings,SPARK2,Ada-SPARK-Reorganize-String-Stub,yes,yes,yes,yes,yes,1,1,not run,,,,
strings/SPARK2/Ada-SPARK-Repeated-String-Match,strings,SPARK2,Ada-SPARK-Repeated-String-Match,yes,yes,yes,yes,yes,0,0,not run,,,,
strings/SPARK2/Ada-SPARK-Reverse-String,strings,SPARK2,Ada-SPARK-Reverse-String,yes,yes,yes,yes,yes,0,0,not run,,,,
strings/SPARK2/Ada-SPARK-Reverse-String-II,strings,SPARK2,Ada-SPARK-Reverse-String-II,yes,yes,yes,yes,yes,0,0,not run,,,,
strings/SPARK2/Ada-SPARK-Reverse-Vowels-Of-A-String,strings,SPARK2,Ada-SPARK-Reverse-Vowels-Of-A-String,yes,yes,yes,yes,yes,0,0,not run,,,,
strings/SPARK2/Ada-SPARK-Reverse-Words-In-A-String,strings,SPARK2,Ada-SPARK-Reverse-Words-In-A-String,yes,yes,yes,yes,yes,0,0,not run,,,,
strings/SPARK2/Ada-SPARK-Reverse-Words-In-A-String-III,strings,SPARK2,Ada-SPARK-Reverse-Words-In-A-String-III,yes,yes,yes,yes,yes,0,0,not run,,,,
strings/SPARK2/Ada-SPARK-Rotate-String,strings,SPARK2,Ada-SPARK-Rotate-String,yes,yes,yes,yes,yes,0,0,not run,,,,
strings/SPARK2/Ada-SPARK-String-To-Integer-Atoi,strings,SPARK2,Ada-SPARK-String-To-Integer-Atoi,yes,yes,yes,yes,yes,0,0,not run,,,,
strings/SPARK2/Ada-SPARK-String-To-Integer-Atoi-Stub,strings,SPARK2,Ada-SPARK-String-To-Integer-Atoi-Stub,yes,yes,yes,yes,yes,0,0,not run,,,,strings/SPARK2/Ada-SPARK-String-To-Integer-Atoi (near-identical)
strings/SPARK2/Ada-SPARK-Sum-Of-Digits-Of-String-After-Convert,strings,SPARK2,Ada-SPARK-Sum-Of-Digits-Of-String-After-Convert,yes,yes,yes,yes,yes,4,4,not run,,,,
strings/SPARK2/Ada-SPARK-Total-Hamming-Distance,strings,SPARK2,Ada-SPARK-Total-Hamming-Distance,yes,yes,yes,yes,yes,0,0,not run,,,,
strings/SPARK2/Ada-SPARK-Z-Algorithm,strings,SPARK2,Ada-SPARK-Z-Algorithm,yes,yes,yes,yes,yes,2,2,not run,,,,
trees/Ada/Abstract-Syntax-Tree,trees,Ada,Abstract-Syntax-Tree,yes,yes,yes,yes,yes,0,0,no SPARK,,,,
trees/Ada/Context-Tree-Weighting,trees,Ada,Context-Tree-Weighting,yes,yes,yes,yes,yes,5,5,no SPARK,,,,
trees/Ada/Decision-Trees,trees,Ada,Decision-Trees,yes,yes,yes,yes,yes,0,0,no SPARK,,,,
trees/Ada/Embedded-Zerotree-Wavelet,trees,Ada,Embedded-Zerotree-Wavelet,yes,yes,yes,yes,yes,30,30,no SPARK,,,,
trees/Ada/Longest-Common-Substring,trees,Ada,Longest-Common-Substring,yes,yes,yes,yes,yes,0,0,no SPARK,,,trees/SPARK2/Ada-SPARK-Longest-Common-Substring,
trees/Ada/Red-Black-Tree,trees,Ada,Red-Black-Tree,yes,yes,yes,yes,yes,3,3,no SPARK,,,trees/SPARK2/Ada-SPARK-Red-Black-Tree,
trees/Ada/Set-Partitioning-In-Hierarchical-Trees,trees,Ada,Set-Partitioning-In-Hierarchical-Trees,yes,yes,yes,yes,yes,40,40,no SPARK,,,,
trees/SPARK2/Ada-SPARK-BST-Iterator-Stub,trees,SPARK2,Ada-SPARK-BST-Iterator-Stub,yes,yes,yes,yes,yes,3,3,not run,,,,
trees/SPARK2/Ada-SPARK-Balanced-Binary-Tree,trees,SPARK2,Ada-SPARK-Balanced-Binary-Tree,yes,yes,yes,yes,yes,6,6,not run,,,,
trees/SPARK2/Ada-SPARK-Binary-Tree-Inorder,trees,SPARK2,Ada-SPARK-Binary-Tree-Inorder,yes,yes,yes,yes,yes,9,9,not run,,,,
trees/SPARK2/Ada-SPARK-Binary-Tree-Level-Order,trees,SPARK2,Ada-SPARK-Binary-Tree-Level-Order,yes,yes,yes,yes,yes,9,9,not run,,,,
trees/SPARK2/Ada-SPARK-Binary-Tree-Max-Depth,trees,SPARK2,Ada-SPARK-Binary-Tree-Max-Depth,yes,yes,yes,yes,yes,7,7,not run,,,,
trees/SPARK2/Ada-SPARK-Binary-Tree-Min-Depth,trees,SPARK2,Ada-SPARK-Binary-Tree-Min-Depth,yes,yes,yes,yes,yes,7,7,not run,,,,
trees/SPARK2/Ada-SPARK-Binary-Tree-Paths,trees,SPARK2,Ada-SPARK-Binary-Tree-Paths,yes,yes,yes,yes,yes,4,4,not run,,,,
trees/SPARK2/Ada-SPARK-Binary-Tree-Postorder,trees,SPARK2,Ada-SPARK-Binary-Tree-Postorder,yes,yes,yes,yes,yes,6,6,not run,,,,
trees/SPARK2/Ada-SPARK-Binary-Tree-Preorder,trees,SPARK2,Ada-SPARK-Binary-Tree-Preorder,yes,yes,yes,yes,yes,9,9,not run,,,,
trees/SPARK2/Ada-SPARK-Binary-Tree-Right-Side-View,trees,SPARK2,Ada-SPARK-Binary-Tree-Right-Side-View,yes,yes,yes,yes,yes,3,3,not run,,,,
trees/SPARK2/Ada-SPARK-Construct-Binary-Tree-From-Inorder-And-Postorder-Lite,trees,SPARK2,Ada-SPARK-Construct-Binary-Tree-From-Inorder-And-Postorder-Lite,yes,yes,yes,yes,yes,9,9,not run,,,,
trees/SPARK2/Ada-SPARK-Construct-Binary-Tree-From-Preorder-And-Inorder-Lite,trees,SPARK2,Ada-SPARK-Construct-Binary-Tree-From-Preorder-And-Inorder-Lite,yes,yes,yes,yes,yes,9,9,not run,,,,
trees/SPARK2/Ada-SPARK-Convert-BST-To-Greater-Tree,trees,SPARK2,Ada-SPARK-Convert-BST-To-Greater-Tree,yes,yes,yes,yes,yes,1,1,not run,,,,
trees/SPARK2/Ada-SPARK-Count-Binary-Substrings,trees,SPARK2,Ada-SPARK-Count-Binary-Substrings,yes,yes,yes,yes,yes,0,0,not run,,,,
trees/SPARK2/Ada-SPARK-Count-Complete-Tree-Nodes,trees,SPARK2,Ada-SPARK-Count-Complete-Tree-Nodes,yes,yes,yes,yes,yes,4,4,not run,,,,
trees/SPARK2/Ada-SPARK-Delete-Node-BST-Stub,trees,SPARK2,Ada-SPARK-Delete-Node-BST-Stub,yes,yes,yes,yes,yes,0,0,not run,,,,
trees/SPARK2/Ada-SPARK-Delete-Node-In-A-BST-Lite,trees,SPARK2,Ada-SPARK-Delete-Node-In-A-BST-Lite,yes,yes,yes,yes,yes,8,8,not run,,algorithm.gpr,,
trees/SPARK2/Ada-SPARK-Diameter-Of-Binary-Tree,trees,SPARK2,Ada-SPARK-Diameter-Of-Binary-Tree,yes,yes,yes,yes,yes,7,7,not run,,,,
trees/SPARK2/Ada-SPARK-Find-Mode-In-BST,trees,SPARK2,Ada-SPARK-Find-Mode-In-BST,yes,yes,yes,yes,yes,4,4,not run,,,,
trees/SPARK2/Ada-SPARK-Flatten-Binary-Tree-To-Linked-List-Lite,trees,SPARK2,Ada-SPARK-Flatten-Binary-Tree-To-Linked-List-Lite,yes,yes,yes,yes,yes,2,2,not run,,,,
trees/SPARK2/Ada-SPARK-Get-Equal-Substrings-Within-Budget,trees,SPARK2,Ada-SPARK-Get-Equal-Substrings-Within-Budget,yes,yes,yes,yes,yes,3,3,not run,,,,
trees/SPARK2/Ada-SPARK-Implement-Trie,trees,SPARK2,Ada-SPARK-Implement-Trie,yes,yes,yes,yes,yes,3,3,not run,,,,
trees/SPARK2/Ada-SPARK-Insert-Into-BST,trees,SPARK2,Ada-SPARK-Insert-Into-BST,yes,yes,yes,yes,yes,0,0,not run,,,,
trees/SPARK2/Ada-SPARK-Invert-Binary-Tree,trees,SPARK2,Ada-SPARK-Invert-Binary-Tree,yes,yes,yes,yes,yes,5,5,not run,,,,
trees/SPARK2/Ada-SPARK-Kth-Smallest-BST-Stub,trees,SPARK2,Ada-SPARK-Kth-Smallest-BST-Stub,yes,yes,yes,yes,yes,5,5,not run,,,,
trees/SPARK2/Ada-SPARK-Leaf-Similar-Trees,trees,SPARK2,Ada-SPARK-Leaf-Similar-Trees,yes,yes,yes,yes,yes,3,3,not run,,,,
trees/SPARK2/Ada-SPARK-Longest-Common-Substring,trees,SPARK2,Ada-SPARK-Longest-Common-Substring,yes,yes,yes,yes,yes,0,0,not run,,,trees/Ada/Longest-Common-Substring,
trees/SPARK2/Ada-SPARK-Longest-Palindromic-Substring,trees,SPARK2,Ada-SPARK-Longest-Palindromic-Substring,yes,yes,yes,yes,yes,0,0,not run,,,,
trees/SPARK2/Ada-SPARK-Longest-Substring-Without-Repeat,trees,SPARK2,Ada-SPARK-Longest-Substring-Without-Repeat,yes,yes,yes,yes,yes,3,3,not run,,,,
trees/SPARK2/Ada-SPARK-Longest-Substring-Without-Repeating,trees,SPARK2,Ada-SPARK-Longest-Substring-Without-Repeating,yes,yes,yes,yes,yes,0,0,not run,,,,
trees/SPARK2/Ada-SPARK-Lowest-Common-Ancestor-BST,trees,SPARK2,Ada-SPARK-Lowest-Common-Ancestor-BST,yes,yes,yes,yes,yes,4,4,not run,,,,
trees/SPARK2/Ada-SPARK-Lowest-Common-Ancestor-Of-BST,trees,SPARK2,Ada-SPARK-Lowest-Common-Ancestor-Of-BST,yes,yes,yes,yes,yes,4,4,not run,,,,
trees/SPARK2/Ada-SPARK-Maximum-Binary-Tree,trees,SPARK2,Ada-SPARK-Maximum-Binary-Tree,yes,yes,yes,yes,yes,7,7,not run,,,,
trees/SPARK2/Ada-SPARK-Maximum-Depth-Of-Binary-Tree,trees,SPARK2,Ada-SPARK-Maximum-Depth-Of-Binary-Tree,yes,yes,yes,yes,yes,6,6,not run,,,,
trees/SPARK2/Ada-SPARK-Maximum-Depth-Of-N-Ary-Tree,trees,SPARK2,Ada-SPARK-Maximum-Depth-Of-N-Ary-Tree,yes,yes,yes,yes,yes,9,9,not run,,algorithm.gpr,,
trees/SPARK2/Ada-SPARK-Merge-Two-Binary-Trees,trees,SPARK2,Ada-SPARK-Merge-Two-Binary-Trees,yes,yes,yes,yes,yes,4,4,not run,,,,
trees/SPARK2/Ada-SPARK-Minimum-Depth-Of-Binary-Tree,trees,SPARK2,Ada-SPARK-Minimum-Depth-Of-Binary-Tree,yes,yes,yes,yes,yes,6,6,not run,,,,
trees/SPARK2/Ada-SPARK-Minimum-Height-Trees,trees,SPARK2,Ada-SPARK-Minimum-Height-Trees,yes,yes,yes,yes,yes,0,0,not run,,,,
trees/SPARK2/Ada-SPARK-Minimum-Window-Substring,trees,SPARK2,Ada-SPARK-Minimum-Window-Substring,yes,yes,yes,yes,yes,0,0,not run,,,,
trees/SPARK2/Ada-SPARK-N-Ary-Tree-Level-Order-Traversal,trees,SPARK2,Ada-SPARK-N-Ary-Tree-Level-Order-Traversal,yes,yes,yes,yes,yes,11,11,not run,,algorithm.gpr,,
trees/SPARK2/Ada-SPARK-N-Ary-Tree-Postorder-Traversal,trees,SPARK2,Ada-SPARK-N-Ary-Tree-Postorder-Traversal,yes,yes,yes,yes,yes,12,12,not run,,algorithm.gpr,,
trees/SPARK2/Ada-SPARK-N-Ary-Tree-Preorder-Traversal,trees,SPARK2,Ada-SPARK-N-Ary-Tree-Preorder-Traversal,yes,yes,yes,yes,yes,11,11,not run,,algorithm.gpr,,
trees/SPARK2/Ada-SPARK-Number-Of-Substrings-Containing-All-Three-Characters,trees,SPARK2,Ada-SPARK-Number-Of-Substrings-Containing-All-Three-Characters,yes,yes,yes,yes,yes,2,2,not run,,,,
trees/SPARK2/Ada-SPARK-Range-Sum-BST,trees,SPARK2,Ada-SPARK-Range-Sum-BST,yes,yes,yes,yes,yes,5,5,not run,,,,
trees/SPARK2/Ada-SPARK-Range-Sum-Of-BST,trees,SPARK2,Ada-SPARK-Range-Sum-Of-BST,yes,yes,yes,yes,yes,10,10,not run,,algorithm.gpr,,
trees/SPARK2/Ada-SPARK-Red-Black-Tree,trees,SPARK2,Ada-SPARK-Red-Black-Tree,yes,yes,yes,yes,yes,0,0,not run,,,trees/Ada/Red-Black-Tree,
trees/SPARK2/Ada-SPARK-Repeated-Substring-Pattern,trees,SPARK2,Ada-SPARK-Repeated-Substring-Pattern,yes,yes,yes,yes,yes,0,0,not run,,,,
trees/SPARK2/Ada-SPARK-Same-Tree,trees,SPARK2,Ada-SPARK-Same-Tree,yes,yes,yes,yes,yes,6,6,not run,,,,
trees/SPARK2/Ada-SPARK-Subtree-Of-Another-Tree,trees,SPARK2,Ada-SPARK-Subtree-Of-Another-Tree,yes,yes,yes,yes,yes,5,5,not run,,,,
trees/SPARK2/Ada-SPARK-Symmetric-Tree,trees,SPARK2,Ada-SPARK-Symmetric-Tree,yes,yes,yes,yes,yes,7,7,not run,,,,
trees/SPARK2/Ada-SPARK-Trim-BST-Stub,trees,SPARK2,Ada-SPARK-Trim-BST-Stub,yes,yes,yes,yes,yes,0,0,not run,,,,
trees/SPARK2/Ada-SPARK-Two-Sum-BST-Stub,trees,SPARK2,Ada-SPARK-Two-Sum-BST-Stub,yes,yes,yes,yes,yes,0,0,not run,,,,
trees/SPARK2/Ada-SPARK-Unique-BSTs-Stub,trees,SPARK2,Ada-SPARK-Unique-BSTs-Stub,yes,yes,yes,yes,yes,0,0,not run,,,,
trees/SPARK2/Ada-SPARK-Unique-Paths-With-Obstacles,trees,SPARK2,Ada-SPARK-Unique-Paths-With-Obstacles,yes,yes,yes,yes,yes,2,2,not run,,,,
trees/SPARK2/Ada-SPARK-Univalued-Binary-Tree,trees,SPARK2,Ada-SPARK-Univalued-Binary-Tree,yes,yes,yes,yes,yes,1,1,not run,,,,
trees/SPARK2/Ada-SPARK-Validate-BST-Stub,trees,SPARK2,Ada-SPARK-Validate-BST-Stub,yes,yes,yes,yes,yes,7,7,not run,,,,
