folder,compiler,runs,passes,fails,timeouts,distinct_outputs,repeat_ok,output_varies,seeds_tried,seeds_failed,failing_seeds,init_scalars_ok,flaky,first_fail_excerpt,note
clustering/Ada/Average-Linkage-Clustering,GNATMAKE 14.2.0,0,0,0,0,0,,,n/a,n/a,,n/a,no,,init: baseline -gnata build fail: raised ADA.ASSERTIONS.ASSERTION_ERROR : failed precondition from average_linkage_clustering.ads:150
clustering/Ada/Canopy-Clustering,GNATMAKE 14.2.0,0,0,0,0,0,,,n/a,n/a,,n/a,no,,init: baseline -gnata build fail: raised ADA.ASSERTIONS.ASSERTION_ERROR : failed precondition from canopy_clustering.ads:114
clustering/Ada/Clustering,GNATMAKE 14.2.0,0,0,0,0,0,,,n/a,n/a,,yes,no,,
clustering/Ada/Clustering-Algorithms,GNATMAKE 14.2.0,0,0,0,0,0,,,n/a,n/a,,n/a,no,,init: baseline -gnata build fail: raised ADA.ASSERTIONS.ASSERTION_ERROR : failed precondition from clustering_algorithms.ads:274
clustering/Ada/Complete-Linkage-Clustering,GNATMAKE 14.2.0,0,0,0,0,0,,,n/a,n/a,,n/a,no,,init: baseline -gnata build fail: raised ADA.ASSERTIONS.ASSERTION_ERROR : failed precondition from complete_linkage_clustering.ads:144
clustering/Ada/DBSCAN,GNATMAKE 14.2.0,0,0,0,0,0,,,n/a,n/a,,n/a,no,,init: baseline -gnata build fail: raised ADA.ASSERTIONS.ASSERTION_ERROR : failed precondition from dbscan.ads:100
clustering/Ada/FLAME-Clustering,GNATMAKE 14.2.0,0,0,0,0,0,,,n/a,n/a,,n/a,no,,init: baseline -gnata build fail: raised ADA.ASSERTIONS.ASSERTION_ERROR : failed precondition from flame_clustering.ads:163
clustering/Ada/Fuzzy-Clustering,GNATMAKE 14.2.0,0,0,0,0,0,,,n/a,n/a,,n/a,no,,init: baseline -gnata build fail: raised ADA.ASSERTIONS.ASSERTION_ERROR : failed precondition from fuzzy_clustering.ads:264
clustering/Ada/K-Means-Clustering,GNATMAKE 14.2.0,0,0,0,0,0,,,n/a,n/a,,n/a,no,,init: baseline -gnata build fail: raised ADA.ASSERTIONS.ASSERTION_ERROR : failed precondition from k_means_clustering.ads:262
clustering/Ada/K-Means-Plus-Plus,GNATMAKE 14.2.0,0,0,0,0,0,,,n/a,n/a,,n/a,no,,init: baseline -gnata build fail: raised ADA.ASSERTIONS.ASSERTION_ERROR : failed precondition from k_means_plus_plus.ads:251
clustering/Ada/Lloyds-Algorithm,GNATMAKE 14.2.0,0,0,0,0,0,,,n/a,n/a,,n/a,no,,init: baseline -gnata build fail: raised ADA.ASSERTIONS.ASSERTION_ERROR : failed precondition from lloyds_algorithm.ads:212
clustering/Ada/OPTICS,GNATMAKE 14.2.0,0,0,0,0,0,,,n/a,n/a,,n/a,no,,init: baseline -gnata build fail: raised ADA.ASSERTIONS.ASSERTION_ERROR : failed precondition from optics.ads:115
clustering/Ada/Single-Linkage-Clustering,GNATMAKE 14.2.0,0,0,0,0,0,,,n/a,n/a,,n/a,no,,init: baseline -gnata build fail: raised ADA.ASSERTIONS.ASSERTION_ERROR : failed precondition from single_linkage_clustering.ads:144
clustering/Ada/WACA-Clustering,GNATMAKE 14.2.0,0,0,0,0,0,,,n/a,n/a,,n/a,no,,init: baseline -gnata build fail: raised ADA.ASSERTIONS.ASSERTION_ERROR : failed precondition from waca_clustering.ads:114
clustering/Ada/Wards-Method,GNATMAKE 14.2.0,0,0,0,0,0,,,n/a,n/a,,n/a,no,,init: baseline -gnata build fail: FAIL: empty / N<2 raises
clustering/SPARK2/K-Means-Step,GNATMAKE 14.2.0,0,0,0,0,0,,,n/a,n/a,,yes,no,,
compression/Ada/Adaptive-Huffman,GNATMAKE 14.2.0,0,0,0,0,0,,,n/a,n/a,,yes,no,,
compression/Ada/Arithmetic-Coding,GNATMAKE 14.2.0,0,0,0,0,0,,,n/a,n/a,,yes,no,,
compression/Ada/Audio-Compression,GNATMAKE 14.2.0,0,0,0,0,0,,,30,0,,yes,no,,
compression/Ada/Berlekamp-Massey-Algorithm,GNATMAKE 14.2.0,0,0,0,0,0,,,n/a,n/a,,yes,no,,
compression/Ada/Berlekamp-Root-Finding,GNATMAKE 14.2.0,0,0,0,0,0,,,n/a,n/a,,yes,no,,
compression/Ada/Burrows-Wheeler-Transform,GNATMAKE 14.2.0,0,0,0,0,0,,,n/a,n/a,,yes,no,,
compression/Ada/Deflate,GNATMAKE 14.2.0,0,0,0,0,0,,,n/a,n/a,,yes,no,,
compression/Ada/Dynamic-Markov-Compression,GNATMAKE 14.2.0,0,0,0,0,0,,,n/a,n/a,,yes,no,,
compression/Ada/Earley-Parser,GNATMAKE 14.2.0,0,0,0,0,0,,,n/a,n/a,,yes,no,,
compression/Ada/Fast-Efficient-Lossless-Image-Compression-System,GNATMAKE 14.2.0,0,0,0,0,0,,,n/a,n/a,,yes,no,,
compression/Ada/Fractal-Compression,GNATMAKE 14.2.0,0,0,0,0,0,,,n/a,n/a,,yes,no,,
compression/Ada/Huffmann-Coding,GNATMAKE 14.2.0,0,0,0,0,0,,,n/a,n/a,,yes,no,,
compression/Ada/Image-Compression,GNATMAKE 14.2.0,0,0,0,0,0,,,n/a,n/a,,yes,no,,
compression/Ada/LZ77-LZ78,GNATMAKE 14.2.0,0,0,0,0,0,,,n/a,n/a,,yes,no,,
compression/Ada/LZWL,GNATMAKE 14.2.0,0,0,0,0,0,,,n/a,n/a,,yes,no,,
compression/Ada/LZX,GNATMAKE 14.2.0,0,0,0,0,0,,,n/a,n/a,,yes,no,,
compression/Ada/Peterson-Gorenstein-Zierler-Algorithm,GNATMAKE 14.2.0,0,0,0,0,0,,,n/a,n/a,,yes,no,,
compression/Ada/Run-Length-Encoding,GNATMAKE 14.2.0,0,0,0,0,0,,,n/a,n/a,,yes,no,,
compression/Ada/Speech-Compression,GNATMAKE 14.2.0,0,0,0,0,0,,,n/a,n/a,,yes,no,,
compression/Ada/Verlet-Integration,GNATMAKE 14.2.0,0,0,0,0,0,,,n/a,n/a,,yes,no,,
compression/Ada/Video-Compression,GNATMAKE 14.2.0,0,0,0,0,0,,,n/a,n/a,,yes,no,,
compression/Ada/Wavelet-Compression,GNATMAKE 14.2.0,0,0,0,0,0,,,n/a,n/a,,yes,no,,
compression/SPARK2/Ada-SPARK-Compress-String,GNATMAKE 14.2.0,0,0,0,0,0,,,n/a,n/a,,yes,no,,
compression/SPARK2/Ada-SPARK-Interleaving-String,GNATMAKE 14.2.0,0,0,0,0,0,,,n/a,n/a,,yes,no,,
compression/SPARK2/Ada-SPARK-LZ77,GNATMAKE 14.2.0,0,0,0,0,0,,,n/a,n/a,,yes,no,,
compression/SPARK2/Ada-SPARK-Move-To-Front,GNATMAKE 14.2.0,0,0,0,0,0,,,n/a,n/a,,yes,no,,
compression/SPARK2/Ada-SPARK-Run-Length-Encoding,GNATMAKE 14.2.0,0,0,0,0,0,,,30,0,,yes,no,,
compression/SPARK2/Ada-SPARK-String-Compression,GNATMAKE 14.2.0,0,0,0,0,0,,,30,0,,yes,no,,
compression/SPARK2/Burrows-Wheeler-Transform,GNATMAKE 14.2.0,0,0,0,0,0,,,30,0,,yes,no,,
compression/SPARK3/Huffman-Coding,GNATMAKE 14.2.0,0,0,0,0,0,,,30,0,,yes,no,,
concurrency/Ada/Paxos-Algorithm,GNATMAKE 14.2.0,0,0,0,0,0,,,n/a,n/a,,yes,no,,
concurrency/SPARK2/Ada-SPARK-Course-Schedule-II,GNATMAKE 14.2.0,0,0,0,0,0,,,n/a,n/a,,yes,no,,
concurrency/SPARK2/Ada-SPARK-Course-Schedule-II-Stub,GNATMAKE 14.2.0,0,0,0,0,0,,,n/a,n/a,,yes,no,,
concurrency/SPARK2/Ada-SPARK-Dekkers-Algorithm,GNATMAKE 14.2.0,0,0,0,0,0,,,n/a,n/a,,yes,no,,
concurrency/SPARK2/Ada-SPARK-Lamports-Bakery-Algorithm,GNATMAKE 14.2.0,0,0,0,0,0,,,n/a,n/a,,yes,no,,
concurrency/SPARK2/Ada-SPARK-Petersons-Algorithm,GNATMAKE 14.2.0,0,0,0,0,0,,,n/a,n/a,,yes,no,,
concurrency/SPARK2/Ada-SPARK-Task-Scheduler,GNATMAKE 14.2.0,0,0,0,0,0,,,n/a,n/a,,yes,no,,
concurrency/SPARK2/Ada-SPARK-Task-Scheduler-Stub,GNATMAKE 14.2.0,0,0,0,0,0,,,n/a,n/a,,yes,no,,
concurrency/SPARK2/Course-Schedule,GNATMAKE 14.2.0,0,0,0,0,0,,,n/a,n/a,,yes,no,,
cryptography/Ada/Aes,GNATMAKE 14.2.0,0,0,0,0,0,,,n/a,n/a,,n/a,no,,init: baseline -gnata build fail: TEST 7 — Empty Data Handled Without Error
cryptography/Ada/Argon2,GNATMAKE 14.2.0,0,0,0,0,0,,,n/a,n/a,,n/a,no,,init: baseline -gnata build fail: raised ADA.ASSERTIONS.ASSERTION_ERROR : failed precondition from argon2.ads:57
cryptography/Ada/Asymetric-Public-Key-Encryption,GNATMAKE 14.2.0,0,0,0,0,0,,,n/a,n/a,,n/a,no,,init: baseline -gnata build fail: raised ADA.ASSERTIONS.ASSERTION_ERROR : failed precondition from asymmetric_key.ads:29
cryptography/Ada/BLAKE,GNATMAKE 14.2.0,0,0,0,0,0,,,n/a,n/a,,yes,no,,
cryptography/Ada/Bcrypt,GNATMAKE 14.2.0,0,0,0,0,0,,,n/a,n/a,,yes,no,,
cryptography/Ada/Blowfish,GNATMAKE 14.2.0,0,0,0,0,0,,,n/a,n/a,,yes,no,,
cryptography/Ada/ChaCha20,GNATMAKE 14.2.0,0,0,0,0,0,,,n/a,n/a,,yes,no,,
cryptography/Ada/Data-Encryption-Standard,GNATMAKE 14.2.0,0,0,0,0,0,,,n/a,n/a,,yes,no,,
cryptography/Ada/ECDSA,GNATMAKE 14.2.0,0,0,0,0,0,,,n/a,n/a,,yes,no,,
cryptography/Ada/Elliptic-Curve-Diffie-Hellman,GNATMAKE 14.2.0,0,0,0,0,0,,,n/a,n/a,,n/a,no,,init: baseline -gnata build fail: TEST 12 — Error Handling: Invalid Private Keys
cryptography/Ada/Fortuna,GNATMAKE 14.2.0,0,0,0,0,0,,,n/a,n/a,,yes,no,,
cryptography/Ada/HMAC,GNATMAKE 14.2.0,0,0,0,0,0,,,n/a,n/a,,yes,no,,
cryptography/Ada/IDEA,GNATMAKE 14.2.0,0,0,0,0,0,,,n/a,n/a,,yes,no,,
cryptography/Ada/Lenstra-Elliptic-Curve-Factorization,GNATMAKE 14.2.0,0,0,0,0,0,,,n/a,n/a,,yes,no,,
cryptography/Ada/MD5,GNATMAKE 14.2.0,0,0,0,0,0,,,n/a,n/a,,n/a,no,,init: baseline -gnata build fail: raised ADA.ASSERTIONS.ASSERTION_ERROR : failed precondition from md5.ads:35
cryptography/Ada/NTRUEncrypt,GNATMAKE 14.2.0,0,0,0,0,0,,,n/a,n/a,,yes,no,,
cryptography/Ada/RSA,GNATMAKE 14.2.0,0,0,0,0,0,,,n/a,n/a,,yes,no,,
cryptography/Ada/SHA3,GNATMAKE 14.2.0,0,0,0,0,0,,,n/a,n/a,,yes,no,,
cryptography/Ada/Stochastic-Universal-Sampling,GNATMAKE 14.2.0,0,0,0,0,0,,,n/a,n/a,,yes,no,,
cryptography/Ada/Symetric-Encryption,GNATMAKE 14.2.0,0,0,0,0,0,,,n/a,n/a,,yes,no,,
cryptography/Ada/Threefish,GNATMAKE 14.2.0,0,0,0,0,0,,,n/a,n/a,,yes,no,,
cryptography/Ada/Tiny-Encryption-Algorithm,GNATMAKE 14.2.0,0,0,0,0,0,,,n/a,n/a,,yes,no,,
cryptography/Ada/Twofish,GNATMAKE 14.2.0,0,0,0,0,0,,,n/a,n/a,,yes,no,,
cryptography/Ada/Universal-Coding,GNATMAKE 14.2.0,0,0,0,0,0,,,n/a,n/a,,yes,no,,
cryptography/Ada/Universal-Variable-Formulation,GNATMAKE 14.2.0,0,0,0,0,0,,,n/a,n/a,,yes,no,,
cryptography/Ada/WHIRLPOOL,GNATMAKE 14.2.0,0,0,0,0,0,,,n/a,n/a,,yes,no,,
cryptography/Ada/Yarrow-Algorithm,GNATMAKE 14.2.0,0,0,0,0,0,,,n/a,n/a,,n/a,no,,init: baseline -gnata build fail: TEST 9 — Error Handling: Uninitialized Generation
cryptography/SPARK2/Ada-SPARK-Level-Order-Traversal-Stub,GNATMAKE 14.2.0,0,0,0,0,0,,,n/a,n/a,,yes,no,,
cryptography/SPARK2/Ada-SPARK-MD5,GNATMAKE 14.2.0,0,0,0,0,0,,,n/a,n/a,,yes,no,,
cryptography/SPARK2/Ada-SPARK-SHA-1,GNATMAKE 14.2.0,0,0,0,0,0,,,n/a,n/a,,yes,no,,
cryptography/SPARK2/Bit-Reversal,GNATMAKE 14.2.0,0,0,0,0,0,,,n/a,n/a,,yes,no,,
geometry/Ada/Adaptive-Histogram-Equalization,GNATMAKE 14.2.0,0,0,0,0,0,,,n/a,n/a,,yes,no,,
geometry/Ada/Ambient-Occlusion,GNATMAKE 14.2.0,0,0,0,0,0,,,n/a,n/a,,n/a,no,,init: baseline -gnata build fail: raised ADA.ASSERTIONS.ASSERTION_ERROR : failed precondition from ambient_occlusion.ads:129
geometry/Ada/Bresenhams-Line-Algorithm,GNATMAKE 14.2.0,0,0,0,0,0,,,n/a,n/a,,yes,no,,
geometry/Ada/Canny-Edge-Detector,GNATMAKE 14.2.0,0,0,0,0,0,,,n/a,n/a,,yes,no,,
geometry/Ada/Clipping,GNATMAKE 14.2.0,0,0,0,0,0,,,n/a,n/a,,n/a,no,,init: baseline -gnata build fail: raised ADA.ASSERTIONS.ASSERTION_ERROR : failed precondition from clipping.ads:185
geometry/Ada/Closest-Pair-Problem,GNATMAKE 14.2.0,0,0,0,0,0,,,n/a,n/a,,yes,no,,
geometry/Ada/Cohen-Sutherland,GNATMAKE 14.2.0,0,0,0,0,0,,,n/a,n/a,,n/a,no,,init: baseline -gnata build fail: raised ADA.ASSERTIONS.ASSERTION_ERROR : failed precondition from cohen_sutherland.ads:181
geometry/Ada/Constructive-Solid-Geometry,GNATMAKE 14.2.0,0,0,0,0,0,,,n/a,n/a,,n/a,no,,init: baseline -gnata build fail: raised ADA.ASSERTIONS.ASSERTION_ERROR : failed precondition from constructive_solid_geometry.ads:37
geometry/Ada/Convex-Hull-Algorithms,GNATMAKE 14.2.0,0,0,0,0,0,,,n/a,n/a,,yes,no,,
geometry/Ada/Delaunay-Triangulation,GNATMAKE 14.2.0,0,0,0,0,0,,,n/a,n/a,,yes,no,,
geometry/Ada/Fast-Clipping,GNATMAKE 14.2.0,0,0,0,0,0,,,n/a,n/a,,n/a,no,,init: baseline -gnata build fail: raised ADA.ASSERTIONS.ASSERTION_ERROR : failed precondition from fast_clipping.ads:131
geometry/Ada/Generalised-Hough-Transform,GNATMAKE 14.2.0,0,0,0,0,0,,,n/a,n/a,,n/a,no,,"init: baseline -gnata build nobuild:  error: possible interpretation at a-convec.ads:471, instance at generalised_hough_transform.ads:31 generalised_hough_tr"
geometry/Ada/Gift-Wrapping,GNATMAKE 14.2.0,0,0,0,0,0,,,n/a,n/a,,yes,no,,
geometry/Ada/Gouraud-Shading,GNATMAKE 14.2.0,0,0,0,0,0,,,n/a,n/a,,yes,no,,
geometry/Ada/Grabcut,GNATMAKE 14.2.0,0,0,0,0,0,,,n/a,n/a,,yes,no,,
geometry/Ada/Graham-Scan,GNATMAKE 14.2.0,0,0,0,0,0,,,n/a,n/a,,yes,no,,
geometry/Ada/Histogram-Equalization,GNATMAKE 14.2.0,0,0,0,0,0,,,n/a,n/a,,yes,no,,
geometry/Ada/Hough-Transform,GNATMAKE 14.2.0,0,0,0,0,0,,,n/a,n/a,,yes,no,,
geometry/Ada/Isosurfaces,GNATMAKE 14.2.0,0,0,0,0,0,,,n/a,n/a,,n/a,no,,init: baseline -gnata build fail: raised ADA.ASSERTIONS.ASSERTION_ERROR : failed precondition from isosurfaces.ads:105
geometry/Ada/Kirkpatrick-Seidel,GNATMAKE 14.2.0,0,0,0,0,0,,,n/a,n/a,,yes,no,,
geometry/Ada/Liang-Barsky,GNATMAKE 14.2.0,0,0,0,0,0,,,30,15,3:fail 5:fail 6:fail 10:fail 13:fail 14:fail 16:fail 18:fail 19:fail 22:fail 23:fail 24:fail 25:fail 27:fail 29:fail,yes,yes,"AA_SEED=3: FAIL own check: Cohen_Sutherland_Clip differs from the sampled inside part for segment (-3.00000E+00 1.00000E+01) - ( 3.00000E+00-4.00000E+00), window 0.00000E+",
geometry/Ada/Line-Clipping,GNATMAKE 14.2.0,0,0,0,0,0,,,30,0,,n/a,no,,init: baseline -gnata build fail: raised ADA.ASSERTIONS.ASSERTION_ERROR : failed precondition from line_clipping.ads:126
geometry/Ada/Line-Segment-Intersection,GNATMAKE 14.2.0,0,0,0,0,0,,,n/a,n/a,,yes,no,,
geometry/Ada/Marching-Cubes,GNATMAKE 14.2.0,0,0,0,0,0,,,n/a,n/a,,n/a,no,,init: baseline -gnata build fail: raised ADA.ASSERTIONS.ASSERTION_ERROR : failed precondition from marching_cubes.ads:104
geometry/Ada/Ordered-Dithering,GNATMAKE 14.2.0,0,0,0,0,0,,,n/a,n/a,,yes,no,,
geometry/Ada/Phong-Shading,GNATMAKE 14.2.0,0,0,0,0,0,,,n/a,n/a,,n/a,no,,init: baseline -gnata build fail: TEST 12 — Error Handling for Degenerate Inputs
geometry/Ada/Point-In-Polygon,GNATMAKE 14.2.0,0,0,0,0,0,,,n/a,n/a,,yes,no,,
geometry/Ada/Polygon-Triangulation,GNATMAKE 14.2.0,0,0,0,0,0,,,n/a,n/a,,yes,no,,
geometry/Ada/Quasitriangulation,GNATMAKE 14.2.0,0,0,0,0,0,,,n/a,n/a,,yes,no,,
geometry/Ada/Quickhull,GNATMAKE 14.2.0,0,0,0,0,0,,,n/a,n/a,,yes,no,,
geometry/Ada/Radiosity,GNATMAKE 14.2.0,0,0,0,0,0,,,n/a,n/a,,n/a,no,,init: baseline -gnata build fail: TEST 13 -- Error Handling and Preconditions
geometry/Ada/Ramer-Douglas-Peucker-Algorithm,GNATMAKE 14.2.0,0,0,0,0,0,,,n/a,n/a,,yes,no,,
geometry/Ada/Ray-Tracing,GNATMAKE 14.2.0,0,0,0,0,0,,,n/a,n/a,,yes,no,,
geometry/Ada/Riemersma-Dithering,GNATMAKE 14.2.0,0,0,0,0,0,,,n/a,n/a,,yes,no,,
geometry/Ada/Segmentation,GNATMAKE 14.2.0,0,0,0,0,0,,,n/a,n/a,,n/a,no,,"init: baseline -gnata build nobuild: b:204:12: error: ambiguous call to ""Append"" tests.adb:204:12: error: possible interpretation at a-convec.ads:471, instan"
geometry/Ada/Shading,GNATMAKE 14.2.0,0,0,0,0,0,,,n/a,n/a,,n/a,no,,init: baseline -gnata build fail: raised ADA.ASSERTIONS.ASSERTION_ERROR : failed precondition from shading.ads:221
geometry/Ada/Slerp,GNATMAKE 14.2.0,0,0,0,0,0,,,n/a,n/a,,n/a,no,,init: baseline -gnata build fail: TEST 2 -- Vector Error Handling
geometry/Ada/Sutherland-Hodgman,GNATMAKE 14.2.0,0,0,0,0,0,,,n/a,n/a,,yes,no,,
geometry/Ada/Triangulation,GNATMAKE 14.2.0,0,0,0,0,0,,,n/a,n/a,,yes,no,,
geometry/Ada/Vatti,GNATMAKE 14.2.0,0,0,0,0,0,,,n/a,n/a,,yes,no,,
geometry/Ada/Vincenty,GNATMAKE 14.2.0,0,0,0,0,0,,,n/a,n/a,,yes,no,,
geometry/Ada/Voronoi-Diagrams,GNATMAKE 14.2.0,0,0,0,0,0,,,n/a,n/a,,yes,no,,
geometry/Ada/Warnock-Algorithm,GNATMAKE 14.2.0,0,0,0,0,0,,,n/a,n/a,,yes,no,,
geometry/Ada/Watershed-Transformation,GNATMAKE 14.2.0,0,0,0,0,0,,,n/a,n/a,,n/a,no,,"init: baseline -gnata build nobuild: 9:37: error: ambiguous call to ""Append"" watershed_algorithm.adb:59:37: error: possible interpretation at a-convec.ads:47"
geometry/Ada/Weiler-Atherton,GNATMAKE 14.2.0,0,0,0,0,0,,,n/a,n/a,,yes,no,,
geometry/Ada/Xiaolin-Wus-Line-Algorithm,GNATMAKE 14.2.0,0,0,0,0,0,,,n/a,n/a,,yes,no,,
geometry/SPARK2/Ada-SPARK-Convex-Hull-Graham,GNATMAKE 14.2.0,0,0,0,0,0,,,30,0,,yes,no,,
geometry/SPARK2/Ada-SPARK-Point-In-Polygon,GNATMAKE 14.2.0,0,0,0,0,0,,,30,0,,yes,no,,
geometry/SPARK2/Closest-Pair-Brute,GNATMAKE 14.2.0,0,0,0,0,0,,,n/a,n/a,,yes,no,,
graphs/Ada/A-Star,GNATMAKE 14.2.0,0,0,0,0,0,,,n/a,n/a,,yes,no,,
graphs/Ada/Bellman-Ford-Algorithm,GNATMAKE 14.2.0,0,0,0,0,0,,,30,0,,yes,no,,
graphs/Ada/Boruvkas-Algorithm,GNATMAKE 14.2.0,0,0,0,0,0,,,n/a,n/a,,yes,no,,
graphs/Ada/Cliques,GNATMAKE 14.2.0,0,0,0,0,0,,,n/a,n/a,,yes,no,,
graphs/Ada/Coin-Graph,GNATMAKE 14.2.0,0,0,0,0,0,,,n/a,n/a,,yes,no,,
graphs/Ada/Cryptographically-Secure-Pseudo-Random-Number-Generators,GNATMAKE 14.2.0,0,0,0,0,0,,,n/a,n/a,,yes,no,,
graphs/Ada/Cryptographically-Secure-Pseudorandom-Number-Generator,GNATMAKE 14.2.0,0,0,0,0,0,,,n/a,n/a,,yes,no,,
graphs/Ada/Dijkstra-Scholten-Algorithm,GNATMAKE 14.2.0,0,0,0,0,0,,,n/a,n/a,,yes,no,,
graphs/Ada/Dijkstras-Algorithm,GNATMAKE 14.2.0,0,0,0,0,0,,,30,0,,yes,no,,
graphs/Ada/Dinics-Algorithm,GNATMAKE 14.2.0,0,0,0,0,0,,,n/a,n/a,,yes,no,,
graphs/Ada/Edmonds-Karp-Algorithm,GNATMAKE 14.2.0,0,0,0,0,0,,,n/a,n/a,,yes,no,,
graphs/Ada/Elliptic-Curve-Cryptography,GNATMAKE 14.2.0,0,0,0,0,0,,,n/a,n/a,,yes,no,,
graphs/Ada/Euclidean-Minimum-Spanning-Tree,GNATMAKE 14.2.0,0,0,0,0,0,,,n/a,n/a,,yes,no,,
graphs/Ada/Floyd-Steinberg-Dithering,GNATMAKE 14.2.0,0,0,0,0,0,,,n/a,n/a,,yes,no,,
graphs/Ada/Floyd-Warshall-Algorithm,GNATMAKE 14.2.0,0,0,0,0,0,,,30,0,,yes,no,,
graphs/Ada/Floyds-Cycle-Finding-Algorithm,GNATMAKE 14.2.0,0,0,0,0,0,,,n/a,n/a,,yes,no,,
graphs/Ada/Ford-Fulkerson-Algorithm,GNATMAKE 14.2.0,0,0,0,0,0,,,n/a,n/a,,yes,no,,
graphs/Ada/Hungarian-Algorithm,GNATMAKE 14.2.0,0,0,0,0,0,,,n/a,n/a,,yes,no,,
graphs/Ada/Hungarian-Method,GNATMAKE 14.2.0,0,0,0,0,0,,,n/a,n/a,,yes,no,,
graphs/Ada/Kosarajus-Algorithm,GNATMAKE 14.2.0,0,0,0,0,0,,,n/a,n/a,,yes,no,,
graphs/Ada/Kruskals-Algorithm,GNATMAKE 14.2.0,0,0,0,0,0,,,30,0,,yes,no,,
graphs/Ada/MaxCliqueDyn,GNATMAKE 14.2.0,0,0,0,0,0,,,n/a,n/a,,yes,no,,
graphs/Ada/Minimum-Spanning-Tree,GNATMAKE 14.2.0,0,0,0,0,0,,,n/a,n/a,,yes,no,,
graphs/Ada/PageRank,GNATMAKE 14.2.0,0,0,0,0,0,,,n/a,n/a,,yes,no,,
graphs/Ada/Post-Quantum-Cryptography,GNATMAKE 14.2.0,0,0,0,0,0,,,n/a,n/a,,yes,no,,
graphs/Ada/Prims-Algorithm,GNATMAKE 14.2.0,0,0,0,0,0,,,n/a,n/a,,yes,no,,
graphs/Ada/Shortest-Path-Problem,GNATMAKE 14.2.0,0,0,0,0,0,,,n/a,n/a,,no,yes,,init: Initialize_Scalars build fail: raised CONSTRAINT_ERROR : shortest_path_problem.adb:724 invalid data
graphs/Ada/Tarjans-Off-Line-Lowest-Common-Ancestors,GNATMAKE 14.2.0,0,0,0,0,0,,,n/a,n/a,,yes,no,,
graphs/Ada/Tarjans-Strongly-Connected-Components,GNATMAKE 14.2.0,0,0,0,0,0,,,n/a,n/a,,yes,no,,
graphs/SPARK2/Ada-SPARK-Bellman-Ford-Lite,GNATMAKE 14.2.0,0,0,0,0,0,,,n/a,n/a,,yes,no,,
graphs/SPARK2/Ada-SPARK-Clone-Graph,GNATMAKE 14.2.0,0,0,0,0,0,,,n/a,n/a,,yes,no,,
graphs/SPARK2/Ada-SPARK-Clone-Graph-Stub,GNATMAKE 14.2.0,0,0,0,0,0,,,n/a,n/a,,yes,no,,
graphs/SPARK2/Ada-SPARK-Dijkstra-Lite,GNATMAKE 14.2.0,0,0,0,0,0,,,n/a,n/a,,yes,no,,
graphs/SPARK2/Ada-SPARK-Find-Center-Of-Star-Graph,GNATMAKE 14.2.0,0,0,0,0,0,,,n/a,n/a,,yes,no,,
graphs/SPARK2/Ada-SPARK-Find-If-Path-Exists-In-Graph,GNATMAKE 14.2.0,0,0,0,0,0,,,30,0,,yes,no,,
graphs/SPARK2/Ada-SPARK-Floyd-Warshall,GNATMAKE 14.2.0,0,0,0,0,0,,,n/a,n/a,,yes,no,,
graphs/SPARK2/Ada-SPARK-Floyd-Warshall-Lite,GNATMAKE 14.2.0,0,0,0,0,0,,,n/a,n/a,,yes,no,,
graphs/SPARK2/Ada-SPARK-Is-Graph-Bipartite,GNATMAKE 14.2.0,0,0,0,0,0,,,n/a,n/a,,yes,no,,
graphs/SPARK2/Ada-SPARK-Kruskal-MST-Lite,GNATMAKE 14.2.0,0,0,0,0,0,,,n/a,n/a,,yes,no,,
graphs/SPARK2/Ada-SPARK-Kruskals-Algorithm,GNATMAKE 14.2.0,0,0,0,0,0,,,n/a,n/a,,yes,no,,
graphs/SPARK2/Ada-SPARK-Number-Of-Islands-DFS,GNATMAKE 14.2.0,0,0,0,0,0,,,n/a,n/a,,yes,no,,
graphs/SPARK2/Ada-SPARK-Prims-Algorithm,GNATMAKE 14.2.0,0,0,0,0,0,,,30,0,,yes,no,,
graphs/SPARK2/Ada-SPARK-Shortest-Path-In-Binary-Matrix,GNATMAKE 14.2.0,0,0,0,0,0,,,n/a,n/a,,yes,no,,
graphs/SPARK2/Bellman-Ford-Algorithm,GNATMAKE 14.2.0,0,0,0,0,0,,,n/a,n/a,,yes,no,,
graphs/SPARK4/A-Star,GNATMAKE 14.2.0,0,0,0,0,0,,,n/a,n/a,,yes,no,,
graphs/SPARK4/Ada-SPARK-Dijkstras-Algorithm,GNATMAKE 14.2.0,0,0,0,0,0,,,n/a,n/a,,yes,no,,
graphs/SPARK4/Ada-SPARK-Floyds-Cycle-Finding-Algorithm,GNATMAKE 14.2.0,0,0,0,0,0,,,n/a,n/a,,yes,no,,
hashing/Ada/Bloom-Filter,GNATMAKE 14.2.0,0,0,0,0,0,,,n/a,n/a,,yes,no,,
hashing/Ada/Geohash,GNATMAKE 14.2.0,0,0,0,0,0,,,30,0,,yes,no,,
hashing/Ada/Geometric-Hashing,GNATMAKE 14.2.0,0,0,0,0,0,,,n/a,n/a,,yes,no,,
hashing/Ada/Hash-Functions,GNATMAKE 14.2.0,0,0,0,0,0,,,n/a,n/a,,yes,no,,
hashing/Ada/Hash-Join,GNATMAKE 14.2.0,0,0,0,0,0,,,n/a,n/a,,n/a,no,,"init: baseline -gnata build nobuild: in.ads:27 tests.adb:158:16: error: ambiguous call to ""Append"" tests.adb:158:16: error: possible interpretation at a-conv"
hashing/Ada/Locality-Sensitive-Hashing,GNATMAKE 14.2.0,0,0,0,0,0,,,n/a,n/a,,yes,no,,
hashing/Ada/Pearson-Hashing,GNATMAKE 14.2.0,0,0,0,0,0,,,n/a,n/a,,yes,no,,
hashing/Ada/SipHash,GNATMAKE 14.2.0,0,0,0,0,0,,,n/a,n/a,,yes,no,,
hashing/Ada/Tiger-Hash,GNATMAKE 14.2.0,0,0,0,0,0,,,n/a,n/a,,yes,no,,
hashing/SPARK2/Ada-SPARK-Design-HashMap,GNATMAKE 14.2.0,0,0,0,0,0,,,30,0,,yes,no,,
hashing/SPARK2/Ada-SPARK-Design-HashMap-Stub,GNATMAKE 14.2.0,0,0,0,0,0,,,n/a,n/a,,yes,no,,
hashing/SPARK2/Ada-SPARK-Design-HashSet,GNATMAKE 14.2.0,0,0,0,0,0,,,30,0,,yes,no,,
hashing/SPARK2/Ada-SPARK-Design-HashSet-Stub,GNATMAKE 14.2.0,0,0,0,0,0,,,n/a,n/a,,yes,no,,
hashing/SPARK2/Ada-SPARK-FNV-Hash,GNATMAKE 14.2.0,0,0,0,0,0,,,n/a,n/a,,yes,no,,
hashing/SPARK2/Ada-SPARK-Pearson-Hashing,GNATMAKE 14.2.0,0,0,0,0,0,,,n/a,n/a,,yes,no,,
hashing/SPARK2/Ada-SPARK-Zobrist-Hashing,GNATMAKE 14.2.0,0,0,0,0,0,,,30,0,,yes,no,,
hashing/SPARK2/Bloom-Filter,GNATMAKE 14.2.0,0,0,0,0,0,,,n/a,n/a,,yes,no,,
logic/Ada/Automated-Theorem-Proving,GNATMAKE 14.2.0,0,0,0,0,0,,,30,0,,yes,no,,
logic/Ada/Chaff,GNATMAKE 14.2.0,0,0,0,0,0,,,n/a,n/a,,yes,no,,
logic/Ada/Constraint-Satisfaction,GNATMAKE 14.2.0,0,0,0,0,0,,,n/a,n/a,,yes,no,,
logic/Ada/DPLL,GNATMAKE 14.2.0,0,0,0,0,0,,,30,0,,yes,no,,
logic/Ada/DPLL-Algorithm,GNATMAKE 14.2.0,0,0,0,0,0,,,n/a,n/a,,n/a,no,,init: baseline -gnata build fail: TEST 12 - Error Handling & Precondition Validation
logic/Ada/Verified-Unification-Engine,GNATMAKE 14.2.0,0,0,0,0,0,,,30,0,,yes,no,,
matrices/Ada/Chain-Matrix-Multiplication,GNATMAKE 14.2.0,0,0,0,0,0,,,n/a,n/a,,yes,no,,
matrices/Ada/Eigenvalue-Algorithms,GNATMAKE 14.2.0,0,0,0,0,0,,,n/a,n/a,,yes,no,,
matrices/Ada/Gaussian-Elimination,GNATMAKE 14.2.0,0,0,0,0,0,,,n/a,n/a,,yes,no,,
matrices/Ada/Jacobi-Eigenvalue,GNATMAKE 14.2.0,0,0,0,0,0,,,n/a,n/a,,yes,no,,
matrices/Ada/Matrix-Multiplication,GNATMAKE 14.2.0,0,0,0,0,0,,,30,0,,yes,no,,
matrices/Ada/Quantum-Singular-Value-Transformation,GNATMAKE 14.2.0,0,0,0,0,0,,,n/a,n/a,,n/a,no,,init: baseline -gnata build fail: PASS — 7.3 QSP execution completes without error
matrices/Ada/SMAWK,GNATMAKE 14.2.0,0,0,0,0,0,,,n/a,n/a,,yes,no,,
matrices/Ada/Schonhage-Strassen,GNATMAKE 14.2.0,0,0,0,0,0,,,30,0,,yes,no,,
matrices/Ada/Sparse-Matrix,GNATMAKE 14.2.0,0,0,0,0,0,,,n/a,n/a,,yes,no,,
matrices/Ada/Strassen,GNATMAKE 14.2.0,0,0,0,0,0,,,n/a,n/a,,yes,no,,
matrices/Ada/Symbolic-Cholesky-Decomposition,GNATMAKE 14.2.0,0,0,0,0,0,,,n/a,n/a,,yes,no,,
matrices/SPARK2/Ada-SPARK-Check-If-Matrix-Is-X-Matrix,GNATMAKE 14.2.0,0,0,0,0,0,,,n/a,n/a,,yes,no,,
matrices/SPARK2/Ada-SPARK-Gaussian-Elimination,GNATMAKE 14.2.0,0,0,0,0,0,,,30,0,,yes,no,,
matrices/SPARK2/Ada-SPARK-Lucky-Numbers-In-A-Matrix,GNATMAKE 14.2.0,0,0,0,0,0,,,30,0,,yes,no,,
matrices/SPARK2/Ada-SPARK-Matrix-Cells-In-Distance-Order,GNATMAKE 14.2.0,0,0,0,0,0,,,n/a,n/a,,yes,no,,
matrices/SPARK2/Ada-SPARK-Matrix-Chain-Multiplication,GNATMAKE 14.2.0,0,0,0,0,0,,,n/a,n/a,,yes,no,,
matrices/SPARK2/Ada-SPARK-Matrix-Diagonal-Sum,GNATMAKE 14.2.0,0,0,0,0,0,,,n/a,n/a,,yes,no,,
matrices/SPARK2/Ada-SPARK-Matrix-Multiply,GNATMAKE 14.2.0,0,0,0,0,0,,,n/a,n/a,,yes,no,,
matrices/SPARK2/Ada-SPARK-Num-Matrix-Block-Sum,GNATMAKE 14.2.0,0,0,0,0,0,,,30,0,,yes,no,,
matrices/SPARK2/Ada-SPARK-Reshape-The-Matrix,GNATMAKE 14.2.0,0,0,0,0,0,,,n/a,n/a,,yes,no,,
matrices/SPARK2/Ada-SPARK-Set-Matrix-Zeroes,GNATMAKE 14.2.0,0,0,0,0,0,,,n/a,n/a,,yes,no,,
matrices/SPARK2/Ada-SPARK-Spiral-Matrix,GNATMAKE 14.2.0,0,0,0,0,0,,,n/a,n/a,,yes,no,,
matrices/SPARK2/Ada-SPARK-Spiral-Matrix-II,GNATMAKE 14.2.0,0,0,0,0,0,,,n/a,n/a,,yes,no,,
matrices/SPARK2/Ada-SPARK-The-K-Weakest-Rows-In-A-Matrix,GNATMAKE 14.2.0,0,0,0,0,0,,,n/a,n/a,,yes,no,,
matrices/SPARK2/Ada-SPARK-Toeplitz-Matrix,GNATMAKE 14.2.0,0,0,0,0,0,,,n/a,n/a,,yes,no,,
matrices/SPARK2/Ada-SPARK-Transpose-Matrix,GNATMAKE 14.2.0,0,0,0,0,0,,,n/a,n/a,,yes,no,,
matrices/SPARK2/Matrix-01,GNATMAKE 14.2.0,0,0,0,0,0,,,n/a,n/a,,yes,no,,
misc/Ada/A-Law-Algorithm,GNATMAKE 14.2.0,0,0,0,0,0,,,n/a,n/a,,yes,no,,
misc/Ada/AC-3,GNATMAKE 14.2.0,0,0,0,0,0,,,n/a,n/a,,yes,no,,
misc/Ada/ACORN-Generator,GNATMAKE 14.2.0,0,0,0,0,0,,,n/a,n/a,,yes,no,,
misc/Ada/Addition-Chain-Exponentiation,GNATMAKE 14.2.0,0,0,0,0,0,,,n/a,n/a,,yes,no,,
misc/Ada/Adler-32,GNATMAKE 14.2.0,0,0,0,0,0,,,n/a,n/a,,yes,no,,
misc/Ada/Algorithm-X,GNATMAKE 14.2.0,0,0,0,0,0,,,n/a,n/a,,yes,no,,
misc/Ada/Algorithms-For-Calculating-Variance,GNATMAKE 14.2.0,0,0,0,0,0,,,n/a,n/a,,yes,no,,
misc/Ada/Alpha-Beta-Pruning,GNATMAKE 14.2.0,0,0,0,0,0,,,n/a,n/a,,yes,no,,
misc/Ada/Alpha-Max-Plus-Beta-Min,GNATMAKE 14.2.0,0,0,0,0,0,,,n/a,n/a,,yes,no,,
misc/Ada/Ant-Colony-Optimization,GNATMAKE 14.2.0,0,0,0,0,0,,,n/a,n/a,,yes,no,,
misc/Ada/Approximate-Counting,GNATMAKE 14.2.0,0,0,0,0,0,,,n/a,n/a,,yes,no,,
misc/Ada/Apriori-Algorithm,GNATMAKE 14.2.0,0,0,0,0,0,,,n/a,n/a,,n/a,no,,init: baseline -gnata build fail: raised ADA.ASSERTIONS.ASSERTION_ERROR : failed precondition from apriori.ads:56
misc/Ada/Association-Rule-Learning,GNATMAKE 14.2.0,0,0,0,0,0,,,n/a,n/a,,yes,no,,
misc/Ada/Automated-Planning-And-Scheduling,GNATMAKE 14.2.0,0,0,0,0,0,,,n/a,n/a,,yes,no,,
misc/Ada/Automatic-Train-Operation,GNATMAKE 14.2.0,0,0,0,0,0,,,n/a,n/a,,yes,no,,
misc/Ada/B-Star,GNATMAKE 14.2.0,0,0,0,0,0,,,n/a,n/a,,yes,no,,
misc/Ada/BCH-Codes,GNATMAKE 14.2.0,0,0,0,0,0,,,n/a,n/a,,yes,no,,
misc/Ada/BCJR-Algorithm,GNATMAKE 14.2.0,0,0,0,0,0,,,n/a,n/a,,yes,no,,
misc/Ada/BLAST,GNATMAKE 14.2.0,0,0,0,0,0,,,n/a,n/a,,yes,no,,
misc/Ada/Baby-Step-Giant-Step,GNATMAKE 14.2.0,0,0,0,0,0,,,n/a,n/a,,yes,no,,
misc/Ada/Backtracking,GNATMAKE 14.2.0,0,0,0,0,0,,,30,0,,yes,no,,
misc/Ada/Backward-Euler,GNATMAKE 14.2.0,0,0,0,0,0,,,n/a,n/a,,n/a,no,,init: baseline -gnata build fail: === 1. Near / Abs_Error helpers ===
misc/Ada/Backward-Induction,GNATMAKE 14.2.0,0,0,0,0,0,,,n/a,n/a,,yes,no,,
misc/Ada/Baillie-PSW,GNATMAKE 14.2.0,0,0,0,0,0,,,n/a,n/a,,yes,no,,
misc/Ada/Banzhaf-Power-Index,GNATMAKE 14.2.0,0,0,0,0,0,,,n/a,n/a,,yes,no,,
misc/Ada/Barnes-Hut,GNATMAKE 14.2.0,0,0,0,0,0,,,n/a,n/a,,yes,no,,
misc/Ada/Baum-Welch,GNATMAKE 14.2.0,0,0,0,0,0,,,n/a,n/a,,n/a,no,,init: baseline -gnata build fail: raised ADA.ASSERTIONS.ASSERTION_ERROR : failed precondition from baum_welch.ads:164
misc/Ada/Bayesian-Nash-Equilibrium,GNATMAKE 14.2.0,0,0,0,0,0,,,n/a,n/a,,yes,no,,
misc/Ada/Bayesian-Statistics,GNATMAKE 14.2.0,0,0,0,0,0,,,n/a,n/a,,n/a,no,,init: baseline -gnata build fail: raised ADA.ASSERTIONS.ASSERTION_ERROR : failed precondition from bayesian_statistics.ads:121
misc/Ada/Beam-Tracing,GNATMAKE 14.2.0,0,0,0,0,0,,,n/a,n/a,,n/a,no,,init: baseline -gnata build fail: raised ADA.ASSERTIONS.ASSERTION_ERROR : failed precondition from beam_tracing.ads:106
misc/Ada/Bees-Algorithm,GNATMAKE 14.2.0,0,0,0,0,0,,,n/a,n/a,,yes,no,,
misc/Ada/Beginner-Embedded-API,GNATMAKE 14.2.0,0,0,0,0,0,,,n/a,n/a,,yes,no,,
misc/Ada/Bensons-Algorithm,GNATMAKE 14.2.0,0,0,0,0,0,,,n/a,n/a,,yes,no,,
misc/Ada/Bentley-Ottmann,GNATMAKE 14.2.0,0,0,0,0,0,,,n/a,n/a,,yes,no,,
misc/Ada/Berkeley-Algorithm,GNATMAKE 14.2.0,0,0,0,0,0,,,n/a,n/a,,yes,no,,
misc/Ada/Bernstein-Varizani-Algorithm,GNATMAKE 14.2.0,0,0,0,0,0,,,n/a,n/a,,yes,no,,
misc/Ada/Best-Bin-First,GNATMAKE 14.2.0,0,0,0,0,0,,,n/a,n/a,,n/a,no,,init: baseline -gnata build fail: raised ADA.ASSERTIONS.ASSERTION_ERROR : failed precondition from best_bin_first.ads:124
misc/Ada/Binary-Space-Partitioning,GNATMAKE 14.2.0,0,0,0,0,0,,,n/a,n/a,,yes,no,,
misc/Ada/Binary-Splitting,GNATMAKE 14.2.0,0,0,0,0,0,,,n/a,n/a,,n/a,no,,init: baseline -gnata build fail: === 1. Near / Abs_Error helpers ===
misc/Ada/Birkhoff-von-Neumann,GNATMAKE 14.2.0,0,0,0,0,0,,,n/a,n/a,,yes,no,,
misc/Ada/Bitap-Algorithm,GNATMAKE 14.2.0,0,0,0,0,0,,,n/a,n/a,,yes,no,,
misc/Ada/Black-Scholes-Model,GNATMAKE 14.2.0,0,0,0,0,0,,,n/a,n/a,,yes,no,,
misc/Ada/Blind-Deconvolution,GNATMAKE 14.2.0,0,0,0,0,0,,,n/a,n/a,,yes,no,,
misc/Ada/Block-Truncation-Coding,GNATMAKE 14.2.0,0,0,0,0,0,,,n/a,n/a,,yes,no,,
misc/Ada/Blossom-Algorithm,GNATMAKE 14.2.0,0,0,0,0,0,,,n/a,n/a,,yes,no,,
misc/Ada/Blum-Blum-Shub,GNATMAKE 14.2.0,0,0,0,0,0,,,n/a,n/a,,yes,no,,
misc/Ada/Booth-Multiplication,GNATMAKE 14.2.0,0,0,0,0,0,,,n/a,n/a,,yes,no,,
misc/Ada/Boson-Sampling,GNATMAKE 14.2.0,0,0,0,0,0,,,n/a,n/a,,yes,no,,
misc/Ada/Boundary-Representation,GNATMAKE 14.2.0,0,0,0,0,0,,,n/a,n/a,,n/a,no,,init: baseline -gnata build fail: raised ADA.ASSERTIONS.ASSERTION_ERROR : failed precondition from boundary_representation.ads:57
misc/Ada/Bowyer-Watson,GNATMAKE 14.2.0,0,0,0,0,0,,,30,0,,yes,no,,
misc/Ada/Branch-and-Bound,GNATMAKE 14.2.0,0,0,0,0,0,,,n/a,n/a,,n/a,no,,init: baseline -gnata build fail: raised ADA.ASSERTIONS.ASSERTION_ERROR : failed precondition from branch_and_bound.ads:116
misc/Ada/Branch-and-Cut,GNATMAKE 14.2.0,0,0,0,0,0,,,n/a,n/a,,yes,no,,
misc/Ada/Bron-Kerbosch,GNATMAKE 14.2.0,0,0,0,0,0,,,n/a,n/a,,yes,no,,
misc/Ada/Buchbergers-Algorithm,GNATMAKE 14.2.0,0,0,0,0,0,,,n/a,n/a,,yes,no,,
misc/Ada/Buechi-Automaton,GNATMAKE 14.2.0,0,0,0,0,0,,,n/a,n/a,,n/a,no,,init: baseline -gnata build fail: raised ADA.ASSERTIONS.ASSERTION_ERROR : failed precondition from buchi_automaton.ads:79
misc/Ada/Buzens-Algorithm,GNATMAKE 14.2.0,0,0,0,0,0,,,n/a,n/a,,n/a,no,,init: baseline -gnata build fail: FAIL: Prob_Ni_Equals rejects X_i<=0
misc/Ada/C4.5-Algorithm,GNATMAKE 14.2.0,0,0,0,0,0,,,n/a,n/a,,yes,no,,
misc/Ada/CHS-Conversion,GNATMAKE 14.2.0,0,0,0,0,0,,,n/a,n/a,,yes,no,,
misc/Ada/Cannons-Algorithm,GNATMAKE 14.2.0,0,0,0,0,0,,,n/a,n/a,,yes,no,,
misc/Ada/Chaitins-Algorithm,GNATMAKE 14.2.0,0,0,0,0,0,,,n/a,n/a,,yes,no,,
misc/Ada/Chandra-Toueg,GNATMAKE 14.2.0,0,0,0,0,0,,,n/a,n/a,,yes,no,,
misc/Ada/Chans-Algorithm,GNATMAKE 14.2.0,0,0,0,0,0,,,n/a,n/a,,yes,no,,
misc/Ada/Chase,GNATMAKE 14.2.0,0,0,0,0,0,,,n/a,n/a,,yes,no,,
misc/Ada/Chews-Second-Algorithm,GNATMAKE 14.2.0,0,0,0,0,0,,,n/a,n/a,,yes,no,,
misc/Ada/Chinese-Whispers,GNATMAKE 14.2.0,0,0,0,0,0,,,n/a,n/a,,yes,no,,
misc/Ada/Christofides-Algorithm,GNATMAKE 14.2.0,0,0,0,0,0,,,n/a,n/a,,yes,no,,
misc/Ada/Code-Excited-Linear-Prediction,GNATMAKE 14.2.0,0,0,0,0,0,,,n/a,n/a,,yes,no,,
misc/Ada/Collision-Detection,GNATMAKE 14.2.0,0,0,0,0,0,,,n/a,n/a,,yes,no,,
misc/Ada/Coloring-Algorithm,GNATMAKE 14.2.0,0,0,0,0,0,,,n/a,n/a,,yes,no,,
misc/Ada/Combinatorial-Auction,GNATMAKE 14.2.0,0,0,0,0,0,,,n/a,n/a,,yes,no,,
misc/Ada/Combinatorial-Optimization,GNATMAKE 14.2.0,0,0,0,0,0,,,n/a,n/a,,yes,no,,
misc/Ada/Communications-Based-Train-Control,GNATMAKE 14.2.0,0,0,0,0,0,,,n/a,n/a,,yes,no,,
misc/Ada/Computation-Of-Pi,GNATMAKE 14.2.0,0,0,0,0,0,,,n/a,n/a,,yes,no,,
misc/Ada/Computer-Vision,GNATMAKE 14.2.0,0,0,0,0,0,,,n/a,n/a,,n/a,no,,init: baseline -gnata build fail: TEST 12 - Exception Dimension_Error Grayscale
misc/Ada/Computus,GNATMAKE 14.2.0,0,0,0,0,0,,,30,0,,yes,no,,
misc/Ada/Cone-Algorithm,GNATMAKE 14.2.0,0,0,0,0,0,,,n/a,n/a,,yes,no,,
misc/Ada/Cone-Tracing,GNATMAKE 14.2.0,0,0,0,0,0,,,n/a,n/a,,n/a,no,,init: baseline -gnata build fail: PASS: Perfect mirror => zero spread
misc/Ada/Conflict-Driven-Clause-Learning,GNATMAKE 14.2.0,0,0,0,0,0,,,30,0,,yes,no,,
misc/Ada/Congruence-Of-Squares,GNATMAKE 14.2.0,0,0,0,0,0,,,n/a,n/a,,yes,no,,
misc/Ada/Connected-Component-Labeling,GNATMAKE 14.2.0,0,0,0,0,0,,,n/a,n/a,,yes,no,,
misc/Ada/Constraint-Algorithm,GNATMAKE 14.2.0,0,0,0,0,0,,,n/a,n/a,,yes,no,,
misc/Ada/Contour-Lines,GNATMAKE 14.2.0,0,0,0,0,0,,,n/a,n/a,,n/a,no,,init: baseline -gnata build fail: raised ADA.ASSERTIONS.ASSERTION_ERROR : failed precondition from contour_lines.ads:109
misc/Ada/Coppersmith-Winograd,GNATMAKE 14.2.0,0,0,0,0,0,,,n/a,n/a,,yes,no,,
misc/Ada/Core,GNATMAKE 14.2.0,0,0,0,0,0,,,n/a,n/a,,yes,no,,
misc/Ada/Corporate-Wars-Sim,GNATMAKE 14.2.0,0,0,0,0,0,,,n/a,n/a,,yes,no,,
misc/Ada/Correlated-Equilibrium,GNATMAKE 14.2.0,0,0,0,0,0,,,n/a,n/a,,yes,no,,
misc/Ada/Cristians-Algorithm,GNATMAKE 14.2.0,0,0,0,0,0,,,n/a,n/a,,yes,no,,
misc/Ada/Cross-Entropy-Method,GNATMAKE 14.2.0,0,0,0,0,0,,,n/a,n/a,,n/a,no,,init: baseline -gnata build fail: raised ADA.ASSERTIONS.ASSERTION_ERROR : failed precondition from cross_entropy_method.ads:308
misc/Ada/Cuthill-McKee,GNATMAKE 14.2.0,0,0,0,0,0,,,n/a,n/a,,yes,no,,
misc/Ada/Cutting-Plane-Method,GNATMAKE 14.2.0,0,0,0,0,0,,,n/a,n/a,,n/a,no,,init: baseline -gnata build fail: raised ADA.ASSERTIONS.ASSERTION_ERROR : failed precondition from cutting_plane_method.ads:257
misc/Ada/Cyclic-Redundancy-Check,GNATMAKE 14.2.0,0,0,0,0,0,,,n/a,n/a,,yes,no,,
misc/Ada/Cyrus-Beck,GNATMAKE 14.2.0,0,0,0,0,0,,,n/a,n/a,,yes,no,,
misc/Ada/D-Star,GNATMAKE 14.2.0,0,0,0,0,0,,,n/a,n/a,,yes,no,,
misc/Ada/DDA-Line-Algorithm,GNATMAKE 14.2.0,0,0,0,0,0,,,n/a,n/a,,yes,no,,
misc/Ada/DSA,GNATMAKE 14.2.0,0,0,0,0,0,,,n/a,n/a,,n/a,no,,init: baseline -gnata build fail: PASS — 3.1 Non-invertible raises Invalid_Parameter_Error
misc/Ada/Damm-Algorithm,GNATMAKE 14.2.0,0,0,0,0,0,,,n/a,n/a,,yes,no,,
misc/Ada/Dancing-Links,GNATMAKE 14.2.0,0,0,0,0,0,,,n/a,n/a,,yes,no,,
misc/Ada/Dantzig-Wolfe-Decomposition,GNATMAKE 14.2.0,0,0,0,0,0,,,n/a,n/a,,yes,no,,
misc/Ada/Data-Flow-Analysis,GNATMAKE 14.2.0,0,0,0,0,0,,,n/a,n/a,,yes,no,,
misc/Ada/De-Boor,GNATMAKE 14.2.0,0,0,0,0,0,,,n/a,n/a,,yes,no,,
misc/Ada/De-Casteljau,GNATMAKE 14.2.0,0,0,0,0,0,,,n/a,n/a,,yes,no,,
misc/Ada/Delayed-Column-Generation,GNATMAKE 14.2.0,0,0,0,0,0,,,n/a,n/a,,yes,no,,
misc/Ada/Demon-Method,GNATMAKE 14.2.0,0,0,0,0,0,,,n/a,n/a,,yes,no,,
misc/Ada/Description-Logic,GNATMAKE 14.2.0,0,0,0,0,0,,,n/a,n/a,,yes,no,,
misc/Ada/Dice-Coefficient,GNATMAKE 14.2.0,0,0,0,0,0,,,n/a,n/a,,yes,no,,
misc/Ada/Dictionary-Coder,GNATMAKE 14.2.0,0,0,0,0,0,,,n/a,n/a,,yes,no,,
misc/Ada/Difference-Map,GNATMAKE 14.2.0,0,0,0,0,0,,,n/a,n/a,,n/a,no,,init: baseline -gnata build fail: raised ADA.ASSERTIONS.ASSERTION_ERROR : failed precondition from difference_map.ads:134
misc/Ada/Differential-Evolution,GNATMAKE 14.2.0,0,0,0,0,0,,,n/a,n/a,,n/a,no,,init: baseline -gnata build fail: raised ADA.ASSERTIONS.ASSERTION_ERROR : failed precondition from differential_evolution.ads:256
misc/Ada/Diffie-Hellman-Key-Exchange,GNATMAKE 14.2.0,0,0,0,0,0,,,n/a,n/a,,n/a,no,,init: baseline -gnata build fail: FAIL — 5.2 Call rejected Invalid_Parameter
misc/Ada/Discrete-Event-Simulation,GNATMAKE 14.2.0,0,0,0,0,0,,,n/a,n/a,,n/a,no,,init: baseline -gnata build fail: raised ADA.ASSERTIONS.ASSERTION_ERROR : failed precondition from discrete_event_simulation.ads:39
misc/Ada/Discrete-Fourier-Transformation,GNATMAKE 14.2.0,0,0,0,0,0,,,n/a,n/a,,yes,no,,
misc/Ada/Discrete-Logarithm,GNATMAKE 14.2.0,0,0,0,0,0,,,n/a,n/a,,yes,no,,
misc/Ada/Division-Algorithms,GNATMAKE 14.2.0,0,0,0,0,0,,,30,0,,yes,no,,
misc/Ada/Doomsday,GNATMAKE 14.2.0,0,0,0,0,0,,,n/a,n/a,,yes,no,,
misc/Ada/Double-Dabble,GNATMAKE 14.2.0,0,0,0,0,0,,,n/a,n/a,,yes,no,,
misc/Ada/Dynamic-Programming,GNATMAKE 14.2.0,0,0,0,0,0,,,n/a,n/a,,yes,no,,
misc/Ada/Dynamic-Time-Warping,GNATMAKE 14.2.0,0,0,0,0,0,,,n/a,n/a,,yes,no,,
misc/Ada/EIGamal,GNATMAKE 14.2.0,0,0,0,0,0,,,n/a,n/a,,yes,no,,
misc/Ada/ESC-Algorithm,GNATMAKE 14.2.0,0,0,0,0,0,,,n/a,n/a,,yes,no,,
misc/Ada/Eclat-Algorithm,GNATMAKE 14.2.0,0,0,0,0,0,,,n/a,n/a,,yes,no,,
misc/Ada/EdDSA,GNATMAKE 14.2.0,0,0,0,0,0,,,n/a,n/a,,yes,no,,
misc/Ada/Edmonds-Algorithm,GNATMAKE 14.2.0,0,0,0,0,0,,,n/a,n/a,,yes,no,,
misc/Ada/Elias-Delta-Coding,GNATMAKE 14.2.0,0,0,0,0,0,,,n/a,n/a,,yes,no,,
misc/Ada/Elias-Gamma-Coding,GNATMAKE 14.2.0,0,0,0,0,0,,,n/a,n/a,,yes,no,,
misc/Ada/Elias-Omega-Coding,GNATMAKE 14.2.0,0,0,0,0,0,,,n/a,n/a,,yes,no,,
misc/Ada/Ellipsoid-Method,GNATMAKE 14.2.0,0,0,0,0,0,,,n/a,n/a,,yes,no,,
misc/Ada/Elser-Difference-Map-Algorithm,GNATMAKE 14.2.0,0,0,0,0,0,,,n/a,n/a,,yes,no,,
misc/Ada/Entropy-Coding,GNATMAKE 14.2.0,0,0,0,0,0,,,n/a,n/a,,yes,no,,
misc/Ada/Error-Diffusion,GNATMAKE 14.2.0,0,0,0,0,0,,,n/a,n/a,,yes,no,,
misc/Ada/Espresso-Heuristic-Logic-Minimizer,GNATMAKE 14.2.0,0,0,0,0,0,,,n/a,n/a,,n/a,no,,init: baseline -gnata build fail: raised ADA.ASSERTIONS.ASSERTION_ERROR : failed precondition from espresso.ads:68
misc/Ada/Estimation-Theory,GNATMAKE 14.2.0,0,0,0,0,0,,,n/a,n/a,,n/a,no,,init: baseline -gnata build fail: FAIL: Mean empty raises Invalid_Argument
misc/Ada/Euclidean-Distance-Transform,GNATMAKE 14.2.0,0,0,0,0,0,,,n/a,n/a,,yes,no,,
misc/Ada/Euler-Integration,GNATMAKE 14.2.0,0,0,0,0,0,,,n/a,n/a,,yes,no,,
misc/Ada/Evolution-Strategy,GNATMAKE 14.2.0,0,0,0,0,0,,,n/a,n/a,,yes,no,,
misc/Ada/Evolutionary-Computation,GNATMAKE 14.2.0,0,0,0,0,0,,,n/a,n/a,,yes,no,,
misc/Ada/Exact-Cover,GNATMAKE 14.2.0,0,0,0,0,0,,,n/a,n/a,,yes,no,,
misc/Ada/Exponential-Golomb-Coding,GNATMAKE 14.2.0,0,0,0,0,0,,,n/a,n/a,,yes,no,,
misc/Ada/Exponentiating-By-Squaring,GNATMAKE 14.2.0,0,0,0,0,0,,,n/a,n/a,,yes,no,,
misc/Ada/FP-Growth-Algorithm,GNATMAKE 14.2.0,0,0,0,0,0,,,n/a,n/a,,yes,no,,
misc/Ada/False-Nearest-Neighbor,GNATMAKE 14.2.0,0,0,0,0,0,,,n/a,n/a,,n/a,no,,init: baseline -gnata build fail: FAIL: Mean empty raises
misc/Ada/False-Position-Method,GNATMAKE 14.2.0,0,0,0,0,0,,,n/a,n/a,,yes,no,,
misc/Ada/Fast-Cosine-Transform-Algorithms,GNATMAKE 14.2.0,0,0,0,0,0,,,n/a,n/a,,yes,no,,
misc/Ada/Fast-Folding-Algorithm,GNATMAKE 14.2.0,0,0,0,0,0,,,n/a,n/a,,yes,no,,
misc/Ada/Fast-Multipole-Method,GNATMAKE 14.2.0,0,0,0,0,0,,,n/a,n/a,,yes,no,,
misc/Ada/Faugere-F4,GNATMAKE 14.2.0,0,0,0,0,0,,,n/a,n/a,,yes,no,,
misc/Ada/Featherstone,GNATMAKE 14.2.0,0,0,0,0,0,,,n/a,n/a,,yes,no,,
misc/Ada/Feature-Detection,GNATMAKE 14.2.0,0,0,0,0,0,,,n/a,n/a,,yes,no,,
misc/Ada/Fermat-Factorization,GNATMAKE 14.2.0,0,0,0,0,0,,,n/a,n/a,,yes,no,,
misc/Ada/Fibonacci-Coding,GNATMAKE 14.2.0,0,0,0,0,0,,,n/a,n/a,,yes,no,,
misc/Ada/Filtered-Back-Projection,GNATMAKE 14.2.0,0,0,0,0,0,,,n/a,n/a,,yes,no,,
misc/Ada/Financial-Information-Exchange,GNATMAKE 14.2.0,0,0,0,0,0,,,n/a,n/a,,yes,no,,
misc/Ada/Financial-Risk-Modeling,GNATMAKE 14.2.0,0,0,0,0,0,,,n/a,n/a,,n/a,no,,init: baseline -gnata build fail: raised ADA.ASSERTIONS.ASSERTION_ERROR : failed precondition from financial_risk_modeling.ads:67
misc/Ada/Finite-Difference-Method,GNATMAKE 14.2.0,0,0,0,0,0,,,n/a,n/a,,n/a,no,,init: baseline -gnata build fail: === 1. Near / Abs_Error / Vec_Near / L2 / Max_Error ===
misc/Ada/First-Order-Logic,GNATMAKE 14.2.0,0,0,0,0,0,,,30,0,,yes,no,,
misc/Ada/Fisher-Yates-Shuffle,GNATMAKE 14.2.0,0,0,0,0,0,,,n/a,n/a,,yes,no,,
misc/Ada/Fitness-Proportionate-Selection,GNATMAKE 14.2.0,0,0,0,0,0,,,n/a,n/a,,yes,no,,
misc/Ada/Flood-Fill,GNATMAKE 14.2.0,0,0,0,0,0,,,n/a,n/a,,yes,no,,
misc/Ada/Flow-Networks,GNATMAKE 14.2.0,0,0,0,0,0,,,n/a,n/a,,yes,no,,
misc/Ada/Force-Based-Algorithms,GNATMAKE 14.2.0,0,0,0,0,0,,,n/a,n/a,,yes,no,,
misc/Ada/Forward-Error-Correction,GNATMAKE 14.2.0,0,0,0,0,0,,,n/a,n/a,,yes,no,,
misc/Ada/Foundations-Curriculum,GNATMAKE 14.2.0,0,0,0,0,0,,,n/a,n/a,,yes,no,,
misc/Ada/Fowler-Noll-Vo,GNATMAKE 14.2.0,0,0,0,0,0,,,n/a,n/a,,yes,no,,
misc/Ada/Frank-Wolfe-Algorithm,GNATMAKE 14.2.0,0,0,0,0,0,,,n/a,n/a,,yes,no,,
misc/Ada/Freivalds,GNATMAKE 14.2.0,0,0,0,0,0,,,n/a,n/a,,yes,no,,
misc/Ada/Fuzzy-C-Means,GNATMAKE 14.2.0,0,0,0,0,0,,,n/a,n/a,,n/a,no,,init: baseline -gnata build fail: raised ADA.ASSERTIONS.ASSERTION_ERROR : failed precondition from fuzzy_c_means.ads:181
misc/Ada/GNAT-Studio-Notes,GNATMAKE 14.2.0,0,0,0,0,0,,,n/a,n/a,,yes,no,,
misc/Ada/GPU-Work-Queue,GNATMAKE 14.2.0,0,0,0,0,0,,,n/a,n/a,,yes,no,,
misc/Ada/GRASP,GNATMAKE 14.2.0,0,0,0,0,0,,,n/a,n/a,,yes,no,,
misc/Ada/Gale-Shapley-Algorithm,GNATMAKE 14.2.0,0,0,0,0,0,,,n/a,n/a,,yes,no,,
misc/Ada/Gauss-Jordan,GNATMAKE 14.2.0,0,0,0,0,0,,,n/a,n/a,,yes,no,,
misc/Ada/Gauss-Seidel,GNATMAKE 14.2.0,0,0,0,0,0,,,n/a,n/a,,yes,no,,
misc/Ada/Gene-Expression-Programming,GNATMAKE 14.2.0,0,0,0,0,0,,,n/a,n/a,,n/a,no,,init: baseline -gnata build fail: raised ADA.ASSERTIONS.ASSERTION_ERROR : failed precondition from gene_expression_programming.ads:173
misc/Ada/General-Problem-Solver,GNATMAKE 14.2.0,0,0,0,0,0,,,n/a,n/a,,yes,no,,
misc/Ada/Generational-Garbage-Collector,GNATMAKE 14.2.0,0,0,0,0,0,,,n/a,n/a,,yes,no,,
misc/Ada/Genetic-Algorithms,GNATMAKE 14.2.0,0,0,0,0,0,,,n/a,n/a,,yes,no,,
misc/Ada/Gerchberg-Saxton-Algorithm,GNATMAKE 14.2.0,0,0,0,0,0,,,n/a,n/a,,yes,no,,
misc/Ada/Gibbs-Sampling,GNATMAKE 14.2.0,0,0,0,0,0,,,n/a,n/a,,yes,no,,
misc/Ada/Gilbert-Johnson-Keerthi,GNATMAKE 14.2.0,0,0,0,0,0,,,n/a,n/a,,yes,no,,
misc/Ada/Glauber-Dynamics,GNATMAKE 14.2.0,0,0,0,0,0,,,n/a,n/a,,yes,no,,
misc/Ada/Global-Illumination,GNATMAKE 14.2.0,0,0,0,0,0,,,n/a,n/a,,n/a,no,,init: baseline -gnata build fail: raised ADA.ASSERTIONS.ASSERTION_ERROR : failed precondition from global_illumination.ads:162
misc/Ada/Goertzel-Algorithm,GNATMAKE 14.2.0,0,0,0,0,0,,,n/a,n/a,,yes,no,,
misc/Ada/Goldschmidt-Division,GNATMAKE 14.2.0,0,0,0,0,0,,,n/a,n/a,,yes,no,,
misc/Ada/Golomb-Coding,GNATMAKE 14.2.0,0,0,0,0,0,,,n/a,n/a,,yes,no,,
misc/Ada/Gospers-Algorithm,GNATMAKE 14.2.0,0,0,0,0,0,,,n/a,n/a,,yes,no,,
misc/Ada/Gram-Schmidt,GNATMAKE 14.2.0,0,0,0,0,0,,,n/a,n/a,,yes,no,,
misc/Ada/Gray-Code,GNATMAKE 14.2.0,0,0,0,0,0,,,n/a,n/a,,yes,no,,
misc/Ada/Ground-State,GNATMAKE 14.2.0,0,0,0,0,0,,,n/a,n/a,,yes,no,,
misc/Ada/Grovers-Algorithm,GNATMAKE 14.2.0,0,0,0,0,0,,,n/a,n/a,,yes,no,,
misc/Ada/GrowCut,GNATMAKE 14.2.0,0,0,0,0,0,,,n/a,n/a,,yes,no,,
misc/Ada/HHL-Algorithm,GNATMAKE 14.2.0,0,0,0,0,0,,,n/a,n/a,,n/a,no,,init: baseline -gnata build fail: TEST 2 — Non-Hermitian Matrix Error
misc/Ada/Hadamard-Test,GNATMAKE 14.2.0,0,0,0,0,0,,,n/a,n/a,,yes,no,,
misc/Ada/Hadamard-Transform,GNATMAKE 14.2.0,0,0,0,0,0,,,n/a,n/a,,n/a,no,,init: baseline -gnata build fail: raised ADA.ASSERTIONS.ASSERTION_ERROR : failed precondition from hadamard_transform.ads:29
misc/Ada/Half-Toning,GNATMAKE 14.2.0,0,0,0,0,0,,,n/a,n/a,,yes,no,,
misc/Ada/Halleys-Method,GNATMAKE 14.2.0,0,0,0,0,0,,,n/a,n/a,,yes,no,,
misc/Ada/Hamiltonian-Simulation,GNATMAKE 14.2.0,0,0,0,0,0,,,n/a,n/a,,yes,no,,
misc/Ada/Hamming-7-4,GNATMAKE 14.2.0,0,0,0,0,0,,,n/a,n/a,,yes,no,,
misc/Ada/Hamming-Code,GNATMAKE 14.2.0,0,0,0,0,0,,,n/a,n/a,,yes,no,,
misc/Ada/Hamming-Weight,GNATMAKE 14.2.0,0,0,0,0,0,,,30,0,,yes,no,,
misc/Ada/Heaps-Algorithm,GNATMAKE 14.2.0,0,0,0,0,0,,,n/a,n/a,,yes,no,,
misc/Ada/Hidden-Linear-Function-Problem,GNATMAKE 14.2.0,0,0,0,0,0,,,n/a,n/a,,n/a,no,,init: baseline -gnata build fail: raised ADA.ASSERTIONS.ASSERTION_ERROR : failed precondition from hidden_linear_function.ads:50
misc/Ada/Hidden-Shift-Problem,GNATMAKE 14.2.0,0,0,0,0,0,,,n/a,n/a,,yes,no,,
misc/Ada/Hidden-Subgroup-Problem,GNATMAKE 14.2.0,0,0,0,0,0,,,30,0,,yes,no,,
misc/Ada/Hidden-Surface-Removal,GNATMAKE 14.2.0,0,0,0,0,0,,,n/a,n/a,,yes,no,,
misc/Ada/Hindley-Milner-Type-Inference-Algorithm,GNATMAKE 14.2.0,0,0,0,0,0,,,30,0,,yes,no,,
misc/Ada/Hindley-Milner-Type-System,GNATMAKE 14.2.0,0,0,0,0,0,,,30,0,,yes,no,,
misc/Ada/Hirschbergs-Algorithm,GNATMAKE 14.2.0,0,0,0,0,0,,,n/a,n/a,,yes,no,,
misc/Ada/Hopcroft-Karp-Algorithm,GNATMAKE 14.2.0,0,0,0,0,0,,,n/a,n/a,,yes,no,,
misc/Ada/Hopcrofts-Algorithm,GNATMAKE 14.2.0,0,0,0,0,0,,,n/a,n/a,,yes,no,,
misc/Ada/Hopfield-Net,GNATMAKE 14.2.0,0,0,0,0,0,,,n/a,n/a,,yes,no,,
misc/Ada/Huangs-Algorithm,GNATMAKE 14.2.0,0,0,0,0,0,,,n/a,n/a,,yes,no,,
misc/Ada/Hybrid-Algorithms,GNATMAKE 14.2.0,0,0,0,0,0,,,n/a,n/a,,yes,no,,
misc/Ada/ID3-Algorithm,GNATMAKE 14.2.0,0,0,0,0,0,,,n/a,n/a,,n/a,no,,init: baseline -gnata build fail: raised ADA.ASSERTIONS.ASSERTION_ERROR : failed precondition from id3.ads:65
misc/Ada/ITP-Method,GNATMAKE 14.2.0,0,0,0,0,0,,,n/a,n/a,,yes,no,,
misc/Ada/Image-Based-Lighting,GNATMAKE 14.2.0,0,0,0,0,0,,,n/a,n/a,,n/a,no,,init: baseline -gnata build fail: TEST 2 — Normalization Zero-Length Vector Error Handling
misc/Ada/Index-Calculus,GNATMAKE 14.2.0,0,0,0,0,0,,,n/a,n/a,,yes,no,,
misc/Ada/Inside-Out-Algorithm,GNATMAKE 14.2.0,0,0,0,0,0,,,n/a,n/a,,yes,no,,
misc/Ada/Integer-Factorization,GNATMAKE 14.2.0,0,0,0,0,0,,,n/a,n/a,,yes,no,,
misc/Ada/Integer-Linear-Programming,GNATMAKE 14.2.0,0,0,0,0,0,,,n/a,n/a,,yes,no,,
misc/Ada/Intersection-Algorithm,GNATMAKE 14.2.0,0,0,0,0,0,,,n/a,n/a,,yes,no,,
misc/Ada/Inverse-Iteration,GNATMAKE 14.2.0,0,0,0,0,0,,,n/a,n/a,,yes,no,,
misc/Ada/Johnsons-Algorithm,GNATMAKE 14.2.0,0,0,0,0,0,,,n/a,n/a,,no,yes,,init: Initialize_Scalars build fail: raised CONSTRAINT_ERROR : johnsons_algorithm.adb:527 invalid data
misc/Ada/Jump-And-Walk,GNATMAKE 14.2.0,0,0,0,0,0,,,n/a,n/a,,yes,no,,
misc/Ada/K-Nearest-Neighbours,GNATMAKE 14.2.0,0,0,0,0,0,,,n/a,n/a,,n/a,no,,init: baseline -gnata build fail: FAIL - 10.1 Predict_Classification raises on empty
misc/Ada/K-Way-Merge,GNATMAKE 14.2.0,0,0,0,0,0,,,30,0,,yes,no,,
misc/Ada/Kabsch,GNATMAKE 14.2.0,0,0,0,0,0,,,n/a,n/a,,yes,no,,
misc/Ada/Kadanes-Algorithm,GNATMAKE 14.2.0,0,0,0,0,0,,,n/a,n/a,,yes,no,,
misc/Ada/Kahan-Summation,GNATMAKE 14.2.0,0,0,0,0,0,,,n/a,n/a,,yes,no,,
misc/Ada/Kalman-Filter,GNATMAKE 14.2.0,0,0,0,0,0,,,30,0,,n/a,no,,init: baseline -gnata build fail: FAIL: Identity(0) raises
misc/Ada/Kargers-Algorithm,GNATMAKE 14.2.0,0,0,0,0,0,,,n/a,n/a,,yes,no,,
misc/Ada/Karmarkars-Algorithm,GNATMAKE 14.2.0,0,0,0,0,0,,,n/a,n/a,,yes,no,,
misc/Ada/Karn-Algorithm,GNATMAKE 14.2.0,0,0,0,0,0,,,n/a,n/a,,yes,no,,
misc/Ada/Key-Derivation-Function,GNATMAKE 14.2.0,0,0,0,0,0,,,n/a,n/a,,n/a,no,,init: baseline -gnata build fail: raised ADA.ASSERTIONS.ASSERTION_ERROR : failed precondition from key_derivation.ads:33
misc/Ada/Key-Exchange,GNATMAKE 14.2.0,0,0,0,0,0,,,n/a,n/a,,yes,no,,
misc/Ada/Knuth-Bendix-Completion,GNATMAKE 14.2.0,0,0,0,0,0,,,n/a,n/a,,yes,no,,
misc/Ada/Krauss-Matching-Wildcards,GNATMAKE 14.2.0,0,0,0,0,0,,,n/a,n/a,,yes,no,,
misc/Ada/Lagged-Fibonacci-Generator,GNATMAKE 14.2.0,0,0,0,0,0,,,n/a,n/a,,yes,no,,
misc/Ada/Laplacian-Smoothing,GNATMAKE 14.2.0,0,0,0,0,0,,,n/a,n/a,,yes,no,,
misc/Ada/Lax-Wendroff,GNATMAKE 14.2.0,0,0,0,0,0,,,n/a,n/a,,yes,no,,
misc/Ada/Lemke-Howson,GNATMAKE 14.2.0,0,0,0,0,0,,,n/a,n/a,,yes,no,,
misc/Ada/Lempel-Ziv-Jeff-Bonwick,GNATMAKE 14.2.0,0,0,0,0,0,,,n/a,n/a,,yes,no,,
misc/Ada/Lempel-Ziv-Markov-Chain-Algorithm,GNATMAKE 14.2.0,0,0,0,0,0,,,n/a,n/a,,yes,no,,
misc/Ada/Lempel-Ziv-Oberhurmer,GNATMAKE 14.2.0,0,0,0,0,0,,,n/a,n/a,,yes,no,,
misc/Ada/Lempel-Ziv-Ross-Williams,GNATMAKE 14.2.0,0,0,0,0,0,,,30,0,,yes,no,,
misc/Ada/Lempel-Ziv-Stac,GNATMAKE 14.2.0,0,0,0,0,0,,,n/a,n/a,,yes,no,,
misc/Ada/Lempel-Ziv-Welch,GNATMAKE 14.2.0,0,0,0,0,0,,,n/a,n/a,,yes,no,,
misc/Ada/Lenstra-Lenstra-Lovasz,GNATMAKE 14.2.0,0,0,0,0,0,,,n/a,n/a,,yes,no,,
misc/Ada/Lesk,GNATMAKE 14.2.0,0,0,0,0,0,,,n/a,n/a,,yes,no,,
misc/Ada/Level-Set-Method,GNATMAKE 14.2.0,0,0,0,0,0,,,n/a,n/a,,yes,no,,
misc/Ada/Levinson-Recursion,GNATMAKE 14.2.0,0,0,0,0,0,,,n/a,n/a,,yes,no,,
misc/Ada/Lexical-Analysis,GNATMAKE 14.2.0,0,0,0,0,0,,,n/a,n/a,,yes,no,,
misc/Ada/Linde-Buzo-Gray,GNATMAKE 14.2.0,0,0,0,0,0,,,n/a,n/a,,n/a,no,,init: baseline -gnata build fail: raised ADA.ASSERTIONS.ASSERTION_ERROR : failed precondition from linde_buzo_gray.ads:144
misc/Ada/Linde-Buzo-Gray-Algorithm,GNATMAKE 14.2.0,0,0,0,0,0,,,n/a,n/a,,yes,no,,
misc/Ada/Line-Drawing,GNATMAKE 14.2.0,0,0,0,0,0,,,n/a,n/a,,yes,no,,
misc/Ada/Linear-Feedback-Shift-Register,GNATMAKE 14.2.0,0,0,0,0,0,,,n/a,n/a,,yes,no,,
misc/Ada/Linear-Multistep-Methods,GNATMAKE 14.2.0,0,0,0,0,0,,,n/a,n/a,,yes,no,,
misc/Ada/Linear-Predictive-Coding,GNATMAKE 14.2.0,0,0,0,0,0,,,n/a,n/a,,yes,no,,
misc/Ada/Linear-Programming,GNATMAKE 14.2.0,0,0,0,0,0,,,n/a,n/a,,yes,no,,
misc/Ada/Long-Division,GNATMAKE 14.2.0,0,0,0,0,0,,,n/a,n/a,,yes,no,,
misc/Ada/Longest-Increasing-Subsequence,GNATMAKE 14.2.0,0,0,0,0,0,,,n/a,n/a,,yes,no,,
misc/Ada/Longest-Path-Problem,GNATMAKE 14.2.0,0,0,0,0,0,,,n/a,n/a,,yes,no,,
misc/Ada/Longitudinal-Redundacy-Check,GNATMAKE 14.2.0,0,0,0,0,0,,,n/a,n/a,,yes,no,,
misc/Ada/Luhn-Algorithm,GNATMAKE 14.2.0,0,0,0,0,0,,,n/a,n/a,,yes,no,,
misc/Ada/Luhn-Mod-N-Algorithm,GNATMAKE 14.2.0,0,0,0,0,0,,,n/a,n/a,,yes,no,,
misc/Ada/Manning-Criteria,GNATMAKE 14.2.0,0,0,0,0,0,,,n/a,n/a,,yes,no,,
misc/Ada/Marching-Squares,GNATMAKE 14.2.0,0,0,0,0,0,,,n/a,n/a,,n/a,no,,init: baseline -gnata build fail: raised ADA.ASSERTIONS.ASSERTION_ERROR : failed precondition from marching_squares.ads:113
misc/Ada/Marching-Tetrahedrons,GNATMAKE 14.2.0,0,0,0,0,0,,,n/a,n/a,,n/a,no,,init: baseline -gnata build fail: raised ADA.ASSERTIONS.ASSERTION_ERROR : failed precondition from marching_tetrahedrons.ads:104
misc/Ada/Marching-Triangles,GNATMAKE 14.2.0,0,0,0,0,0,,,n/a,n/a,,yes,no,,
misc/Ada/Marr-Hildreth-Algorithm,GNATMAKE 14.2.0,0,0,0,0,0,,,n/a,n/a,,yes,no,,
misc/Ada/Marzullos-Algorithm,GNATMAKE 14.2.0,0,0,0,0,0,,,n/a,n/a,,yes,no,,
misc/Ada/Match-Rating-Approach,GNATMAKE 14.2.0,0,0,0,0,0,,,n/a,n/a,,yes,no,,
misc/Ada/Matching-Wildcards,GNATMAKE 14.2.0,0,0,0,0,0,,,n/a,n/a,,yes,no,,
misc/Ada/Maximum-Parsimony,GNATMAKE 14.2.0,0,0,0,0,0,,,n/a,n/a,,n/a,no,,"init: baseline -gnata build fail: FAIL: Make_Matrix(0,*) raises Invalid_Argument"
misc/Ada/Mechanistic-Interpretability,GNATMAKE 14.2.0,0,0,0,0,0,,,n/a,n/a,,yes,no,,
misc/Ada/Median-Filtering,GNATMAKE 14.2.0,0,0,0,0,0,,,30,0,,yes,no,,
misc/Ada/Memetic-Algorithm,GNATMAKE 14.2.0,0,0,0,0,0,,,n/a,n/a,,yes,no,,
misc/Ada/Memory-Channel-Model,GNATMAKE 14.2.0,0,0,0,0,0,,,n/a,n/a,,yes,no,,
misc/Ada/Message-Authentication-Codes,GNATMAKE 14.2.0,0,0,0,0,0,,,n/a,n/a,,yes,no,,
misc/Ada/Midpoint-Circle-Algorithm,GNATMAKE 14.2.0,0,0,0,0,0,,,n/a,n/a,,n/a,no,,init: baseline -gnata build fail: PASS -- 3.2 Max error within discrete step limit
misc/Ada/Min-Conflicts,GNATMAKE 14.2.0,0,0,0,0,0,,,n/a,n/a,,yes,no,,
misc/Ada/Minimax,GNATMAKE 14.2.0,0,0,0,0,0,,,n/a,n/a,,yes,no,,
misc/Ada/Minimum-Bounding-Box,GNATMAKE 14.2.0,0,0,0,0,0,,,n/a,n/a,,yes,no,,
misc/Ada/Minimum-Degree,GNATMAKE 14.2.0,0,0,0,0,0,,,n/a,n/a,,yes,no,,
misc/Ada/Mirror-Descent,GNATMAKE 14.2.0,0,0,0,0,0,,,n/a,n/a,,yes,no,,
misc/Ada/Modular-Square-Root,GNATMAKE 14.2.0,0,0,0,0,0,,,n/a,n/a,,yes,no,,
misc/Ada/Montgomery-Reduction,GNATMAKE 14.2.0,0,0,0,0,0,,,n/a,n/a,,n/a,no,,init: baseline -gnata build fail: FAIL: Mod_Pow negative exp
misc/Ada/Moores-Algorithm,GNATMAKE 14.2.0,0,0,0,0,0,,,n/a,n/a,,yes,no,,
misc/Ada/Mu-Law-Algorithm,GNATMAKE 14.2.0,0,0,0,0,0,,,n/a,n/a,,yes,no,,
misc/Ada/Mullers-Method,GNATMAKE 14.2.0,0,0,0,0,0,,,n/a,n/a,,yes,no,,
misc/Ada/Multigrid-Methods,GNATMAKE 14.2.0,0,0,0,0,0,,,n/a,n/a,,n/a,no,,init: baseline -gnata build fail: === 1. Near / Abs_Error / Vec_Near ===
misc/Ada/Multiplication-Algorithms,GNATMAKE 14.2.0,0,0,0,0,0,,,n/a,n/a,,yes,no,,
misc/Ada/Multiplicative-Inverse-Algorithms,GNATMAKE 14.2.0,0,0,0,0,0,,,n/a,n/a,,yes,no,,
misc/Ada/Multiplicative-Weight-Update-Method,GNATMAKE 14.2.0,0,0,0,0,0,,,n/a,n/a,,yes,no,,
misc/Ada/Multivariate-Division-Algorithm,GNATMAKE 14.2.0,0,0,0,0,0,,,n/a,n/a,,yes,no,,
misc/Ada/N-Body-Problems,GNATMAKE 14.2.0,0,0,0,0,0,,,n/a,n/a,,yes,no,,
misc/Ada/Naimi-Trehel,GNATMAKE 14.2.0,0,0,0,0,0,,,n/a,n/a,,yes,no,,
misc/Ada/Nearest-Neighbor-Algorithm,GNATMAKE 14.2.0,0,0,0,0,0,,,n/a,n/a,,yes,no,,
misc/Ada/Nelder-Mead,GNATMAKE 14.2.0,0,0,0,0,0,,,n/a,n/a,,yes,no,,
misc/Ada/Nested-Loop-Join,GNATMAKE 14.2.0,0,0,0,0,0,,,n/a,n/a,,n/a,no,,"init: baseline -gnata build nobuild: ll to ""Append"" nested_loop_join.adb:122:22: error: possible interpretation at a-convec.ads:471, instance at nested_loop_"
misc/Ada/Nested-Sampling,GNATMAKE 14.2.0,0,0,0,0,0,,,n/a,n/a,,yes,no,,
misc/Ada/Newton-Multiplicative-Inverse,GNATMAKE 14.2.0,0,0,0,0,0,,,n/a,n/a,,yes,no,,
misc/Ada/Newtons-Method,GNATMAKE 14.2.0,0,0,0,0,0,,,n/a,n/a,,yes,no,,
misc/Ada/Newtons-Method-in-Optimization,GNATMAKE 14.2.0,0,0,0,0,0,,,n/a,n/a,,yes,no,,
misc/Ada/Nicholl-Lee-Nicholl,GNATMAKE 14.2.0,0,0,0,0,0,,,n/a,n/a,,yes,no,,
misc/Ada/Non-Local-Quantum-Computation,GNATMAKE 14.2.0,0,0,0,0,0,,,n/a,n/a,,n/a,no,,init: baseline -gnata build fail: TEST 10 — Error Handling: Invalid Parameters in Routing
misc/Ada/Non-Restoring-Division,GNATMAKE 14.2.0,0,0,0,0,0,,,n/a,n/a,,yes,no,,
misc/Ada/Nonblocking-Minimal-Spanning-Switch,GNATMAKE 14.2.0,0,0,0,0,0,,,n/a,n/a,,yes,no,,
misc/Ada/Nonlinear-Optimization,GNATMAKE 14.2.0,0,0,0,0,0,,,n/a,n/a,,yes,no,,
misc/Ada/Nth-Root,GNATMAKE 14.2.0,0,0,0,0,0,,,n/a,n/a,,yes,no,,
misc/Ada/Nucleolus,GNATMAKE 14.2.0,0,0,0,0,0,,,n/a,n/a,,yes,no,,
misc/Ada/Odds-Algorithm,GNATMAKE 14.2.0,0,0,0,0,0,,,n/a,n/a,,n/a,no,,init: baseline -gnata build fail: FAIL: Odds(1) raises Invalid_Argument
misc/Ada/Odlyzko-Schonhage,GNATMAKE 14.2.0,0,0,0,0,0,,,n/a,n/a,,yes,no,,
misc/Ada/One-Attribute-Rule,GNATMAKE 14.2.0,0,0,0,0,0,,,n/a,n/a,,yes,no,,
misc/Ada/Operations-Research,GNATMAKE 14.2.0,0,0,0,0,0,,,n/a,n/a,,yes,no,,
misc/Ada/Orbital-Mechanics,GNATMAKE 14.2.0,0,0,0,0,0,,,n/a,n/a,,n/a,no,,init: baseline -gnata build fail: FAIL -- 13.1 Unexpected exception raised
misc/Ada/Ordered-Subset-EM,GNATMAKE 14.2.0,0,0,0,0,0,,,n/a,n/a,,n/a,no,,init: baseline -gnata build fail: FAIL: Forward_Project dim mismatch raises
misc/Ada/PBKDF2,GNATMAKE 14.2.0,0,0,0,0,0,,,n/a,n/a,,yes,no,,
misc/Ada/PCIe-Transfer-Model,GNATMAKE 14.2.0,0,0,0,0,0,,,n/a,n/a,,yes,no,,
misc/Ada/Package-Merge-Algorithm,GNATMAKE 14.2.0,0,0,0,0,0,,,n/a,n/a,,yes,no,,
misc/Ada/Painters-Algorithm,GNATMAKE 14.2.0,0,0,0,0,0,,,n/a,n/a,,yes,no,,
misc/Ada/Parity-Bit,GNATMAKE 14.2.0,0,0,0,0,0,,,n/a,n/a,,yes,no,,
misc/Ada/Partial-Differential-Equation,GNATMAKE 14.2.0,0,0,0,0,0,,,n/a,n/a,,n/a,no,,init: baseline -gnata build fail: === 2. Near / Abs_Error / Vec_Near / L2 / Max_Error ===
misc/Ada/Particle-Swarm,GNATMAKE 14.2.0,0,0,0,0,0,,,n/a,n/a,,yes,no,,
misc/Ada/Path-Based-Strong-Component,GNATMAKE 14.2.0,0,0,0,0,0,,,n/a,n/a,,yes,no,,
misc/Ada/Path-Tracing,GNATMAKE 14.2.0,0,0,0,0,0,,,n/a,n/a,,n/a,no,,init: baseline -gnata build fail: raised ADA.ASSERTIONS.ASSERTION_ERROR : failed precondition from path_tracing.ads:103
misc/Ada/Petricks-Method,GNATMAKE 14.2.0,0,0,0,0,0,,,n/a,n/a,,n/a,no,,init: baseline -gnata build fail: raised ADA.ASSERTIONS.ASSERTION_ERROR : failed precondition from petricks_method.ads:50
misc/Ada/Phonetic-Algorithms,GNATMAKE 14.2.0,0,0,0,0,0,,,n/a,n/a,,yes,no,,
misc/Ada/Planning-Domain-Definition-Language,GNATMAKE 14.2.0,0,0,0,0,0,,,n/a,n/a,,yes,no,,
misc/Ada/Pohlig-Hellman,GNATMAKE 14.2.0,0,0,0,0,0,,,n/a,n/a,,yes,no,,
misc/Ada/Point-Set-Registration,GNATMAKE 14.2.0,0,0,0,0,0,,,n/a,n/a,,yes,no,,
misc/Ada/Poly1305,GNATMAKE 14.2.0,0,0,0,0,0,,,30,0,,yes,no,,
misc/Ada/Polynomial-Long-Division,GNATMAKE 14.2.0,0,0,0,0,0,,,n/a,n/a,,yes,no,,
misc/Ada/Power-Iteration,GNATMAKE 14.2.0,0,0,0,0,0,,,n/a,n/a,,yes,no,,
misc/Ada/Powerset-Construction,GNATMAKE 14.2.0,0,0,0,0,0,,,n/a,n/a,,n/a,no,,init: baseline -gnata build fail: raised ADA.ASSERTIONS.ASSERTION_ERROR : failed precondition from powerset_construction.ads:60
misc/Ada/Prediction-By-Partial-Matching,GNATMAKE 14.2.0,0,0,0,0,0,,,n/a,n/a,,yes,no,,
misc/Ada/Program-Synthesis,GNATMAKE 14.2.0,0,0,0,0,0,,,n/a,n/a,,yes,no,,
misc/Ada/Progressive-Jackpot,GNATMAKE 14.2.0,0,0,0,0,0,,,n/a,n/a,,n/a,no,,init: baseline -gnata build fail: FAIL — 2.5 Wrong exception raised
misc/Ada/Proof-Of-Work-Algorithms,GNATMAKE 14.2.0,0,0,0,0,0,,,n/a,n/a,,yes,no,,
misc/Ada/Prufer-Coding,GNATMAKE 14.2.0,0,0,0,0,0,,,n/a,n/a,,yes,no,,
misc/Ada/Pseudorandom-Number-Generator,GNATMAKE 14.2.0,0,0,0,0,0,,,n/a,n/a,,yes,no,,
misc/Ada/Pulmonary-Embolism-Algorithms,GNATMAKE 14.2.0,0,0,0,0,0,,,n/a,n/a,,yes,no,,
misc/Ada/Push-Relabel-Algorithm,GNATMAKE 14.2.0,0,0,0,0,0,,,n/a,n/a,,yes,no,,
misc/Ada/QR-Algorithm,GNATMAKE 14.2.0,0,0,0,0,0,,,n/a,n/a,,yes,no,,
misc/Ada/Quantum-Annealing,GNATMAKE 14.2.0,0,0,0,0,0,,,n/a,n/a,,yes,no,,
misc/Ada/Quantum-Counting-Algorithm,GNATMAKE 14.2.0,0,0,0,0,0,,,n/a,n/a,,yes,no,,
misc/Ada/Quantum-Fourier-Transform,GNATMAKE 14.2.0,0,0,0,0,0,,,n/a,n/a,,n/a,no,,init: baseline -gnata build fail: TEST 10 — Error Handling: Invalid Dimension
misc/Ada/Quantum-Optimization-Algorithms,GNATMAKE 14.2.0,0,0,0,0,0,,,n/a,n/a,,n/a,no,,init: baseline -gnata build fail: raised ADA.ASSERTIONS.ASSERTION_ERROR : failed precondition from quantum_optimization.ads:31
misc/Ada/Quantum-Phase-Estimation-Algorithm,GNATMAKE 14.2.0,0,0,0,0,0,,,n/a,n/a,,yes,no,,
misc/Ada/Queuing-Theory,GNATMAKE 14.2.0,0,0,0,0,0,,,n/a,n/a,,n/a,no,,init: baseline -gnata build fail: raised ADA.ASSERTIONS.ASSERTION_ERROR : failed precondition from queuing_theory.ads:120
misc/Ada/Quine-McCluskey-Algorithm,GNATMAKE 14.2.0,0,0,0,0,0,,,30,0,,yes,no,,
misc/Ada/RANSAC,GNATMAKE 14.2.0,0,0,0,0,0,,,n/a,n/a,,n/a,no,,init: baseline -gnata build fail: FAIL: single point raises
misc/Ada/RIPEMD-160,GNATMAKE 14.2.0,0,0,0,0,0,,,30,0,,yes,no,,
misc/Ada/Radial-Basis-Function-Network,GNATMAKE 14.2.0,0,0,0,0,0,,,n/a,n/a,,n/a,no,,init: baseline -gnata build fail: TEST 2 -- Euclidean Distance Error Handling
misc/Ada/Rainflow-Counting,GNATMAKE 14.2.0,0,0,0,0,0,,,n/a,n/a,,yes,no,,
misc/Ada/Random-Restart-Hill-Climbing,GNATMAKE 14.2.0,0,0,0,0,0,,,n/a,n/a,,n/a,no,,init: baseline -gnata build fail: raised ADA.ASSERTIONS.ASSERTION_ERROR : failed precondition from random_restart_hill_climbing.ads:173
misc/Ada/Random-Walker,GNATMAKE 14.2.0,0,0,0,0,0,,,n/a,n/a,,yes,no,,
misc/Ada/Range-Encoding,GNATMAKE 14.2.0,0,0,0,0,0,,,n/a,n/a,,yes,no,,
misc/Ada/Rayleigh-Quotient-Iteration,GNATMAKE 14.2.0,0,0,0,0,0,,,n/a,n/a,,yes,no,,
misc/Ada/Rayleigh-Ritz-Method,GNATMAKE 14.2.0,0,0,0,0,0,,,n/a,n/a,,yes,no,,
misc/Ada/Raymonds-Algorithm,GNATMAKE 14.2.0,0,0,0,0,0,,,n/a,n/a,,yes,no,,
misc/Ada/Recovery-Exploiting-Semantics,GNATMAKE 14.2.0,0,0,0,0,0,,,n/a,n/a,,yes,no,,
misc/Ada/Redundancy-Checks,GNATMAKE 14.2.0,0,0,0,0,0,,,n/a,n/a,,yes,no,,
misc/Ada/Reed-Solomon-Error-Correction,GNATMAKE 14.2.0,0,0,0,0,0,,,n/a,n/a,,yes,no,,
misc/Ada/Reference-Counting,GNATMAKE 14.2.0,0,0,0,0,0,,,n/a,n/a,,yes,no,,
misc/Ada/Region-Growing,GNATMAKE 14.2.0,0,0,0,0,0,,,n/a,n/a,,yes,no,,
misc/Ada/Regret-Minimization,GNATMAKE 14.2.0,0,0,0,0,0,,,n/a,n/a,,yes,no,,
misc/Ada/Relevance-Vector-Machine,GNATMAKE 14.2.0,0,0,0,0,0,,,n/a,n/a,,yes,no,,
misc/Ada/Replicator-Equation,GNATMAKE 14.2.0,0,0,0,0,0,,,n/a,n/a,,yes,no,,
misc/Ada/Restoring-Division,GNATMAKE 14.2.0,0,0,0,0,0,,,n/a,n/a,,yes,no,,
misc/Ada/Rete-Algorithm,GNATMAKE 14.2.0,0,0,0,0,0,,,30,0,,yes,no,,
misc/Ada/Reverse-Delete-Algorithm,GNATMAKE 14.2.0,0,0,0,0,0,,,n/a,n/a,,yes,no,,
misc/Ada/Ricart-Agrawala-Algorithm,GNATMAKE 14.2.0,0,0,0,0,0,,,n/a,n/a,,yes,no,,
misc/Ada/Rice-Coding,GNATMAKE 14.2.0,0,0,0,0,0,,,n/a,n/a,,yes,no,,
misc/Ada/Ridders-Method,GNATMAKE 14.2.0,0,0,0,0,0,,,n/a,n/a,,yes,no,,
misc/Ada/Risch-Algorithm,GNATMAKE 14.2.0,0,0,0,0,0,,,n/a,n/a,,yes,no,,
misc/Ada/Rotating-Calipers,GNATMAKE 14.2.0,0,0,0,0,0,,,n/a,n/a,,yes,no,,
misc/Ada/Rounding-Functions,GNATMAKE 14.2.0,0,0,0,0,0,,,n/a,n/a,,yes,no,,
misc/Ada/Rupperts-Algorithm,GNATMAKE 14.2.0,0,0,0,0,0,,,n/a,n/a,,yes,no,,
misc/Ada/Ruzzo-Tompa,GNATMAKE 14.2.0,0,0,0,0,0,,,n/a,n/a,,yes,no,,
misc/Ada/SEQUITUR-Algorithm,GNATMAKE 14.2.0,0,0,0,0,0,,,n/a,n/a,,yes,no,,
misc/Ada/SRT-Division,GNATMAKE 14.2.0,0,0,0,0,0,,,n/a,n/a,,yes,no,,
misc/Ada/SSS-Star,GNATMAKE 14.2.0,0,0,0,0,0,,,n/a,n/a,,yes,no,,
misc/Ada/SUBCLU,GNATMAKE 14.2.0,0,0,0,0,0,,,n/a,n/a,,yes,no,,
misc/Ada/Salsa20,GNATMAKE 14.2.0,0,0,0,0,0,,,n/a,n/a,,n/a,no,,init: baseline -gnata build fail: raised ADA.ASSERTIONS.ASSERTION_ERROR : failed precondition from salsa20.ads:86
misc/Ada/Scanline-Rendering,GNATMAKE 14.2.0,0,0,0,0,0,,,n/a,n/a,,yes,no,,
misc/Ada/Schreier-Sims,GNATMAKE 14.2.0,0,0,0,0,0,,,n/a,n/a,,yes,no,,
misc/Ada/Scoring-Algorithm,GNATMAKE 14.2.0,0,0,0,0,0,,,n/a,n/a,,n/a,no,,init: baseline -gnata build fail: FAIL: Sample_Mean empty raises
misc/Ada/Seam-Carving,GNATMAKE 14.2.0,0,0,0,0,0,,,n/a,n/a,,yes,no,,
misc/Ada/Selection-Algorithm,GNATMAKE 14.2.0,0,0,0,0,0,,,30,0,,yes,no,,
misc/Ada/Self-Organizing-Map,GNATMAKE 14.2.0,0,0,0,0,0,,,n/a,n/a,,n/a,no,,init: baseline -gnata build fail: raised ADA.ASSERTIONS.ASSERTION_ERROR : failed precondition from self_organizing_map.ads:35
misc/Ada/Semi-Space-Collectors,GNATMAKE 14.2.0,0,0,0,0,0,,,n/a,n/a,,yes,no,,
misc/Ada/Sethi-Ullman-Algorithm,GNATMAKE 14.2.0,0,0,0,0,0,,,n/a,n/a,,n/a,no,,"init: baseline -gnata build nobuild:  error: ambiguous call to ""Append"" sethi_ullman.adb:164:31: error: possible interpretation at a-convec.ads:471, instance"
misc/Ada/Shannon-Fano-Coding,GNATMAKE 14.2.0,0,0,0,0,0,,,n/a,n/a,,yes,no,,
misc/Ada/Shannon-Fano-Elias-Coding,GNATMAKE 14.2.0,0,0,0,0,0,,,n/a,n/a,,yes,no,,
misc/Ada/Shapley-Value,GNATMAKE 14.2.0,0,0,0,0,0,,,n/a,n/a,,yes,no,,
misc/Ada/Shoelace-Algorithm,GNATMAKE 14.2.0,0,0,0,0,0,,,n/a,n/a,,yes,no,,
misc/Ada/Shors-Algorithm,GNATMAKE 14.2.0,0,0,0,0,0,,,n/a,n/a,,n/a,no,,init: baseline -gnata build fail: TEST 6 — Find_Period Error Handling & Exceptions
misc/Ada/Shortest-Common-Supersequence-Problem,GNATMAKE 14.2.0,0,0,0,0,0,,,n/a,n/a,,yes,no,,
misc/Ada/Simons-Problem,GNATMAKE 14.2.0,0,0,0,0,0,,,n/a,n/a,,n/a,no,,init: baseline -gnata build fail: PASS — 11.3 Solver executes without error
misc/Ada/Simulated-Annealing,GNATMAKE 14.2.0,0,0,0,0,0,,,n/a,n/a,,yes,no,,
misc/Ada/Sinkhorn-Knopp-Algorithm,GNATMAKE 14.2.0,0,0,0,0,0,,,n/a,n/a,,yes,no,,
misc/Ada/Slot-Machine,GNATMAKE 14.2.0,0,0,0,0,0,,,n/a,n/a,,yes,no,,
misc/Ada/Spectral-Layout,GNATMAKE 14.2.0,0,0,0,0,0,,,n/a,n/a,,yes,no,,
misc/Ada/Speeded-Up-Robust-Features,GNATMAKE 14.2.0,0,0,0,0,0,,,n/a,n/a,,yes,no,,
misc/Ada/Spigot-Algorithm,GNATMAKE 14.2.0,0,0,0,0,0,,,n/a,n/a,,yes,no,,
misc/Ada/Square-Root-Algorithms,GNATMAKE 14.2.0,0,0,0,0,0,,,n/a,n/a,,yes,no,,
misc/Ada/Steinhaus-Johnson-Trotter,GNATMAKE 14.2.0,0,0,0,0,0,,,n/a,n/a,,yes,no,,
misc/Ada/Stochastic-Tunneling,GNATMAKE 14.2.0,0,0,0,0,0,,,n/a,n/a,,yes,no,,
misc/Ada/Stones-Method,GNATMAKE 14.2.0,0,0,0,0,0,,,n/a,n/a,,yes,no,,
misc/Ada/Strongly-Connected-Components,GNATMAKE 14.2.0,0,0,0,0,0,,,n/a,n/a,,yes,no,,
misc/Ada/Structured-SVM,GNATMAKE 14.2.0,0,0,0,0,0,,,n/a,n/a,,yes,no,,
misc/Ada/Subset-Sum-Algorithm,GNATMAKE 14.2.0,0,0,0,0,0,,,n/a,n/a,,yes,no,,
misc/Ada/Successive-Over-Relaxation,GNATMAKE 14.2.0,0,0,0,0,0,,,n/a,n/a,,yes,no,,
misc/Ada/Sukhotin,GNATMAKE 14.2.0,0,0,0,0,0,,,n/a,n/a,,n/a,no,,init: baseline -gnata build fail: FAIL: To_Lower non-letter raises Invalid_Argument
misc/Ada/Summed-Area-Table,GNATMAKE 14.2.0,0,0,0,0,0,,,n/a,n/a,,yes,no,,
misc/Ada/Supervised-Learning,GNATMAKE 14.2.0,0,0,0,0,0,,,n/a,n/a,,n/a,no,,init: baseline -gnata build fail: TEST 4 — Linear Regression Errors
misc/Ada/Swarm-Intelligence,GNATMAKE 14.2.0,0,0,0,0,0,,,n/a,n/a,,yes,no,,
misc/Ada/Sweep-And-Prune,GNATMAKE 14.2.0,0,0,0,0,0,,,n/a,n/a,,n/a,no,,init: baseline -gnata build fail: raised ADA.ASSERTIONS.ASSERTION_ERROR : failed precondition from sweep_and_prune.ads:106
misc/Ada/System-of-Linear-Equations,GNATMAKE 14.2.0,0,0,0,0,0,,,n/a,n/a,,yes,no,,
misc/Ada/Tarski-Kuratowski-Algorithm,GNATMAKE 14.2.0,0,0,0,0,0,,,n/a,n/a,,yes,no,,
misc/Ada/Temporal-Difference-Learning,GNATMAKE 14.2.0,0,0,0,0,0,,,n/a,n/a,,yes,no,,
misc/Ada/Term-Rewriting,GNATMAKE 14.2.0,0,0,0,0,0,,,n/a,n/a,,yes,no,,
misc/Ada/Texas-Medication-Algorithm-Project,GNATMAKE 14.2.0,0,0,0,0,0,,,n/a,n/a,,yes,no,,
misc/Ada/Thomas-Algorithm,GNATMAKE 14.2.0,0,0,0,0,0,,,n/a,n/a,,yes,no,,
misc/Ada/Todd-Coxeter,GNATMAKE 14.2.0,0,0,0,0,0,,,n/a,n/a,,yes,no,,
misc/Ada/Tomasulo-Algorithm,GNATMAKE 14.2.0,0,0,0,0,0,,,n/a,n/a,,yes,no,,
misc/Ada/Toom-Cook,GNATMAKE 14.2.0,0,0,0,0,0,,,30,0,,yes,no,,
misc/Ada/Top-Nodes-Algorithm,GNATMAKE 14.2.0,0,0,0,0,0,,,n/a,n/a,,yes,no,,
misc/Ada/Top-Trading-Cycle,GNATMAKE 14.2.0,0,0,0,0,0,,,n/a,n/a,,yes,no,,
misc/Ada/Traffic-Light-Controller,GNATMAKE 14.2.0,0,0,0,0,0,,,n/a,n/a,,yes,no,,
misc/Ada/Traffic-Simulation,GNATMAKE 14.2.0,0,0,0,0,0,,,n/a,n/a,,yes,no,,
misc/Ada/Transform-Coding,GNATMAKE 14.2.0,0,0,0,0,0,,,n/a,n/a,,yes,no,,
misc/Ada/Transitive-Closure,GNATMAKE 14.2.0,0,0,0,0,0,,,n/a,n/a,,yes,no,,
misc/Ada/Trapezoidal-Rule-DE,GNATMAKE 14.2.0,0,0,0,0,0,,,n/a,n/a,,yes,no,,
misc/Ada/Travelling-Salesman-Problem,GNATMAKE 14.2.0,0,0,0,0,0,,,n/a,n/a,,yes,no,,
misc/Ada/Trial-Division,GNATMAKE 14.2.0,0,0,0,0,0,,,n/a,n/a,,yes,no,,
misc/Ada/Truncated-Binary-Encoding,GNATMAKE 14.2.0,0,0,0,0,0,,,n/a,n/a,,yes,no,,
misc/Ada/Truncation-Selection,GNATMAKE 14.2.0,0,0,0,0,0,,,n/a,n/a,,yes,no,,
misc/Ada/TrustRank,GNATMAKE 14.2.0,0,0,0,0,0,,,n/a,n/a,,yes,no,,
misc/Ada/TurboQuant,GNATMAKE 14.2.0,0,0,0,0,0,,,n/a,n/a,,yes,no,,
misc/Ada/Ukkonens-Algorithm,GNATMAKE 14.2.0,0,0,0,0,0,,,n/a,n/a,,yes,no,,
misc/Ada/Unary-Coding,GNATMAKE 14.2.0,0,0,0,0,0,,,n/a,n/a,,yes,no,,
misc/Ada/Unicode-Collation-Algorithm,GNATMAKE 14.2.0,0,0,0,0,0,,,n/a,n/a,,yes,no,,
misc/Ada/Unrestricted-Algorithm,GNATMAKE 14.2.0,0,0,0,0,0,,,n/a,n/a,,yes,no,,
misc/Ada/Variational-Method,GNATMAKE 14.2.0,0,0,0,0,0,,,n/a,n/a,,yes,no,,
misc/Ada/Vector-Quantization,GNATMAKE 14.2.0,0,0,0,0,0,,,n/a,n/a,,yes,no,,
misc/Ada/Vehicle-Routing-Problem,GNATMAKE 14.2.0,0,0,0,0,0,,,n/a,n/a,,yes,no,,
misc/Ada/Velvet,GNATMAKE 14.2.0,0,0,0,0,0,,,n/a,n/a,,yes,no,,
misc/Ada/Verhoeff-Algorithm,GNATMAKE 14.2.0,0,0,0,0,0,,,n/a,n/a,,yes,no,,
misc/Ada/Vickrey-Clarke-Groves-Mechanism,GNATMAKE 14.2.0,0,0,0,0,0,,,n/a,n/a,,yes,no,,
misc/Ada/Wang-Landau,GNATMAKE 14.2.0,0,0,0,0,0,,,n/a,n/a,,yes,no,,
misc/Ada/Warnsdorffs-Rule,GNATMAKE 14.2.0,0,0,0,0,0,,,n/a,n/a,,yes,no,,
misc/Ada/Warped-Linear-Predictive-Coding,GNATMAKE 14.2.0,0,0,0,0,0,,,n/a,n/a,,yes,no,,
misc/Ada/Xor-Swap-Algorithm,GNATMAKE 14.2.0,0,0,0,0,0,,,n/a,n/a,,yes,no,,
misc/Ada/Yamartino-Method,GNATMAKE 14.2.0,0,0,0,0,0,,,n/a,n/a,,n/a,no,,init: baseline -gnata build fail: FAIL: Finalize empty raises Empty_Sample
misc/Ada/Zellers-Congruence-Algorithm,GNATMAKE 14.2.0,0,0,0,0,0,,,n/a,n/a,,yes,no,,
misc/Ada/Zero-Attribute-Rule,GNATMAKE 14.2.0,0,0,0,0,0,,,30,0,,yes,no,,
misc/Ada/Zhu-Takaoka,GNATMAKE 14.2.0,0,0,0,0,0,,,n/a,n/a,,yes,no,,
misc/Ada/arc-cache,GNATMAKE 14.2.0,0,0,0,0,0,,,n/a,n/a,,n/a,no,,init: baseline -gnata build fail: [FAIL] 7.2.1 - Most recently accessed original item still in cache
misc/SPARK2/Ada-SPARK-3Sum-Closest,GNATMAKE 14.2.0,0,0,0,0,0,,,30,0,,yes,no,,
misc/SPARK2/Ada-SPARK-4Sum-II,GNATMAKE 14.2.0,0,0,0,0,0,,,n/a,n/a,,yes,no,,
misc/SPARK2/Ada-SPARK-Accounts-Merge-Lite,GNATMAKE 14.2.0,0,0,0,0,0,,,n/a,n/a,,yes,no,,
misc/SPARK2/Ada-SPARK-Accounts-Merge-Stub,GNATMAKE 14.2.0,0,0,0,0,0,,,n/a,n/a,,yes,no,,
misc/SPARK2/Ada-SPARK-Add-Binary,GNATMAKE 14.2.0,0,0,0,0,0,,,n/a,n/a,,yes,no,,
misc/SPARK2/Ada-SPARK-Add-Digits,GNATMAKE 14.2.0,0,0,0,0,0,,,n/a,n/a,,yes,no,,
misc/SPARK2/Ada-SPARK-Add-Two-Numbers,GNATMAKE 14.2.0,0,0,0,0,0,,,n/a,n/a,,yes,no,,
misc/SPARK2/Ada-SPARK-Add-Two-Numbers-II,GNATMAKE 14.2.0,0,0,0,0,0,,,n/a,n/a,,yes,no,,
misc/SPARK2/Ada-SPARK-Add-Without-Plus,GNATMAKE 14.2.0,0,0,0,0,0,,,n/a,n/a,,yes,no,,
misc/SPARK2/Ada-SPARK-Adler32,GNATMAKE 14.2.0,0,0,0,0,0,,,30,0,,yes,no,,
misc/SPARK2/Ada-SPARK-Alert-Using-Same-Key-Card-Stub,GNATMAKE 14.2.0,0,0,0,0,0,,,n/a,n/a,,yes,no,,
misc/SPARK2/Ada-SPARK-Alien-Dictionary-Lite,GNATMAKE 14.2.0,0,0,0,0,0,,,n/a,n/a,,yes,no,,
misc/SPARK2/Ada-SPARK-Alien-Dictionary-Stub,GNATMAKE 14.2.0,0,0,0,0,0,,,n/a,n/a,,yes,no,,
misc/SPARK2/Ada-SPARK-All-Paths-From-Source-To-Target,GNATMAKE 14.2.0,0,0,0,0,0,,,n/a,n/a,,yes,no,,
misc/SPARK2/Ada-SPARK-Argmax,GNATMAKE 14.2.0,0,0,0,0,0,,,n/a,n/a,,yes,no,,
misc/SPARK2/Ada-SPARK-Arranging-Coins,GNATMAKE 14.2.0,0,0,0,0,0,,,30,0,,yes,no,,
misc/SPARK2/Ada-SPARK-Array-Partition-I,GNATMAKE 14.2.0,0,0,0,0,0,,,n/a,n/a,,yes,no,,
misc/SPARK2/Ada-SPARK-As-Far-From-Land-As-Possible,GNATMAKE 14.2.0,0,0,0,0,0,,,n/a,n/a,,yes,no,,
misc/SPARK2/Ada-SPARK-Assign-Cookies,GNATMAKE 14.2.0,0,0,0,0,0,,,n/a,n/a,,yes,no,,
misc/SPARK2/Ada-SPARK-Asteroid-Collision,GNATMAKE 14.2.0,0,0,0,0,0,,,n/a,n/a,,yes,no,,
misc/SPARK2/Ada-SPARK-Authentication-Manager-Stub,GNATMAKE 14.2.0,0,0,0,0,0,,,n/a,n/a,,yes,no,,
misc/SPARK2/Ada-SPARK-Available-Captures-For-Rook,GNATMAKE 14.2.0,0,0,0,0,0,,,n/a,n/a,,yes,no,,
misc/SPARK2/Ada-SPARK-Bankers-Algorithm,GNATMAKE 14.2.0,0,0,0,0,0,,,n/a,n/a,,yes,no,,
misc/SPARK2/Ada-SPARK-Base64-Decode,GNATMAKE 14.2.0,0,0,0,0,0,,,n/a,n/a,,yes,no,,
misc/SPARK2/Ada-SPARK-Base64-Encode,GNATMAKE 14.2.0,0,0,0,0,0,,,n/a,n/a,,yes,no,,
misc/SPARK2/Ada-SPARK-Baseball-Game,GNATMAKE 14.2.0,0,0,0,0,0,,,n/a,n/a,,yes,no,,
misc/SPARK2/Ada-SPARK-Basic-Calculator,GNATMAKE 14.2.0,0,0,0,0,0,,,n/a,n/a,,yes,no,,
misc/SPARK2/Ada-SPARK-Basic-Calculator-II,GNATMAKE 14.2.0,0,0,0,0,0,,,n/a,n/a,,yes,no,,
misc/SPARK2/Ada-SPARK-Basic-Calculator-Stub,GNATMAKE 14.2.0,0,0,0,0,0,,,n/a,n/a,,yes,no,,
misc/SPARK2/Ada-SPARK-Beautiful-Arrangement,GNATMAKE 14.2.0,0,0,0,0,0,,,30,0,,yes,no,,
misc/SPARK2/Ada-SPARK-Beautiful-Array-Lite,GNATMAKE 14.2.0,0,0,0,0,0,,,n/a,n/a,,yes,no,,
misc/SPARK2/Ada-SPARK-Best-Time-To-Buy-And-Sell-Stock,GNATMAKE 14.2.0,0,0,0,0,0,,,30,0,,yes,no,,
misc/SPARK2/Ada-SPARK-Best-Time-To-Buy-And-Sell-Stock-II,GNATMAKE 14.2.0,0,0,0,0,0,,,n/a,n/a,,yes,no,,
misc/SPARK2/Ada-SPARK-Best-Time-To-Buy-And-Sell-Stock-With-Cooldownoldown,GNATMAKE 14.2.0,0,0,0,0,0,,,30,0,,yes,no,,
misc/SPARK2/Ada-SPARK-Binary-Number-With-Alternating-Bits,GNATMAKE 14.2.0,0,0,0,0,0,,,n/a,n/a,,yes,no,,
misc/SPARK2/Ada-SPARK-Binary-To-Integer,GNATMAKE 14.2.0,0,0,0,0,0,,,n/a,n/a,,yes,no,,
misc/SPARK2/Ada-SPARK-Binary-Watch,GNATMAKE 14.2.0,0,0,0,0,0,,,n/a,n/a,,yes,no,,
misc/SPARK2/Ada-SPARK-Binomial-Coefficient,GNATMAKE 14.2.0,0,0,0,0,0,,,n/a,n/a,,yes,no,,
misc/SPARK2/Ada-SPARK-Bitset,GNATMAKE 14.2.0,0,0,0,0,0,,,n/a,n/a,,yes,no,,
misc/SPARK2/Ada-SPARK-Bitwise-AND-Of-Numbers-Range,GNATMAKE 14.2.0,0,0,0,0,0,,,n/a,n/a,,yes,no,,
misc/SPARK2/Ada-SPARK-Bitwise-OR-Of-Numbers-Range,GNATMAKE 14.2.0,0,0,0,0,0,,,n/a,n/a,,yes,no,,
misc/SPARK2/Ada-SPARK-Bitwise-ORs-Of-Subarrays-Lite,GNATMAKE 14.2.0,0,0,0,0,0,,,n/a,n/a,,yes,no,,
misc/SPARK2/Ada-SPARK-Bitwise-XOR-Of-All-Pairings,GNATMAKE 14.2.0,0,0,0,0,0,,,n/a,n/a,,yes,no,,
misc/SPARK2/Ada-SPARK-Boats-To-Save-People,GNATMAKE 14.2.0,0,0,0,0,0,,,n/a,n/a,,yes,no,,
misc/SPARK2/Ada-SPARK-Bounding-Box,GNATMAKE 14.2.0,0,0,0,0,0,,,n/a,n/a,,yes,no,,
misc/SPARK2/Ada-SPARK-Bray-Curtis,GNATMAKE 14.2.0,0,0,0,0,0,,,n/a,n/a,,yes,no,,
misc/SPARK2/Ada-SPARK-Broken-Calculator,GNATMAKE 14.2.0,0,0,0,0,0,,,n/a,n/a,,yes,no,,
misc/SPARK2/Ada-SPARK-Browser-History-Stub,GNATMAKE 14.2.0,0,0,0,0,0,,,n/a,n/a,,yes,no,,
misc/SPARK2/Ada-SPARK-Buddy-Memory-Allocation,GNATMAKE 14.2.0,0,0,0,0,0,,,n/a,n/a,,yes,no,,
misc/SPARK2/Ada-SPARK-Bulb-Switcher,GNATMAKE 14.2.0,0,0,0,0,0,,,30,0,,yes,no,,
misc/SPARK2/Ada-SPARK-Bulb-Switcher-Stub,GNATMAKE 14.2.0,0,0,0,0,0,,,n/a,n/a,,yes,no,,
misc/SPARK2/Ada-SPARK-Bump-Arena,GNATMAKE 14.2.0,0,0,0,0,0,,,n/a,n/a,,yes,no,,
misc/SPARK2/Ada-SPARK-CRC32,GNATMAKE 14.2.0,0,0,0,0,0,,,n/a,n/a,,yes,no,,
misc/SPARK2/Ada-SPARK-CSR-Row-Sum,GNATMAKE 14.2.0,0,0,0,0,0,,,n/a,n/a,,yes,no,,
misc/SPARK2/Ada-SPARK-Can-Place-Flowers,GNATMAKE 14.2.0,0,0,0,0,0,,,n/a,n/a,,yes,no,,
misc/SPARK2/Ada-SPARK-Canberra-Distance,GNATMAKE 14.2.0,0,0,0,0,0,,,n/a,n/a,,yes,no,,
misc/SPARK2/Ada-SPARK-Candy,GNATMAKE 14.2.0,0,0,0,0,0,,,n/a,n/a,,yes,no,,
misc/SPARK2/Ada-SPARK-Capacity-To-Ship-Packages,GNATMAKE 14.2.0,0,0,0,0,0,,,30,0,,yes,no,,
misc/SPARK2/Ada-SPARK-Car-Pooling,GNATMAKE 14.2.0,0,0,0,0,0,,,30,0,,yes,no,,
misc/SPARK2/Ada-SPARK-Cheapest-Flights,GNATMAKE 14.2.0,0,0,0,0,0,,,n/a,n/a,,yes,no,,
misc/SPARK2/Ada-SPARK-Cheapest-Flights-Stub,GNATMAKE 14.2.0,0,0,0,0,0,,,n/a,n/a,,yes,no,,
misc/SPARK2/Ada-SPARK-Cheapest-Flights-Within-K-Stops,GNATMAKE 14.2.0,0,0,0,0,0,,,30,0,,yes,no,,
misc/SPARK2/Ada-SPARK-Check-If-Number-Is-A-Sum-Of-Powers-Of-Three,GNATMAKE 14.2.0,0,0,0,0,0,,,30,0,,yes,no,,
misc/SPARK2/Ada-SPARK-Check-If-The-Sentence-Is-Pangram,GNATMAKE 14.2.0,0,0,0,0,0,,,n/a,n/a,,yes,no,,
misc/SPARK2/Ada-SPARK-Checksum-Ones-Complement,GNATMAKE 14.2.0,0,0,0,0,0,,,n/a,n/a,,yes,no,,
misc/SPARK2/Ada-SPARK-Cherry-Pickup-Lite,GNATMAKE 14.2.0,0,0,0,0,0,,,n/a,n/a,,yes,no,,
misc/SPARK2/Ada-SPARK-Circular-Deque-Stub,GNATMAKE 14.2.0,0,0,0,0,0,,,n/a,n/a,,yes,no,,
misc/SPARK2/Ada-SPARK-Circular-Queue,GNATMAKE 14.2.0,0,0,0,0,0,,,30,0,,yes,no,,
misc/SPARK2/Ada-SPARK-Clamp,GNATMAKE 14.2.0,0,0,0,0,0,,,n/a,n/a,,yes,no,,
misc/SPARK2/Ada-SPARK-Climbing-Stairs,GNATMAKE 14.2.0,0,0,0,0,0,,,n/a,n/a,,yes,no,,
misc/SPARK2/Ada-SPARK-Clock-Page-Replacement,GNATMAKE 14.2.0,0,0,0,0,0,,,n/a,n/a,,yes,no,,
misc/SPARK2/Ada-SPARK-Coin-Change,GNATMAKE 14.2.0,0,0,0,0,0,,,n/a,n/a,,yes,no,,
misc/SPARK2/Ada-SPARK-Coin-Change-II,GNATMAKE 14.2.0,0,0,0,0,0,,,n/a,n/a,,yes,no,,
misc/SPARK2/Ada-SPARK-Combination-Iterator-Stub,GNATMAKE 14.2.0,0,0,0,0,0,,,n/a,n/a,,yes,no,,
misc/SPARK2/Ada-SPARK-Combination-Sum,GNATMAKE 14.2.0,0,0,0,0,0,,,n/a,n/a,,yes,no,,
misc/SPARK2/Ada-SPARK-Combination-Sum-II,GNATMAKE 14.2.0,0,0,0,0,0,,,n/a,n/a,,yes,no,,
misc/SPARK2/Ada-SPARK-Combination-Sum-III,GNATMAKE 14.2.0,0,0,0,0,0,,,n/a,n/a,,yes,no,,
misc/SPARK2/Ada-SPARK-Combination-Sum-IV,GNATMAKE 14.2.0,0,0,0,0,0,,,n/a,n/a,,yes,no,,
misc/SPARK2/Ada-SPARK-Complement-Of-Base-10,GNATMAKE 14.2.0,0,0,0,0,0,,,n/a,n/a,,yes,no,,
misc/SPARK2/Ada-SPARK-Complement-Of-Base-10-Integer,GNATMAKE 14.2.0,0,0,0,0,0,,,n/a,n/a,,yes,no,,
misc/SPARK2/Ada-SPARK-Connected-Component-Labeling,GNATMAKE 14.2.0,0,0,0,0,0,,,n/a,n/a,,yes,no,,
misc/SPARK2/Ada-SPARK-Container-With-Most-Water,GNATMAKE 14.2.0,0,0,0,0,0,,,30,0,,yes,no,,
misc/SPARK2/Ada-SPARK-Contains-Duplicate,GNATMAKE 14.2.0,0,0,0,0,0,,,n/a,n/a,,yes,no,,
misc/SPARK2/Ada-SPARK-Contains-Duplicate-II,GNATMAKE 14.2.0,0,0,0,0,0,,,n/a,n/a,,yes,no,,
misc/SPARK2/Ada-SPARK-Contiguous-Array,GNATMAKE 14.2.0,0,0,0,0,0,,,n/a,n/a,,yes,no,,
misc/SPARK2/Ada-SPARK-Continuous-Subarray-Sum,GNATMAKE 14.2.0,0,0,0,0,0,,,n/a,n/a,,yes,no,,
misc/SPARK2/Ada-SPARK-Convert-1D-Array-Into-2D-Array,GNATMAKE 14.2.0,0,0,0,0,0,,,n/a,n/a,,yes,no,,
misc/SPARK2/Ada-SPARK-Convert-A-Number-To-Hexadecimal,GNATMAKE 14.2.0,0,0,0,0,0,,,n/a,n/a,,yes,no,,
misc/SPARK2/Ada-SPARK-Convert-Binary-Number-In-A-Linked-List-To-Integer,GNATMAKE 14.2.0,0,0,0,0,0,,,n/a,n/a,,yes,no,,
misc/SPARK2/Ada-SPARK-Copy-List-With-Random-Pointer-Lite,GNATMAKE 14.2.0,0,0,0,0,0,,,n/a,n/a,,yes,no,,
misc/SPARK2/Ada-SPARK-Corporate-Flight-Bookings,GNATMAKE 14.2.0,0,0,0,0,0,,,n/a,n/a,,yes,no,,
misc/SPARK2/Ada-SPARK-Cosine-Distance,GNATMAKE 14.2.0,0,0,0,0,0,,,n/a,n/a,,yes,no,,
misc/SPARK2/Ada-SPARK-Cosine-Similarity,GNATMAKE 14.2.0,0,0,0,0,0,,,n/a,n/a,,yes,no,,
misc/SPARK2/Ada-SPARK-Count-And-Say,GNATMAKE 14.2.0,0,0,0,0,0,,,n/a,n/a,,yes,no,,
misc/SPARK2/Ada-SPARK-Count-And-Say-Stub,GNATMAKE 14.2.0,0,0,0,0,0,,,n/a,n/a,,yes,no,,
misc/SPARK2/Ada-SPARK-Count-Odd-Numbers-In-An-Interval,GNATMAKE 14.2.0,0,0,0,0,0,,,30,0,,yes,no,,
misc/SPARK2/Ada-SPARK-Count-Of-Smaller-Numbers-After-Self-Lite,GNATMAKE 14.2.0,0,0,0,0,0,,,30,0,,yes,no,,
misc/SPARK2/Ada-SPARK-Count-Operations-To-Obtain-Zero,GNATMAKE 14.2.0,0,0,0,0,0,,,n/a,n/a,,yes,no,,
misc/SPARK2/Ada-SPARK-Count-Square-Submatrices-With-All-Ones,GNATMAKE 14.2.0,0,0,0,0,0,,,n/a,n/a,,yes,no,,
misc/SPARK2/Ada-SPARK-Count-Sub-Islands,GNATMAKE 14.2.0,0,0,0,0,0,,,n/a,n/a,,yes,no,,
misc/SPARK2/Ada-SPARK-Count-Triplets-That-Can-Form-Two-Arrays-Of-Equal-XOR,GNATMAKE 14.2.0,0,0,0,0,0,,,n/a,n/a,,yes,no,,
misc/SPARK2/Ada-SPARK-Counting-Bits,GNATMAKE 14.2.0,0,0,0,0,0,,,30,0,,yes,no,,
misc/SPARK2/Ada-SPARK-Covariance,GNATMAKE 14.2.0,0,0,0,0,0,,,n/a,n/a,,yes,no,,
misc/SPARK2/Ada-SPARK-Crawler-Log-Folder,GNATMAKE 14.2.0,0,0,0,0,0,,,n/a,n/a,,yes,no,,
misc/SPARK2/Ada-SPARK-Create-Maximum-Number-Lite,GNATMAKE 14.2.0,0,0,0,0,0,,,n/a,n/a,,yes,no,,
misc/SPARK2/Ada-SPARK-Critical-Connections-In-A-Network-Lite,GNATMAKE 14.2.0,0,0,0,0,0,,,n/a,n/a,,yes,no,,
misc/SPARK2/Ada-SPARK-Daily-Temperatures,GNATMAKE 14.2.0,0,0,0,0,0,,,n/a,n/a,,yes,no,,
misc/SPARK2/Ada-SPARK-Decode-Ways,GNATMAKE 14.2.0,0,0,0,0,0,,,30,0,,yes,no,,
misc/SPARK2/Ada-SPARK-Decode-Ways-Stub,GNATMAKE 14.2.0,0,0,0,0,0,,,n/a,n/a,,yes,no,,
misc/SPARK2/Ada-SPARK-Decode-XORed-Array,GNATMAKE 14.2.0,0,0,0,0,0,,,n/a,n/a,,yes,no,,
misc/SPARK2/Ada-SPARK-Defanging-An-IP-Address,GNATMAKE 14.2.0,0,0,0,0,0,,,n/a,n/a,,yes,no,,
misc/SPARK2/Ada-SPARK-Degree-Of-An-Array,GNATMAKE 14.2.0,0,0,0,0,0,,,n/a,n/a,,yes,no,,
misc/SPARK2/Ada-SPARK-Delete-And-Earn,GNATMAKE 14.2.0,0,0,0,0,0,,,n/a,n/a,,yes,no,,
misc/SPARK2/Ada-SPARK-Delete-And-Earn-Stub,GNATMAKE 14.2.0,0,0,0,0,0,,,n/a,n/a,,yes,no,,
misc/SPARK2/Ada-SPARK-Delete-Node-In-A-Linked-List,GNATMAKE 14.2.0,0,0,0,0,0,,,n/a,n/a,,yes,no,,
misc/SPARK2/Ada-SPARK-Delete-The-Middle-Node,GNATMAKE 14.2.0,0,0,0,0,0,,,n/a,n/a,,yes,no,,
misc/SPARK2/Ada-SPARK-Delta-Encoding,GNATMAKE 14.2.0,0,0,0,0,0,,,30,0,,yes,no,,
misc/SPARK2/Ada-SPARK-Deque-Bounded,GNATMAKE 14.2.0,0,0,0,0,0,,,n/a,n/a,,yes,no,,
misc/SPARK2/Ada-SPARK-Design-A-Leaderboard,GNATMAKE 14.2.0,0,0,0,0,0,,,n/a,n/a,,yes,no,,
misc/SPARK2/Ada-SPARK-Design-A-Stack-With-Increment,GNATMAKE 14.2.0,0,0,0,0,0,,,n/a,n/a,,yes,no,,
misc/SPARK2/Ada-SPARK-Design-A-Stack-With-Increment-Operation,GNATMAKE 14.2.0,0,0,0,0,0,,,n/a,n/a,,yes,no,,
misc/SPARK2/Ada-SPARK-Design-An-Ordered-Stream,GNATMAKE 14.2.0,0,0,0,0,0,,,n/a,n/a,,yes,no,,
misc/SPARK2/Ada-SPARK-Design-Bitset,GNATMAKE 14.2.0,0,0,0,0,0,,,30,0,,yes,no,,
misc/SPARK2/Ada-SPARK-Design-Browser-History,GNATMAKE 14.2.0,0,0,0,0,0,,,n/a,n/a,,yes,no,,
misc/SPARK2/Ada-SPARK-Design-Circular-Deque,GNATMAKE 14.2.0,0,0,0,0,0,,,n/a,n/a,,yes,no,,
misc/SPARK2/Ada-SPARK-Design-Circular-Queue,GNATMAKE 14.2.0,0,0,0,0,0,,,n/a,n/a,,yes,no,,
misc/SPARK2/Ada-SPARK-Design-Circular-Queue-Stub,GNATMAKE 14.2.0,0,0,0,0,0,,,n/a,n/a,,yes,no,,
misc/SPARK2/Ada-SPARK-Design-Food-Rating-System,GNATMAKE 14.2.0,0,0,0,0,0,,,n/a,n/a,,yes,no,,
misc/SPARK2/Ada-SPARK-Design-Front-Middle-Back-Queue,GNATMAKE 14.2.0,0,0,0,0,0,,,n/a,n/a,,yes,no,,
misc/SPARK2/Ada-SPARK-Design-Front-Middle-Back-Queue-Stub,GNATMAKE 14.2.0,0,0,0,0,0,,,n/a,n/a,,yes,no,,
misc/SPARK2/Ada-SPARK-Design-Hit-Counter-Lite,GNATMAKE 14.2.0,0,0,0,0,0,,,n/a,n/a,,yes,no,,
misc/SPARK2/Ada-SPARK-Design-Linked-List,GNATMAKE 14.2.0,0,0,0,0,0,,,n/a,n/a,,yes,no,,
misc/SPARK2/Ada-SPARK-Design-Number-Container-System,GNATMAKE 14.2.0,0,0,0,0,0,,,30,0,,yes,no,,
misc/SPARK2/Ada-SPARK-Design-Ordered-Stream,GNATMAKE 14.2.0,0,0,0,0,0,,,n/a,n/a,,yes,no,,
misc/SPARK2/Ada-SPARK-Design-Parking-System-II,GNATMAKE 14.2.0,0,0,0,0,0,,,n/a,n/a,,yes,no,,
misc/SPARK2/Ada-SPARK-Design-Skiplist-Lite,GNATMAKE 14.2.0,0,0,0,0,0,,,n/a,n/a,,yes,no,,
misc/SPARK2/Ada-SPARK-Design-Twitter-Lite,GNATMAKE 14.2.0,0,0,0,0,0,,,n/a,n/a,,yes,no,,
misc/SPARK2/Ada-SPARK-Design-Underground-System-Lite,GNATMAKE 14.2.0,0,0,0,0,0,,,30,0,,yes,no,,
misc/SPARK2/Ada-SPARK-Detect-Capital,GNATMAKE 14.2.0,0,0,0,0,0,,,n/a,n/a,,yes,no,,
misc/SPARK2/Ada-SPARK-Diagonal-Traverse,GNATMAKE 14.2.0,0,0,0,0,0,,,n/a,n/a,,yes,no,,
misc/SPARK2/Ada-SPARK-Dice-Coefficient,GNATMAKE 14.2.0,0,0,0,0,0,,,n/a,n/a,,yes,no,,
misc/SPARK2/Ada-SPARK-Difference-Array,GNATMAKE 14.2.0,0,0,0,0,0,,,n/a,n/a,,yes,no,,
misc/SPARK2/Ada-SPARK-Different-Ways-To-Add-Parentheses-Lite,GNATMAKE 14.2.0,0,0,0,0,0,,,n/a,n/a,,yes,no,,
misc/SPARK2/Ada-SPARK-Disjoint-Set-Forest,GNATMAKE 14.2.0,0,0,0,0,0,,,n/a,n/a,,yes,no,,
misc/SPARK2/Ada-SPARK-Distinct-Subsequences,GNATMAKE 14.2.0,0,0,0,0,0,,,n/a,n/a,,yes,no,,
misc/SPARK2/Ada-SPARK-Divisor-Game,GNATMAKE 14.2.0,0,0,0,0,0,,,n/a,n/a,,yes,no,,
misc/SPARK2/Ada-SPARK-Domino-And-Tromino-Tiling-Lite,GNATMAKE 14.2.0,0,0,0,0,0,,,n/a,n/a,,yes,no,,
misc/SPARK2/Ada-SPARK-Dot-Product,GNATMAKE 14.2.0,0,0,0,0,0,,,n/a,n/a,,yes,no,,
misc/SPARK2/Ada-SPARK-Dungeon-Game-Lite,GNATMAKE 14.2.0,0,0,0,0,0,,,n/a,n/a,,yes,no,,
misc/SPARK2/Ada-SPARK-Duplicate-Zeros,GNATMAKE 14.2.0,0,0,0,0,0,,,n/a,n/a,,yes,no,,
misc/SPARK2/Ada-SPARK-Dutch-National-Flag,GNATMAKE 14.2.0,0,0,0,0,0,,,n/a,n/a,,yes,no,,
misc/SPARK2/Ada-SPARK-Earliest-Deadline-First-Scheduling,GNATMAKE 14.2.0,0,0,0,0,0,,,n/a,n/a,,yes,no,,
misc/SPARK2/Ada-SPARK-Elevator-Algorithm,GNATMAKE 14.2.0,0,0,0,0,0,,,n/a,n/a,,yes,no,,
misc/SPARK2/Ada-SPARK-Eliminate-Maximum-Number-Of-Monsters,GNATMAKE 14.2.0,0,0,0,0,0,,,n/a,n/a,,yes,no,,
misc/SPARK2/Ada-SPARK-Encode-And-Decode-TinyURL-Stub,GNATMAKE 14.2.0,0,0,0,0,0,,,n/a,n/a,,yes,no,,
misc/SPARK2/Ada-SPARK-Euclidean-Distance,GNATMAKE 14.2.0,0,0,0,0,0,,,n/a,n/a,,yes,no,,
misc/SPARK2/Ada-SPARK-Eval-RPN,GNATMAKE 14.2.0,0,0,0,0,0,,,n/a,n/a,,yes,no,,
misc/SPARK2/Ada-SPARK-Evaluate-Division-Lite,GNATMAKE 14.2.0,0,0,0,0,0,,,n/a,n/a,,yes,no,,
misc/SPARK2/Ada-SPARK-Evaluate-Division-Stub,GNATMAKE 14.2.0,0,0,0,0,0,,,n/a,n/a,,yes,no,,
misc/SPARK2/Ada-SPARK-Evaluate-Reverse-Polish-Notation,GNATMAKE 14.2.0,0,0,0,0,0,,,n/a,n/a,,yes,no,,
misc/SPARK2/Ada-SPARK-Excel-Sheet-Column,GNATMAKE 14.2.0,0,0,0,0,0,,,n/a,n/a,,yes,no,,
misc/SPARK2/Ada-SPARK-Excel-Sheet-Column-Number,GNATMAKE 14.2.0,0,0,0,0,0,,,n/a,n/a,,yes,no,,
misc/SPARK2/Ada-SPARK-Excel-Sheet-Column-Title,GNATMAKE 14.2.0,0,0,0,0,0,,,n/a,n/a,,yes,no,,
misc/SPARK2/Ada-SPARK-Exclusive-Time-Of-Functions-Lite,GNATMAKE 14.2.0,0,0,0,0,0,,,n/a,n/a,,yes,no,,
misc/SPARK2/Ada-SPARK-Factorial,GNATMAKE 14.2.0,0,0,0,0,0,,,n/a,n/a,,yes,no,,
misc/SPARK2/Ada-SPARK-Factorial-Trailing-Zeroes,GNATMAKE 14.2.0,0,0,0,0,0,,,n/a,n/a,,yes,no,,
misc/SPARK2/Ada-SPARK-Fair-Candy-Swap,GNATMAKE 14.2.0,0,0,0,0,0,,,n/a,n/a,,yes,no,,
misc/SPARK2/Ada-SPARK-Fast-Pow,GNATMAKE 14.2.0,0,0,0,0,0,,,n/a,n/a,,yes,no,,
misc/SPARK2/Ada-SPARK-Fibonacci-DP,GNATMAKE 14.2.0,0,0,0,0,0,,,n/a,n/a,,yes,no,,
misc/SPARK2/Ada-SPARK-Fibonacci-Number,GNATMAKE 14.2.0,0,0,0,0,0,,,n/a,n/a,,yes,no,,
misc/SPARK2/Ada-SPARK-Final-Prices-With-A-Special-Discount,GNATMAKE 14.2.0,0,0,0,0,0,,,n/a,n/a,,yes,no,,
misc/SPARK2/Ada-SPARK-Find-All-Duplicates-In-An-Array,GNATMAKE 14.2.0,0,0,0,0,0,,,n/a,n/a,,yes,no,,
misc/SPARK2/Ada-SPARK-Find-All-Numbers-Disappeared,GNATMAKE 14.2.0,0,0,0,0,0,,,n/a,n/a,,yes,no,,
misc/SPARK2/Ada-SPARK-Find-Common-Characters,GNATMAKE 14.2.0,0,0,0,0,0,,,n/a,n/a,,yes,no,,
misc/SPARK2/Ada-SPARK-Find-First-And-Last-Position,GNATMAKE 14.2.0,0,0,0,0,0,,,n/a,n/a,,yes,no,,
misc/SPARK2/Ada-SPARK-Find-K-Closest-Elements,GNATMAKE 14.2.0,0,0,0,0,0,,,n/a,n/a,,yes,no,,
misc/SPARK2/Ada-SPARK-Find-Median-Data-Stream-Stub,GNATMAKE 14.2.0,0,0,0,0,0,,,n/a,n/a,,yes,no,,
misc/SPARK2/Ada-SPARK-Find-Median-From-Data-Stream,GNATMAKE 14.2.0,0,0,0,0,0,,,30,0,,yes,no,,
misc/SPARK2/Ada-SPARK-Find-Peak-Element,GNATMAKE 14.2.0,0,0,0,0,0,,,n/a,n/a,,yes,no,,
misc/SPARK2/Ada-SPARK-Find-The-City,GNATMAKE 14.2.0,0,0,0,0,0,,,n/a,n/a,,yes,no,,
misc/SPARK2/Ada-SPARK-Find-The-City-With-Smallest-Number-Of-Neighbors,GNATMAKE 14.2.0,0,0,0,0,0,,,n/a,n/a,,yes,no,,
misc/SPARK2/Ada-SPARK-Find-The-Difference,GNATMAKE 14.2.0,0,0,0,0,0,,,n/a,n/a,,yes,no,,
misc/SPARK2/Ada-SPARK-Find-The-Duplicate-Number,GNATMAKE 14.2.0,0,0,0,0,0,,,n/a,n/a,,yes,no,,
misc/SPARK2/Ada-SPARK-Find-The-Original-Array-Of-Prefix-XOR,GNATMAKE 14.2.0,0,0,0,0,0,,,n/a,n/a,,yes,no,,
misc/SPARK2/Ada-SPARK-Find-The-Smallest-Divisor,GNATMAKE 14.2.0,0,0,0,0,0,,,30,0,,yes,no,,
misc/SPARK2/Ada-SPARK-Find-The-Town-Judge,GNATMAKE 14.2.0,0,0,0,0,0,,,n/a,n/a,,yes,no,,
misc/SPARK2/Ada-SPARK-Find-Words-That-Can-Be-Formed,GNATMAKE 14.2.0,0,0,0,0,0,,,n/a,n/a,,yes,no,,
misc/SPARK2/Ada-SPARK-First-Bad-Version,GNATMAKE 14.2.0,0,0,0,0,0,,,n/a,n/a,,yes,no,,
misc/SPARK2/Ada-SPARK-First-Unique-Char,GNATMAKE 14.2.0,0,0,0,0,0,,,n/a,n/a,,yes,no,,
misc/SPARK2/Ada-SPARK-First-Unique-Character,GNATMAKE 14.2.0,0,0,0,0,0,,,n/a,n/a,,yes,no,,
misc/SPARK2/Ada-SPARK-Fisher-Yates-Shuffle,GNATMAKE 14.2.0,0,0,0,0,0,,,n/a,n/a,,yes,no,,
misc/SPARK2/Ada-SPARK-Fixed-Point-Iteration,GNATMAKE 14.2.0,0,0,0,0,0,,,n/a,n/a,,yes,no,,
misc/SPARK2/Ada-SPARK-Fizz-Buzz,GNATMAKE 14.2.0,0,0,0,0,0,,,n/a,n/a,,yes,no,,
misc/SPARK2/Ada-SPARK-Flatten-Nested-List-Stub,GNATMAKE 14.2.0,0,0,0,0,0,,,n/a,n/a,,yes,no,,
misc/SPARK2/Ada-SPARK-Flipping-An-Image,GNATMAKE 14.2.0,0,0,0,0,0,,,n/a,n/a,,yes,no,,
misc/SPARK2/Ada-SPARK-Flood-Fill,GNATMAKE 14.2.0,0,0,0,0,0,,,n/a,n/a,,yes,no,,
misc/SPARK2/Ada-SPARK-Four-Sum,GNATMAKE 14.2.0,0,0,0,0,0,,,n/a,n/a,,yes,no,,
misc/SPARK2/Ada-SPARK-Fruit-Into-Baskets,GNATMAKE 14.2.0,0,0,0,0,0,,,n/a,n/a,,yes,no,,
misc/SPARK2/Ada-SPARK-Game-Of-Life-Step,GNATMAKE 14.2.0,0,0,0,0,0,,,n/a,n/a,,yes,no,,
misc/SPARK2/Ada-SPARK-Gas-Station,GNATMAKE 14.2.0,0,0,0,0,0,,,n/a,n/a,,yes,no,,
misc/SPARK2/Ada-SPARK-Generate-Parentheses,GNATMAKE 14.2.0,0,0,0,0,0,,,n/a,n/a,,yes,no,,
misc/SPARK2/Ada-SPARK-Get-Maximum-In-Generated-Array,GNATMAKE 14.2.0,0,0,0,0,0,,,n/a,n/a,,yes,no,,
misc/SPARK2/Ada-SPARK-Goat-Latin,GNATMAKE 14.2.0,0,0,0,0,0,,,n/a,n/a,,yes,no,,
misc/SPARK2/Ada-SPARK-Gray-Code,GNATMAKE 14.2.0,0,0,0,0,0,,,30,0,,yes,no,,
misc/SPARK2/Ada-SPARK-Greatest-Common-Divisor,GNATMAKE 14.2.0,0,0,0,0,0,,,30,0,,yes,no,,
misc/SPARK2/Ada-SPARK-Group-Anagrams,GNATMAKE 14.2.0,0,0,0,0,0,,,30,0,,yes,no,,
misc/SPARK2/Ada-SPARK-Group-Anagrams-Stub,GNATMAKE 14.2.0,0,0,0,0,0,,,n/a,n/a,,yes,no,,
misc/SPARK2/Ada-SPARK-Grumpy-Bookstore-Owner,GNATMAKE 14.2.0,0,0,0,0,0,,,n/a,n/a,,yes,no,,
misc/SPARK2/Ada-SPARK-Guess-Number-Higher-Or-Lower,GNATMAKE 14.2.0,0,0,0,0,0,,,n/a,n/a,,yes,no,,
misc/SPARK2/Ada-SPARK-Hamming-Code,GNATMAKE 14.2.0,0,0,0,0,0,,,n/a,n/a,,yes,no,,
misc/SPARK2/Ada-SPARK-Hamming-Weight,GNATMAKE 14.2.0,0,0,0,0,0,,,30,0,,yes,no,,
misc/SPARK2/Ada-SPARK-Hand-Of-Straights-Stub,GNATMAKE 14.2.0,0,0,0,0,0,,,n/a,n/a,,yes,no,,
misc/SPARK2/Ada-SPARK-Happy-Number,GNATMAKE 14.2.0,0,0,0,0,0,,,n/a,n/a,,yes,no,,
misc/SPARK2/Ada-SPARK-Heap-Push-Pop,GNATMAKE 14.2.0,0,0,0,0,0,,,n/a,n/a,,yes,no,,
misc/SPARK2/Ada-SPARK-Heaters,GNATMAKE 14.2.0,0,0,0,0,0,,,n/a,n/a,,yes,no,,
misc/SPARK2/Ada-SPARK-Height-Checker,GNATMAKE 14.2.0,0,0,0,0,0,,,n/a,n/a,,yes,no,,
misc/SPARK2/Ada-SPARK-Histogram-Bin,GNATMAKE 14.2.0,0,0,0,0,0,,,n/a,n/a,,yes,no,,
misc/SPARK2/Ada-SPARK-Hit-Counter-Stub,GNATMAKE 14.2.0,0,0,0,0,0,,,n/a,n/a,,yes,no,,
misc/SPARK2/Ada-SPARK-Horner-Scheme,GNATMAKE 14.2.0,0,0,0,0,0,,,n/a,n/a,,yes,no,,
misc/SPARK2/Ada-SPARK-House-Robber,GNATMAKE 14.2.0,0,0,0,0,0,,,30,0,,yes,no,,
misc/SPARK2/Ada-SPARK-House-Robber-II,GNATMAKE 14.2.0,0,0,0,0,0,,,30,0,,yes,no,,
misc/SPARK2/Ada-SPARK-House-Robber-III-Lite,GNATMAKE 14.2.0,0,0,0,0,0,,,n/a,n/a,,yes,no,,
misc/SPARK2/Ada-SPARK-House-Robber-III-Stub,GNATMAKE 14.2.0,0,0,0,0,0,,,n/a,n/a,,yes,no,,
misc/SPARK2/Ada-SPARK-How-Many-Numbers-Are-Smaller,GNATMAKE 14.2.0,0,0,0,0,0,,,n/a,n/a,,yes,no,,
misc/SPARK2/Ada-SPARK-IPO-Lite,GNATMAKE 14.2.0,0,0,0,0,0,,,n/a,n/a,,yes,no,,
misc/SPARK2/Ada-SPARK-Image-Smoother,GNATMAKE 14.2.0,0,0,0,0,0,,,30,0,,yes,no,,
misc/SPARK2/Ada-SPARK-Implement-Queue-Using-Stacks,GNATMAKE 14.2.0,0,0,0,0,0,,,n/a,n/a,,yes,no,,
misc/SPARK2/Ada-SPARK-Implement-Stack-Using-Queues,GNATMAKE 14.2.0,0,0,0,0,0,,,n/a,n/a,,yes,no,,
misc/SPARK2/Ada-SPARK-Implement-StrStr,GNATMAKE 14.2.0,0,0,0,0,0,,,n/a,n/a,,yes,no,,
misc/SPARK2/Ada-SPARK-Insert-Delete-GetRandom-O1,GNATMAKE 14.2.0,0,0,0,0,0,,,n/a,n/a,,yes,no,,
misc/SPARK2/Ada-SPARK-Insert-Interval,GNATMAKE 14.2.0,0,0,0,0,0,,,n/a,n/a,,yes,no,,
misc/SPARK2/Ada-SPARK-Int-To-Roman-Stub,GNATMAKE 14.2.0,0,0,0,0,0,,,n/a,n/a,,yes,no,,
misc/SPARK2/Ada-SPARK-Integer-Break,GNATMAKE 14.2.0,0,0,0,0,0,,,n/a,n/a,,yes,no,,
misc/SPARK2/Ada-SPARK-Integer-To-English-Stub,GNATMAKE 14.2.0,0,0,0,0,0,,,n/a,n/a,,yes,no,,
misc/SPARK2/Ada-SPARK-Integer-To-Roman,GNATMAKE 14.2.0,0,0,0,0,0,,,n/a,n/a,,yes,no,,
misc/SPARK2/Ada-SPARK-Intersection-Of-Two-Arrays,GNATMAKE 14.2.0,0,0,0,0,0,,,n/a,n/a,,yes,no,,
misc/SPARK2/Ada-SPARK-Intersection-Of-Two-Arrays-II,GNATMAKE 14.2.0,0,0,0,0,0,,,n/a,n/a,,yes,no,,
misc/SPARK2/Ada-SPARK-Intersection-Of-Two-Linked-Lists,GNATMAKE 14.2.0,0,0,0,0,0,,,n/a,n/a,,yes,no,,
misc/SPARK2/Ada-SPARK-Is-Palindrome,GNATMAKE 14.2.0,0,0,0,0,0,,,n/a,n/a,,yes,no,,
misc/SPARK2/Ada-SPARK-Is-Subsequence,GNATMAKE 14.2.0,0,0,0,0,0,,,n/a,n/a,,yes,no,,
misc/SPARK2/Ada-SPARK-Island-Perimeter,GNATMAKE 14.2.0,0,0,0,0,0,,,n/a,n/a,,yes,no,,
misc/SPARK2/Ada-SPARK-Jaccard-Index,GNATMAKE 14.2.0,0,0,0,0,0,,,n/a,n/a,,yes,no,,
misc/SPARK2/Ada-SPARK-Jump-Game,GNATMAKE 14.2.0,0,0,0,0,0,,,30,0,,yes,no,,
misc/SPARK2/Ada-SPARK-Jump-Game-II,GNATMAKE 14.2.0,0,0,0,0,0,,,n/a,n/a,,yes,no,,
misc/SPARK2/Ada-SPARK-K-Closest-Points-Stub,GNATMAKE 14.2.0,0,0,0,0,0,,,n/a,n/a,,yes,no,,
misc/SPARK2/Ada-SPARK-K-Closest-Points-To-Origin,GNATMAKE 14.2.0,0,0,0,0,0,,,n/a,n/a,,yes,no,,
misc/SPARK2/Ada-SPARK-Kadanes-Algorithm,GNATMAKE 14.2.0,0,0,0,0,0,,,n/a,n/a,,yes,no,,
misc/SPARK2/Ada-SPARK-Keyboard-Row,GNATMAKE 14.2.0,0,0,0,0,0,,,n/a,n/a,,yes,no,,
misc/SPARK2/Ada-SPARK-Keys-And-Rooms,GNATMAKE 14.2.0,0,0,0,0,0,,,n/a,n/a,,yes,no,,
misc/SPARK2/Ada-SPARK-Knapsack-01,GNATMAKE 14.2.0,0,0,0,0,0,,,30,0,,yes,no,,
misc/SPARK2/Ada-SPARK-Knight-Probability-In-Chessboard-Lite,GNATMAKE 14.2.0,0,0,0,0,0,,,n/a,n/a,,yes,no,,
misc/SPARK2/Ada-SPARK-Koko-Eating-Bananas,GNATMAKE 14.2.0,0,0,0,0,0,,,n/a,n/a,,yes,no,,
misc/SPARK2/Ada-SPARK-Kth-Largest-Array,GNATMAKE 14.2.0,0,0,0,0,0,,,n/a,n/a,,yes,no,,
misc/SPARK2/Ada-SPARK-Kth-Largest-Element,GNATMAKE 14.2.0,0,0,0,0,0,,,n/a,n/a,,yes,no,,
misc/SPARK2/Ada-SPARK-Kth-Largest-Element-In-A-Stream,GNATMAKE 14.2.0,0,0,0,0,0,,,n/a,n/a,,yes,no,,
misc/SPARK2/Ada-SPARK-Kth-Largest-Element-In-An-Array,GNATMAKE 14.2.0,0,0,0,0,0,,,n/a,n/a,,yes,no,,
misc/SPARK2/Ada-SPARK-Kth-Largest-In-Stream-Stub,GNATMAKE 14.2.0,0,0,0,0,0,,,n/a,n/a,,yes,no,,
misc/SPARK2/Ada-SPARK-L1-Norm,GNATMAKE 14.2.0,0,0,0,0,0,,,n/a,n/a,,yes,no,,
misc/SPARK2/Ada-SPARK-L2-Norm-Squared,GNATMAKE 14.2.0,0,0,0,0,0,,,n/a,n/a,,yes,no,,
misc/SPARK2/Ada-SPARK-LFU-Cache-Lite,GNATMAKE 14.2.0,0,0,0,0,0,,,30,0,,yes,no,,
misc/SPARK2/Ada-SPARK-LFU-Cache-Stub,GNATMAKE 14.2.0,0,0,0,0,0,,,n/a,n/a,,yes,no,,
misc/SPARK2/Ada-SPARK-LRU-Cache-Lite,GNATMAKE 14.2.0,0,0,0,0,0,,,30,0,,yes,no,,
misc/SPARK2/Ada-SPARK-LRU-Cache-Stub,GNATMAKE 14.2.0,0,0,0,0,0,,,n/a,n/a,,yes,no,,
misc/SPARK2/Ada-SPARK-Largest-Number,GNATMAKE 14.2.0,0,0,0,0,0,,,n/a,n/a,,yes,no,,
misc/SPARK2/Ada-SPARK-Largest-Rectangle-In-Histogram,GNATMAKE 14.2.0,0,0,0,0,0,,,30,0,,yes,no,,
misc/SPARK2/Ada-SPARK-Last-Stone-Weight,GNATMAKE 14.2.0,0,0,0,0,0,,,n/a,n/a,,yes,no,,
misc/SPARK2/Ada-SPARK-Last-Stone-Weight-II,GNATMAKE 14.2.0,0,0,0,0,0,,,n/a,n/a,,yes,no,,
misc/SPARK2/Ada-SPARK-Least-Common-Multiple,GNATMAKE 14.2.0,0,0,0,0,0,,,30,0,,yes,no,,
misc/SPARK2/Ada-SPARK-Lemonade-Change,GNATMAKE 14.2.0,0,0,0,0,0,,,n/a,n/a,,yes,no,,
misc/SPARK2/Ada-SPARK-Length-Of-Last-Word,GNATMAKE 14.2.0,0,0,0,0,0,,,n/a,n/a,,yes,no,,
misc/SPARK2/Ada-SPARK-Letter-Case-Permutation,GNATMAKE 14.2.0,0,0,0,0,0,,,n/a,n/a,,yes,no,,
misc/SPARK2/Ada-SPARK-Letter-Combinations-Of-A-Phone-Number,GNATMAKE 14.2.0,0,0,0,0,0,,,n/a,n/a,,yes,no,,
misc/SPARK2/Ada-SPARK-License-Key-Formatting,GNATMAKE 14.2.0,0,0,0,0,0,,,n/a,n/a,,yes,no,,
misc/SPARK2/Ada-SPARK-Line-Intersection,GNATMAKE 14.2.0,0,0,0,0,0,,,n/a,n/a,,yes,no,,
misc/SPARK2/Ada-SPARK-Line-Reflection,GNATMAKE 14.2.0,0,0,0,0,0,,,n/a,n/a,,yes,no,,
misc/SPARK2/Ada-SPARK-Linked-List-Cycle,GNATMAKE 14.2.0,0,0,0,0,0,,,n/a,n/a,,yes,no,,
misc/SPARK2/Ada-SPARK-Linked-List-Cycle-II,GNATMAKE 14.2.0,0,0,0,0,0,,,n/a,n/a,,yes,no,,
misc/SPARK2/Ada-SPARK-Logger-Rate-Limiter-Lite,GNATMAKE 14.2.0,0,0,0,0,0,,,n/a,n/a,,yes,no,,
misc/SPARK2/Ada-SPARK-Logger-Rate-Limiter-Stub,GNATMAKE 14.2.0,0,0,0,0,0,,,n/a,n/a,,yes,no,,
misc/SPARK2/Ada-SPARK-Longest-Increasing-Subsequence,GNATMAKE 14.2.0,0,0,0,0,0,,,n/a,n/a,,yes,no,,
misc/SPARK2/Ada-SPARK-Longest-Mountain-In-Array,GNATMAKE 14.2.0,0,0,0,0,0,,,n/a,n/a,,yes,no,,
misc/SPARK2/Ada-SPARK-Longest-Ones,GNATMAKE 14.2.0,0,0,0,0,0,,,n/a,n/a,,yes,no,,
misc/SPARK2/Ada-SPARK-Longest-Palindromic-Subsequence,GNATMAKE 14.2.0,0,0,0,0,0,,,30,0,,yes,no,,
misc/SPARK2/Ada-SPARK-Longest-Repeating-Character-Replacement,GNATMAKE 14.2.0,0,0,0,0,0,,,n/a,n/a,,yes,no,,
misc/SPARK2/Ada-SPARK-Longest-Word-In-Dictionary,GNATMAKE 14.2.0,0,0,0,0,0,,,30,0,,yes,no,,
misc/SPARK2/Ada-SPARK-Magnetic-Force-Between-Two-Balls,GNATMAKE 14.2.0,0,0,0,0,0,,,n/a,n/a,,yes,no,,
misc/SPARK2/Ada-SPARK-Majority-Element,GNATMAKE 14.2.0,0,0,0,0,0,,,30,0,,yes,no,,
misc/SPARK2/Ada-SPARK-Majority-Element-II,GNATMAKE 14.2.0,0,0,0,0,0,,,n/a,n/a,,yes,no,,
misc/SPARK2/Ada-SPARK-Manacher,GNATMAKE 14.2.0,0,0,0,0,0,,,n/a,n/a,,yes,no,,
misc/SPARK2/Ada-SPARK-Manhattan-Distance,GNATMAKE 14.2.0,0,0,0,0,0,,,n/a,n/a,,yes,no,,
misc/SPARK2/Ada-SPARK-Map-Sum-Pairs,GNATMAKE 14.2.0,0,0,0,0,0,,,n/a,n/a,,yes,no,,
misc/SPARK2/Ada-SPARK-Mark-And-Sweep,GNATMAKE 14.2.0,0,0,0,0,0,,,n/a,n/a,,yes,no,,
misc/SPARK2/Ada-SPARK-Matchsticks-To-Square-Lite,GNATMAKE 14.2.0,0,0,0,0,0,,,n/a,n/a,,yes,no,,
misc/SPARK2/Ada-SPARK-Max-Area-Of-Island,GNATMAKE 14.2.0,0,0,0,0,0,,,n/a,n/a,,yes,no,,
misc/SPARK2/Ada-SPARK-Max-Consecutive-Ones,GNATMAKE 14.2.0,0,0,0,0,0,,,n/a,n/a,,yes,no,,
misc/SPARK2/Ada-SPARK-Max-Consecutive-Ones-II,GNATMAKE 14.2.0,0,0,0,0,0,,,n/a,n/a,,yes,no,,
misc/SPARK2/Ada-SPARK-Max-Consecutive-Ones-III,GNATMAKE 14.2.0,0,0,0,0,0,,,n/a,n/a,,yes,no,,
misc/SPARK2/Ada-SPARK-Max-Heap,GNATMAKE 14.2.0,0,0,0,0,0,,,n/a,n/a,,yes,no,,
misc/SPARK2/Ada-SPARK-Max-Path-Sum-Stub,GNATMAKE 14.2.0,0,0,0,0,0,,,n/a,n/a,,yes,no,,
misc/SPARK2/Ada-SPARK-Max-Points-On-A-Line-Lite,GNATMAKE 14.2.0,0,0,0,0,0,,,n/a,n/a,,yes,no,,
misc/SPARK2/Ada-SPARK-Max-Product-Subarray,GNATMAKE 14.2.0,0,0,0,0,0,,,n/a,n/a,,yes,no,,
misc/SPARK2/Ada-SPARK-Max-Stack,GNATMAKE 14.2.0,0,0,0,0,0,,,n/a,n/a,,yes,no,,
misc/SPARK2/Ada-SPARK-Max-Stack-Stub,GNATMAKE 14.2.0,0,0,0,0,0,,,n/a,n/a,,yes,no,,
misc/SPARK2/Ada-SPARK-Maximal-Rectangle,GNATMAKE 14.2.0,0,0,0,0,0,,,n/a,n/a,,yes,no,,
misc/SPARK2/Ada-SPARK-Maximal-Square,GNATMAKE 14.2.0,0,0,0,0,0,,,n/a,n/a,,yes,no,,
misc/SPARK2/Ada-SPARK-Maximum-Candies-Allocated-To-K-Children,GNATMAKE 14.2.0,0,0,0,0,0,,,n/a,n/a,,yes,no,,
misc/SPARK2/Ada-SPARK-Maximum-Ice-Cream-Bars,GNATMAKE 14.2.0,0,0,0,0,0,,,n/a,n/a,,yes,no,,
misc/SPARK2/Ada-SPARK-Maximum-Points-You-Can-Obtain-From-Cards,GNATMAKE 14.2.0,0,0,0,0,0,,,30,0,,yes,no,,
misc/SPARK2/Ada-SPARK-Maximum-Product-Of-Word-Lengths,GNATMAKE 14.2.0,0,0,0,0,0,,,n/a,n/a,,yes,no,,
misc/SPARK2/Ada-SPARK-Maximum-Product-Subarray,GNATMAKE 14.2.0,0,0,0,0,0,,,30,0,,yes,no,,
misc/SPARK2/Ada-SPARK-Maximum-Subarray,GNATMAKE 14.2.0,0,0,0,0,0,,,30,0,,yes,no,,
misc/SPARK2/Ada-SPARK-Maximum-Subarray-Circular,GNATMAKE 14.2.0,0,0,0,0,0,,,n/a,n/a,,yes,no,,
misc/SPARK2/Ada-SPARK-Maximum-Twin-Sum-Of-A-Linked-List,GNATMAKE 14.2.0,0,0,0,0,0,,,n/a,n/a,,yes,no,,
misc/SPARK2/Ada-SPARK-Maximum-Units-On-A-Truck,GNATMAKE 14.2.0,0,0,0,0,0,,,n/a,n/a,,yes,no,,
misc/SPARK2/Ada-SPARK-Maximum-XOR-Of-Two-Numbers,GNATMAKE 14.2.0,0,0,0,0,0,,,n/a,n/a,,yes,no,,
misc/SPARK2/Ada-SPARK-Mean-Variance,GNATMAKE 14.2.0,0,0,0,0,0,,,n/a,n/a,,yes,no,,
misc/SPARK2/Ada-SPARK-Median-Filtering,GNATMAKE 14.2.0,0,0,0,0,0,,,30,0,,yes,no,,
misc/SPARK2/Ada-SPARK-Median-Of-Three,GNATMAKE 14.2.0,0,0,0,0,0,,,n/a,n/a,,yes,no,,
misc/SPARK2/Ada-SPARK-Meeting-Rooms,GNATMAKE 14.2.0,0,0,0,0,0,,,n/a,n/a,,yes,no,,
misc/SPARK2/Ada-SPARK-Meeting-Rooms-II,GNATMAKE 14.2.0,0,0,0,0,0,,,n/a,n/a,,yes,no,,
misc/SPARK2/Ada-SPARK-Merge-In-Between-Linked-Lists,GNATMAKE 14.2.0,0,0,0,0,0,,,n/a,n/a,,yes,no,,
misc/SPARK2/Ada-SPARK-Merge-Intervals,GNATMAKE 14.2.0,0,0,0,0,0,,,n/a,n/a,,yes,no,,
misc/SPARK2/Ada-SPARK-Middle-Of-The-Linked-List,GNATMAKE 14.2.0,0,0,0,0,0,,,n/a,n/a,,yes,no,,
misc/SPARK2/Ada-SPARK-Min-Cost-Climbing-Stairs,GNATMAKE 14.2.0,0,0,0,0,0,,,30,0,,yes,no,,
misc/SPARK2/Ada-SPARK-Min-Cost-Connect-Cities-Stub,GNATMAKE 14.2.0,0,0,0,0,0,,,n/a,n/a,,yes,no,,
misc/SPARK2/Ada-SPARK-Min-Cost-To-Connect-All-Points,GNATMAKE 14.2.0,0,0,0,0,0,,,n/a,n/a,,yes,no,,
misc/SPARK2/Ada-SPARK-Min-Heap,GNATMAKE 14.2.0,0,0,0,0,0,,,n/a,n/a,,yes,no,,
misc/SPARK2/Ada-SPARK-Min-Max-Normalize,GNATMAKE 14.2.0,0,0,0,0,0,,,n/a,n/a,,yes,no,,
misc/SPARK2/Ada-SPARK-Min-Stack,GNATMAKE 14.2.0,0,0,0,0,0,,,30,0,,yes,no,,
misc/SPARK2/Ada-SPARK-Minimum-ASCII-Delete-Sum,GNATMAKE 14.2.0,0,0,0,0,0,,,n/a,n/a,,yes,no,,
misc/SPARK2/Ada-SPARK-Minimum-Bit-Flips-To-Convert-Number,GNATMAKE 14.2.0,0,0,0,0,0,,,n/a,n/a,,yes,no,,
misc/SPARK2/Ada-SPARK-Minimum-Cost-To-Move-Chips,GNATMAKE 14.2.0,0,0,0,0,0,,,n/a,n/a,,yes,no,,
misc/SPARK2/Ada-SPARK-Minimum-Deletions-To-Make-Character-Frequencies-Unique,GNATMAKE 14.2.0,0,0,0,0,0,,,n/a,n/a,,yes,no,,
misc/SPARK2/Ada-SPARK-Minimum-Number-Of-Arrows,GNATMAKE 14.2.0,0,0,0,0,0,,,n/a,n/a,,yes,no,,
misc/SPARK2/Ada-SPARK-Minimum-Number-Of-Days-To-Make-M-Bouquets,GNATMAKE 14.2.0,0,0,0,0,0,,,n/a,n/a,,yes,no,,
misc/SPARK2/Ada-SPARK-Minimum-Number-Of-Moves-To-Seat,GNATMAKE 14.2.0,0,0,0,0,0,,,n/a,n/a,,yes,no,,
misc/SPARK2/Ada-SPARK-Minimum-Operations-To-Make-The-Array-Increasing,GNATMAKE 14.2.0,0,0,0,0,0,,,n/a,n/a,,yes,no,,
misc/SPARK2/Ada-SPARK-Minimum-Path-Sum,GNATMAKE 14.2.0,0,0,0,0,0,,,30,0,,yes,no,,
misc/SPARK2/Ada-SPARK-Minimum-Sum-Of-Four-Digit-Number,GNATMAKE 14.2.0,0,0,0,0,0,,,n/a,n/a,,yes,no,,
misc/SPARK2/Ada-SPARK-Missing-Number,GNATMAKE 14.2.0,0,0,0,0,0,,,n/a,n/a,,yes,no,,
misc/SPARK2/Ada-SPARK-Missing-Ranges-Stub,GNATMAKE 14.2.0,0,0,0,0,0,,,n/a,n/a,,yes,no,,
misc/SPARK2/Ada-SPARK-Monotonic-Stack,GNATMAKE 14.2.0,0,0,0,0,0,,,n/a,n/a,,yes,no,,
misc/SPARK2/Ada-SPARK-Most-Common-Word,GNATMAKE 14.2.0,0,0,0,0,0,,,n/a,n/a,,yes,no,,
misc/SPARK2/Ada-SPARK-Move-Zeroes,GNATMAKE 14.2.0,0,0,0,0,0,,,30,0,,yes,no,,
misc/SPARK2/Ada-SPARK-Moving-Average,GNATMAKE 14.2.0,0,0,0,0,0,,,n/a,n/a,,yes,no,,
misc/SPARK2/Ada-SPARK-Moving-Average-From-Data-Stream,GNATMAKE 14.2.0,0,0,0,0,0,,,n/a,n/a,,yes,no,,
misc/SPARK2/Ada-SPARK-My-Calendar-Stub,GNATMAKE 14.2.0,0,0,0,0,0,,,n/a,n/a,,yes,no,,
misc/SPARK2/Ada-SPARK-My-Linked-List-Stub,GNATMAKE 14.2.0,0,0,0,0,0,,,n/a,n/a,,yes,no,,
misc/SPARK2/Ada-SPARK-N-Queens-Lite,GNATMAKE 14.2.0,0,0,0,0,0,,,n/a,n/a,,yes,no,,
misc/SPARK2/Ada-SPARK-N-Repeated-Element-In-Size-2N-Array,GNATMAKE 14.2.0,0,0,0,0,0,,,n/a,n/a,,yes,no,,
misc/SPARK2/Ada-SPARK-N-th-Tribonacci,GNATMAKE 14.2.0,0,0,0,0,0,,,n/a,n/a,,yes,no,,
misc/SPARK2/Ada-SPARK-Nearest-Exit-From-Entrance-In-Maze,GNATMAKE 14.2.0,0,0,0,0,0,,,n/a,n/a,,yes,no,,
misc/SPARK2/Ada-SPARK-Neighboring-Bitwise-XOR,GNATMAKE 14.2.0,0,0,0,0,0,,,n/a,n/a,,yes,no,,
misc/SPARK2/Ada-SPARK-Nested-Iterator-Stub,GNATMAKE 14.2.0,0,0,0,0,0,,,n/a,n/a,,yes,no,,
misc/SPARK2/Ada-SPARK-Network-Delay-Time,GNATMAKE 14.2.0,0,0,0,0,0,,,n/a,n/a,,yes,no,,
misc/SPARK2/Ada-SPARK-Network-Delay-Time-Stub,GNATMAKE 14.2.0,0,0,0,0,0,,,n/a,n/a,,yes,no,,
misc/SPARK2/Ada-SPARK-New-21-Game-Lite,GNATMAKE 14.2.0,0,0,0,0,0,,,n/a,n/a,,yes,no,,
misc/SPARK2/Ada-SPARK-Next-Greater-Element-I,GNATMAKE 14.2.0,0,0,0,0,0,,,n/a,n/a,,yes,no,,
misc/SPARK2/Ada-SPARK-Next-Greater-Element-II,GNATMAKE 14.2.0,0,0,0,0,0,,,n/a,n/a,,yes,no,,
misc/SPARK2/Ada-SPARK-Next-Greater-Node-In-Linked-List,GNATMAKE 14.2.0,0,0,0,0,0,,,30,0,,yes,no,,
misc/SPARK2/Ada-SPARK-Next-Permutation-Stub,GNATMAKE 14.2.0,0,0,0,0,0,,,n/a,n/a,,yes,no,,
misc/SPARK2/Ada-SPARK-Nim-Game,GNATMAKE 14.2.0,0,0,0,0,0,,,n/a,n/a,,yes,no,,
misc/SPARK2/Ada-SPARK-Non-Decreasing-Array,GNATMAKE 14.2.0,0,0,0,0,0,,,n/a,n/a,,yes,no,,
misc/SPARK2/Ada-SPARK-Non-Overlapping-Intervals,GNATMAKE 14.2.0,0,0,0,0,0,,,n/a,n/a,,yes,no,,
misc/SPARK2/Ada-SPARK-Nth-Digit,GNATMAKE 14.2.0,0,0,0,0,0,,,n/a,n/a,,yes,no,,
misc/SPARK2/Ada-SPARK-Nth-Digit-Stub,GNATMAKE 14.2.0,0,0,0,0,0,,,n/a,n/a,,yes,no,,
misc/SPARK2/Ada-SPARK-Nth-Ugly-Number,GNATMAKE 14.2.0,0,0,0,0,0,,,n/a,n/a,,yes,no,,
misc/SPARK2/Ada-SPARK-Number-Complement,GNATMAKE 14.2.0,0,0,0,0,0,,,n/a,n/a,,yes,no,,
misc/SPARK2/Ada-SPARK-Number-Of-1-Bits,GNATMAKE 14.2.0,0,0,0,0,0,,,30,0,,yes,no,,
misc/SPARK2/Ada-SPARK-Number-Of-1-Bits-In-Range,GNATMAKE 14.2.0,0,0,0,0,0,,,n/a,n/a,,yes,no,,
misc/SPARK2/Ada-SPARK-Number-Of-Connected-Components,GNATMAKE 14.2.0,0,0,0,0,0,,,n/a,n/a,,yes,no,,
misc/SPARK2/Ada-SPARK-Number-Of-Good-Pairs,GNATMAKE 14.2.0,0,0,0,0,0,,,n/a,n/a,,yes,no,,
misc/SPARK2/Ada-SPARK-Number-Of-Islands,GNATMAKE 14.2.0,0,0,0,0,0,,,n/a,n/a,,yes,no,,
misc/SPARK2/Ada-SPARK-Number-Of-Provinces,GNATMAKE 14.2.0,0,0,0,0,0,,,n/a,n/a,,yes,no,,
misc/SPARK2/Ada-SPARK-Number-Of-Recent-Calls,GNATMAKE 14.2.0,0,0,0,0,0,,,n/a,n/a,,yes,no,,
misc/SPARK2/Ada-SPARK-Number-Of-Steps-To-Reduce-A-Number,GNATMAKE 14.2.0,0,0,0,0,0,,,n/a,n/a,,yes,no,,
misc/SPARK2/Ada-SPARK-Number-Of-Steps-To-Reduce-A-Number-In-Binary-Representation,GNATMAKE 14.2.0,0,0,0,0,0,,,n/a,n/a,,yes,no,,
misc/SPARK2/Ada-SPARK-One-Hot,GNATMAKE 14.2.0,0,0,0,0,0,,,n/a,n/a,,yes,no,,
misc/SPARK2/Ada-SPARK-Ones-And-Zeroes,GNATMAKE 14.2.0,0,0,0,0,0,,,n/a,n/a,,yes,no,,
misc/SPARK2/Ada-SPARK-Online-Stock-Span,GNATMAKE 14.2.0,0,0,0,0,0,,,n/a,n/a,,yes,no,,
misc/SPARK2/Ada-SPARK-Online-Stock-Span-Stub,GNATMAKE 14.2.0,0,0,0,0,0,,,n/a,n/a,,yes,no,,
misc/SPARK2/Ada-SPARK-Open-The-Lock,GNATMAKE 14.2.0,0,0,0,0,0,,,n/a,n/a,,yes,no,,
misc/SPARK2/Ada-SPARK-Ordered-Stream-Stub,GNATMAKE 14.2.0,0,0,0,0,0,,,n/a,n/a,,yes,no,,
misc/SPARK2/Ada-SPARK-Out-Of-Boundary-Paths-Lite,GNATMAKE 14.2.0,0,0,0,0,0,,,n/a,n/a,,yes,no,,
misc/SPARK2/Ada-SPARK-Overlap-Coefficient,GNATMAKE 14.2.0,0,0,0,0,0,,,n/a,n/a,,yes,no,,
misc/SPARK2/Ada-SPARK-PN-Counter,GNATMAKE 14.2.0,0,0,0,0,0,,,30,0,,yes,no,,
misc/SPARK2/Ada-SPARK-Pacific-Atlantic-Water-Flow,GNATMAKE 14.2.0,0,0,0,0,0,,,n/a,n/a,,yes,no,,
misc/SPARK2/Ada-SPARK-Pacific-Atlantic-Water-Stub,GNATMAKE 14.2.0,0,0,0,0,0,,,n/a,n/a,,yes,no,,
misc/SPARK2/Ada-SPARK-Paint-Fence-Lite,GNATMAKE 14.2.0,0,0,0,0,0,,,n/a,n/a,,yes,no,,
misc/SPARK2/Ada-SPARK-Paint-House-Lite,GNATMAKE 14.2.0,0,0,0,0,0,,,n/a,n/a,,yes,no,,
misc/SPARK2/Ada-SPARK-Paint-House-Stub,GNATMAKE 14.2.0,0,0,0,0,0,,,n/a,n/a,,yes,no,,
misc/SPARK2/Ada-SPARK-Palindrome-Linked-List,GNATMAKE 14.2.0,0,0,0,0,0,,,n/a,n/a,,yes,no,,
misc/SPARK2/Ada-SPARK-Palindrome-Number,GNATMAKE 14.2.0,0,0,0,0,0,,,n/a,n/a,,yes,no,,
misc/SPARK2/Ada-SPARK-Palindrome-Pairs-Lite,GNATMAKE 14.2.0,0,0,0,0,0,,,n/a,n/a,,yes,no,,
misc/SPARK2/Ada-SPARK-Palindrome-Partitioning,GNATMAKE 14.2.0,0,0,0,0,0,,,n/a,n/a,,yes,no,,
misc/SPARK2/Ada-SPARK-Palindrome-Partitioning-II,GNATMAKE 14.2.0,0,0,0,0,0,,,n/a,n/a,,yes,no,,
misc/SPARK2/Ada-SPARK-Parity-Bits,GNATMAKE 14.2.0,0,0,0,0,0,,,30,0,,yes,no,,
misc/SPARK2/Ada-SPARK-Parking-System-Stub,GNATMAKE 14.2.0,0,0,0,0,0,,,n/a,n/a,,yes,no,,
misc/SPARK2/Ada-SPARK-Partition-Around-Pivot,GNATMAKE 14.2.0,0,0,0,0,0,,,30,0,,yes,no,,
misc/SPARK2/Ada-SPARK-Partition-Equal-Subset-Sum,GNATMAKE 14.2.0,0,0,0,0,0,,,n/a,n/a,,yes,no,,
misc/SPARK2/Ada-SPARK-Partition-Labels,GNATMAKE 14.2.0,0,0,0,0,0,,,n/a,n/a,,yes,no,,
misc/SPARK2/Ada-SPARK-Pascal-Triangle,GNATMAKE 14.2.0,0,0,0,0,0,,,n/a,n/a,,yes,no,,
misc/SPARK2/Ada-SPARK-Pascal-Triangle-II,GNATMAKE 14.2.0,0,0,0,0,0,,,n/a,n/a,,yes,no,,
misc/SPARK2/Ada-SPARK-Path-Sum,GNATMAKE 14.2.0,0,0,0,0,0,,,n/a,n/a,,yes,no,,
misc/SPARK2/Ada-SPARK-Path-Sum-III-Lite,GNATMAKE 14.2.0,0,0,0,0,0,,,n/a,n/a,,yes,no,,
misc/SPARK2/Ada-SPARK-Path-With-Minimum-Effort,GNATMAKE 14.2.0,0,0,0,0,0,,,n/a,n/a,,yes,no,,
misc/SPARK2/Ada-SPARK-Peak-Index-In-Mountain-Array,GNATMAKE 14.2.0,0,0,0,0,0,,,n/a,n/a,,yes,no,,
misc/SPARK2/Ada-SPARK-Pearson-Correlation,GNATMAKE 14.2.0,0,0,0,0,0,,,n/a,n/a,,yes,no,,
misc/SPARK2/Ada-SPARK-Peeking-Iterator-Stub,GNATMAKE 14.2.0,0,0,0,0,0,,,n/a,n/a,,yes,no,,
misc/SPARK2/Ada-SPARK-Permutations,GNATMAKE 14.2.0,0,0,0,0,0,,,n/a,n/a,,yes,no,,
misc/SPARK2/Ada-SPARK-Permutations-II,GNATMAKE 14.2.0,0,0,0,0,0,,,n/a,n/a,,yes,no,,
misc/SPARK2/Ada-SPARK-Plus-One,GNATMAKE 14.2.0,0,0,0,0,0,,,n/a,n/a,,yes,no,,
misc/SPARK2/Ada-SPARK-Population-Count,GNATMAKE 14.2.0,0,0,0,0,0,,,n/a,n/a,,yes,no,,
misc/SPARK2/Ada-SPARK-Pow-X-N,GNATMAKE 14.2.0,0,0,0,0,0,,,n/a,n/a,,yes,no,,
misc/SPARK2/Ada-SPARK-Pow-X-N-Stub,GNATMAKE 14.2.0,0,0,0,0,0,,,n/a,n/a,,yes,no,,
misc/SPARK2/Ada-SPARK-Power-Of-Four,GNATMAKE 14.2.0,0,0,0,0,0,,,n/a,n/a,,yes,no,,
misc/SPARK2/Ada-SPARK-Power-Of-Three,GNATMAKE 14.2.0,0,0,0,0,0,,,30,0,,yes,no,,
misc/SPARK2/Ada-SPARK-Power-Of-Two,GNATMAKE 14.2.0,0,0,0,0,0,,,n/a,n/a,,yes,no,,
misc/SPARK2/Ada-SPARK-Powx-N,GNATMAKE 14.2.0,0,0,0,0,0,,,n/a,n/a,,yes,no,,
misc/SPARK2/Ada-SPARK-Prefix-Sums,GNATMAKE 14.2.0,0,0,0,0,0,,,n/a,n/a,,yes,no,,
misc/SPARK2/Ada-SPARK-Prim-MST-Lite,GNATMAKE 14.2.0,0,0,0,0,0,,,n/a,n/a,,yes,no,,
misc/SPARK2/Ada-SPARK-Priority-Queue-Binary-Heap,GNATMAKE 14.2.0,0,0,0,0,0,,,n/a,n/a,,yes,no,,
misc/SPARK2/Ada-SPARK-Product-Except-Self,GNATMAKE 14.2.0,0,0,0,0,0,,,n/a,n/a,,yes,no,,
misc/SPARK2/Ada-SPARK-Product-Of-Array-Except-Self,GNATMAKE 14.2.0,0,0,0,0,0,,,n/a,n/a,,yes,no,,
misc/SPARK2/Ada-SPARK-Product-Of-Numbers-Stub,GNATMAKE 14.2.0,0,0,0,0,0,,,n/a,n/a,,yes,no,,
misc/SPARK2/Ada-SPARK-Projection-Area-Of-3D-Shapes,GNATMAKE 14.2.0,0,0,0,0,0,,,n/a,n/a,,yes,no,,
misc/SPARK2/Ada-SPARK-Queue-Reconstruction-By-Height,GNATMAKE 14.2.0,0,0,0,0,0,,,n/a,n/a,,yes,no,,
misc/SPARK2/Ada-SPARK-Queue-Using-Stacks,GNATMAKE 14.2.0,0,0,0,0,0,,,30,0,,yes,no,,
misc/SPARK2/Ada-SPARK-Random-Pick-With-Weight-Lite,GNATMAKE 14.2.0,0,0,0,0,0,,,n/a,n/a,,yes,no,,
misc/SPARK2/Ada-SPARK-Randomized-Collection,GNATMAKE 14.2.0,0,0,0,0,0,,,n/a,n/a,,yes,no,,
misc/SPARK2/Ada-SPARK-Randomized-Set,GNATMAKE 14.2.0,0,0,0,0,0,,,n/a,n/a,,yes,no,,
misc/SPARK2/Ada-SPARK-Range-Addition,GNATMAKE 14.2.0,0,0,0,0,0,,,n/a,n/a,,yes,no,,
misc/SPARK2/Ada-SPARK-Range-Module-Stub,GNATMAKE 14.2.0,0,0,0,0,0,,,n/a,n/a,,yes,no,,
misc/SPARK2/Ada-SPARK-Range-Sum-Query,GNATMAKE 14.2.0,0,0,0,0,0,,,n/a,n/a,,yes,no,,
misc/SPARK2/Ada-SPARK-Range-Sum-Query-2D-Immutable,GNATMAKE 14.2.0,0,0,0,0,0,,,n/a,n/a,,yes,no,,
misc/SPARK2/Ada-SPARK-Range-Sum-Query-Immutable,GNATMAKE 14.2.0,0,0,0,0,0,,,30,0,,yes,no,,
misc/SPARK2/Ada-SPARK-Ransom-Note,GNATMAKE 14.2.0,0,0,0,0,0,,,n/a,n/a,,yes,no,,
misc/SPARK2/Ada-SPARK-Rate-Monotonic-Scheduling,GNATMAKE 14.2.0,0,0,0,0,0,,,n/a,n/a,,yes,no,,
misc/SPARK2/Ada-SPARK-Ravenscar-Job-Pool,GNATMAKE 14.2.0,0,0,0,0,0,,,30,0,,yes,no,,
misc/SPARK2/Ada-SPARK-Reach-A-Number,GNATMAKE 14.2.0,0,0,0,0,0,,,n/a,n/a,,yes,no,,
misc/SPARK2/Ada-SPARK-Recent-Counter,GNATMAKE 14.2.0,0,0,0,0,0,,,n/a,n/a,,yes,no,,
misc/SPARK2/Ada-SPARK-Rectangle-Area,GNATMAKE 14.2.0,0,0,0,0,0,,,n/a,n/a,,yes,no,,
misc/SPARK2/Ada-SPARK-Rectangle-Overlap,GNATMAKE 14.2.0,0,0,0,0,0,,,n/a,n/a,,yes,no,,
misc/SPARK2/Ada-SPARK-Reduce-Array-Size-To-The-Half,GNATMAKE 14.2.0,0,0,0,0,0,,,n/a,n/a,,yes,no,,
misc/SPARK2/Ada-SPARK-Redundant-Connection,GNATMAKE 14.2.0,0,0,0,0,0,,,n/a,n/a,,yes,no,,
misc/SPARK2/Ada-SPARK-Redundant-Connection-II,GNATMAKE 14.2.0,0,0,0,0,0,,,n/a,n/a,,yes,no,,
misc/SPARK2/Ada-SPARK-Redundant-Connection-II-Lite,GNATMAKE 14.2.0,0,0,0,0,0,,,n/a,n/a,,yes,no,,
misc/SPARK2/Ada-SPARK-Reference-Counting,GNATMAKE 14.2.0,0,0,0,0,0,,,n/a,n/a,,yes,no,,
misc/SPARK2/Ada-SPARK-Regular-Expression-Matching-Lite,GNATMAKE 14.2.0,0,0,0,0,0,,,n/a,n/a,,yes,no,,
misc/SPARK2/Ada-SPARK-Remove-All-Adjacent-Duplicates,GNATMAKE 14.2.0,0,0,0,0,0,,,n/a,n/a,,yes,no,,
misc/SPARK2/Ada-SPARK-Remove-All-Adjacent-Duplicates-II,GNATMAKE 14.2.0,0,0,0,0,0,,,n/a,n/a,,yes,no,,
misc/SPARK2/Ada-SPARK-Remove-Duplicate-Letters,GNATMAKE 14.2.0,0,0,0,0,0,,,n/a,n/a,,yes,no,,
misc/SPARK2/Ada-SPARK-Remove-Element,GNATMAKE 14.2.0,0,0,0,0,0,,,30,0,,yes,no,,
misc/SPARK2/Ada-SPARK-Remove-K-Digits,GNATMAKE 14.2.0,0,0,0,0,0,,,n/a,n/a,,yes,no,,
misc/SPARK2/Ada-SPARK-Remove-Linked-List-Elements,GNATMAKE 14.2.0,0,0,0,0,0,,,30,0,,yes,no,,
misc/SPARK2/Ada-SPARK-Remove-Nth-Node-From-End,GNATMAKE 14.2.0,0,0,0,0,0,,,n/a,n/a,,yes,no,,
misc/SPARK2/Ada-SPARK-Reorder-List,GNATMAKE 14.2.0,0,0,0,0,0,,,n/a,n/a,,yes,no,,
misc/SPARK2/Ada-SPARK-Replace-Elements-With-Greatest-On-Right,GNATMAKE 14.2.0,0,0,0,0,0,,,n/a,n/a,,yes,no,,
misc/SPARK2/Ada-SPARK-Replace-Words,GNATMAKE 14.2.0,0,0,0,0,0,,,n/a,n/a,,yes,no,,
misc/SPARK2/Ada-SPARK-Reservoir-Sampling,GNATMAKE 14.2.0,0,0,0,0,0,,,n/a,n/a,,yes,no,,
misc/SPARK2/Ada-SPARK-Restore-IP-Addresses,GNATMAKE 14.2.0,0,0,0,0,0,,,n/a,n/a,,yes,no,,
misc/SPARK2/Ada-SPARK-Reverse-Bits,GNATMAKE 14.2.0,0,0,0,0,0,,,n/a,n/a,,yes,no,,
misc/SPARK2/Ada-SPARK-Reverse-Integer,GNATMAKE 14.2.0,0,0,0,0,0,,,n/a,n/a,,yes,no,,
misc/SPARK2/Ada-SPARK-Reverse-Linked-List,GNATMAKE 14.2.0,0,0,0,0,0,,,n/a,n/a,,yes,no,,
misc/SPARK2/Ada-SPARK-Reverse-Only-Letters,GNATMAKE 14.2.0,0,0,0,0,0,,,n/a,n/a,,yes,no,,
misc/SPARK2/Ada-SPARK-Reverse-Pairs-Lite,GNATMAKE 14.2.0,0,0,0,0,0,,,n/a,n/a,,yes,no,,
misc/SPARK2/Ada-SPARK-Reverse-Vowels,GNATMAKE 14.2.0,0,0,0,0,0,,,n/a,n/a,,yes,no,,
misc/SPARK2/Ada-SPARK-Reverse-Words,GNATMAKE 14.2.0,0,0,0,0,0,,,n/a,n/a,,yes,no,,
misc/SPARK2/Ada-SPARK-Ring-Buffer,GNATMAKE 14.2.0,0,0,0,0,0,,,n/a,n/a,,yes,no,,
misc/SPARK2/Ada-SPARK-Robot-Return-To-Origin,GNATMAKE 14.2.0,0,0,0,0,0,,,30,0,,yes,no,,
misc/SPARK2/Ada-SPARK-Roman-To-Int,GNATMAKE 14.2.0,0,0,0,0,0,,,n/a,n/a,,yes,no,,
misc/SPARK2/Ada-SPARK-Roman-To-Integer,GNATMAKE 14.2.0,0,0,0,0,0,,,n/a,n/a,,yes,no,,
misc/SPARK2/Ada-SPARK-Rotate-Array,GNATMAKE 14.2.0,0,0,0,0,0,,,n/a,n/a,,yes,no,,
misc/SPARK2/Ada-SPARK-Rotate-Image,GNATMAKE 14.2.0,0,0,0,0,0,,,n/a,n/a,,yes,no,,
misc/SPARK2/Ada-SPARK-Rotting-Oranges,GNATMAKE 14.2.0,0,0,0,0,0,,,n/a,n/a,,yes,no,,
misc/SPARK2/Ada-SPARK-Round-Robin-Scheduling,GNATMAKE 14.2.0,0,0,0,0,0,,,n/a,n/a,,yes,no,,
misc/SPARK2/Ada-SPARK-Seat-Manager-Stub,GNATMAKE 14.2.0,0,0,0,0,0,,,n/a,n/a,,yes,no,,
misc/SPARK2/Ada-SPARK-Seat-Reservation-Manager,GNATMAKE 14.2.0,0,0,0,0,0,,,n/a,n/a,,yes,no,,
misc/SPARK2/Ada-SPARK-Self-Dividing-Numbers,GNATMAKE 14.2.0,0,0,0,0,0,,,n/a,n/a,,yes,no,,
misc/SPARK2/Ada-SPARK-Sequence-Reconstruction-Lite,GNATMAKE 14.2.0,0,0,0,0,0,,,n/a,n/a,,yes,no,,
misc/SPARK2/Ada-SPARK-Shift-2D-Grid,GNATMAKE 14.2.0,0,0,0,0,0,,,n/a,n/a,,yes,no,,
misc/SPARK2/Ada-SPARK-Shortest-Bridge,GNATMAKE 14.2.0,0,0,0,0,0,,,n/a,n/a,,yes,no,,
misc/SPARK2/Ada-SPARK-Shortest-Common-Supersequence-Lite,GNATMAKE 14.2.0,0,0,0,0,0,,,n/a,n/a,,yes,no,,
misc/SPARK2/Ada-SPARK-Shortest-Completing-Word,GNATMAKE 14.2.0,0,0,0,0,0,,,n/a,n/a,,yes,no,,
misc/SPARK2/Ada-SPARK-Shortest-Job-Next,GNATMAKE 14.2.0,0,0,0,0,0,,,n/a,n/a,,yes,no,,
misc/SPARK2/Ada-SPARK-Shortest-Remaining-Time,GNATMAKE 14.2.0,0,0,0,0,0,,,n/a,n/a,,yes,no,,
misc/SPARK2/Ada-SPARK-Shortest-Word-Distance,GNATMAKE 14.2.0,0,0,0,0,0,,,n/a,n/a,,yes,no,,
misc/SPARK2/Ada-SPARK-Sigmoid,GNATMAKE 14.2.0,0,0,0,0,0,,,n/a,n/a,,yes,no,,
misc/SPARK2/Ada-SPARK-Simplify-Path-Stub,GNATMAKE 14.2.0,0,0,0,0,0,,,n/a,n/a,,yes,no,,
misc/SPARK2/Ada-SPARK-Single-Number,GNATMAKE 14.2.0,0,0,0,0,0,,,n/a,n/a,,yes,no,,
misc/SPARK2/Ada-SPARK-Single-Number-II,GNATMAKE 14.2.0,0,0,0,0,0,,,n/a,n/a,,yes,no,,
misc/SPARK2/Ada-SPARK-Single-Number-III,GNATMAKE 14.2.0,0,0,0,0,0,,,n/a,n/a,,yes,no,,
misc/SPARK2/Ada-SPARK-Sliding-Window-Max,GNATMAKE 14.2.0,0,0,0,0,0,,,n/a,n/a,,yes,no,,
misc/SPARK2/Ada-SPARK-Sliding-Window-Maximum,GNATMAKE 14.2.0,0,0,0,0,0,,,n/a,n/a,,yes,no,,
misc/SPARK2/Ada-SPARK-Sliding-Window-Median,GNATMAKE 14.2.0,0,0,0,0,0,,,n/a,n/a,,yes,no,,
misc/SPARK2/Ada-SPARK-Smallest-Integer-Divisible-By-K,GNATMAKE 14.2.0,0,0,0,0,0,,,n/a,n/a,,yes,no,,
misc/SPARK2/Ada-SPARK-Snapshot-Array-Stub,GNATMAKE 14.2.0,0,0,0,0,0,,,n/a,n/a,,yes,no,,
misc/SPARK2/Ada-SPARK-Softmin,GNATMAKE 14.2.0,0,0,0,0,0,,,n/a,n/a,,yes,no,,
misc/SPARK2/Ada-SPARK-Soup-Servings-Lite,GNATMAKE 14.2.0,0,0,0,0,0,,,n/a,n/a,,yes,no,,
misc/SPARK2/Ada-SPARK-Spearman-Rank-Stub,GNATMAKE 14.2.0,0,0,0,0,0,,,n/a,n/a,,yes,no,,
misc/SPARK2/Ada-SPARK-Special-Array-With-X-Elements,GNATMAKE 14.2.0,0,0,0,0,0,,,30,0,,yes,no,,
misc/SPARK2/Ada-SPARK-Split-Array-Largest-Sum,GNATMAKE 14.2.0,0,0,0,0,0,,,n/a,n/a,,yes,no,,
misc/SPARK2/Ada-SPARK-Sqrt-Integer,GNATMAKE 14.2.0,0,0,0,0,0,,,n/a,n/a,,yes,no,,
misc/SPARK2/Ada-SPARK-Sqrt-X,GNATMAKE 14.2.0,0,0,0,0,0,,,n/a,n/a,,yes,no,,
misc/SPARK2/Ada-SPARK-Sqrtx,GNATMAKE 14.2.0,0,0,0,0,0,,,n/a,n/a,,yes,no,,
misc/SPARK2/Ada-SPARK-Stack-Bounded,GNATMAKE 14.2.0,0,0,0,0,0,,,n/a,n/a,,yes,no,,
misc/SPARK2/Ada-SPARK-Stack-Using-Queues-Stub,GNATMAKE 14.2.0,0,0,0,0,0,,,n/a,n/a,,yes,no,,
misc/SPARK2/Ada-SPARK-Standard-Score,GNATMAKE 14.2.0,0,0,0,0,0,,,n/a,n/a,,yes,no,,
misc/SPARK2/Ada-SPARK-Stock-Spanner-Stub,GNATMAKE 14.2.0,0,0,0,0,0,,,n/a,n/a,,yes,no,,
misc/SPARK2/Ada-SPARK-Stream-Of-Characters-Lite,GNATMAKE 14.2.0,0,0,0,0,0,,,n/a,n/a,,yes,no,,
misc/SPARK2/Ada-SPARK-Strstr-Naive,GNATMAKE 14.2.0,0,0,0,0,0,,,n/a,n/a,,yes,no,,
misc/SPARK2/Ada-SPARK-Student-Attendance-Record-I,GNATMAKE 14.2.0,0,0,0,0,0,,,n/a,n/a,,yes,no,,
misc/SPARK2/Ada-SPARK-Subarray-Sum-Equals-K,GNATMAKE 14.2.0,0,0,0,0,0,,,n/a,n/a,,yes,no,,
misc/SPARK2/Ada-SPARK-Subarrays-With-K-Different-Integers,GNATMAKE 14.2.0,0,0,0,0,0,,,n/a,n/a,,yes,no,,
misc/SPARK2/Ada-SPARK-Subsets,GNATMAKE 14.2.0,0,0,0,0,0,,,n/a,n/a,,yes,no,,
misc/SPARK2/Ada-SPARK-Subsets-Bitmask,GNATMAKE 14.2.0,0,0,0,0,0,,,n/a,n/a,,yes,no,,
misc/SPARK2/Ada-SPARK-Subsets-II,GNATMAKE 14.2.0,0,0,0,0,0,,,n/a,n/a,,yes,no,,
misc/SPARK2/Ada-SPARK-Subtract-Product-Sum-Digits,GNATMAKE 14.2.0,0,0,0,0,0,,,n/a,n/a,,yes,no,,
misc/SPARK2/Ada-SPARK-Subtract-The-Product-And-Sum,GNATMAKE 14.2.0,0,0,0,0,0,,,n/a,n/a,,yes,no,,
misc/SPARK2/Ada-SPARK-Sudoku-Solver-Lite,GNATMAKE 14.2.0,0,0,0,0,0,,,n/a,n/a,,yes,no,,
misc/SPARK2/Ada-SPARK-Sum-Of-Left-Leaves,GNATMAKE 14.2.0,0,0,0,0,0,,,n/a,n/a,,yes,no,,
misc/SPARK2/Ada-SPARK-Sum-Of-Subarray-Minimums,GNATMAKE 14.2.0,0,0,0,0,0,,,30,0,,yes,no,,
misc/SPARK2/Ada-SPARK-Sum-Of-Two-Integers,GNATMAKE 14.2.0,0,0,0,0,0,,,n/a,n/a,,yes,no,,
misc/SPARK2/Ada-SPARK-Sum-Root-To-Leaf-Numbers,GNATMAKE 14.2.0,0,0,0,0,0,,,n/a,n/a,,yes,no,,
misc/SPARK2/Ada-SPARK-Summary-Ranges,GNATMAKE 14.2.0,0,0,0,0,0,,,n/a,n/a,,yes,no,,
misc/SPARK2/Ada-SPARK-Super-Ugly-Number,GNATMAKE 14.2.0,0,0,0,0,0,,,n/a,n/a,,yes,no,,
misc/SPARK2/Ada-SPARK-Super-Ugly-Number-Stub,GNATMAKE 14.2.0,0,0,0,0,0,,,n/a,n/a,,yes,no,,
misc/SPARK2/Ada-SPARK-Surface-Area-Of-3D-Shapes,GNATMAKE 14.2.0,0,0,0,0,0,,,n/a,n/a,,yes,no,,
misc/SPARK2/Ada-SPARK-Surrounded-Regions,GNATMAKE 14.2.0,0,0,0,0,0,,,n/a,n/a,,yes,no,,
misc/SPARK2/Ada-SPARK-Swapping-Nodes-In-A-Linked-List,GNATMAKE 14.2.0,0,0,0,0,0,,,n/a,n/a,,yes,no,,
misc/SPARK2/Ada-SPARK-Swim-In-Rising-Water,GNATMAKE 14.2.0,0,0,0,0,0,,,n/a,n/a,,yes,no,,
misc/SPARK2/Ada-SPARK-Swim-In-Rising-Water-Stub,GNATMAKE 14.2.0,0,0,0,0,0,,,n/a,n/a,,yes,no,,
misc/SPARK2/Ada-SPARK-Tanimoto,GNATMAKE 14.2.0,0,0,0,0,0,,,n/a,n/a,,yes,no,,
misc/SPARK2/Ada-SPARK-Target-Sum,GNATMAKE 14.2.0,0,0,0,0,0,,,n/a,n/a,,yes,no,,
misc/SPARK2/Ada-SPARK-Target-Sum-Stub,GNATMAKE 14.2.0,0,0,0,0,0,,,n/a,n/a,,yes,no,,
misc/SPARK2/Ada-SPARK-The-Skyline-Problem-Lite,GNATMAKE 14.2.0,0,0,0,0,0,,,n/a,n/a,,yes,no,,
misc/SPARK2/Ada-SPARK-Third-Maximum-Number,GNATMAKE 14.2.0,0,0,0,0,0,,,30,0,,yes,no,,
misc/SPARK2/Ada-SPARK-Three-Divisors,GNATMAKE 14.2.0,0,0,0,0,0,,,n/a,n/a,,yes,no,,
misc/SPARK2/Ada-SPARK-Three-Sum,GNATMAKE 14.2.0,0,0,0,0,0,,,n/a,n/a,,yes,no,,
misc/SPARK2/Ada-SPARK-Three-Sum-Closest-Stub,GNATMAKE 14.2.0,0,0,0,0,0,,,n/a,n/a,,yes,no,,
misc/SPARK2/Ada-SPARK-Tic-Tac-Toe-Stub,GNATMAKE 14.2.0,0,0,0,0,0,,,n/a,n/a,,yes,no,,
misc/SPARK2/Ada-SPARK-Time-Based-Key-Value-Store,GNATMAKE 14.2.0,0,0,0,0,0,,,n/a,n/a,,yes,no,,
misc/SPARK2/Ada-SPARK-Time-Map-Stub,GNATMAKE 14.2.0,0,0,0,0,0,,,n/a,n/a,,yes,no,,
misc/SPARK2/Ada-SPARK-Title-To-Number,GNATMAKE 14.2.0,0,0,0,0,0,,,n/a,n/a,,yes,no,,
misc/SPARK2/Ada-SPARK-To-Lower-Case,GNATMAKE 14.2.0,0,0,0,0,0,,,30,0,,yes,no,,
misc/SPARK2/Ada-SPARK-Top-K-Frequent-Elements,GNATMAKE 14.2.0,0,0,0,0,0,,,n/a,n/a,,yes,no,,
misc/SPARK2/Ada-SPARK-Top-K-Frequent-Stub,GNATMAKE 14.2.0,0,0,0,0,0,,,n/a,n/a,,yes,no,,
misc/SPARK2/Ada-SPARK-Top-K-Frequent-Words,GNATMAKE 14.2.0,0,0,0,0,0,,,30,0,,yes,no,,
misc/SPARK2/Ada-SPARK-Top-Nodes-Algorithm,GNATMAKE 14.2.0,0,0,0,0,0,,,n/a,n/a,,yes,no,,
misc/SPARK2/Ada-SPARK-Trapezoidal-Rule,GNATMAKE 14.2.0,0,0,0,0,0,,,n/a,n/a,,yes,no,,
misc/SPARK2/Ada-SPARK-Trapping-Rain-Water,GNATMAKE 14.2.0,0,0,0,0,0,,,30,0,,yes,no,,
misc/SPARK2/Ada-SPARK-Trapping-Rain-Water-II-Lite,GNATMAKE 14.2.0,0,0,0,0,0,,,30,0,,yes,no,,
misc/SPARK2/Ada-SPARK-Triangle,GNATMAKE 14.2.0,0,0,0,0,0,,,n/a,n/a,,yes,no,,
misc/SPARK2/Ada-SPARK-Triangle-Min-Path,GNATMAKE 14.2.0,0,0,0,0,0,,,30,0,,yes,no,,
misc/SPARK2/Ada-SPARK-Tribonacci,GNATMAKE 14.2.0,0,0,0,0,0,,,n/a,n/a,,yes,no,,
misc/SPARK2/Ada-SPARK-Tribonacci-Number,GNATMAKE 14.2.0,0,0,0,0,0,,,n/a,n/a,,yes,no,,
misc/SPARK2/Ada-SPARK-Tweet-Counts-Stub,GNATMAKE 14.2.0,0,0,0,0,0,,,n/a,n/a,,yes,no,,
misc/SPARK2/Ada-SPARK-Two-City-Scheduling,GNATMAKE 14.2.0,0,0,0,0,0,,,n/a,n/a,,yes,no,,
misc/SPARK2/Ada-SPARK-Two-Pointers-Sum,GNATMAKE 14.2.0,0,0,0,0,0,,,n/a,n/a,,yes,no,,
misc/SPARK2/Ada-SPARK-Two-Sum,GNATMAKE 14.2.0,0,0,0,0,0,,,n/a,n/a,,yes,no,,
misc/SPARK2/Ada-SPARK-UTF-8-Validation,GNATMAKE 14.2.0,0,0,0,0,0,,,n/a,n/a,,yes,no,,
misc/SPARK2/Ada-SPARK-Ugly-Number,GNATMAKE 14.2.0,0,0,0,0,0,,,n/a,n/a,,yes,no,,
misc/SPARK2/Ada-SPARK-Ugly-Number-II,GNATMAKE 14.2.0,0,0,0,0,0,,,n/a,n/a,,yes,no,,
misc/SPARK2/Ada-SPARK-Uncommon-Words-From-Two-Sentences,GNATMAKE 14.2.0,0,0,0,0,0,,,n/a,n/a,,yes,no,,
misc/SPARK2/Ada-SPARK-Underground-System-Stub,GNATMAKE 14.2.0,0,0,0,0,0,,,n/a,n/a,,yes,no,,
misc/SPARK2/Ada-SPARK-Union-Find,GNATMAKE 14.2.0,0,0,0,0,0,,,n/a,n/a,,yes,no,,
misc/SPARK2/Ada-SPARK-Unique-Email-Addresses,GNATMAKE 14.2.0,0,0,0,0,0,,,n/a,n/a,,yes,no,,
misc/SPARK2/Ada-SPARK-Unique-Morse-Code-Words,GNATMAKE 14.2.0,0,0,0,0,0,,,n/a,n/a,,yes,no,,
misc/SPARK2/Ada-SPARK-Unique-Paths,GNATMAKE 14.2.0,0,0,0,0,0,,,n/a,n/a,,yes,no,,
misc/SPARK2/Ada-SPARK-Unique-Paths-II,GNATMAKE 14.2.0,0,0,0,0,0,,,30,0,,yes,no,,
misc/SPARK2/Ada-SPARK-Valid-Anagram,GNATMAKE 14.2.0,0,0,0,0,0,,,n/a,n/a,,yes,no,,
misc/SPARK2/Ada-SPARK-Valid-IP-Address-Stub,GNATMAKE 14.2.0,0,0,0,0,0,,,n/a,n/a,,yes,no,,
misc/SPARK2/Ada-SPARK-Valid-Number-Stub,GNATMAKE 14.2.0,0,0,0,0,0,,,n/a,n/a,,yes,no,,
misc/SPARK2/Ada-SPARK-Valid-Palindrome,GNATMAKE 14.2.0,0,0,0,0,0,,,n/a,n/a,,yes,no,,
misc/SPARK2/Ada-SPARK-Valid-Palindrome-II,GNATMAKE 14.2.0,0,0,0,0,0,,,n/a,n/a,,yes,no,,
misc/SPARK2/Ada-SPARK-Valid-Parentheses,GNATMAKE 14.2.0,0,0,0,0,0,,,n/a,n/a,,yes,no,,
misc/SPARK2/Ada-SPARK-Valid-Square,GNATMAKE 14.2.0,0,0,0,0,0,,,n/a,n/a,,yes,no,,
misc/SPARK2/Ada-SPARK-Valid-Sudoku-Stub,GNATMAKE 14.2.0,0,0,0,0,0,,,n/a,n/a,,yes,no,,
misc/SPARK2/Ada-SPARK-Valid-Word-Abbreviation,GNATMAKE 14.2.0,0,0,0,0,0,,,n/a,n/a,,yes,no,,
misc/SPARK2/Ada-SPARK-Validate-Stack-Sequences,GNATMAKE 14.2.0,0,0,0,0,0,,,30,0,,yes,no,,
misc/SPARK2/Ada-SPARK-Vector-2D-Stub,GNATMAKE 14.2.0,0,0,0,0,0,,,n/a,n/a,,yes,no,,
misc/SPARK2/Ada-SPARK-Vector-Dot-Cross,GNATMAKE 14.2.0,0,0,0,0,0,,,n/a,n/a,,yes,no,,
misc/SPARK2/Ada-SPARK-Water-Bottles,GNATMAKE 14.2.0,0,0,0,0,0,,,n/a,n/a,,yes,no,,
misc/SPARK2/Ada-SPARK-Wiggle-Subsequence,GNATMAKE 14.2.0,0,0,0,0,0,,,n/a,n/a,,yes,no,,
misc/SPARK2/Ada-SPARK-Wildcard-Matching-Lite,GNATMAKE 14.2.0,0,0,0,0,0,,,n/a,n/a,,yes,no,,
misc/SPARK2/Ada-SPARK-Word-Break,GNATMAKE 14.2.0,0,0,0,0,0,,,n/a,n/a,,yes,no,,
misc/SPARK2/Ada-SPARK-Word-Break-II,GNATMAKE 14.2.0,0,0,0,0,0,,,n/a,n/a,,yes,no,,
misc/SPARK2/Ada-SPARK-Word-Break-Stub,GNATMAKE 14.2.0,0,0,0,0,0,,,n/a,n/a,,yes,no,,
misc/SPARK2/Ada-SPARK-Word-Ladder-II-Lite,GNATMAKE 14.2.0,0,0,0,0,0,,,n/a,n/a,,yes,no,,
misc/SPARK2/Ada-SPARK-Word-Ladder-Lite,GNATMAKE 14.2.0,0,0,0,0,0,,,n/a,n/a,,yes,no,,
misc/SPARK2/Ada-SPARK-Word-Ladder-Stub,GNATMAKE 14.2.0,0,0,0,0,0,,,n/a,n/a,,yes,no,,
misc/SPARK2/Ada-SPARK-Word-Pattern,GNATMAKE 14.2.0,0,0,0,0,0,,,n/a,n/a,,yes,no,,
misc/SPARK2/Ada-SPARK-XOR-Of-Numbers-Range,GNATMAKE 14.2.0,0,0,0,0,0,,,n/a,n/a,,yes,no,,
misc/SPARK2/Ada-SPARK-XOR-Operation-In-An-Array,GNATMAKE 14.2.0,0,0,0,0,0,,,n/a,n/a,,yes,no,,
misc/SPARK2/Ada-SPARK-Zigzag-Iterator-Stub,GNATMAKE 14.2.0,0,0,0,0,0,,,n/a,n/a,,yes,no,,
misc/SPARK2/Pattern-132,GNATMAKE 14.2.0,0,0,0,0,0,,,30,0,,yes,no,,
misc/SPARK4/Acorn-Generator,GNATMAKE 14.2.0,0,0,0,0,0,,,n/a,n/a,,yes,no,,
misc/SPARK4/Ada-SPARK-Accumulator,GNATMAKE 14.2.0,0,0,0,0,0,,,n/a,n/a,,yes,no,,
misc/SPARK4/Ada-SPARK-Blum-Blum-Shub,GNATMAKE 14.2.0,0,0,0,0,0,,,n/a,n/a,,yes,no,,
misc/SPARK4/Ada-SPARK-Heaps-Algorithm,GNATMAKE 14.2.0,0,0,0,0,0,,,n/a,n/a,,yes,no,,
misc/SPARK4/Ada-SPARK-K-Way-Merge,GNATMAKE 14.2.0,0,0,0,0,0,,,30,0,,yes,no,,
misc/SPARK4/Ada-SPARK-Lagged-Fibonacci-Generator,GNATMAKE 14.2.0,0,0,0,0,0,,,n/a,n/a,,yes,no,,
misc/SPARK4/Ada-SPARK-Lemke-Howson,GNATMAKE 14.2.0,0,0,0,0,0,,,n/a,n/a,,yes,no,,
misc/SPARK4/Ada-SPARK-Package-Merge-Algorithm,GNATMAKE 14.2.0,0,0,0,0,0,,,30,0,,yes,no,,
misc/SPARK4/Ada-SPARK-Selection-Algorithm,GNATMAKE 14.2.0,0,0,0,0,0,,,30,0,,yes,no,,
ml/Ada/AdaBoost,GNATMAKE 14.2.0,0,0,0,0,0,,,30,0,,yes,no,,
ml/Ada/Alopex,GNATMAKE 14.2.0,0,0,0,0,0,,,n/a,n/a,,n/a,no,,init: baseline -gnata build fail: FAIL — 8.1 Empty_Vector_Error correctly raised
ml/Ada/Boosting-Meta-Algorithm,GNATMAKE 14.2.0,0,0,0,0,0,,,n/a,n/a,,yes,no,,
ml/Ada/BrownBoost,GNATMAKE 14.2.0,0,0,0,0,0,,,30,0,,no,yes,,"init: Initialize_Scalars build fail: FAIL own: labels with index origin 5 give the same model, trial 30"
ml/Ada/Expectation-Maximization,GNATMAKE 14.2.0,0,0,0,0,0,,,n/a,n/a,,n/a,no,,init: baseline -gnata build fail: FAIL: Log(0) raises Invalid_Argument
ml/Ada/Forward-Backward,GNATMAKE 14.2.0,0,0,0,0,0,,,n/a,n/a,,n/a,no,,init: baseline -gnata build fail: FAIL: Forward empty Obs raises Invalid_Argument
ml/Ada/Hidden-Markov-Model,GNATMAKE 14.2.0,0,0,0,0,0,,,n/a,n/a,,n/a,no,,init: baseline -gnata build fail: raised ADA.ASSERTIONS.ASSERTION_ERROR : failed precondition from hidden_markov_model.ads:217
ml/Ada/LPBoost,GNATMAKE 14.2.0,0,0,0,0,0,,,n/a,n/a,,yes,no,,
ml/Ada/LogitBoost,GNATMAKE 14.2.0,0,0,0,0,0,,,n/a,n/a,,yes,no,,
ml/Ada/Naive-Bayes-Classifier,GNATMAKE 14.2.0,0,0,0,0,0,,,n/a,n/a,,yes,no,,
ml/Ada/Perceptron,GNATMAKE 14.2.0,0,0,0,0,0,,,n/a,n/a,,yes,no,,
ml/Ada/Policy-Iteration,GNATMAKE 14.2.0,0,0,0,0,0,,,n/a,n/a,,yes,no,,
ml/Ada/Pulse-Coupled-Neural-Networks,GNATMAKE 14.2.0,0,0,0,0,0,,,n/a,n/a,,n/a,no,,init: baseline -gnata build fail: raised ADA.ASSERTIONS.ASSERTION_ERROR : failed precondition from pulse_coupled_networks.ads:51
ml/Ada/Q-Learning,GNATMAKE 14.2.0,0,0,0,0,0,,,n/a,n/a,,yes,no,,
ml/Ada/Reinforcement-Learning,GNATMAKE 14.2.0,0,0,0,0,0,,,n/a,n/a,,n/a,no,,init: baseline -gnata build fail: raised ADA.ASSERTIONS.ASSERTION_ERROR : failed precondition from reinforcement_learning.ads:28
ml/Ada/Support-Vector-Machine,GNATMAKE 14.2.0,0,0,0,0,0,,,n/a,n/a,,n/a,no,,init: baseline -gnata build fail: raised ADA.ASSERTIONS.ASSERTION_ERROR : failed precondition from svm.ads:60
ml/Ada/Value-Iteration,GNATMAKE 14.2.0,0,0,0,0,0,,,n/a,n/a,,yes,no,,
ml/Ada/Viterbi,GNATMAKE 14.2.0,0,0,0,0,0,,,n/a,n/a,,n/a,no,,init: baseline -gnata build fail: FAIL: empty obs raises (product)
ml/SPARK2/Ada-SPARK-ReLU,GNATMAKE 14.2.0,0,0,0,0,0,,,n/a,n/a,,yes,no,,
ml/SPARK2/Ada-SPARK-Softmax,GNATMAKE 14.2.0,0,0,0,0,0,,,n/a,n/a,,yes,no,,
ml/SPARK2/Linear-Regression,GNATMAKE 14.2.0,0,0,0,0,0,,,30,0,,yes,no,,
numerical/Ada/Aks-Primality-Test,GNATMAKE 14.2.0,0,0,0,0,0,,,n/a,n/a,,yes,no,,
numerical/Ada/Arnoldi,GNATMAKE 14.2.0,0,0,0,0,0,,,n/a,n/a,,n/a,no,,init: baseline -gnata build fail: PASS: empty → Dimension_Error
numerical/Ada/BBP,GNATMAKE 14.2.0,0,0,0,0,0,,,n/a,n/a,,yes,no,,
numerical/Ada/BFGS,GNATMAKE 14.2.0,0,0,0,0,0,,,n/a,n/a,,yes,no,,
numerical/Ada/BKM,GNATMAKE 14.2.0,0,0,0,0,0,,,n/a,n/a,,yes,no,,
numerical/Ada/Biconjugate-Gradient,GNATMAKE 14.2.0,0,0,0,0,0,,,n/a,n/a,,n/a,no,,init: baseline -gnata build fail: raised ADA.ASSERTIONS.ASSERTION_ERROR : failed precondition from biconjugate_gradient.ads:88
numerical/Ada/Bicubic-Interpolation,GNATMAKE 14.2.0,0,0,0,0,0,,,n/a,n/a,,yes,no,,
numerical/Ada/Bilinear-Interpolation,GNATMAKE 14.2.0,0,0,0,0,0,,,n/a,n/a,,yes,no,,
numerical/Ada/Binary-GCD,GNATMAKE 14.2.0,0,0,0,0,0,,,n/a,n/a,,yes,no,,
numerical/Ada/Birkhoff-Interpolation,GNATMAKE 14.2.0,0,0,0,0,0,,,n/a,n/a,,yes,no,,
numerical/Ada/Bisection-Method,GNATMAKE 14.2.0,0,0,0,0,0,,,n/a,n/a,,yes,no,,
numerical/Ada/Bluesteins-FFT-Algorithm,GNATMAKE 14.2.0,0,0,0,0,0,,,n/a,n/a,,yes,no,,
numerical/Ada/Borwein,GNATMAKE 14.2.0,0,0,0,0,0,,,n/a,n/a,,yes,no,,
numerical/Ada/Brents-Algorithm,GNATMAKE 14.2.0,0,0,0,0,0,,,n/a,n/a,,yes,no,,
numerical/Ada/Bruuns-FFT-Algorithm,GNATMAKE 14.2.0,0,0,0,0,0,,,n/a,n/a,,yes,no,,
numerical/Ada/CORDIC,GNATMAKE 14.2.0,0,0,0,0,0,,,n/a,n/a,,yes,no,,
numerical/Ada/Cantor-Zassenhaus,GNATMAKE 14.2.0,0,0,0,0,0,,,n/a,n/a,,yes,no,,
numerical/Ada/Chakravala,GNATMAKE 14.2.0,0,0,0,0,0,,,n/a,n/a,,yes,no,,
numerical/Ada/Chudnovsky,GNATMAKE 14.2.0,0,0,0,0,0,,,n/a,n/a,,yes,no,,
numerical/Ada/Cipolla,GNATMAKE 14.2.0,0,0,0,0,0,,,n/a,n/a,,yes,no,,
numerical/Ada/Conjugate-Gradient,GNATMAKE 14.2.0,0,0,0,0,0,,,n/a,n/a,,yes,no,,
numerical/Ada/Cooley-Tukey-FFT-Algorithm,GNATMAKE 14.2.0,0,0,0,0,0,,,n/a,n/a,,yes,no,,
numerical/Ada/Cubic-Interpolation,GNATMAKE 14.2.0,0,0,0,0,0,,,n/a,n/a,,yes,no,,
numerical/Ada/Dixon,GNATMAKE 14.2.0,0,0,0,0,0,,,n/a,n/a,,yes,no,,
numerical/Ada/Euclidean-Algorithm,GNATMAKE 14.2.0,0,0,0,0,0,,,n/a,n/a,,yes,no,,
numerical/Ada/Extended-Euclidean-Algorithm,GNATMAKE 14.2.0,0,0,0,0,0,,,n/a,n/a,,yes,no,,
numerical/Ada/Fast-Fourier-Transform,GNATMAKE 14.2.0,0,0,0,0,0,,,n/a,n/a,,yes,no,,
numerical/Ada/Furer,GNATMAKE 14.2.0,0,0,0,0,0,,,30,0,,yes,no,,
numerical/Ada/Gauss-Legendre,GNATMAKE 14.2.0,0,0,0,0,0,,,n/a,n/a,,yes,no,,
numerical/Ada/Gauss-Newton,GNATMAKE 14.2.0,0,0,0,0,0,,,n/a,n/a,,yes,no,,
numerical/Ada/General-Number-Field-Sieve,GNATMAKE 14.2.0,0,0,0,0,0,,,n/a,n/a,,yes,no,,
numerical/Ada/Gradient-Descent,GNATMAKE 14.2.0,0,0,0,0,0,,,n/a,n/a,,yes,no,,
numerical/Ada/Hermite-Interpolation,GNATMAKE 14.2.0,0,0,0,0,0,,,n/a,n/a,,yes,no,,
numerical/Ada/Hybrid-Monte-Carlo,GNATMAKE 14.2.0,0,0,0,0,0,,,n/a,n/a,,yes,no,,
numerical/Ada/Interior-Point-Method,GNATMAKE 14.2.0,0,0,0,0,0,,,n/a,n/a,,yes,no,,
numerical/Ada/Karatsuba,GNATMAKE 14.2.0,0,0,0,0,0,,,30,0,,yes,no,,
numerical/Ada/Lagrange-Interpolation,GNATMAKE 14.2.0,0,0,0,0,0,,,n/a,n/a,,yes,no,,
numerical/Ada/Lanczos,GNATMAKE 14.2.0,0,0,0,0,0,,,n/a,n/a,,n/a,no,,init: baseline -gnata build fail: PASS: empty → Dimension_Error
numerical/Ada/Lanczos-Resampling,GNATMAKE 14.2.0,0,0,0,0,0,,,n/a,n/a,,yes,no,,
numerical/Ada/Levenberg-Marquardt,GNATMAKE 14.2.0,0,0,0,0,0,,,n/a,n/a,,yes,no,,
numerical/Ada/Linear-Congruential-Generator,GNATMAKE 14.2.0,0,0,0,0,0,,,n/a,n/a,,yes,no,,
numerical/Ada/Linear-Interpolation,GNATMAKE 14.2.0,0,0,0,0,0,,,n/a,n/a,,yes,no,,
numerical/Ada/Lucas-Primality-Test,GNATMAKE 14.2.0,0,0,0,0,0,,,n/a,n/a,,yes,no,,
numerical/Ada/MISER,GNATMAKE 14.2.0,0,0,0,0,0,,,n/a,n/a,,yes,no,,
numerical/Ada/Mersenne-Twister,GNATMAKE 14.2.0,0,0,0,0,0,,,n/a,n/a,,yes,no,,
numerical/Ada/Metropolis-Hastings,GNATMAKE 14.2.0,0,0,0,0,0,,,n/a,n/a,,n/a,no,,init: baseline -gnata build fail: raised ADA.ASSERTIONS.ASSERTION_ERROR : failed precondition from metropolis_hastings.ads:186
numerical/Ada/Metropolis-Light-Transport,GNATMAKE 14.2.0,0,0,0,0,0,,,n/a,n/a,,n/a,no,,init: baseline -gnata build fail: TEST 9 — Primary Sample Path Evaluation & Error Handling
numerical/Ada/Miller-Rabin,GNATMAKE 14.2.0,0,0,0,0,0,,,n/a,n/a,,yes,no,,
numerical/Ada/Monotone-Cubic-Interpolation,GNATMAKE 14.2.0,0,0,0,0,0,,,n/a,n/a,,yes,no,,
numerical/Ada/Multivariate-Interpolation,GNATMAKE 14.2.0,0,0,0,0,0,,,n/a,n/a,,yes,no,,
numerical/Ada/Nearest-Neighbor-Interpolation,GNATMAKE 14.2.0,0,0,0,0,0,,,n/a,n/a,,yes,no,,
numerical/Ada/Neville,GNATMAKE 14.2.0,0,0,0,0,0,,,n/a,n/a,,yes,no,,
numerical/Ada/Newells-Algorithm,GNATMAKE 14.2.0,0,0,0,0,0,,,30,0,,yes,no,,
numerical/Ada/Newton-Raphson-Division,GNATMAKE 14.2.0,0,0,0,0,0,,,n/a,n/a,,yes,no,,
numerical/Ada/Partial-Least-Squares,GNATMAKE 14.2.0,0,0,0,0,0,,,n/a,n/a,,n/a,no,,init: baseline -gnata build fail: FAIL: Predict col mismatch raises
numerical/Ada/Pollards-Kangaroo-Algorithm,GNATMAKE 14.2.0,0,0,0,0,0,,,n/a,n/a,,yes,no,,
numerical/Ada/Pollards-P-1,GNATMAKE 14.2.0,0,0,0,0,0,,,n/a,n/a,,yes,no,,
numerical/Ada/Pollards-Rho,GNATMAKE 14.2.0,0,0,0,0,0,,,n/a,n/a,,yes,no,,
numerical/Ada/Pollards-Rho-Logarithms,GNATMAKE 14.2.0,0,0,0,0,0,,,n/a,n/a,,yes,no,,
numerical/Ada/Polynomial-Interpolation,GNATMAKE 14.2.0,0,0,0,0,0,,,n/a,n/a,,yes,no,,
numerical/Ada/Primality-Test,GNATMAKE 14.2.0,0,0,0,0,0,,,n/a,n/a,,yes,no,,
numerical/Ada/Prime-Factor-FFT-Algorithm,GNATMAKE 14.2.0,0,0,0,0,0,,,n/a,n/a,,yes,no,,
numerical/Ada/Prime-Factorization,GNATMAKE 14.2.0,0,0,0,0,0,,,n/a,n/a,,yes,no,,
numerical/Ada/Quadratic-Sieve,GNATMAKE 14.2.0,0,0,0,0,0,,,n/a,n/a,,yes,no,,
numerical/Ada/Raders-FFT-Algorithm,GNATMAKE 14.2.0,0,0,0,0,0,,,n/a,n/a,,yes,no,,
numerical/Ada/Runge-Kutta,GNATMAKE 14.2.0,0,0,0,0,0,,,n/a,n/a,,yes,no,,
numerical/Ada/Secant-Method,GNATMAKE 14.2.0,0,0,0,0,0,,,n/a,n/a,,yes,no,,
numerical/Ada/Sieve-Of-Atkin,GNATMAKE 14.2.0,0,0,0,0,0,,,n/a,n/a,,yes,no,,
numerical/Ada/Sieve-Of-Eratosthenes,GNATMAKE 14.2.0,0,0,0,0,0,,,n/a,n/a,,yes,no,,
numerical/Ada/Sieve-Of-Sundaram,GNATMAKE 14.2.0,0,0,0,0,0,,,n/a,n/a,,yes,no,,
numerical/Ada/Special-Number-Field-Sieve,GNATMAKE 14.2.0,0,0,0,0,0,,,n/a,n/a,,yes,no,,
numerical/Ada/Spline-Interpolation,GNATMAKE 14.2.0,0,0,0,0,0,,,n/a,n/a,,yes,no,,
numerical/Ada/Tonelli-Shanks,GNATMAKE 14.2.0,0,0,0,0,0,,,n/a,n/a,,yes,no,,
numerical/Ada/Tricubic-Interpolation,GNATMAKE 14.2.0,0,0,0,0,0,,,n/a,n/a,,yes,no,,
numerical/Ada/Trigonometric-Interpolation,GNATMAKE 14.2.0,0,0,0,0,0,,,n/a,n/a,,yes,no,,
numerical/Ada/Ziggurat-Algorithm,GNATMAKE 14.2.0,0,0,0,0,0,,,n/a,n/a,,yes,no,,
numerical/SPARK2/Ada-SPARK-Bisection-Method,GNATMAKE 14.2.0,0,0,0,0,0,,,n/a,n/a,,yes,no,,
numerical/SPARK2/Ada-SPARK-Chebyshev-Distance,GNATMAKE 14.2.0,0,0,0,0,0,,,n/a,n/a,,yes,no,,
numerical/SPARK2/Ada-SPARK-Cooley-Tukey-FFT,GNATMAKE 14.2.0,0,0,0,0,0,,,30,0,,yes,no,,
numerical/SPARK2/Ada-SPARK-Count-Primes,GNATMAKE 14.2.0,0,0,0,0,0,,,n/a,n/a,,yes,no,,
numerical/SPARK2/Ada-SPARK-Count-Primes-Stub,GNATMAKE 14.2.0,0,0,0,0,0,,,n/a,n/a,,yes,no,,
numerical/SPARK2/Ada-SPARK-Extended-Euclidean,GNATMAKE 14.2.0,0,0,0,0,0,,,30,0,,yes,no,,
numerical/SPARK2/Ada-SPARK-Lagrange-Interpolation,GNATMAKE 14.2.0,0,0,0,0,0,,,n/a,n/a,,yes,no,,
numerical/SPARK2/Ada-SPARK-Maximum-Performance-Of-A-Team-Lite,GNATMAKE 14.2.0,0,0,0,0,0,,,n/a,n/a,,yes,no,,
numerical/SPARK2/Ada-SPARK-Minimum-Limit-Of-Balls-In-A-Bag,GNATMAKE 14.2.0,0,0,0,0,0,,,30,0,,yes,no,,
numerical/SPARK2/Ada-SPARK-Modular-Exponentiation,GNATMAKE 14.2.0,0,0,0,0,0,,,n/a,n/a,,yes,no,,
numerical/SPARK2/Ada-SPARK-Newton-Raphson,GNATMAKE 14.2.0,0,0,0,0,0,,,n/a,n/a,,yes,no,,
numerical/SPARK2/Ada-SPARK-Perfect-Number,GNATMAKE 14.2.0,0,0,0,0,0,,,n/a,n/a,,yes,no,,
numerical/SPARK2/Ada-SPARK-Perfect-Squares,GNATMAKE 14.2.0,0,0,0,0,0,,,n/a,n/a,,yes,no,,
numerical/SPARK2/Ada-SPARK-Prime-Check,GNATMAKE 14.2.0,0,0,0,0,0,,,n/a,n/a,,yes,no,,
numerical/SPARK2/Ada-SPARK-Prime-Number-Of-Set-Bits,GNATMAKE 14.2.0,0,0,0,0,0,,,n/a,n/a,,yes,no,,
numerical/SPARK2/Ada-SPARK-Prime-Number-Of-Set-Bits-In-Binary-Representation,GNATMAKE 14.2.0,0,0,0,0,0,,,n/a,n/a,,yes,no,,
numerical/SPARK2/Ada-SPARK-Secant-Method,GNATMAKE 14.2.0,0,0,0,0,0,,,n/a,n/a,,yes,no,,
numerical/SPARK2/Ada-SPARK-Sieve-Of-Eratosthenes,GNATMAKE 14.2.0,0,0,0,0,0,,,n/a,n/a,,yes,no,,
numerical/SPARK2/Ada-SPARK-Simpson-Rule,GNATMAKE 14.2.0,0,0,0,0,0,,,n/a,n/a,,yes,no,,
numerical/SPARK2/Ada-SPARK-Successful-Pairs-Of-Spells-And-Potions,GNATMAKE 14.2.0,0,0,0,0,0,,,n/a,n/a,,yes,no,,
numerical/SPARK2/Ada-SPARK-Valid-Perfect-Square,GNATMAKE 14.2.0,0,0,0,0,0,,,n/a,n/a,,yes,no,,
numerical/SPARK2/Ada-SPARK-Walls-And-Gates,GNATMAKE 14.2.0,0,0,0,0,0,,,n/a,n/a,,yes,no,,
numerical/SPARK2/Babylonian-Sqrt,GNATMAKE 14.2.0,0,0,0,0,0,,,n/a,n/a,,yes,no,,
numerical/SPARK4/Ada-SPARK-Brents-Algorithm,GNATMAKE 14.2.0,0,0,0,0,0,,,n/a,n/a,,yes,no,,
numerical/SPARK4/Ada-SPARK-Euclidean-Algorithm,GNATMAKE 14.2.0,0,0,0,0,0,,,n/a,n/a,,yes,no,,
numerical/SPARK4/Ada-SPARK-Extended-Euclidean-Algorithm,GNATMAKE 14.2.0,0,0,0,0,0,,,30,0,,yes,no,,
numerical/SPARK4/Ada-SPARK-Linear-Congruential-Generator,GNATMAKE 14.2.0,0,0,0,0,0,,,n/a,n/a,,yes,no,,
numerical/SPARK4/Ada-SPARK-Mersenne-Twister,GNATMAKE 14.2.0,0,0,0,0,0,,,n/a,n/a,,no,yes,,"init: Initialize_Scalars build nobuild: t list may not be accurate in some cases, so please double check that the problem can still be reproduced with the set o"
numerical/SPARK4/Ada-SPARK-Modular-Arithmetic,GNATMAKE 14.2.0,0,0,0,0,0,,,n/a,n/a,,yes,no,,
numerical/SPARK4/Binary-Gcd,GNATMAKE 14.2.0,0,0,0,0,0,,,30,0,,yes,no,,
parsing/Ada/Canonical-LR-Parser,GNATMAKE 14.2.0,0,0,0,0,0,,,n/a,n/a,,n/a,no,,init: baseline -gnata build fail: TEST 10 — Syntax Error: Consecutive IDs
parsing/Ada/Cyk-Algorithm,GNATMAKE 14.2.0,0,0,0,0,0,,,30,0,,yes,no,,
parsing/Ada/GLR-Parser,GNATMAKE 14.2.0,0,0,0,0,0,,,n/a,n/a,,yes,no,,
parsing/Ada/LALR,GNATMAKE 14.2.0,0,0,0,0,0,,,n/a,n/a,,yes,no,,
parsing/Ada/LL-Parser,GNATMAKE 14.2.0,0,0,0,0,0,,,n/a,n/a,,yes,no,,
parsing/Ada/LR-Parser,GNATMAKE 14.2.0,0,0,0,0,0,,,n/a,n/a,,yes,no,,
parsing/Ada/Operator-Precedence-Parser,GNATMAKE 14.2.0,0,0,0,0,0,,,n/a,n/a,,yes,no,,
parsing/Ada/Packrat-Parser,GNATMAKE 14.2.0,0,0,0,0,0,,,n/a,n/a,,yes,no,,
parsing/Ada/Pratt-Parser,GNATMAKE 14.2.0,0,0,0,0,0,,,n/a,n/a,,yes,no,,
parsing/Ada/Recursive-Descent-Parser,GNATMAKE 14.2.0,0,0,0,0,0,,,30,3,1:fail 2:fail 22:fail,yes,yes,AA_SEED=1: TEST 14 — Translation (To_Postfix) Error Handling,
parsing/Ada/Shunting-Yard-Algorithm,GNATMAKE 14.2.0,0,0,0,0,0,,,n/a,n/a,,yes,no,,
parsing/Ada/Simple-LR-Parser,GNATMAKE 14.2.0,0,0,0,0,0,,,n/a,n/a,,yes,no,,
parsing/Ada/Simple-Precdence-Parser,GNATMAKE 14.2.0,0,0,0,0,0,,,n/a,n/a,,yes,no,,
parsing/Ada/Simplex-Algorithm,GNATMAKE 14.2.0,0,0,0,0,0,,,n/a,n/a,,yes,no,,
parsing/Ada/Step-Parser,GNATMAKE 14.2.0,0,0,0,0,0,,,n/a,n/a,,yes,no,,
parsing/SPARK2/Ada-SPARK-Sparse-Set,GNATMAKE 14.2.0,0,0,0,0,0,,,n/a,n/a,,yes,no,,
parsing/SPARK2/Ada-SPARK-Sparse-Vector-Dot-Stub,GNATMAKE 14.2.0,0,0,0,0,0,,,n/a,n/a,,yes,no,,
parsing/SPARK2/Sparse-Dot,GNATMAKE 14.2.0,0,0,0,0,0,,,n/a,n/a,,yes,no,,
searching/Ada/Beam-Search,GNATMAKE 14.2.0,0,0,0,0,0,,,n/a,n/a,,yes,no,,
searching/Ada/Best-First-Search,GNATMAKE 14.2.0,0,0,0,0,0,,,n/a,n/a,,yes,no,,
searching/Ada/Bidirectional-Search,GNATMAKE 14.2.0,0,0,0,0,0,,,n/a,n/a,,yes,no,,
searching/Ada/Binary-Search,GNATMAKE 14.2.0,0,0,0,0,0,,,30,0,,yes,no,,
searching/Ada/Breadth-First-Search,GNATMAKE 14.2.0,0,0,0,0,0,,,30,0,,yes,no,,
searching/Ada/Brute-Force-Search,GNATMAKE 14.2.0,0,0,0,0,0,,,n/a,n/a,,yes,no,,
searching/Ada/Chien-Search,GNATMAKE 14.2.0,0,0,0,0,0,,,n/a,n/a,,yes,no,,
searching/Ada/Depth-First-Search,GNATMAKE 14.2.0,0,0,0,0,0,,,n/a,n/a,,yes,no,,
searching/Ada/Eytzinger-Binary-Search,GNATMAKE 14.2.0,0,0,0,0,0,,,30,0,,yes,no,,
searching/Ada/Fibonacci-Search,GNATMAKE 14.2.0,0,0,0,0,0,,,n/a,n/a,,yes,no,,
searching/Ada/Golden-Section-Search,GNATMAKE 14.2.0,0,0,0,0,0,,,n/a,n/a,,n/a,no,,init: baseline -gnata build fail: raised ADA.ASSERTIONS.ASSERTION_ERROR : failed precondition from golden_section_search.ads:38
searching/Ada/Grid-Search,GNATMAKE 14.2.0,0,0,0,0,0,,,n/a,n/a,,n/a,no,,init: baseline -gnata build fail: FAIL: Point_At out of range raises
searching/Ada/Harmony-Search,GNATMAKE 14.2.0,0,0,0,0,0,,,n/a,n/a,,yes,no,,
searching/Ada/Hyperlink-Induced-Topic-Search,GNATMAKE 14.2.0,0,0,0,0,0,,,n/a,n/a,,yes,no,,
searching/Ada/Interpolation-Search,GNATMAKE 14.2.0,0,0,0,0,0,,,n/a,n/a,,yes,no,,
searching/Ada/Introselect,GNATMAKE 14.2.0,0,0,0,0,0,,,30,0,,yes,no,,
searching/Ada/Iterative-Deepening-Depth-First-Search,GNATMAKE 14.2.0,0,0,0,0,0,,,n/a,n/a,,yes,no,,
searching/Ada/Jump-Point-Search,GNATMAKE 14.2.0,0,0,0,0,0,,,n/a,n/a,,yes,no,,
searching/Ada/Jump-Search,GNATMAKE 14.2.0,0,0,0,0,0,,,n/a,n/a,,yes,no,,
searching/Ada/Lexicographic-Breadth-First-Search,GNATMAKE 14.2.0,0,0,0,0,0,,,n/a,n/a,,yes,no,,
searching/Ada/Line-Search,GNATMAKE 14.2.0,0,0,0,0,0,,,n/a,n/a,,yes,no,,
searching/Ada/Linear-Search,GNATMAKE 14.2.0,0,0,0,0,0,,,30,0,,yes,no,,
searching/Ada/Local-Search,GNATMAKE 14.2.0,0,0,0,0,0,,,n/a,n/a,,yes,no,,
searching/Ada/Monte-Carlo-Tree-Search,GNATMAKE 14.2.0,0,0,0,0,0,,,n/a,n/a,,n/a,no,,init: baseline -gnata build fail: raised ADA.ASSERTIONS.ASSERTION_ERROR : failed precondition from monte_carlo_tree_search.ads:44
searching/Ada/Nearest-Neighbor-Search,GNATMAKE 14.2.0,0,0,0,0,0,,,n/a,n/a,,n/a,no,,init: baseline -gnata build fail: raised ADA.ASSERTIONS.ASSERTION_ERROR : failed precondition from nearest_neighbor_search.ads:218
searching/Ada/Quantum-Walk-Search,GNATMAKE 14.2.0,0,0,0,0,0,,,n/a,n/a,,n/a,no,,init: baseline -gnata build fail: TEST 11 — Error Handling: Invalid Graph Exception
searching/Ada/Quickselect,GNATMAKE 14.2.0,0,0,0,0,0,,,30,0,,yes,no,,
searching/Ada/Random-Search,GNATMAKE 14.2.0,0,0,0,0,0,,,n/a,n/a,,n/a,no,,init: baseline -gnata build fail: raised ADA.ASSERTIONS.ASSERTION_ERROR : failed precondition from random_search.ads:178
searching/Ada/Substring-Search,GNATMAKE 14.2.0,0,0,0,0,0,,,n/a,n/a,,yes,no,,
searching/Ada/Tabu-Search,GNATMAKE 14.2.0,0,0,0,0,0,,,n/a,n/a,,yes,no,,
searching/Ada/Ternary-Search,GNATMAKE 14.2.0,0,0,0,0,0,,,30,0,,yes,no,,
searching/Ada/Trigram-Search,GNATMAKE 14.2.0,0,0,0,0,0,,,n/a,n/a,,yes,no,,
searching/Ada/Uniform-Binary-Search,GNATMAKE 14.2.0,0,0,0,0,0,,,n/a,n/a,,yes,no,,
searching/Ada/Uniform-Cost-Search,GNATMAKE 14.2.0,0,0,0,0,0,,,n/a,n/a,,n/a,no,,"init: baseline -gnata build nobuild: "" uniform_cost_search.adb:96:21: error: possible interpretation at a-convec.ads:471, instance at uniform_cost_search.ads"
searching/SPARK2/Ada-SPARK-Binary-Search-Lower-Bound,GNATMAKE 14.2.0,0,0,0,0,0,,,n/a,n/a,,yes,no,,
searching/SPARK2/Ada-SPARK-Binary-Search-Upper-Bound,GNATMAKE 14.2.0,0,0,0,0,0,,,n/a,n/a,,yes,no,,
searching/SPARK2/Ada-SPARK-Design-Add-And-Search-Words,GNATMAKE 14.2.0,0,0,0,0,0,,,30,0,,yes,no,,
searching/SPARK2/Ada-SPARK-Exponential-Search,GNATMAKE 14.2.0,0,0,0,0,0,,,30,0,,yes,no,,
searching/SPARK2/Ada-SPARK-Increasing-Order-Search-Tree,GNATMAKE 14.2.0,0,0,0,0,0,,,n/a,n/a,,yes,no,,
searching/SPARK2/Ada-SPARK-Insert-Into-A-Binary-Search-Tree,GNATMAKE 14.2.0,0,0,0,0,0,,,n/a,n/a,,yes,no,,
searching/SPARK2/Ada-SPARK-Naive-String-Search,GNATMAKE 14.2.0,0,0,0,0,0,,,n/a,n/a,,yes,no,,
searching/SPARK2/Ada-SPARK-Search-2D-Matrix,GNATMAKE 14.2.0,0,0,0,0,0,,,n/a,n/a,,yes,no,,
searching/SPARK2/Ada-SPARK-Search-A-2D-Matrix,GNATMAKE 14.2.0,0,0,0,0,0,,,30,0,,yes,no,,
searching/SPARK2/Ada-SPARK-Search-A-2D-Matrix-II,GNATMAKE 14.2.0,0,0,0,0,0,,,n/a,n/a,,yes,no,,
searching/SPARK2/Ada-SPARK-Search-In-A-Binary-Search-Tree,GNATMAKE 14.2.0,0,0,0,0,0,,,n/a,n/a,,yes,no,,
searching/SPARK2/Ada-SPARK-Search-Insert-Position,GNATMAKE 14.2.0,0,0,0,0,0,,,n/a,n/a,,yes,no,,
searching/SPARK2/Ada-SPARK-Trigram-Search,GNATMAKE 14.2.0,0,0,0,0,0,,,n/a,n/a,,yes,no,,
searching/SPARK2/Ada-SPARK-Trim-A-Binary-Search-Tree,GNATMAKE 14.2.0,0,0,0,0,0,,,n/a,n/a,,yes,no,,
searching/SPARK2/Ada-SPARK-Unique-Binary-Search-Trees,GNATMAKE 14.2.0,0,0,0,0,0,,,n/a,n/a,,yes,no,,
searching/SPARK2/Ada-SPARK-Unique-Binary-Search-Trees-II-Lite,GNATMAKE 14.2.0,0,0,0,0,0,,,n/a,n/a,,yes,no,,
searching/SPARK2/Ada-SPARK-Validate-Binary-Search-Tree,GNATMAKE 14.2.0,0,0,0,0,0,,,30,0,,yes,no,,
searching/SPARK2/Ada-SPARK-Word-Search,GNATMAKE 14.2.0,0,0,0,0,0,,,n/a,n/a,,yes,no,,
searching/SPARK2/Ada-SPARK-Word-Search-II-Lite,GNATMAKE 14.2.0,0,0,0,0,0,,,30,0,,yes,no,,
searching/SPARK2/Bst-Insert-Search,GNATMAKE 14.2.0,0,0,0,0,0,,,30,0,,yes,no,,
searching/SPARK4/Ada-SPARK-Binary-Search,GNATMAKE 14.2.0,0,0,0,0,0,,,30,0,,yes,no,,
searching/SPARK4/Ada-SPARK-Fibonacci-Search,GNATMAKE 14.2.0,0,0,0,0,0,,,30,0,,yes,no,,
searching/SPARK4/Ada-SPARK-Interpolation-Search,GNATMAKE 14.2.0,0,0,0,0,0,,,30,0,,yes,no,,
searching/SPARK4/Ada-SPARK-Introselect,GNATMAKE 14.2.0,0,0,0,0,0,,,30,0,,yes,no,,
searching/SPARK4/Ada-SPARK-Jump-Search,GNATMAKE 14.2.0,0,0,0,0,0,,,30,0,,yes,no,,
searching/SPARK4/Ada-SPARK-Linear-Search,GNATMAKE 14.2.0,0,0,0,0,0,,,30,0,,yes,no,,
searching/SPARK4/Ada-SPARK-Quickselect,GNATMAKE 14.2.0,0,0,0,0,0,,,30,0,,yes,no,,
searching/SPARK4/Ada-SPARK-Ternary-Search,GNATMAKE 14.2.0,0,0,0,0,0,,,30,0,,yes,no,,
searching/SPARK4/Ada-SPARK-Uniform-Cost-Search,GNATMAKE 14.2.0,0,0,0,0,0,,,n/a,n/a,,yes,no,,
searching/SPARK4/Best-First-Search,GNATMAKE 14.2.0,0,0,0,0,0,,,n/a,n/a,,yes,no,,
sorting/Ada/Bead-Sort,GNATMAKE 14.2.0,0,0,0,0,0,,,30,0,,yes,no,,
sorting/Ada/Bitonic-Sorter,GNATMAKE 14.2.0,0,0,0,0,0,,,30,0,,yes,no,,
sorting/Ada/Bogosort,GNATMAKE 14.2.0,0,0,0,0,0,,,30,0,,yes,no,,
sorting/Ada/Bubble-Sort,GNATMAKE 14.2.0,0,0,0,0,0,,,30,0,,yes,no,,
sorting/Ada/Bucket-Sort,GNATMAKE 14.2.0,0,0,0,0,0,,,30,0,,yes,no,,
sorting/Ada/Burstsort,GNATMAKE 14.2.0,0,0,0,0,0,,,30,0,,yes,no,,
sorting/Ada/Cocktail-Shaker-Sort,GNATMAKE 14.2.0,0,0,0,0,0,,,30,0,,yes,no,,
sorting/Ada/Comb-Sort,GNATMAKE 14.2.0,0,0,0,0,0,,,30,0,,yes,no,,
sorting/Ada/Counting-Sort,GNATMAKE 14.2.0,0,0,0,0,0,,,30,0,,yes,no,,
sorting/Ada/Cycle-Sort,GNATMAKE 14.2.0,0,0,0,0,0,,,30,0,,yes,no,,
sorting/Ada/Flashsort,GNATMAKE 14.2.0,0,0,0,0,0,,,30,0,,yes,no,,
sorting/Ada/Gnome-Sort,GNATMAKE 14.2.0,0,0,0,0,0,,,30,0,,yes,no,,
sorting/Ada/Heapsort,GNATMAKE 14.2.0,0,0,0,0,0,,,30,0,,yes,no,,
sorting/Ada/Insertion-Sort,GNATMAKE 14.2.0,0,0,0,0,0,,,30,0,,yes,no,,
sorting/Ada/Introsort,GNATMAKE 14.2.0,0,0,0,0,0,,,30,0,,yes,no,,
sorting/Ada/Library-Sort,GNATMAKE 14.2.0,0,0,0,0,0,,,30,0,,yes,no,,
sorting/Ada/Merge-Sort,GNATMAKE 14.2.0,0,0,0,0,0,,,30,0,,yes,no,,
sorting/Ada/Odd-Even-Sort,GNATMAKE 14.2.0,0,0,0,0,0,,,30,0,,yes,no,,
sorting/Ada/Pancake-Sorting,GNATMAKE 14.2.0,0,0,0,0,0,,,30,0,,yes,no,,
sorting/Ada/Patience-Sorting,GNATMAKE 14.2.0,0,0,0,0,0,,,30,0,,yes,no,,
sorting/Ada/Pigeonhole-Sort,GNATMAKE 14.2.0,0,0,0,0,0,,,30,0,,yes,no,,
sorting/Ada/Postman-Sort,GNATMAKE 14.2.0,0,0,0,0,0,,,30,0,,yes,no,,
sorting/Ada/Quantum-Sort,GNATMAKE 14.2.0,0,0,0,0,0,,,n/a,n/a,,yes,no,,
sorting/Ada/Quicksort,GNATMAKE 14.2.0,0,0,0,0,0,,,30,0,,yes,no,,
sorting/Ada/Radix-Sort,GNATMAKE 14.2.0,0,0,0,0,0,,,30,0,,yes,no,,
sorting/Ada/Samplesort,GNATMAKE 14.2.0,0,0,0,0,0,,,n/a,n/a,,yes,no,,
sorting/Ada/Selection-Sort,GNATMAKE 14.2.0,0,0,0,0,0,,,30,0,,yes,no,,
sorting/Ada/Shell-Sort,GNATMAKE 14.2.0,0,0,0,0,0,,,30,0,,yes,no,,
sorting/Ada/Slowsort,GNATMAKE 14.2.0,0,0,0,0,0,,,30,0,,yes,no,,
sorting/Ada/Smoothsort,GNATMAKE 14.2.0,0,0,0,0,0,,,30,0,,yes,no,,
sorting/Ada/Sort-Merge-Join,GNATMAKE 14.2.0,0,0,0,0,0,,,n/a,n/a,,n/a,no,,"init: baseline -gnata build nobuild: us call to ""Append"" sort_merge_join.adb:144:19: error: possible interpretation at a-convec.ads:471, instance at sort_mer"
sorting/Ada/Sorted-List,GNATMAKE 14.2.0,0,0,0,0,0,,,n/a,n/a,,yes,no,,
sorting/Ada/Spaghetti-Sort,GNATMAKE 14.2.0,0,0,0,0,0,,,30,0,,yes,no,,
sorting/Ada/Stooge-Sort,GNATMAKE 14.2.0,0,0,0,0,0,,,30,0,,yes,no,,
sorting/Ada/Strand-Sort,GNATMAKE 14.2.0,0,0,0,0,0,,,30,0,,yes,no,,
sorting/Ada/Timsort,GNATMAKE 14.2.0,0,0,0,0,0,,,30,0,,yes,no,,
sorting/Ada/Topological-Sort,GNATMAKE 14.2.0,0,0,0,0,0,,,n/a,n/a,,yes,no,,
sorting/Ada/Tournament-Selection,GNATMAKE 14.2.0,0,0,0,0,0,,,n/a,n/a,,yes,no,,
sorting/Ada/Tree-Sort,GNATMAKE 14.2.0,0,0,0,0,0,,,30,0,,yes,no,,
sorting/SPARK2/Ada-SPARK-Bitonic-Sort,GNATMAKE 14.2.0,0,0,0,0,0,,,30,0,,yes,no,,
sorting/SPARK2/Ada-SPARK-Block-Sort,GNATMAKE 14.2.0,0,0,0,0,0,,,30,0,,yes,no,,
sorting/SPARK2/Ada-SPARK-Circle-Sort,GNATMAKE 14.2.0,0,0,0,0,0,,,30,0,,yes,no,,
sorting/SPARK2/Ada-SPARK-Cocktail-Sort,GNATMAKE 14.2.0,0,0,0,0,0,,,30,0,,yes,no,,
sorting/SPARK2/Ada-SPARK-Convert-Sorted-Array-To-BST,GNATMAKE 14.2.0,0,0,0,0,0,,,n/a,n/a,,yes,no,,
sorting/SPARK2/Ada-SPARK-Count-Negative-Numbers-In-A-Sorted-Matrix,GNATMAKE 14.2.0,0,0,0,0,0,,,n/a,n/a,,yes,no,,
sorting/SPARK2/Ada-SPARK-Count-Sorted-Vowel-Strings,GNATMAKE 14.2.0,0,0,0,0,0,,,n/a,n/a,,yes,no,,
sorting/SPARK2/Ada-SPARK-Exchange-Sort,GNATMAKE 14.2.0,0,0,0,0,0,,,30,0,,yes,no,,
sorting/SPARK2/Ada-SPARK-Find-Median-Sorted-Arrays-Lite,GNATMAKE 14.2.0,0,0,0,0,0,,,30,0,,yes,no,,
sorting/SPARK2/Ada-SPARK-Find-Minimum-In-Rotated-Sorted-Array,GNATMAKE 14.2.0,0,0,0,0,0,,,n/a,n/a,,yes,no,,
sorting/SPARK2/Ada-SPARK-Find-Minimum-In-Rotated-Sorted-Array-II,GNATMAKE 14.2.0,0,0,0,0,0,,,n/a,n/a,,yes,no,,
sorting/SPARK2/Ada-SPARK-Flash-Sort,GNATMAKE 14.2.0,0,0,0,0,0,,,30,0,,yes,no,,
sorting/SPARK2/Ada-SPARK-Heap-Sort,GNATMAKE 14.2.0,0,0,0,0,0,,,30,0,,yes,no,,
sorting/SPARK2/Ada-SPARK-Intro-Sort,GNATMAKE 14.2.0,0,0,0,0,0,,,30,0,,yes,no,,
sorting/SPARK2/Ada-SPARK-Kth-Smallest-Element-In-A-Sorted-Matrix,GNATMAKE 14.2.0,0,0,0,0,0,,,n/a,n/a,,yes,no,,
sorting/SPARK2/Ada-SPARK-Median-Of-Two-Sorted-Arrays-Lite,GNATMAKE 14.2.0,0,0,0,0,0,,,30,0,,yes,no,,
sorting/SPARK2/Ada-SPARK-Merge-K-Sorted-Lists-Stub,GNATMAKE 14.2.0,0,0,0,0,0,,,30,0,,yes,no,,
sorting/SPARK2/Ada-SPARK-Merge-Sorted-Array,GNATMAKE 14.2.0,0,0,0,0,0,,,30,0,,yes,no,,
sorting/SPARK2/Ada-SPARK-Merge-Sorted-Arrays,GNATMAKE 14.2.0,0,0,0,0,0,,,30,0,,yes,no,,
sorting/SPARK2/Ada-SPARK-Merge-Two-Sorted-Lists,GNATMAKE 14.2.0,0,0,0,0,0,,,30,0,,yes,no,,
sorting/SPARK2/Ada-SPARK-Odd-Even-Linked-List,GNATMAKE 14.2.0,0,0,0,0,0,,,30,0,,yes,no,,
sorting/SPARK2/Ada-SPARK-Odd-Even-Merge-Sort,GNATMAKE 14.2.0,0,0,0,0,0,,,30,0,,yes,no,,
sorting/SPARK2/Ada-SPARK-Pancake-Sort,GNATMAKE 14.2.0,0,0,0,0,0,,,30,0,,yes,no,,
sorting/SPARK2/Ada-SPARK-Patience-Sort,GNATMAKE 14.2.0,0,0,0,0,0,,,30,0,,yes,no,,
sorting/SPARK2/Ada-SPARK-Quick-Sort,GNATMAKE 14.2.0,0,0,0,0,0,,,30,0,,yes,no,,
sorting/SPARK2/Ada-SPARK-Relative-Sort-Array,GNATMAKE 14.2.0,0,0,0,0,0,,,n/a,n/a,,yes,no,,
sorting/SPARK2/Ada-SPARK-Remove-Duplicates-From-Sorted-Array,GNATMAKE 14.2.0,0,0,0,0,0,,,n/a,n/a,,yes,no,,
sorting/SPARK2/Ada-SPARK-Remove-Duplicates-From-Sorted-Array-II,GNATMAKE 14.2.0,0,0,0,0,0,,,30,0,,yes,no,,
sorting/SPARK2/Ada-SPARK-Remove-Duplicates-From-Sorted-List,GNATMAKE 14.2.0,0,0,0,0,0,,,30,0,,yes,no,,
sorting/SPARK2/Ada-SPARK-Remove-Duplicates-From-Sorted-List-II,GNATMAKE 14.2.0,0,0,0,0,0,,,30,0,,yes,no,,
sorting/SPARK2/Ada-SPARK-Remove-Duplicates-Sorted,GNATMAKE 14.2.0,0,0,0,0,0,,,n/a,n/a,,yes,no,,
sorting/SPARK2/Ada-SPARK-Search-In-Rotated-Sorted-Array,GNATMAKE 14.2.0,0,0,0,0,0,,,n/a,n/a,,yes,no,,
sorting/SPARK2/Ada-SPARK-Search-In-Rotated-Sorted-Array-II,GNATMAKE 14.2.0,0,0,0,0,0,,,n/a,n/a,,yes,no,,
sorting/SPARK2/Ada-SPARK-Shaker-Sort,GNATMAKE 14.2.0,0,0,0,0,0,,,30,0,,yes,no,,
sorting/SPARK2/Ada-SPARK-Shortest-Unsorted-Continuous-Subarray,GNATMAKE 14.2.0,0,0,0,0,0,,,n/a,n/a,,yes,no,,
sorting/SPARK2/Ada-SPARK-Smooth-Sort,GNATMAKE 14.2.0,0,0,0,0,0,,,30,0,,yes,no,,
sorting/SPARK2/Ada-SPARK-Sort-An-Array,GNATMAKE 14.2.0,0,0,0,0,0,,,n/a,n/a,,yes,no,,
sorting/SPARK2/Ada-SPARK-Sort-Array-By-Parity,GNATMAKE 14.2.0,0,0,0,0,0,,,30,0,,yes,no,,
sorting/SPARK2/Ada-SPARK-Sort-Array-By-Parity-II,GNATMAKE 14.2.0,0,0,0,0,0,,,30,0,,yes,no,,
sorting/SPARK2/Ada-SPARK-Sort-Characters-By-Frequency,GNATMAKE 14.2.0,0,0,0,0,0,,,30,0,,yes,no,,
sorting/SPARK2/Ada-SPARK-Sort-Colors,GNATMAKE 14.2.0,0,0,0,0,0,,,30,0,,yes,no,,
sorting/SPARK2/Ada-SPARK-Sort-Integers-By-The-Number-Of-1-Bits,GNATMAKE 14.2.0,0,0,0,0,0,,,n/a,n/a,,yes,no,,
sorting/SPARK2/Ada-SPARK-Sort-List-Lite,GNATMAKE 14.2.0,0,0,0,0,0,,,30,0,,yes,no,,
sorting/SPARK2/Ada-SPARK-Sorted-Array-To-BST,GNATMAKE 14.2.0,0,0,0,0,0,,,n/a,n/a,,yes,no,,
sorting/SPARK2/Ada-SPARK-Squares-Of-A-Sorted-Array,GNATMAKE 14.2.0,0,0,0,0,0,,,30,0,,yes,no,,
sorting/SPARK2/Ada-SPARK-Tim-Sort,GNATMAKE 14.2.0,0,0,0,0,0,,,30,0,,yes,no,,
sorting/SPARK2/Ada-SPARK-Tim-Sort-Stub,GNATMAKE 14.2.0,0,0,0,0,0,,,30,0,,yes,no,,
sorting/SPARK2/Ada-SPARK-Topological-Sort-Lite,GNATMAKE 14.2.0,0,0,0,0,0,,,n/a,n/a,,yes,no,,
sorting/SPARK2/Ada-SPARK-Tournament-Sort,GNATMAKE 14.2.0,0,0,0,0,0,,,30,0,,yes,no,,
sorting/SPARK2/Ada-SPARK-Two-Sum-II-Input-Array-Is-Sorted,GNATMAKE 14.2.0,0,0,0,0,0,,,n/a,n/a,,yes,no,,
sorting/SPARK2/Ada-SPARK-Wiggle-Sort,GNATMAKE 14.2.0,0,0,0,0,0,,,30,0,,yes,no,,
sorting/SPARK2/Binary-Insertion-Sort,GNATMAKE 14.2.0,0,0,0,0,0,,,30,0,,yes,no,,
sorting/SPARK4/Ada-SPARK-Bitonic-Sorter,GNATMAKE 14.2.0,0,0,0,0,0,,,30,0,,yes,no,,
sorting/SPARK4/Ada-SPARK-Bogosort,GNATMAKE 14.2.0,0,0,0,0,0,,,30,0,,yes,no,,
sorting/SPARK4/Ada-SPARK-Bubble-Sort,GNATMAKE 14.2.0,0,0,0,0,0,,,30,0,,yes,no,,
sorting/SPARK4/Ada-SPARK-Bucket-Sort,GNATMAKE 14.2.0,0,0,0,0,0,,,30,0,,yes,no,,
sorting/SPARK4/Ada-SPARK-Burstsort,GNATMAKE 14.2.0,0,0,0,0,0,,,30,0,,yes,no,,
sorting/SPARK4/Ada-SPARK-Cocktail-Shaker-Sort,GNATMAKE 14.2.0,0,0,0,0,0,,,30,0,,yes,no,,
sorting/SPARK4/Ada-SPARK-Comb-Sort,GNATMAKE 14.2.0,0,0,0,0,0,,,30,0,,yes,no,,
sorting/SPARK4/Ada-SPARK-Cycle-Sort,GNATMAKE 14.2.0,0,0,0,0,0,,,30,0,,yes,no,,
sorting/SPARK4/Ada-SPARK-Flashsort,GNATMAKE 14.2.0,0,0,0,0,0,,,30,0,,yes,no,,
sorting/SPARK4/Ada-SPARK-Gnome-Sort,GNATMAKE 14.2.0,0,0,0,0,0,,,30,0,,yes,no,,
sorting/SPARK4/Ada-SPARK-Heapsort,GNATMAKE 14.2.0,0,0,0,0,0,,,30,0,,yes,no,,
sorting/SPARK4/Ada-SPARK-Insertion-Sort,GNATMAKE 14.2.0,0,0,0,0,0,,,30,0,,yes,no,,
sorting/SPARK4/Ada-SPARK-Introsort,GNATMAKE 14.2.0,0,0,0,0,0,,,30,0,,yes,no,,
sorting/SPARK4/Ada-SPARK-Library-Sort,GNATMAKE 14.2.0,0,0,0,0,0,,,30,0,,yes,no,,
sorting/SPARK4/Ada-SPARK-Merge-Sort,GNATMAKE 14.2.0,0,0,0,0,0,,,30,0,,yes,no,,
sorting/SPARK4/Ada-SPARK-Odd-Even-Sort,GNATMAKE 14.2.0,0,0,0,0,0,,,30,0,,yes,no,,
sorting/SPARK4/Ada-SPARK-Pancake-Sorting,GNATMAKE 14.2.0,0,0,0,0,0,,,30,0,,yes,no,,
sorting/SPARK4/Ada-SPARK-Patience-Sorting,GNATMAKE 14.2.0,0,0,0,0,0,,,30,0,,yes,no,,
sorting/SPARK4/Ada-SPARK-Pigeonhole-Sort,GNATMAKE 14.2.0,0,0,0,0,0,,,30,0,,yes,no,,
sorting/SPARK4/Ada-SPARK-Postman-Sort,GNATMAKE 14.2.0,0,0,0,0,0,,,30,0,,yes,no,,
sorting/SPARK4/Ada-SPARK-Quantum-Sort,GNATMAKE 14.2.0,0,0,0,0,0,,,30,0,,yes,no,,
sorting/SPARK4/Ada-SPARK-Quicksort,GNATMAKE 14.2.0,0,0,0,0,0,,,30,0,,yes,no,,
sorting/SPARK4/Ada-SPARK-Radix-Sort,GNATMAKE 14.2.0,0,0,0,0,0,,,30,0,,yes,no,,
sorting/SPARK4/Ada-SPARK-Samplesort,GNATMAKE 14.2.0,0,0,0,0,0,,,30,0,,yes,no,,
sorting/SPARK4/Ada-SPARK-Selection-Sort,GNATMAKE 14.2.0,0,0,0,0,0,,,30,0,,yes,no,,
sorting/SPARK4/Ada-SPARK-Shell-Sort,GNATMAKE 14.2.0,0,0,0,0,0,,,30,0,,yes,no,,
sorting/SPARK4/Ada-SPARK-Slowsort,GNATMAKE 14.2.0,0,0,0,0,0,,,30,0,,yes,no,,
sorting/SPARK4/Ada-SPARK-Smoothsort,GNATMAKE 14.2.0,0,0,0,0,0,,,30,0,,yes,no,,
sorting/SPARK4/Ada-SPARK-Sort-Merge-Join,GNATMAKE 14.2.0,0,0,0,0,0,,,n/a,n/a,,yes,no,,
sorting/SPARK4/Ada-SPARK-Sorted-List,GNATMAKE 14.2.0,0,0,0,0,0,,,n/a,n/a,,yes,no,,
sorting/SPARK4/Ada-SPARK-Spaghetti-Sort,GNATMAKE 14.2.0,0,0,0,0,0,,,30,0,,yes,no,,
sorting/SPARK4/Ada-SPARK-Stooge-Sort,GNATMAKE 14.2.0,0,0,0,0,0,,,30,0,,yes,no,,
sorting/SPARK4/Ada-SPARK-Strand-Sort,GNATMAKE 14.2.0,0,0,0,0,0,,,30,0,,yes,no,,
sorting/SPARK4/Ada-SPARK-Timsort,GNATMAKE 14.2.0,0,0,0,0,0,,,30,0,,yes,no,,
sorting/SPARK4/Ada-SPARK-Topological-Sort,GNATMAKE 14.2.0,0,0,0,0,0,,,n/a,n/a,,yes,no,,
sorting/SPARK4/Ada-SPARK-Tree-Sort,GNATMAKE 14.2.0,0,0,0,0,0,,,30,0,,yes,no,,
sorting/SPARK4/Bead-Sort,GNATMAKE 14.2.0,0,0,0,0,0,,,30,0,,yes,no,,
strings/Ada/Aho-Corasick,GNATMAKE 14.2.0,0,0,0,0,0,,,n/a,n/a,,yes,no,,
strings/Ada/Boyer-Moore,GNATMAKE 14.2.0,0,0,0,0,0,,,n/a,n/a,,yes,no,,
strings/Ada/Boyer-Moore-Horspool,GNATMAKE 14.2.0,0,0,0,0,0,,,n/a,n/a,,yes,no,,
strings/Ada/Daitch-Mokotoff-Soundex,GNATMAKE 14.2.0,0,0,0,0,0,,,n/a,n/a,,yes,no,,
strings/Ada/Damerau-Levenshtein-Distance,GNATMAKE 14.2.0,0,0,0,0,0,,,n/a,n/a,,yes,no,,
strings/Ada/Double-Metaphone,GNATMAKE 14.2.0,0,0,0,0,0,,,n/a,n/a,,yes,no,,
strings/Ada/Hamming-Distance,GNATMAKE 14.2.0,0,0,0,0,0,,,n/a,n/a,,yes,no,,
strings/Ada/Jaro-Winkler-Distance,GNATMAKE 14.2.0,0,0,0,0,0,,,n/a,n/a,,yes,no,,
strings/Ada/Knuth-Morris-Pratt,GNATMAKE 14.2.0,0,0,0,0,0,,,n/a,n/a,,yes,no,,
strings/Ada/Levenshtein-Coding,GNATMAKE 14.2.0,0,0,0,0,0,,,n/a,n/a,,yes,no,,
strings/Ada/Levenshtein-Distance,GNATMAKE 14.2.0,0,0,0,0,0,,,n/a,n/a,,yes,no,,
strings/Ada/Longest-Common-Subsequence,GNATMAKE 14.2.0,0,0,0,0,0,,,n/a,n/a,,yes,no,,
strings/Ada/Metaphone,GNATMAKE 14.2.0,0,0,0,0,0,,,n/a,n/a,,yes,no,,
strings/Ada/NYSIIS,GNATMAKE 14.2.0,0,0,0,0,0,,,n/a,n/a,,yes,no,,
strings/Ada/Needleman-Wunsch,GNATMAKE 14.2.0,0,0,0,0,0,,,n/a,n/a,,yes,no,,
strings/Ada/Rabin-Karp,GNATMAKE 14.2.0,0,0,0,0,0,,,n/a,n/a,,yes,no,,
strings/Ada/Smith-Waterman,GNATMAKE 14.2.0,0,0,0,0,0,,,n/a,n/a,,yes,no,,
strings/Ada/Soundex,GNATMAKE 14.2.0,0,0,0,0,0,,,n/a,n/a,,yes,no,,
strings/Ada/Stemming,GNATMAKE 14.2.0,0,0,0,0,0,,,n/a,n/a,,yes,no,,
strings/Ada/String-Metrics,GNATMAKE 14.2.0,0,0,0,0,0,,,n/a,n/a,,yes,no,,
strings/SPARK2/Ada-SPARK-Bounded-String-Builder,GNATMAKE 14.2.0,0,0,0,0,0,,,n/a,n/a,,yes,no,,
strings/SPARK2/Ada-SPARK-Boyer-Moore,GNATMAKE 14.2.0,0,0,0,0,0,,,n/a,n/a,,yes,no,,
strings/SPARK2/Ada-SPARK-Check-If-Two-String-Arrays-Are-Equivalent,GNATMAKE 14.2.0,0,0,0,0,0,,,n/a,n/a,,yes,no,,
strings/SPARK2/Ada-SPARK-Count-The-Number-Of-Consistent-Strings,GNATMAKE 14.2.0,0,0,0,0,0,,,n/a,n/a,,yes,no,,
strings/SPARK2/Ada-SPARK-Damerau-Levenshtein-Distance,GNATMAKE 14.2.0,0,0,0,0,0,,,n/a,n/a,,yes,no,,
strings/SPARK2/Ada-SPARK-Decode-String,GNATMAKE 14.2.0,0,0,0,0,0,,,n/a,n/a,,yes,no,,
strings/SPARK2/Ada-SPARK-Decode-String-Stub,GNATMAKE 14.2.0,0,0,0,0,0,,,n/a,n/a,,yes,no,,
strings/SPARK2/Ada-SPARK-Delete-Operation-For-Two-Strings,GNATMAKE 14.2.0,0,0,0,0,0,,,n/a,n/a,,yes,no,,
strings/SPARK2/Ada-SPARK-Edit-Distance,GNATMAKE 14.2.0,0,0,0,0,0,,,30,0,,yes,no,,
strings/SPARK2/Ada-SPARK-Encode-And-Decode-Strings-Lite,GNATMAKE 14.2.0,0,0,0,0,0,,,n/a,n/a,,yes,no,,
strings/SPARK2/Ada-SPARK-Find-All-Anagrams-In-A-String,GNATMAKE 14.2.0,0,0,0,0,0,,,30,0,,yes,no,,
strings/SPARK2/Ada-SPARK-First-Unique-Character-In-A-String,GNATMAKE 14.2.0,0,0,0,0,0,,,n/a,n/a,,yes,no,,
strings/SPARK2/Ada-SPARK-Hamming-Distance,GNATMAKE 14.2.0,0,0,0,0,0,,,n/a,n/a,,yes,no,,
strings/SPARK2/Ada-SPARK-Isomorphic-Strings,GNATMAKE 14.2.0,0,0,0,0,0,,,n/a,n/a,,yes,no,,
strings/SPARK2/Ada-SPARK-Knuth-Morris-Pratt,GNATMAKE 14.2.0,0,0,0,0,0,,,n/a,n/a,,yes,no,,
strings/SPARK2/Ada-SPARK-Longest-Common-Prefix,GNATMAKE 14.2.0,0,0,0,0,0,,,n/a,n/a,,yes,no,,
strings/SPARK2/Ada-SPARK-Longest-Common-Subsequence,GNATMAKE 14.2.0,0,0,0,0,0,,,n/a,n/a,,yes,no,,
strings/SPARK2/Ada-SPARK-Make-The-String-Great,GNATMAKE 14.2.0,0,0,0,0,0,,,30,0,,yes,no,,
strings/SPARK2/Ada-SPARK-Multiply-Strings-Lite,GNATMAKE 14.2.0,0,0,0,0,0,,,n/a,n/a,,yes,no,,
strings/SPARK2/Ada-SPARK-Multiply-Strings-Stub,GNATMAKE 14.2.0,0,0,0,0,0,,,30,0,,yes,no,,
strings/SPARK2/Ada-SPARK-Number-Of-Lines-To-Write-String,GNATMAKE 14.2.0,0,0,0,0,0,,,30,0,,yes,no,,
strings/SPARK2/Ada-SPARK-One-Edit-Distance,GNATMAKE 14.2.0,0,0,0,0,0,,,30,0,,yes,no,,
strings/SPARK2/Ada-SPARK-Permutation-In-String,GNATMAKE 14.2.0,0,0,0,0,0,,,n/a,n/a,,yes,no,,
strings/SPARK2/Ada-SPARK-Rabin-Karp,GNATMAKE 14.2.0,0,0,0,0,0,,,n/a,n/a,,yes,no,,
strings/SPARK2/Ada-SPARK-Remove-All-Adjacent-Duplicates-In-String,GNATMAKE 14.2.0,0,0,0,0,0,,,30,0,,yes,no,,
strings/SPARK2/Ada-SPARK-Reorganize-String,GNATMAKE 14.2.0,0,0,0,0,0,,,n/a,n/a,,yes,no,,
strings/SPARK2/Ada-SPARK-Reorganize-String-Stub,GNATMAKE 14.2.0,0,0,0,0,0,,,n/a,n/a,,yes,no,,
strings/SPARK2/Ada-SPARK-Repeated-String-Match,GNATMAKE 14.2.0,0,0,0,0,0,,,30,0,,yes,no,,
strings/SPARK2/Ada-SPARK-Reverse-String,GNATMAKE 14.2.0,0,0,0,0,0,,,n/a,n/a,,yes,no,,
strings/SPARK2/Ada-SPARK-Reverse-String-II,GNATMAKE 14.2.0,0,0,0,0,0,,,n/a,n/a,,yes,no,,
strings/SPARK2/Ada-SPARK-Reverse-Vowels-Of-A-String,GNATMAKE 14.2.0,0,0,0,0,0,,,30,0,,yes,no,,
strings/SPARK2/Ada-SPARK-Reverse-Words-In-A-String,GNATMAKE 14.2.0,0,0,0,0,0,,,n/a,n/a,,yes,no,,
strings/SPARK2/Ada-SPARK-Reverse-Words-In-A-String-III,GNATMAKE 14.2.0,0,0,0,0,0,,,30,0,,yes,no,,
strings/SPARK2/Ada-SPARK-Rotate-String,GNATMAKE 14.2.0,0,0,0,0,0,,,30,0,,yes,no,,
strings/SPARK2/Ada-SPARK-String-To-Integer-Atoi,GNATMAKE 14.2.0,0,0,0,0,0,,,n/a,n/a,,yes,no,,
strings/SPARK2/Ada-SPARK-String-To-Integer-Atoi-Stub,GNATMAKE 14.2.0,0,0,0,0,0,,,n/a,n/a,,yes,no,,
strings/SPARK2/Ada-SPARK-Sum-Of-Digits-Of-String-After-Convert,GNATMAKE 14.2.0,0,0,0,0,0,,,n/a,n/a,,yes,no,,
strings/SPARK2/Ada-SPARK-Total-Hamming-Distance,GNATMAKE 14.2.0,0,0,0,0,0,,,30,0,,yes,no,,
strings/SPARK2/Ada-SPARK-Z-Algorithm,GNATMAKE 14.2.0,0,0,0,0,0,,,30,0,,yes,no,,
strings/SPARK2/Add-Strings,GNATMAKE 14.2.0,0,0,0,0,0,,,n/a,n/a,,yes,no,,
strings/SPARK3/Levenshtein-Distance,GNATMAKE 14.2.0,0,0,0,0,0,,,n/a,n/a,,yes,no,,
trees/Ada/Abstract-Interpretation,GNATMAKE 14.2.0,0,0,0,0,0,,,n/a,n/a,,yes,no,,
trees/Ada/Abstract-Syntax-Tree,GNATMAKE 14.2.0,0,0,0,0,0,,,n/a,n/a,,yes,no,,
trees/Ada/Context-Tree-Weighting,GNATMAKE 14.2.0,0,0,0,0,0,,,n/a,n/a,,yes,no,,
trees/Ada/Decision-Trees,GNATMAKE 14.2.0,0,0,0,0,0,,,n/a,n/a,,yes,no,,
trees/Ada/Embedded-Zerotree-Wavelet,GNATMAKE 14.2.0,0,0,0,0,0,,,n/a,n/a,,yes,no,,
trees/Ada/Longest-Common-Substring,GNATMAKE 14.2.0,0,0,0,0,0,,,n/a,n/a,,yes,no,,
trees/Ada/Red-Black-Tree,GNATMAKE 14.2.0,0,0,0,0,0,,,n/a,n/a,,yes,no,,
trees/Ada/Set-Partitioning-In-Hierarchical-Trees,GNATMAKE 14.2.0,0,0,0,0,0,,,n/a,n/a,,yes,no,,
trees/SPARK2/Ada-SPARK-BST-Iterator-Stub,GNATMAKE 14.2.0,0,0,0,0,0,,,n/a,n/a,,yes,no,,
trees/SPARK2/Ada-SPARK-Balanced-Binary-Tree,GNATMAKE 14.2.0,0,0,0,0,0,,,30,0,,yes,no,,
trees/SPARK2/Ada-SPARK-Binary-Tree-Inorder,GNATMAKE 14.2.0,0,0,0,0,0,,,30,0,,yes,no,,
trees/SPARK2/Ada-SPARK-Binary-Tree-Level-Order,GNATMAKE 14.2.0,0,0,0,0,0,,,30,0,,yes,no,,
trees/SPARK2/Ada-SPARK-Binary-Tree-Max-Depth,GNATMAKE 14.2.0,0,0,0,0,0,,,30,0,,yes,no,,
trees/SPARK2/Ada-SPARK-Binary-Tree-Min-Depth,GNATMAKE 14.2.0,0,0,0,0,0,,,30,0,,yes,no,,
trees/SPARK2/Ada-SPARK-Binary-Tree-Paths,GNATMAKE 14.2.0,0,0,0,0,0,,,n/a,n/a,,yes,no,,
trees/SPARK2/Ada-SPARK-Binary-Tree-Postorder,GNATMAKE 14.2.0,0,0,0,0,0,,,30,0,,yes,no,,
trees/SPARK2/Ada-SPARK-Binary-Tree-Preorder,GNATMAKE 14.2.0,0,0,0,0,0,,,30,0,,yes,no,,
trees/SPARK2/Ada-SPARK-Binary-Tree-Right-Side-View,GNATMAKE 14.2.0,0,0,0,0,0,,,n/a,n/a,,yes,no,,
trees/SPARK2/Ada-SPARK-Construct-Binary-Tree-From-Inorder-And-Postorder-Lite,GNATMAKE 14.2.0,0,0,0,0,0,,,n/a,n/a,,yes,no,,
trees/SPARK2/Ada-SPARK-Construct-Binary-Tree-From-Preorder-And-Inorder-Lite,GNATMAKE 14.2.0,0,0,0,0,0,,,n/a,n/a,,yes,no,,
trees/SPARK2/Ada-SPARK-Convert-BST-To-Greater-Tree,GNATMAKE 14.2.0,0,0,0,0,0,,,30,0,,yes,no,,
trees/SPARK2/Ada-SPARK-Count-Binary-Substrings,GNATMAKE 14.2.0,0,0,0,0,0,,,30,0,,yes,no,,
trees/SPARK2/Ada-SPARK-Count-Complete-Tree-Nodes,GNATMAKE 14.2.0,0,0,0,0,0,,,n/a,n/a,,yes,no,,
trees/SPARK2/Ada-SPARK-Delete-Node-BST-Stub,GNATMAKE 14.2.0,0,0,0,0,0,,,n/a,n/a,,yes,no,,
trees/SPARK2/Ada-SPARK-Delete-Node-In-A-BST-Lite,GNATMAKE 14.2.0,0,0,0,0,0,,,n/a,n/a,,yes,no,,
trees/SPARK2/Ada-SPARK-Diameter-Of-Binary-Tree,GNATMAKE 14.2.0,0,0,0,0,0,,,30,0,,yes,no,,
trees/SPARK2/Ada-SPARK-Find-Mode-In-BST,GNATMAKE 14.2.0,0,0,0,0,0,,,n/a,n/a,,yes,no,,
trees/SPARK2/Ada-SPARK-Flatten-Binary-Tree-To-Linked-List-Lite,GNATMAKE 14.2.0,0,0,0,0,0,,,n/a,n/a,,yes,no,,
trees/SPARK2/Ada-SPARK-Get-Equal-Substrings-Within-Budget,GNATMAKE 14.2.0,0,0,0,0,0,,,30,0,,yes,no,,
trees/SPARK2/Ada-SPARK-Implement-Trie,GNATMAKE 14.2.0,0,0,0,0,0,,,30,0,,yes,no,,
trees/SPARK2/Ada-SPARK-Insert-Into-BST,GNATMAKE 14.2.0,0,0,0,0,0,,,30,0,,yes,no,,
trees/SPARK2/Ada-SPARK-Invert-Binary-Tree,GNATMAKE 14.2.0,0,0,0,0,0,,,30,0,,yes,no,,
trees/SPARK2/Ada-SPARK-Kth-Smallest-BST-Stub,GNATMAKE 14.2.0,0,0,0,0,0,,,n/a,n/a,,yes,no,,
trees/SPARK2/Ada-SPARK-Leaf-Similar-Trees,GNATMAKE 14.2.0,0,0,0,0,0,,,n/a,n/a,,yes,no,,
trees/SPARK2/Ada-SPARK-Longest-Common-Substring,GNATMAKE 14.2.0,0,0,0,0,0,,,n/a,n/a,,yes,no,,
trees/SPARK2/Ada-SPARK-Longest-Palindromic-Substring,GNATMAKE 14.2.0,0,0,0,0,0,,,30,0,,yes,no,,
trees/SPARK2/Ada-SPARK-Longest-Substring-Without-Repeat,GNATMAKE 14.2.0,0,0,0,0,0,,,30,0,,yes,no,,
trees/SPARK2/Ada-SPARK-Longest-Substring-Without-Repeating,GNATMAKE 14.2.0,0,0,0,0,0,,,30,0,,yes,no,,
trees/SPARK2/Ada-SPARK-Lowest-Common-Ancestor-BST,GNATMAKE 14.2.0,0,0,0,0,0,,,30,0,,yes,no,,
trees/SPARK2/Ada-SPARK-Lowest-Common-Ancestor-Of-BST,GNATMAKE 14.2.0,0,0,0,0,0,,,30,0,,yes,no,,
trees/SPARK2/Ada-SPARK-Maximum-Binary-Tree,GNATMAKE 14.2.0,0,0,0,0,0,,,n/a,n/a,,yes,no,,
trees/SPARK2/Ada-SPARK-Maximum-Depth-Of-Binary-Tree,GNATMAKE 14.2.0,0,0,0,0,0,,,30,0,,yes,no,,
trees/SPARK2/Ada-SPARK-Maximum-Depth-Of-N-Ary-Tree,GNATMAKE 14.2.0,0,0,0,0,0,,,n/a,n/a,,yes,no,,
trees/SPARK2/Ada-SPARK-Merge-Two-Binary-Trees,GNATMAKE 14.2.0,0,0,0,0,0,,,30,0,,yes,no,,
trees/SPARK2/Ada-SPARK-Minimum-Depth-Of-Binary-Tree,GNATMAKE 14.2.0,0,0,0,0,0,,,30,0,,yes,no,,
trees/SPARK2/Ada-SPARK-Minimum-Height-Trees,GNATMAKE 14.2.0,0,0,0,0,0,,,n/a,n/a,,yes,no,,
trees/SPARK2/Ada-SPARK-Minimum-Window-Substring,GNATMAKE 14.2.0,0,0,0,0,0,,,30,0,,yes,no,,
trees/SPARK2/Ada-SPARK-N-Ary-Tree-Level-Order-Traversal,GNATMAKE 14.2.0,0,0,0,0,0,,,n/a,n/a,,yes,no,,
trees/SPARK2/Ada-SPARK-N-Ary-Tree-Postorder-Traversal,GNATMAKE 14.2.0,0,0,0,0,0,,,n/a,n/a,,yes,no,,
trees/SPARK2/Ada-SPARK-N-Ary-Tree-Preorder-Traversal,GNATMAKE 14.2.0,0,0,0,0,0,,,n/a,n/a,,yes,no,,
trees/SPARK2/Ada-SPARK-Number-Of-Substrings-Containing-All-Three-Characters,GNATMAKE 14.2.0,0,0,0,0,0,,,n/a,n/a,,yes,no,,
trees/SPARK2/Ada-SPARK-Range-Sum-BST,GNATMAKE 14.2.0,0,0,0,0,0,,,30,0,,yes,no,,
trees/SPARK2/Ada-SPARK-Range-Sum-Of-BST,GNATMAKE 14.2.0,0,0,0,0,0,,,30,0,,yes,no,,
trees/SPARK2/Ada-SPARK-Red-Black-Tree,GNATMAKE 14.2.0,0,0,0,0,0,,,n/a,n/a,,yes,no,,
trees/SPARK2/Ada-SPARK-Repeated-Substring-Pattern,GNATMAKE 14.2.0,0,0,0,0,0,,,n/a,n/a,,yes,no,,
trees/SPARK2/Ada-SPARK-Same-Tree,GNATMAKE 14.2.0,0,0,0,0,0,,,30,0,,yes,no,,
trees/SPARK2/Ada-SPARK-Subtree-Of-Another-Tree,GNATMAKE 14.2.0,0,0,0,0,0,,,30,0,,yes,no,,
trees/SPARK2/Ada-SPARK-Symmetric-Tree,GNATMAKE 14.2.0,0,0,0,0,0,,,30,0,,yes,no,,
trees/SPARK2/Ada-SPARK-Trim-BST-Stub,GNATMAKE 14.2.0,0,0,0,0,0,,,n/a,n/a,,yes,no,,
trees/SPARK2/Ada-SPARK-Two-Sum-BST-Stub,GNATMAKE 14.2.0,0,0,0,0,0,,,n/a,n/a,,yes,no,,
trees/SPARK2/Ada-SPARK-Unique-BSTs-Stub,GNATMAKE 14.2.0,0,0,0,0,0,,,n/a,n/a,,yes,no,,
trees/SPARK2/Ada-SPARK-Unique-Paths-With-Obstacles,GNATMAKE 14.2.0,0,0,0,0,0,,,n/a,n/a,,yes,no,,
trees/SPARK2/Ada-SPARK-Univalued-Binary-Tree,GNATMAKE 14.2.0,0,0,0,0,0,,,n/a,n/a,,yes,no,,
trees/SPARK2/Ada-SPARK-Validate-BST-Stub,GNATMAKE 14.2.0,0,0,0,0,0,,,n/a,n/a,,yes,no,,
trees/SPARK2/Average-Of-Levels-In-Binary-Tree,GNATMAKE 14.2.0,0,0,0,0,0,,,n/a,n/a,,yes,no,,
