folder,status
clustering/Ada/Average-Linkage-Clustering,"scan-clean, not planted"
clustering/Ada/Canopy-Clustering,"scan-clean, not planted"
clustering/Ada/Clustering,"scan-clean, not planted"
clustering/Ada/Clustering-Algorithms,"scan-clean, not planted"
clustering/Ada/Complete-Linkage-Clustering,"scan-clean, not planted"
clustering/Ada/DBSCAN,"scan-clean, not planted"
clustering/Ada/FLAME-Clustering,"scan-clean, not planted"
clustering/Ada/Fuzzy-Clustering,"scan-clean, not planted"
clustering/Ada/K-Means-Clustering,"scan-clean, not planted"
clustering/Ada/K-Means-Plus-Plus,"scan-clean, not planted"
clustering/Ada/Lloyds-Algorithm,"scan-clean, not planted"
clustering/Ada/OPTICS,"scan-clean, not planted"
clustering/Ada/Single-Linkage-Clustering,"scan-clean, not planted"
clustering/Ada/WACA-Clustering,"scan-clean, not planted"
clustering/Ada/Wards-Method,"scan-clean, not planted"
clustering/SPARK2/K-Means-Step,"scan-clean, not planted"
compression/Ada/Adaptive-Huffman,"scan-clean, not planted"
compression/Ada/Arithmetic-Coding,"scan-clean, not planted"
compression/Ada/Audio-Compression,"scan-clean, not planted"
compression/Ada/Berlekamp-Massey-Algorithm,"scan-clean, not planted"
compression/Ada/Berlekamp-Root-Finding,"scan-clean, not planted"
compression/Ada/Burrows-Wheeler-Transform,"scan-clean, not planted"
compression/Ada/Deflate,"scan-clean, not planted"
compression/Ada/Dynamic-Markov-Compression,"scan-clean, not planted"
compression/Ada/Earley-Parser,"scan-clean, not planted"
compression/Ada/Fast-Efficient-Lossless-Image-Compression-System,"scan-clean, not planted"
compression/Ada/Fractal-Compression,"scan-clean, not planted"
compression/Ada/Huffmann-Coding,"scan-clean, not planted"
compression/Ada/Image-Compression,"scan-clean, not planted"
compression/Ada/LZ77-LZ78,"scan-clean, not planted"
compression/Ada/LZWL,"scan-clean, not planted"
compression/Ada/LZX,"scan-clean, not planted"
compression/Ada/Peterson-Gorenstein-Zierler-Algorithm,"scan-clean, not planted"
compression/Ada/Run-Length-Encoding,"scan-clean, not planted"
compression/Ada/Speech-Compression,"scan-clean, not planted"
compression/Ada/Verlet-Integration,"scan-clean, not planted"
compression/Ada/Video-Compression,"scan-clean, not planted"
compression/Ada/Wavelet-Compression,"scan-clean, not planted"
compression/SPARK2/Ada-SPARK-Compress-String,"scan-clean, not planted"
compression/SPARK2/Ada-SPARK-Interleaving-String,"scan-clean, not planted"
compression/SPARK2/Ada-SPARK-LZ77,"scan-clean, not planted"
compression/SPARK2/Ada-SPARK-Move-To-Front,"scan-clean, not planted"
compression/SPARK2/Ada-SPARK-Run-Length-Encoding,"scan-clean, not planted"
compression/SPARK2/Ada-SPARK-String-Compression,"scan-clean, not planted"
compression/SPARK2/Burrows-Wheeler-Transform,"scan-clean, not planted"
compression/SPARK3/Huffman-Coding,"scan-clean, not planted"
concurrency/Ada/Lamport-Ordering,"scan-clean, not planted"
concurrency/Ada/Paxos-Algorithm,"scan-clean, not planted"
concurrency/Ada/Vector-Clocks,"scan-clean, not planted"
concurrency/Ada/lamport/src,"scan-clean, not planted"
concurrency/SPARK2/Ada-SPARK-Course-Schedule-II,"scan-clean, not planted"
concurrency/SPARK2/Ada-SPARK-Course-Schedule-II-Stub,"scan-clean, not planted"
concurrency/SPARK2/Ada-SPARK-Dekkers-Algorithm,"scan-clean, not planted"
concurrency/SPARK2/Ada-SPARK-Lamports-Bakery-Algorithm,"scan-clean, not planted"
concurrency/SPARK2/Ada-SPARK-Petersons-Algorithm,"scan-clean, not planted"
concurrency/SPARK2/Ada-SPARK-Task-Scheduler,"scan-clean, not planted"
concurrency/SPARK2/Ada-SPARK-Task-Scheduler-Stub,"scan-clean, not planted"
concurrency/SPARK2/Course-Schedule,"scan-clean, not planted"
cryptography/Ada/Aes,"scan-clean, not planted"
cryptography/Ada/Argon2,"scan-clean, not planted"
cryptography/Ada/Asymetric-Public-Key-Encryption,"scan-clean, not planted"
cryptography/Ada/BLAKE,"scan-clean, not planted"
cryptography/Ada/Bcrypt,"scan-clean, not planted"
cryptography/Ada/Blowfish,"scan-clean, not planted"
cryptography/Ada/ChaCha20,"scan-clean, not planted"
cryptography/Ada/Data-Encryption-Standard,"scan-clean, not planted"
cryptography/Ada/ECDSA,"scan-clean, not planted"
cryptography/Ada/Elliptic-Curve-Diffie-Hellman,"scan-clean, not planted"
cryptography/Ada/Fortuna,"scan-clean, not planted"
cryptography/Ada/HMAC,"scan-clean, not planted"
cryptography/Ada/IDEA,"scan-clean, not planted"
cryptography/Ada/Lenstra-Elliptic-Curve-Factorization,"scan-clean, not planted"
cryptography/Ada/MD5,"scan-clean, not planted"
cryptography/Ada/NTRUEncrypt,"scan-clean, not planted"
cryptography/Ada/RC4,"scan-clean, not planted"
cryptography/Ada/RSA,"scan-clean, not planted"
cryptography/Ada/SHA3,"scan-clean, not planted"
cryptography/Ada/Shamirs-Secret-Sharing,"scan-clean, not planted"
cryptography/Ada/Stochastic-Universal-Sampling,"scan-clean, not planted"
cryptography/Ada/Symetric-Encryption,"scan-clean, not planted"
cryptography/Ada/Threefish,"scan-clean, not planted"
cryptography/Ada/Tiny-Encryption-Algorithm,"scan-clean, not planted"
cryptography/Ada/Twofish,"scan-clean, not planted"
cryptography/Ada/Universal-Coding,"scan-clean, not planted"
cryptography/Ada/Universal-Variable-Formulation,"scan-clean, not planted"
cryptography/Ada/WHIRLPOOL,"scan-clean, not planted"
cryptography/Ada/Yarrow-Algorithm,"scan-clean, not planted"
cryptography/SPARK2/Ada-SPARK-Level-Order-Traversal-Stub,"scan-clean, not planted"
cryptography/SPARK2/Ada-SPARK-MD5,"scan-clean, not planted"
cryptography/SPARK2/Ada-SPARK-SHA-1,"scan-clean, not planted"
cryptography/SPARK2/Bit-Reversal,"scan-clean, not planted"
geometry/Ada/Adaptive-Histogram-Equalization,"scan-clean, not planted"
geometry/Ada/Ambient-Occlusion,"scan-clean, not planted"
geometry/Ada/Bresenhams-Line-Algorithm,"scan-clean, not planted"
geometry/Ada/Canny-Edge-Detector,"scan-clean, not planted"
geometry/Ada/Clipping,"scan-clean, not planted"
geometry/Ada/Closest-Pair-Problem,"scan-clean, not planted"
geometry/Ada/Cohen-Sutherland,"scan-clean, not planted"
geometry/Ada/Constructive-Solid-Geometry,"scan-clean, not planted"
geometry/Ada/Convex-Hull-Algorithms,"scan-clean, not planted"
geometry/Ada/Delaunay-Triangulation,"scan-clean, not planted"
geometry/Ada/Dithering,"scan-clean, not planted"
geometry/Ada/Fast-Clipping,"scan-clean, not planted"
geometry/Ada/Generalised-Hough-Transform,"scan-clean, not planted"
geometry/Ada/Gift-Wrapping,"scan-clean, not planted"
geometry/Ada/Gouraud-Shading,"scan-clean, not planted"
geometry/Ada/Grabcut,"scan-clean, not planted"
geometry/Ada/Graham-Scan,"scan-clean, not planted"
geometry/Ada/Histogram-Equalization,"scan-clean, not planted"
geometry/Ada/Hough-Transform,"scan-clean, not planted"
geometry/Ada/Isosurfaces,"scan-clean, not planted"
geometry/Ada/Kirkpatrick-Seidel,"scan-clean, not planted"
geometry/Ada/Liang-Barsky,"scan-clean, not planted"
geometry/Ada/Line-Clipping,"scan-clean, not planted"
geometry/Ada/Line-Segment-Intersection,"scan-clean, not planted"
geometry/Ada/Marching-Cubes,"scan-clean, not planted"
geometry/Ada/Ordered-Dithering,"scan-clean, not planted"
geometry/Ada/Phong-Shading,"scan-clean, not planted"
geometry/Ada/Point-In-Polygon,"scan-clean, not planted"
geometry/Ada/Polygon-Triangulation,"scan-clean, not planted"
geometry/Ada/Quasitriangulation,"scan-clean, not planted"
geometry/Ada/Quickhull,"scan-clean, not planted"
geometry/Ada/Radiosity,"scan-clean, not planted"
geometry/Ada/Ramer-Douglas-Peucker-Algorithm,"scan-clean, not planted"
geometry/Ada/Ray-Tracing,"scan-clean, not planted"
geometry/Ada/Riemersma-Dithering,"scan-clean, not planted"
geometry/Ada/Segmentation,"scan-clean, not planted"
geometry/Ada/Shading,"scan-clean, not planted"
geometry/Ada/Slerp,"scan-clean, not planted"
geometry/Ada/Sutherland-Hodgman,"scan-clean, not planted"
geometry/Ada/Triangulation,"scan-clean, not planted"
geometry/Ada/Vatti,"scan-clean, not planted"
geometry/Ada/Vincenty,"scan-clean, not planted"
geometry/Ada/Voronoi-Diagrams,"scan-clean, not planted"
geometry/Ada/Warnock-Algorithm,"scan-clean, not planted"
geometry/Ada/Watershed-Transformation,"scan-clean, not planted"
geometry/Ada/Weiler-Atherton,"scan-clean, not planted"
geometry/Ada/Xiaolin-Wus-Line-Algorithm,"scan-clean, not planted"
geometry/SPARK2/Ada-SPARK-Convex-Hull-Graham,"scan-clean, not planted"
geometry/SPARK2/Ada-SPARK-Point-In-Polygon,"scan-clean, not planted"
geometry/SPARK2/Closest-Pair-Brute,"scan-clean, not planted"
graphs/Ada/A-Star,"scan-clean, not planted"
graphs/Ada/Bellman-Ford-Algorithm,"scan-clean, not planted"
graphs/Ada/Boruvkas-Algorithm,"scan-clean, not planted"
graphs/Ada/Cliques,"scan-clean, not planted"
graphs/Ada/Coin-Graph,"scan-clean, not planted"
graphs/Ada/Cryptographically-Secure-Pseudo-Random-Number-Generators,"scan-clean, not planted"
graphs/Ada/Cryptographically-Secure-Pseudorandom-Number-Generator,"scan-clean, not planted"
graphs/Ada/Dijkstra-Scholten-Algorithm,"scan-clean, not planted"
graphs/Ada/Dijkstras-Algorithm,"scan-clean, not planted"
graphs/Ada/Dinics-Algorithm,"scan-clean, not planted"
graphs/Ada/Edmonds-Karp-Algorithm,"scan-clean, not planted"
graphs/Ada/Elliptic-Curve-Cryptography,"scan-clean, not planted"
graphs/Ada/Euclidean-Minimum-Spanning-Tree,"scan-clean, not planted"
graphs/Ada/Floyd-Steinberg-Dithering,"scan-clean, not planted"
graphs/Ada/Floyd-Warshall-Algorithm,"scan-clean, not planted"
graphs/Ada/Floyds-Cycle-Finding-Algorithm,"scan-clean, not planted"
graphs/Ada/Ford-Fulkerson-Algorithm,"scan-clean, not planted"
graphs/Ada/Hungarian-Algorithm,"scan-clean, not planted"
graphs/Ada/Hungarian-Method,"scan-clean, not planted"
graphs/Ada/Kosarajus-Algorithm,"scan-clean, not planted"
graphs/Ada/Kruskals-Algorithm,"scan-clean, not planted"
graphs/Ada/MaxCliqueDyn,"scan-clean, not planted"
graphs/Ada/Minimum-Spanning-Tree,"scan-clean, not planted"
graphs/Ada/PageRank,"scan-clean, not planted"
graphs/Ada/Post-Quantum-Cryptography,"scan-clean, not planted"
graphs/Ada/Prims-Algorithm,"scan-clean, not planted"
graphs/Ada/Shortest-Path-Problem,"scan-clean, not planted"
graphs/Ada/Tarjans-Off-Line-Lowest-Common-Ancestors,"scan-clean, not planted"
graphs/Ada/Tarjans-Strongly-Connected-Components,"scan-clean, not planted"
graphs/Ada/subgraph-isomorphism,"scan-clean, not planted"
graphs/SPARK2/Ada-SPARK-Bellman-Ford-Lite,"scan-clean, not planted"
graphs/SPARK2/Ada-SPARK-Clone-Graph,"scan-clean, not planted"
graphs/SPARK2/Ada-SPARK-Clone-Graph-Stub,"scan-clean, not planted"
graphs/SPARK2/Ada-SPARK-Dijkstra-Lite,"scan-clean, not planted"
graphs/SPARK2/Ada-SPARK-Find-Center-Of-Star-Graph,"scan-clean, not planted"
graphs/SPARK2/Ada-SPARK-Find-If-Path-Exists-In-Graph,"scan-clean, not planted"
graphs/SPARK2/Ada-SPARK-Floyd-Warshall,"scan-clean, not planted"
graphs/SPARK2/Ada-SPARK-Floyd-Warshall-Lite,"scan-clean, not planted"
graphs/SPARK2/Ada-SPARK-Is-Graph-Bipartite,"scan-clean, not planted"
graphs/SPARK2/Ada-SPARK-Kruskal-MST-Lite,"scan-clean, not planted"
graphs/SPARK2/Ada-SPARK-Kruskals-Algorithm,"scan-clean, not planted"
graphs/SPARK2/Ada-SPARK-Number-Of-Islands-DFS,"scan-clean, not planted"
graphs/SPARK2/Ada-SPARK-Prims-Algorithm,"scan-clean, not planted"
graphs/SPARK2/Ada-SPARK-Shortest-Path-In-Binary-Matrix,"scan-clean, not planted"
graphs/SPARK2/Bellman-Ford-Algorithm,"scan-clean, not planted"
graphs/SPARK4/A-Star,"scan-clean, not planted"
graphs/SPARK4/Ada-SPARK-Dijkstras-Algorithm,"scan-clean, not planted"
graphs/SPARK4/Ada-SPARK-Floyds-Cycle-Finding-Algorithm,"scan-clean, not planted"
hashing/Ada/Bloom-Filter,"scan-clean, not planted"
hashing/Ada/Geohash,"scan-clean, not planted"
hashing/Ada/Geometric-Hashing,"scan-clean, not planted"
hashing/Ada/Hash-Functions,"scan-clean, not planted"
hashing/Ada/Hash-Join,"scan-clean, not planted"
hashing/Ada/Locality-Sensitive-Hashing,"scan-clean, not planted"
hashing/Ada/Pearson-Hashing,"scan-clean, not planted"
hashing/Ada/SipHash,"scan-clean, not planted"
hashing/Ada/Tiger-Hash,"scan-clean, not planted"
hashing/Ada/Zobrist-Hashing,"scan-clean, not planted"
hashing/SPARK2/Ada-SPARK-Design-HashMap,"scan-clean, not planted"
hashing/SPARK2/Ada-SPARK-Design-HashMap-Stub,"scan-clean, not planted"
hashing/SPARK2/Ada-SPARK-Design-HashSet,"scan-clean, not planted"
hashing/SPARK2/Ada-SPARK-Design-HashSet-Stub,"scan-clean, not planted"
hashing/SPARK2/Ada-SPARK-FNV-Hash,"scan-clean, not planted"
hashing/SPARK2/Ada-SPARK-Pearson-Hashing,"scan-clean, not planted"
hashing/SPARK2/Ada-SPARK-Zobrist-Hashing,"scan-clean, not planted"
hashing/SPARK2/Bloom-Filter,"scan-clean, not planted"
logic/Ada/Automated-Theorem-Proving,"scan-clean, not planted"
logic/Ada/Chaff,"scan-clean, not planted"
logic/Ada/Constraint-Satisfaction,"scan-clean, not planted"
logic/Ada/DPLL,"scan-clean, not planted"
logic/Ada/DPLL-Algorithm,"scan-clean, not planted"
logic/Ada/Davis-Putnam,"scan-clean, not planted"
logic/Ada/Verified-Unification-Engine,"scan-clean, not planted"
matrices/Ada/Chain-Matrix-Multiplication,"scan-clean, not planted"
matrices/Ada/Eigenvalue-Algorithms,"scan-clean, not planted"
matrices/Ada/Gaussian-Elimination,"scan-clean, not planted"
matrices/Ada/Jacobi-Eigenvalue,"scan-clean, not planted"
matrices/Ada/Matrix-Multiplication,"scan-clean, not planted"
matrices/Ada/Quantum-Singular-Value-Transformation,"scan-clean, not planted"
matrices/Ada/SMAWK,"scan-clean, not planted"
matrices/Ada/Schonhage-Strassen,"scan-clean, not planted"
matrices/Ada/Sparse-Matrix,"scan-clean, not planted"
matrices/Ada/Strassen,"scan-clean, not planted"
matrices/Ada/Symbolic-Cholesky-Decomposition,"scan-clean, not planted"
matrices/SPARK2/Ada-SPARK-Check-If-Matrix-Is-X-Matrix,"scan-clean, not planted"
matrices/SPARK2/Ada-SPARK-Gaussian-Elimination,"scan-clean, not planted"
matrices/SPARK2/Ada-SPARK-Lucky-Numbers-In-A-Matrix,"scan-clean, not planted"
matrices/SPARK2/Ada-SPARK-Matrix-Cells-In-Distance-Order,"scan-clean, not planted"
matrices/SPARK2/Ada-SPARK-Matrix-Chain-Multiplication,"scan-clean, not planted"
matrices/SPARK2/Ada-SPARK-Matrix-Diagonal-Sum,"scan-clean, not planted"
matrices/SPARK2/Ada-SPARK-Matrix-Multiply,"scan-clean, not planted"
matrices/SPARK2/Ada-SPARK-Num-Matrix-Block-Sum,"scan-clean, not planted"
matrices/SPARK2/Ada-SPARK-Reshape-The-Matrix,"scan-clean, not planted"
matrices/SPARK2/Ada-SPARK-Set-Matrix-Zeroes,"scan-clean, not planted"
matrices/SPARK2/Ada-SPARK-Spiral-Matrix,"scan-clean, not planted"
matrices/SPARK2/Ada-SPARK-Spiral-Matrix-II,"scan-clean, not planted"
matrices/SPARK2/Ada-SPARK-The-K-Weakest-Rows-In-A-Matrix,"scan-clean, not planted"
matrices/SPARK2/Ada-SPARK-Toeplitz-Matrix,"scan-clean, not planted"
matrices/SPARK2/Ada-SPARK-Transpose-Matrix,"scan-clean, not planted"
matrices/SPARK2/Matrix-01,"scan-clean, not planted"
misc/Ada/A-Law-Algorithm,"scan-clean, not planted"
misc/Ada/AC-3,"scan-clean, not planted"
misc/Ada/ACORN-Generator,"scan-clean, not planted"
misc/Ada/Adaptive-Additive-Algorithm,"scan-clean, not planted"
misc/Ada/Addition-Chain-Exponentiation,"scan-clean, not planted"
misc/Ada/Adler-32,"scan-clean, not planted"
misc/Ada/Aharonov-Jones-Landau-Algorithm,"scan-clean, not planted"
misc/Ada/Algorithm-X,"scan-clean, not planted"
misc/Ada/Algorithms-For-Calculating-Variance,"scan-clean, not planted"
misc/Ada/Alpha-Beta-Pruning,"scan-clean, not planted"
misc/Ada/Alpha-Max-Plus-Beta-Min,"scan-clean, not planted"
misc/Ada/Amplitude-Amplification,"scan-clean, not planted"
misc/Ada/Ant-Colony-Optimization,"scan-clean, not planted"
misc/Ada/Approximate-Counting,"scan-clean, not planted"
misc/Ada/Apriori-Algorithm,"scan-clean, not planted"
misc/Ada/Association-Rule-Learning,"scan-clean, not planted"
misc/Ada/Automated-Planning-And-Scheduling,"scan-clean, not planted"
misc/Ada/Automatic-Train-Operation,"scan-clean, not planted"
misc/Ada/B-Star,"scan-clean, not planted"
misc/Ada/BCH-Codes,"scan-clean, not planted"
misc/Ada/BCJR-Algorithm,"scan-clean, not planted"
misc/Ada/BHT-Algorithm,"scan-clean, not planted"
misc/Ada/BLAST,"scan-clean, not planted"
misc/Ada/Baby-Step-Giant-Step,"scan-clean, not planted"
misc/Ada/Backtracking,"scan-clean, not planted"
misc/Ada/Backward-Euler,"scan-clean, not planted"
misc/Ada/Backward-Induction,"scan-clean, not planted"
misc/Ada/Baillie-PSW,"scan-clean, not planted"
misc/Ada/Bankers-Algorithm,"scan-clean, not planted"
misc/Ada/Banzhaf-Power-Index,"scan-clean, not planted"
misc/Ada/Barnes-Hut,"scan-clean, not planted"
misc/Ada/Baum-Welch,"scan-clean, not planted"
misc/Ada/Bayesian-Nash-Equilibrium,"scan-clean, not planted"
misc/Ada/Bayesian-Statistics,"scan-clean, not planted"
misc/Ada/Beam-Tracing,"scan-clean, not planted"
misc/Ada/Bees-Algorithm,"scan-clean, not planted"
misc/Ada/Beginner-Embedded-API,"scan-clean, not planted"
misc/Ada/Bensons-Algorithm,"scan-clean, not planted"
misc/Ada/Bentley-Ottmann,"scan-clean, not planted"
misc/Ada/Berkeley-Algorithm,"scan-clean, not planted"
misc/Ada/Bernstein-Varizani-Algorithm,"scan-clean, not planted"
misc/Ada/Best-Bin-First,"scan-clean, not planted"
misc/Ada/Binary-Space-Partitioning,"scan-clean, not planted"
misc/Ada/Binary-Splitting,"scan-clean, not planted"
misc/Ada/Birkhoff-von-Neumann,"scan-clean, not planted"
misc/Ada/Bitap-Algorithm,"scan-clean, not planted"
misc/Ada/Black-Scholes-Model,"scan-clean, not planted"
misc/Ada/Blind-Deconvolution,"scan-clean, not planted"
misc/Ada/Block-Nested-Loop,"scan-clean, not planted"
misc/Ada/Block-Truncation-Coding,"scan-clean, not planted"
misc/Ada/Blossom-Algorithm,"scan-clean, not planted"
misc/Ada/Blum-Blum-Shub,"scan-clean, not planted"
misc/Ada/Booth-Multiplication,"scan-clean, not planted"
misc/Ada/Bootstrap-Aggregating,"scan-clean, not planted"
misc/Ada/Boson-Sampling,"scan-clean, not planted"
misc/Ada/Boundary-Representation,"scan-clean, not planted"
misc/Ada/Bowyer-Watson,"scan-clean, not planted"
misc/Ada/Branch-and-Bound,"scan-clean, not planted"
misc/Ada/Branch-and-Cut,"scan-clean, not planted"
misc/Ada/Bron-Kerbosch,"scan-clean, not planted"
misc/Ada/Buchbergers-Algorithm,"scan-clean, not planted"
misc/Ada/Buddy-Memory-Allocation,"scan-clean, not planted"
misc/Ada/Buechi-Automaton,"scan-clean, not planted"
misc/Ada/Bully-Algorithm,"scan-clean, not planted"
misc/Ada/Buzens-Algorithm,"scan-clean, not planted"
misc/Ada/C4.5-Algorithm,"scan-clean, not planted"
misc/Ada/CHS-Conversion,"scan-clean, not planted"
misc/Ada/Cannons-Algorithm,"scan-clean, not planted"
misc/Ada/Chaitins-Algorithm,"scan-clean, not planted"
misc/Ada/Chandra-Toueg,"scan-clean, not planted"
misc/Ada/Chans-Algorithm,"scan-clean, not planted"
misc/Ada/Chase,"scan-clean, not planted"
misc/Ada/Cheneys-Algorithm,"scan-clean, not planted"
misc/Ada/Cheneys-Algorithm/src,"scan-clean, not planted"
misc/Ada/Chews-Second-Algorithm,"scan-clean, not planted"
misc/Ada/Chinese-Whispers,"scan-clean, not planted"
misc/Ada/Christofides-Algorithm,"scan-clean, not planted"
misc/Ada/Code-Excited-Linear-Prediction,"scan-clean, not planted"
misc/Ada/Collision-Detection,"scan-clean, not planted"
misc/Ada/Coloring-Algorithm,"scan-clean, not planted"
misc/Ada/Combinatorial-Auction,"scan-clean, not planted"
misc/Ada/Combinatorial-Optimization,"scan-clean, not planted"
misc/Ada/Communications-Based-Train-Control,"scan-clean, not planted"
misc/Ada/Computation-Of-Pi,"scan-clean, not planted"
misc/Ada/Computer-Vision,"scan-clean, not planted"
misc/Ada/Computus,"scan-clean, not planted"
misc/Ada/Cone-Algorithm,"scan-clean, not planted"
misc/Ada/Cone-Tracing,"scan-clean, not planted"
misc/Ada/Conflict-Driven-Clause-Learning,"scan-clean, not planted"
misc/Ada/Congruence-Of-Squares,"scan-clean, not planted"
misc/Ada/Connected-Component-Labeling,"scan-clean, not planted"
misc/Ada/Constraint-Algorithm,"scan-clean, not planted"
misc/Ada/Contour-Lines,"scan-clean, not planted"
misc/Ada/Coppersmith-Winograd,"scan-clean, not planted"
misc/Ada/Core,"scan-clean, not planted"
misc/Ada/Corporate-Wars-Sim,"scan-clean, not planted"
misc/Ada/Correlated-Equilibrium,"scan-clean, not planted"
misc/Ada/Crank-Nicolson,"scan-clean, not planted"
misc/Ada/Cristians-Algorithm,"scan-clean, not planted"
misc/Ada/Cross-Entropy-Method,"scan-clean, not planted"
misc/Ada/Cuthill-McKee,"scan-clean, not planted"
misc/Ada/Cutting-Plane-Method,"scan-clean, not planted"
misc/Ada/Cyclic-Redundancy-Check,"scan-clean, not planted"
misc/Ada/Cyrus-Beck,"scan-clean, not planted"
misc/Ada/D-Star,"scan-clean, not planted"
misc/Ada/DDA-Line-Algorithm,"scan-clean, not planted"
misc/Ada/DSA,"scan-clean, not planted"
misc/Ada/Damm-Algorithm,"scan-clean, not planted"
misc/Ada/Dancing-Links,"scan-clean, not planted"
misc/Ada/Dantzig-Wolfe-Decomposition,"scan-clean, not planted"
misc/Ada/Darwin-Godel-Machine,"scan-clean, not planted"
misc/Ada/Data-Flow-Analysis,"scan-clean, not planted"
misc/Ada/De-Boor,"scan-clean, not planted"
misc/Ada/De-Casteljau,"scan-clean, not planted"
misc/Ada/Delayed-Column-Generation,"scan-clean, not planted"
misc/Ada/Delta-Encoding,"scan-clean, not planted"
misc/Ada/Demon-Method,"scan-clean, not planted"
misc/Ada/Description-Logic,"scan-clean, not planted"
misc/Ada/Deutsch-Josza-Algorithm,"scan-clean, not planted"
misc/Ada/Dice-Coefficient,"scan-clean, not planted"
misc/Ada/Dictionary-Coder,"scan-clean, not planted"
misc/Ada/Difference-Map,"scan-clean, not planted"
misc/Ada/Differential-Evolution,"scan-clean, not planted"
misc/Ada/Diffie-Hellman-Key-Exchange,"scan-clean, not planted"
misc/Ada/Discrete-Event-Simulation,"scan-clean, not planted"
misc/Ada/Discrete-Fourier-Transformation,"scan-clean, not planted"
misc/Ada/Discrete-Logarithm,"scan-clean, not planted"
misc/Ada/Division-Algorithms,"scan-clean, not planted"
misc/Ada/Doomsday,"scan-clean, not planted"
misc/Ada/Double-Dabble,"scan-clean, not planted"
misc/Ada/Dynamic-Programming,"scan-clean, not planted"
misc/Ada/Dynamic-Time-Warping,"scan-clean, not planted"
misc/Ada/EIGamal,"scan-clean, not planted"
misc/Ada/ESC-Algorithm,"scan-clean, not planted"
misc/Ada/Eclat-Algorithm,"scan-clean, not planted"
misc/Ada/EdDSA,"scan-clean, not planted"
misc/Ada/Edmonds-Algorithm,"scan-clean, not planted"
misc/Ada/Elias-Delta-Coding,"scan-clean, not planted"
misc/Ada/Elias-Gamma-Coding,"scan-clean, not planted"
misc/Ada/Elias-Omega-Coding,"scan-clean, not planted"
misc/Ada/Ellipsoid-Method,"scan-clean, not planted"
misc/Ada/Elser-Difference-Map-Algorithm,"scan-clean, not planted"
misc/Ada/Entropy-Coding,"scan-clean, not planted"
misc/Ada/Entropy-Coding-With-Known-Entropy-Characteristics,"scan-clean, not planted"
misc/Ada/Error-Diffusion,"scan-clean, not planted"
misc/Ada/Espresso-Heuristic-Logic-Minimizer,"scan-clean, not planted"
misc/Ada/Estimation-Theory,"scan-clean, not planted"
misc/Ada/Euclidean-Distance-Transform,"scan-clean, not planted"
misc/Ada/Euler-Integration,"scan-clean, not planted"
misc/Ada/Evolution-Strategy,"scan-clean, not planted"
misc/Ada/Evolutionary-Computation,"scan-clean, not planted"
misc/Ada/Exact-Cover,"scan-clean, not planted"
misc/Ada/Exponential-Backoff,"scan-clean, not planted"
misc/Ada/Exponential-Golomb-Coding,"scan-clean, not planted"
misc/Ada/Exponentiating-By-Squaring,"scan-clean, not planted"
misc/Ada/FP-Growth-Algorithm,"scan-clean, not planted"
misc/Ada/False-Nearest-Neighbor,"scan-clean, not planted"
misc/Ada/False-Position-Method,"scan-clean, not planted"
misc/Ada/Fast-Cosine-Transform-Algorithms,"scan-clean, not planted"
misc/Ada/Fast-Folding-Algorithm,"scan-clean, not planted"
misc/Ada/Fast-Multipole-Method,"scan-clean, not planted"
misc/Ada/Faugere-F4,"scan-clean, not planted"
misc/Ada/Featherstone,"scan-clean, not planted"
misc/Ada/Feature-Detection,"scan-clean, not planted"
misc/Ada/Fermat-Factorization,"scan-clean, not planted"
misc/Ada/Fibonacci-Coding,"scan-clean, not planted"
misc/Ada/Fictitious-Play,"scan-clean, not planted"
misc/Ada/Filtered-Back-Projection,"scan-clean, not planted"
misc/Ada/Financial-Information-Exchange,"scan-clean, not planted"
misc/Ada/Financial-Risk-Modeling,"scan-clean, not planted"
misc/Ada/Finite-Difference-Method,"scan-clean, not planted"
misc/Ada/First-Order-Logic,"scan-clean, not planted"
misc/Ada/Fisher-Yates-Shuffle,"scan-clean, not planted"
misc/Ada/Fitness-Proportionate-Selection,"scan-clean, not planted"
misc/Ada/Fletchers-Checksum,"scan-clean, not planted"
misc/Ada/Flood-Fill,"scan-clean, not planted"
misc/Ada/Flow-Networks,"scan-clean, not planted"
misc/Ada/Force-Based-Algorithms,"scan-clean, not planted"
misc/Ada/Fortunes-Algorithm,"scan-clean, not planted"
misc/Ada/Forward-Error-Correction,"scan-clean, not planted"
misc/Ada/Foundations-Curriculum,"scan-clean, not planted"
misc/Ada/Fowler-Noll-Vo,"scan-clean, not planted"
misc/Ada/Frank-Wolfe-Algorithm,"scan-clean, not planted"
misc/Ada/Freivalds,"scan-clean, not planted"
misc/Ada/Fuzzy-C-Means,"scan-clean, not planted"
misc/Ada/GNAT-Studio-Notes,"scan-clean, not planted"
misc/Ada/GPU-Work-Queue,"scan-clean, not planted"
misc/Ada/GRASP,"scan-clean, not planted"
misc/Ada/Gale-Shapley-Algorithm,"scan-clean, not planted"
misc/Ada/Gauss-Jordan,"scan-clean, not planted"
misc/Ada/Gauss-Seidel,"scan-clean, not planted"
misc/Ada/Gene-Expression-Programming,"scan-clean, not planted"
misc/Ada/General-Problem-Solver,"scan-clean, not planted"
misc/Ada/Generational-Garbage-Collector/src,"scan-clean, not planted"
misc/Ada/Genetic-Algorithms,"scan-clean, not planted"
misc/Ada/Gerchberg-Saxton-Algorithm,"scan-clean, not planted"
misc/Ada/Gibbs-Sampling,"scan-clean, not planted"
misc/Ada/Gilbert-Johnson-Keerthi,"scan-clean, not planted"
misc/Ada/Glauber-Dynamics,"scan-clean, not planted"
misc/Ada/Global-Illumination,"scan-clean, not planted"
misc/Ada/Goertzel-Algorithm,"scan-clean, not planted"
misc/Ada/Goldschmidt-Division,"scan-clean, not planted"
misc/Ada/Golomb-Coding,"scan-clean, not planted"
misc/Ada/Gospers-Algorithm,"scan-clean, not planted"
misc/Ada/Gram-Schmidt,"scan-clean, not planted"
misc/Ada/Gray-Code,"scan-clean, not planted"
misc/Ada/Ground-State,"scan-clean, not planted"
misc/Ada/Grovers-Algorithm,"scan-clean, not planted"
misc/Ada/GrowCut,"scan-clean, not planted"
misc/Ada/HHL-Algorithm,"scan-clean, not planted"
misc/Ada/Hadamard-Test,"scan-clean, not planted"
misc/Ada/Hadamard-Transform,"scan-clean, not planted"
misc/Ada/Half-Toning,"scan-clean, not planted"
misc/Ada/Halleys-Method,"scan-clean, not planted"
misc/Ada/Hamiltonian-Simulation,"scan-clean, not planted"
misc/Ada/Hamming-7-4,"scan-clean, not planted"
misc/Ada/Hamming-Code,"scan-clean, not planted"
misc/Ada/Hamming-Weight,"scan-clean, not planted"
misc/Ada/Heaps-Algorithm,"scan-clean, not planted"
misc/Ada/Hidden-Linear-Function-Problem,"scan-clean, not planted"
misc/Ada/Hidden-Shift-Problem,"scan-clean, not planted"
misc/Ada/Hidden-Subgroup-Problem,"scan-clean, not planted"
misc/Ada/Hidden-Surface-Removal,"scan-clean, not planted"
misc/Ada/Hindley-Milner-Type-Inference-Algorithm,"scan-clean, not planted"
misc/Ada/Hindley-Milner-Type-System,"scan-clean, not planted"
misc/Ada/Hirschbergs-Algorithm,"scan-clean, not planted"
misc/Ada/Hopcroft-Karp-Algorithm,"scan-clean, not planted"
misc/Ada/Hopcrofts-Algorithm,"scan-clean, not planted"
misc/Ada/Hopfield-Net,"scan-clean, not planted"
misc/Ada/Huangs-Algorithm,"scan-clean, not planted"
misc/Ada/Hybrid-Algorithms,"scan-clean, not planted"
misc/Ada/ID3-Algorithm,"scan-clean, not planted"
misc/Ada/ITP-Method,"scan-clean, not planted"
misc/Ada/Image-Based-Lighting,"scan-clean, not planted"
misc/Ada/Incremental-Encoding,"scan-clean, not planted"
misc/Ada/Index-Calculus,"scan-clean, not planted"
misc/Ada/Inside-Out-Algorithm,"scan-clean, not planted"
misc/Ada/Integer-Factorization,"scan-clean, not planted"
misc/Ada/Integer-Linear-Programming,"scan-clean, not planted"
misc/Ada/Intersection-Algorithm,"scan-clean, not planted"
misc/Ada/Inverse-Iteration,"scan-clean, not planted"
misc/Ada/Johnsons-Algorithm,"scan-clean, not planted"
misc/Ada/Jump-And-Walk,"scan-clean, not planted"
misc/Ada/K-Nearest-Neighbours,"scan-clean, not planted"
misc/Ada/K-Way-Merge,"scan-clean, not planted"
misc/Ada/Kabsch,"scan-clean, not planted"
misc/Ada/Kadanes-Algorithm,"scan-clean, not planted"
misc/Ada/Kahan-Summation,"scan-clean, not planted"
misc/Ada/Kalman-Filter,"scan-clean, not planted"
misc/Ada/Kargers-Algorithm,"scan-clean, not planted"
misc/Ada/Karmarkars-Algorithm,"scan-clean, not planted"
misc/Ada/Karn-Algorithm,"scan-clean, not planted"
misc/Ada/Key-Derivation-Function,"scan-clean, not planted"
misc/Ada/Key-Exchange,"scan-clean, not planted"
misc/Ada/Knuth-Bendix-Completion,"scan-clean, not planted"
misc/Ada/Krauss-Matching-Wildcards,"scan-clean, not planted"
misc/Ada/Lagged-Fibonacci-Generator,"scan-clean, not planted"
misc/Ada/Laplacian-Smoothing,"scan-clean, not planted"
misc/Ada/Lax-Wendroff,"scan-clean, not planted"
misc/Ada/Lemke-Howson,"scan-clean, not planted"
misc/Ada/Lempel-Ziv-Jeff-Bonwick,"scan-clean, not planted"
misc/Ada/Lempel-Ziv-Markov-Chain-Algorithm,"scan-clean, not planted"
misc/Ada/Lempel-Ziv-Oberhurmer,"scan-clean, not planted"
misc/Ada/Lempel-Ziv-Ross-Williams,"scan-clean, not planted"
misc/Ada/Lempel-Ziv-Stac,"scan-clean, not planted"
misc/Ada/Lempel-Ziv-Storer-Szymanski,"scan-clean, not planted"
misc/Ada/Lempel-Ziv-Welch,"scan-clean, not planted"
misc/Ada/Lenstra-Lenstra-Lovasz,"scan-clean, not planted"
misc/Ada/Lesk,"scan-clean, not planted"
misc/Ada/Level-Set-Method,"scan-clean, not planted"
misc/Ada/Levinson-Recursion,"scan-clean, not planted"
misc/Ada/Lexical-Analysis,"scan-clean, not planted"
misc/Ada/Linde-Buzo-Gray,"scan-clean, not planted"
misc/Ada/Linde-Buzo-Gray-Algorithm,"scan-clean, not planted"
misc/Ada/Line-Drawing,"scan-clean, not planted"
misc/Ada/Linear-Feedback-Shift-Register,"scan-clean, not planted"
misc/Ada/Linear-Multistep-Methods,"scan-clean, not planted"
misc/Ada/Linear-Predictive-Coding,"scan-clean, not planted"
misc/Ada/Linear-Programming,"scan-clean, not planted"
misc/Ada/Long-Division,"scan-clean, not planted"
misc/Ada/Longest-Increasing-Subsequence,"scan-clean, not planted"
misc/Ada/Longest-Path-Problem,"scan-clean, not planted"
misc/Ada/Longitudinal-Redundacy-Check,"scan-clean, not planted"
misc/Ada/Luhn-Algorithm,"scan-clean, not planted"
misc/Ada/Luhn-Mod-N-Algorithm,"scan-clean, not planted"
misc/Ada/Luleas-Algorithm,"scan-clean, not planted"
misc/Ada/Maekawas-Algorithm,"scan-clean, not planted"
misc/Ada/Manning-Criteria,"scan-clean, not planted"
misc/Ada/Marching-Squares,"scan-clean, not planted"
misc/Ada/Marching-Tetrahedrons,"scan-clean, not planted"
misc/Ada/Marching-Triangles,"scan-clean, not planted"
misc/Ada/Mark-Compact-Algorithm,"scan-clean, not planted"
misc/Ada/Mark-and-Sweep,"scan-clean, not planted"
misc/Ada/Marr-Hildreth-Algorithm,"scan-clean, not planted"
misc/Ada/Marzullos-Algorithm,"scan-clean, not planted"
misc/Ada/Match-Rating-Approach,"scan-clean, not planted"
misc/Ada/Matching-Wildcards,"scan-clean, not planted"
misc/Ada/Maximum-Parsimony,"scan-clean, not planted"
misc/Ada/Mechanistic-Interpretability,"scan-clean, not planted"
misc/Ada/Median-Filtering,"scan-clean, not planted"
misc/Ada/Memetic-Algorithm,"scan-clean, not planted"
misc/Ada/Memory-Channel-Model,"scan-clean, not planted"
misc/Ada/Message-Authentication-Codes,"scan-clean, not planted"
misc/Ada/Midpoint-Circle-Algorithm,"scan-clean, not planted"
misc/Ada/Min-Conflicts,"scan-clean, not planted"
misc/Ada/Minimax,"scan-clean, not planted"
misc/Ada/Minimum-Bounding-Box,"scan-clean, not planted"
misc/Ada/Minimum-Degree,"scan-clean, not planted"
misc/Ada/Mirror-Descent,"scan-clean, not planted"
misc/Ada/Modular-Square-Root,"scan-clean, not planted"
misc/Ada/Montgomery-Reduction,"scan-clean, not planted"
misc/Ada/Moores-Algorithm,"scan-clean, not planted"
misc/Ada/Mu-Law-Algorithm,"scan-clean, not planted"
misc/Ada/Mullers-Method,"scan-clean, not planted"
misc/Ada/Multigrid-Methods,"scan-clean, not planted"
misc/Ada/Multiplication-Algorithms,"scan-clean, not planted"
misc/Ada/Multiplicative-Inverse-Algorithms,"scan-clean, not planted"
misc/Ada/Multiplicative-Weight-Update-Method,"scan-clean, not planted"
misc/Ada/Multivariate-Division-Algorithm,"scan-clean, not planted"
misc/Ada/N-Body-Problems,"scan-clean, not planted"
misc/Ada/NEF-Adaptive-OSC,"scan-clean, not planted"
misc/Ada/NEF-Neurorobotics-Core,"scan-clean, not planted"
misc/Ada/Nagles-Algorithm,"scan-clean, not planted"
misc/Ada/Naimi-Trehel,"scan-clean, not planted"
misc/Ada/Nearest-Neighbor-Algorithm,"scan-clean, not planted"
misc/Ada/Nelder-Mead,"scan-clean, not planted"
misc/Ada/Nested-Loop-Join,"scan-clean, not planted"
misc/Ada/Nested-Sampling,"scan-clean, not planted"
misc/Ada/Nesting-Algorithm,"scan-clean, not planted"
misc/Ada/Newton-Multiplicative-Inverse,"scan-clean, not planted"
misc/Ada/Newtons-Method,"scan-clean, not planted"
misc/Ada/Newtons-Method-in-Optimization,"scan-clean, not planted"
misc/Ada/Nicholl-Lee-Nicholl,"scan-clean, not planted"
misc/Ada/Non-Local-Quantum-Computation,"scan-clean, not planted"
misc/Ada/Non-Restoring-Division,"scan-clean, not planted"
misc/Ada/Nonblocking-Minimal-Spanning-Switch,"scan-clean, not planted"
misc/Ada/Nonlinear-Optimization,"scan-clean, not planted"
misc/Ada/Nth-Root,"scan-clean, not planted"
misc/Ada/Nucleolus,"scan-clean, not planted"
misc/Ada/Odds-Algorithm,"scan-clean, not planted"
misc/Ada/Odlyzko-Schonhage,"scan-clean, not planted"
misc/Ada/One-Attribute-Rule,"scan-clean, not planted"
misc/Ada/Operations-Research,"scan-clean, not planted"
misc/Ada/Orbital-Mechanics,"scan-clean, not planted"
misc/Ada/Ordered-Subset-EM,"scan-clean, not planted"
misc/Ada/PBKDF2,"scan-clean, not planted"
misc/Ada/PCIe-Transfer-Model,"scan-clean, not planted"
misc/Ada/Package-Merge-Algorithm,"scan-clean, not planted"
misc/Ada/Painters-Algorithm,"scan-clean, not planted"
misc/Ada/Parity-Bit,"scan-clean, not planted"
misc/Ada/Partial-Differential-Equation,"scan-clean, not planted"
misc/Ada/Particle-Swarm,"scan-clean, not planted"
misc/Ada/Path-Based-Strong-Component,"scan-clean, not planted"
misc/Ada/Path-Tracing,"scan-clean, not planted"
misc/Ada/Petricks-Method,"scan-clean, not planted"
misc/Ada/Phonetic-Algorithms,"scan-clean, not planted"
misc/Ada/Photon-Mapping,"scan-clean, not planted"
misc/Ada/Planning-Domain-Definition-Language,"scan-clean, not planted"
misc/Ada/Pohlig-Hellman,"scan-clean, not planted"
misc/Ada/Point-Set-Registration,"scan-clean, not planted"
misc/Ada/Poly1305,"scan-clean, not planted"
misc/Ada/Polynomial-Long-Division,"scan-clean, not planted"
misc/Ada/Power-Iteration,"scan-clean, not planted"
misc/Ada/Powerset-Construction,"scan-clean, not planted"
misc/Ada/Prediction-By-Partial-Matching,"scan-clean, not planted"
misc/Ada/Program-Synthesis,"scan-clean, not planted"
misc/Ada/Progressive-Jackpot,"scan-clean, not planted"
misc/Ada/Proof-Of-Work-Algorithms,"scan-clean, not planted"
misc/Ada/Prufer-Coding,"scan-clean, not planted"
misc/Ada/Pseudorandom-Number-Generator,"scan-clean, not planted"
misc/Ada/Pulmonary-Embolism-Algorithms,"scan-clean, not planted"
misc/Ada/Push-Relabel-Algorithm,"scan-clean, not planted"
misc/Ada/QR-Algorithm,"scan-clean, not planted"
misc/Ada/Quantum-Annealing,"scan-clean, not planted"
misc/Ada/Quantum-Artificial-Life,"scan-clean, not planted"
misc/Ada/Quantum-Counting-Algorithm,"scan-clean, not planted"
misc/Ada/Quantum-Fourier-Transform,"scan-clean, not planted"
misc/Ada/Quantum-Optimization-Algorithms,"scan-clean, not planted"
misc/Ada/Quantum-Phase-Estimation-Algorithm,"scan-clean, not planted"
misc/Ada/Queuing-Theory,"scan-clean, not planted"
misc/Ada/Quine-McCluskey-Algorithm,"scan-clean, not planted"
misc/Ada/RANSAC,"scan-clean, not planted"
misc/Ada/RIPEMD-160,"scan-clean, not planted"
misc/Ada/Radial-Basis-Function-Network,"scan-clean, not planted"
misc/Ada/Rainflow-Counting,"scan-clean, not planted"
misc/Ada/Random-Restart-Hill-Climbing,"scan-clean, not planted"
misc/Ada/Random-Walker,"scan-clean, not planted"
misc/Ada/Range-Encoding,"scan-clean, not planted"
misc/Ada/Rayleigh-Quotient-Iteration,"scan-clean, not planted"
misc/Ada/Rayleigh-Ritz-Method,"scan-clean, not planted"
misc/Ada/Raymonds-Algorithm,"scan-clean, not planted"
misc/Ada/Recovery-Exploiting-Semantics,"scan-clean, not planted"
misc/Ada/Redundancy-Checks,"scan-clean, not planted"
misc/Ada/Reed-Solomon-Error-Correction,"scan-clean, not planted"
misc/Ada/Reference-Counting,"scan-clean, not planted"
misc/Ada/Region-Growing,"scan-clean, not planted"
misc/Ada/Regret-Minimization,"scan-clean, not planted"
misc/Ada/Relevance-Vector-Machine,"scan-clean, not planted"
misc/Ada/Replicator-Equation,"scan-clean, not planted"
misc/Ada/Restoring-Division,"scan-clean, not planted"
misc/Ada/Rete-Algorithm,"scan-clean, not planted"
misc/Ada/Reverse-Delete-Algorithm,"scan-clean, not planted"
misc/Ada/Ricart-Agrawala-Algorithm,"scan-clean, not planted"
misc/Ada/Rice-Coding,"scan-clean, not planted"
misc/Ada/Richardson-Lucy-Deconvolution,"scan-clean, not planted"
misc/Ada/Ridders-Method,"scan-clean, not planted"
misc/Ada/Risch-Algorithm,"scan-clean, not planted"
misc/Ada/Rotating-Calipers,"scan-clean, not planted"
misc/Ada/Rounding-Functions,"scan-clean, not planted"
misc/Ada/Rupperts-Algorithm,"scan-clean, not planted"
misc/Ada/Ruzzo-Tompa,"scan-clean, not planted"
misc/Ada/SEQUITUR-Algorithm,"scan-clean, not planted"
misc/Ada/SRT-Division,"scan-clean, not planted"
misc/Ada/SSS-Star,"scan-clean, not planted"
misc/Ada/SUBCLU,"scan-clean, not planted"
misc/Ada/Salsa20,"scan-clean, not planted"
misc/Ada/Scale-Invariant-Feature-Transform,"scan-clean, not planted"
misc/Ada/Scanline-Rendering,"scan-clean, not planted"
misc/Ada/Schensted,"scan-clean, not planted"
misc/Ada/Schreier-Sims,"scan-clean, not planted"
misc/Ada/Scoring-Algorithm,"scan-clean, not planted"
misc/Ada/Seam-Carving,"scan-clean, not planted"
misc/Ada/Secret-Sharing,"scan-clean, not planted"
misc/Ada/Selection-Algorithm,"scan-clean, not planted"
misc/Ada/Self-Organizing-Map,"scan-clean, not planted"
misc/Ada/Semi-Space-Collectors,"scan-clean, not planted"
misc/Ada/Sethi-Ullman-Algorithm,"scan-clean, not planted"
misc/Ada/Shannon-Fano-Coding,"scan-clean, not planted"
misc/Ada/Shannon-Fano-Elias-Coding,"scan-clean, not planted"
misc/Ada/Shapley-Value,"scan-clean, not planted"
misc/Ada/Shoelace-Algorithm,"scan-clean, not planted"
misc/Ada/Shors-Algorithm,"scan-clean, not planted"
misc/Ada/Shortest-Common-Supersequence-Problem,"scan-clean, not planted"
misc/Ada/Simons-Problem,"scan-clean, not planted"
misc/Ada/Simulated-Annealing,"scan-clean, not planted"
misc/Ada/Sinkhorn-Knopp-Algorithm,"scan-clean, not planted"
misc/Ada/Slot-Machine,"scan-clean, not planted"
misc/Ada/Spectral-Layout,"scan-clean, not planted"
misc/Ada/Speeded-Up-Robust-Features,"scan-clean, not planted"
misc/Ada/Spigot-Algorithm,"scan-clean, not planted"
misc/Ada/Square-Root-Algorithms,"scan-clean, not planted"
misc/Ada/State-Action-Reward-State-Action,"scan-clean, not planted"
misc/Ada/Steinhaus-Johnson-Trotter,"scan-clean, not planted"
misc/Ada/Stochastic-Tunneling,"scan-clean, not planted"
misc/Ada/Stones-Method,"scan-clean, not planted"
misc/Ada/Strongly-Connected-Components,"scan-clean, not planted"
misc/Ada/Structured-SVM,"scan-clean, not planted"
misc/Ada/Subset-Sum-Algorithm,"scan-clean, not planted"
misc/Ada/Successive-Over-Relaxation,"scan-clean, not planted"
misc/Ada/Sukhotin,"scan-clean, not planted"
misc/Ada/Summed-Area-Table,"scan-clean, not planted"
misc/Ada/Supervised-Learning,"scan-clean, not planted"
misc/Ada/Swap-Test,"scan-clean, not planted"
misc/Ada/Swarm-Intelligence,"scan-clean, not planted"
misc/Ada/Sweep-And-Prune,"scan-clean, not planted"
misc/Ada/System-of-Linear-Equations,"scan-clean, not planted"
misc/Ada/Tarski-Kuratowski-Algorithm,"scan-clean, not planted"
misc/Ada/Temporal-Difference-Learning,"scan-clean, not planted"
misc/Ada/Term-Rewriting,"scan-clean, not planted"
misc/Ada/Texas-Medication-Algorithm-Project,"scan-clean, not planted"
misc/Ada/Thomas-Algorithm,"scan-clean, not planted"
misc/Ada/Todd-Coxeter,"scan-clean, not planted"
misc/Ada/Tomasulo-Algorithm,"scan-clean, not planted"
misc/Ada/Toom-Cook,"scan-clean, not planted"
misc/Ada/Top-Nodes-Algorithm,"scan-clean, not planted"
misc/Ada/Top-Trading-Cycle,"scan-clean, not planted"
misc/Ada/Traffic-Light-Controller,"scan-clean, not planted"
misc/Ada/Traffic-Simulation,"scan-clean, not planted"
misc/Ada/Transform-Coding,"scan-clean, not planted"
misc/Ada/Transitive-Closure,"scan-clean, not planted"
misc/Ada/Trapezoidal-Rule-DE,"scan-clean, not planted"
misc/Ada/Travelling-Salesman-Problem,"scan-clean, not planted"
misc/Ada/Trial-Division,"scan-clean, not planted"
misc/Ada/Truncated-Binary-Encoding,"scan-clean, not planted"
misc/Ada/Truncated-Binary-Exponential-Backoff,"scan-clean, not planted"
misc/Ada/Truncation-Selection,"scan-clean, not planted"
misc/Ada/TrustRank,"scan-clean, not planted"
misc/Ada/TurboQuant,"scan-clean, not planted"
misc/Ada/Ukkonens-Algorithm,"scan-clean, not planted"
misc/Ada/Unary-Coding,"scan-clean, not planted"
misc/Ada/Unicode-Collation-Algorithm,"scan-clean, not planted"
misc/Ada/Unrestricted-Algorithm,"scan-clean, not planted"
misc/Ada/VEGAS-Algorithm,"scan-clean, not planted"
misc/Ada/Variational-Method,"scan-clean, not planted"
misc/Ada/Variational-Quantum-Eigensolver,"scan-clean, not planted"
misc/Ada/Vector-Quantization,"scan-clean, not planted"
misc/Ada/Vehicle-Routing-Problem,"scan-clean, not planted"
misc/Ada/Velvet,"scan-clean, not planted"
misc/Ada/Verhoeff-Algorithm,"scan-clean, not planted"
misc/Ada/Vickrey-Clarke-Groves-Mechanism,"scan-clean, not planted"
misc/Ada/Wang-Landau,"scan-clean, not planted"
misc/Ada/Warnsdorffs-Rule,"scan-clean, not planted"
misc/Ada/Warped-Linear-Predictive-Coding,"scan-clean, not planted"
misc/Ada/Xor-Swap-Algorithm,"scan-clean, not planted"
misc/Ada/Yamartino-Method,"scan-clean, not planted"
misc/Ada/Zellers-Congruence-Algorithm,"scan-clean, not planted"
misc/Ada/Zero-Attribute-Rule,"scan-clean, not planted"
misc/Ada/Zhu-Takaoka,"scan-clean, not planted"
misc/Ada/arc-cache,"scan-clean, not planted"
misc/Ada/fair-share,"scan-clean, not planted"
misc/Ada/page-replacement-algorithms,"scan-clean, not planted"
misc/Ada/rate-monotonic,"scan-clean, not planted"
misc/Ada/tests,flagged
misc/SPARK2/Ada-SPARK-3Sum-Closest,"scan-clean, not planted"
misc/SPARK2/Ada-SPARK-4Sum-II,"scan-clean, not planted"
misc/SPARK2/Ada-SPARK-Accounts-Merge-Lite,"scan-clean, not planted"
misc/SPARK2/Ada-SPARK-Accounts-Merge-Stub,"scan-clean, not planted"
misc/SPARK2/Ada-SPARK-Add-Binary,"scan-clean, not planted"
misc/SPARK2/Ada-SPARK-Add-Digits,"scan-clean, not planted"
misc/SPARK2/Ada-SPARK-Add-Two-Numbers,"scan-clean, not planted"
misc/SPARK2/Ada-SPARK-Add-Two-Numbers-II,"scan-clean, not planted"
misc/SPARK2/Ada-SPARK-Add-Without-Plus,"scan-clean, not planted"
misc/SPARK2/Ada-SPARK-Adler32,"scan-clean, not planted"
misc/SPARK2/Ada-SPARK-Alert-Using-Same-Key-Card-Stub,"scan-clean, not planted"
misc/SPARK2/Ada-SPARK-Alien-Dictionary-Lite,"scan-clean, not planted"
misc/SPARK2/Ada-SPARK-Alien-Dictionary-Stub,"scan-clean, not planted"
misc/SPARK2/Ada-SPARK-All-Paths-From-Source-To-Target,"scan-clean, not planted"
misc/SPARK2/Ada-SPARK-Argmax,"scan-clean, not planted"
misc/SPARK2/Ada-SPARK-Arranging-Coins,"scan-clean, not planted"
misc/SPARK2/Ada-SPARK-Array-Partition-I,"scan-clean, not planted"
misc/SPARK2/Ada-SPARK-As-Far-From-Land-As-Possible,"scan-clean, not planted"
misc/SPARK2/Ada-SPARK-Assign-Cookies,"scan-clean, not planted"
misc/SPARK2/Ada-SPARK-Asteroid-Collision,"scan-clean, not planted"
misc/SPARK2/Ada-SPARK-Authentication-Manager-Stub,"scan-clean, not planted"
misc/SPARK2/Ada-SPARK-Available-Captures-For-Rook,"scan-clean, not planted"
misc/SPARK2/Ada-SPARK-Bankers-Algorithm,"scan-clean, not planted"
misc/SPARK2/Ada-SPARK-Base64-Decode,"scan-clean, not planted"
misc/SPARK2/Ada-SPARK-Base64-Encode,"scan-clean, not planted"
misc/SPARK2/Ada-SPARK-Baseball-Game,"scan-clean, not planted"
misc/SPARK2/Ada-SPARK-Basic-Calculator,"scan-clean, not planted"
misc/SPARK2/Ada-SPARK-Basic-Calculator-II,"scan-clean, not planted"
misc/SPARK2/Ada-SPARK-Basic-Calculator-Stub,"scan-clean, not planted"
misc/SPARK2/Ada-SPARK-Beautiful-Arrangement,"scan-clean, not planted"
misc/SPARK2/Ada-SPARK-Beautiful-Array-Lite,"scan-clean, not planted"
misc/SPARK2/Ada-SPARK-Best-Time-To-Buy-And-Sell-Stock,"scan-clean, not planted"
misc/SPARK2/Ada-SPARK-Best-Time-To-Buy-And-Sell-Stock-II,"scan-clean, not planted"
misc/SPARK2/Ada-SPARK-Best-Time-To-Buy-And-Sell-Stock-With-Cooldownoldown,"scan-clean, not planted"
misc/SPARK2/Ada-SPARK-Binary-Number-With-Alternating-Bits,"scan-clean, not planted"
misc/SPARK2/Ada-SPARK-Binary-To-Integer,"scan-clean, not planted"
misc/SPARK2/Ada-SPARK-Binary-Watch,"scan-clean, not planted"
misc/SPARK2/Ada-SPARK-Binomial-Coefficient,"scan-clean, not planted"
misc/SPARK2/Ada-SPARK-Bitset,"scan-clean, not planted"
misc/SPARK2/Ada-SPARK-Bitwise-AND-Of-Numbers-Range,"scan-clean, not planted"
misc/SPARK2/Ada-SPARK-Bitwise-OR-Of-Numbers-Range,"scan-clean, not planted"
misc/SPARK2/Ada-SPARK-Bitwise-ORs-Of-Subarrays-Lite,"scan-clean, not planted"
misc/SPARK2/Ada-SPARK-Bitwise-XOR-Of-All-Pairings,"scan-clean, not planted"
misc/SPARK2/Ada-SPARK-Boats-To-Save-People,"scan-clean, not planted"
misc/SPARK2/Ada-SPARK-Bounding-Box,"scan-clean, not planted"
misc/SPARK2/Ada-SPARK-Bray-Curtis,"scan-clean, not planted"
misc/SPARK2/Ada-SPARK-Broken-Calculator,"scan-clean, not planted"
misc/SPARK2/Ada-SPARK-Browser-History-Stub,"scan-clean, not planted"
misc/SPARK2/Ada-SPARK-Buddy-Memory-Allocation,"scan-clean, not planted"
misc/SPARK2/Ada-SPARK-Bulb-Switcher,"scan-clean, not planted"
misc/SPARK2/Ada-SPARK-Bulb-Switcher-Stub,"scan-clean, not planted"
misc/SPARK2/Ada-SPARK-Bump-Arena,"scan-clean, not planted"
misc/SPARK2/Ada-SPARK-CRC32,"scan-clean, not planted"
misc/SPARK2/Ada-SPARK-CSR-Row-Sum,"scan-clean, not planted"
misc/SPARK2/Ada-SPARK-Can-Place-Flowers,"scan-clean, not planted"
misc/SPARK2/Ada-SPARK-Canberra-Distance,"scan-clean, not planted"
misc/SPARK2/Ada-SPARK-Candy,"scan-clean, not planted"
misc/SPARK2/Ada-SPARK-Capacity-To-Ship-Packages,"scan-clean, not planted"
misc/SPARK2/Ada-SPARK-Car-Pooling,"scan-clean, not planted"
misc/SPARK2/Ada-SPARK-Cheapest-Flights,"scan-clean, not planted"
misc/SPARK2/Ada-SPARK-Cheapest-Flights-Stub,"scan-clean, not planted"
misc/SPARK2/Ada-SPARK-Cheapest-Flights-Within-K-Stops,"scan-clean, not planted"
misc/SPARK2/Ada-SPARK-Check-If-Number-Is-A-Sum-Of-Powers-Of-Three,"scan-clean, not planted"
misc/SPARK2/Ada-SPARK-Check-If-The-Sentence-Is-Pangram,"scan-clean, not planted"
misc/SPARK2/Ada-SPARK-Checksum-Ones-Complement,"scan-clean, not planted"
misc/SPARK2/Ada-SPARK-Cherry-Pickup-Lite,"scan-clean, not planted"
misc/SPARK2/Ada-SPARK-Circular-Deque-Stub,"scan-clean, not planted"
misc/SPARK2/Ada-SPARK-Circular-Queue,"scan-clean, not planted"
misc/SPARK2/Ada-SPARK-Clamp,"scan-clean, not planted"
misc/SPARK2/Ada-SPARK-Climbing-Stairs,planted: make test fails
misc/SPARK2/Ada-SPARK-Clock-Page-Replacement,"scan-clean, not planted"
misc/SPARK2/Ada-SPARK-Coin-Change,"scan-clean, not planted"
misc/SPARK2/Ada-SPARK-Coin-Change-II,"scan-clean, not planted"
misc/SPARK2/Ada-SPARK-Combination-Iterator-Stub,"scan-clean, not planted"
misc/SPARK2/Ada-SPARK-Combination-Sum,"scan-clean, not planted"
misc/SPARK2/Ada-SPARK-Combination-Sum-II,"scan-clean, not planted"
misc/SPARK2/Ada-SPARK-Combination-Sum-III,"scan-clean, not planted"
misc/SPARK2/Ada-SPARK-Combination-Sum-IV,"scan-clean, not planted"
misc/SPARK2/Ada-SPARK-Complement-Of-Base-10,"scan-clean, not planted"
misc/SPARK2/Ada-SPARK-Complement-Of-Base-10-Integer,"scan-clean, not planted"
misc/SPARK2/Ada-SPARK-Connected-Component-Labeling,"scan-clean, not planted"
misc/SPARK2/Ada-SPARK-Container-With-Most-Water,"scan-clean, not planted"
misc/SPARK2/Ada-SPARK-Contains-Duplicate,"scan-clean, not planted"
misc/SPARK2/Ada-SPARK-Contains-Duplicate-II,"scan-clean, not planted"
misc/SPARK2/Ada-SPARK-Contiguous-Array,"scan-clean, not planted"
misc/SPARK2/Ada-SPARK-Continuous-Subarray-Sum,"scan-clean, not planted"
misc/SPARK2/Ada-SPARK-Convert-1D-Array-Into-2D-Array,"scan-clean, not planted"
misc/SPARK2/Ada-SPARK-Convert-A-Number-To-Hexadecimal,"scan-clean, not planted"
misc/SPARK2/Ada-SPARK-Convert-Binary-Number-In-A-Linked-List-To-Integer,"scan-clean, not planted"
misc/SPARK2/Ada-SPARK-Copy-List-With-Random-Pointer-Lite,"scan-clean, not planted"
misc/SPARK2/Ada-SPARK-Corporate-Flight-Bookings,"scan-clean, not planted"
misc/SPARK2/Ada-SPARK-Cosine-Distance,"scan-clean, not planted"
misc/SPARK2/Ada-SPARK-Cosine-Similarity,"scan-clean, not planted"
misc/SPARK2/Ada-SPARK-Count-And-Say,"scan-clean, not planted"
misc/SPARK2/Ada-SPARK-Count-And-Say-Stub,"scan-clean, not planted"
misc/SPARK2/Ada-SPARK-Count-Odd-Numbers-In-An-Interval,"scan-clean, not planted"
misc/SPARK2/Ada-SPARK-Count-Of-Smaller-Numbers-After-Self-Lite,"scan-clean, not planted"
misc/SPARK2/Ada-SPARK-Count-Operations-To-Obtain-Zero,"scan-clean, not planted"
misc/SPARK2/Ada-SPARK-Count-Square-Submatrices-With-All-Ones,"scan-clean, not planted"
misc/SPARK2/Ada-SPARK-Count-Sub-Islands,"scan-clean, not planted"
misc/SPARK2/Ada-SPARK-Count-Triplets-That-Can-Form-Two-Arrays-Of-Equal-XOR,"scan-clean, not planted"
misc/SPARK2/Ada-SPARK-Counting-Bits,"scan-clean, not planted"
misc/SPARK2/Ada-SPARK-Covariance,"scan-clean, not planted"
misc/SPARK2/Ada-SPARK-Crawler-Log-Folder,"scan-clean, not planted"
misc/SPARK2/Ada-SPARK-Create-Maximum-Number-Lite,"scan-clean, not planted"
misc/SPARK2/Ada-SPARK-Critical-Connections-In-A-Network-Lite,"scan-clean, not planted"
misc/SPARK2/Ada-SPARK-Daily-Temperatures,"scan-clean, not planted"
misc/SPARK2/Ada-SPARK-Decode-Ways,"scan-clean, not planted"
misc/SPARK2/Ada-SPARK-Decode-Ways-Stub,"scan-clean, not planted"
misc/SPARK2/Ada-SPARK-Decode-XORed-Array,"scan-clean, not planted"
misc/SPARK2/Ada-SPARK-Defanging-An-IP-Address,"scan-clean, not planted"
misc/SPARK2/Ada-SPARK-Degree-Of-An-Array,"scan-clean, not planted"
misc/SPARK2/Ada-SPARK-Delete-And-Earn,"scan-clean, not planted"
misc/SPARK2/Ada-SPARK-Delete-And-Earn-Stub,"scan-clean, not planted"
misc/SPARK2/Ada-SPARK-Delete-Node-In-A-Linked-List,"scan-clean, not planted"
misc/SPARK2/Ada-SPARK-Delete-The-Middle-Node,"scan-clean, not planted"
misc/SPARK2/Ada-SPARK-Delta-Encoding,"scan-clean, not planted"
misc/SPARK2/Ada-SPARK-Deque-Bounded,"scan-clean, not planted"
misc/SPARK2/Ada-SPARK-Design-A-Leaderboard,"scan-clean, not planted"
misc/SPARK2/Ada-SPARK-Design-A-Stack-With-Increment,"scan-clean, not planted"
misc/SPARK2/Ada-SPARK-Design-A-Stack-With-Increment-Operation,"scan-clean, not planted"
misc/SPARK2/Ada-SPARK-Design-An-Ordered-Stream,"scan-clean, not planted"
misc/SPARK2/Ada-SPARK-Design-Bitset,"scan-clean, not planted"
misc/SPARK2/Ada-SPARK-Design-Browser-History,"scan-clean, not planted"
misc/SPARK2/Ada-SPARK-Design-Circular-Deque,"scan-clean, not planted"
misc/SPARK2/Ada-SPARK-Design-Circular-Queue,"scan-clean, not planted"
misc/SPARK2/Ada-SPARK-Design-Circular-Queue-Stub,"scan-clean, not planted"
misc/SPARK2/Ada-SPARK-Design-Food-Rating-System,"scan-clean, not planted"
misc/SPARK2/Ada-SPARK-Design-Front-Middle-Back-Queue,"scan-clean, not planted"
misc/SPARK2/Ada-SPARK-Design-Front-Middle-Back-Queue-Stub,"scan-clean, not planted"
misc/SPARK2/Ada-SPARK-Design-Hit-Counter-Lite,"scan-clean, not planted"
misc/SPARK2/Ada-SPARK-Design-Linked-List,"scan-clean, not planted"
misc/SPARK2/Ada-SPARK-Design-Number-Container-System,"scan-clean, not planted"
misc/SPARK2/Ada-SPARK-Design-Ordered-Stream,"scan-clean, not planted"
misc/SPARK2/Ada-SPARK-Design-Parking-System-II,"scan-clean, not planted"
misc/SPARK2/Ada-SPARK-Design-Skiplist-Lite,"scan-clean, not planted"
misc/SPARK2/Ada-SPARK-Design-Twitter-Lite,"scan-clean, not planted"
misc/SPARK2/Ada-SPARK-Design-Underground-System-Lite,"scan-clean, not planted"
misc/SPARK2/Ada-SPARK-Detect-Capital,"scan-clean, not planted"
misc/SPARK2/Ada-SPARK-Diagonal-Traverse,"scan-clean, not planted"
misc/SPARK2/Ada-SPARK-Dice-Coefficient,"scan-clean, not planted"
misc/SPARK2/Ada-SPARK-Difference-Array,"scan-clean, not planted"
misc/SPARK2/Ada-SPARK-Different-Ways-To-Add-Parentheses-Lite,planted: make test fails
misc/SPARK2/Ada-SPARK-Disjoint-Set-Forest,"scan-clean, not planted"
misc/SPARK2/Ada-SPARK-Distinct-Subsequences,"scan-clean, not planted"
misc/SPARK2/Ada-SPARK-Divisor-Game,"scan-clean, not planted"
misc/SPARK2/Ada-SPARK-Domino-And-Tromino-Tiling-Lite,"scan-clean, not planted"
misc/SPARK2/Ada-SPARK-Dot-Product,"scan-clean, not planted"
misc/SPARK2/Ada-SPARK-Dungeon-Game-Lite,"scan-clean, not planted"
misc/SPARK2/Ada-SPARK-Duplicate-Zeros,"scan-clean, not planted"
misc/SPARK2/Ada-SPARK-Dutch-National-Flag,"scan-clean, not planted"
misc/SPARK2/Ada-SPARK-Earliest-Deadline-First-Scheduling,"scan-clean, not planted"
misc/SPARK2/Ada-SPARK-Elevator-Algorithm,"scan-clean, not planted"
misc/SPARK2/Ada-SPARK-Eliminate-Maximum-Number-Of-Monsters,"scan-clean, not planted"
misc/SPARK2/Ada-SPARK-Encode-And-Decode-TinyURL-Stub,"scan-clean, not planted"
misc/SPARK2/Ada-SPARK-Euclidean-Distance,"scan-clean, not planted"
misc/SPARK2/Ada-SPARK-Eval-RPN,"scan-clean, not planted"
misc/SPARK2/Ada-SPARK-Evaluate-Division-Lite,"scan-clean, not planted"
misc/SPARK2/Ada-SPARK-Evaluate-Division-Stub,"scan-clean, not planted"
misc/SPARK2/Ada-SPARK-Evaluate-Reverse-Polish-Notation,"scan-clean, not planted"
misc/SPARK2/Ada-SPARK-Excel-Sheet-Column,"scan-clean, not planted"
misc/SPARK2/Ada-SPARK-Excel-Sheet-Column-Number,"scan-clean, not planted"
misc/SPARK2/Ada-SPARK-Excel-Sheet-Column-Title,"scan-clean, not planted"
misc/SPARK2/Ada-SPARK-Exclusive-Time-Of-Functions-Lite,"scan-clean, not planted"
misc/SPARK2/Ada-SPARK-Factorial,"scan-clean, not planted"
misc/SPARK2/Ada-SPARK-Factorial-Trailing-Zeroes,"scan-clean, not planted"
misc/SPARK2/Ada-SPARK-Fair-Candy-Swap,"scan-clean, not planted"
misc/SPARK2/Ada-SPARK-Fast-Pow,"scan-clean, not planted"
misc/SPARK2/Ada-SPARK-Fibonacci-DP,"scan-clean, not planted"
misc/SPARK2/Ada-SPARK-Fibonacci-Number,"scan-clean, not planted"
misc/SPARK2/Ada-SPARK-Final-Prices-With-A-Special-Discount,"scan-clean, not planted"
misc/SPARK2/Ada-SPARK-Find-All-Duplicates-In-An-Array,"scan-clean, not planted"
misc/SPARK2/Ada-SPARK-Find-All-Numbers-Disappeared,"scan-clean, not planted"
misc/SPARK2/Ada-SPARK-Find-Common-Characters,"scan-clean, not planted"
misc/SPARK2/Ada-SPARK-Find-First-And-Last-Position,planted: make test fails
misc/SPARK2/Ada-SPARK-Find-K-Closest-Elements,"scan-clean, not planted"
misc/SPARK2/Ada-SPARK-Find-Median-Data-Stream-Stub,"scan-clean, not planted"
misc/SPARK2/Ada-SPARK-Find-Median-From-Data-Stream,"scan-clean, not planted"
misc/SPARK2/Ada-SPARK-Find-Peak-Element,planted: make test fails
misc/SPARK2/Ada-SPARK-Find-The-City,"scan-clean, not planted"
misc/SPARK2/Ada-SPARK-Find-The-City-With-Smallest-Number-Of-Neighbors,"scan-clean, not planted"
misc/SPARK2/Ada-SPARK-Find-The-Difference,"scan-clean, not planted"
misc/SPARK2/Ada-SPARK-Find-The-Duplicate-Number,"scan-clean, not planted"
misc/SPARK2/Ada-SPARK-Find-The-Original-Array-Of-Prefix-XOR,"scan-clean, not planted"
misc/SPARK2/Ada-SPARK-Find-The-Smallest-Divisor,"scan-clean, not planted"
misc/SPARK2/Ada-SPARK-Find-The-Town-Judge,"scan-clean, not planted"
misc/SPARK2/Ada-SPARK-Find-Words-That-Can-Be-Formed,"scan-clean, not planted"
misc/SPARK2/Ada-SPARK-First-Bad-Version,"scan-clean, not planted"
misc/SPARK2/Ada-SPARK-First-Unique-Char,"scan-clean, not planted"
misc/SPARK2/Ada-SPARK-First-Unique-Character,"scan-clean, not planted"
misc/SPARK2/Ada-SPARK-Fisher-Yates-Shuffle,"scan-clean, not planted"
misc/SPARK2/Ada-SPARK-Fixed-Point-Iteration,"scan-clean, not planted"
misc/SPARK2/Ada-SPARK-Fizz-Buzz,"scan-clean, not planted"
misc/SPARK2/Ada-SPARK-Flatten-Nested-List-Stub,"scan-clean, not planted"
misc/SPARK2/Ada-SPARK-Flipping-An-Image,"scan-clean, not planted"
misc/SPARK2/Ada-SPARK-Flood-Fill,"scan-clean, not planted"
misc/SPARK2/Ada-SPARK-Four-Sum,"scan-clean, not planted"
misc/SPARK2/Ada-SPARK-Fruit-Into-Baskets,"scan-clean, not planted"
misc/SPARK2/Ada-SPARK-Game-Of-Life-Step,"scan-clean, not planted"
misc/SPARK2/Ada-SPARK-Gas-Station,"scan-clean, not planted"
misc/SPARK2/Ada-SPARK-Generate-Parentheses,"scan-clean, not planted"
misc/SPARK2/Ada-SPARK-Get-Maximum-In-Generated-Array,planted: make test fails
misc/SPARK2/Ada-SPARK-Goat-Latin,"scan-clean, not planted"
misc/SPARK2/Ada-SPARK-Gray-Code,"scan-clean, not planted"
misc/SPARK2/Ada-SPARK-Greatest-Common-Divisor,"scan-clean, not planted"
misc/SPARK2/Ada-SPARK-Group-Anagrams,"scan-clean, not planted"
misc/SPARK2/Ada-SPARK-Group-Anagrams-Stub,"scan-clean, not planted"
misc/SPARK2/Ada-SPARK-Grumpy-Bookstore-Owner,"scan-clean, not planted"
misc/SPARK2/Ada-SPARK-Guess-Number-Higher-Or-Lower,"scan-clean, not planted"
misc/SPARK2/Ada-SPARK-Hamming-Code,"scan-clean, not planted"
misc/SPARK2/Ada-SPARK-Hamming-Weight,"scan-clean, not planted"
misc/SPARK2/Ada-SPARK-Hand-Of-Straights-Stub,"scan-clean, not planted"
misc/SPARK2/Ada-SPARK-Happy-Number,"scan-clean, not planted"
misc/SPARK2/Ada-SPARK-Heap-Push-Pop,"scan-clean, not planted"
misc/SPARK2/Ada-SPARK-Heaters,"scan-clean, not planted"
misc/SPARK2/Ada-SPARK-Height-Checker,"scan-clean, not planted"
misc/SPARK2/Ada-SPARK-Histogram-Bin,"scan-clean, not planted"
misc/SPARK2/Ada-SPARK-Hit-Counter-Stub,"scan-clean, not planted"
misc/SPARK2/Ada-SPARK-Horner-Scheme,"scan-clean, not planted"
misc/SPARK2/Ada-SPARK-House-Robber,"scan-clean, not planted"
misc/SPARK2/Ada-SPARK-House-Robber-II,"scan-clean, not planted"
misc/SPARK2/Ada-SPARK-House-Robber-III-Lite,planted: make test fails
misc/SPARK2/Ada-SPARK-House-Robber-III-Stub,"scan-clean, not planted"
misc/SPARK2/Ada-SPARK-How-Many-Numbers-Are-Smaller,"scan-clean, not planted"
misc/SPARK2/Ada-SPARK-IPO-Lite,"scan-clean, not planted"
misc/SPARK2/Ada-SPARK-Image-Smoother,"scan-clean, not planted"
misc/SPARK2/Ada-SPARK-Implement-Queue-Using-Stacks,"scan-clean, not planted"
misc/SPARK2/Ada-SPARK-Implement-Stack-Using-Queues,"scan-clean, not planted"
misc/SPARK2/Ada-SPARK-Implement-StrStr,"scan-clean, not planted"
misc/SPARK2/Ada-SPARK-Insert-Delete-GetRandom-O1,"scan-clean, not planted"
misc/SPARK2/Ada-SPARK-Insert-Interval,"scan-clean, not planted"
misc/SPARK2/Ada-SPARK-Int-To-Roman-Stub,"scan-clean, not planted"
misc/SPARK2/Ada-SPARK-Integer-Break,planted: make test fails
misc/SPARK2/Ada-SPARK-Integer-To-English-Stub,"scan-clean, not planted"
misc/SPARK2/Ada-SPARK-Integer-To-Roman,"scan-clean, not planted"
misc/SPARK2/Ada-SPARK-Intersection-Of-Two-Arrays,"scan-clean, not planted"
misc/SPARK2/Ada-SPARK-Intersection-Of-Two-Arrays-II,"scan-clean, not planted"
misc/SPARK2/Ada-SPARK-Intersection-Of-Two-Linked-Lists,"scan-clean, not planted"
misc/SPARK2/Ada-SPARK-Is-Palindrome,"scan-clean, not planted"
misc/SPARK2/Ada-SPARK-Is-Subsequence,"scan-clean, not planted"
misc/SPARK2/Ada-SPARK-Island-Perimeter,"scan-clean, not planted"
misc/SPARK2/Ada-SPARK-Jaccard-Index,"scan-clean, not planted"
misc/SPARK2/Ada-SPARK-Jump-Game,"scan-clean, not planted"
misc/SPARK2/Ada-SPARK-Jump-Game-II,"scan-clean, not planted"
misc/SPARK2/Ada-SPARK-K-Closest-Points-Stub,"scan-clean, not planted"
misc/SPARK2/Ada-SPARK-K-Closest-Points-To-Origin,"scan-clean, not planted"
misc/SPARK2/Ada-SPARK-Kadanes-Algorithm,"scan-clean, not planted"
misc/SPARK2/Ada-SPARK-Keyboard-Row,"scan-clean, not planted"
misc/SPARK2/Ada-SPARK-Keys-And-Rooms,"scan-clean, not planted"
misc/SPARK2/Ada-SPARK-Knapsack-01,"scan-clean, not planted"
misc/SPARK2/Ada-SPARK-Knight-Probability-In-Chessboard-Lite,"scan-clean, not planted"
misc/SPARK2/Ada-SPARK-Koko-Eating-Bananas,planted: make test fails
misc/SPARK2/Ada-SPARK-Kth-Largest-Array,"scan-clean, not planted"
misc/SPARK2/Ada-SPARK-Kth-Largest-Element,"scan-clean, not planted"
misc/SPARK2/Ada-SPARK-Kth-Largest-Element-In-A-Stream,"scan-clean, not planted"
misc/SPARK2/Ada-SPARK-Kth-Largest-Element-In-An-Array,"scan-clean, not planted"
misc/SPARK2/Ada-SPARK-Kth-Largest-In-Stream-Stub,"scan-clean, not planted"
misc/SPARK2/Ada-SPARK-L1-Norm,"scan-clean, not planted"
misc/SPARK2/Ada-SPARK-L2-Norm-Squared,"scan-clean, not planted"
misc/SPARK2/Ada-SPARK-LFU-Cache-Lite,"scan-clean, not planted"
misc/SPARK2/Ada-SPARK-LFU-Cache-Stub,"scan-clean, not planted"
misc/SPARK2/Ada-SPARK-LRU-Cache-Lite,"scan-clean, not planted"
misc/SPARK2/Ada-SPARK-LRU-Cache-Stub,"scan-clean, not planted"
misc/SPARK2/Ada-SPARK-Largest-Number,"scan-clean, not planted"
misc/SPARK2/Ada-SPARK-Largest-Rectangle-In-Histogram,"scan-clean, not planted"
misc/SPARK2/Ada-SPARK-Last-Stone-Weight,"scan-clean, not planted"
misc/SPARK2/Ada-SPARK-Last-Stone-Weight-II,"scan-clean, not planted"
misc/SPARK2/Ada-SPARK-Least-Common-Multiple,"scan-clean, not planted"
misc/SPARK2/Ada-SPARK-Lemonade-Change,"scan-clean, not planted"
misc/SPARK2/Ada-SPARK-Length-Of-Last-Word,"scan-clean, not planted"
misc/SPARK2/Ada-SPARK-Letter-Case-Permutation,"scan-clean, not planted"
misc/SPARK2/Ada-SPARK-Letter-Combinations-Of-A-Phone-Number,"scan-clean, not planted"
misc/SPARK2/Ada-SPARK-License-Key-Formatting,"scan-clean, not planted"
misc/SPARK2/Ada-SPARK-Line-Intersection,"scan-clean, not planted"
misc/SPARK2/Ada-SPARK-Line-Reflection,"scan-clean, not planted"
misc/SPARK2/Ada-SPARK-Linked-List-Cycle,"scan-clean, not planted"
misc/SPARK2/Ada-SPARK-Linked-List-Cycle-II,"scan-clean, not planted"
misc/SPARK2/Ada-SPARK-Logger-Rate-Limiter-Lite,"scan-clean, not planted"
misc/SPARK2/Ada-SPARK-Logger-Rate-Limiter-Stub,"scan-clean, not planted"
misc/SPARK2/Ada-SPARK-Longest-Increasing-Subsequence,"scan-clean, not planted"
misc/SPARK2/Ada-SPARK-Longest-Mountain-In-Array,"scan-clean, not planted"
misc/SPARK2/Ada-SPARK-Longest-Ones,"scan-clean, not planted"
misc/SPARK2/Ada-SPARK-Longest-Palindromic-Subsequence,"scan-clean, not planted"
misc/SPARK2/Ada-SPARK-Longest-Repeating-Character-Replacement,"scan-clean, not planted"
misc/SPARK2/Ada-SPARK-Longest-Word-In-Dictionary,"scan-clean, not planted"
misc/SPARK2/Ada-SPARK-Magnetic-Force-Between-Two-Balls,"scan-clean, not planted"
misc/SPARK2/Ada-SPARK-Majority-Element,"scan-clean, not planted"
misc/SPARK2/Ada-SPARK-Majority-Element-II,"scan-clean, not planted"
misc/SPARK2/Ada-SPARK-Manacher,"scan-clean, not planted"
misc/SPARK2/Ada-SPARK-Manhattan-Distance,"scan-clean, not planted"
misc/SPARK2/Ada-SPARK-Map-Sum-Pairs,"scan-clean, not planted"
misc/SPARK2/Ada-SPARK-Mark-And-Sweep,"scan-clean, not planted"
misc/SPARK2/Ada-SPARK-Matchsticks-To-Square-Lite,"scan-clean, not planted"
misc/SPARK2/Ada-SPARK-Max-Area-Of-Island,"scan-clean, not planted"
misc/SPARK2/Ada-SPARK-Max-Consecutive-Ones,"scan-clean, not planted"
misc/SPARK2/Ada-SPARK-Max-Consecutive-Ones-II,"scan-clean, not planted"
misc/SPARK2/Ada-SPARK-Max-Consecutive-Ones-III,"scan-clean, not planted"
misc/SPARK2/Ada-SPARK-Max-Heap,"scan-clean, not planted"
misc/SPARK2/Ada-SPARK-Max-Path-Sum-Stub,"scan-clean, not planted"
misc/SPARK2/Ada-SPARK-Max-Points-On-A-Line-Lite,"scan-clean, not planted"
misc/SPARK2/Ada-SPARK-Max-Product-Subarray,"scan-clean, not planted"
misc/SPARK2/Ada-SPARK-Max-Stack,"scan-clean, not planted"
misc/SPARK2/Ada-SPARK-Max-Stack-Stub,"scan-clean, not planted"
misc/SPARK2/Ada-SPARK-Maximal-Rectangle,"scan-clean, not planted"
misc/SPARK2/Ada-SPARK-Maximal-Square,"scan-clean, not planted"
misc/SPARK2/Ada-SPARK-Maximum-Candies-Allocated-To-K-Children,"scan-clean, not planted"
misc/SPARK2/Ada-SPARK-Maximum-Ice-Cream-Bars,"scan-clean, not planted"
misc/SPARK2/Ada-SPARK-Maximum-Points-You-Can-Obtain-From-Cards,"scan-clean, not planted"
misc/SPARK2/Ada-SPARK-Maximum-Product-Of-Word-Lengths,"scan-clean, not planted"
misc/SPARK2/Ada-SPARK-Maximum-Product-Subarray,"scan-clean, not planted"
misc/SPARK2/Ada-SPARK-Maximum-Subarray,"scan-clean, not planted"
misc/SPARK2/Ada-SPARK-Maximum-Subarray-Circular,"scan-clean, not planted"
misc/SPARK2/Ada-SPARK-Maximum-Twin-Sum-Of-A-Linked-List,"scan-clean, not planted"
misc/SPARK2/Ada-SPARK-Maximum-Units-On-A-Truck,"scan-clean, not planted"
misc/SPARK2/Ada-SPARK-Maximum-XOR-Of-Two-Numbers,"scan-clean, not planted"
misc/SPARK2/Ada-SPARK-Mean-Variance,"scan-clean, not planted"
misc/SPARK2/Ada-SPARK-Median-Filtering,"scan-clean, not planted"
misc/SPARK2/Ada-SPARK-Median-Of-Three,"scan-clean, not planted"
misc/SPARK2/Ada-SPARK-Meeting-Rooms,"scan-clean, not planted"
misc/SPARK2/Ada-SPARK-Meeting-Rooms-II,"scan-clean, not planted"
misc/SPARK2/Ada-SPARK-Merge-In-Between-Linked-Lists,"scan-clean, not planted"
misc/SPARK2/Ada-SPARK-Merge-Intervals,"scan-clean, not planted"
misc/SPARK2/Ada-SPARK-Middle-Of-The-Linked-List,"scan-clean, not planted"
misc/SPARK2/Ada-SPARK-Min-Cost-Climbing-Stairs,"scan-clean, not planted"
misc/SPARK2/Ada-SPARK-Min-Cost-Connect-Cities-Stub,"scan-clean, not planted"
misc/SPARK2/Ada-SPARK-Min-Cost-To-Connect-All-Points,"scan-clean, not planted"
misc/SPARK2/Ada-SPARK-Min-Heap,"scan-clean, not planted"
misc/SPARK2/Ada-SPARK-Min-Max-Normalize,"scan-clean, not planted"
misc/SPARK2/Ada-SPARK-Min-Stack,"scan-clean, not planted"
misc/SPARK2/Ada-SPARK-Minimum-ASCII-Delete-Sum,"scan-clean, not planted"
misc/SPARK2/Ada-SPARK-Minimum-Bit-Flips-To-Convert-Number,"scan-clean, not planted"
misc/SPARK2/Ada-SPARK-Minimum-Cost-To-Move-Chips,"scan-clean, not planted"
misc/SPARK2/Ada-SPARK-Minimum-Deletions-To-Make-Character-Frequencies-Unique,"scan-clean, not planted"
misc/SPARK2/Ada-SPARK-Minimum-Number-Of-Arrows,"scan-clean, not planted"
misc/SPARK2/Ada-SPARK-Minimum-Number-Of-Days-To-Make-M-Bouquets,planted: make test fails
misc/SPARK2/Ada-SPARK-Minimum-Number-Of-Moves-To-Seat,"scan-clean, not planted"
misc/SPARK2/Ada-SPARK-Minimum-Operations-To-Make-The-Array-Increasing,"scan-clean, not planted"
misc/SPARK2/Ada-SPARK-Minimum-Path-Sum,"scan-clean, not planted"
misc/SPARK2/Ada-SPARK-Minimum-Sum-Of-Four-Digit-Number,"scan-clean, not planted"
misc/SPARK2/Ada-SPARK-Missing-Number,"scan-clean, not planted"
misc/SPARK2/Ada-SPARK-Missing-Ranges-Stub,"scan-clean, not planted"
misc/SPARK2/Ada-SPARK-Monotonic-Stack,"scan-clean, not planted"
misc/SPARK2/Ada-SPARK-Most-Common-Word,"scan-clean, not planted"
misc/SPARK2/Ada-SPARK-Move-Zeroes,"scan-clean, not planted"
misc/SPARK2/Ada-SPARK-Moving-Average,"scan-clean, not planted"
misc/SPARK2/Ada-SPARK-Moving-Average-From-Data-Stream,"scan-clean, not planted"
misc/SPARK2/Ada-SPARK-My-Calendar-Stub,"scan-clean, not planted"
misc/SPARK2/Ada-SPARK-My-Linked-List-Stub,"scan-clean, not planted"
misc/SPARK2/Ada-SPARK-N-Queens-Lite,"scan-clean, not planted"
misc/SPARK2/Ada-SPARK-N-Repeated-Element-In-Size-2N-Array,"scan-clean, not planted"
misc/SPARK2/Ada-SPARK-N-th-Tribonacci,"scan-clean, not planted"
misc/SPARK2/Ada-SPARK-Nearest-Exit-From-Entrance-In-Maze,"scan-clean, not planted"
misc/SPARK2/Ada-SPARK-Neighboring-Bitwise-XOR,"scan-clean, not planted"
misc/SPARK2/Ada-SPARK-Nested-Iterator-Stub,"scan-clean, not planted"
misc/SPARK2/Ada-SPARK-Network-Delay-Time,"scan-clean, not planted"
misc/SPARK2/Ada-SPARK-Network-Delay-Time-Stub,"scan-clean, not planted"
misc/SPARK2/Ada-SPARK-New-21-Game-Lite,"scan-clean, not planted"
misc/SPARK2/Ada-SPARK-Next-Greater-Element-I,"scan-clean, not planted"
misc/SPARK2/Ada-SPARK-Next-Greater-Element-II,"scan-clean, not planted"
misc/SPARK2/Ada-SPARK-Next-Greater-Node-In-Linked-List,"scan-clean, not planted"
misc/SPARK2/Ada-SPARK-Next-Permutation-Stub,"scan-clean, not planted"
misc/SPARK2/Ada-SPARK-Nim-Game,"scan-clean, not planted"
misc/SPARK2/Ada-SPARK-Non-Decreasing-Array,"scan-clean, not planted"
misc/SPARK2/Ada-SPARK-Non-Overlapping-Intervals,"scan-clean, not planted"
misc/SPARK2/Ada-SPARK-Nth-Digit,"scan-clean, not planted"
misc/SPARK2/Ada-SPARK-Nth-Digit-Stub,"scan-clean, not planted"
misc/SPARK2/Ada-SPARK-Nth-Ugly-Number,"scan-clean, not planted"
misc/SPARK2/Ada-SPARK-Number-Complement,"scan-clean, not planted"
misc/SPARK2/Ada-SPARK-Number-Of-1-Bits,"scan-clean, not planted"
misc/SPARK2/Ada-SPARK-Number-Of-1-Bits-In-Range,"scan-clean, not planted"
misc/SPARK2/Ada-SPARK-Number-Of-Connected-Components,"scan-clean, not planted"
misc/SPARK2/Ada-SPARK-Number-Of-Good-Pairs,"scan-clean, not planted"
misc/SPARK2/Ada-SPARK-Number-Of-Islands,"scan-clean, not planted"
misc/SPARK2/Ada-SPARK-Number-Of-Provinces,"scan-clean, not planted"
misc/SPARK2/Ada-SPARK-Number-Of-Recent-Calls,"scan-clean, not planted"
misc/SPARK2/Ada-SPARK-Number-Of-Steps-To-Reduce-A-Number,"scan-clean, not planted"
misc/SPARK2/Ada-SPARK-Number-Of-Steps-To-Reduce-A-Number-In-Binary-Representation,"scan-clean, not planted"
misc/SPARK2/Ada-SPARK-One-Hot,"scan-clean, not planted"
misc/SPARK2/Ada-SPARK-Ones-And-Zeroes,"scan-clean, not planted"
misc/SPARK2/Ada-SPARK-Online-Stock-Span,"scan-clean, not planted"
misc/SPARK2/Ada-SPARK-Online-Stock-Span-Stub,"scan-clean, not planted"
misc/SPARK2/Ada-SPARK-Open-The-Lock,"scan-clean, not planted"
misc/SPARK2/Ada-SPARK-Ordered-Stream-Stub,"scan-clean, not planted"
misc/SPARK2/Ada-SPARK-Out-Of-Boundary-Paths-Lite,"scan-clean, not planted"
misc/SPARK2/Ada-SPARK-Overlap-Coefficient,"scan-clean, not planted"
misc/SPARK2/Ada-SPARK-PN-Counter,"scan-clean, not planted"
misc/SPARK2/Ada-SPARK-Pacific-Atlantic-Water-Flow,"scan-clean, not planted"
misc/SPARK2/Ada-SPARK-Pacific-Atlantic-Water-Stub,"scan-clean, not planted"
misc/SPARK2/Ada-SPARK-Paint-Fence-Lite,"scan-clean, not planted"
misc/SPARK2/Ada-SPARK-Paint-House-Lite,"scan-clean, not planted"
misc/SPARK2/Ada-SPARK-Paint-House-Stub,"scan-clean, not planted"
misc/SPARK2/Ada-SPARK-Palindrome-Linked-List,"scan-clean, not planted"
misc/SPARK2/Ada-SPARK-Palindrome-Number,"scan-clean, not planted"
misc/SPARK2/Ada-SPARK-Palindrome-Pairs-Lite,"scan-clean, not planted"
misc/SPARK2/Ada-SPARK-Palindrome-Partitioning,"scan-clean, not planted"
misc/SPARK2/Ada-SPARK-Palindrome-Partitioning-II,"scan-clean, not planted"
misc/SPARK2/Ada-SPARK-Parity-Bits,"scan-clean, not planted"
misc/SPARK2/Ada-SPARK-Parking-System-Stub,"scan-clean, not planted"
misc/SPARK2/Ada-SPARK-Partition-Around-Pivot,"scan-clean, not planted"
misc/SPARK2/Ada-SPARK-Partition-Equal-Subset-Sum,"scan-clean, not planted"
misc/SPARK2/Ada-SPARK-Partition-Labels,"scan-clean, not planted"
misc/SPARK2/Ada-SPARK-Pascal-Triangle,"scan-clean, not planted"
misc/SPARK2/Ada-SPARK-Pascal-Triangle-II,"scan-clean, not planted"
misc/SPARK2/Ada-SPARK-Path-Sum,"scan-clean, not planted"
misc/SPARK2/Ada-SPARK-Path-Sum-III-Lite,"scan-clean, not planted"
misc/SPARK2/Ada-SPARK-Path-With-Minimum-Effort,"scan-clean, not planted"
misc/SPARK2/Ada-SPARK-Peak-Index-In-Mountain-Array,planted: make test fails
misc/SPARK2/Ada-SPARK-Pearson-Correlation,"scan-clean, not planted"
misc/SPARK2/Ada-SPARK-Peeking-Iterator-Stub,"scan-clean, not planted"
misc/SPARK2/Ada-SPARK-Permutations,"scan-clean, not planted"
misc/SPARK2/Ada-SPARK-Permutations-II,"scan-clean, not planted"
misc/SPARK2/Ada-SPARK-Plus-One,"scan-clean, not planted"
misc/SPARK2/Ada-SPARK-Population-Count,"scan-clean, not planted"
misc/SPARK2/Ada-SPARK-Pow-X-N,"scan-clean, not planted"
misc/SPARK2/Ada-SPARK-Pow-X-N-Stub,"scan-clean, not planted"
misc/SPARK2/Ada-SPARK-Power-Of-Four,"scan-clean, not planted"
misc/SPARK2/Ada-SPARK-Power-Of-Three,"scan-clean, not planted"
misc/SPARK2/Ada-SPARK-Power-Of-Two,"scan-clean, not planted"
misc/SPARK2/Ada-SPARK-Powx-N,"scan-clean, not planted"
misc/SPARK2/Ada-SPARK-Prefix-Sums,"scan-clean, not planted"
misc/SPARK2/Ada-SPARK-Prim-MST-Lite,"scan-clean, not planted"
misc/SPARK2/Ada-SPARK-Priority-Queue-Binary-Heap,"scan-clean, not planted"
misc/SPARK2/Ada-SPARK-Product-Except-Self,"scan-clean, not planted"
misc/SPARK2/Ada-SPARK-Product-Of-Array-Except-Self,"scan-clean, not planted"
misc/SPARK2/Ada-SPARK-Product-Of-Numbers-Stub,"scan-clean, not planted"
misc/SPARK2/Ada-SPARK-Projection-Area-Of-3D-Shapes,"scan-clean, not planted"
misc/SPARK2/Ada-SPARK-Queue-Reconstruction-By-Height,"scan-clean, not planted"
misc/SPARK2/Ada-SPARK-Queue-Using-Stacks,"scan-clean, not planted"
misc/SPARK2/Ada-SPARK-Random-Pick-With-Weight-Lite,"scan-clean, not planted"
misc/SPARK2/Ada-SPARK-Randomized-Collection,"scan-clean, not planted"
misc/SPARK2/Ada-SPARK-Randomized-Set,"scan-clean, not planted"
misc/SPARK2/Ada-SPARK-Range-Addition,"scan-clean, not planted"
misc/SPARK2/Ada-SPARK-Range-Module-Stub,"scan-clean, not planted"
misc/SPARK2/Ada-SPARK-Range-Sum-Query,"scan-clean, not planted"
misc/SPARK2/Ada-SPARK-Range-Sum-Query-2D-Immutable,"scan-clean, not planted"
misc/SPARK2/Ada-SPARK-Range-Sum-Query-Immutable,"scan-clean, not planted"
misc/SPARK2/Ada-SPARK-Ransom-Note,"scan-clean, not planted"
misc/SPARK2/Ada-SPARK-Rate-Monotonic-Scheduling,"scan-clean, not planted"
misc/SPARK2/Ada-SPARK-Ravenscar-Job-Pool,"scan-clean, not planted"
misc/SPARK2/Ada-SPARK-Reach-A-Number,"scan-clean, not planted"
misc/SPARK2/Ada-SPARK-Recent-Counter,"scan-clean, not planted"
misc/SPARK2/Ada-SPARK-Rectangle-Area,"scan-clean, not planted"
misc/SPARK2/Ada-SPARK-Rectangle-Overlap,"scan-clean, not planted"
misc/SPARK2/Ada-SPARK-Reduce-Array-Size-To-The-Half,"scan-clean, not planted"
misc/SPARK2/Ada-SPARK-Redundant-Connection,"scan-clean, not planted"
misc/SPARK2/Ada-SPARK-Redundant-Connection-II,"scan-clean, not planted"
misc/SPARK2/Ada-SPARK-Redundant-Connection-II-Lite,"scan-clean, not planted"
misc/SPARK2/Ada-SPARK-Reference-Counting,"scan-clean, not planted"
misc/SPARK2/Ada-SPARK-Regular-Expression-Matching-Lite,"scan-clean, not planted"
misc/SPARK2/Ada-SPARK-Remove-All-Adjacent-Duplicates,"scan-clean, not planted"
misc/SPARK2/Ada-SPARK-Remove-All-Adjacent-Duplicates-II,"scan-clean, not planted"
misc/SPARK2/Ada-SPARK-Remove-Duplicate-Letters,"scan-clean, not planted"
misc/SPARK2/Ada-SPARK-Remove-Element,"scan-clean, not planted"
misc/SPARK2/Ada-SPARK-Remove-K-Digits,"scan-clean, not planted"
misc/SPARK2/Ada-SPARK-Remove-Linked-List-Elements,"scan-clean, not planted"
misc/SPARK2/Ada-SPARK-Remove-Nth-Node-From-End,"scan-clean, not planted"
misc/SPARK2/Ada-SPARK-Reorder-List,"scan-clean, not planted"
misc/SPARK2/Ada-SPARK-Replace-Elements-With-Greatest-On-Right,"scan-clean, not planted"
misc/SPARK2/Ada-SPARK-Replace-Words,"scan-clean, not planted"
misc/SPARK2/Ada-SPARK-Reservoir-Sampling,"scan-clean, not planted"
misc/SPARK2/Ada-SPARK-Restore-IP-Addresses,"scan-clean, not planted"
misc/SPARK2/Ada-SPARK-Reverse-Bits,"scan-clean, not planted"
misc/SPARK2/Ada-SPARK-Reverse-Integer,"scan-clean, not planted"
misc/SPARK2/Ada-SPARK-Reverse-Linked-List,"scan-clean, not planted"
misc/SPARK2/Ada-SPARK-Reverse-Linked-List-II/tests,"scan-clean, not planted"
misc/SPARK2/Ada-SPARK-Reverse-Only-Letters,"scan-clean, not planted"
misc/SPARK2/Ada-SPARK-Reverse-Pairs-Lite,"scan-clean, not planted"
misc/SPARK2/Ada-SPARK-Reverse-Vowels,"scan-clean, not planted"
misc/SPARK2/Ada-SPARK-Reverse-Words,"scan-clean, not planted"
misc/SPARK2/Ada-SPARK-Ring-Buffer,"scan-clean, not planted"
misc/SPARK2/Ada-SPARK-Robot-Return-To-Origin,"scan-clean, not planted"
misc/SPARK2/Ada-SPARK-Roman-To-Int,"scan-clean, not planted"
misc/SPARK2/Ada-SPARK-Roman-To-Integer,"scan-clean, not planted"
misc/SPARK2/Ada-SPARK-Rotate-Array,"scan-clean, not planted"
misc/SPARK2/Ada-SPARK-Rotate-Image,"scan-clean, not planted"
misc/SPARK2/Ada-SPARK-Rotate-List/tests,"scan-clean, not planted"
misc/SPARK2/Ada-SPARK-Rotting-Oranges,"scan-clean, not planted"
misc/SPARK2/Ada-SPARK-Round-Robin-Scheduling,"scan-clean, not planted"
misc/SPARK2/Ada-SPARK-Seat-Manager-Stub,"scan-clean, not planted"
misc/SPARK2/Ada-SPARK-Seat-Reservation-Manager,"scan-clean, not planted"
misc/SPARK2/Ada-SPARK-Self-Dividing-Numbers,"scan-clean, not planted"
misc/SPARK2/Ada-SPARK-Sequence-Reconstruction-Lite,"scan-clean, not planted"
misc/SPARK2/Ada-SPARK-Shift-2D-Grid,"scan-clean, not planted"
misc/SPARK2/Ada-SPARK-Shortest-Bridge,"scan-clean, not planted"
misc/SPARK2/Ada-SPARK-Shortest-Common-Supersequence-Lite,"scan-clean, not planted"
misc/SPARK2/Ada-SPARK-Shortest-Completing-Word,"scan-clean, not planted"
misc/SPARK2/Ada-SPARK-Shortest-Job-Next,"scan-clean, not planted"
misc/SPARK2/Ada-SPARK-Shortest-Remaining-Time,"scan-clean, not planted"
misc/SPARK2/Ada-SPARK-Shortest-Word-Distance,"scan-clean, not planted"
misc/SPARK2/Ada-SPARK-Sigmoid,planted: make test fails
misc/SPARK2/Ada-SPARK-Simplify-Path-Stub,"scan-clean, not planted"
misc/SPARK2/Ada-SPARK-Single-Number,"scan-clean, not planted"
misc/SPARK2/Ada-SPARK-Single-Number-II,"scan-clean, not planted"
misc/SPARK2/Ada-SPARK-Single-Number-III,"scan-clean, not planted"
misc/SPARK2/Ada-SPARK-Sliding-Window-Max,"scan-clean, not planted"
misc/SPARK2/Ada-SPARK-Sliding-Window-Maximum,"scan-clean, not planted"
misc/SPARK2/Ada-SPARK-Sliding-Window-Median,"scan-clean, not planted"
misc/SPARK2/Ada-SPARK-Smallest-Integer-Divisible-By-K,"scan-clean, not planted"
misc/SPARK2/Ada-SPARK-Snapshot-Array-Stub,"scan-clean, not planted"
misc/SPARK2/Ada-SPARK-Softmin,"scan-clean, not planted"
misc/SPARK2/Ada-SPARK-Soup-Servings-Lite,"scan-clean, not planted"
misc/SPARK2/Ada-SPARK-Spearman-Rank-Stub,"scan-clean, not planted"
misc/SPARK2/Ada-SPARK-Special-Array-With-X-Elements,"scan-clean, not planted"
misc/SPARK2/Ada-SPARK-Split-Array-Largest-Sum,planted: make test fails
misc/SPARK2/Ada-SPARK-Sqrt-Integer,"scan-clean, not planted"
misc/SPARK2/Ada-SPARK-Sqrt-X,"scan-clean, not planted"
misc/SPARK2/Ada-SPARK-Sqrtx,planted: make test fails
misc/SPARK2/Ada-SPARK-Stack-Bounded,"scan-clean, not planted"
misc/SPARK2/Ada-SPARK-Stack-Using-Queues-Stub,"scan-clean, not planted"
misc/SPARK2/Ada-SPARK-Standard-Score,"scan-clean, not planted"
misc/SPARK2/Ada-SPARK-Stock-Spanner-Stub,"scan-clean, not planted"
misc/SPARK2/Ada-SPARK-Stream-Of-Characters-Lite,"scan-clean, not planted"
misc/SPARK2/Ada-SPARK-Strstr-Naive,"scan-clean, not planted"
misc/SPARK2/Ada-SPARK-Student-Attendance-Record-I,"scan-clean, not planted"
misc/SPARK2/Ada-SPARK-Subarray-Sum-Equals-K,"scan-clean, not planted"
misc/SPARK2/Ada-SPARK-Subarrays-With-K-Different-Integers,"scan-clean, not planted"
misc/SPARK2/Ada-SPARK-Subsets,"scan-clean, not planted"
misc/SPARK2/Ada-SPARK-Subsets-Bitmask,"scan-clean, not planted"
misc/SPARK2/Ada-SPARK-Subsets-II,"scan-clean, not planted"
misc/SPARK2/Ada-SPARK-Subtract-Product-Sum-Digits,"scan-clean, not planted"
misc/SPARK2/Ada-SPARK-Subtract-The-Product-And-Sum,"scan-clean, not planted"
misc/SPARK2/Ada-SPARK-Sudoku-Solver-Lite,"scan-clean, not planted"
misc/SPARK2/Ada-SPARK-Sum-Of-Left-Leaves,"scan-clean, not planted"
misc/SPARK2/Ada-SPARK-Sum-Of-Subarray-Minimums,"scan-clean, not planted"
misc/SPARK2/Ada-SPARK-Sum-Of-Two-Integers,"scan-clean, not planted"
misc/SPARK2/Ada-SPARK-Sum-Root-To-Leaf-Numbers,"scan-clean, not planted"
misc/SPARK2/Ada-SPARK-Summary-Ranges,"scan-clean, not planted"
misc/SPARK2/Ada-SPARK-Super-Ugly-Number,"scan-clean, not planted"
misc/SPARK2/Ada-SPARK-Super-Ugly-Number-Stub,"scan-clean, not planted"
misc/SPARK2/Ada-SPARK-Surface-Area-Of-3D-Shapes,"scan-clean, not planted"
misc/SPARK2/Ada-SPARK-Surrounded-Regions,"scan-clean, not planted"
misc/SPARK2/Ada-SPARK-Swap-Nodes-In-Pairs/tests,"scan-clean, not planted"
misc/SPARK2/Ada-SPARK-Swapping-Nodes-In-A-Linked-List,"scan-clean, not planted"
misc/SPARK2/Ada-SPARK-Swim-In-Rising-Water,"scan-clean, not planted"
misc/SPARK2/Ada-SPARK-Swim-In-Rising-Water-Stub,"scan-clean, not planted"
misc/SPARK2/Ada-SPARK-Tanimoto,"scan-clean, not planted"
misc/SPARK2/Ada-SPARK-Target-Sum,"scan-clean, not planted"
misc/SPARK2/Ada-SPARK-Target-Sum-Stub,"scan-clean, not planted"
misc/SPARK2/Ada-SPARK-The-Skyline-Problem-Lite,"scan-clean, not planted"
misc/SPARK2/Ada-SPARK-Third-Maximum-Number,"scan-clean, not planted"
misc/SPARK2/Ada-SPARK-Three-Divisors,"scan-clean, not planted"
misc/SPARK2/Ada-SPARK-Three-Sum,"scan-clean, not planted"
misc/SPARK2/Ada-SPARK-Three-Sum-Closest-Stub,"scan-clean, not planted"
misc/SPARK2/Ada-SPARK-Tic-Tac-Toe-Stub,"scan-clean, not planted"
misc/SPARK2/Ada-SPARK-Time-Based-Key-Value-Store,"scan-clean, not planted"
misc/SPARK2/Ada-SPARK-Time-Map-Stub,"scan-clean, not planted"
misc/SPARK2/Ada-SPARK-Title-To-Number,"scan-clean, not planted"
misc/SPARK2/Ada-SPARK-To-Lower-Case,"scan-clean, not planted"
misc/SPARK2/Ada-SPARK-Top-K-Frequent-Elements,"scan-clean, not planted"
misc/SPARK2/Ada-SPARK-Top-K-Frequent-Stub,"scan-clean, not planted"
misc/SPARK2/Ada-SPARK-Top-K-Frequent-Words,"scan-clean, not planted"
misc/SPARK2/Ada-SPARK-Top-Nodes-Algorithm,"scan-clean, not planted"
misc/SPARK2/Ada-SPARK-Trapezoidal-Rule,"scan-clean, not planted"
misc/SPARK2/Ada-SPARK-Trapping-Rain-Water,"scan-clean, not planted"
misc/SPARK2/Ada-SPARK-Trapping-Rain-Water-II-Lite,"scan-clean, not planted"
misc/SPARK2/Ada-SPARK-Triangle,"scan-clean, not planted"
misc/SPARK2/Ada-SPARK-Triangle-Min-Path,"scan-clean, not planted"
misc/SPARK2/Ada-SPARK-Tribonacci,"scan-clean, not planted"
misc/SPARK2/Ada-SPARK-Tribonacci-Number,"scan-clean, not planted"
misc/SPARK2/Ada-SPARK-Tweet-Counts-Stub,"scan-clean, not planted"
misc/SPARK2/Ada-SPARK-Two-City-Scheduling,"scan-clean, not planted"
misc/SPARK2/Ada-SPARK-Two-Pointers-Sum,"scan-clean, not planted"
misc/SPARK2/Ada-SPARK-Two-Sum,"scan-clean, not planted"
misc/SPARK2/Ada-SPARK-UTF-8-Validation,"scan-clean, not planted"
misc/SPARK2/Ada-SPARK-Ugly-Number,"scan-clean, not planted"
misc/SPARK2/Ada-SPARK-Ugly-Number-II,planted: make test fails
misc/SPARK2/Ada-SPARK-Uncommon-Words-From-Two-Sentences,"scan-clean, not planted"
misc/SPARK2/Ada-SPARK-Underground-System-Stub,"scan-clean, not planted"
misc/SPARK2/Ada-SPARK-Union-Find,"scan-clean, not planted"
misc/SPARK2/Ada-SPARK-Unique-Email-Addresses,"scan-clean, not planted"
misc/SPARK2/Ada-SPARK-Unique-Morse-Code-Words,"scan-clean, not planted"
misc/SPARK2/Ada-SPARK-Unique-Paths,"scan-clean, not planted"
misc/SPARK2/Ada-SPARK-Unique-Paths-II,"scan-clean, not planted"
misc/SPARK2/Ada-SPARK-Valid-Anagram,"scan-clean, not planted"
misc/SPARK2/Ada-SPARK-Valid-IP-Address-Stub,"scan-clean, not planted"
misc/SPARK2/Ada-SPARK-Valid-Number-Stub,"scan-clean, not planted"
misc/SPARK2/Ada-SPARK-Valid-Palindrome,"scan-clean, not planted"
misc/SPARK2/Ada-SPARK-Valid-Palindrome-II,"scan-clean, not planted"
misc/SPARK2/Ada-SPARK-Valid-Parentheses,"scan-clean, not planted"
misc/SPARK2/Ada-SPARK-Valid-Square,"scan-clean, not planted"
misc/SPARK2/Ada-SPARK-Valid-Sudoku-Stub,"scan-clean, not planted"
misc/SPARK2/Ada-SPARK-Valid-Word-Abbreviation,"scan-clean, not planted"
misc/SPARK2/Ada-SPARK-Validate-Stack-Sequences,"scan-clean, not planted"
misc/SPARK2/Ada-SPARK-Vector-2D-Stub,"scan-clean, not planted"
misc/SPARK2/Ada-SPARK-Vector-Dot-Cross,"scan-clean, not planted"
misc/SPARK2/Ada-SPARK-Water-Bottles,"scan-clean, not planted"
misc/SPARK2/Ada-SPARK-Wiggle-Subsequence,"scan-clean, not planted"
misc/SPARK2/Ada-SPARK-Wildcard-Matching-Lite,"scan-clean, not planted"
misc/SPARK2/Ada-SPARK-Word-Break,"scan-clean, not planted"
misc/SPARK2/Ada-SPARK-Word-Break-II,"scan-clean, not planted"
misc/SPARK2/Ada-SPARK-Word-Break-Stub,"scan-clean, not planted"
misc/SPARK2/Ada-SPARK-Word-Ladder-II-Lite,"scan-clean, not planted"
misc/SPARK2/Ada-SPARK-Word-Ladder-Lite,"scan-clean, not planted"
misc/SPARK2/Ada-SPARK-Word-Ladder-Stub,"scan-clean, not planted"
misc/SPARK2/Ada-SPARK-Word-Pattern,"scan-clean, not planted"
misc/SPARK2/Ada-SPARK-XOR-Of-Numbers-Range,"scan-clean, not planted"
misc/SPARK2/Ada-SPARK-XOR-Operation-In-An-Array,"scan-clean, not planted"
misc/SPARK2/Ada-SPARK-Zigzag-Iterator-Stub,"scan-clean, not planted"
misc/SPARK2/Pattern-132,"scan-clean, not planted"
misc/SPARK4/Acorn-Generator,"scan-clean, not planted"
misc/SPARK4/Ada-SPARK-Accumulator,"scan-clean, not planted"
misc/SPARK4/Ada-SPARK-Blum-Blum-Shub,"scan-clean, not planted"
misc/SPARK4/Ada-SPARK-Heaps-Algorithm,"scan-clean, not planted"
misc/SPARK4/Ada-SPARK-K-Way-Merge,"scan-clean, not planted"
misc/SPARK4/Ada-SPARK-Lagged-Fibonacci-Generator,"scan-clean, not planted"
misc/SPARK4/Ada-SPARK-Lemke-Howson,planted: make test fails
misc/SPARK4/Ada-SPARK-Package-Merge-Algorithm,"scan-clean, not planted"
misc/SPARK4/Ada-SPARK-Selection-Algorithm,"scan-clean, not planted"
misc/SPARK4/tests,"scan-clean, not planted"
ml/Ada/AdaBoost,"scan-clean, not planted"
ml/Ada/Alopex,"scan-clean, not planted"
ml/Ada/Backpropagation,"scan-clean, not planted"
ml/Ada/Boosting-Meta-Algorithm,"scan-clean, not planted"
ml/Ada/BrownBoost,"scan-clean, not planted"
ml/Ada/Expectation-Maximization,"scan-clean, not planted"
ml/Ada/Forward-Backward,"scan-clean, not planted"
ml/Ada/Hidden-Markov-Model,"scan-clean, not planted"
ml/Ada/LPBoost,"scan-clean, not planted"
ml/Ada/LogitBoost,"scan-clean, not planted"
ml/Ada/Naive-Bayes-Classifier,"scan-clean, not planted"
ml/Ada/Neural-Network,"scan-clean, not planted"
ml/Ada/Perceptron,"scan-clean, not planted"
ml/Ada/Policy-Iteration,"scan-clean, not planted"
ml/Ada/Pulse-Coupled-Neural-Networks,"scan-clean, not planted"
ml/Ada/Q-Learning,"scan-clean, not planted"
ml/Ada/Random-Forest,"scan-clean, not planted"
ml/Ada/Reinforcement-Learning,"scan-clean, not planted"
ml/Ada/Support-Vector-Machine,"scan-clean, not planted"
ml/Ada/Value-Iteration,"scan-clean, not planted"
ml/Ada/Viterbi,"scan-clean, not planted"
ml/Ada/Winnow-Algorithm,"scan-clean, not planted"
ml/SPARK2/Ada-SPARK-ReLU,"scan-clean, not planted"
ml/SPARK2/Ada-SPARK-Softmax,"scan-clean, not planted"
ml/SPARK2/Linear-Regression,"scan-clean, not planted"
numerical/Ada/Aks-Primality-Test,"scan-clean, not planted"
numerical/Ada/Arnoldi,"scan-clean, not planted"
numerical/Ada/BBP,"scan-clean, not planted"
numerical/Ada/BFGS,"scan-clean, not planted"
numerical/Ada/BKM,"scan-clean, not planted"
numerical/Ada/Biconjugate-Gradient,"scan-clean, not planted"
numerical/Ada/Bicubic-Interpolation,"scan-clean, not planted"
numerical/Ada/Bilinear-Interpolation,"scan-clean, not planted"
numerical/Ada/Binary-GCD,"scan-clean, not planted"
numerical/Ada/Birkhoff-Interpolation,"scan-clean, not planted"
numerical/Ada/Bisection-Method,"scan-clean, not planted"
numerical/Ada/Bluesteins-FFT-Algorithm,"scan-clean, not planted"
numerical/Ada/Borwein,"scan-clean, not planted"
numerical/Ada/Brents-Algorithm,"scan-clean, not planted"
numerical/Ada/Bruuns-FFT-Algorithm,"scan-clean, not planted"
numerical/Ada/CORDIC,"scan-clean, not planted"
numerical/Ada/Cantor-Zassenhaus,"scan-clean, not planted"
numerical/Ada/Chakravala,"scan-clean, not planted"
numerical/Ada/Chudnovsky,"scan-clean, not planted"
numerical/Ada/Cipolla,"scan-clean, not planted"
numerical/Ada/Conjugate-Gradient,"scan-clean, not planted"
numerical/Ada/Cooley-Tukey-FFT-Algorithm,"scan-clean, not planted"
numerical/Ada/Cubic-Interpolation,"scan-clean, not planted"
numerical/Ada/Dixon,"scan-clean, not planted"
numerical/Ada/Euclidean-Algorithm,"scan-clean, not planted"
numerical/Ada/Extended-Euclidean-Algorithm,"scan-clean, not planted"
numerical/Ada/Fast-Fourier-Transform,"scan-clean, not planted"
numerical/Ada/Fermat-Primality-Test,"scan-clean, not planted"
numerical/Ada/Furer,"scan-clean, not planted"
numerical/Ada/Gauss-Legendre,"scan-clean, not planted"
numerical/Ada/Gauss-Newton,"scan-clean, not planted"
numerical/Ada/General-Number-Field-Sieve,"scan-clean, not planted"
numerical/Ada/Gradient-Descent,"scan-clean, not planted"
numerical/Ada/Hermite-Interpolation,"scan-clean, not planted"
numerical/Ada/Hybrid-Monte-Carlo,"scan-clean, not planted"
numerical/Ada/Interior-Point-Method,"scan-clean, not planted"
numerical/Ada/Karatsuba,"scan-clean, not planted"
numerical/Ada/Lagrange-Interpolation,"scan-clean, not planted"
numerical/Ada/Lanczos,"scan-clean, not planted"
numerical/Ada/Lanczos-Resampling,"scan-clean, not planted"
numerical/Ada/Levenberg-Marquardt,"scan-clean, not planted"
numerical/Ada/Linear-Congruential-Generator,"scan-clean, not planted"
numerical/Ada/Linear-Interpolation,"scan-clean, not planted"
numerical/Ada/Lucas-Primality-Test,"scan-clean, not planted"
numerical/Ada/MISER,"scan-clean, not planted"
numerical/Ada/Mersenne-Twister,"scan-clean, not planted"
numerical/Ada/Metropolis-Hastings,"scan-clean, not planted"
numerical/Ada/Metropolis-Light-Transport,"scan-clean, not planted"
numerical/Ada/Miller-Rabin,"scan-clean, not planted"
numerical/Ada/Monotone-Cubic-Interpolation,"scan-clean, not planted"
numerical/Ada/Multivariate-Interpolation,"scan-clean, not planted"
numerical/Ada/Nearest-Neighbor-Interpolation,"scan-clean, not planted"
numerical/Ada/Neville,"scan-clean, not planted"
numerical/Ada/Newells-Algorithm,"scan-clean, not planted"
numerical/Ada/Newton-Raphson-Division,"scan-clean, not planted"
numerical/Ada/Pareto-Interpolation,"scan-clean, not planted"
numerical/Ada/Partial-Least-Squares,"scan-clean, not planted"
numerical/Ada/Pollards-Kangaroo-Algorithm,"scan-clean, not planted"
numerical/Ada/Pollards-P-1,"scan-clean, not planted"
numerical/Ada/Pollards-Rho,"scan-clean, not planted"
numerical/Ada/Pollards-Rho-Logarithms,"scan-clean, not planted"
numerical/Ada/Polynomial-Interpolation,"scan-clean, not planted"
numerical/Ada/Primality-Test,"scan-clean, not planted"
numerical/Ada/Prime-Factor-FFT-Algorithm,"scan-clean, not planted"
numerical/Ada/Prime-Factorization,"scan-clean, not planted"
numerical/Ada/Quadratic-Sieve,"scan-clean, not planted"
numerical/Ada/Raders-FFT-Algorithm,"scan-clean, not planted"
numerical/Ada/Runge-Kutta,"scan-clean, not planted"
numerical/Ada/Secant-Method,"scan-clean, not planted"
numerical/Ada/Sieve-Of-Atkin,"scan-clean, not planted"
numerical/Ada/Sieve-Of-Eratosthenes,"scan-clean, not planted"
numerical/Ada/Sieve-Of-Sundaram,"scan-clean, not planted"
numerical/Ada/Special-Number-Field-Sieve,"scan-clean, not planted"
numerical/Ada/Spline-Interpolation,"scan-clean, not planted"
numerical/Ada/Tonelli-Shanks,"scan-clean, not planted"
numerical/Ada/Tricubic-Interpolation,"scan-clean, not planted"
numerical/Ada/Trigonometric-Interpolation,"scan-clean, not planted"
numerical/Ada/Ziggurat-Algorithm,"scan-clean, not planted"
numerical/SPARK2/Ada-SPARK-Bisection-Method,"scan-clean, not planted"
numerical/SPARK2/Ada-SPARK-Chebyshev-Distance,"scan-clean, not planted"
numerical/SPARK2/Ada-SPARK-Cooley-Tukey-FFT,"scan-clean, not planted"
numerical/SPARK2/Ada-SPARK-Count-Primes,"scan-clean, not planted"
numerical/SPARK2/Ada-SPARK-Count-Primes-Stub,"scan-clean, not planted"
numerical/SPARK2/Ada-SPARK-Extended-Euclidean,"scan-clean, not planted"
numerical/SPARK2/Ada-SPARK-Lagrange-Interpolation,"scan-clean, not planted"
numerical/SPARK2/Ada-SPARK-Maximum-Performance-Of-A-Team-Lite,"scan-clean, not planted"
numerical/SPARK2/Ada-SPARK-Minimum-Limit-Of-Balls-In-A-Bag,"scan-clean, not planted"
numerical/SPARK2/Ada-SPARK-Modular-Exponentiation,"scan-clean, not planted"
numerical/SPARK2/Ada-SPARK-Newton-Raphson,"scan-clean, not planted"
numerical/SPARK2/Ada-SPARK-Perfect-Number,"scan-clean, not planted"
numerical/SPARK2/Ada-SPARK-Perfect-Squares,"scan-clean, not planted"
numerical/SPARK2/Ada-SPARK-Prime-Check,"scan-clean, not planted"
numerical/SPARK2/Ada-SPARK-Prime-Number-Of-Set-Bits,"scan-clean, not planted"
numerical/SPARK2/Ada-SPARK-Prime-Number-Of-Set-Bits-In-Binary-Representation,"scan-clean, not planted"
numerical/SPARK2/Ada-SPARK-Secant-Method,"scan-clean, not planted"
numerical/SPARK2/Ada-SPARK-Sieve-Of-Eratosthenes,"scan-clean, not planted"
numerical/SPARK2/Ada-SPARK-Simpson-Rule,"scan-clean, not planted"
numerical/SPARK2/Ada-SPARK-Successful-Pairs-Of-Spells-And-Potions,"scan-clean, not planted"
numerical/SPARK2/Ada-SPARK-Valid-Perfect-Square,"scan-clean, not planted"
numerical/SPARK2/Ada-SPARK-Walls-And-Gates,"scan-clean, not planted"
numerical/SPARK2/Babylonian-Sqrt,planted: make test fails
numerical/SPARK4/Ada-SPARK-Brents-Algorithm,"scan-clean, not planted"
numerical/SPARK4/Ada-SPARK-Euclidean-Algorithm,"scan-clean, not planted"
numerical/SPARK4/Ada-SPARK-Extended-Euclidean-Algorithm,"scan-clean, not planted"
numerical/SPARK4/Ada-SPARK-Linear-Congruential-Generator,"scan-clean, not planted"
numerical/SPARK4/Ada-SPARK-Mersenne-Twister,"scan-clean, not planted"
numerical/SPARK4/Ada-SPARK-Modular-Arithmetic,"scan-clean, not planted"
numerical/SPARK4/Binary-Gcd,"scan-clean, not planted"
parsing/Ada/Canonical-LR-Parser,"scan-clean, not planted"
parsing/Ada/Cyk-Algorithm,"scan-clean, not planted"
parsing/Ada/GLR-Parser,"scan-clean, not planted"
parsing/Ada/LALR,"scan-clean, not planted"
parsing/Ada/LL-Parser,"scan-clean, not planted"
parsing/Ada/LR-Parser,"scan-clean, not planted"
parsing/Ada/Operator-Precedence-Parser,"scan-clean, not planted"
parsing/Ada/Packrat-Parser,"scan-clean, not planted"
parsing/Ada/Pratt-Parser,"scan-clean, not planted"
parsing/Ada/Recursive-Descent-Parser,"scan-clean, not planted"
parsing/Ada/Shunting-Yard-Algorithm,"scan-clean, not planted"
parsing/Ada/Simple-LR-Parser,"scan-clean, not planted"
parsing/Ada/Simple-Precdence-Parser,"scan-clean, not planted"
parsing/Ada/Simplex-Algorithm,"scan-clean, not planted"
parsing/Ada/Step-Parser,"scan-clean, not planted"
parsing/SPARK2/Ada-SPARK-Sparse-Set,"scan-clean, not planted"
parsing/SPARK2/Ada-SPARK-Sparse-Vector-Dot-Stub,"scan-clean, not planted"
parsing/SPARK2/Sparse-Dot,"scan-clean, not planted"
searching/Ada/Beam-Search,"scan-clean, not planted"
searching/Ada/Best-First-Search,"scan-clean, not planted"
searching/Ada/Bidirectional-Search,"scan-clean, not planted"
searching/Ada/Binary-Search,"scan-clean, not planted"
searching/Ada/Breadth-First-Search,"scan-clean, not planted"
searching/Ada/Brute-Force-Search,"scan-clean, not planted"
searching/Ada/Chien-Search,"scan-clean, not planted"
searching/Ada/Depth-First-Search,"scan-clean, not planted"
searching/Ada/Eytzinger-Binary-Search,"scan-clean, not planted"
searching/Ada/Fibonacci-Search,"scan-clean, not planted"
searching/Ada/Golden-Section-Search,"scan-clean, not planted"
searching/Ada/Grid-Search,"scan-clean, not planted"
searching/Ada/Harmony-Search,"scan-clean, not planted"
searching/Ada/Hyperlink-Induced-Topic-Search,"scan-clean, not planted"
searching/Ada/Interpolation-Search,"scan-clean, not planted"
searching/Ada/Introselect,"scan-clean, not planted"
searching/Ada/Iterative-Deepening-Depth-First-Search,"scan-clean, not planted"
searching/Ada/Jump-Point-Search,"scan-clean, not planted"
searching/Ada/Jump-Search,"scan-clean, not planted"
searching/Ada/Lexicographic-Breadth-First-Search,"scan-clean, not planted"
searching/Ada/Line-Search,"scan-clean, not planted"
searching/Ada/Linear-Search,"scan-clean, not planted"
searching/Ada/Local-Search,"scan-clean, not planted"
searching/Ada/Monte-Carlo-Tree-Search,"scan-clean, not planted"
searching/Ada/Nearest-Neighbor-Search,"scan-clean, not planted"
searching/Ada/Quantum-Walk-Search,"scan-clean, not planted"
searching/Ada/Quickselect,"scan-clean, not planted"
searching/Ada/Random-Search,"scan-clean, not planted"
searching/Ada/Substring-Search,"scan-clean, not planted"
searching/Ada/Tabu-Search,"scan-clean, not planted"
searching/Ada/Ternary-Search,"scan-clean, not planted"
searching/Ada/Trigram-Search,"scan-clean, not planted"
searching/Ada/Uniform-Binary-Search,"scan-clean, not planted"
searching/Ada/Uniform-Cost-Search,"scan-clean, not planted"
searching/SPARK2/Ada-SPARK-Binary-Search-Lower-Bound,planted: make test fails
searching/SPARK2/Ada-SPARK-Binary-Search-Upper-Bound,planted: make test fails
searching/SPARK2/Ada-SPARK-Design-Add-And-Search-Words,"scan-clean, not planted"
searching/SPARK2/Ada-SPARK-Exponential-Search,"scan-clean, not planted"
searching/SPARK2/Ada-SPARK-Increasing-Order-Search-Tree,"scan-clean, not planted"
searching/SPARK2/Ada-SPARK-Insert-Into-A-Binary-Search-Tree,"scan-clean, not planted"
searching/SPARK2/Ada-SPARK-Naive-String-Search,"scan-clean, not planted"
searching/SPARK2/Ada-SPARK-Search-2D-Matrix,planted: make test fails
searching/SPARK2/Ada-SPARK-Search-A-2D-Matrix,"scan-clean, not planted"
searching/SPARK2/Ada-SPARK-Search-A-2D-Matrix-II,planted: make test fails
searching/SPARK2/Ada-SPARK-Search-In-A-Binary-Search-Tree,"scan-clean, not planted"
searching/SPARK2/Ada-SPARK-Search-Insert-Position,planted: make test fails
searching/SPARK2/Ada-SPARK-Trigram-Search,"scan-clean, not planted"
searching/SPARK2/Ada-SPARK-Trim-A-Binary-Search-Tree,"scan-clean, not planted"
searching/SPARK2/Ada-SPARK-Unique-Binary-Search-Trees,"scan-clean, not planted"
searching/SPARK2/Ada-SPARK-Unique-Binary-Search-Trees-II-Lite,"scan-clean, not planted"
searching/SPARK2/Ada-SPARK-Validate-Binary-Search-Tree,"scan-clean, not planted"
searching/SPARK2/Ada-SPARK-Word-Search,"scan-clean, not planted"
searching/SPARK2/Ada-SPARK-Word-Search-II-Lite,"scan-clean, not planted"
searching/SPARK2/Bst-Insert-Search,"scan-clean, not planted"
searching/SPARK4/Ada-SPARK-Binary-Search,"scan-clean, not planted"
searching/SPARK4/Ada-SPARK-Fibonacci-Search,"scan-clean, not planted"
searching/SPARK4/Ada-SPARK-Interpolation-Search,"scan-clean, not planted"
searching/SPARK4/Ada-SPARK-Introselect,"scan-clean, not planted"
searching/SPARK4/Ada-SPARK-Jump-Search,"scan-clean, not planted"
searching/SPARK4/Ada-SPARK-Linear-Search,"scan-clean, not planted"
searching/SPARK4/Ada-SPARK-Quickselect,"scan-clean, not planted"
searching/SPARK4/Ada-SPARK-Ternary-Search,"scan-clean, not planted"
searching/SPARK4/Ada-SPARK-Uniform-Cost-Search,"scan-clean, not planted"
searching/SPARK4/Best-First-Search,"scan-clean, not planted"
sorting/Ada/Bead-Sort,"scan-clean, not planted"
sorting/Ada/Bitonic-Sorter,"scan-clean, not planted"
sorting/Ada/Bogosort,"scan-clean, not planted"
sorting/Ada/Bubble-Sort,"scan-clean, not planted"
sorting/Ada/Bucket-Sort,"scan-clean, not planted"
sorting/Ada/Burstsort,"scan-clean, not planted"
sorting/Ada/Cocktail-Shaker-Sort,"scan-clean, not planted"
sorting/Ada/Comb-Sort,"scan-clean, not planted"
sorting/Ada/Counting-Sort,"scan-clean, not planted"
sorting/Ada/Cycle-Sort,"scan-clean, not planted"
sorting/Ada/Flashsort,"scan-clean, not planted"
sorting/Ada/Gnome-Sort,"scan-clean, not planted"
sorting/Ada/Heapsort,"scan-clean, not planted"
sorting/Ada/Insertion-Sort,"scan-clean, not planted"
sorting/Ada/Introsort,"scan-clean, not planted"
sorting/Ada/Library-Sort,"scan-clean, not planted"
sorting/Ada/Merge-Sort,"scan-clean, not planted"
sorting/Ada/Odd-Even-Sort,"scan-clean, not planted"
sorting/Ada/Pancake-Sorting,"scan-clean, not planted"
sorting/Ada/Patience-Sorting,"scan-clean, not planted"
sorting/Ada/Pigeonhole-Sort,"scan-clean, not planted"
sorting/Ada/Postman-Sort,"scan-clean, not planted"
sorting/Ada/Quantum-Sort,"scan-clean, not planted"
sorting/Ada/Quicksort,"scan-clean, not planted"
sorting/Ada/Radix-Sort,"scan-clean, not planted"
sorting/Ada/Samplesort,"scan-clean, not planted"
sorting/Ada/Selection-Sort,"scan-clean, not planted"
sorting/Ada/Shell-Sort,"scan-clean, not planted"
sorting/Ada/Slowsort,"scan-clean, not planted"
sorting/Ada/Smoothsort,"scan-clean, not planted"
sorting/Ada/Sort-Merge-Join,"scan-clean, not planted"
sorting/Ada/Sorted-List,"scan-clean, not planted"
sorting/Ada/Spaghetti-Sort,"scan-clean, not planted"
sorting/Ada/Stooge-Sort,"scan-clean, not planted"
sorting/Ada/Strand-Sort,"scan-clean, not planted"
sorting/Ada/Timsort,"scan-clean, not planted"
sorting/Ada/Topological-Sort,"scan-clean, not planted"
sorting/Ada/Tournament-Selection,"scan-clean, not planted"
sorting/Ada/Tree-Sort,"scan-clean, not planted"
sorting/SPARK2/Ada-SPARK-Bitonic-Sort,"scan-clean, not planted"
sorting/SPARK2/Ada-SPARK-Block-Sort,"scan-clean, not planted"
sorting/SPARK2/Ada-SPARK-Circle-Sort,"scan-clean, not planted"
sorting/SPARK2/Ada-SPARK-Cocktail-Sort,"scan-clean, not planted"
sorting/SPARK2/Ada-SPARK-Convert-Sorted-Array-To-BST,"scan-clean, not planted"
sorting/SPARK2/Ada-SPARK-Count-Negative-Numbers-In-A-Sorted-Matrix,"scan-clean, not planted"
sorting/SPARK2/Ada-SPARK-Count-Sorted-Vowel-Strings,"scan-clean, not planted"
sorting/SPARK2/Ada-SPARK-Exchange-Sort,"scan-clean, not planted"
sorting/SPARK2/Ada-SPARK-Find-Median-Sorted-Arrays-Lite,"scan-clean, not planted"
sorting/SPARK2/Ada-SPARK-Find-Minimum-In-Rotated-Sorted-Array,planted: make test fails
sorting/SPARK2/Ada-SPARK-Find-Minimum-In-Rotated-Sorted-Array-II,planted: make test fails
sorting/SPARK2/Ada-SPARK-Flash-Sort,"scan-clean, not planted"
sorting/SPARK2/Ada-SPARK-Heap-Sort,"scan-clean, not planted"
sorting/SPARK2/Ada-SPARK-Intro-Sort,"scan-clean, not planted"
sorting/SPARK2/Ada-SPARK-Kth-Smallest-Element-In-A-Sorted-Matrix,planted: make test fails
sorting/SPARK2/Ada-SPARK-Median-Of-Two-Sorted-Arrays-Lite,"scan-clean, not planted"
sorting/SPARK2/Ada-SPARK-Merge-K-Sorted-Lists-Stub,"scan-clean, not planted"
sorting/SPARK2/Ada-SPARK-Merge-Sorted-Array,"scan-clean, not planted"
sorting/SPARK2/Ada-SPARK-Merge-Sorted-Arrays,"scan-clean, not planted"
sorting/SPARK2/Ada-SPARK-Merge-Two-Sorted-Lists,"scan-clean, not planted"
sorting/SPARK2/Ada-SPARK-Odd-Even-Merge-Sort,"scan-clean, not planted"
sorting/SPARK2/Ada-SPARK-Pancake-Sort,"scan-clean, not planted"
sorting/SPARK2/Ada-SPARK-Patience-Sort,"scan-clean, not planted"
sorting/SPARK2/Ada-SPARK-Quick-Sort,"scan-clean, not planted"
sorting/SPARK2/Ada-SPARK-Relative-Sort-Array,"scan-clean, not planted"
sorting/SPARK2/Ada-SPARK-Remove-Duplicates-From-Sorted-Array,"scan-clean, not planted"
sorting/SPARK2/Ada-SPARK-Remove-Duplicates-From-Sorted-Array-II,"scan-clean, not planted"
sorting/SPARK2/Ada-SPARK-Remove-Duplicates-From-Sorted-List-II/tests,"scan-clean, not planted"
sorting/SPARK2/Ada-SPARK-Remove-Duplicates-From-Sorted-List/tests,"scan-clean, not planted"
sorting/SPARK2/Ada-SPARK-Remove-Duplicates-Sorted,"scan-clean, not planted"
sorting/SPARK2/Ada-SPARK-Search-In-Rotated-Sorted-Array,planted: make test fails
sorting/SPARK2/Ada-SPARK-Search-In-Rotated-Sorted-Array-II,planted: make test fails
sorting/SPARK2/Ada-SPARK-Shaker-Sort,"scan-clean, not planted"
sorting/SPARK2/Ada-SPARK-Shortest-Unsorted-Continuous-Subarray,"scan-clean, not planted"
sorting/SPARK2/Ada-SPARK-Smooth-Sort,"scan-clean, not planted"
sorting/SPARK2/Ada-SPARK-Sort-An-Array,"scan-clean, not planted"
sorting/SPARK2/Ada-SPARK-Sort-Array-By-Parity,"scan-clean, not planted"
sorting/SPARK2/Ada-SPARK-Sort-Array-By-Parity-II,"scan-clean, not planted"
sorting/SPARK2/Ada-SPARK-Sort-Characters-By-Frequency,"scan-clean, not planted"
sorting/SPARK2/Ada-SPARK-Sort-Colors,"scan-clean, not planted"
sorting/SPARK2/Ada-SPARK-Sort-Integers-By-The-Number-Of-1-Bits,"scan-clean, not planted"
sorting/SPARK2/Ada-SPARK-Sort-List-Lite/tests,"scan-clean, not planted"
sorting/SPARK2/Ada-SPARK-Sorted-Array-To-BST,"scan-clean, not planted"
sorting/SPARK2/Ada-SPARK-Squares-Of-A-Sorted-Array,"scan-clean, not planted"
sorting/SPARK2/Ada-SPARK-Tim-Sort,"scan-clean, not planted"
sorting/SPARK2/Ada-SPARK-Tim-Sort-Stub,"scan-clean, not planted"
sorting/SPARK2/Ada-SPARK-Topological-Sort-Lite,"scan-clean, not planted"
sorting/SPARK2/Ada-SPARK-Tournament-Sort,"scan-clean, not planted"
sorting/SPARK2/Ada-SPARK-Two-Sum-II-Input-Array-Is-Sorted,"scan-clean, not planted"
sorting/SPARK2/Ada-SPARK-Wiggle-Sort,"scan-clean, not planted"
sorting/SPARK2/Binary-Insertion-Sort,"scan-clean, not planted"
sorting/SPARK4/Ada-SPARK-Bitonic-Sorter,"scan-clean, not planted"
sorting/SPARK4/Ada-SPARK-Bogosort,"scan-clean, not planted"
sorting/SPARK4/Ada-SPARK-Bubble-Sort,"scan-clean, not planted"
sorting/SPARK4/Ada-SPARK-Bucket-Sort,"scan-clean, not planted"
sorting/SPARK4/Ada-SPARK-Burstsort,"scan-clean, not planted"
sorting/SPARK4/Ada-SPARK-Cocktail-Shaker-Sort,"scan-clean, not planted"
sorting/SPARK4/Ada-SPARK-Comb-Sort,"scan-clean, not planted"
sorting/SPARK4/Ada-SPARK-Counting-Sort,"scan-clean, not planted"
sorting/SPARK4/Ada-SPARK-Cycle-Sort,"scan-clean, not planted"
sorting/SPARK4/Ada-SPARK-Flashsort,"scan-clean, not planted"
sorting/SPARK4/Ada-SPARK-Gnome-Sort,"scan-clean, not planted"
sorting/SPARK4/Ada-SPARK-Heapsort,"scan-clean, not planted"
sorting/SPARK4/Ada-SPARK-Insertion-Sort,"scan-clean, not planted"
sorting/SPARK4/Ada-SPARK-Introsort,"scan-clean, not planted"
sorting/SPARK4/Ada-SPARK-Library-Sort,"scan-clean, not planted"
sorting/SPARK4/Ada-SPARK-Merge-Sort,"scan-clean, not planted"
sorting/SPARK4/Ada-SPARK-Odd-Even-Sort,"scan-clean, not planted"
sorting/SPARK4/Ada-SPARK-Pancake-Sorting,"scan-clean, not planted"
sorting/SPARK4/Ada-SPARK-Patience-Sorting,"scan-clean, not planted"
sorting/SPARK4/Ada-SPARK-Pigeonhole-Sort,"scan-clean, not planted"
sorting/SPARK4/Ada-SPARK-Postman-Sort,"scan-clean, not planted"
sorting/SPARK4/Ada-SPARK-Quantum-Sort,"scan-clean, not planted"
sorting/SPARK4/Ada-SPARK-Quicksort,"scan-clean, not planted"
sorting/SPARK4/Ada-SPARK-Radix-Sort,"scan-clean, not planted"
sorting/SPARK4/Ada-SPARK-Samplesort,"scan-clean, not planted"
sorting/SPARK4/Ada-SPARK-Selection-Sort,"scan-clean, not planted"
sorting/SPARK4/Ada-SPARK-Shell-Sort,"scan-clean, not planted"
sorting/SPARK4/Ada-SPARK-Slowsort,"scan-clean, not planted"
sorting/SPARK4/Ada-SPARK-Smoothsort,"scan-clean, not planted"
sorting/SPARK4/Ada-SPARK-Sort-Merge-Join,"scan-clean, not planted"
sorting/SPARK4/Ada-SPARK-Sorted-List,"scan-clean, not planted"
sorting/SPARK4/Ada-SPARK-Spaghetti-Sort,"scan-clean, not planted"
sorting/SPARK4/Ada-SPARK-Stooge-Sort,"scan-clean, not planted"
sorting/SPARK4/Ada-SPARK-Strand-Sort,"scan-clean, not planted"
sorting/SPARK4/Ada-SPARK-Timsort,"scan-clean, not planted"
sorting/SPARK4/Ada-SPARK-Topological-Sort,"scan-clean, not planted"
sorting/SPARK4/Ada-SPARK-Tree-Sort,"scan-clean, not planted"
sorting/SPARK4/Bead-Sort,"scan-clean, not planted"
strings/Ada/Aho-Corasick,"scan-clean, not planted"
strings/Ada/Boyer-Moore,"scan-clean, not planted"
strings/Ada/Boyer-Moore-Horspool,"scan-clean, not planted"
strings/Ada/Daitch-Mokotoff-Soundex,"scan-clean, not planted"
strings/Ada/Damerau-Levenshtein-Distance,"scan-clean, not planted"
strings/Ada/Double-Metaphone,"scan-clean, not planted"
strings/Ada/Hamming-Distance,"scan-clean, not planted"
strings/Ada/Jaro-Winkler-Distance,"scan-clean, not planted"
strings/Ada/Karplus-Strong-String-Synthesis,"scan-clean, not planted"
strings/Ada/Knuth-Morris-Pratt,"scan-clean, not planted"
strings/Ada/Levenshtein-Coding,"scan-clean, not planted"
strings/Ada/Levenshtein-Distance,"scan-clean, not planted"
strings/Ada/Longest-Common-Subsequence,"scan-clean, not planted"
strings/Ada/Metaphone,"scan-clean, not planted"
strings/Ada/NYSIIS,"scan-clean, not planted"
strings/Ada/Needleman-Wunsch,"scan-clean, not planted"
strings/Ada/Rabin-Karp,"scan-clean, not planted"
strings/Ada/Smith-Waterman,"scan-clean, not planted"
strings/Ada/Soundex,"scan-clean, not planted"
strings/Ada/Stemming,"scan-clean, not planted"
strings/Ada/String-Metrics,"scan-clean, not planted"
strings/SPARK2/Ada-SPARK-Bounded-String-Builder,"scan-clean, not planted"
strings/SPARK2/Ada-SPARK-Boyer-Moore,"scan-clean, not planted"
strings/SPARK2/Ada-SPARK-Check-If-Two-String-Arrays-Are-Equivalent,"scan-clean, not planted"
strings/SPARK2/Ada-SPARK-Count-The-Number-Of-Consistent-Strings,"scan-clean, not planted"
strings/SPARK2/Ada-SPARK-Damerau-Levenshtein-Distance,"scan-clean, not planted"
strings/SPARK2/Ada-SPARK-Decode-String,"scan-clean, not planted"
strings/SPARK2/Ada-SPARK-Decode-String-Stub,"scan-clean, not planted"
strings/SPARK2/Ada-SPARK-Delete-Operation-For-Two-Strings,"scan-clean, not planted"
strings/SPARK2/Ada-SPARK-Edit-Distance,"scan-clean, not planted"
strings/SPARK2/Ada-SPARK-Encode-And-Decode-Strings-Lite,"scan-clean, not planted"
strings/SPARK2/Ada-SPARK-Find-All-Anagrams-In-A-String,"scan-clean, not planted"
strings/SPARK2/Ada-SPARK-First-Unique-Character-In-A-String,"scan-clean, not planted"
strings/SPARK2/Ada-SPARK-Hamming-Distance,"scan-clean, not planted"
strings/SPARK2/Ada-SPARK-Isomorphic-Strings,"scan-clean, not planted"
strings/SPARK2/Ada-SPARK-Knuth-Morris-Pratt,"scan-clean, not planted"
strings/SPARK2/Ada-SPARK-Longest-Common-Prefix,"scan-clean, not planted"
strings/SPARK2/Ada-SPARK-Longest-Common-Subsequence,"scan-clean, not planted"
strings/SPARK2/Ada-SPARK-Make-The-String-Great,"scan-clean, not planted"
strings/SPARK2/Ada-SPARK-Multiply-Strings-Lite,"scan-clean, not planted"
strings/SPARK2/Ada-SPARK-Multiply-Strings-Stub,"scan-clean, not planted"
strings/SPARK2/Ada-SPARK-Number-Of-Lines-To-Write-String,"scan-clean, not planted"
strings/SPARK2/Ada-SPARK-One-Edit-Distance,"scan-clean, not planted"
strings/SPARK2/Ada-SPARK-Permutation-In-String,"scan-clean, not planted"
strings/SPARK2/Ada-SPARK-Rabin-Karp,"scan-clean, not planted"
strings/SPARK2/Ada-SPARK-Remove-All-Adjacent-Duplicates-In-String,"scan-clean, not planted"
strings/SPARK2/Ada-SPARK-Reorganize-String,"scan-clean, not planted"
strings/SPARK2/Ada-SPARK-Reorganize-String-Stub,"scan-clean, not planted"
strings/SPARK2/Ada-SPARK-Repeated-String-Match,"scan-clean, not planted"
strings/SPARK2/Ada-SPARK-Reverse-String,"scan-clean, not planted"
strings/SPARK2/Ada-SPARK-Reverse-String-II,"scan-clean, not planted"
strings/SPARK2/Ada-SPARK-Reverse-Vowels-Of-A-String,"scan-clean, not planted"
strings/SPARK2/Ada-SPARK-Reverse-Words-In-A-String,"scan-clean, not planted"
strings/SPARK2/Ada-SPARK-Reverse-Words-In-A-String-III,"scan-clean, not planted"
strings/SPARK2/Ada-SPARK-Rotate-String,"scan-clean, not planted"
strings/SPARK2/Ada-SPARK-String-To-Integer-Atoi,"scan-clean, not planted"
strings/SPARK2/Ada-SPARK-String-To-Integer-Atoi-Stub,"scan-clean, not planted"
strings/SPARK2/Ada-SPARK-Sum-Of-Digits-Of-String-After-Convert,"scan-clean, not planted"
strings/SPARK2/Ada-SPARK-Total-Hamming-Distance,"scan-clean, not planted"
strings/SPARK2/Ada-SPARK-Z-Algorithm,"scan-clean, not planted"
strings/SPARK2/Add-Strings,"scan-clean, not planted"
strings/SPARK3/Levenshtein-Distance,"scan-clean, not planted"
tests/searching,"scan-clean, not planted"
tests/sorting,"scan-clean, not planted"
trees/Ada/Abstract-Interpretation,"scan-clean, not planted"
trees/Ada/Abstract-Syntax-Tree,"scan-clean, not planted"
trees/Ada/Context-Tree-Weighting,"scan-clean, not planted"
trees/Ada/Decision-Trees,"scan-clean, not planted"
trees/Ada/Embedded-Zerotree-Wavelet,"scan-clean, not planted"
trees/Ada/Longest-Common-Substring,"scan-clean, not planted"
trees/Ada/Red-Black-Tree,"scan-clean, not planted"
trees/Ada/Set-Partitioning-In-Hierarchical-Trees,"scan-clean, not planted"
trees/SPARK2/Ada-SPARK-BST-Iterator-Stub,"scan-clean, not planted"
trees/SPARK2/Ada-SPARK-Balanced-Binary-Tree,"scan-clean, not planted"
trees/SPARK2/Ada-SPARK-Binary-Tree-Inorder,"scan-clean, not planted"
trees/SPARK2/Ada-SPARK-Binary-Tree-Level-Order,"scan-clean, not planted"
trees/SPARK2/Ada-SPARK-Binary-Tree-Max-Depth,"scan-clean, not planted"
trees/SPARK2/Ada-SPARK-Binary-Tree-Min-Depth,"scan-clean, not planted"
trees/SPARK2/Ada-SPARK-Binary-Tree-Paths,"scan-clean, not planted"
trees/SPARK2/Ada-SPARK-Binary-Tree-Postorder,"scan-clean, not planted"
trees/SPARK2/Ada-SPARK-Binary-Tree-Preorder,"scan-clean, not planted"
trees/SPARK2/Ada-SPARK-Binary-Tree-Right-Side-View,"scan-clean, not planted"
trees/SPARK2/Ada-SPARK-Construct-Binary-Tree-From-Inorder-And-Postorder-Lite,"scan-clean, not planted"
trees/SPARK2/Ada-SPARK-Construct-Binary-Tree-From-Preorder-And-Inorder-Lite,"scan-clean, not planted"
trees/SPARK2/Ada-SPARK-Convert-BST-To-Greater-Tree,"scan-clean, not planted"
trees/SPARK2/Ada-SPARK-Count-Binary-Substrings,"scan-clean, not planted"
trees/SPARK2/Ada-SPARK-Count-Complete-Tree-Nodes,"scan-clean, not planted"
trees/SPARK2/Ada-SPARK-Delete-Node-BST-Stub,"scan-clean, not planted"
trees/SPARK2/Ada-SPARK-Delete-Node-In-A-BST-Lite,"scan-clean, not planted"
trees/SPARK2/Ada-SPARK-Diameter-Of-Binary-Tree,"scan-clean, not planted"
trees/SPARK2/Ada-SPARK-Find-Mode-In-BST,"scan-clean, not planted"
trees/SPARK2/Ada-SPARK-Flatten-Binary-Tree-To-Linked-List-Lite,"scan-clean, not planted"
trees/SPARK2/Ada-SPARK-Get-Equal-Substrings-Within-Budget,"scan-clean, not planted"
trees/SPARK2/Ada-SPARK-Implement-Trie,"scan-clean, not planted"
trees/SPARK2/Ada-SPARK-Insert-Into-BST,"scan-clean, not planted"
trees/SPARK2/Ada-SPARK-Invert-Binary-Tree,"scan-clean, not planted"
trees/SPARK2/Ada-SPARK-Kth-Smallest-BST-Stub,"scan-clean, not planted"
trees/SPARK2/Ada-SPARK-Leaf-Similar-Trees,"scan-clean, not planted"
trees/SPARK2/Ada-SPARK-Longest-Common-Substring,"scan-clean, not planted"
trees/SPARK2/Ada-SPARK-Longest-Palindromic-Substring,"scan-clean, not planted"
trees/SPARK2/Ada-SPARK-Longest-Substring-Without-Repeat,"scan-clean, not planted"
trees/SPARK2/Ada-SPARK-Longest-Substring-Without-Repeating,"scan-clean, not planted"
trees/SPARK2/Ada-SPARK-Lowest-Common-Ancestor-BST,"scan-clean, not planted"
trees/SPARK2/Ada-SPARK-Lowest-Common-Ancestor-Of-BST,"scan-clean, not planted"
trees/SPARK2/Ada-SPARK-Maximum-Binary-Tree,"scan-clean, not planted"
trees/SPARK2/Ada-SPARK-Maximum-Depth-Of-Binary-Tree,"scan-clean, not planted"
trees/SPARK2/Ada-SPARK-Maximum-Depth-Of-N-Ary-Tree,"scan-clean, not planted"
trees/SPARK2/Ada-SPARK-Merge-Two-Binary-Trees,"scan-clean, not planted"
trees/SPARK2/Ada-SPARK-Minimum-Depth-Of-Binary-Tree,"scan-clean, not planted"
trees/SPARK2/Ada-SPARK-Minimum-Height-Trees,"scan-clean, not planted"
trees/SPARK2/Ada-SPARK-Minimum-Window-Substring,"scan-clean, not planted"
trees/SPARK2/Ada-SPARK-N-Ary-Tree-Level-Order-Traversal,"scan-clean, not planted"
trees/SPARK2/Ada-SPARK-N-Ary-Tree-Postorder-Traversal,"scan-clean, not planted"
trees/SPARK2/Ada-SPARK-N-Ary-Tree-Preorder-Traversal,"scan-clean, not planted"
trees/SPARK2/Ada-SPARK-Number-Of-Substrings-Containing-All-Three-Characters,"scan-clean, not planted"
trees/SPARK2/Ada-SPARK-Range-Sum-BST,"scan-clean, not planted"
trees/SPARK2/Ada-SPARK-Range-Sum-Of-BST,"scan-clean, not planted"
trees/SPARK2/Ada-SPARK-Red-Black-Tree,"scan-clean, not planted"
trees/SPARK2/Ada-SPARK-Repeated-Substring-Pattern,"scan-clean, not planted"
trees/SPARK2/Ada-SPARK-Same-Tree,"scan-clean, not planted"
trees/SPARK2/Ada-SPARK-Subtree-Of-Another-Tree,"scan-clean, not planted"
trees/SPARK2/Ada-SPARK-Symmetric-Tree,"scan-clean, not planted"
trees/SPARK2/Ada-SPARK-Trim-BST-Stub,"scan-clean, not planted"
trees/SPARK2/Ada-SPARK-Two-Sum-BST-Stub,"scan-clean, not planted"
trees/SPARK2/Ada-SPARK-Unique-BSTs-Stub,"scan-clean, not planted"
trees/SPARK2/Ada-SPARK-Unique-Paths-With-Obstacles,"scan-clean, not planted"
trees/SPARK2/Ada-SPARK-Univalued-Binary-Tree,"scan-clean, not planted"
trees/SPARK2/Ada-SPARK-Validate-BST-Stub,"scan-clean, not planted"
trees/SPARK2/Average-Of-Levels-In-Binary-Tree,"scan-clean, not planted"
