folder,file_line,kind,helper,text,callers,reachable,evidence
clustering/Ada/Canopy-Clustering,canopy_clustering.adb:46,const_return,Distance,return 0.0;,canopy_clustering.adb:194 tests.adb:102 tests.adb:103 tests.adb:104 tests.adb:105 tests.adb:106 tests.adb:110,unknown,
clustering/Ada/Canopy-Clustering,canopy_clustering.adb:73,const_return,Distance_To_Center,return 0.0;,tests.adb:466 tests.adb:469,unknown,
clustering/Ada/FLAME-Clustering,flame_clustering.adb:66,const_return,Distance,return 0.0;,flame_clustering.adb:167 flame_clustering.ads:163 tests.adb:63 tests.adb:64 tests.adb:66 tests.adb:659,unknown,
clustering/Ada/FLAME-Clustering,flame_clustering.adb:83,const_return,Squared_Distance,return 0.0;,flame_clustering.ads:171 tests.adb:65,unknown,
clustering/Ada/Fuzzy-Clustering,fuzzy_clustering.adb:117,const_return,Real_Pow,return 0.0;,fuzzy_clustering.adb:416 fuzzy_clustering.adb:527 fuzzy_clustering.adb:581,unknown,
clustering/Ada/Fuzzy-Clustering,fuzzy_clustering.adb:256,const_return,Max_Membership,return 0.0;,tests.adb:44 tests.adb:140 tests.adb:141 tests.adb:142 fuzzy_clustering.ads:195 fuzzy_clustering.ads:196,unknown,
clustering/Ada/Fuzzy-Clustering,fuzzy_clustering.adb:258,const_return,Max_Membership,return 1.0;,tests.adb:44 tests.adb:140 tests.adb:141 tests.adb:142 fuzzy_clustering.ads:195 fuzzy_clustering.ads:196,unknown,
clustering/Ada/K-Means-Plus-Plus,k_means_plus_plus.adb:354,attr_return,Sample_Weighted,return W'First;,k_means_plus_plus.adb:442 k_means_plus_plus.adb:511,unknown,
clustering/Ada/K-Means-Plus-Plus,k_means_plus_plus.adb:361,const_return,Sample_Weighted,Threshold := 0.0;,k_means_plus_plus.adb:442 k_means_plus_plus.adb:511,unknown,
clustering/Ada/OPTICS,optics.adb:266,const_return,Distance,return 0.0;,tests.adb:135 tests.adb:136 tests.adb:137 tests.adb:138 tests.adb:151 optics.adb:58 optics.adb:283 optics.adb:350,unknown,
compression/Ada/Arithmetic-Coding,arithmetic_coding.adb:180,guarded_increment,Read_Bit,if Stream_Idx <= Bits'Last then B := Bits (Stream_Idx); Stream_Idx := Stream_Idx + 1; return Unsigned_32 (B);,arithmetic_coding.adb:207 arithmetic_coding.adb:218 arithmetic_coding.adb:362 arithmetic_coding.adb:368,unknown,
compression/Ada/Arithmetic-Coding,arithmetic_coding.adb:345,guarded_increment,Read_Bit,if Stream_Idx <= Bits'Last then declare B : constant Bit := Bits (Stream_Idx); begin Stream_Idx := Stream_Idx + ,arithmetic_coding.adb:207 arithmetic_coding.adb:218 arithmetic_coding.adb:362 arithmetic_coding.adb:368,unknown,
compression/Ada/Audio-Compression,audio_compression.adb:14,saturating,Clamp_To_PCM_16,function Clamp_To_PCM_16 (Value : Float) return PCM_16 is,audio_compression.adb:75 audio_compression.adb:110,unknown,
compression/Ada/Audio-Compression,audio_compression.adb:26,saturating,Clamp_To_PCM_8,function Clamp_To_PCM_8 (Value : Float) return PCM_8 is,audio_compression.adb:61 audio_compression.adb:94,unknown,
compression/Ada/Berlekamp-Root-Finding,berlekamp_root_finding.adb:207,min_max_clip,Poly_Add,"Max_D := Natural'Max (Max_D, F'Last);",berlekamp_root_finding.adb:753 tests.adb:180,unknown,
compression/Ada/Berlekamp-Root-Finding,berlekamp_root_finding.adb:210,min_max_clip,Poly_Add,"Max_D := Natural'Max (Max_D, G'Last);",berlekamp_root_finding.adb:753 tests.adb:180,unknown,
compression/Ada/Berlekamp-Root-Finding,berlekamp_root_finding.adb:232,min_max_clip,Poly_Sub,"Max_D := Natural'Max (Max_D, F'Last);",berlekamp_root_finding.adb:729 tests.adb:181 tests.adb:206,unknown,
compression/Ada/Berlekamp-Root-Finding,berlekamp_root_finding.adb:235,min_max_clip,Poly_Sub,"Max_D := Natural'Max (Max_D, G'Last);",berlekamp_root_finding.adb:729 tests.adb:181 tests.adb:206,unknown,
compression/Ada/Deflate,deflate.adb:45,attr_return,LZ77_Encode,Window_Start := Input'First;,deflate.adb:110 deflate.adb:141 tests.adb:68 tests.adb:74 tests.adb:81 tests.adb:106,unknown,
compression/Ada/Dynamic-Markov-Compression,dynamic_markov_compression.adb:67,min_max_clip,Update,"Other_Visits : constant Integer := Integer'Max (0, N_Visits - C_To_N_Count);",main.adb:10 tests.adb:32 tests.adb:39 tests.adb:44 tests.adb:47 tests.adb:53 tests.adb:62 tests.adb:67 tests.adb:68 tests.adb:69 tests.adb:81 tests.adb:82 ...,unknown,
compression/Ada/Dynamic-Markov-Compression,dynamic_markov_compression.adb:81,min_max_clip,Update,"N_Prime.Counts (0) := Integer'Max (1, C0);",main.adb:10 tests.adb:32 tests.adb:39 tests.adb:44 tests.adb:47 tests.adb:53 tests.adb:62 tests.adb:67 tests.adb:68 tests.adb:69 tests.adb:81 tests.adb:82 ...,unknown,
compression/Ada/Dynamic-Markov-Compression,dynamic_markov_compression.adb:82,min_max_clip,Update,"N_Prime.Counts (1) := Integer'Max (1, C1);",main.adb:10 tests.adb:32 tests.adb:39 tests.adb:44 tests.adb:47 tests.adb:53 tests.adb:62 tests.adb:67 tests.adb:68 tests.adb:69 tests.adb:81 tests.adb:82 ...,unknown,
compression/Ada/Dynamic-Markov-Compression,dynamic_markov_compression.adb:86,min_max_clip,Update,"Node_N.Counts (0) := Integer'Max (1, Node_N.Counts (0) - N_Prime.Counts (0));",main.adb:10 tests.adb:32 tests.adb:39 tests.adb:44 tests.adb:47 tests.adb:53 tests.adb:62 tests.adb:67 tests.adb:68 tests.adb:69 tests.adb:81 tests.adb:82 ...,unknown,
compression/Ada/Dynamic-Markov-Compression,dynamic_markov_compression.adb:87,min_max_clip,Update,"Node_N.Counts (1) := Integer'Max (1, Node_N.Counts (1) - N_Prime.Counts (1));",main.adb:10 tests.adb:32 tests.adb:39 tests.adb:44 tests.adb:47 tests.adb:53 tests.adb:62 tests.adb:67 tests.adb:68 tests.adb:69 tests.adb:81 tests.adb:82 ...,unknown,
compression/Ada/Dynamic-Markov-Compression,dynamic_markov_compression.adb:102,min_max_clip,Update,"Node_C.Counts (0) := Integer'Max (1, Node_C.Counts (0) / 2);",main.adb:10 tests.adb:32 tests.adb:39 tests.adb:44 tests.adb:47 tests.adb:53 tests.adb:62 tests.adb:67 tests.adb:68 tests.adb:69 tests.adb:81 tests.adb:82 ...,unknown,
compression/Ada/Dynamic-Markov-Compression,dynamic_markov_compression.adb:103,min_max_clip,Update,"Node_C.Counts (1) := Integer'Max (1, Node_C.Counts (1) / 2);",main.adb:10 tests.adb:32 tests.adb:39 tests.adb:44 tests.adb:47 tests.adb:53 tests.adb:62 tests.adb:67 tests.adb:68 tests.adb:69 tests.adb:81 tests.adb:82 ...,unknown,
compression/Ada/LZ77-LZ78,lz_compression.adb:168,guarded_increment,Find_Child,if Dict_Size < Max_Dict_Size then Dict_Size := Dict_Size + 1; Dict (Dict_Size).Prefix := Current_Match; Dict (Dict,lz_compression.adb:148,unknown,
compression/Ada/LZ77-LZ78,lz_compression.adb:225,guarded_increment,Reconstruct,if Dict_Size < Dict'Last then Dict_Size := Dict_Size + 1; Dict (Dict_Size).Prefix := Tokens (I).Index; Dict (D,lz_compression.adb:218,unknown,
compression/Ada/LZX,lzx_algorithm.adb:29,const_return,Create_Config,Result.Window_Size := 2_097_152;,tests.adb:41 tests.adb:48 tests.adb:153,unknown,
compression/SPARK2/Ada-SPARK-LZ77,lz77.adb:11,guarded_increment,Literal_Length,if Count < Length'Last then Count := Count + 1; end if; end loop;,tests.adb:19 tests.adb:20 tests.adb:22 tests.adb:23 tests.adb:24,unknown,
compression/SPARK2/Ada-SPARK-String-Compression,string_compression.adb:15,guarded_increment,Compress,elsif Write < 32 then Write := Write + 1; Output (Index (Write)) := Input (Index (I)); Counts (Index (,tests.adb:11 own_checks.adb:54 own_checks.adb:82 own_checks.adb:85,unknown,
compression/SPARK2/Burrows-Wheeler-Transform,burrows_wheeler_transform.adb:10,attr_return,Rotation_Character,Position := Index'First;,burrows_wheeler_transform.adb:25 burrows_wheeler_transform.adb:26 tests.adb:8 tests.adb:9 own_checks.adb:64,yes,"wrap-around of a rotation index (Position = Index'Last -> Index'First), not a clamp; reached whenever Start + Offset passes the end, which every rotation of a text longer than 1 does; gcov under make-test inputs (tools/vv/clamp_cov.sh, GNAT 14.2.0): wrap branch line 10 runs 416,388 times, line 12 runs 2,918,069 times"
cryptography/Ada/Asymetric-Public-Key-Encryption,asymmetric_key.adb:97,guarded_increment,Mod_Inverse,if Result < 0 then Result := Result + Long_Long_Integer (Phi); end if; return Key_Component (Result,asymmetric_key.adb:144,unknown,
cryptography/Ada/Blowfish,blowfish.adb:200,attr_return,Setup_Key,J := Key'First;,tests.adb:28 tests.adb:58 tests.adb:77 tests.adb:96 tests.adb:115 tests.adb:132 tests.adb:150 tests.adb:166 tests.adb:186 tests.adb:202 tests.adb:218 tests.adb:236,unknown,
cryptography/Ada/ChaCha20,chacha.adb:113,min_max_clip,Encrypt_IETF,"Chunk_Length := Natural'Min (64, Remaining);",tests.adb:72 tests.adb:74 tests.adb:81 tests.adb:88 tests.adb:91 tests.adb:100 tests.adb:102 tests.adb:113 tests.adb:115 tests.adb:150 tests.adb:154 tests.adb:173 ...,unknown,
cryptography/Ada/ChaCha20,chacha.adb:164,min_max_clip,Encrypt_Original,"Chunk_Length := Natural'Min (64, Remaining);",tests.adb:126 tests.adb:129 tests.adb:139 tests.adb:189,unknown,
cryptography/Ada/ECDSA,ecdsa.adb:11,guarded_increment,Mod_Sub,if Res < 0 then Res := Res + M; end if; return Res;,tests.adb:36 tests.adb:37 tests.adb:38 ecdsa.adb:74 ecdsa.adb:77 ecdsa.adb:103 ecdsa.adb:104 ecdsa.adb:108 ecdsa.adb:111,unknown,
cryptography/Ada/ECDSA,ecdsa.adb:49,guarded_increment,Mod_Inv,if T < 0 then T := T + M; end if; ,tests.adb:46 tests.adb:47 tests.adb:51 ecdsa.adb:70 ecdsa.adb:104 ecdsa.adb:166 ecdsa.adb:197,unknown,
cryptography/Ada/Fortuna,fortuna.adb:106,guarded_increment,Generate_Random_Data,if Idx <= Result'Last then Result (Idx) := Block (J); Idx := Idx + 1; end if;,tests.adb:37 tests.adb:50 tests.adb:52 tests.adb:57 tests.adb:59 tests.adb:61 tests.adb:66 tests.adb:75 tests.adb:77 tests.adb:93 tests.adb:150 tests.adb:182 ...,unknown,
cryptography/Ada/IDEA,idea.adb:47,guarded_increment,Mul_Inv,if T < 0 then T := T + 65537; end if; ,idea.adb:125 idea.adb:128 idea.adb:135 idea.adb:138 idea.adb:144 idea.adb:147 tests.adb:54 tests.adb:55 tests.adb:56 tests.adb:60 tests.adb:61 tests.adb:62 ...,unknown,
cryptography/Ada/Lenstra-Elliptic-Curve-Factorization,lenstra_elliptic_curve_factorization.adb:200,guarded_increment,Try_Mod_Inv,if T0 < 0 then T0 := T0 + Interfaces.Integer_128 (MM); end if; Inv := U64 (Unsigned_64 (Interfa,lenstra_elliptic_curve_factorization.adb:237 lenstra_elliptic_curve_factorization.adb:281 tests.adb:61 tests.adb:148 tests.adb:151 tests.adb:154 tests.adb:157 tests.adb:160,unknown,
cryptography/Ada/NTRUEncrypt,ntru.adb:42,guarded_increment,Scalar_Inverse,if T < 0 then T := T + Mod_Val; end if; ,ntru.adb:154,unknown,
cryptography/Ada/SHA3,sha3.adb:111,guarded_increment,Extract_From_State,if Idx <= Data'Last then Data (Idx) := Byte (Word_Val and 16#FF#); Word_Val := Word_Val / 256; Idx := Idx,sha3.adb:167 sha3.adb:170,unknown,
cryptography/Ada/Stochastic-Universal-Sampling,stochastic_universal_sampling.adb:128,attr_return,Map_Pointer,return Cumul'First;,stochastic_universal_sampling.adb:212 stochastic_universal_sampling.adb:244 tests.adb:230 tests.adb:231 tests.adb:232 tests.adb:233 tests.adb:234 tests.adb:235 tests.adb:236 tests.adb:237 tests.adb:238 tests.adb:272 ...,unknown,
cryptography/Ada/Universal-Variable-Formulation,universal_variable_formulation.adb:67,const_return,Magnitude,return 0.0;,universal_variable_formulation.ads:122 universal_variable_formulation.ads:129 universal_variable_formulation.ads:150 universal_variable_formulation.ads:162 universal_variable_formulation.ads:163 universal_variable_formulation.ads:172 universal_variable_formulation.ads:189 universal_variable_formulation.adb:189 universal_variable_formulation.adb:237 universal_variable_formulation.adb:339 universal_variable_formulation.adb:371 universal_variable_formulation.adb:420 ...,unknown,
cryptography/Ada/Universal-Variable-Formulation,universal_variable_formulation.adb:434,min_max_clip,Solve_Lambert_Universal,"Sin_Theta_Raw : constant Real := Sqrt (Real'Max (0.0, 1.0 - Cos_D_Nu * Cos_D_Nu));",tests.adb:332 tests.adb:389,unknown,
cryptography/SPARK2/Ada-SPARK-Level-Order-Traversal-Stub,level_order_traversal_stub.adb:63,guarded_increment,Level_Count,if Count < 15 then Count := Count + 1; end if; elsif D < Level and then D < Depth'Last then,tests.adb:15 tests.adb:16 tests.adb:17,unknown,
geometry/Ada/Adaptive-Histogram-Equalization,adaptive_histogram_equalization.adb:40,saturating,Clip_Histogram,procedure Clip_Histogram (Hist : in out Histogram_Type; Clip_Limit : Natural) is,adaptive_histogram_equalization.adb:146 adaptive_histogram_equalization.adb:178,unknown,
geometry/Ada/Ambient-Occlusion,ambient_occlusion.adb:19,const_return,Sqrt_Safe,return 0.0;,ambient_occlusion.adb:49 ambient_occlusion.adb:147 ambient_occlusion.adb:154 ambient_occlusion.adb:224 ambient_occlusion.adb:529 ambient_occlusion.adb:685,unknown,
geometry/Ada/Ambient-Occlusion,ambient_occlusion.adb:89,saturating,Clamp,"function Clamp (X, Lo, Hi : Real) return Real is",ambient_occlusion.ads:150 tests.adb:62 tests.adb:63 ambient_occlusion.adb:102 ambient_occlusion.adb:378 ambient_occlusion.adb:383 ambient_occlusion.adb:590 ambient_occlusion.adb:612 ambient_occlusion.adb:617 ambient_occlusion.adb:686 ambient_occlusion.adb:698 ambient_occlusion.adb:700,unknown,
geometry/Ada/Ambient-Occlusion,ambient_occlusion.adb:100,saturating,Clamp_Unit,function Clamp_Unit (X : Real) return Unit_Interval is,ambient_occlusion.ads:154 ambient_occlusion.ads:155 tests.adb:64 ambient_occlusion.adb:396 ambient_occlusion.adb:462 ambient_occlusion.adb:504 ambient_occlusion.adb:548 ambient_occlusion.adb:588 ambient_occlusion.adb:622 ambient_occlusion.adb:659 ambient_occlusion.adb:687 ambient_occlusion.adb:705,unknown,
geometry/Ada/Ambient-Occlusion,ambient_occlusion.adb:268,attr_return,Slab,T_Min := Real'Last;,ambient_occlusion.adb:291 ambient_occlusion.adb:292 ambient_occlusion.adb:293,unknown,
geometry/Ada/Ambient-Occlusion,ambient_occlusion.adb:340,const_return,Ray_Hit_Distance,return 0.0;,tests.adb:108 tests.adb:110 ambient_occlusion.adb:380 ambient_occlusion.adb:457 ambient_occlusion.adb:490 ambient_occlusion.adb:651,unknown,
geometry/Ada/Canny-Edge-Detector,canny_edge_detector.adb:61,min_max_clip,Compute_Gradients,"Magnitude (I, J) := Intensity(Float'Min(255.0, Sqrt (Gx**2 + Gy**2)));",canny_edge_detector.adb:194 tests.adb:58 tests.adb:68 tests.adb:77 tests.adb:86,unknown,
geometry/Ada/Canny-Edge-Detector,canny_edge_detector.adb:63,min_max_clip,Compute_Gradients,"Magnitude (I, J) := Intensity(Float'Min(255.0, abs Gx + abs Gy));",canny_edge_detector.adb:194 tests.adb:58 tests.adb:68 tests.adb:77 tests.adb:86,unknown,
geometry/Ada/Canny-Edge-Detector,canny_edge_detector.adb:72,guarded_increment,Compute_Gradients,if Angle < 0.0 then Angle := Angle + 180.0; end if; end if;,canny_edge_detector.adb:194 tests.adb:58 tests.adb:68 tests.adb:77 tests.adb:86,unknown,
geometry/Ada/Clipping,clipping.adb:19,const_return,Sqrt_Safe,return 0.0;,clipping.adb:130 clipping.adb:136,unknown,
geometry/Ada/Clipping,clipping.adb:203,saturating,Clip_Point,function Clip_Point (P : Vec2; R : Clip_Rect) return Clip_Status is,tests.adb:147 tests.adb:148 tests.adb:149 tests.adb:150 tests.adb:151,unknown,
geometry/Ada/Clipping,clipping.adb:216,saturating,Clip_Line_Liang_Barsky,function Clip_Line_Liang_Barsky,clipping.adb:664 tests.adb:160 tests.adb:163 tests.adb:166 tests.adb:169 tests.adb:375 tests.adb:392 tests.adb:395 tests.adb:398,unknown,
geometry/Ada/Clipping,clipping.adb:224,saturating,Clip_T,"function Clip_T (P, Q : Real; T_Enter, T_Leave : in out Real)",clipping.adb:254 clipping.adb:258 clipping.adb:262 clipping.adb:266 clipping.adb:634 clipping.adb:638,unknown,
geometry/Ada/Clipping,clipping.adb:322,saturating,Clip_Against_Edge,function Clip_Against_Edge,clipping.adb:373,unknown,
geometry/Ada/Clipping,clipping.adb:354,saturating,Clip_Polygon_Sutherland_Hodgman,function Clip_Polygon_Sutherland_Hodgman,clipping.adb:391 tests.adb:221 tests.adb:434 tests.adb:444,unknown,
geometry/Ada/Clipping,clipping.adb:387,saturating,Clip_Polygon_To_Rect,function Clip_Polygon_To_Rect,tests.adb:203 tests.adb:212,unknown,
geometry/Ada/Clipping,clipping.adb:432,attr_return,Signed_Area_Quad,J := Frustum_Vertex_Index'First;,clipping.adb:444 clipping.adb:489 clipping.adb:535,unknown,
geometry/Ada/Clipping,clipping.adb:457,attr_return,Is_Valid_Frustum,J := Frustum_Vertex_Index'First;,tests.adb:267 tests.adb:268 clipping.ads:260 clipping.ads:264 clipping.ads:269,unknown,
geometry/Ada/Clipping,clipping.adb:462,attr_return,Is_Valid_Frustum,K := Frustum_Vertex_Index'First;,tests.adb:267 tests.adb:268 clipping.ads:260 clipping.ads:264 clipping.ads:269,unknown,
geometry/Ada/Clipping,clipping.adb:497,attr_return,Point_In_Frustum,J := Frustum_Vertex_Index'First;,clipping.adb:521 tests.adb:269 tests.adb:270 tests.adb:271 tests.adb:272 tests.adb:301 tests.adb:302,unknown,
geometry/Ada/Clipping,clipping.adb:517,saturating,Clip_Against_Frustum,function Clip_Against_Frustum,tests.adb:273 tests.adb:275 tests.adb:287 tests.adb:289 tests.adb:292,unknown,
geometry/Ada/Clipping,clipping.adb:528,saturating,Clip_Against_Frustum,function Clip_Against_Frustum,tests.adb:273 tests.adb:275 tests.adb:287 tests.adb:289 tests.adb:292,unknown,
geometry/Ada/Clipping,clipping.adb:544,attr_return,Clip_Against_Frustum,J := Frustum_Vertex_Index'First;,tests.adb:273 tests.adb:275 tests.adb:287 tests.adb:289 tests.adb:292,unknown,
geometry/Ada/Clipping,clipping.adb:602,saturating,Clip_T,"function Clip_T (P, Q : Real; T_Enter, T_Leave : in out Real)",clipping.adb:254 clipping.adb:258 clipping.adb:262 clipping.adb:266 clipping.adb:634 clipping.adb:638,unknown,
geometry/Ada/Closest-Pair-Problem,closest_pair_problem.adb:60,const_return,Dist,return 0.0;,tests.adb:209 tests.adb:210 closest_pair_problem.adb:188 closest_pair_problem.adb:231 closest_pair_problem.adb:235,unknown,
geometry/Ada/Closest-Pair-Problem,closest_pair_problem.adb:109,guarded_increment,To_Indexed,if K < N then K := K + 1; end if; end loop;,closest_pair_problem.adb:328 closest_pair_problem.adb:339,unknown,
geometry/Ada/Closest-Pair-Problem,closest_pair_problem.adb:218,attr_return,Refine_Strip,Last_J := Strip'Last;,closest_pair_problem.adb:312,unknown,
geometry/Ada/Cohen-Sutherland,cohen_sutherland.adb:20,const_return,Sqrt_Safe,return 0.0;,cohen_sutherland.adb:141 cohen_sutherland.adb:147,unknown,
geometry/Ada/Cohen-Sutherland,cohen_sutherland.adb:26,saturating,Clamp,"function Clamp (V, Lo, Hi : Real) return Real is",cohen_sutherland.adb:553 cohen_sutherland.adb:554 cohen_sutherland.adb:555 cohen_sutherland.adb:556,unknown,
geometry/Ada/Cohen-Sutherland,cohen_sutherland.adb:304,saturating,Clip_Against_Edge,function Clip_Against_Edge,tests.adb:200 tests.adb:202 tests.adb:204 tests.adb:207 tests.adb:212,unknown,
geometry/Ada/Convex-Hull-Algorithms,convex_hull_algorithms.adb:50,const_return,Dist,return 0.0;,tests.adb:252,unknown,
geometry/Ada/Delaunay-Triangulation,delaunay_triangulation.adb:201,const_return,Build_Super_Triangle,Span := 1.0;,delaunay_triangulation.adb:362,unknown,
geometry/Ada/Dithering,dithering.adb:18,saturating,Clamp,function Clamp (Val : Color_Value) return Color_Value is,dithering.adb:52 dithering.adb:68 dithering.adb:91 dithering.adb:112 dithering.adb:149 dithering.adb:190 dithering.adb:259 tests.adb:41 tests.adb:44 tests.adb:45 tests.adb:46,unknown,
geometry/Ada/Dithering,dithering.adb:21,const_return,Clamp,return 0.0;,dithering.adb:52 dithering.adb:68 dithering.adb:91 dithering.adb:112 dithering.adb:149 dithering.adb:190 dithering.adb:259 tests.adb:41 tests.adb:44 tests.adb:45 tests.adb:46,unknown,
geometry/Ada/Dithering,dithering.adb:23,const_return,Clamp,return 1.0;,dithering.adb:52 dithering.adb:68 dithering.adb:91 dithering.adb:112 dithering.adb:149 dithering.adb:190 dithering.adb:259 tests.adb:41 tests.adb:44 tests.adb:45 tests.adb:46,unknown,
geometry/Ada/Fast-Clipping,fast_clipping.adb:20,const_return,Sqrt_Safe,return 0.0;,fast_clipping.adb:93,unknown,
geometry/Ada/Fast-Clipping,fast_clipping.adb:26,saturating,Clamp,"function Clamp (V, Lo, Hi : Real) return Real is",fast_clipping.adb:280 fast_clipping.adb:281 fast_clipping.adb:282 fast_clipping.adb:283 fast_clipping.adb:456 fast_clipping.adb:457 fast_clipping.adb:458 fast_clipping.adb:459,unknown,
geometry/Ada/Fast-Clipping,fast_clipping.adb:199,saturating,Clip_Against_Edge,function Clip_Against_Edge,fast_clipping.adb:298 tests.adb:183 tests.adb:185 tests.adb:188 tests.adb:191 tests.adb:197,unknown,
geometry/Ada/Fast-Clipping,fast_clipping.adb:265,saturating,Clip_Need,function Clip_Need,fast_clipping.adb:337,unknown,
geometry/Ada/Gift-Wrapping,gift_wrapping.adb:49,const_return,Dist,return 0.0;,tests.adb:190,unknown,
geometry/Ada/Gouraud-Shading,gouraud_shading.adb:24,const_return,Vector_Length,return 0.0;,tests.adb:40 gouraud_shading.adb:31 gouraud_shading.adb:152 gouraud_shading.adb:156,unknown,
geometry/Ada/Gouraud-Shading,gouraud_shading.adb:51,min_max_clip,Add_Colors,"return (R => Color_Component (Real'Min (1.0, Real'Max (0.0, R_Sum))), G => Color_Component (Real'Min (1.0, Real'Max (0.0, G_Sum))), B => Color_Component (Real'M",tests.adb:66 gouraud_shading.adb:236,unknown,
geometry/Ada/Gouraud-Shading,gouraud_shading.adb:52,min_max_clip,Add_Colors,"G => Color_Component (Real'Min (1.0, Real'Max (0.0, G_Sum))), B => Color_Component (Real'Min (1.0, Real'Max (0.0, B_Sum))));",tests.adb:66 gouraud_shading.adb:236,unknown,
geometry/Ada/Gouraud-Shading,gouraud_shading.adb:53,min_max_clip,Add_Colors,"B => Color_Component (Real'Min (1.0, Real'Max (0.0, B_Sum))));",tests.adb:66 gouraud_shading.adb:236,unknown,
geometry/Ada/Gouraud-Shading,gouraud_shading.adb:61,min_max_clip,Scale_Color,"return (R => Color_Component (Real'Min (1.0, Real'Max (0.0, R_Val))), G => Color_Component (Real'Min (1.0, Real'Max (0.0, G_Val))), B => Color_Component (Real'M",tests.adb:67 gouraud_shading.adb:228 gouraud_shading.adb:231 gouraud_shading.adb:234 gouraud_shading.adb:323 gouraud_shading.adb:324 gouraud_shading.adb:325,unknown,
geometry/Ada/Gouraud-Shading,gouraud_shading.adb:62,min_max_clip,Scale_Color,"G => Color_Component (Real'Min (1.0, Real'Max (0.0, G_Val))), B => Color_Component (Real'Min (1.0, Real'Max (0.0, B_Val))));",tests.adb:67 gouraud_shading.adb:228 gouraud_shading.adb:231 gouraud_shading.adb:234 gouraud_shading.adb:323 gouraud_shading.adb:324 gouraud_shading.adb:325,unknown,
geometry/Ada/Gouraud-Shading,gouraud_shading.adb:63,min_max_clip,Scale_Color,"B => Color_Component (Real'Min (1.0, Real'Max (0.0, B_Val))));",tests.adb:67 gouraud_shading.adb:228 gouraud_shading.adb:231 gouraud_shading.adb:234 gouraud_shading.adb:323 gouraud_shading.adb:324 gouraud_shading.adb:325,unknown,
geometry/Ada/Gouraud-Shading,gouraud_shading.adb:73,saturating,Clamp_Color,function Clamp_Color (C : RGB_Color) return RGB_Color is,,unknown,
geometry/Ada/Gouraud-Shading,gouraud_shading.adb:75,min_max_clip,Clamp_Color,"return (R => Color_Component (Real'Min (1.0, Real'Max (0.0, Real (C.R)))), G => Color_Component (Real'Min (1.0, Real'Max (0.0, Real (C.G)))), B => Color_Compone",,unknown,
geometry/Ada/Gouraud-Shading,gouraud_shading.adb:76,min_max_clip,Clamp_Color,"G => Color_Component (Real'Min (1.0, Real'Max (0.0, Real (C.G)))), B => Color_Component (Real'Min (1.0, Real'Max (0.0, Real (C.B)))));",,unknown,
geometry/Ada/Gouraud-Shading,gouraud_shading.adb:77,min_max_clip,Clamp_Color,"B => Color_Component (Real'Min (1.0, Real'Max (0.0, Real (C.B)))));",,unknown,
geometry/Ada/Gouraud-Shading,gouraud_shading.adb:80,saturating,Clamp_Intensity,function Clamp_Intensity (Val : Real) return Intensity is,tests.adb:335 tests.adb:336 gouraud_shading.adb:88 gouraud_shading.adb:183 gouraud_shading.adb:284,unknown,
geometry/Ada/Gouraud-Shading,gouraud_shading.adb:82,min_max_clip,Clamp_Intensity,"return Intensity (Real'Min (1.0, Real'Max (0.0, Val)));",tests.adb:335 tests.adb:336 gouraud_shading.adb:88 gouraud_shading.adb:183 gouraud_shading.adb:284,unknown,
geometry/Ada/Gouraud-Shading,gouraud_shading.adb:96,min_max_clip,Lerp_Color,"return (R => Color_Component (Real'Min (1.0, Real'Max (0.0, R_Val))), G => Color_Component (Real'Min (1.0, Real'Max (0.0, G_Val))), B => Color_Component (Real'M",tests.adb:84 gouraud_shading.adb:392 gouraud_shading.adb:447 gouraud_shading.adb:452 gouraud_shading.adb:455,unknown,
geometry/Ada/Gouraud-Shading,gouraud_shading.adb:97,min_max_clip,Lerp_Color,"G => Color_Component (Real'Min (1.0, Real'Max (0.0, G_Val))), B => Color_Component (Real'Min (1.0, Real'Max (0.0, B_Val))));",tests.adb:84 gouraud_shading.adb:392 gouraud_shading.adb:447 gouraud_shading.adb:452 gouraud_shading.adb:455,unknown,
geometry/Ada/Gouraud-Shading,gouraud_shading.adb:98,min_max_clip,Lerp_Color,"B => Color_Component (Real'Min (1.0, Real'Max (0.0, B_Val))));",tests.adb:84 gouraud_shading.adb:392 gouraud_shading.adb:447 gouraud_shading.adb:452 gouraud_shading.adb:455,unknown,
geometry/Ada/Gouraud-Shading,gouraud_shading.adb:180,min_max_clip,Calculate_Vertex_Lambert_Intensity,"Diff_Term : constant Real := Real'Max (0.0, N_Dot_L);",tests.adb:127 tests.adb:129 tests.adb:131,unknown,
geometry/Ada/Gouraud-Shading,gouraud_shading.adb:216,min_max_clip,Calculate_Vertex_Phong_Color,"N_Dot_L : constant Real := Real'Max (0.0, Dot_Product (N, L));",tests.adb:149,unknown,
geometry/Ada/Gouraud-Shading,gouraud_shading.adb:217,min_max_clip,Calculate_Vertex_Phong_Color,"N_Dot_H : constant Real := Real'Max (0.0, Dot_Product (N, H));",tests.adb:149,unknown,
geometry/Ada/Gouraud-Shading,gouraud_shading.adb:308,min_max_clip,Interpolate_Barycentric_Color,"return (R => Color_Component (Real'Min (1.0, Real'Max (0.0, R_Val))), G => Color_Component (Real'Min (1.0, Real'Max (0.0, G_Val))), B => Color_Component (Real'M",tests.adb:199,unknown,
geometry/Ada/Gouraud-Shading,gouraud_shading.adb:309,min_max_clip,Interpolate_Barycentric_Color,"G => Color_Component (Real'Min (1.0, Real'Max (0.0, G_Val))), B => Color_Component (Real'Min (1.0, Real'Max (0.0, B_Val))));",tests.adb:199,unknown,
geometry/Ada/Gouraud-Shading,gouraud_shading.adb:310,min_max_clip,Interpolate_Barycentric_Color,"B => Color_Component (Real'Min (1.0, Real'Max (0.0, B_Val))));",tests.adb:199,unknown,
geometry/Ada/Gouraud-Shading,gouraud_shading.adb:390,min_max_clip,Draw_Scanline,"T := Real'Min (1.0, Real'Max (0.0, T));",gouraud_shading.adb:458,unknown,
geometry/Ada/Gouraud-Shading,gouraud_shading.adb:429,min_max_clip,Draw_Scanline,"Real'Min (1.0, Real'Max (0.0, (Y_Real - A.Pos.Y) / Total_Height));",gouraud_shading.adb:458,unknown,
geometry/Ada/Gouraud-Shading,gouraud_shading.adb:442,min_max_clip,Draw_Scanline,"Beta := Real'Min (1.0, Real'Max (0.0, Beta));",gouraud_shading.adb:458,unknown,
geometry/Ada/Grabcut,grabcut.adb:234,min_max_clip,Get_Node,"Var_F := Float'Max (1.0, (if Cnt_F > 0.0 then Sum_F / Cnt_F else 1.0));",grabcut.adb:266 grabcut.adb:285 grabcut.adb:295 grabcut.adb:314,unknown,
geometry/Ada/Grabcut,grabcut.adb:235,min_max_clip,Get_Node,"Var_B := Float'Max (1.0, (if Cnt_B > 0.0 then Sum_B / Cnt_B else 1.0));",grabcut.adb:266 grabcut.adb:285 grabcut.adb:295 grabcut.adb:314,unknown,
geometry/Ada/Graham-Scan,graham_scan.adb:49,const_return,Dist,return 0.0;,tests.adb:175,unknown,
geometry/Ada/Isosurfaces,isosurfaces.adb:20,const_return,Sqrt_Safe,return 0.0;,isosurfaces.adb:276,unknown,
geometry/Ada/Isosurfaces,isosurfaces.adb:124,saturating,Clamp_To_Cell,procedure Clamp_To_Cell,isosurfaces.adb:183 isosurfaces.adb:252,unknown,
geometry/Ada/Isosurfaces,isosurfaces.adb:316,saturating,Clamp,"function Clamp (X, Lo, Hi : Real) return Real is",isosurfaces.adb:67 isosurfaces.adb:139 isosurfaces.adb:140 isosurfaces.adb:141 isosurfaces.adb:227 isosurfaces.adb:428 isosurfaces.adb:429 isosurfaces.adb:430 isosurfaces.ads:126 tests.adb:73 tests.adb:74,unknown,
geometry/Ada/Kirkpatrick-Seidel,kirkpatrick_seidel.adb:58,const_return,Dist,return 0.0;,tests.adb:190,unknown,
geometry/Ada/Liang-Barsky,liang_barsky.adb:19,const_return,Sqrt_Safe,return 0.0;,liang_barsky.adb:92,unknown,
geometry/Ada/Liang-Barsky,liang_barsky.adb:25,saturating,Clamp,"function Clamp (V, Lo, Hi : Real) return Real is",liang_barsky.adb:196 liang_barsky.adb:197 liang_barsky.adb:240 liang_barsky.adb:241 liang_barsky.adb:242 liang_barsky.adb:243 liang_barsky.adb:352 liang_barsky.adb:353,unknown,
geometry/Ada/Liang-Barsky,liang_barsky.adb:152,saturating,Clip_Parameters,function Clip_Parameters,tests.adb:158 tests.adb:163 tests.adb:415 liang_barsky.adb:224,unknown,
geometry/Ada/Line-Clipping,line_clipping.adb:19,const_return,Sqrt_Safe,return 0.0;,line_clipping.adb:97,unknown,
geometry/Ada/Line-Clipping,line_clipping.adb:25,saturating,Clamp,"function Clamp (V, Lo, Hi : Real) return Real is",line_clipping.adb:291 line_clipping.adb:292 line_clipping.adb:299 line_clipping.adb:300 line_clipping.adb:301 line_clipping.adb:302 line_clipping.adb:399 line_clipping.adb:400 line_clipping.adb:401 line_clipping.adb:402 line_clipping.adb:542 line_clipping.adb:543 ...,unknown,
geometry/Ada/Line-Clipping,line_clipping.adb:573,saturating,Clip_With,function Clip_With,line_clipping.adb:602 line_clipping.adb:603 tests.adb:262 tests.adb:264 tests.adb:266 tests.adb:268 tests.adb:408 tests.adb:430 own_checks.adb:74,unknown,
geometry/Ada/Line-Segment-Intersection,line_segment_intersection.adb:111,saturating,Clamp01,"procedure Clamp01 (Lo, Hi : in out Real; Empty : out Boolean) is",line_segment_intersection.adb:142,unknown,
geometry/Ada/Line-Segment-Intersection,line_segment_intersection.adb:114,const_return,Clamp01,Lo := 0.0;,line_segment_intersection.adb:142,unknown,
geometry/Ada/Line-Segment-Intersection,line_segment_intersection.adb:117,const_return,Clamp01,Hi := 1.0;,line_segment_intersection.adb:142,unknown,
geometry/Ada/Marching-Cubes,marching_cubes.adb:20,const_return,Sqrt_Safe,return 0.0;,marching_cubes.adb:356,unknown,
geometry/Ada/Marching-Cubes,marching_cubes.adb:396,saturating,Clamp,"function Clamp (X, Lo, Hi : Real) return Real is",marching_cubes.ads:125 tests.adb:70 tests.adb:71 marching_cubes.adb:500 marching_cubes.adb:519,unknown,
geometry/Ada/Ordered-Dithering,ordered_dithering.adb:30,const_return,Quantize,return 0;,ordered_dithering.adb:119 ordered_dithering.adb:156 ordered_dithering.adb:162 ordered_dithering.adb:168 tests.adb:57 tests.adb:59 tests.adb:61,unknown,
geometry/Ada/Phong-Shading,phong_shading.adb:10,saturating,Clamp_01,function Clamp_01 (Val : Real) return Intensity_Value with,phong_shading.adb:12 phong_shading.adb:148 phong_shading.adb:149 phong_shading.adb:150 phong_shading.adb:155 phong_shading.adb:156 phong_shading.adb:157 phong_shading.adb:162 phong_shading.adb:163 phong_shading.adb:164 phong_shading.adb:172 phong_shading.adb:173 ...,unknown,
geometry/Ada/Phong-Shading,phong_shading.adb:16,const_return,Clamp_01,return 0.0;,phong_shading.adb:12 phong_shading.adb:148 phong_shading.adb:149 phong_shading.adb:150 phong_shading.adb:155 phong_shading.adb:156 phong_shading.adb:157 phong_shading.adb:162 phong_shading.adb:163 phong_shading.adb:164 phong_shading.adb:172 phong_shading.adb:173 ...,unknown,
geometry/Ada/Phong-Shading,phong_shading.adb:18,const_return,Clamp_01,return 1.0;,phong_shading.adb:12 phong_shading.adb:148 phong_shading.adb:149 phong_shading.adb:150 phong_shading.adb:155 phong_shading.adb:156 phong_shading.adb:157 phong_shading.adb:162 phong_shading.adb:163 phong_shading.adb:164 phong_shading.adb:172 phong_shading.adb:173 ...,unknown,
geometry/Ada/Phong-Shading,phong_shading.adb:31,const_return,Max_Zero,return 0.0;,phong_shading.adb:27 phong_shading.adb:266 phong_shading.adb:272 phong_shading.adb:334 phong_shading.adb:340 phong_shading.adb:371 phong_shading.adb:387 phong_shading.adb:414 phong_shading.adb:430,unknown,
geometry/Ada/Phong-Shading,phong_shading.adb:104,const_return,Norm,return 0.0;,phong_shading.adb:111 phong_shading.adb:196 phong_shading.adb:236 phong_shading.adb:305 tests.adb:46 tests.adb:47 tests.adb:77 tests.adb:92 tests.adb:127 tests.adb:134 tests.adb:145 tests.adb:152 ...,unknown,
geometry/Ada/Point-In-Polygon,point_in_polygon.adb:107,attr_return,On_Boundary,J := Poly'First;,point_in_polygon.adb:206 point_in_polygon.adb:215 tests.adb:70 tests.adb:179 tests.adb:180 tests.adb:181 tests.adb:182 tests.adb:189 tests.adb:190 tests.adb:191 tests.adb:192 tests.adb:198 ...,unknown,
geometry/Ada/Point-In-Polygon,point_in_polygon.adb:137,attr_return,Crossing_Number,J := Poly'First;,point_in_polygon.adb:209 tests.adb:84 tests.adb:199 tests.adb:203,unknown,
geometry/Ada/Point-In-Polygon,point_in_polygon.adb:177,attr_return,Winding_Number,J := Poly'First;,point_in_polygon.adb:218 tests.adb:97 tests.adb:201 tests.adb:205 tests.adb:222 tests.adb:223 tests.adb:225 tests.adb:226 tests.adb:228 tests.adb:229,unknown,
geometry/Ada/Polygon-Triangulation,polygon_triangulation.adb:92,attr_return,Signed_Area,J := Polygon'First;,polygon_triangulation.adb:104 polygon_triangulation.adb:109 polygon_triangulation.adb:226 polygon_triangulation.adb:311 tests.adb:163 tests.adb:164 tests.adb:169,unknown,
geometry/Ada/Polygon-Triangulation,polygon_triangulation.adb:216,attr_return,Is_Simple_Enough,J := Polygon'First;,polygon_triangulation.adb:245 tests.adb:221 tests.adb:222 tests.adb:223 tests.adb:224 tests.adb:225 tests.adb:313,unknown,
geometry/Ada/Quasitriangulation,quasitriangulation.adb:34,const_return,Distance,return 0.0;,tests.adb:95 quasitriangulation.adb:46,unknown,
geometry/Ada/Quickhull,quickhull.adb:49,const_return,Dist,return 0.0;,quickhull.adb:79 tests.adb:175 tests.adb:195,unknown,
geometry/Ada/Radiosity,radiosity.adb:21,const_return,Norm,return 0.0;,radiosity.adb:31 radiosity.adb:43 radiosity.adb:95 tests.adb:107 tests.adb:108 radiosity.ads:90 radiosity.ads:105,unknown,
geometry/Ada/Radiosity,radiosity.adb:112,const_return,Compute_Point_Form_Factor,return 0.0;,radiosity.adb:150 tests.adb:129 tests.adb:134 tests.adb:139,unknown,
geometry/Ada/Radiosity,radiosity.adb:123,const_return,Compute_Point_Form_Factor,return 0.0;,radiosity.adb:150 tests.adb:129 tests.adb:134 tests.adb:139,unknown,
geometry/Ada/Radiosity,radiosity.adb:125,const_return,Compute_Point_Form_Factor,return 1.0;,radiosity.adb:150 tests.adb:129 tests.adb:134 tests.adb:139,unknown,
geometry/Ada/Radiosity,radiosity.adb:266,const_return,Solve_Matrix_Direct,Radiosities (Patch_Id (I)) := 0.0;,tests.adb:194 tests.adb:216 tests.adb:239 tests.adb:261 tests.adb:281 tests.adb:302 tests.adb:322 tests.adb:346 tests.adb:396,unknown,
geometry/Ada/Ray-Tracing,ray_tracing.adb:76,min_max_clip,Normalized,"R_Val : constant Real := Real'Min (1.0, A.R + B.R);",ray_tracing.adb:163 ray_tracing.adb:235 ray_tracing.adb:236 ray_tracing.adb:261 ray_tracing.adb:296 ray_tracing.adb:312 ray_tracing.adb:325 ray_tracing.adb:339 ray_tracing.adb:348 ray_tracing.adb:382 ray_tracing.adb:387 ray_tracing.adb:393 ...,unknown,
geometry/Ada/Ray-Tracing,ray_tracing.adb:77,min_max_clip,Normalized,"G_Val : constant Real := Real'Min (1.0, A.G + B.G);",ray_tracing.adb:163 ray_tracing.adb:235 ray_tracing.adb:236 ray_tracing.adb:261 ray_tracing.adb:296 ray_tracing.adb:312 ray_tracing.adb:325 ray_tracing.adb:339 ray_tracing.adb:348 ray_tracing.adb:382 ray_tracing.adb:387 ray_tracing.adb:393 ...,unknown,
geometry/Ada/Ray-Tracing,ray_tracing.adb:78,min_max_clip,Normalized,"B_Val : constant Real := Real'Min (1.0, A.B + B.B);",ray_tracing.adb:163 ray_tracing.adb:235 ray_tracing.adb:236 ray_tracing.adb:261 ray_tracing.adb:296 ray_tracing.adb:312 ray_tracing.adb:325 ray_tracing.adb:339 ray_tracing.adb:348 ray_tracing.adb:382 ray_tracing.adb:387 ray_tracing.adb:393 ...,unknown,
geometry/Ada/Ray-Tracing,ray_tracing.adb:86,min_max_clip,Normalized,"(R => Real'Min (1.0, Real'Max (0.0, A.R * B.R)), G => Real'Min (1.0, Real'Max (0.0, A.G * B.G)), B => Real'Min (1.0, Real'Max (0.0, A.B * B.B)));",ray_tracing.adb:163 ray_tracing.adb:235 ray_tracing.adb:236 ray_tracing.adb:261 ray_tracing.adb:296 ray_tracing.adb:312 ray_tracing.adb:325 ray_tracing.adb:339 ray_tracing.adb:348 ray_tracing.adb:382 ray_tracing.adb:387 ray_tracing.adb:393 ...,unknown,
geometry/Ada/Ray-Tracing,ray_tracing.adb:87,min_max_clip,Normalized,"G => Real'Min (1.0, Real'Max (0.0, A.G * B.G)), B => Real'Min (1.0, Real'Max (0.0, A.B * B.B)));",ray_tracing.adb:163 ray_tracing.adb:235 ray_tracing.adb:236 ray_tracing.adb:261 ray_tracing.adb:296 ray_tracing.adb:312 ray_tracing.adb:325 ray_tracing.adb:339 ray_tracing.adb:348 ray_tracing.adb:382 ray_tracing.adb:387 ray_tracing.adb:393 ...,unknown,
geometry/Ada/Ray-Tracing,ray_tracing.adb:88,min_max_clip,Normalized,"B => Real'Min (1.0, Real'Max (0.0, A.B * B.B)));",ray_tracing.adb:163 ray_tracing.adb:235 ray_tracing.adb:236 ray_tracing.adb:261 ray_tracing.adb:296 ray_tracing.adb:312 ray_tracing.adb:325 ray_tracing.adb:339 ray_tracing.adb:348 ray_tracing.adb:382 ray_tracing.adb:387 ray_tracing.adb:393 ...,unknown,
geometry/Ada/Ray-Tracing,ray_tracing.adb:92,min_max_clip,Normalized,"Factor : constant Real := Real'Max (0.0, S);",ray_tracing.adb:163 ray_tracing.adb:235 ray_tracing.adb:236 ray_tracing.adb:261 ray_tracing.adb:296 ray_tracing.adb:312 ray_tracing.adb:325 ray_tracing.adb:339 ray_tracing.adb:348 ray_tracing.adb:382 ray_tracing.adb:387 ray_tracing.adb:393 ...,unknown,
geometry/Ada/Ray-Tracing,ray_tracing.adb:95,min_max_clip,Normalized,"(R => Real'Min (1.0, C.R * Factor), G => Real'Min (1.0, C.G * Factor), B => Real'Min (1.0, C.B * Factor));",ray_tracing.adb:163 ray_tracing.adb:235 ray_tracing.adb:236 ray_tracing.adb:261 ray_tracing.adb:296 ray_tracing.adb:312 ray_tracing.adb:325 ray_tracing.adb:339 ray_tracing.adb:348 ray_tracing.adb:382 ray_tracing.adb:387 ray_tracing.adb:393 ...,unknown,
geometry/Ada/Ray-Tracing,ray_tracing.adb:96,min_max_clip,Normalized,"G => Real'Min (1.0, C.G * Factor), B => Real'Min (1.0, C.B * Factor));",ray_tracing.adb:163 ray_tracing.adb:235 ray_tracing.adb:236 ray_tracing.adb:261 ray_tracing.adb:296 ray_tracing.adb:312 ray_tracing.adb:325 ray_tracing.adb:339 ray_tracing.adb:348 ray_tracing.adb:382 ray_tracing.adb:387 ray_tracing.adb:393 ...,unknown,
geometry/Ada/Ray-Tracing,ray_tracing.adb:97,min_max_clip,Normalized,"B => Real'Min (1.0, C.B * Factor));",ray_tracing.adb:163 ray_tracing.adb:235 ray_tracing.adb:236 ray_tracing.adb:261 ray_tracing.adb:296 ray_tracing.adb:312 ray_tracing.adb:325 ray_tracing.adb:339 ray_tracing.adb:348 ray_tracing.adb:382 ray_tracing.adb:387 ray_tracing.adb:393 ...,unknown,
geometry/Ada/Ray-Tracing,ray_tracing.adb:100,saturating,Clamp_Color,function Clamp_Color (C : Color) return Color is,,unknown,
geometry/Ada/Ray-Tracing,ray_tracing.adb:103,min_max_clip,Clamp_Color,"(R => Real'Min (1.0, Real'Max (0.0, C.R)), G => Real'Min (1.0, Real'Max (0.0, C.G)), B => Real'Min (1.0, Real'Max (0.0, C.B)));",,unknown,
geometry/Ada/Ray-Tracing,ray_tracing.adb:104,min_max_clip,Clamp_Color,"G => Real'Min (1.0, Real'Max (0.0, C.G)), B => Real'Min (1.0, Real'Max (0.0, C.B)));",,unknown,
geometry/Ada/Ray-Tracing,ray_tracing.adb:105,min_max_clip,Clamp_Color,"B => Real'Min (1.0, Real'Max (0.0, C.B)));",,unknown,
geometry/Ada/Ray-Tracing,ray_tracing.adb:271,min_max_clip,Shade_Direct,"Real'Max (0.0, Dot (Refl_Dir, View_Dir));",ray_tracing.adb:296 ray_tracing.adb:312 ray_tracing.adb:382 ray_tracing.adb:393,unknown,
geometry/Ada/Ray-Tracing,ray_tracing.adb:388,min_max_clip,Trace_Ray_Distribution,"Roughness : constant Real := Real'Max (0.01, 1.0 / Hit.Mat.Shininess);",ray_tracing.adb:405 tests.adb:253,unknown,
geometry/Ada/Riemersma-Dithering,riemersma_dithering.adb:130,guarded_increment,Next_Coordinate,if Current_Y <= Target'Last(2) then Found_X := Current_X; Found_Y := Current_Y; Valid := True; if Current_X < Target,riemersma_dithering.adb:151,unknown,
geometry/Ada/Shading,shading.adb:11,saturating,Clamp_01,function Clamp_01 (Val : Real) return Intensity_Value is,shading.adb:64 shading.adb:65 shading.adb:66 shading.adb:74 shading.adb:75 shading.adb:76 shading.adb:84 shading.adb:85 shading.adb:86 shading.adb:94 shading.adb:95 shading.adb:96 ...,unknown,
geometry/Ada/Shading,shading.adb:14,const_return,Clamp_01,return 0.0;,shading.adb:64 shading.adb:65 shading.adb:66 shading.adb:74 shading.adb:75 shading.adb:76 shading.adb:84 shading.adb:85 shading.adb:86 shading.adb:94 shading.adb:95 shading.adb:96 ...,unknown,
geometry/Ada/Shading,shading.adb:16,const_return,Clamp_01,return 1.0;,shading.adb:64 shading.adb:65 shading.adb:66 shading.adb:74 shading.adb:75 shading.adb:76 shading.adb:84 shading.adb:85 shading.adb:86 shading.adb:94 shading.adb:95 shading.adb:96 ...,unknown,
geometry/Ada/Shading,shading.adb:29,const_return,Magnitude,return 0.0;,tests.adb:97 tests.adb:99 shading.ads:184 own_checks.adb:283 shading.adb:39 shading.adb:262 shading.adb:308,unknown,
geometry/Ada/Shading,shading.adb:228,min_max_clip,Evaluate_Lighting,"N_Dot_L   : constant Real := Real'Max (0.0, Dot_Product (N, Light_Dir));",tests.adb:158 tests.adb:165 tests.adb:204 tests.adb:208 tests.adb:212 tests.adb:440 own_checks.adb:194 own_checks.adb:351 own_checks.adb:352 own_checks.adb:353 shading.adb:387 shading.adb:407 ...,unknown,
geometry/Ada/Shading,shading.adb:239,min_max_clip,Evaluate_Lighting,"Real'Max (0.0, Dot_Product (Reflect_Dir, V));",tests.adb:158 tests.adb:165 tests.adb:204 tests.adb:208 tests.adb:212 tests.adb:440 own_checks.adb:194 own_checks.adb:351 own_checks.adb:352 own_checks.adb:353 shading.adb:387 shading.adb:407 ...,unknown,
geometry/Ada/Shading,shading.adb:268,min_max_clip,Evaluate_Lighting,"Real'Max (0.0, Dot_Product (N, Light_Dir));",tests.adb:158 tests.adb:165 tests.adb:204 tests.adb:208 tests.adb:212 tests.adb:440 own_checks.adb:194 own_checks.adb:351 own_checks.adb:352 own_checks.adb:353 shading.adb:387 shading.adb:407 ...,unknown,
geometry/Ada/Shading,shading.adb:284,min_max_clip,Evaluate_Lighting,"Real'Max (0.0, Dot_Product (Reflect_Dir, V));",tests.adb:158 tests.adb:165 tests.adb:204 tests.adb:208 tests.adb:212 tests.adb:440 own_checks.adb:194 own_checks.adb:351 own_checks.adb:352 own_checks.adb:353 shading.adb:387 shading.adb:407 ...,unknown,
geometry/Ada/Shading,shading.adb:327,min_max_clip,Evaluate_Lighting,"Real'Max (0.0, Dot_Product (N, Light_Dir));",tests.adb:158 tests.adb:165 tests.adb:204 tests.adb:208 tests.adb:212 tests.adb:440 own_checks.adb:194 own_checks.adb:351 own_checks.adb:352 own_checks.adb:353 shading.adb:387 shading.adb:407 ...,unknown,
geometry/Ada/Shading,shading.adb:343,min_max_clip,Evaluate_Lighting,"Real'Max (0.0, Dot_Product (Reflect_Dir, V));",tests.adb:158 tests.adb:165 tests.adb:204 tests.adb:208 tests.adb:212 tests.adb:440 own_checks.adb:194 own_checks.adb:351 own_checks.adb:352 own_checks.adb:353 shading.adb:387 shading.adb:407 ...,unknown,
geometry/Ada/Slerp,slerp.adb:104,min_max_clip,Log,"Clamped_W : constant Real := Real'Max (-1.0, Real'Min (1.0, Q.W));",slerp.adb:137 slerp.adb:324 slerp.adb:325 tests.adb:233,unknown,
geometry/Ada/Slerp,slerp.adb:158,min_max_clip,Geometric_Slerp,"Cos_Omega := Real'Max (-1.0, Real'Min (1.0, Cos_Omega));",slerp.ads:118 tests.adb:114 tests.adb:115 tests.adb:116 tests.adb:129 tests.adb:137,unknown,
geometry/Ada/Slerp,slerp.adb:201,min_max_clip,Raw_Quaternion_Slerp,"Cos_Omega := Real'Max (-1.0, Real'Min (1.0, Cos_Omega));",slerp.ads:130 tests.adb:187 tests.adb:188 tests.adb:189,unknown,
geometry/Ada/Slerp,slerp.adb:248,min_max_clip,Shortest_Path_Slerp,"Cos_Omega := Real'Min (1.0, Cos_Omega);",slerp.adb:345 slerp.adb:346 slerp.adb:349 slerp.ads:139 tests.adb:204 tests.adb:220 tests.adb:285 tests.adb:286 tests.adb:287 tests.adb:306,unknown,
geometry/Ada/Sutherland-Hodgman,sutherland_hodgman.adb:20,const_return,Sqrt_Safe,return 0.0;,sutherland_hodgman.adb:104,unknown,
geometry/Ada/Sutherland-Hodgman,sutherland_hodgman.adb:342,saturating,Clip_Against_Edge,function Clip_Against_Edge,sutherland_hodgman.adb:407 tests.adb:231 tests.adb:433,unknown,
geometry/Ada/Sutherland-Hodgman,sutherland_hodgman.adb:413,saturating,Clip_Against_Rect,function Clip_Against_Rect,tests.adb:305,unknown,
geometry/Ada/Sutherland-Hodgman,sutherland_hodgman.adb:423,saturating,Clip_Against_Frustum_2D,function Clip_Against_Frustum_2D,tests.adb:321,unknown,
geometry/Ada/Sutherland-Hodgman,sutherland_hodgman.adb:456,saturating,Clip_Polygon_Against_Plane_3D_Lite,function Clip_Polygon_Against_Plane_3D_Lite,tests.adb:372 tests.adb:379,unknown,
geometry/Ada/Triangulation,triangulation.adb:60,attr_return,Signed_Area,J := Polygon'First;,triangulation.adb:72 triangulation.adb:191 triangulation.adb:327 tests.adb:176,unknown,
geometry/Ada/Triangulation,triangulation.adb:182,attr_return,Is_Simple_Enough,J := Polygon'First;,triangulation.adb:269 tests.adb:199 tests.adb:200 tests.adb:201 tests.adb:204,unknown,
geometry/Ada/Triangulation,triangulation.adb:482,const_return,Build_Super_Triangle,Span := 1.0;,triangulation.adb:599,unknown,
geometry/Ada/Vatti,vatti.adb:44,const_return,Sqrt_Safe,return 0.0;,vatti.adb:112 vatti.adb:287,unknown,
geometry/Ada/Vatti,vatti.adb:50,saturating,Clamp01,function Clamp01 (T : Real) return Real is,vatti.adb:600,unknown,
geometry/Ada/Vatti,vatti.adb:53,const_return,Clamp01,return 0.0;,vatti.adb:600,unknown,
geometry/Ada/Vatti,vatti.adb:55,const_return,Clamp01,return 1.0;,vatti.adb:600,unknown,
geometry/Ada/Vatti,vatti.adb:895,saturating,Clip_Two,function Clip_Two,vatti.adb:993 vatti.adb:994 vatti.adb:996 vatti.adb:1040 vatti.adb:1058 vatti.adb:1081,unknown,
geometry/Ada/Vincenty,vincenty.adb:16,const_return,Sqrt,return 0.0;,vincenty.adb:18 vincenty.adb:172 vincenty.adb:349 vincenty.adb:418,unknown,
geometry/Ada/Vincenty,vincenty.adb:183,const_return,Inverse,Result.Distance   := 0.0;,vincenty.adb:385 tests.adb:94 tests.adb:204 tests.adb:300 tests.adb:452,unknown,
geometry/Ada/Vincenty,vincenty.adb:202,const_return,Inverse,Sin_Alpha := 1.0;,vincenty.adb:385 tests.adb:94 tests.adb:204 tests.adb:300 tests.adb:452,unknown,
geometry/Ada/Vincenty,vincenty.adb:204,const_return,Inverse,Sin_Alpha := -1.0;,vincenty.adb:385 tests.adb:94 tests.adb:204 tests.adb:300 tests.adb:452,unknown,
geometry/Ada/Voronoi-Diagrams,voronoi_diagrams.adb:38,const_return,Distance,return 0.0;,tests.adb:93 tests.adb:95 voronoi_diagrams.adb:127,unknown,
geometry/Ada/Voronoi-Diagrams,voronoi_diagrams.adb:235,const_return,Build_Super_Triangle,Span := 1.0;,voronoi_diagrams.adb:385,unknown,
geometry/Ada/Weiler-Atherton,weiler_atherton.adb:20,const_return,Sqrt_Safe,return 0.0;,weiler_atherton.adb:88 weiler_atherton.adb:236,unknown,
geometry/Ada/Weiler-Atherton,weiler_atherton.adb:26,saturating,Clamp01,function Clamp01 (T : Real) return Real is,weiler_atherton.adb:454,unknown,
geometry/Ada/Weiler-Atherton,weiler_atherton.adb:29,const_return,Clamp01,return 0.0;,weiler_atherton.adb:454,unknown,
geometry/Ada/Weiler-Atherton,weiler_atherton.adb:31,const_return,Clamp01,return 1.0;,weiler_atherton.adb:454,unknown,
geometry/Ada/Xiaolin-Wus-Line-Algorithm,xiaolin_wu.adb:60,min_max_clip,Plot_RGBA_Buffer,"Intensity (Real'Min (1.0, Real'Max (0.0, Weight)));",xiaolin_wu.adb:347 xiaolin_wu.adb:380 xiaolin_wu.adb:381 xiaolin_wu.adb:383 xiaolin_wu.adb:384 xiaolin_wu.adb:396 xiaolin_wu.adb:397 xiaolin_wu.adb:399 xiaolin_wu.adb:400 xiaolin_wu.adb:406 xiaolin_wu.adb:412 xiaolin_wu.adb:419 ...,unknown,
geometry/Ada/Xiaolin-Wus-Line-Algorithm,xiaolin_wu.adb:97,min_max_clip,Blend_Over,"Res_R := Byte (Real'Min (255.0, Real'Max (0.0, Real'Rounding (R_Term))));",xiaolin_wu.adb:62 tests.adb:79 tests.adb:80,unknown,
geometry/Ada/Xiaolin-Wus-Line-Algorithm,xiaolin_wu.adb:98,min_max_clip,Blend_Over,"Res_G := Byte (Real'Min (255.0, Real'Max (0.0, Real'Rounding (G_Term))));",xiaolin_wu.adb:62 tests.adb:79 tests.adb:80,unknown,
geometry/Ada/Xiaolin-Wus-Line-Algorithm,xiaolin_wu.adb:99,min_max_clip,Blend_Over,"Res_B := Byte (Real'Min (255.0, Real'Max (0.0, Real'Rounding (B_Term))));",xiaolin_wu.adb:62 tests.adb:79 tests.adb:80,unknown,
geometry/Ada/Xiaolin-Wus-Line-Algorithm,xiaolin_wu.adb:100,min_max_clip,Blend_Over,"Res_A := Byte (Real'Min (255.0, Real'Max (0.0, Real'Rounding (Out_A * 255.0))));",xiaolin_wu.adb:62 tests.adb:79 tests.adb:80,unknown,
geometry/Ada/Xiaolin-Wus-Line-Algorithm,xiaolin_wu.adb:235,min_max_clip,Emit_Pixel,"Intensity (Real'Min (1.0, W)));",xiaolin_wu.adb:247 xiaolin_wu.adb:280 xiaolin_wu.adb:281 xiaolin_wu.adb:283 xiaolin_wu.adb:284 xiaolin_wu.adb:296 xiaolin_wu.adb:297 xiaolin_wu.adb:299 xiaolin_wu.adb:300 xiaolin_wu.adb:306 xiaolin_wu.adb:310 xiaolin_wu.adb:315 ...,unknown,
graphs/Ada/Bellman-Ford-Algorithm,bellman_ford_algorithm.adb:105,attr_return,Safe_Add,return Distance_Value'First;,bellman_ford_algorithm.adb:144 bellman_ford_algorithm.adb:167 bellman_ford_algorithm.adb:257,unknown,
graphs/Ada/Cliques,cliques.adb:37,attr_return,All_Bits,return Bit_Word'Last;,cliques.adb:160 cliques.adb:263 cliques.adb:452,unknown,
graphs/Ada/Elliptic-Curve-Cryptography,elliptic_curve_cryptography.adb:57,guarded_increment,Modular_Inverse,if T < 0 then T := T + Long_Long_Integer (M); end if; ,tests.adb:49 tests.adb:50 tests.adb:51 tests.adb:59 tests.adb:69 tests.adb:79 elliptic_curve_cryptography.adb:115 elliptic_curve_cryptography.adb:157,unknown,
graphs/Ada/Floyd-Warshall-Algorithm,floyd_warshall_algorithm.adb:137,attr_return,Safe_Add,return Distance_Value'First;,floyd_warshall_algorithm.adb:285,unknown,
graphs/Ada/MaxCliqueDyn,maxcliquedyn.adb:37,attr_return,All_Bits,return Bit_Word'Last;,maxcliquedyn.adb:323,unknown,
graphs/Ada/Shortest-Path-Problem,shortest_path_problem.adb:133,attr_return,Safe_Add,return Distance_Value'First;,shortest_path_problem.adb:294 shortest_path_problem.adb:355 shortest_path_problem.adb:377,unknown,
graphs/Ada/Shortest-Path-Problem,shortest_path_problem.adb:149,attr_return,Safe_Add_Dist,return Distance_Value'First;,shortest_path_problem.adb:495 shortest_path_problem.adb:536,unknown,
graphs/SPARK2/Ada-SPARK-Kruskal-MST-Lite,kruskal_mst_lite.adb:9,guarded_increment,Forest_Cost,if Total <= Forest_Sum'Last - Edges (I).Cost then Total := Total + Edges (I).Cost; end if; end loop;,tests.adb:8,unknown,
graphs/SPARK2/Ada-SPARK-Kruskals-Algorithm,kruskals_algorithm.adb:30,guarded_increment,Compute,if Total <= Natural'Last - Sorted (I).Weight then Total := Total + Sorted (I).Weight; end if; end if;,tests.adb:11,unknown,
hashing/Ada/Bloom-Filter,bloom_filter.adb:272,const_return,Ceil_To_Positive,return 1;,bloom_filter.adb:303,unknown,
hashing/Ada/Bloom-Filter,bloom_filter.adb:286,const_return,Round_To_Positive,return 1;,bloom_filter.adb:313 bloom_filter.adb:323,unknown,
hashing/Ada/Bloom-Filter,bloom_filter.adb:342,const_return,Theoretical_FPR,return 0.0;,bloom_filter.adb:478 tests.adb:264 tests.adb:266 tests.adb:268 tests.adb:402,unknown,
hashing/Ada/Bloom-Filter,bloom_filter.adb:345,const_return,Theoretical_FPR,return 1.0;,bloom_filter.adb:478 tests.adb:264 tests.adb:266 tests.adb:268 tests.adb:402,unknown,
hashing/Ada/Bloom-Filter,bloom_filter.adb:355,const_return,Theoretical_FPR,return 1.0;,bloom_filter.adb:478 tests.adb:264 tests.adb:266 tests.adb:268 tests.adb:402,unknown,
hashing/Ada/Bloom-Filter,bloom_filter.adb:502,const_return,Estimated_Cardinality,return 0.0;,tests.adb:73 tests.adb:311 tests.adb:313,unknown,
hashing/Ada/Geohash,geohash.adb:28,saturating,Clamp_Lon_Bound,function Clamp_Lon_Bound (X : Real) return Longitude is,geohash.adb:206 geohash.adb:207 geohash.adb:219,unknown,
hashing/Ada/Geohash,geohash.adb:31,const_return,Clamp_Lon_Bound,return -180.0;,geohash.adb:206 geohash.adb:207 geohash.adb:219,unknown,
hashing/Ada/Geohash,geohash.adb:33,const_return,Clamp_Lon_Bound,return 180.0;,geohash.adb:206 geohash.adb:207 geohash.adb:219,unknown,
hashing/Ada/Geohash,geohash.adb:48,saturating,Clamp_Latitude,function Clamp_Latitude (Lat : Real) return Latitude is,geohash.adb:114 geohash.adb:204 geohash.adb:205 geohash.adb:218 geohash.adb:228 geohash.adb:271 tests.adb:297 tests.adb:298 tests.adb:299 own_checks.adb:193,unknown,
hashing/Ada/Geohash,geohash.adb:51,const_return,Clamp_Latitude,return -90.0;,geohash.adb:114 geohash.adb:204 geohash.adb:205 geohash.adb:218 geohash.adb:228 geohash.adb:271 tests.adb:297 tests.adb:298 tests.adb:299 own_checks.adb:193,unknown,
hashing/Ada/Geohash,geohash.adb:53,const_return,Clamp_Latitude,return 90.0;,geohash.adb:114 geohash.adb:204 geohash.adb:205 geohash.adb:218 geohash.adb:228 geohash.adb:271 tests.adb:297 tests.adb:298 tests.adb:299 own_checks.adb:193,unknown,
logic/Ada/Chaff,chaff.adb:971,saturating,Build_Two_Clause_Sat,procedure Build_Two_Clause_Sat (F : out Formula) is,tests.adb:106 tests.adb:175 tests.adb:190 tests.adb:267,unknown,
logic/Ada/Chaff,chaff.adb:1002,saturating,Build_Small_3SAT_Sat,procedure Build_Small_3SAT_Sat (F : out Formula) is,tests.adb:129 tests.adb:210 tests.adb:281 tests.adb:452,unknown,
logic/Ada/DPLL,dpll.adb:700,saturating,Build_Two_Clause_Sat,procedure Build_Two_Clause_Sat (F : out Formula),tests.adb:149 tests.adb:249 tests.adb:270 tests.adb:422 tests.adb:588,unknown,
logic/Ada/DPLL,dpll.adb:740,saturating,Build_Small_3SAT_Sat,procedure Build_Small_3SAT_Sat (F : out Formula),tests.adb:300,unknown,
logic/Ada/Davis-Putnam,davis_putnam.adb:778,saturating,Build_Two_Clause_Sat,procedure Build_Two_Clause_Sat (F : out Formula) is,tests.adb:145 tests.adb:217 tests.adb:245 tests.adb:414 tests.adb:556,unknown,
logic/Ada/Davis-Putnam,davis_putnam.adb:813,saturating,Build_Small_3SAT_Sat,procedure Build_Small_3SAT_Sat (F : out Formula) is,tests.adb:254,unknown,
logic/Ada/Davis-Putnam,davis_putnam.adb:851,saturating,Build_Pure_Only_Sat,procedure Build_Pure_Only_Sat (F : out Formula) is,tests.adb:185 tests.adb:251 tests.adb:468,unknown,
matrices/Ada/Eigenvalue-Algorithms,eigenvalue_algorithms.adb:1302,min_max_clip,Lanczos_Build,"M_Want := Natural'Min (N, 4);",tests.adb:348 tests.adb:373 tests.adb:541,unknown,
matrices/Ada/Eigenvalue-Algorithms,eigenvalue_algorithms.adb:1420,min_max_clip,Arnoldi_Build,"M_Want := Natural'Min (N, 4);",tests.adb:388 tests.adb:411 tests.adb:544,unknown,
matrices/Ada/Jacobi-Eigenvalue,jacobi_eigenvalue.adb:588,min_max_clip,Diagonalize,"Natural'Max (1, Params.Max_Sweeps * N * N) else 0);",jacobi_eigenvalue.adb:763 tests.adb:210 tests.adb:235 tests.adb:245 tests.adb:260 tests.adb:276 tests.adb:286 tests.adb:301 tests.adb:318 tests.adb:337 tests.adb:366 tests.adb:391 ...,unknown,
matrices/Ada/Quantum-Singular-Value-Transformation,quantum_singular_value_transformation.adb:108,const_return,Simulate_Quantum_Signal_Processing,return 1.0;,tests.adb:90,unknown,
matrices/Ada/Quantum-Singular-Value-Transformation,quantum_singular_value_transformation.adb:110,const_return,Simulate_Quantum_Signal_Processing,return -1.0;,tests.adb:90,unknown,
matrices/Ada/SMAWK,smawk.adb:208,guarded_increment,Reduce,if Top < N_Rows then Top := Top + 1; Stack (Top) := C; end if;,smawk.adb:256,unknown,
matrices/Ada/Schonhage-Strassen,schonhage_strassen.adb:265,guarded_increment,Sub,if Acc < 0 then Acc := Acc + Base; Borrow := 1; else,tests.adb:142 tests.adb:145 tests.adb:286,unknown,
misc/Ada/A-Law-Algorithm,a_law.adb:21,saturating,Clamp_Float,function Clamp_Float (X : Float) return Float is,a_law.adb:64 a_law.adb:82,unknown,
misc/Ada/A-Law-Algorithm,a_law.adb:24,const_return,Clamp_Float,return 1.0;,a_law.adb:64 a_law.adb:82,unknown,
misc/Ada/A-Law-Algorithm,a_law.adb:26,const_return,Clamp_Float,return -1.0;,a_law.adb:64 a_law.adb:82,unknown,
misc/Ada/A-Law-Algorithm,a_law.adb:106,const_return,Encode_Discrete,Val := 4095;,tests.adb:61 tests.adb:65 tests.adb:69 tests.adb:73 tests.adb:91 tests.adb:100,unknown,
misc/Ada/A-Law-Algorithm,a_law.adb:120,const_return,Encode_Discrete,Exponent := 7;,tests.adb:61 tests.adb:65 tests.adb:69 tests.adb:73 tests.adb:91 tests.adb:100,unknown,
misc/Ada/Addition-Chain-Exponentiation,addition_chain_exponentiation.adb:56,guarded_increment,Mod_Nonneg,if R < 0 then R := R + M; end if; return R;,tests.adb:306 addition_chain_exponentiation.adb:64 addition_chain_exponentiation.adb:309 addition_chain_exponentiation.adb:410,unknown,
misc/Ada/Algorithms-For-Calculating-Variance,algorithms_for_calculating_variance.adb:74,const_return,Update,S.M2 := 0.0;,algorithms_for_calculating_variance.adb:84 tests.adb:196 tests.adb:200 tests.adb:201,unknown,
misc/Ada/Algorithms-For-Calculating-Variance,algorithms_for_calculating_variance.adb:113,const_return,Merge,Result.M2 := 0.0;,tests.adb:162 tests.adb:164 tests.adb:180 tests.adb:182 tests.adb:184,unknown,
misc/Ada/Algorithms-For-Calculating-Variance,algorithms_for_calculating_variance.adb:182,const_return,Naive_Sample_Variance,return 0.0;,tests.adb:67 tests.adb:295 tests.adb:343 tests.adb:553,unknown,
misc/Ada/Algorithms-For-Calculating-Variance,algorithms_for_calculating_variance.adb:199,const_return,Naive_Population_Variance,return 0.0;,tests.adb:69 tests.adb:555,unknown,
misc/Ada/Algorithms-For-Calculating-Variance,algorithms_for_calculating_variance.adb:234,const_return,Shifted_Sample_Variance,return 0.0;,tests.adb:71 tests.adb:73 tests.adb:133 tests.adb:308 tests.adb:342,unknown,
misc/Ada/Algorithms-For-Calculating-Variance,algorithms_for_calculating_variance.adb:250,const_return,Shifted_Population_Variance,return 0.0;,tests.adb:143 tests.adb:535,unknown,
misc/Ada/Algorithms-For-Calculating-Variance,algorithms_for_calculating_variance.adb:331,const_return,Update_Weighted,S.S := 0.0;,algorithms_for_calculating_variance.adb:384,unknown,
misc/Ada/Alpha-Max-Plus-Beta-Min,alpha_max_plus_beta_min.adb:77,saturating,Approx_Clamped,function Approx_Clamped,alpha_max_plus_beta_min.adb:148 tests.adb:324 tests.adb:389,unknown,
misc/Ada/Alpha-Max-Plus-Beta-Min,alpha_max_plus_beta_min.adb:146,saturating,Approx_Optimal_Clamped,"function Approx_Optimal_Clamped (A, B : Long_Float) return Long_Float is",tests.adb:181 tests.adb:298 tests.adb:299 tests.adb:325 tests.adb:374 tests.adb:385 tests.adb:472,unknown,
misc/Ada/Ant-Colony-Optimization,ant_colony_optimization.adb:270,const_return,EAt,return 0.0;,ant_colony_optimization.adb:261 ant_colony_optimization.adb:378 ant_colony_optimization.adb:390,unknown,
misc/Ada/Approximate-Counting,approximate_counting.adb:66,const_return,Increment_Probability,return 1.0;,approximate_counting.adb:131 tests.adb:69 tests.adb:70 tests.adb:71 tests.adb:72 tests.adb:73 tests.adb:74 tests.adb:78 tests.adb:369,unknown,
misc/Ada/Approximate-Counting,approximate_counting.adb:68,const_return,Increment_Probability,return 0.0;,approximate_counting.adb:131 tests.adb:69 tests.adb:70 tests.adb:71 tests.adb:72 tests.adb:73 tests.adb:74 tests.adb:78 tests.adb:369,unknown,
misc/Ada/Automatic-Train-Operation,automatic_train_operation.adb:17,const_return,Calculate_ATP_Safe_Speed,return 0.0;,automatic_train_operation.adb:75 automatic_train_operation.ads:28 tests.adb:32 tests.adb:34 tests.adb:36 tests.adb:40 tests.adb:41 tests.adb:42 tests.adb:151,unknown,
misc/Ada/Automatic-Train-Operation,automatic_train_operation.adb:27,attr_return,Calculate_ATP_Safe_Speed,Calc_Speed := Speed_Mps'Last;,automatic_train_operation.adb:75 automatic_train_operation.ads:28 tests.adb:32 tests.adb:34 tests.adb:36 tests.adb:40 tests.adb:41 tests.adb:42 tests.adb:151,unknown,
misc/Ada/BHT-Algorithm,bht_algorithm.adb:56,const_return,Compute_K,return 1;,bht_algorithm.adb:145 bht_algorithm.adb:168,unknown,
misc/Ada/BLAST,blast.adb:552,attr_return,Smith_Waterman_Local,Result.Q_Start := Query'First;,tests.adb:379 tests.adb:388 tests.adb:396 tests.adb:405 tests.adb:411 tests.adb:425 tests.adb:506 tests.adb:596 tests.adb:608,unknown,
misc/Ada/Baby-Step-Giant-Step,baby_step_giant_step.adb:110,guarded_increment,Modular_Inverse,if Inv < 0 then Inv := Inv + MM; end if; return U64 (Inv);,baby_step_giant_step.adb:263 tests.adb:75 tests.adb:162 tests.adb:163 tests.adb:164 tests.adb:166 tests.adb:167 tests.adb:169 tests.adb:171,unknown,
misc/Ada/Baby-Step-Giant-Step,baby_step_giant_step.adb:130,const_return,Floor_Sqrt,Hi := 4_294_967_295;,baby_step_giant_step.adb:154 tests.adb:181 tests.adb:182 tests.adb:183 tests.adb:184 tests.adb:185 tests.adb:186 tests.adb:187 tests.adb:188 tests.adb:189 tests.adb:190 tests.adb:191 ...,unknown,
misc/Ada/Baum-Welch,baum_welch.adb:89,attr_return,Exp,return Real'Last;,baum_welch.adb:91 baum_welch.adb:311 tests.adb:114 tests.adb:115 tests.adb:116,unknown,
misc/Ada/Baum-Welch,baum_welch.adb:307,attr_return,E_Step,Lik := Real'Last;,baum_welch.adb:385 baum_welch.adb:395 baum_welch.adb:489 tests.adb:218 tests.adb:683,unknown,
misc/Ada/Baum-Welch,baum_welch.adb:423,const_return,M_Step_From_Stats,Pi_Num (I) := 0.0;,baum_welch.adb:535 baum_welch.adb:713,unknown,
misc/Ada/Baum-Welch,baum_welch.adb:436,const_return,M_Step_From_Stats,Sum := 0.0;,baum_welch.adb:535 baum_welch.adb:713,unknown,
misc/Ada/Baum-Welch,baum_welch.adb:458,const_return,M_Step_From_Stats,Sum := 0.0;,baum_welch.adb:535 baum_welch.adb:713,unknown,
misc/Ada/Bayesian-Statistics,bayesian_statistics.adb:50,saturating,Clamp_Unit,function Clamp_Unit (X : Real) return Unit_Interval is,bayesian_statistics.adb:261 bayesian_statistics.adb:265 bayesian_statistics.adb:268 bayesian_statistics.adb:294 bayesian_statistics.adb:306 bayesian_statistics.adb:325 bayesian_statistics.adb:350 bayesian_statistics.adb:357 bayesian_statistics.adb:440,unknown,
misc/Ada/Bayesian-Statistics,bayesian_statistics.adb:53,const_return,Clamp_Unit,return 0.0;,bayesian_statistics.adb:261 bayesian_statistics.adb:265 bayesian_statistics.adb:268 bayesian_statistics.adb:294 bayesian_statistics.adb:306 bayesian_statistics.adb:325 bayesian_statistics.adb:350 bayesian_statistics.adb:357 bayesian_statistics.adb:440,unknown,
misc/Ada/Bayesian-Statistics,bayesian_statistics.adb:55,const_return,Clamp_Unit,return 1.0;,bayesian_statistics.adb:261 bayesian_statistics.adb:265 bayesian_statistics.adb:268 bayesian_statistics.adb:294 bayesian_statistics.adb:306 bayesian_statistics.adb:325 bayesian_statistics.adb:350 bayesian_statistics.adb:357 bayesian_statistics.adb:440,unknown,
misc/Ada/Bayesian-Statistics,bayesian_statistics.adb:247,const_return,Regularized_Incomplete_Beta,return 0.0;,bayesian_statistics.adb:431 tests.adb:231 tests.adb:241 tests.adb:244 tests.adb:254 tests.adb:257,unknown,
misc/Ada/Bayesian-Statistics,bayesian_statistics.adb:250,const_return,Regularized_Incomplete_Beta,return 1.0;,bayesian_statistics.adb:431 tests.adb:231 tests.adb:241 tests.adb:244 tests.adb:254 tests.adb:257,unknown,
misc/Ada/Bayesian-Statistics,bayesian_statistics.adb:362,const_return,Beta_Mode,return 1.0;,tests.adb:202 tests.adb:204 tests.adb:205 tests.adb:219 tests.adb:220 tests.adb:455,unknown,
misc/Ada/Bayesian-Statistics,bayesian_statistics.adb:422,const_return,Beta_Quantile,return 0.0;,bayesian_statistics.adb:456 bayesian_statistics.adb:457 tests.adb:232 tests.adb:233 tests.adb:234 tests.adb:259,unknown,
misc/Ada/Bayesian-Statistics,bayesian_statistics.adb:425,const_return,Beta_Quantile,return 1.0;,bayesian_statistics.adb:456 bayesian_statistics.adb:457 tests.adb:232 tests.adb:233 tests.adb:234 tests.adb:259,unknown,
misc/Ada/Beam-Tracing,beam_tracing.adb:18,const_return,Sqrt_Safe,return 0.0;,beam_tracing.adb:220 beam_tracing.adb:234,unknown,
misc/Ada/Beam-Tracing,beam_tracing.adb:49,attr_return,Ray_Plane_T,return Real'First;,beam_tracing.adb:89 beam_tracing.adb:494 beam_tracing.adb:520,unknown,
misc/Ada/Beam-Tracing,beam_tracing.adb:127,saturating,Clip_Polygon_SH,function Clip_Polygon_SH,beam_tracing.adb:384,unknown,
misc/Ada/Beam-Tracing,beam_tracing.adb:274,saturating,Clamp,"function Clamp (X, Lo, Hi : Real) return Real is",beam_tracing.ads:127 beam_tracing.adb:549 beam_tracing.adb:567 beam_tracing.adb:703 tests.adb:61 tests.adb:62,unknown,
misc/Ada/Bees-Algorithm,bees_algorithm.adb:19,saturating,Clamp,"function Clamp (X, Lo, Hi : Real) return Real is",bees_algorithm.adb:245 bees_algorithm.adb:246 bees_algorithm.adb:249 tests.adb:73 tests.adb:74 tests.adb:75 tests.adb:76 tests.adb:77 tests.adb:552,unknown,
misc/Ada/Bensons-Algorithm,bensons_algorithm.adb:644,const_return,Dichotomy,Lam := 0.0;,bensons_algorithm.adb:682 bensons_algorithm.adb:683 bensons_algorithm.adb:753,unknown,
misc/Ada/Bensons-Algorithm,bensons_algorithm.adb:646,const_return,Dichotomy,Lam := 1.0;,bensons_algorithm.adb:682 bensons_algorithm.adb:683 bensons_algorithm.adb:753,unknown,
misc/Ada/Bentley-Ottmann,bentley_ottmann.adb:554,guarded_increment,Run_Sweep,"if N_Inv < 2 then N_Inv := 0; if Status_Index_Of (Status, E.Seg_A) /= 0 then N_Inv := N_Inv + 1;",bentley_ottmann.adb:648 bentley_ottmann.adb:666,unknown,
misc/Ada/Best-Bin-First,best_bin_first.adb:489,guarded_increment,Insert_Neighbor,if Count < K then Count := Count + 1; Pos := Natural (Count); else,best_bin_first.adb:633,unknown,
misc/Ada/Bitap-Algorithm,bitap_algorithm.adb:104,attr_return,Recover_Start,Lo := Text'First;,bitap_algorithm.adb:219,unknown,
misc/Ada/Black-Scholes-Model,black_scholes.adb:69,min_max_clip,Call_Price,"return Money (Long_Float'Max (0.0, Res));",black_scholes.ads:31 tests.adb:34 tests.adb:162 tests.adb:163,unknown,
misc/Ada/Black-Scholes-Model,black_scholes.adb:87,min_max_clip,Put_Price,"return Money (Long_Float'Max (0.0, Res));",black_scholes.ads:43 tests.adb:39 tests.adb:164,unknown,
misc/Ada/Block-Nested-Loop,block_nested_loop.adb:69,attr_return,Block_Nested_Loop_Join,Block_End := R'Last;,tests.adb:46 tests.adb:54 tests.adb:61 tests.adb:68 tests.adb:75 tests.adb:82 tests.adb:89 tests.adb:96 tests.adb:105 tests.adb:112 tests.adb:119 tests.adb:127 ...,unknown,
misc/Ada/Block-Truncation-Coding,block_truncation_coding.adb:38,saturating,Clamp_Pixel,function Clamp_Pixel (Value : Float) return Pixel_Value is,block_truncation_coding.adb:79 block_truncation_coding.adb:80 block_truncation_coding.adb:93 block_truncation_coding.adb:94 block_truncation_coding.adb:115 block_truncation_coding.adb:116,unknown,
misc/Ada/Booth-Multiplication,booth_multiplication.adb:168,guarded_increment,Mask,if R < 0 then R := R + Modulus; end if; return R;,booth_multiplication.adb:175 booth_multiplication.adb:178 booth_multiplication.adb:202 booth_multiplication.adb:203 booth_multiplication.adb:204 booth_multiplication.adb:210 booth_multiplication.adb:212,unknown,
misc/Ada/Bootstrap-Aggregating,bootstrap_aggregating.adb:37,const_return,Generate_Bootstrap_Sample,Val := 1.0;,bootstrap_aggregating.adb:72 bootstrap_aggregating.adb:156 tests.adb:80 tests.adb:81 tests.adb:82 tests.adb:92,unknown,
misc/Ada/Boson-Sampling,boson_sampling.adb:243,const_return,Sqrt_Approx,return 0.0;,boson_sampling.adb:227,unknown,
misc/Ada/Bowyer-Watson,bowyer_watson.adb:202,const_return,Build_Super_Triangle,Span := 1.0;,bowyer_watson.adb:432,unknown,
misc/Ada/Bowyer-Watson,bowyer_watson.adb:262,min_max_clip,In_Circle_Ext,"Scale  : constant Real := Real'Max (1.0, Dist2 (U, W));",bowyer_watson.adb:311,unknown,
misc/Ada/Bron-Kerbosch,bron_kerbosch.adb:37,attr_return,All_Bits,return Bit_Word'Last;,bron_kerbosch.adb:161 bron_kerbosch.adb:267,unknown,
misc/Ada/C4.5-Algorithm,c45_algorithm.adb:19,const_return,Log2,return 0.0;,c45_algorithm.adb:39,unknown,
misc/Ada/Chans-Algorithm,chans_algorithm.adb:49,const_return,Dist,return 0.0;,tests.adb:188,unknown,
misc/Ada/Chans-Algorithm,chans_algorithm.adb:450,const_return,Tangent_On_Hull,Mid := 1;,chans_algorithm.adb:614,unknown,
misc/Ada/Chans-Algorithm,chans_algorithm.adb:482,min_max_clip,Tangent_On_Hull,"Best_I := Positive'Max (1, Positive'Min (N, Lo));",chans_algorithm.adb:614,unknown,
misc/Ada/Cheneys-Algorithm,three_dc.adb:134,const_return,Reconstruct_Z,Output_Z(I) := 0.0;,tests.adb:68 tests.adb:76 tests.adb:84 tests.adb:115,unknown,
misc/Ada/Chews-Second-Algorithm,chews_second_algorithm.adb:41,const_return,Dist,return 0.0;,chews_second_algorithm.adb:110 chews_second_algorithm.adb:111 chews_second_algorithm.adb:159 chews_second_algorithm.adb:160 chews_second_algorithm.adb:161 tests.adb:81 tests.adb:504,unknown,
misc/Ada/Chews-Second-Algorithm,chews_second_algorithm.adb:120,const_return,Angle_Degrees_At,Cos_Val := 1.0;,chews_second_algorithm.adb:135 chews_second_algorithm.adb:137 chews_second_algorithm.adb:139 tests.adb:138 tests.adb:140 tests.adb:142,unknown,
misc/Ada/Chews-Second-Algorithm,chews_second_algorithm.adb:122,const_return,Angle_Degrees_At,Cos_Val := -1.0;,chews_second_algorithm.adb:135 chews_second_algorithm.adb:137 chews_second_algorithm.adb:139 tests.adb:138 tests.adb:140 tests.adb:142,unknown,
misc/Ada/Chews-Second-Algorithm,chews_second_algorithm.adb:126,const_return,Angle_Degrees_At,return 0.0;,chews_second_algorithm.adb:135 chews_second_algorithm.adb:137 chews_second_algorithm.adb:139 tests.adb:138 tests.adb:140 tests.adb:142,unknown,
misc/Ada/Chews-Second-Algorithm,chews_second_algorithm.adb:128,const_return,Angle_Degrees_At,return 180.0;,chews_second_algorithm.adb:135 chews_second_algorithm.adb:137 chews_second_algorithm.adb:139 tests.adb:138 tests.adb:140 tests.adb:142,unknown,
misc/Ada/Chews-Second-Algorithm,chews_second_algorithm.adb:333,const_return,Build_Super_Triangle,Span := 1.0;,chews_second_algorithm.adb:479,unknown,
misc/Ada/Chews-Second-Algorithm,chews_second_algorithm.adb:898,const_return,Refine,Sp := 1.0;,tests.adb:58 tests.adb:314 tests.adb:334 tests.adb:356 tests.adb:386 tests.adb:404 tests.adb:421 tests.adb:443 tests.adb:463 tests.adb:481 tests.adb:536 tests.adb:550,unknown,
misc/Ada/Communications-Based-Train-Control,cbtc.adb:18,const_return,Braking_Distance,Res := 0.0;,cbtc.adb:69 cbtc.adb:90 tests.adb:34 tests.adb:35 tests.adb:36 tests.adb:40 tests.adb:41 tests.adb:42 tests.adb:46 tests.adb:47 tests.adb:48 cbtc.ads:20,unknown,
misc/Ada/Computer-Vision,computer_vision.adb:7,saturating,Clamp,function Clamp (Value : Float) return Pixel_Value is,computer_vision.adb:44 computer_vision.adb:64 computer_vision.adb:88 computer_vision.adb:134,unknown,
misc/Ada/Computus,computus.adb:20,guarded_increment,Mod_Nonneg,if R < 0 then R := R + M; end if; return R;,computus.adb:40 computus.adb:44 computus.adb:67 computus.adb:68 computus.adb:224,unknown,
misc/Ada/Cone-Algorithm,cone_algorithm.adb:74,const_return,Dist,return 0.0;,tests.adb:255,unknown,
misc/Ada/Cone-Algorithm,cone_algorithm.adb:101,const_return,Norm,return 0.0;,cone_algorithm.adb:107 cone_algorithm.adb:428 tests.adb:260 tests.adb:262,unknown,
misc/Ada/Cone-Tracing,cone_tracing.adb:19,const_return,Sqrt_Safe,return 0.0;,cone_tracing.adb:44 cone_tracing.adb:238 cone_tracing.adb:242,unknown,
misc/Ada/Cone-Tracing,cone_tracing.adb:30,saturating,Acos_Clamped,function Acos_Clamped (X : Real) return Real is,cone_tracing.adb:185 cone_tracing.adb:227,unknown,
misc/Ada/Cone-Tracing,cone_tracing.adb:84,saturating,Clamp,"function Clamp (X, Lo, Hi : Real) return Real is",cone_tracing.adb:31 cone_tracing.adb:97 cone_tracing.adb:183 cone_tracing.adb:226 cone_tracing.adb:232 cone_tracing.adb:262 cone_tracing.adb:313 cone_tracing.adb:314 cone_tracing.adb:315 cone_tracing.adb:400 cone_tracing.ads:130 tests.adb:64 ...,unknown,
misc/Ada/Cone-Tracing,cone_tracing.adb:95,saturating,Clamp_Half_Angle,function Clamp_Half_Angle (A : Real) return Half_Angle_Rad is,cone_tracing.adb:132 cone_tracing.adb:192 cone_tracing.adb:376 cone_tracing.adb:383 cone_tracing.adb:435 cone_tracing.adb:501 tests.adb:67,unknown,
misc/Ada/Cone-Tracing,cone_tracing.adb:230,attr_return,Intersect_Cone_Sphere,Ang_Ext := Half_Angle_Rad'Last;,tests.adb:119 tests.adb:137,unknown,
misc/Ada/Cone-Tracing,cone_tracing.adb:374,attr_return,Soft_Shadow_Cone,Light_A := Half_Angle_Rad'Last;,tests.adb:186 tests.adb:189 tests.adb:192 tests.adb:335,unknown,
misc/Ada/Cone-Tracing,cone_tracing.adb:381,const_return,Soft_Shadow_Cone,Occ_A := 0.0;,tests.adb:186 tests.adb:189 tests.adb:192 tests.adb:335,unknown,
misc/Ada/Cone-Tracing,cone_tracing.adb:391,const_return,Soft_Shadow_Cone,Umbra := 0.0;,tests.adb:186 tests.adb:189 tests.adb:192 tests.adb:335,unknown,
misc/Ada/Contour-Lines,contour_lines.adb:21,const_return,Sqrt_Safe,return 0.0;,contour_lines.adb:205,unknown,
misc/Ada/Contour-Lines,contour_lines.adb:237,saturating,Clamp,"function Clamp (X, Lo, Hi : Real) return Real is",contour_lines.ads:127 tests.adb:327 tests.adb:328 contour_lines.adb:108 contour_lines.adb:391 contour_lines.adb:392 contour_lines.adb:786 contour_lines.adb:787,unknown,
misc/Ada/Contour-Lines,contour_lines.adb:714,const_return,Closest_Contour_Label,K := 0;,tests.adb:246 tests.adb:253 tests.adb:254,unknown,
misc/Ada/Correlated-Equilibrium,correlated_equilibrium.adb:580,const_return,Find_CE_Grid_2x2,S := 0.0;,tests.adb:103 tests.adb:382 tests.adb:383 tests.adb:384 tests.adb:672,unknown,
misc/Ada/Cross-Entropy-Method,cross_entropy_method.adb:23,saturating,Clamp,"function Clamp (X, Lo, Hi : Real) return Real is",tests.adb:57 tests.adb:58 tests.adb:59 tests.adb:60 tests.adb:61 tests.adb:92 cross_entropy_method.adb:436 cross_entropy_method.adb:468,unknown,
misc/Ada/Cross-Entropy-Method,cross_entropy_method.adb:44,const_return,Elite_Count,Ne := 1;,tests.adb:62 tests.adb:63 tests.adb:64 tests.adb:65 tests.adb:66 cross_entropy_method.ads:122 cross_entropy_method.ads:123 cross_entropy_method.adb:264,unknown,
misc/Ada/Cutting-Plane-Method,cutting_plane_method.adb:824,guarded_increment,Solve_Kelley,"if N_Stored < Max_Stored then N_Stored := N_Stored + 1; for J in 1 .. N loop Cut_G (N_Stored, J) := G (J);",tests.adb:354 tests.adb:388,unknown,
misc/Ada/Cyrus-Beck,cyrus_beck.adb:19,const_return,Sqrt_Safe,return 0.0;,cyrus_beck.adb:152 cyrus_beck.adb:158 cyrus_beck.adb:276,unknown,
misc/Ada/Cyrus-Beck,cyrus_beck.adb:25,saturating,Clamp,"function Clamp (V, Lo, Hi : Real) return Real is",cyrus_beck.adb:412 cyrus_beck.adb:413 cyrus_beck.adb:496 cyrus_beck.adb:498 cyrus_beck.adb:499 cyrus_beck.adb:500 cyrus_beck.adb:501 cyrus_beck.adb:502 cyrus_beck.adb:572 cyrus_beck.adb:574,unknown,
misc/Ada/DSA,dsa.adb:63,guarded_increment,Mod_Inverse,if T < 0 then T := T + Signed_64 (Modulus); end if; ,tests.adb:46 tests.adb:47 tests.adb:48 tests.adb:54 tests.adb:62 tests.adb:70 dsa.adb:112 dsa.adb:179,unknown,
misc/Ada/Dantzig-Wolfe-Decomposition,dantzig_wolfe_decomposition.adb:783,const_return,Solve_Master,Dual_Raw := 0.0;,dantzig_wolfe_decomposition.adb:869 tests.adb:237 tests.adb:459,unknown,
misc/Ada/Dantzig-Wolfe-Decomposition,dantzig_wolfe_decomposition.adb:803,const_return,Solve_Master,Pi_U := 0.0;,dantzig_wolfe_decomposition.adb:869 tests.adb:237 tests.adb:459,unknown,
misc/Ada/Dantzig-Wolfe-Decomposition,dantzig_wolfe_decomposition.adb:815,const_return,Solve_Master,Pi_L := 0.0;,dantzig_wolfe_decomposition.adb:869 tests.adb:237 tests.adb:459,unknown,
misc/Ada/De-Boor,de_boor.adb:563,saturating,Make_Uniform_Clamped,function Make_Uniform_Clamped,de_boor.adb:651 de_boor.adb:668 de_boor.adb:706 de_boor.adb:787 de_boor.adb:804 tests.adb:107 tests.adb:109 tests.adb:110 tests.adb:142 tests.adb:218 tests.adb:345 tests.adb:387 ...,unknown,
misc/Ada/De-Boor,de_boor.adb:700,saturating,Make_Uniform_Clamped_2D,function Make_Uniform_Clamped_2D,de_boor.adb:744 de_boor.adb:756,unknown,
misc/Ada/Delayed-Column-Generation,delayed_column_generation.adb:47,attr_return,Pattern_Width,return Natural'Last;,delayed_column_generation.adb:749 tests.adb:91 tests.adb:93 tests.adb:386 tests.adb:618,unknown,
misc/Ada/Delayed-Column-Generation,delayed_column_generation.adb:51,attr_return,Pattern_Width,return Natural'Last;,delayed_column_generation.adb:749 tests.adb:91 tests.adb:93 tests.adb:386 tests.adb:618,unknown,
misc/Ada/Delayed-Column-Generation,delayed_column_generation.adb:657,const_return,Solve_RMP,Dual_Raw := 0.0;,delayed_column_generation.adb:718 tests.adb:209 tests.adb:233 tests.adb:301 tests.adb:421 tests.adb:425 tests.adb:472,unknown,
misc/Ada/Demon-Method,demon_method.adb:43,const_return,Next_Index,K := 1;,demon_method.adb:217 demon_method.adb:218 tests.adb:96 tests.adb:617 tests.adb:618,unknown,
misc/Ada/Demon-Method,demon_method.adb:118,guarded_increment,Wrap,if R < 1 then R := R + Integer (L); end if; return Coord (R);,demon_method.adb:126 demon_method.adb:127 demon_method.adb:128 demon_method.adb:129 demon_method.adb:265 demon_method.adb:266 tests.adb:53 tests.adb:54 tests.adb:55 tests.adb:56 tests.adb:57 tests.adb:58 ...,unknown,
misc/Ada/Demon-Method,demon_method.adb:178,const_return,New_Demon_Energy,return 0.0;,demon_method.adb:195 tests.adb:236 tests.adb:237 tests.adb:238 tests.adb:239 tests.adb:240,unknown,
misc/Ada/Demon-Method,demon_method.adb:304,const_return,Ising_Demon_Temperature_Estimator,return 0.0;,tests.adb:476 tests.adb:477 tests.adb:479 tests.adb:484,unknown,
misc/Ada/Dice-Coefficient,dice_coefficient.adb:92,min_max_clip,Unique_Bigram_Count,"Buf : Bigram_Array (1 .. Natural'Max (1, Occ));",tests.adb:70 tests.adb:139 tests.adb:140 tests.adb:514 tests.adb:515 own_checks.adb:85 own_checks.adb:86,unknown,
misc/Ada/Dice-Coefficient,dice_coefficient.adb:105,min_max_clip,Shared_Bigrams,"Buf_A : Bigram_Array (1 .. Natural'Max (1, Occ_A));",tests.adb:81 tests.adb:141 tests.adb:513 own_checks.adb:99 own_checks.adb:100,unknown,
misc/Ada/Dice-Coefficient,dice_coefficient.adb:106,min_max_clip,Shared_Bigrams,"Buf_B : Bigram_Array (1 .. Natural'Max (1, Occ_B));",tests.adb:81 tests.adb:141 tests.adb:513 own_checks.adb:99 own_checks.adb:100,unknown,
misc/Ada/Dice-Coefficient,dice_coefficient.adb:118,min_max_clip,Coefficient,"Buf_A : Bigram_Array (1 .. Natural'Max (1, A'Length));",tests.adb:92 own_checks.adb:102 own_checks.adb:103,unknown,
misc/Ada/Dice-Coefficient,dice_coefficient.adb:119,min_max_clip,Coefficient,"Buf_B : Bigram_Array (1 .. Natural'Max (1, B'Length));",tests.adb:92 own_checks.adb:102 own_checks.adb:103,unknown,
misc/Ada/Dice-Coefficient,dice_coefficient.adb:140,const_return,Coefficient,return 0.0;,tests.adb:92 own_checks.adb:102 own_checks.adb:103,unknown,
misc/Ada/Difference-Map,difference_map.adb:16,const_return,Sqrt_Real,return 0.0;,difference_map.adb:78,unknown,
misc/Ada/Difference-Map,difference_map.adb:217,const_return,Project_Orthant,R (I) := 0.0;,difference_map.ads:163 difference_map.adb:264 tests.adb:182 tests.adb:184 tests.adb:186 tests.adb:538 tests.adb:539,unknown,
misc/Ada/Differential-Evolution,differential_evolution.adb:23,saturating,Clamp,"function Clamp (X, Lo, Hi : Real) return Real is",tests.adb:74 tests.adb:75 tests.adb:76 tests.adb:77 tests.adb:78 tests.adb:117 differential_evolution.adb:47 differential_evolution.adb:267,unknown,
misc/Ada/Differential-Evolution,differential_evolution.adb:37,saturating,Clamp_Vector,function Clamp_Vector,tests.adb:107 tests.adb:111 tests.adb:129,unknown,
misc/Ada/Discrete-Logarithm,discrete_logarithm.adb:123,guarded_increment,Modular_Inverse,if Inv < 0 then Inv := Inv + MM; end if; return U64 (Inv);,discrete_logarithm.adb:372 discrete_logarithm.adb:460 discrete_logarithm.adb:507 tests.adb:76 tests.adb:234 tests.adb:235 tests.adb:236 tests.adb:238 tests.adb:239 tests.adb:241,unknown,
misc/Ada/Discrete-Logarithm,discrete_logarithm.adb:141,const_return,Floor_Sqrt,Hi := 4_294_967_295;,discrete_logarithm.adb:165 tests.adb:251 tests.adb:252 tests.adb:253 tests.adb:254 tests.adb:255 tests.adb:256 tests.adb:257 tests.adb:258 tests.adb:259 tests.adb:260 tests.adb:261 ...,unknown,
misc/Ada/Division-Algorithms,division_algorithms.adb:245,guarded_increment,Sub,if Diff < 0 then Diff := Diff + Base; Borrow := 1; else,division_algorithms.adb:364,unknown,
misc/Ada/Division-Algorithms,division_algorithms.adb:317,const_return,Quotient_Digit,return 0;,division_algorithms.adb:357,unknown,
misc/Ada/Division-Algorithms,division_algorithms.adb:528,guarded_increment,Divide_Non_Restoring_Unsigned,if R < 0 then R := R + Dd; Qacc := Qacc - 1; end if;,division_algorithms.adb:564 tests.adb:195 own_checks.adb:59,unknown,
misc/Ada/Doomsday,doomsday.adb:16,guarded_increment,Mod7,if R < 0 then R := R + 7; end if; return Weekday (R);,doomsday.adb:84 doomsday.adb:155 doomsday.adb:195,unknown,
misc/Ada/Dynamic-Time-Warping,dynamic_time_warping.adb:184,const_return,Cell,J_Lo := 2;,dynamic_time_warping.adb:193,unknown,
misc/Ada/EIGamal,elgamal_encryption.adb:61,guarded_increment,Mod_Inverse,if T < 0 then T := T + Modulus_Value; end if; ,elgamal_encryption.adb:100 tests.adb:44 tests.adb:45 tests.adb:46 tests.adb:151 elgamal_encryption.ads:42,unknown,
misc/Ada/EIGamal,elgamal_encryption.adb:142,guarded_increment,Mod_Inv_Sub,if T_Sub < 0 then T_Sub := T_Sub + Integer (Mod_Val); end if; return Plaintext_T (T_Sub);,elgamal_encryption.adb:157,unknown,
misc/Ada/Ellipsoid-Method,ellipsoid_method.adb:171,min_max_clip,Norm2,"return EF.Sqrt (Real'Max (0.0, Dot (V, V)));",ellipsoid_method.adb:175 ellipsoid_method.adb:463 tests.adb:70 tests.adb:71,unknown,
misc/Ada/Ellipsoid-Method,ellipsoid_method.adb:515,const_return,Cut_From_Halfspace,Alpha := 0.0;,ellipsoid_method.adb:718 tests.adb:228,unknown,
misc/Ada/Error-Diffusion,error_diffusion.adb:7,saturating,Clamp,function Clamp (Value : Float) return Color_Value is,error_diffusion.adb:117,unknown,
misc/Ada/Error-Diffusion,error_diffusion.adb:10,const_return,Clamp,return 255.0;,error_diffusion.adb:117,unknown,
misc/Ada/Error-Diffusion,error_diffusion.adb:12,const_return,Clamp,return 0.0;,error_diffusion.adb:117,unknown,
misc/Ada/Evolution-Strategy,evolution_strategy.adb:187,saturating,Clamp_Sigma,function Clamp_Sigma (S : Real) return Positive_Real is,evolution_strategy.adb:233 evolution_strategy.adb:252 evolution_strategy.adb:373 evolution_strategy.adb:376,unknown,
misc/Ada/Evolutionary-Computation,evolutionary_computation.adb:332,const_return,Selection_Pressure_Ratio,return 0.0;,tests.adb:202 tests.adb:207,unknown,
misc/Ada/Exact-Cover,exact_cover.adb:28,attr_return,Universe_Mask,return Bit_Set'Last;,tests.adb:99 tests.adb:100 tests.adb:101 tests.adb:102 tests.adb:125 tests.adb:379 exact_cover.adb:54 exact_cover.adb:186 exact_cover.adb:205 exact_cover.adb:233 exact_cover.adb:282,unknown,
misc/Ada/Exact-Cover,exact_cover.adb:50,saturating,Clip_To_Universe,function Clip_To_Universe,exact_cover.adb:81,unknown,
misc/Ada/Exponentiating-By-Squaring,exponentiating_by_squaring.adb:15,guarded_increment,Note_Mul,if Mul_Count < Natural'Last then Mul_Count := Mul_Count + 1; end if; end if;,exponentiating_by_squaring.adb:23 exponentiating_by_squaring.adb:29 exponentiating_by_squaring.adb:84 exponentiating_by_squaring.adb:278 exponentiating_by_squaring.adb:279 exponentiating_by_squaring.adb:280 exponentiating_by_squaring.adb:281,unknown,
misc/Ada/Exponentiating-By-Squaring,exponentiating_by_squaring.adb:74,guarded_increment,Mod_Nonneg,if R < 0 then R := R + M; end if; return R;,exponentiating_by_squaring.adb:81 exponentiating_by_squaring.adb:82 exponentiating_by_squaring.adb:85 exponentiating_by_squaring.adb:209 exponentiating_by_squaring.adb:212 tests.adb:78 tests.adb:79 tests.adb:80 tests.adb:81 tests.adb:184 tests.adb:237 tests.adb:415,unknown,
misc/Ada/Featherstone,featherstone.adb:271,const_return,Mag,return 0.0;,tests.adb:79 tests.adb:501,unknown,
misc/Ada/Filtered-Back-Projection,filtered_back_projection.adb:153,const_return,Correlation,R.Value := 0.0;,tests.adb:270 tests.adb:295 tests.adb:382 tests.adb:384 tests.adb:386 tests.adb:404 tests.adb:412,unknown,
misc/Ada/Fitness-Proportionate-Selection,fitness_proportionate_selection.adb:149,attr_return,Map_Pointer,return Cumul'First;,tests.adb:308 tests.adb:309 tests.adb:310 tests.adb:311 tests.adb:312 tests.adb:313 tests.adb:314 tests.adb:315 tests.adb:316 tests.adb:317 tests.adb:318 tests.adb:372 ...,unknown,
misc/Ada/Fletchers-Checksum,fletchers_checksum.adb:33,attr_return,Fletcher_16_Optimized,End_Idx := Data'Last;,tests.adb:48 tests.adb:52,unknown,
misc/Ada/Frank-Wolfe-Algorithm,frank_wolfe_algorithm.adb:53,guarded_increment,Dot,if J < B'Last then J := J + 1; end if; end loop;,tests.adb:96 tests.adb:256 tests.adb:619 frank_wolfe_algorithm.adb:149 frank_wolfe_algorithm.adb:504,unknown,
misc/Ada/Frank-Wolfe-Algorithm,frank_wolfe_algorithm.adb:66,guarded_increment,Add,if J < B'Last then J := J + 1; end if; end loop;,tests.adb:97,unknown,
misc/Ada/Frank-Wolfe-Algorithm,frank_wolfe_algorithm.adb:79,guarded_increment,Sub,if J < B'Last then J := J + 1; end if; end loop;,tests.adb:99 tests.adb:256 frank_wolfe_algorithm.adb:149 frank_wolfe_algorithm.adb:504 frank_wolfe_algorithm.adb:525,unknown,
misc/Ada/Frank-Wolfe-Algorithm,frank_wolfe_algorithm.adb:104,guarded_increment,Convex_Combination,if J < S'Last then J := J + 1; end if; end loop;,tests.adb:103 tests.adb:106 tests.adb:108 tests.adb:264 frank_wolfe_algorithm.adb:191 frank_wolfe_algorithm.adb:248 frank_wolfe_algorithm.adb:524,unknown,
misc/Ada/Frank-Wolfe-Algorithm,frank_wolfe_algorithm.adb:152,const_return,Duality_Gap,return 0.0;,tests.adb:198 tests.adb:200 tests.adb:618 frank_wolfe_algorithm.adb:163 frank_wolfe_algorithm.adb:496 frank_wolfe_algorithm.adb:542,unknown,
misc/Ada/Frank-Wolfe-Algorithm,frank_wolfe_algorithm.adb:226,const_return,Phi_Of,return 0.0;,frank_wolfe_algorithm.adb:203 frank_wolfe_algorithm.adb:204 frank_wolfe_algorithm.adb:212 frank_wolfe_algorithm.adb:218,unknown,
misc/Ada/Frank-Wolfe-Algorithm,frank_wolfe_algorithm.adb:228,const_return,Phi_Of,return 1.0;,frank_wolfe_algorithm.adb:203 frank_wolfe_algorithm.adb:204 frank_wolfe_algorithm.adb:212 frank_wolfe_algorithm.adb:218,unknown,
misc/Ada/Frank-Wolfe-Algorithm,frank_wolfe_algorithm.adb:292,guarded_increment,LMO_Box,if J < Lower'Last then J := J + 1; end if; if K < Upper'Last then,tests.adb:150 tests.adb:161 tests.adb:633 frank_wolfe_algorithm.adb:361,unknown,
misc/Ada/Frank-Wolfe-Algorithm,frank_wolfe_algorithm.adb:295,guarded_increment,LMO_Box,if K < Upper'Last then K := K + 1; end if; end loop;,tests.adb:150 tests.adb:161 tests.adb:633 frank_wolfe_algorithm.adb:361,unknown,
misc/Ada/Frank-Wolfe-Algorithm,frank_wolfe_algorithm.adb:347,guarded_increment,Set_Box_Bounds,if J < Lower'Last then J := J + 1; end if; if K < Upper'Last then,tests.adb:340 tests.adb:358 tests.adb:379 tests.adb:526,unknown,
misc/Ada/Frank-Wolfe-Algorithm,frank_wolfe_algorithm.adb:350,guarded_increment,Set_Box_Bounds,if K < Upper'Last then K := K + 1; end if; end loop;,tests.adb:340 tests.adb:358 tests.adb:379 tests.adb:526,unknown,
misc/Ada/Fuzzy-C-Means,fuzzy_c_means.adb:116,const_return,Real_Pow,return 0.0;,fuzzy_c_means.adb:219 fuzzy_c_means.adb:330 fuzzy_c_means.adb:384,unknown,
misc/Ada/Gauss-Seidel,gauss_seidel.adb:38,guarded_increment,Dot,if J < V'Last then J := J + 1; end if; end loop;,gauss_seidel.adb:47 tests.adb:56 tests.adb:61 tests.adb:64,unknown,
misc/Ada/Gauss-Seidel,gauss_seidel.adb:65,guarded_increment,Add,if J < V'Last then J := J + 1; end if; end loop;,tests.adb:59 tests.adb:66,unknown,
misc/Ada/Gauss-Seidel,gauss_seidel.adb:78,guarded_increment,Sub,if J < V'Last then J := J + 1; end if; end loop;,gauss_seidel.adb:176 tests.adb:60,unknown,
misc/Ada/Gauss-Seidel,gauss_seidel.adb:98,guarded_increment,Mat_Vec,if Col < A'Last (2) then Col := Col + 1; end if; end loop;,gauss_seidel.adb:176 gauss_seidel.adb:266 tests.adb:81 tests.adb:129,unknown,
misc/Ada/Gene-Expression-Programming,gene_expression_programming.adb:449,const_return,MSE,return 0.0;,gene_expression_programming.adb:466 gene_expression_programming.adb:574 gene_expression_programming.adb:631 tests.adb:195 tests.adb:206,unknown,
misc/Ada/Genetic-Algorithms,genetic_algorithms.adb:270,const_return,Fitness_Proportionate_Select,F := 0.0;,tests.adb:223 tests.adb:230 tests.adb:493 genetic_algorithms.adb:531 genetic_algorithms.adb:547,unknown,
misc/Ada/Genetic-Algorithms,genetic_algorithms.adb:283,const_return,Fitness_Proportionate_Select,F := 0.0;,tests.adb:223 tests.adb:230 tests.adb:493 genetic_algorithms.adb:531 genetic_algorithms.adb:547,unknown,
misc/Ada/Gibbs-Sampling,gibbs_sampling.adb:33,const_return,Sqrt_R,return 0.0;,gibbs_sampling.adb:69 gibbs_sampling.adb:97 gibbs_sampling.adb:206 gibbs_sampling.adb:290,unknown,
misc/Ada/Gibbs-Sampling,gibbs_sampling.adb:47,const_return,Power_R,return 0.0;,gibbs_sampling.adb:92,unknown,
misc/Ada/Gibbs-Sampling,gibbs_sampling.adb:90,guarded_increment,Gamma_One,"if A < 1.0 then  Boost := Power_R (Unit_Open (Gen), 1.0 / A); A := A + 1.0;",gibbs_sampling.adb:117 gibbs_sampling.adb:118,unknown,
misc/Ada/Gibbs-Sampling,gibbs_sampling.adb:198,const_return,Conditional_Variance,return 0.0;,gibbs_sampling.adb:206 tests.adb:136 tests.adb:138 tests.adb:140 tests.adb:153 tests.adb:423,unknown,
misc/Ada/Gilbert-Johnson-Keerthi,gilbert_johnson_keerthi.adb:61,const_return,Dist,return 0.0;,tests.adb:188,unknown,
misc/Ada/Gilbert-Johnson-Keerthi,gilbert_johnson_keerthi.adb:75,const_return,Norm,return 0.0;,tests.adb:191,unknown,
misc/Ada/Gilbert-Johnson-Keerthi,gilbert_johnson_keerthi.adb:161,attr_return,Accumulated_Cross,J := Poly'First;,gilbert_johnson_keerthi.adb:174 gilbert_johnson_keerthi.adb:226,unknown,
misc/Ada/Glauber-Dynamics,glauber_dynamics.adb:44,const_return,Next_Index,K := 1;,glauber_dynamics.adb:271 glauber_dynamics.adb:272 tests.adb:97 tests.adb:755 tests.adb:756,unknown,
misc/Ada/Glauber-Dynamics,glauber_dynamics.adb:60,saturating,Clamp01,function Clamp01 (X : Real) return Unit_Interval is,glauber_dynamics.adb:183 glauber_dynamics.adb:201 glauber_dynamics.adb:217 tests.adb:53 tests.adb:54 tests.adb:55,unknown,
misc/Ada/Glauber-Dynamics,glauber_dynamics.adb:63,const_return,Clamp01,return 0.0;,glauber_dynamics.adb:183 glauber_dynamics.adb:201 glauber_dynamics.adb:217 tests.adb:53 tests.adb:54 tests.adb:55,unknown,
misc/Ada/Glauber-Dynamics,glauber_dynamics.adb:65,const_return,Clamp01,return 1.0;,glauber_dynamics.adb:183 glauber_dynamics.adb:201 glauber_dynamics.adb:217 tests.adb:53 tests.adb:54 tests.adb:55,unknown,
misc/Ada/Glauber-Dynamics,glauber_dynamics.adb:126,guarded_increment,Wrap,if R < 1 then R := R + Integer (L); end if; return Coord (R);,glauber_dynamics.adb:134 glauber_dynamics.adb:135 glauber_dynamics.adb:136 glauber_dynamics.adb:137 glauber_dynamics.adb:367 glauber_dynamics.adb:368 tests.adb:56 tests.adb:57 tests.adb:58 tests.adb:59 tests.adb:60 tests.adb:61 ...,unknown,
misc/Ada/Glauber-Dynamics,glauber_dynamics.adb:390,const_return,Susceptibility_Estimator,return 0.0;,tests.adb:376 tests.adb:378 tests.adb:380 tests.adb:383,unknown,
misc/Ada/Global-Illumination,global_illumination.adb:19,const_return,Sqrt_Safe,return 0.0;,global_illumination.adb:34,unknown,
misc/Ada/Global-Illumination,global_illumination.adb:74,saturating,Clamp,"function Clamp (X, Lo, Hi : Real) return Real is",global_illumination.ads:183 global_illumination.adb:87 global_illumination.adb:187 tests.adb:387,unknown,
misc/Ada/Global-Illumination,global_illumination.adb:85,saturating,Clamp_Unit,function Clamp_Unit (X : Real) return Unit_Interval is,global_illumination.ads:187 global_illumination.ads:188 global_illumination.adb:251 global_illumination.adb:261 global_illumination.adb:286 global_illumination.adb:295 global_illumination.adb:328 tests.adb:76,unknown,
misc/Ada/Global-Illumination,global_illumination.adb:109,const_return,Ch,return 0.0;,global_illumination.adb:115,unknown,
misc/Ada/Global-Illumination,global_illumination.adb:324,const_return,Radiosity_Form_Factor,return 0.0;,global_illumination.ads:273 global_illumination.ads:274 global_illumination.adb:339 global_illumination.adb:403 tests.adb:183 tests.adb:185 tests.adb:187,unknown,
misc/Ada/Gospers-Algorithm,gospers_algorithm.adb:554,min_max_clip,Gaussian_Solve,"for I in 0 .. Natural'Max (0, N_Eq) - 1 loop if N_Eq > 0 and then not Is_Zero (RHS (Degree_Index (I))) then return;",gospers_algorithm.adb:770,unknown,
misc/Ada/Gospers-Algorithm,gospers_algorithm.adb:726,const_return,Solve_Certificate,Deg_LHS := 0;,tests.adb:389 tests.adb:400 gospers_algorithm.adb:924 gospers_algorithm.adb:949 gospers_algorithm.adb:971,unknown,
misc/Ada/Ground-State,ground_state.adb:29,saturating,Clamp,"function Clamp (V, Lo, Hi : Real) return Real is",tests.adb:52 tests.adb:53 tests.adb:54 tests.adb:566,unknown,
misc/Ada/Ground-State,ground_state.adb:56,const_return,Norm2,return 0.0;,ground_state.adb:62 ground_state.adb:512 tests.adb:370,unknown,
misc/Ada/Grovers-Algorithm,grovers_algorithm.adb:57,const_return,Optimal_Iterations,return 0;,grovers_algorithm.ads:36 tests.adb:22 tests.adb:23 tests.adb:24 tests.adb:28 tests.adb:29 tests.adb:30 tests.adb:145 grovers_algorithm.adb:89 grovers_algorithm.adb:171 grovers_algorithm.adb:261,unknown,
misc/Ada/Grovers-Algorithm,grovers_algorithm.adb:59,attr_return,Optimal_Iterations,return Iteration_Count'Last;,grovers_algorithm.ads:36 tests.adb:22 tests.adb:23 tests.adb:24 tests.adb:28 tests.adb:29 tests.adb:30 tests.adb:145 grovers_algorithm.adb:89 grovers_algorithm.adb:171 grovers_algorithm.adb:261,unknown,
misc/Ada/HHL-Algorithm,hhl_algorithm.adb:75,const_return,Controlled_Rotation_Sim,Ratio := 1.0;,hhl_algorithm.adb:84 tests.adb:135 tests.adb:145 hhl_algorithm.ads:50 hhl_algorithm.ads:51,unknown,
misc/Ada/HHL-Algorithm,hhl_algorithm.adb:90,const_return,Amplitude_Amplification_Success_Prob,return 1.0;,tests.adb:155 tests.adb:165 hhl_algorithm.ads:59 hhl_algorithm.ads:60,unknown,
misc/Ada/HHL-Algorithm,hhl_algorithm.adb:92,const_return,Amplitude_Amplification_Success_Prob,return 0.0;,tests.adb:155 tests.adb:165 hhl_algorithm.ads:59 hhl_algorithm.ads:60,unknown,
misc/Ada/Hidden-Surface-Removal,hidden_surface_determination.adb:206,guarded_increment,Cull_Back_Faces,if Current_Index < Output_Triangles'Last then Current_Index := Current_Index + 1; end if; end if;,tests.adb:141 tests.adb:154,unknown,
misc/Ada/Hidden-Surface-Removal,hidden_surface_determination.adb:282,min_max_clip,Render_Painters,"Min_PX : constant Screen_X := Screen_X'Max (FB'First(1), Screen_X (Float'Max (0.0, Float (Min_X_Coord))));",tests.adb:190,unknown,
misc/Ada/Hidden-Surface-Removal,hidden_surface_determination.adb:283,min_max_clip,Render_Painters,"(FB'First(1), Screen_X (Float'Max (0.0, Float (Min_X_Coord))));",tests.adb:190,unknown,
misc/Ada/Hidden-Surface-Removal,hidden_surface_determination.adb:286,min_max_clip,Render_Painters,"Min_PY : constant Screen_Y := Screen_Y'Max (FB'First(2), Screen_Y (Float'Max (0.0, Float (Min_Y_Coord))));",tests.adb:190,unknown,
misc/Ada/Hidden-Surface-Removal,hidden_surface_determination.adb:287,min_max_clip,Render_Painters,"(FB'First(2), Screen_Y (Float'Max (0.0, Float (Min_Y_Coord))));",tests.adb:190,unknown,
misc/Ada/Hidden-Surface-Removal,hidden_surface_determination.adb:338,min_max_clip,Render_Z_Buffer,"Min_PX : constant Screen_X := Screen_X'Max (FB'First(1), Screen_X (Float'Max (0.0, Float (Min_X_Coord))));",tests.adb:205,unknown,
misc/Ada/Hidden-Surface-Removal,hidden_surface_determination.adb:339,min_max_clip,Render_Z_Buffer,"(FB'First(1), Screen_X (Float'Max (0.0, Float (Min_X_Coord))));",tests.adb:205,unknown,
misc/Ada/Hidden-Surface-Removal,hidden_surface_determination.adb:342,min_max_clip,Render_Z_Buffer,"Min_PY : constant Screen_Y := Screen_Y'Max (FB'First(2), Screen_Y (Float'Max (0.0, Float (Min_Y_Coord))));",tests.adb:205,unknown,
misc/Ada/Hidden-Surface-Removal,hidden_surface_determination.adb:343,min_max_clip,Render_Z_Buffer,"(FB'First(2), Screen_Y (Float'Max (0.0, Float (Min_Y_Coord))));",tests.adb:205,unknown,
misc/Ada/Hybrid-Algorithms,hybrid_algorithms.adb:74,min_max_clip,Pad24,"N : constant Natural := Natural'Min (S'Length, 24);",hybrid_algorithms.adb:89 hybrid_algorithms.adb:96 hybrid_algorithms.adb:103 hybrid_algorithms.adb:110 hybrid_algorithms.adb:117,unknown,
misc/Ada/ITP-Method,itp_method.adb:66,min_max_clip,N_Half,"Natural (Real'Max (0.0, Real'Truncation (L)));",itp_method.adb:213 tests.adb:109 tests.adb:110 tests.adb:111,unknown,
misc/Ada/Image-Based-Lighting,image_based_lighting.adb:43,saturating,Clamp_Color,function Clamp_Color (C : Color_RGB) return Color_RGB is,image_based_lighting.ads:83 image_based_lighting.ads:84 image_based_lighting.ads:85 image_based_lighting.adb:343 tests.adb:209 tests.adb:211,unknown,
misc/Ada/Image-Based-Lighting,image_based_lighting.adb:47,const_return,Max_Zero,return 0.0;,image_based_lighting.adb:53 image_based_lighting.adb:54 image_based_lighting.adb:55,unknown,
misc/Ada/Image-Based-Lighting,image_based_lighting.adb:64,const_return,Direction_To_Spherical,Clamped_Y := 1.0;,image_based_lighting.adb:102 tests.adb:73,unknown,
misc/Ada/Image-Based-Lighting,image_based_lighting.adb:66,const_return,Direction_To_Spherical,Clamped_Y := -1.0;,image_based_lighting.adb:102 tests.adb:73,unknown,
misc/Ada/Image-Based-Lighting,image_based_lighting.adb:77,guarded_increment,Direction_To_Spherical,if Phi < 0.0 then Phi := Phi + Two_Pi; end if; end if;,image_based_lighting.adb:102 tests.adb:73,unknown,
misc/Ada/Image-Based-Lighting,image_based_lighting.adb:110,const_return,Sample_Equirectangular,PX := 1;,image_based_lighting.adb:141 image_based_lighting.adb:201 image_based_lighting.adb:268 image_based_lighting.adb:428 image_based_lighting.adb:445 image_based_lighting.adb:461 tests.adb:89 tests.adb:90 tests.adb:115,unknown,
misc/Ada/Image-Based-Lighting,image_based_lighting.adb:116,const_return,Sample_Equirectangular,PY := 1;,image_based_lighting.adb:141 image_based_lighting.adb:201 image_based_lighting.adb:268 image_based_lighting.adb:428 image_based_lighting.adb:445 image_based_lighting.adb:461 tests.adb:89 tests.adb:90 tests.adb:115,unknown,
misc/Ada/Image-Based-Lighting,image_based_lighting.adb:383,min_max_clip,Importance_Sample_GGX,"Sqrt (Real'Max (0.0, 1.0 - Cos_Theta * Cos_Theta));",image_based_lighting.adb:434 image_based_lighting.adb:509,unknown,
misc/Ada/Image-Based-Lighting,image_based_lighting.adb:515,min_max_clip,Precompute_BRDF_LUT,"NdotL : constant Real := Real'Max (L.Z, 0.0);",tests.adb:179,unknown,
misc/Ada/Image-Based-Lighting,image_based_lighting.adb:516,min_max_clip,Precompute_BRDF_LUT,"NdotH : constant Real := Real'Max (H.Z, 0.0);",tests.adb:179,unknown,
misc/Ada/Image-Based-Lighting,image_based_lighting.adb:517,min_max_clip,Precompute_BRDF_LUT,"VdotH_Clamped : constant Real := Real'Max (VdotH, 0.0);",tests.adb:179,unknown,
misc/Ada/Image-Based-Lighting,image_based_lighting.adb:555,const_return,Sample_BRDF_LUT,X := 1;,tests.adb:180,unknown,
misc/Ada/Image-Based-Lighting,image_based_lighting.adb:561,const_return,Sample_BRDF_LUT,Y := 1;,tests.adb:180,unknown,
misc/Ada/Index-Calculus,index_calculus.adb:141,guarded_increment,Modular_Inverse,if Inv < 0 then Inv := Inv + MM; end if; return U64 (Inv);,index_calculus.adb:507 tests.adb:77 tests.adb:180 tests.adb:181 tests.adb:182,unknown,
misc/Ada/Index-Calculus,index_calculus.adb:393,guarded_increment,Collect_Relations,if Count < Max_Relations then Count := Count + 1; Buf (Count) := Rel; end if;,index_calculus.adb:668 tests.adb:261,unknown,
misc/Ada/Index-Calculus,index_calculus.adb:741,const_return,Discrete_Log_Index_Calculus,Bound := 2;,tests.adb:116 tests.adb:134,unknown,
misc/Ada/Integer-Linear-Programming,integer_linear_programming.adb:34,guarded_increment,Frac,if F < 0.0 then F := F + 1.0; end if; if F >= 1.0 then,integer_linear_programming.adb:778 tests.adb:64 tests.adb:65 tests.adb:66 tests.adb:67,unknown,
misc/Ada/Integer-Linear-Programming,integer_linear_programming.adb:575,min_max_clip,Relative_Integrality_Gap,"Den : constant Real := Real'Max (1.0, abs (IP_Opt));",tests.adb:214 tests.adb:217 tests.adb:221,unknown,
misc/Ada/Johnsons-Algorithm,johnsons_algorithm.adb:115,attr_return,Safe_Add,return Distance_Value'First;,johnsons_algorithm.adb:162 johnsons_algorithm.adb:180 johnsons_algorithm.adb:250 johnsons_algorithm.adb:255 johnsons_algorithm.adb:300 johnsons_algorithm.adb:450,unknown,
misc/Ada/Johnsons-Algorithm,johnsons_algorithm.adb:128,attr_return,Safe_Sub,return Distance_Value'First;,johnsons_algorithm.adb:249 johnsons_algorithm.adb:299 johnsons_algorithm.adb:449,unknown,
misc/Ada/Johnsons-Algorithm,johnsons_algorithm.adb:253,const_return,Dense_Dijkstra_Reweighted,W_Prime := 0;,johnsons_algorithm.adb:293 johnsons_algorithm.adb:442,unknown,
misc/Ada/K-Nearest-Neighbours,knn.adb:40,guarded_increment,Euclidean_Distance,if Query_Idx < Query'Last then Query_Idx := Query_Idx + 1; end if; end loop;,knn.adb:52,unknown,
misc/Ada/Kabsch,kabsch.adb:48,const_return,Norm2,return 0.0;,kabsch.adb:54 tests.adb:144,unknown,
misc/Ada/Kabsch,kabsch.adb:147,const_return,Mat3_Frobenius,return 0.0;,tests.adb:150 tests.adb:151,unknown,
misc/Ada/Kabsch,kabsch.adb:334,const_return,SVD_3x3,Eigs (I) := 0.0;,kabsch.adb:475 tests.adb:229 tests.adb:253 tests.adb:269 tests.adb:656,unknown,
misc/Ada/Kabsch,kabsch.adb:523,const_return,RMSD,return 0.0;,kabsch.adb:549 kabsch.ads:167 tests.adb:290 tests.adb:294 tests.adb:310 tests.adb:312 tests.adb:336 tests.adb:363 tests.adb:410 tests.adb:414 tests.adb:436 tests.adb:462 ...,unknown,
misc/Ada/Kabsch,kabsch.adb:641,const_return,Kabsch_Rotation_2D,Disc := 0.0;,tests.adb:581 tests.adb:620,unknown,
misc/Ada/Kabsch,kabsch.adb:773,const_return,RMSD_2D,return 0.0;,tests.adb:588,unknown,
misc/Ada/Karmarkars-Algorithm,karmarkars_algorithm.adb:61,const_return,Norm2,return 0.0;,tests.adb:81 tests.adb:652,unknown,
misc/Ada/Karmarkars-Algorithm,karmarkars_algorithm.adb:110,guarded_increment,Mat_Vec,if Xj < X'Last then Xj := Xj + 1; end if; end loop;,tests.adb:115 tests.adb:132 tests.adb:146 tests.adb:186 tests.adb:576 tests.adb:648 karmarkars_algorithm.adb:257 karmarkars_algorithm.adb:291 karmarkars_algorithm.adb:345,unknown,
misc/Ada/Karmarkars-Algorithm,karmarkars_algorithm.adb:132,guarded_increment,Mat_Vec_T,if Yi < Y'Last then Yi := Yi + 1; end if; end loop;,tests.adb:116 karmarkars_algorithm.adb:281 karmarkars_algorithm.adb:372,unknown,
misc/Ada/Karmarkars-Algorithm,karmarkars_algorithm.adb:155,guarded_increment,Mat_Vec,if Xj < X'Last then Xj := Xj + 1; end if; end loop;,tests.adb:115 tests.adb:132 tests.adb:146 tests.adb:186 tests.adb:576 tests.adb:648 karmarkars_algorithm.adb:257 karmarkars_algorithm.adb:291 karmarkars_algorithm.adb:345,unknown,
misc/Ada/Key-Exchange,key_exchange.adb:74,guarded_increment,Modular_Inverse,if T < 0 then T := T + Interfaces.Integer_64 (Modulus); end if; ,tests.adb:42 tests.adb:43 tests.adb:44 tests.adb:50 tests.adb:57 tests.adb:64 key_exchange.adb:133,unknown,
misc/Ada/Lax-Wendroff,lax_wendroff.adb:319,guarded_increment,Wrap_Periodic,if Y < 0.0 then Y := Y + Length; end if; if Y >= Length then,lax_wendroff.adb:349 tests.adb:278 tests.adb:279 tests.adb:280 tests.adb:281 tests.adb:283 tests.adb:592,unknown,
misc/Ada/Lax-Wendroff,lax_wendroff.adb:357,guarded_increment,Exact_Advection,if I0 < 0 then I0 := I0 + Integer (N); end if; I1 := (I0 + 1) mod Integer (N);,lax_wendroff.adb:374 tests.adb:307 tests.adb:319 tests.adb:356 tests.adb:377 tests.adb:447 tests.adb:520,unknown,
misc/Ada/Lempel-Ziv-Markov-Chain-Algorithm,lzma.adb:23,const_return,Update_State,State := 7;,tests.adb:30 tests.adb:37 tests.adb:44 tests.adb:51 tests.adb:58 tests.adb:65 tests.adb:72 lzma.adb:93 lzma.adb:99 lzma.adb:120 lzma.adb:139,unknown,
misc/Ada/Lempel-Ziv-Oberhurmer,lempel_ziv_oberhumer.adb:35,attr_return,Find_Match,Window_Start := Input'First;,lempel_ziv_oberhumer.adb:195 lempel_ziv_oberhumer.adb:358 lempel_ziv_oberhumer.adb:522 lempel_ziv_oberhumer.adb:675,unknown,
misc/Ada/Lempel-Ziv-Oberhurmer,lempel_ziv_oberhumer.adb:204,const_return,Compress_LZO1,Len_Code := 7;,lempel_ziv_oberhumer.adb:142 tests.adb:28,unknown,
misc/Ada/Lempel-Ziv-Ross-Williams,lzrw.adb:45,min_max_clip,Compress_From_1,"Search_Start := Stream_Element_Offset'Max (Input'First, In_Idx - Max_Back);",lzrw.adb:94,unknown,
misc/Ada/Lempel-Ziv-Stac,lempel_ziv_stac.adb:89,attr_return,Find_Match,Start_Search := Input'First;,lempel_ziv_stac.adb:154,unknown,
misc/Ada/Lempel-Ziv-Storer-Szymanski,lzss.adb:14,attr_return,Find_Match,Search_Start := Input'First;,lzss.adb:57 lzss.adb:166,unknown,
misc/Ada/Lempel-Ziv-Welch,lzw.adb:76,guarded_increment,Compress,"if Next_Code < Max_Size then Map.Insert (To_String (WK), Next_Code); Next_Code := Next_Code + 1; else",tests.adb:18 tests.adb:28 tests.adb:36 tests.adb:46 tests.adb:54 tests.adb:64 tests.adb:77 tests.adb:89 tests.adb:105 tests.adb:145,unknown,
misc/Ada/Lempel-Ziv-Welch,lzw.adb:149,guarded_increment,Decompress,"if Next_Code < Max_Size then Vec.Append (Vec.Element (Old_Code) & Element (S, 1)); Next_Code := Next_Code + 1",tests.adb:36 tests.adb:54 tests.adb:65 tests.adb:78 tests.adb:90 tests.adb:105 tests.adb:115 tests.adb:130,unknown,
misc/Ada/Lenstra-Lenstra-Lovasz,lenstra_lenstra_lovasz.adb:273,const_return,Volume,return 0.0;,tests.adb:85 tests.adb:127 tests.adb:152 tests.adb:547 tests.adb:548,unknown,
misc/Ada/Level-Set-Method,level_set_method.adb:82,min_max_clip,Upwind_Gradient,"Grad_Sq := Real'Max (Dxb, 0.0)**2 + Real'Min (Dxf, 0.0)**2 + Real'Max (Dyb, 0.0)**2 + Real'Min (Dyf, 0.0)**2;",level_set_method.adb:110 level_set_method.adb:136 level_set_method.adb:169,unknown,
misc/Ada/Level-Set-Method,level_set_method.adb:83,min_max_clip,Upwind_Gradient,"Real'Max (Dyb, 0.0)**2 + Real'Min (Dyf, 0.0)**2;",level_set_method.adb:110 level_set_method.adb:136 level_set_method.adb:169,unknown,
misc/Ada/Level-Set-Method,level_set_method.adb:85,min_max_clip,Upwind_Gradient,"Grad_Sq := Real'Min (Dxb, 0.0)**2 + Real'Max (Dxf, 0.0)**2 + Real'Min (Dyb, 0.0)**2 + Real'Max (Dyf, 0.0)**2;",level_set_method.adb:110 level_set_method.adb:136 level_set_method.adb:169,unknown,
misc/Ada/Level-Set-Method,level_set_method.adb:86,min_max_clip,Upwind_Gradient,"Real'Min (Dyb, 0.0)**2 + Real'Max (Dyf, 0.0)**2;",level_set_method.adb:110 level_set_method.adb:136 level_set_method.adb:169,unknown,
misc/Ada/Line-Drawing,line_drawing.adb:313,const_return,Add_Pixel,Val := 0.0;,line_drawing.adb:392 line_drawing.adb:393 line_drawing.adb:395 line_drawing.adb:396 line_drawing.adb:409 line_drawing.adb:410 line_drawing.adb:412 line_drawing.adb:413 line_drawing.adb:423 line_drawing.adb:424 line_drawing.adb:434 line_drawing.adb:435,unknown,
misc/Ada/Line-Drawing,line_drawing.adb:315,const_return,Add_Pixel,Val := 1.0;,line_drawing.adb:392 line_drawing.adb:393 line_drawing.adb:395 line_drawing.adb:396 line_drawing.adb:409 line_drawing.adb:410 line_drawing.adb:412 line_drawing.adb:413 line_drawing.adb:423 line_drawing.adb:424 line_drawing.adb:434 line_drawing.adb:435,unknown,
misc/Ada/Linear-Multistep-Methods,linear_multistep_methods.adb:662,const_return,Quad_OK,Disc := 0.0;,linear_multistep_methods.adb:683 linear_multistep_methods.adb:686,unknown,
misc/Ada/Long-Division,long_division.adb:275,guarded_increment,Sub,if Acc < 0 then Acc := Acc + Base; Borrow := 1; else,long_division.adb:451 tests.adb:126 tests.adb:128 tests.adb:423,unknown,
misc/Ada/Long-Division,long_division.adb:400,const_return,Quotient_Digit,return 0;,long_division.adb:443,unknown,
misc/Ada/Luleas-Algorithm,lulea_algorithm.adb:33,attr_return,Mask_Of,return IPv4_Address'Last;,lulea_algorithm.adb:42 lulea_algorithm.adb:104,unknown,
misc/Ada/Marching-Squares,marching_squares.adb:19,const_return,Sqrt_Safe,return 0.0;,marching_squares.adb:71,unknown,
misc/Ada/Marching-Squares,marching_squares.adb:103,saturating,Clamp,"function Clamp (X, Lo, Hi : Real) return Real is",marching_squares.ads:131 tests.adb:70 tests.adb:71 marching_squares.adb:172,unknown,
misc/Ada/Marching-Tetrahedrons,marching_tetrahedrons.adb:19,const_return,Sqrt_Safe,return 0.0;,marching_tetrahedrons.adb:86,unknown,
misc/Ada/Marching-Tetrahedrons,marching_tetrahedrons.adb:126,saturating,Clamp,"function Clamp (X, Lo, Hi : Real) return Real is",marching_tetrahedrons.ads:125 tests.adb:70 tests.adb:71 marching_tetrahedrons.adb:213 marching_tetrahedrons.adb:232,unknown,
misc/Ada/Marching-Triangles,marching_triangles.adb:17,const_return,Sqrt_R,return 0.0;,marching_triangles.adb:48 marching_triangles.adb:71,unknown,
misc/Ada/Marching-Triangles,marching_triangles.adb:174,guarded_increment,Copy_Cloud,if K < N then K := K + 1; end if; end loop;,marching_triangles.adb:206 marching_triangles.adb:485,unknown,
misc/Ada/Marching-Triangles,marching_triangles.adb:449,attr_return,Score_Candidate,return Real'Last;,marching_triangles.adb:521 marching_triangles.adb:543,unknown,
misc/Ada/Mark-Compact-Algorithm,mark_compact.adb:82,guarded_increment,Compact_LISP2,if Free_Ptr < Heap'Last then Free_Ptr := Free_Ptr + 1; end if; end if;,src__main.adb:41 tests.adb:73 tests.adb:82 tests.adb:140,unknown,
misc/Ada/Maximum-Parsimony,maximum_parsimony.adb:340,const_return,Count_Rooted_Topologies,return 1;,tests.adb:88 tests.adb:89 tests.adb:90 tests.adb:91 tests.adb:92 tests.adb:93 tests.adb:133,unknown,
misc/Ada/Median-Filtering,median_filter.adb:25,attr_return,Process_1D,Target_Idx := Input'First;,tests.adb:22 tests.adb:31 tests.adb:40 tests.adb:49 tests.adb:59 tests.adb:117 tests.adb:135 own_checks.adb:63,unknown,
misc/Ada/Median-Filtering,median_filter.adb:27,attr_return,Process_1D,Target_Idx := Input'Last;,tests.adb:22 tests.adb:31 tests.adb:40 tests.adb:49 tests.adb:59 tests.adb:117 tests.adb:135 own_checks.adb:63,unknown,
misc/Ada/Midpoint-Circle-Algorithm,midpoint_circle.adb:83,guarded_increment,Emit_8_Symmetric,if D < 0 then D := D + 2 * Long_Long_Integer (X) + 1; else Y := Y - 1;,midpoint_circle.adb:81 midpoint_circle.adb:137,unknown,
misc/Ada/Midpoint-Circle-Algorithm,midpoint_circle.adb:186,guarded_increment,Emit_Span,if D < 0 then D := D + 2 * Long_Long_Integer (X) + 1; else Y := Y - 1;,midpoint_circle.adb:181 midpoint_circle.adb:195 midpoint_circle.adb:196,unknown,
misc/Ada/Midpoint-Circle-Algorithm,midpoint_circle.adb:232,guarded_increment,Plot_8,if D < 0 then D := D + 2 * Long_Long_Integer (X) + 1; else Y := Y - 1;,midpoint_circle.adb:230,unknown,
misc/Ada/Minimum-Bounding-Box,minimum_bounding_box.adb:52,const_return,Dist,return 0.0;,minimum_bounding_box.adb:287 tests.adb:111 tests.adb:393 tests.adb:394 tests.adb:395 tests.adb:396 tests.adb:397,unknown,
misc/Ada/Minimum-Bounding-Box,minimum_bounding_box.adb:254,const_return,Axis_Aligned_Bounding_Box,Box.Area := 0.0;,tests.adb:45 tests.adb:146 tests.adb:165 tests.adb:191 tests.adb:223 tests.adb:258 tests.adb:289 tests.adb:320 tests.adb:321 tests.adb:344 tests.adb:351 tests.adb:369 ...,unknown,
misc/Ada/Minimum-Bounding-Box,minimum_bounding_box.adb:334,const_return,Box_From_Edge,Wd := 0.0;,minimum_bounding_box.adb:386 minimum_bounding_box.adb:392,unknown,
misc/Ada/Minimum-Bounding-Box,minimum_bounding_box.adb:337,const_return,Box_From_Edge,Ht := 0.0;,minimum_bounding_box.adb:386 minimum_bounding_box.adb:392,unknown,
misc/Ada/Mirror-Descent,mirror_descent.adb:554,const_return,Bregman_Entropy,return 0.0;,tests.adb:125 tests.adb:510 tests.adb:512 tests.adb:514 tests.adb:681,unknown,
misc/Ada/Montgomery-Reduction,montgomery_reduction.adb:25,guarded_increment,Mod_Nonneg,if R < 0 then R := R + M; end if; return R;,montgomery_reduction.adb:72 montgomery_reduction.adb:79 montgomery_reduction.adb:97 montgomery_reduction.adb:122 montgomery_reduction.adb:141 montgomery_reduction.adb:144 montgomery_reduction.adb:192 montgomery_reduction.adb:222 montgomery_reduction.adb:244 tests.adb:58 tests.adb:59 tests.adb:60 ...,unknown,
misc/Ada/Mu-Law-Algorithm,mu_law.adb:90,min_max_clip,Decode_Digital,"Normalized_Y := Float'Max (-1.0, Float'Min (1.0, Float (Y) / 127.0));",tests.adb:137 tests.adb:146 own_checks.adb:12,unknown,
misc/Ada/Multiplication-Algorithms,multiplication_algorithms.adb:262,guarded_increment,Sub,if Acc < 0 then Acc := Acc + Base; Borrow := -1; else,multiplication_algorithms.adb:526 tests.adb:109 tests.adb:112 tests.adb:337,unknown,
misc/Ada/Multiplicative-Inverse-Algorithms,multiplicative_inverse_algorithms.adb:25,guarded_increment,Mod_Nonneg,if R < 0 then R := R + M; end if; return R;,multiplicative_inverse_algorithms.adb:106 multiplicative_inverse_algorithms.adb:136 multiplicative_inverse_algorithms.adb:145 multiplicative_inverse_algorithms.adb:179 multiplicative_inverse_algorithms.adb:301 multiplicative_inverse_algorithms.adb:302 tests.adb:45 tests.adb:46 tests.adb:47 tests.adb:48,unknown,
misc/Ada/Multiplicative-Weight-Update-Method,multiplicative_weight_update_method.adb:375,const_return,Suggested_Eta,Raw := 0.5;,tests.adb:386 tests.adb:417 tests.adb:418 tests.adb:419 tests.adb:420 tests.adb:428 tests.adb:429 tests.adb:558,unknown,
misc/Ada/N-Body-Problems,n_body_problems.adb:231,const_return,Kinetic_Energy,return 0.0;,n_body_problems.adb:269 tests.adb:168 tests.adb:185 tests.adb:453 tests.adb:583 tests.adb:647 tests.adb:648,unknown,
misc/Ada/NEF-Adaptive-OSC,adaptive_residual.adb:59,saturating,Clamp,"function Clamp (X, Bound : Float) return Float is",adaptive_residual.adb:87 adaptive_residual.adb:88,unknown,
misc/Ada/NEF-Neurorobotics-Core,nef_ensemble.adb:115,const_return,Ideal_Rates,R (I) := 0.0;,nef_ensemble.adb:169 nef_ensemble.adb:197,unknown,
misc/Ada/Nelder-Mead,nelder_mead.adb:51,guarded_increment,Dot,if J < B'Last then J := J + 1; end if; end loop;,tests.adb:76,unknown,
misc/Ada/Nelder-Mead,nelder_mead.adb:64,guarded_increment,Add,if J < B'Last then J := J + 1; end if; end loop;,tests.adb:77 nelder_mead.adb:142 nelder_mead.adb:150 nelder_mead.adb:158 nelder_mead.adb:166 nelder_mead.adb:174,unknown,
misc/Ada/Nelder-Mead,nelder_mead.adb:77,guarded_increment,Sub,if J < B'Last then J := J + 1; end if; end loop;,tests.adb:79 nelder_mead.adb:142 nelder_mead.adb:150 nelder_mead.adb:158 nelder_mead.adb:166 nelder_mead.adb:174 nelder_mead.adb:183,unknown,
misc/Ada/Nelder-Mead,nelder_mead.adb:195,const_return,F_Spread,return 0.0;,tests.adb:215 tests.adb:423 nelder_mead.adb:365 nelder_mead.adb:436,unknown,
misc/Ada/Nested-Loop-Join,nested_loop_join.adb:61,min_max_clip,Block_Nested_Loop_Join,"End_Idx   : constant Positive := Integer'Min (Start_Idx + Block_Size - 1, Outer_Rel'Last);",tests.adb:52 tests.adb:60 tests.adb:63 tests.adb:66,unknown,
misc/Ada/Nested-Sampling,nested_sampling.adb:75,const_return,Prior_Volume,return 0.0;,nested_sampling.adb:449 tests.adb:67 tests.adb:69 tests.adb:71 tests.adb:73 tests.adb:75 tests.adb:82 tests.adb:101 tests.adb:352,unknown,
misc/Ada/Nested-Sampling,nested_sampling.adb:77,const_return,Prior_Volume,return 1.0;,nested_sampling.adb:449 tests.adb:67 tests.adb:69 tests.adb:71 tests.adb:73 tests.adb:75 tests.adb:82 tests.adb:101 tests.adb:352,unknown,
misc/Ada/Nested-Sampling,nested_sampling.adb:89,const_return,Shell_Weight,return 0.0;,nested_sampling.adb:450 tests.adb:96 tests.adb:97 tests.adb:98 tests.adb:102 tests.adb:353,unknown,
misc/Ada/Nested-Sampling,nested_sampling.adb:234,const_return,Built_In_Prior_Density,return 0.0;,tests.adb:138 tests.adb:141 tests.adb:144,unknown,
misc/Ada/Nested-Sampling,nested_sampling.adb:484,const_return,Run_Nested_Sampling,R.Remainder := 0.0;,nested_sampling.adb:552 tests.adb:308 tests.adb:429 tests.adb:449 tests.adb:450 tests.adb:473 tests.adb:474 tests.adb:476 tests.adb:504 tests.adb:520 tests.adb:535 tests.adb:550,unknown,
misc/Ada/Nested-Sampling,nested_sampling.adb:490,const_return,Run_Nested_Sampling,Z := 0.0;,nested_sampling.adb:552 tests.adb:308 tests.adb:429 tests.adb:449 tests.adb:450 tests.adb:473 tests.adb:474 tests.adb:476 tests.adb:504 tests.adb:520 tests.adb:535 tests.adb:550,unknown,
misc/Ada/Newtons-Method-in-Optimization,newtons_method_optimization.adb:51,guarded_increment,Dot,if J < B'Last then J := J + 1; end if; end loop;,newtons_method_optimization.adb:155 newtons_method_optimization.adb:406 newtons_method_optimization.adb:818 tests.adb:96 tests.adb:103 tests.adb:106,unknown,
misc/Ada/Newtons-Method-in-Optimization,newtons_method_optimization.adb:64,guarded_increment,Add,if J < B'Last then J := J + 1; end if; end loop;,newtons_method_optimization.adb:411 newtons_method_optimization.adb:838 tests.adb:97,unknown,
misc/Ada/Newtons-Method-in-Optimization,newtons_method_optimization.adb:77,guarded_increment,Sub,if J < B'Last then J := J + 1; end if; end loop;,newtons_method_optimization.adb:840 tests.adb:99,unknown,
misc/Ada/Nicholl-Lee-Nicholl,nicholl_lee_nicholl.adb:20,const_return,Sqrt_Safe,return 0.0;,nicholl_lee_nicholl.adb:88,unknown,
misc/Ada/Nicholl-Lee-Nicholl,nicholl_lee_nicholl.adb:26,saturating,Clamp,"function Clamp (V, Lo, Hi : Real) return Real is",nicholl_lee_nicholl.adb:618 nicholl_lee_nicholl.adb:619 nicholl_lee_nicholl.adb:620 nicholl_lee_nicholl.adb:621,unknown,
misc/Ada/Nicholl-Lee-Nicholl,nicholl_lee_nicholl.adb:370,saturating,Clip_T,"procedure Clip_T (P, Q : Real; OK : in out Boolean) is",nicholl_lee_nicholl.adb:401 nicholl_lee_nicholl.adb:402 nicholl_lee_nicholl.adb:403 nicholl_lee_nicholl.adb:404,unknown,
misc/Ada/Nicholl-Lee-Nicholl,nicholl_lee_nicholl.adb:429,saturating,Clip_P0_Inside,function Clip_P0_Inside,nicholl_lee_nicholl.adb:577,unknown,
misc/Ada/Nicholl-Lee-Nicholl,nicholl_lee_nicholl.adb:508,saturating,Clip_P0_Left,function Clip_P0_Left,nicholl_lee_nicholl.adb:579,unknown,
misc/Ada/Nicholl-Lee-Nicholl,nicholl_lee_nicholl.adb:547,saturating,Clip_P0_Left_Top,function Clip_P0_Left_Top,nicholl_lee_nicholl.adb:581,unknown,
misc/Ada/Nicholl-Lee-Nicholl,nicholl_lee_nicholl.adb:570,saturating,Clip_Without_Canonicalize,function Clip_Without_Canonicalize,nicholl_lee_nicholl.adb:611 tests.adb:211 tests.adb:217 tests.adb:222 tests.adb:228 tests.adb:236 tests.adb:439,unknown,
misc/Ada/Non-Restoring-Division,non_restoring_division.adb:104,guarded_increment,Divide_Non_Restoring_Unsigned,if R < 0 then R := R + Dd; Qacc := Qacc - 1; end if;,non_restoring_division.adb:162 tests.adb:240 tests.adb:427 tests.adb:438 tests.adb:452 tests.adb:454 tests.adb:456 tests.adb:458 tests.adb:460 tests.adb:462 tests.adb:464,unknown,
misc/Ada/Nonlinear-Optimization,nonlinear_optimization.adb:52,guarded_increment,Dot,if J < B'Last then J := J + 1; end if; end loop;,nonlinear_optimization.adb:220 nonlinear_optimization.adb:681 nonlinear_optimization.adb:771 tests.adb:87 tests.adb:94,unknown,
misc/Ada/Nonlinear-Optimization,nonlinear_optimization.adb:65,guarded_increment,Add,if J < B'Last then J := J + 1; end if; end loop;,nonlinear_optimization.adb:225 nonlinear_optimization.adb:608 nonlinear_optimization.adb:701 tests.adb:88 tests.adb:227 tests.adb:248,unknown,
misc/Ada/Nonlinear-Optimization,nonlinear_optimization.adb:78,guarded_increment,Sub,if J < B'Last then J := J + 1; end if; end loop;,nonlinear_optimization.adb:517 nonlinear_optimization.adb:610 nonlinear_optimization.adb:703 nonlinear_optimization.adb:756 nonlinear_optimization.adb:793 tests.adb:90,unknown,
misc/Ada/Nth-Root,nth_root.adb:80,const_return,Initial_Guess,G := 1.0;,nth_root.adb:133 nth_root.adb:216,unknown,
misc/Ada/Nth-Root,nth_root.adb:325,attr_return,Integer_Nth_Root,Hi := Natural'Last;,tests.adb:377 tests.adb:378 tests.adb:379 tests.adb:380 tests.adb:381 tests.adb:382 tests.adb:383 tests.adb:384 tests.adb:386 tests.adb:387 tests.adb:388 tests.adb:389 ...,unknown,
misc/Ada/Nucleolus,nucleolus.adb:632,min_max_clip,Make_Bankruptcy,"V (Mask) := Worth'Max (0.0, Estate - Outside);",tests.adb:133 tests.adb:395 tests.adb:419 tests.adb:434 tests.adb:440,unknown,
misc/Ada/Nucleolus,nucleolus.adb:736,min_max_clip,Contested_Garment,"U1 := Worth'Max (0.0, Estate - Claim_2);",tests.adb:385 tests.adb:400 tests.adb:756,unknown,
misc/Ada/Nucleolus,nucleolus.adb:737,min_max_clip,Contested_Garment,"U2 := Worth'Max (0.0, Estate - Claim_1);",tests.adb:385 tests.adb:400 tests.adb:756,unknown,
misc/Ada/Odds-Algorithm,odds_algorithm.adb:129,attr_return,Compute_Threshold,S := P'First;,tests.adb:125 tests.adb:140 tests.adb:154 tests.adb:171 tests.adb:188 tests.adb:197 tests.adb:255 tests.adb:274 tests.adb:291 tests.adb:325 tests.adb:341 tests.adb:346 ...,unknown,
misc/Ada/Ordered-Subset-EM,ordered_subset_em.adb:26,const_return,Enforce_Nonnegative,X (J) := 0.0;,ordered_subset_em.adb:287 ordered_subset_em.adb:389 tests.adb:70 tests.adb:670,unknown,
misc/Ada/Ordered-Subset-EM,ordered_subset_em.adb:245,const_return,KL_Divergence,return 0.0;,tests.adb:259 tests.adb:264 tests.adb:519 tests.adb:521 tests.adb:528,unknown,
misc/Ada/Ordered-Subset-EM,ordered_subset_em.adb:431,min_max_clip,Make_1D_Strip_Matrix,"Natural'Max (1, (J_Pixels + I_Bins - 1) / I_Bins);",tests.adb:184 tests.adb:216 tests.adb:242 tests.adb:274 tests.adb:387 tests.adb:409 tests.adb:503 tests.adb:580 tests.adb:647,unknown,
misc/Ada/Ordered-Subset-EM,ordered_subset_em.adb:449,const_return,Make_1D_Strip_Matrix,W := 0.0;,tests.adb:184 tests.adb:216 tests.adb:242 tests.adb:274 tests.adb:387 tests.adb:409 tests.adb:503 tests.adb:580 tests.adb:647,unknown,
misc/Ada/Ordered-Subset-EM,ordered_subset_em.adb:502,const_return,Make_2D_Parallel_Beam_Matrix,W := 0.0;,tests.adb:373 tests.adb:463,unknown,
misc/Ada/Particle-Swarm,particle_swarm.adb:19,saturating,Clamp,"function Clamp (X, Lo, Hi : Real) return Real is",particle_swarm.adb:232 tests.adb:73 tests.adb:74 tests.adb:75 tests.adb:76 tests.adb:77 tests.adb:285,unknown,
misc/Ada/Path-Tracing,path_tracing.adb:53,const_return,Length_Squared,return 0.0;,path_tracing.adb:60 path_tracing.adb:342 path_tracing.ads:103 path_tracing.ads:110,unknown,
misc/Ada/Path-Tracing,path_tracing.adb:86,min_max_clip,Cosine_Sample_Hemisphere,"Z_Local : constant Real := Sqrt (Real'Max (0.0, 1.0 - U1));",path_tracing.adb:278 path_tracing.adb:379 path_tracing.adb:451 tests.adb:270 tests.adb:277,unknown,
misc/Ada/Path-Tracing,path_tracing.adb:130,saturating,Clamp_Unit,function Clamp_Unit (Val : Real) return Unit_Real is,path_tracing.adb:142 path_tracing.adb:143 path_tracing.adb:144 path_tracing.adb:243,unknown,
misc/Ada/Path-Tracing,path_tracing.adb:133,const_return,Clamp_Unit,return 0.0;,path_tracing.adb:142 path_tracing.adb:143 path_tracing.adb:144 path_tracing.adb:243,unknown,
misc/Ada/Path-Tracing,path_tracing.adb:135,const_return,Clamp_Unit,return 1.0;,path_tracing.adb:142 path_tracing.adb:143 path_tracing.adb:144 path_tracing.adb:243,unknown,
misc/Ada/Path-Tracing,path_tracing.adb:346,min_max_clip,Trace_Next_Event_Estimation,"Real'Max (0.0, Dot (Hit_Rec.Normal, Light_Dir));",path_tracing.adb:493 tests.adb:232,unknown,
misc/Ada/Phonetic-Algorithms,phonetic_algorithms.adb:369,guarded_increment,Append,if Code_Len < Metaphone_Max_Code then Code_Len := Code_Len + 1; Code (Code_Len) := C; end if;,phonetic_algorithms.adb:462 phonetic_algorithms.adb:467 phonetic_algorithms.adb:477 phonetic_algorithms.adb:479 phonetic_algorithms.adb:481 phonetic_algorithms.adb:483 phonetic_algorithms.adb:491 phonetic_algorithms.adb:494 phonetic_algorithms.adb:515 phonetic_algorithms.adb:517 phonetic_algorithms.adb:527 phonetic_algorithms.adb:531 ...,unknown,
misc/Ada/Photon-Mapping,photon_mapping.adb:336,const_return,Estimate_Radiance_Surface,Weight := 0.0;,tests.adb:172 tests.adb:199 tests.adb:201,unknown,
misc/Ada/Photon-Mapping,photon_mapping.adb:348,const_return,Estimate_Radiance_Surface,Weight := 0.0;,tests.adb:172 tests.adb:199 tests.adb:201,unknown,
misc/Ada/Pohlig-Hellman,pohlig_hellman.adb:139,guarded_increment,Modular_Inverse,if Inv < 0 then Inv := Inv + MM; end if; return U64 (Inv);,pohlig_hellman.adb:310 pohlig_hellman.adb:374 pohlig_hellman.adb:427 tests.adb:76 tests.adb:196 tests.adb:197 tests.adb:198 tests.adb:200 tests.adb:202,unknown,
misc/Ada/Point-Set-Registration,point_set_registration.adb:144,guarded_increment,Sum_Squared_Error,if J < Target'Last then J := J + 1; end if; end loop;,point_set_registration.adb:152 point_set_registration.adb:180 point_set_registration.adb:243 tests.adb:235 tests.adb:237 tests.adb:240 tests.adb:570,unknown,
misc/Ada/Point-Set-Registration,point_set_registration.adb:170,guarded_increment,Sum_Squared_Error,if J < Target'Last then J := J + 1; end if; end loop;,point_set_registration.adb:152 point_set_registration.adb:180 point_set_registration.adb:243 tests.adb:235 tests.adb:237 tests.adb:240 tests.adb:570,unknown,
misc/Ada/Point-Set-Registration,point_set_registration.adb:220,guarded_increment,Register_Correspondences,if Js < Source'Last then Js := Js + 1; end if; if Jt < Target'Last then,point_set_registration.adb:353 tests.adb:78 tests.adb:266 tests.adb:294 tests.adb:323 tests.adb:356 tests.adb:365 tests.adb:379 tests.adb:539 tests.adb:566 tests.adb:602,unknown,
misc/Ada/Point-Set-Registration,point_set_registration.adb:223,guarded_increment,Register_Correspondences,if Jt < Target'Last then Jt := Jt + 1; end if; end loop;,point_set_registration.adb:353 tests.adb:78 tests.adb:266 tests.adb:294 tests.adb:323 tests.adb:356 tests.adb:365 tests.adb:379 tests.adb:539 tests.adb:566 tests.adb:602,unknown,
misc/Ada/Point-Set-Registration,point_set_registration.adb:323,guarded_increment,Register_ICP,if Si < Source'Last then Si := Si + 1; end if; end loop;,tests.adb:93 tests.adb:430 tests.adb:458 tests.adb:484 tests.adb:505 tests.adb:540 tests.adb:607,unknown,
misc/Ada/Point-Set-Registration,point_set_registration.adb:383,guarded_increment,Register_ICP,if Si2 < Source'Last then Si2 := Si2 + 1; end if; end loop;,tests.adb:93 tests.adb:430 tests.adb:458 tests.adb:484 tests.adb:505 tests.adb:540 tests.adb:607,unknown,
misc/Ada/QR-Algorithm,qr_algorithm.adb:487,const_return,Wilkinson_Shift,Disc := 0.0;,qr_algorithm.adb:634 tests.adb:475 tests.adb:485,unknown,
misc/Ada/Quantum-Phase-Estimation-Algorithm,quantum_phase_estimation.adb:100,const_return,Compute_Success_Probability,Res := 1.0;,quantum_phase_estimation.ads:49 quantum_phase_estimation.ads:50 tests.adb:55 tests.adb:65 tests.adb:75 quantum_phase_estimation.adb:62,unknown,
misc/Ada/Quantum-Phase-Estimation-Algorithm,quantum_phase_estimation.adb:102,const_return,Compute_Success_Probability,Res := 0.0;,quantum_phase_estimation.ads:49 quantum_phase_estimation.ads:50 tests.adb:55 tests.adb:65 tests.adb:75 quantum_phase_estimation.adb:62,unknown,
misc/Ada/Quantum-Phase-Estimation-Algorithm,quantum_phase_estimation.adb:132,const_return,Required_Qubits,N_Req := 1;,quantum_phase_estimation.ads:68 tests.adb:116 tests.adb:128,unknown,
misc/Ada/Quantum-Phase-Estimation-Algorithm,quantum_phase_estimation.adb:134,const_return,Required_Qubits,N_Req := 24;,quantum_phase_estimation.ads:68 tests.adb:116 tests.adb:128,unknown,
misc/Ada/RANSAC,ransac.adb:28,const_return,Sqrt_R,return 0.0;,ransac.adb:72 ransac.adb:152 ransac.adb:178 ransac.adb:223 ransac.adb:224 ransac.adb:362 ransac.adb:493,unknown,
misc/Ada/RANSAC,ransac.adb:221,const_return,Fit_Line_Least_Squares,Disc := 0.0;,ransac.adb:329 tests.adb:173 tests.adb:209,unknown,
misc/Ada/Radial-Basis-Function-Network,radial_basis_function_network.adb:73,guarded_increment,Euclidean_Distance,if B_Idx < Dimension_Index'Last then B_Idx := B_Idx + 1; end if; end loop;,radial_basis_function_network.adb:134 tests.adb:46 tests.adb:47 tests.adb:48 tests.adb:58 tests.adb:70 tests.adb:82,unknown,
misc/Ada/Radial-Basis-Function-Network,radial_basis_function_network.adb:80,const_return,Euclidean_Distance,return 0.0;,radial_basis_function_network.adb:134 tests.adb:46 tests.adb:47 tests.adb:48 tests.adb:58 tests.adb:70 tests.adb:82,unknown,
misc/Ada/Random-Restart-Hill-Climbing,random_restart_hill_climbing.adb:74,saturating,Clamp,"function Clamp (X, Lo, Hi : Real) return Real is",random_restart_hill_climbing.adb:316 random_restart_hill_climbing.adb:335 random_restart_hill_climbing.adb:336 tests.adb:97 tests.adb:98 tests.adb:99 tests.adb:100 tests.adb:101,unknown,
misc/Ada/Rayleigh-Ritz-Method,rayleigh_ritz_method.adb:38,const_return,Norm2,return 0.0;,rayleigh_ritz_method.adb:44 rayleigh_ritz_method.adb:136 tests.adb:84,unknown,
misc/Ada/Rayleigh-Ritz-Method,rayleigh_ritz_method.adb:279,const_return,Eigen_2x2,Disc := 0.0;,rayleigh_ritz_method.adb:389 tests.adb:238 tests.adb:253 tests.adb:256,unknown,
misc/Ada/Recovery-Exploiting-Semantics,aries.adb:23,guarded_increment,Write_Log,if Log_Count < Max_Logs then Log_Count := Log_Count + 1; Rec.LSN := LSN_Type(Log_Count); Log_Buffer(Log_Count,aries.adb:67 aries.adb:91 aries.adb:222 aries.adb:243,unknown,
misc/Ada/Replicator-Equation,replicator_equation.adb:111,const_return,Step_Continuous,Result(I) := 0.0;,tests.adb:79 tests.adb:100 tests.adb:165,unknown,
misc/Ada/Replicator-Equation,replicator_equation.adb:146,const_return,Step_Mutator_Continuous,Result(I) := 0.0;,tests.adb:101,unknown,
misc/Ada/Rotating-Calipers,rotating_calipers.adb:55,const_return,Dist,return 0.0;,rotating_calipers.adb:369 rotating_calipers.adb:373 rotating_calipers.adb:401 rotating_calipers.adb:431 rotating_calipers.adb:564 tests.adb:122 tests.adb:160 tests.adb:315 tests.adb:444,unknown,
misc/Ada/Rotating-Calipers,rotating_calipers.adb:116,attr_return,Accumulated_Cross,J := Poly'First;,rotating_calipers.adb:129,unknown,
misc/Ada/Rotating-Calipers,rotating_calipers.adb:346,const_return,Diameter,return 0.0;,tests.adb:45 tests.adb:149 tests.adb:176 tests.adb:199 tests.adb:231 tests.adb:240 tests.adb:265 tests.adb:269 tests.adb:307 tests.adb:355 tests.adb:359 tests.adb:363 ...,unknown,
misc/Ada/Rotating-Calipers,rotating_calipers.adb:473,const_return,Consider_Edge,Wd := 0.0;,rotating_calipers.adb:509,unknown,
misc/Ada/Rotating-Calipers,rotating_calipers.adb:476,const_return,Consider_Edge,Ht := 0.0;,rotating_calipers.adb:509,unknown,
misc/Ada/Rotating-Calipers,rotating_calipers.adb:552,const_return,Brute_Diameter,return 0.0;,tests.adb:153 tests.adb:178 tests.adb:201 tests.adb:232 tests.adb:241 tests.adb:269 tests.adb:363 tests.adb:379 tests.adb:403 tests.adb:423 tests.adb:447 tests.adb:463,unknown,
misc/Ada/Rupperts-Algorithm,rupperts_algorithm.adb:41,const_return,Dist,return 0.0;,rupperts_algorithm.adb:111 rupperts_algorithm.adb:112 rupperts_algorithm.adb:160 rupperts_algorithm.adb:161 rupperts_algorithm.adb:162 tests.adb:79 tests.adb:442,unknown,
misc/Ada/Rupperts-Algorithm,rupperts_algorithm.adb:121,const_return,Angle_Degrees_At,Cos_Val := 1.0;,rupperts_algorithm.adb:136 rupperts_algorithm.adb:138 rupperts_algorithm.adb:140 tests.adb:137 tests.adb:139 tests.adb:141,unknown,
misc/Ada/Rupperts-Algorithm,rupperts_algorithm.adb:123,const_return,Angle_Degrees_At,Cos_Val := -1.0;,rupperts_algorithm.adb:136 rupperts_algorithm.adb:138 rupperts_algorithm.adb:140 tests.adb:137 tests.adb:139 tests.adb:141,unknown,
misc/Ada/Rupperts-Algorithm,rupperts_algorithm.adb:127,const_return,Angle_Degrees_At,return 0.0;,rupperts_algorithm.adb:136 rupperts_algorithm.adb:138 rupperts_algorithm.adb:140 tests.adb:137 tests.adb:139 tests.adb:141,unknown,
misc/Ada/Rupperts-Algorithm,rupperts_algorithm.adb:129,const_return,Angle_Degrees_At,return 180.0;,rupperts_algorithm.adb:136 rupperts_algorithm.adb:138 rupperts_algorithm.adb:140 tests.adb:137 tests.adb:139 tests.adb:141,unknown,
misc/Ada/Rupperts-Algorithm,rupperts_algorithm.adb:325,const_return,Build_Super_Triangle,Span := 1.0;,rupperts_algorithm.adb:471,unknown,
misc/Ada/Rupperts-Algorithm,rupperts_algorithm.adb:860,const_return,Refine_Core,Sp := 1.0;,rupperts_algorithm.adb:932 rupperts_algorithm.adb:944,unknown,
misc/Ada/SRT-Division,srt_division.adb:120,guarded_increment,Divide_SRT_Unsigned,if Racc < 0 then Racc := Racc + Dd; Qacc := Qacc - 1; end if;,srt_division.adb:182 tests.adb:207 tests.adb:399 tests.adb:401 tests.adb:403 tests.adb:405 tests.adb:407,unknown,
misc/Ada/SUBCLU,subclu.adb:265,const_return,Distance,return 0.0;,subclu.adb:285 subclu.adb:358 tests.adb:138 tests.adb:139 tests.adb:140 tests.adb:141 tests.adb:448 tests.adb:460,unknown,
misc/Ada/Salsa20,salsa20.adb:178,const_return,Encrypt_General,Chunk_Size := 64;,salsa20.adb:203 salsa20.adb:214 salsa20.adb:225 tests.adb:90 tests.adb:91 tests.adb:162 tests.adb:180,unknown,
misc/Ada/Salsa20,salsa20.adb:249,const_return,Encrypt_128_20,Chunk_Size := 64;,tests.adb:76 tests.adb:77,unknown,
misc/Ada/Scanline-Rendering,scanline_rendering.adb:228,attr_return,Render_Polygon_2D,X_End := Screen_Coordinate_X'Last;,tests.adb:62 tests.adb:84 tests.adb:100 tests.adb:254 tests.adb:298,unknown,
misc/Ada/Scanline-Rendering,scanline_rendering.adb:316,const_return,Render_Scene_3D_ZBuffer,Left_X_F := 0.0;,tests.adb:146 tests.adb:175 tests.adb:220 tests.adb:236 tests.adb:279,unknown,
misc/Ada/Scanline-Rendering,scanline_rendering.adb:415,min_max_clip,Render_Scanline_Spans,"LX        : constant Screen_Coordinate_X := Screen_Coordinate_X (Float'Max (0.0, Float'Rounding (Inter_X (Left_Idx))));",tests.adb:199 tests.adb:237,unknown,
misc/Ada/Scoring-Algorithm,scoring_algorithm.adb:18,saturating,Clamp_Unit_Interval,function Clamp_Unit_Interval,scoring_algorithm.adb:227 scoring_algorithm.adb:233 scoring_algorithm.adb:239 scoring_algorithm.adb:253 scoring_algorithm.adb:277 tests.adb:53 tests.adb:55 tests.adb:57 scoring_algorithm.ads:76 scoring_algorithm.ads:77,unknown,
misc/Ada/Shoelace-Algorithm,shoelace_algorithm.adb:46,attr_return,Accumulated_Cross,J := Poly'First;,shoelace_algorithm.adb:63 shoelace_algorithm.adb:69 shoelace_algorithm.adb:95,unknown,
misc/Ada/Shoelace-Algorithm,shoelace_algorithm.adb:103,attr_return,Centroid,J := Poly'First;,tests.adb:71 tests.adb:135 tests.adb:150 tests.adb:177 tests.adb:186 tests.adb:206 tests.adb:232 tests.adb:260 tests.adb:271 tests.adb:287 tests.adb:305 tests.adb:307 ...,unknown,
misc/Ada/Simulated-Annealing,simulated_annealing.adb:95,saturating,Clamp,"function Clamp (X, Lo, Hi : Real) return Real is",simulated_annealing.adb:210 simulated_annealing.adb:248,unknown,
misc/Ada/Simulated-Annealing,simulated_annealing.adb:161,const_return,Cool_Linear,return 0.0;,simulated_annealing.adb:279 simulated_annealing.adb:383 tests.adb:320 tests.adb:322 tests.adb:324 tests.adb:326 tests.adb:332 tests.adb:337,unknown,
misc/Ada/Sinkhorn-Knopp-Algorithm,sinkhorn_knopp_algorithm.adb:183,guarded_increment,Max_Marginal_Residual,if K < Row_Targets'Last then K := K + 1; end if; end loop;,sinkhorn_knopp_algorithm.adb:591 sinkhorn_knopp_algorithm.adb:652 tests.adb:104 tests.adb:297 tests.adb:307 tests.adb:477 tests.adb:487 tests.adb:653,unknown,
misc/Ada/Sinkhorn-Knopp-Algorithm,sinkhorn_knopp_algorithm.adb:190,guarded_increment,Max_Marginal_Residual,if K < Col_Targets'Last then K := K + 1; end if; end loop;,sinkhorn_knopp_algorithm.adb:591 sinkhorn_knopp_algorithm.adb:652 tests.adb:104 tests.adb:297 tests.adb:307 tests.adb:477 tests.adb:487 tests.adb:653,unknown,
misc/Ada/Sinkhorn-Knopp-Algorithm,sinkhorn_knopp_algorithm.adb:243,guarded_increment,Matrices_Near,if BJ < B'Last (2) then BJ := BJ + 1; end if; end loop;,tests.adb:170 tests.adb:171 tests.adb:292 tests.adb:361 tests.adb:403 tests.adb:423 tests.adb:655 tests.adb:667,unknown,
misc/Ada/Sinkhorn-Knopp-Algorithm,sinkhorn_knopp_algorithm.adb:248,guarded_increment,Matrices_Near,if BI < B'Last (1) then BI := BI + 1; end if; end loop;,tests.adb:170 tests.adb:171 tests.adb:292 tests.adb:361 tests.adb:403 tests.adb:423 tests.adb:655 tests.adb:667,unknown,
misc/Ada/Sinkhorn-Knopp-Algorithm,sinkhorn_knopp_algorithm.adb:268,guarded_increment,Frobenius_Distance,if BJ < B'Last (2) then BJ := BJ + 1; end if; end loop;,tests.adb:172 tests.adb:173,unknown,
misc/Ada/Sinkhorn-Knopp-Algorithm,sinkhorn_knopp_algorithm.adb:273,guarded_increment,Frobenius_Distance,if BI < B'Last (1) then BI := BI + 1; end if; end loop;,tests.adb:172 tests.adb:173,unknown,
misc/Ada/Sinkhorn-Knopp-Algorithm,sinkhorn_knopp_algorithm.adb:400,guarded_increment,Add,if BJ < B'Last (2) then BJ := BJ + 1; end if; end loop;,tests.adb:165 tests.adb:677,unknown,
misc/Ada/Sinkhorn-Knopp-Algorithm,sinkhorn_knopp_algorithm.adb:405,guarded_increment,Add,if BI < B'Last (1) then BI := BI + 1; end if; end loop;,tests.adb:165 tests.adb:677,unknown,
misc/Ada/Sinkhorn-Knopp-Algorithm,sinkhorn_knopp_algorithm.adb:441,guarded_increment,Normalize_Rows,if T < Targets'Last then T := T + 1; end if; end loop;,sinkhorn_knopp_algorithm.adb:418 sinkhorn_knopp_algorithm.adb:511 tests.adb:181 tests.adb:185 tests.adb:212 tests.adb:226 tests.adb:240 tests.adb:270 tests.adb:664,unknown,
misc/Ada/Sinkhorn-Knopp-Algorithm,sinkhorn_knopp_algorithm.adb:476,guarded_increment,Normalize_Columns,if T < Targets'Last then T := T + 1; end if; end loop;,sinkhorn_knopp_algorithm.adb:450 sinkhorn_knopp_algorithm.adb:512 tests.adb:182 tests.adb:186 tests.adb:255 tests.adb:664,unknown,
misc/Ada/Sinkhorn-Knopp-Algorithm,sinkhorn_knopp_algorithm.adb:619,guarded_increment,Solve_Core,if T < Row_Targets'Last then T := T + 1; end if; end loop;,sinkhorn_knopp_algorithm.adb:674 sinkhorn_knopp_algorithm.adb:690,unknown,
misc/Ada/Sinkhorn-Knopp-Algorithm,sinkhorn_knopp_algorithm.adb:645,guarded_increment,Solve_Core,if T < Col_Targets'Last then T := T + 1; end if; end loop;,sinkhorn_knopp_algorithm.adb:674 sinkhorn_knopp_algorithm.adb:690,unknown,
misc/Ada/Square-Root-Algorithms,square_root_algorithms.adb:49,const_return,Initial_Guess,G := 1.0;,square_root_algorithms.adb:93 square_root_algorithms.adb:290 square_root_algorithms.adb:306,unknown,
misc/Ada/Stochastic-Tunneling,stochastic_tunneling.adb:71,saturating,Clamp,"function Clamp (X, Lo, Hi : Real) return Real is",stochastic_tunneling.adb:207 stochastic_tunneling.adb:243 stochastic_tunneling.adb:307,unknown,
misc/Ada/Stones-Method,stones_method.adb:39,guarded_increment,Dot,if J < V'Last then J := J + 1; end if; end loop;,stones_method.adb:48 tests.adb:56 tests.adb:61 tests.adb:64,unknown,
misc/Ada/Stones-Method,stones_method.adb:66,guarded_increment,Add,if J < V'Last then J := J + 1; end if; end loop;,tests.adb:59,unknown,
misc/Ada/Stones-Method,stones_method.adb:79,guarded_increment,Sub,if J < V'Last then J := J + 1; end if; end loop;,stones_method.adb:155 stones_method.adb:319 tests.adb:60,unknown,
misc/Ada/Stones-Method,stones_method.adb:99,guarded_increment,Mat_Vec,if Col < A'Last (2) then Col := Col + 1; end if; end loop;,stones_method.adb:155 stones_method.adb:276 tests.adb:79 tests.adb:101 tests.adb:141,unknown,
misc/Ada/Successive-Over-Relaxation,successive_over_relaxation.adb:38,guarded_increment,Dot,if J < V'Last then J := J + 1; end if; end loop;,successive_over_relaxation.adb:47 tests.adb:56 tests.adb:61 tests.adb:64,unknown,
misc/Ada/Successive-Over-Relaxation,successive_over_relaxation.adb:65,guarded_increment,Add,if J < V'Last then J := J + 1; end if; end loop;,tests.adb:59,unknown,
misc/Ada/Successive-Over-Relaxation,successive_over_relaxation.adb:78,guarded_increment,Sub,if J < V'Last then J := J + 1; end if; end loop;,successive_over_relaxation.adb:176 tests.adb:60,unknown,
misc/Ada/Successive-Over-Relaxation,successive_over_relaxation.adb:98,guarded_increment,Mat_Vec,if Col < A'Last (2) then Col := Col + 1; end if; end loop;,successive_over_relaxation.adb:176 successive_over_relaxation.adb:243 tests.adb:79 tests.adb:124,unknown,
misc/Ada/Summed-Area-Table,summed_area_table.adb:35,saturating,Compute_2D_SAT,procedure Compute_2D_SAT (Input : in Grid_2D; Output : out Grid_2D) is,tests.adb:32 tests.adb:101 tests.adb:111,unknown,
misc/Ada/Summed-Area-Table,summed_area_table.adb:80,saturating,Compute_2D_Squared_SAT,procedure Compute_2D_Squared_SAT (Input : in Grid_2D; Output : out Grid_2D) is,tests.adb:89,unknown,
misc/Ada/Summed-Area-Table,summed_area_table.adb:120,saturating,Compute_3D_SAT,procedure Compute_3D_SAT (Input : in Grid_3D; Output : out Grid_3D) is,tests.adb:119,unknown,
misc/Ada/Supervised-Learning,supervised_learning.adb:242,attr_return,Train_Perceptron,Weight_Idx := Model.Weights'First;,tests.adb:187 tests.adb:194 tests.adb:205 tests.adb:216,unknown,
misc/Ada/Swarm-Intelligence,swarm_intelligence.adb:16,const_return,Sqrt_R,return 0.0;,swarm_intelligence.adb:90,unknown,
misc/Ada/Swarm-Intelligence,swarm_intelligence.adb:88,const_return,Norm2,return 0.0;,swarm_intelligence.adb:95 swarm_intelligence.adb:99 swarm_intelligence.adb:108 swarm_intelligence.adb:369 tests.adb:89 tests.adb:90 tests.adb:94 tests.adb:100 tests.adb:179 tests.adb:232 tests.adb:234 tests.adb:259 ...,unknown,
misc/Ada/Swarm-Intelligence,swarm_intelligence.adb:148,const_return,Evaporate_Pheromone,return 0.0;,tests.adb:146 tests.adb:148 tests.adb:150 tests.adb:152 tests.adb:159 tests.adb:161,unknown,
misc/Ada/Swarm-Intelligence,swarm_intelligence.adb:159,const_return,Deposit_Pheromone,return 0.0;,tests.adb:154 tests.adb:156 tests.adb:158,unknown,
misc/Ada/Toom-Cook,toom_cook.adb:290,guarded_increment,Sub,if Acc < 0 then Acc := Acc + Base; Borrow := -1; else,toom_cook.adb:411 toom_cook.adb:413 tests.adb:108 tests.adb:111 tests.adb:328,unknown,
misc/Ada/Traffic-Simulation,traffic_simulation.adb:48,min_max_clip,Advance_Microscopic,"State.Speed := Meters_Per_Second (Float'Max (0.0, New_Speed_Float));",tests.adb:45 tests.adb:55 tests.adb:66 tests.adb:76 tests.adb:87,unknown,
misc/Ada/Traffic-Simulation,traffic_simulation.adb:76,min_max_clip,Calculate_Macroscopic_State,"Resulting_Speed := Meters_Per_Second (Float'Max (0.0, Speed_Float));",tests.adb:98 tests.adb:106 tests.adb:114 tests.adb:122,unknown,
misc/Ada/Truncated-Binary-Exponential-Backoff,truncated_binary_exponential_backoff.adb:88,saturating,Clamp_Collision_Count,function Clamp_Collision_Count (,truncated_binary_exponential_backoff.adb:222 truncated_binary_exponential_backoff.adb:246 truncated_binary_exponential_backoff.adb:361 tests.adb:317 tests.adb:322 tests.adb:327 own_checks.adb:124,unknown,
misc/Ada/Truncated-Binary-Exponential-Backoff,truncated_binary_exponential_backoff.adb:194,const_return,Randomized_Delay,return 0;,truncated_binary_exponential_backoff.adb:250 tests.adb:86 tests.adb:94 tests.adb:102 own_checks.adb:80,unknown,
misc/Ada/Truncated-Binary-Exponential-Backoff,truncated_binary_exponential_backoff.adb:340,const_return,Expected_Delay,return 0;,truncated_binary_exponential_backoff.adb:365 tests.adb:229 tests.adb:237 tests.adb:245 own_checks.adb:59,unknown,
misc/Ada/Truncation-Selection,truncation_selection.adb:62,const_return,Truncation_Count,K := 1;,tests.adb:122 tests.adb:123 tests.adb:124 tests.adb:125 tests.adb:126 tests.adb:127 tests.adb:128 tests.adb:129 tests.adb:130 tests.adb:131 tests.adb:132 tests.adb:133 ...,unknown,
misc/Ada/Variational-Method,variational_method.adb:16,const_return,Sqrt,return 0.0;,variational_method.adb:18 variational_method.adb:125 variational_method.adb:202 variational_method.adb:255 variational_method.adb:263 variational_method.adb:331 variational_method.adb:422,unknown,
misc/Ada/Variational-Method,variational_method.adb:47,saturating,Clamp,"function Clamp (V, Lo, Hi : Real) return Real is",tests.adb:52 tests.adb:53 tests.adb:54,unknown,
misc/Ada/Vehicle-Routing-Problem,vehicle_routing_problem.adb:565,guarded_increment,Solve_Clarke_Wright,if Slot < Limit then Slot := Slot + 1; Result.Routes (Vehicle_Id (Slot)).Length := Routes (K).Length;,tests.adb:92 tests.adb:252 tests.adb:278 tests.adb:299 tests.adb:318 tests.adb:344 tests.adb:364 tests.adb:390 tests.adb:430 tests.adb:458 tests.adb:542 tests.adb:555 ...,unknown,
misc/Ada/Velvet,velvet.adb:65,guarded_increment,Rebuild_Out_Lists,if C < Max_Out_Degree then C := C + 1; G.Outs (F)(C) := E; end if;,velvet.adb:322 velvet.adb:423 velvet.adb:437 velvet.adb:439 velvet.adb:457 velvet.adb:459 velvet.adb:502,unknown,
misc/Ada/Wang-Landau,wang_landau.adb:156,const_return,Relative_L1,return 0.0;,tests.adb:132 tests.adb:133 tests.adb:187 tests.adb:202 tests.adb:211 tests.adb:224 tests.adb:241 tests.adb:250 tests.adb:391,unknown,
misc/Ada/Wang-Landau,wang_landau.adb:185,const_return,Canonical_Mean_Energy,return 0.0;,tests.adb:302 tests.adb:323 tests.adb:324,unknown,
misc/Ada/Wang-Landau,wang_landau.adb:299,min_max_clip,One_Step,"Natural'Max (Cfg.Max_Stages * Cfg.Steps_Per_Check * 200, 100_000);",wang_landau.adb:304 wang_landau.adb:400 wang_landau.adb:516,unknown,
misc/Ada/Wang-Landau,wang_landau.adb:395,min_max_clip,One_Step,"Natural'Max (Cfg.Max_Stages * Cfg.Steps_Per_Check * 500, 500_000);",wang_landau.adb:304 wang_landau.adb:400 wang_landau.adb:516,unknown,
misc/Ada/Wang-Landau,wang_landau.adb:511,min_max_clip,One_Step,"Natural'Max (Cfg.Max_Stages * Cfg.Steps_Per_Check * 800, 1_000_000);",wang_landau.adb:304 wang_landau.adb:400 wang_landau.adb:516,unknown,
misc/Ada/Yamartino-Method,yamartino_method.adb:18,saturating,Clamp01,function Clamp01 (X : Real) return Real is,yamartino_method.adb:231 yamartino_method.adb:235 yamartino_method.adb:242 yamartino_method.adb:292,unknown,
misc/Ada/Yamartino-Method,yamartino_method.adb:21,const_return,Clamp01,return 0.0;,yamartino_method.adb:231 yamartino_method.adb:235 yamartino_method.adb:242 yamartino_method.adb:292,unknown,
misc/Ada/Yamartino-Method,yamartino_method.adb:23,const_return,Clamp01,return 1.0;,yamartino_method.adb:231 yamartino_method.adb:235 yamartino_method.adb:242 yamartino_method.adb:292,unknown,
misc/Ada/Yamartino-Method,yamartino_method.adb:32,const_return,Sqrt_Safe,return 0.0;,yamartino_method.adb:231 yamartino_method.adb:238 yamartino_method.adb:292 yamartino_method.adb:298 yamartino_method.adb:317 yamartino_method.adb:349,unknown,
misc/Ada/Zellers-Congruence-Algorithm,zeller.adb:42,guarded_increment,Adjust_Month_Year,if Month < 3 then Month := Month + 12; Year := Year - 1; end if;,zeller.adb:66 zeller.adb:85,unknown,
misc/Ada/arc-cache,arc_cache.adb:88,min_max_clip,Put_Internal,"Delta_P := Len_B2 / Integer'Max (1, Len_B1);",arc_cache.adb:200 arc_cache.adb:205,unknown,
misc/Ada/arc-cache,arc_cache.adb:113,min_max_clip,Put_Internal,"Delta_P := Len_B1 / Integer'Max (1, Len_B2);",arc_cache.adb:200 arc_cache.adb:205,unknown,
misc/Ada/arc-cache,arc_cache.adb:115,min_max_clip,Put_Internal,"C.P := Integer'Max (0, C.P - Delta_P);",arc_cache.adb:200 arc_cache.adb:205,unknown,
misc/Ada/earliest-deadline,edf_scheduling.adb:37,guarded_increment,Add_Task,if Task_Count < Max_Tasks then Task_Count := Task_Count + 1; Tasks (Task_Count).Config := Config; Tasks (Task_C,main.adb:32 main.adb:33 main.adb:34 main.adb:62 main.adb:63 main.adb:64 main.adb:92 main.adb:93 main.adb:94 main.adb:118 main.adb:119 main.adb:147 ...,unknown,
misc/Ada/earliest-deadline,edf_scheduling.adb:96,attr_return,Run_Simulation,Tasks (I).Next_Release := Time_Unit'Last;,main.adb:37 main.adb:67 main.adb:97 main.adb:122 main.adb:152,unknown,
misc/Ada/rate-monotonic,three_dc.adb:134,const_return,Reconstruct_Z,Output_Z(I) := 0.0;,tests.adb:68 tests.adb:76 tests.adb:84 tests.adb:115,unknown,
misc/Ada/srt-simulation,srt_simulation.adb:69,attr_return,Simulate,Min_Remaining := Natural'Last;,srt_simulation.adb:211 srt_simulation.adb:216 srt_simulation.adb:221,unknown,
misc/SPARK2/Ada-SPARK-Coin-Change-II,coin_change_ii.adb:10,attr_return,Add,return Count'Last;,coin_change_ii.adb:24,no,"Count'Last = 100 but at most C(4 + 3, 3) = 35 ways exist (Amount <= 4, at most 4 denominations), so Add never saturates; score138 tune survivors on lines 9-10 were equivalent for this reason (handover H148)"
misc/SPARK2/Ada-SPARK-Delete-And-Earn-Stub,delete_and_earn_stub.adb:7,attr_return,Add_Bounded,return Result'Last;,delete_and_earn_stub.adb:30,unknown,
misc/SPARK2/Ada-SPARK-Delete-And-Earn-Stub,delete_and_earn_stub.adb:16,attr_return,Add_Result,return Result'Last;,delete_and_earn_stub.adb:36,unknown,
misc/SPARK2/Ada-SPARK-Design-Circular-Queue-Stub,design_circular_queue_stub.adb:17,attr_return,Next_Position,return Position'First;,tests.adb:10 tests.adb:11,unknown,
misc/SPARK2/Ada-SPARK-Distinct-Subsequences,distinct_subsequences.adb:9,attr_return,Add,return Count'Last;,distinct_subsequences.adb:28,unknown,
misc/SPARK2/Ada-SPARK-Fibonacci-DP,fibonacci_dp.adb:5,min_max_clip,Add_Bounded,"with Post => Add_Bounded'Result = Integer'Min (Left + Right, Result'Last) is begin if Left > Result'Last - Right then return Result'Last;",fibonacci_dp.adb:5 fibonacci_dp.adb:27,no,Post of Add_Bounded; the cap Result'Last = 55 = Fib (10) is never exceeded for N <= 10 (handover H149)
misc/SPARK2/Ada-SPARK-Fibonacci-DP,fibonacci_dp.adb:9,attr_return,Add_Bounded,return Result'Last;,fibonacci_dp.adb:5 fibonacci_dp.adb:27,no,"Previous + Current <= Fib (10) = 55 = Result'Last for every N <= 10, so the saturation branch is never taken (handover H149)"
misc/SPARK2/Ada-SPARK-Get-Maximum-In-Generated-Array,get_maximum_in_generated_array.adb:31,const_return,Generate,A (1) := 1;,get_maximum_in_generated_array.ads:58 get_maximum_in_generated_array.ads:59 get_maximum_in_generated_array.adb:46 tests.adb:24 tests.adb:25 tests.adb:26 tests.adb:28 tests.adb:38 own_checks.adb:88,unknown,
misc/SPARK2/Ada-SPARK-Hit-Counter-Stub,hit_counter_stub.adb:10,guarded_increment,Count_Recent,if Result < Capacity then Result := Result + 1; end if; end if;,tests.adb:9 tests.adb:10 tests.adb:11,unknown,
misc/SPARK2/Ada-SPARK-House-Robber-III-Stub,house_robber_iii_stub.adb:7,attr_return,Add_Bounded,return Result'Last;,house_robber_iii_stub.adb:22,unknown,
misc/SPARK2/Ada-SPARK-Kadanes-Algorithm,kadanes_algorithm.adb:8,guarded_increment,Maximum_Subarray,if Current < 0 then Current := Integer (A (I)); else Current := Current + Integer (A (I));,tests.adb:9 tests.adb:10,unknown,
misc/SPARK2/Ada-SPARK-Knapsack-01,knapsack_01.adb:14,min_max_clip,Maximum_Value,"Candidate := Integer'Min (1_000, Best (Capacity_Index (Remaining - Weights (Item))) + Values (Item));",tests.adb:10 tests.adb:11 own_checks.adb:67,no,"Integer'Min (1_000, ...): at most 5 items of value <= 100, so every candidate is <= 500 < 1_000 and the cap never applies (handover H150)"
misc/SPARK2/Ada-SPARK-Kth-Largest-In-Stream-Stub,kth_largest_in_stream_stub.adb:14,guarded_increment,Kth_Largest,if Greater < Capacity then Greater := Greater + 1; end if; end if;,tests.adb:9 tests.adb:10 tests.adb:11,unknown,
misc/SPARK2/Ada-SPARK-Length-Of-Last-Word,length_of_last_word.adb:9,guarded_increment,Last_Length,if Result < Length then Result := Result + 1; end if; elsif Result > 0 then,tests.adb:5 tests.adb:6 tests.adb:7,unknown,
misc/SPARK2/Ada-SPARK-Longest-Increasing-Subsequence,longest_increasing_subsequence.adb:8,attr_return,Add_One,return Result'Last;,longest_increasing_subsequence.adb:22 longest_increasing_subsequence.adb:23,unknown,
misc/SPARK2/Ada-SPARK-Longest-Mountain-In-Array,longest_mountain_in_array.adb:18,guarded_increment,Longest,if Left < Length_Type'Last then Left := Left + 1; end if; else,tests.adb:15 tests.adb:16 tests.adb:17 tests.adb:18 tests.adb:19 tests.adb:20 tests.adb:21 own_checks.adb:93,unknown,
misc/SPARK2/Ada-SPARK-Longest-Mountain-In-Array,longest_mountain_in_array.adb:29,guarded_increment,Longest,if Right < Length_Type'Last then Right := Right + 1; end if; else,tests.adb:15 tests.adb:16 tests.adb:17 tests.adb:18 tests.adb:19 tests.adb:20 tests.adb:21 own_checks.adb:93,unknown,
misc/SPARK2/Ada-SPARK-Longest-Palindromic-Subsequence,longest_palindromic_subsequence.adb:11,attr_return,Increment,return Length'Last;,longest_palindromic_subsequence.adb:22,no,"Increment is called on D (I + 1, J - 1) <= 14 and then on <= 15, never on Length'Last = 16 (score138 equivalent reasoning, seed 20264035) (handover H151)"
misc/SPARK2/Ada-SPARK-Max-Consecutive-Ones-II,max_consecutive_ones_ii.adb:10,guarded_increment,Find,if Without_Flip < Count'Last then Without_Flip := Without_Flip + 1; end if; if With_Flip < Count'Last then,tests.adb:9 tests.adb:10 tests.adb:11,unknown,
misc/SPARK2/Ada-SPARK-Max-Consecutive-Ones-II,max_consecutive_ones_ii.adb:13,guarded_increment,Find,if With_Flip < Count'Last then With_Flip := With_Flip + 1; end if; else,tests.adb:9 tests.adb:10 tests.adb:11,unknown,
misc/SPARK2/Ada-SPARK-Max-Consecutive-Ones,max_consecutive_ones.adb:9,guarded_increment,Find,if Current < Count'Last then Current := Current + 1; end if; if Current > Best then,tests.adb:9 tests.adb:10 tests.adb:11,unknown,
misc/SPARK2/Ada-SPARK-Maximum-Ice-Cream-Bars,maximum_ice_cream_bars.adb:9,attr_return,Bars_Bought,return Bar_Count'Last;,maximum_ice_cream_bars.ads:13 tests.adb:7 tests.adb:8 tests.adb:9 tests.adb:10 tests.adb:21,unknown,
misc/SPARK2/Ada-SPARK-Maximum-Subarray,maximum_subarray.adb:17,guarded_increment,Best_Sum,if Current < 0 then Current := Score (A (I)); else Current := Current + A (I);,tests.adb:9 tests.adb:11 tests.adb:13 own_checks.adb:63 own_checks.adb:64 own_checks.adb:77 own_checks.adb:87,yes,"not a clamp: Kadane restart (Current < 0 -> start again at A (I)); gcov under make-test inputs (tools/vv/clamp_cov.sh, GNAT 14.2.0): restart branch 5,755 times, extend branch 9,675 times"
misc/SPARK2/Ada-SPARK-Median-Filtering,median_filtering.adb:8,saturating,Clamp_Row,function Clamp_Row (R : Integer) return Row_Index,median_filtering.adb:61,yes,"edge replication at the image border, the documented boundary rule: Get (line 61) calls Clamp_Row (R + DR) / Clamp_Col (C + DC) with DR, DC in -1 .. 1 for every pixel, so row / column 1 and the last row / column take the First / Last branches on every image; gcov under make-test inputs (tools/vv/clamp_cov.sh, GNAT 14.2.0): low-side returns (lines 13, 26) and high-side returns (lines 15, 28) each run 14,544 times, in-range returns (17, 30) 319,968 times"
misc/SPARK2/Ada-SPARK-Median-Filtering,median_filtering.adb:13,attr_return,Clamp_Row,return Row_Index'First;,median_filtering.adb:61,yes,"edge replication at the image border, the documented boundary rule: Get (line 61) calls Clamp_Row (R + DR) / Clamp_Col (C + DC) with DR, DC in -1 .. 1 for every pixel, so row / column 1 and the last row / column take the First / Last branches on every image; gcov under make-test inputs (tools/vv/clamp_cov.sh, GNAT 14.2.0): low-side returns (lines 13, 26) and high-side returns (lines 15, 28) each run 14,544 times, in-range returns (17, 30) 319,968 times"
misc/SPARK2/Ada-SPARK-Median-Filtering,median_filtering.adb:15,attr_return,Clamp_Row,return Row_Index'Last;,median_filtering.adb:61,yes,"edge replication at the image border, the documented boundary rule: Get (line 61) calls Clamp_Row (R + DR) / Clamp_Col (C + DC) with DR, DC in -1 .. 1 for every pixel, so row / column 1 and the last row / column take the First / Last branches on every image; gcov under make-test inputs (tools/vv/clamp_cov.sh, GNAT 14.2.0): low-side returns (lines 13, 26) and high-side returns (lines 15, 28) each run 14,544 times, in-range returns (17, 30) 319,968 times"
misc/SPARK2/Ada-SPARK-Median-Filtering,median_filtering.adb:21,saturating,Clamp_Col,function Clamp_Col (C : Integer) return Col_Index,median_filtering.adb:61,yes,"edge replication at the image border, the documented boundary rule: Get (line 61) calls Clamp_Row (R + DR) / Clamp_Col (C + DC) with DR, DC in -1 .. 1 for every pixel, so row / column 1 and the last row / column take the First / Last branches on every image; gcov under make-test inputs (tools/vv/clamp_cov.sh, GNAT 14.2.0): low-side returns (lines 13, 26) and high-side returns (lines 15, 28) each run 14,544 times, in-range returns (17, 30) 319,968 times"
misc/SPARK2/Ada-SPARK-Median-Filtering,median_filtering.adb:26,attr_return,Clamp_Col,return Col_Index'First;,median_filtering.adb:61,yes,"edge replication at the image border, the documented boundary rule: Get (line 61) calls Clamp_Row (R + DR) / Clamp_Col (C + DC) with DR, DC in -1 .. 1 for every pixel, so row / column 1 and the last row / column take the First / Last branches on every image; gcov under make-test inputs (tools/vv/clamp_cov.sh, GNAT 14.2.0): low-side returns (lines 13, 26) and high-side returns (lines 15, 28) each run 14,544 times, in-range returns (17, 30) 319,968 times"
misc/SPARK2/Ada-SPARK-Median-Filtering,median_filtering.adb:28,attr_return,Clamp_Col,return Col_Index'Last;,median_filtering.adb:61,yes,"edge replication at the image border, the documented boundary rule: Get (line 61) calls Clamp_Row (R + DR) / Clamp_Col (C + DC) with DR, DC in -1 .. 1 for every pixel, so row / column 1 and the last row / column take the First / Last branches on every image; gcov under make-test inputs (tools/vv/clamp_cov.sh, GNAT 14.2.0): low-side returns (lines 13, 26) and high-side returns (lines 15, 28) each run 14,544 times, in-range returns (17, 30) 319,968 times"
misc/SPARK2/Ada-SPARK-Min-Cost-To-Connect-All-Points,min_cost_to_connect_all_points.adb:35,guarded_increment,Compute,if Total <= Total_Cost'Last - Best (Current) then Total := Total + Best (Current); end if; for P in Point_Index loop,tests.adb:9,unknown,
misc/SPARK2/Ada-SPARK-Minimum-ASCII-Delete-Sum,minimum_ascii_delete_sum.adb:9,attr_return,Add,return Cost'Last;,minimum_ascii_delete_sum.adb:22 minimum_ascii_delete_sum.adb:25 minimum_ascii_delete_sum.adb:32 minimum_ascii_delete_sum.adb:33,unknown,
misc/SPARK2/Ada-SPARK-N-th-Tribonacci,n_th_tribonacci.adb:5,min_max_clip,Add_Bounded,"with Post => Add_Bounded'Result = Integer'Min (Left + Right, Result'Last) is begin if Left > Result'Last - Right then return Result'Last;",n_th_tribonacci.adb:5 n_th_tribonacci.adb:30,unknown,
misc/SPARK2/Ada-SPARK-N-th-Tribonacci,n_th_tribonacci.adb:9,attr_return,Add_Bounded,return Result'Last;,n_th_tribonacci.adb:5 n_th_tribonacci.adb:30,unknown,
misc/SPARK2/Ada-SPARK-Online-Stock-Span-Stub,online_stock_span_stub.adb:18,guarded_increment,Next,if Result < Capacity then Result := Result + 1; end if; end loop;,tests.adb:11 tests.adb:12 tests.adb:13 tests.adb:14 tests.adb:15 tests.adb:16 tests.adb:17 tests.adb:18,unknown,
misc/SPARK2/Ada-SPARK-Online-Stock-Span,online_stock_span.adb:12,guarded_increment,All_Spans,if Count < Span'Last then Count := Count + 1; end if; end loop;,tests.adb:5,unknown,
misc/SPARK2/Ada-SPARK-Paint-House-Stub,paint_house_stub.adb:7,attr_return,Add_Bounded,return Result'Last;,paint_house_stub.adb:28 paint_house_stub.adb:29,unknown,
misc/SPARK2/Ada-SPARK-Palindrome-Partitioning-II,palindrome_partitioning_ii.adb:12,attr_return,Increment,return Length'Last;,palindrome_partitioning_ii.adb:36,unknown,
misc/SPARK2/Ada-SPARK-Partition-Around-Pivot,partition_around_pivot.adb:11,guarded_increment,Partition,if Position < Index'Last then Position := Position + 1; end if; end if;,tests.adb:8 own_checks.adb:42,yes,"Position stops at Index'Last after the last write of the first loop (all 5 values <= Pivot); gcov under make-test inputs (tools/vv/clamp_cov.sh, GNAT 14.2.0): guard 131,442 times, increment 121,818, so the stop is taken 9,624 times"
misc/SPARK2/Ada-SPARK-Partition-Around-Pivot,partition_around_pivot.adb:19,guarded_increment,Partition,if Position < Index'Last then Position := Position + 1; end if; end if;,tests.adb:8 own_checks.adb:42,yes,"Position stops at Index'Last after the final write of the second loop; gcov under make-test inputs (tools/vv/clamp_cov.sh, GNAT 14.2.0): guard 118,563 times, increment 78,186, stop taken 40,377 times"
misc/SPARK2/Ada-SPARK-Partition-List,src/partition_list.adb:22,guarded_increment,Solve,if Write < Capacity then Write := Write + 1; L.Data (Write) := Original (I); end if;,tests/main.adb:29 tests/main.adb:71,no,"each of the Length <= Capacity elements is written at most once across the two loops, so Write < Length <= Capacity before every write and the skip never happens (handover H157); gcov under make-test inputs (tools/vv/clamp_cov.sh, GNAT 14.2.0): guard 57,446 = increment 57,446"
misc/SPARK2/Ada-SPARK-Partition-List,src/partition_list.adb:30,guarded_increment,Solve,if Write < Capacity then Write := Write + 1; L.Data (Write) := Original (I); end if;,tests/main.adb:29 tests/main.adb:71,no,"same: Write < Length <= Capacity before every write (handover H157); gcov under make-test inputs (tools/vv/clamp_cov.sh, GNAT 14.2.0): guard 79,250 = increment 79,250"
misc/SPARK2/Ada-SPARK-Pascal-Triangle-II,pascal_triangle_ii.adb:5,min_max_clip,Add_Bounded,"with Post => Add_Bounded'Result = Integer'Min (Left + Right, Result'Last) is begin if Left > Result'Last - Right then return Result'Last;",pascal_triangle_ii.adb:5 pascal_triangle_ii.adb:22,unknown,
misc/SPARK2/Ada-SPARK-Pascal-Triangle-II,pascal_triangle_ii.adb:9,attr_return,Add_Bounded,return Result'Last;,pascal_triangle_ii.adb:5 pascal_triangle_ii.adb:22,unknown,
misc/SPARK2/Ada-SPARK-Path-Sum,path_sum.adb:73,attr_return,Subtract_Value,return Accumulator'Last;,path_sum.adb:100,unknown,
misc/SPARK2/Ada-SPARK-Path-Sum,path_sum.adb:75,attr_return,Subtract_Value,return Accumulator'First;,path_sum.adb:100,unknown,
misc/SPARK2/Ada-SPARK-Ravenscar-Job-Pool,job_pool.adb:123,guarded_increment,Mark_Done,if Free < Max_Jobs then Free := Free + 1; end if; if Busy > 0 then,job_pool.adb:175,unknown,
misc/SPARK2/Ada-SPARK-Remove-All-Adjacent-Duplicates-II,remove_adjacent_duplicates_ii.adb:12,guarded_increment,Remove_Duplicates,elsif Write < 32 then Write := Write + 1; Output (Index (Write)) := Input (Index (I)); end if;,tests.adb:9,unknown,
misc/SPARK2/Ada-SPARK-Remove-All-Adjacent-Duplicates,remove_adjacent_duplicates.adb:12,guarded_increment,Remove_Duplicates,elsif Write < 32 then Write := Write + 1; Output (Index (Write)) := Input (Index (I)); end if;,tests.adb:9,unknown,
misc/SPARK2/Ada-SPARK-Remove-Duplicate-Letters,remove_duplicate_letters.adb:21,guarded_increment,Keep_First,if Write < Length_Type'Last then Write := Write + 1; Output (Write) := Input (I); end if;,tests.adb:8,unknown,
misc/SPARK2/Ada-SPARK-Reorder-List,reorder_list.adb:36,guarded_increment,Reorder,if Out_Pos < Position'Last then Out_Pos := Out_Pos + 1; end if; if I <= L.Size / 2 then,tests.adb:9,unknown,
misc/SPARK2/Ada-SPARK-Reorder-List,reorder_list.adb:41,guarded_increment,Reorder,if Out_Pos < Position'Last then Out_Pos := Out_Pos + 1; end if; end if;,tests.adb:9,unknown,
misc/SPARK2/Ada-SPARK-Shortest-Common-Supersequence-Lite,shortest_common_supersequence_lite.adb:11,attr_return,Increment,return Length'Last;,shortest_common_supersequence_lite.adb:23,unknown,
misc/SPARK2/Ada-SPARK-Simplify-Path-Stub,simplify_path_stub.adb:16,guarded_increment,Simplified_Depth,if Result < Max_Tokens then Result := Result + 1; end if; end case;,tests.adb:8 tests.adb:9,unknown,
misc/SPARK2/Ada-SPARK-Stock-Spanner-Stub,stock_spanner_stub.adb:10,guarded_increment,Span,if Result < Day_Index'Last then Result := Result + 1; end if; end loop;,tests.adb:9 tests.adb:10 tests.adb:11 tests.adb:12,unknown,
misc/SPARK2/Ada-SPARK-Subarrays-With-K-Different-Integers,subarrays_with_k_different_integers.adb:16,guarded_increment,Count,if Distinct < Different_Count'Last then Distinct := Distinct + 1; end if; end if;,tests.adb:8 tests.adb:9 tests.adb:10,unknown,
misc/SPARK2/Ada-SPARK-Sum-Of-Left-Leaves,sum_of_left_leaves.adb:54,guarded_increment,Sum_Left_Leaves,if Total <= Sum'Last - T.Values (N) then Total := Total + T.Values (N); end if; elsif Total >= Sum'First - T.Values (N) t,tests.adb:9,unknown,
misc/SPARK2/Ada-SPARK-Target-Sum,target_sum.adb:9,attr_return,Add,return Count'Last;,target_sum.adb:28 target_sum.adb:31,unknown,
misc/SPARK2/Ada-SPARK-Tribonacci-Number,tribonacci_number.adb:5,min_max_clip,Add_Bounded,"with Post => Add_Bounded'Result = Integer'Min (Left + Right, Result'Last) is begin if Left > Result'Last - Right then return Result'Last;",tribonacci_number.adb:5 tribonacci_number.adb:30,unknown,
misc/SPARK2/Ada-SPARK-Tribonacci-Number,tribonacci_number.adb:9,attr_return,Add_Bounded,return Result'Last;,tribonacci_number.adb:5 tribonacci_number.adb:30,unknown,
misc/SPARK2/Ada-SPARK-Tribonacci,tribonacci.adb:7,attr_return,Add_Bounded,return Result'Last;,tribonacci.adb:28,unknown,
misc/SPARK2/Ada-SPARK-Unique-Email-Addresses,unique_emails.adb:17,guarded_increment,Normalize,if Write < 32 then Write := Write + 1; Output (Index (Write)) := Input (I); end if;,tests.adb:9,unknown,
misc/SPARK2/Ada-SPARK-Unique-Email-Addresses,unique_emails.adb:22,guarded_increment,Normalize,if Write < 32 then Write := Write + 1; Output (Index (Write)) := '@'; end if;,tests.adb:9,unknown,
misc/SPARK2/Ada-SPARK-Unique-Email-Addresses,unique_emails.adb:31,guarded_increment,Normalize,elsif Write < 32 then Write := Write + 1; Output (Index (Write)) := Input (I); end if;,tests.adb:9,unknown,
misc/SPARK2/Ada-SPARK-Validate-Stack-Sequences,validate_stack_sequences.adb:10,guarded_increment,Valid,if Top < Capacity then Next_Push := Next_Push + 1; Top := Top + 1; Work (Top) := Pushed (Next_Push); el,tests.adb:8 own_checks.adb:78,no,"Top <= Next_Push < N <= Capacity whenever the guard runs (the while condition requires Next_Push < N), so the else (Good := False) never fires (handover H159); gcov under make-test inputs (tools/vv/clamp_cov.sh, GNAT 14.2.0): guard 40,155 = increment 40,155"
misc/SPARK2/Ada-SPARK-Word-Break-II,word_break_ii.adb:9,attr_return,Add,return Count'Last;,word_break_ii.adb:22,unknown,
misc/SPARK4/Ada-SPARK-Package-Merge-Algorithm,package_merge.adb:66,const_return,Ensure_Length_Bounds,Lengths (I) := 1;,package_merge.adb:305 package_merge.adb:367,unknown,
ml/Ada/BrownBoost,brown_boost.adb:85,const_return,F1,return 0.0;,brown_boost.adb:84 brown_boost.adb:88 brown_boost.adb:95 brown_boost.adb:172 brown_boost.adb:289 brown_boost.adb:291 brown_boost.adb:292 brown_boost.adb:299 brown_boost.adb:300 brown_boost.adb:318 brown_boost.adb:332 brown_boost.adb:336 ...,unknown,
ml/Ada/BrownBoost,brown_boost.adb:156,const_return,Solve_Bisection,T := 0.0001;,brown_boost.adb:404,unknown,
ml/Ada/BrownBoost,brown_boost.adb:237,const_return,Alpha_At,return 0.0;,brown_boost.adb:335 brown_boost.adb:341,unknown,
ml/Ada/BrownBoost,brown_boost.adb:305,min_max_clip,Alpha_At,"A_New := Value_Type'Max (A_Curr + Lambda * dA, 0.0);",brown_boost.adb:335 brown_boost.adb:341,unknown,
ml/Ada/BrownBoost,brown_boost.adb:306,min_max_clip,Alpha_At,"U_New := Value_Type'Min (Value_Type'Max (U_Curr + Lambda * dU, 0.0), S);",brown_boost.adb:335 brown_boost.adb:341,unknown,
ml/Ada/BrownBoost,brown_boost.adb:338,const_return,Alpha_At,U_Curr := 0.0;,brown_boost.adb:335 brown_boost.adb:341,unknown,
ml/Ada/BrownBoost,brown_boost.adb:349,const_return,Alpha_At,T := 0.0001;,brown_boost.adb:335 brown_boost.adb:341,unknown,
ml/Ada/Expectation-Maximization,expectation_maximization.adb:91,saturating,Clamp_Prob,function Clamp_Prob (P : Real; Eps : Real := Prob_Eps) return Real is,expectation_maximization.ads:128 expectation_maximization.ads:129 tests.adb:75 tests.adb:76 tests.adb:77 expectation_maximization.adb:144 expectation_maximization.adb:221 expectation_maximization.adb:259 expectation_maximization.adb:314 expectation_maximization.adb:346 expectation_maximization.adb:393 expectation_maximization.adb:429 ...,unknown,
ml/Ada/Expectation-Maximization,expectation_maximization.adb:128,saturating,Clamp_Count,function Clamp_Count (X : Real; Trials : Positive) return Real is,expectation_maximization.adb:143 expectation_maximization.adb:306,unknown,
ml/Ada/Expectation-Maximization,expectation_maximization.adb:132,const_return,Clamp_Count,C := 0.0;,expectation_maximization.adb:143 expectation_maximization.adb:306,unknown,
ml/Ada/Expectation-Maximization,expectation_maximization.adb:578,const_return,Random_Init_GMM,Cand := 0;,tests.adb:567 tests.adb:568 tests.adb:625 tests.adb:640,unknown,
ml/Ada/Expectation-Maximization,expectation_maximization.adb:586,attr_return,Random_Init_GMM,Idx := Data'Last;,tests.adb:567 tests.adb:568 tests.adb:625 tests.adb:640,unknown,
ml/Ada/Expectation-Maximization,expectation_maximization.adb:590,guarded_increment,Random_Init_GMM,if Idx < Data'Last then Idx := Idx + 1; else Idx := Data'First;,tests.adb:567 tests.adb:568 tests.adb:625 tests.adb:640,unknown,
ml/Ada/Expectation-Maximization,expectation_maximization.adb:593,attr_return,Random_Init_GMM,Idx := Data'First;,tests.adb:567 tests.adb:568 tests.adb:625 tests.adb:640,unknown,
ml/Ada/Forward-Backward,forward_backward.adb:36,attr_return,Exp,return Real'Last;,forward_backward.adb:38 forward_backward.adb:52 forward_backward.adb:55 forward_backward.adb:92 forward_backward.adb:506 tests.adb:88 tests.adb:89 tests.adb:90 tests.adb:529 tests.adb:530,unknown,
ml/Ada/Forward-Backward,forward_backward.adb:498,attr_return,Forward_Backward_Scaled,Lik := Real'Last;,tests.adb:308 tests.adb:501 tests.adb:552 tests.adb:575 tests.adb:631,unknown,
ml/Ada/Hidden-Markov-Model,hidden_markov_model.adb:89,attr_return,Exp,return Real'Last;,hidden_markov_model.adb:91 hidden_markov_model.adb:426 hidden_markov_model.adb:844 hidden_markov_model.adb:851 tests.adb:66 tests.adb:67 tests.adb:68 tests.adb:178,unknown,
ml/Ada/Hidden-Markov-Model,hidden_markov_model.adb:422,attr_return,Forward_Backward,Lik := Real'Last;,hidden_markov_model.adb:500 hidden_markov_model.adb:510 hidden_markov_model.adb:520 hidden_markov_model.adb:537 hidden_markov_model.adb:940 tests.adb:269 tests.adb:319,unknown,
ml/Ada/Hidden-Markov-Model,hidden_markov_model.adb:713,const_return,Viterbi_Decode,Best_V := 0.0;,tests.adb:163 tests.adb:201 tests.adb:460 tests.adb:534 tests.adb:567 tests.adb:568,unknown,
ml/Ada/Hidden-Markov-Model,hidden_markov_model.adb:881,const_return,M_Step_From_Stats,Pi_Num (I) := 0.0;,hidden_markov_model.adb:972,unknown,
ml/Ada/Hidden-Markov-Model,hidden_markov_model.adb:893,const_return,M_Step_From_Stats,Sum := 0.0;,hidden_markov_model.adb:972,unknown,
ml/Ada/Hidden-Markov-Model,hidden_markov_model.adb:913,const_return,M_Step_From_Stats,Sum := 0.0;,hidden_markov_model.adb:972,unknown,
ml/Ada/LPBoost,lpboost.adb:144,const_return,Do_Phase,U (I) := 0.0;,lpboost.adb:131 lpboost.adb:134,unknown,
ml/Ada/Policy-Iteration,policy_iteration.adb:898,saturating,Clip,"procedure Clip (Row, Col : in out Integer) is",policy_iteration.adb:968,unknown,
ml/Ada/Policy-Iteration,policy_iteration.adb:901,const_return,Clip,Row := 1;,policy_iteration.adb:968,unknown,
ml/Ada/Policy-Iteration,policy_iteration.adb:903,const_return,Clip,Row := 3;,policy_iteration.adb:968,unknown,
ml/Ada/Policy-Iteration,policy_iteration.adb:906,const_return,Clip,Col := 1;,policy_iteration.adb:968,unknown,
ml/Ada/Policy-Iteration,policy_iteration.adb:908,const_return,Clip,Col := 3;,policy_iteration.adb:968,unknown,
ml/Ada/Random-Forest,random_forest.adb:58,min_max_clip,Get_Subspace,"Sub_Size : constant Positive := Positive (Float'Max (1.0, Float'Rounding (Sqrt (Float (Total_Features)))));",random_forest.adb:138 random_forest.adb:327,unknown,
ml/Ada/Support-Vector-Machine,svm.adb:242,min_max_clip,Train_Dual_SMO,"L := Real'Max (0.0, Alphas (J) - Alphas (I));",svm.ads:76 tests.adb:85 tests.adb:95 tests.adb:110 tests.adb:157 tests.adb:173,unknown,
ml/Ada/Support-Vector-Machine,svm.adb:245,min_max_clip,Train_Dual_SMO,"L := Real'Max (0.0, Alphas (I) + Alphas (J) - C);",svm.ads:76 tests.adb:85 tests.adb:95 tests.adb:110 tests.adb:157 tests.adb:173,unknown,
ml/Ada/Value-Iteration,value_iteration.adb:755,saturating,Clip,"procedure Clip (Row, Col : in out Integer) is",value_iteration.adb:826,unknown,
ml/Ada/Value-Iteration,value_iteration.adb:758,const_return,Clip,Row := 1;,value_iteration.adb:826,unknown,
ml/Ada/Value-Iteration,value_iteration.adb:760,const_return,Clip,Row := 3;,value_iteration.adb:826,unknown,
ml/Ada/Value-Iteration,value_iteration.adb:763,const_return,Clip,Col := 1;,value_iteration.adb:826,unknown,
ml/Ada/Value-Iteration,value_iteration.adb:765,const_return,Clip,Col := 3;,value_iteration.adb:826,unknown,
ml/Ada/Viterbi,viterbi.adb:37,attr_return,Exp,return Real'Last;,viterbi.adb:39 viterbi.adb:503 viterbi.adb:510 tests.adb:68 tests.adb:69 tests.adb:70 tests.adb:71 tests.adb:183 tests.adb:235 tests.adb:237 tests.adb:281 tests.adb:289 ...,unknown,
ml/Ada/Viterbi,viterbi.adb:367,const_return,Viterbi_Decode,Best_V := 0.0;,tests.adb:167 tests.adb:168 tests.adb:204 tests.adb:221 tests.adb:249 tests.adb:277 tests.adb:285 tests.adb:293 tests.adb:303 tests.adb:318 tests.adb:358 tests.adb:396 ...,unknown,
numerical/Ada/BBP,bbp.adb:47,guarded_increment,Frac,if Y < 0.0 then Y := Y + 1.0; end if; if Y >= 1.0 then,bbp.adb:177 bbp.adb:190 bbp.adb:205,unknown,
numerical/Ada/BBP,bbp.adb:219,const_return,Hex_Digit_Of_Pi,D := 0;,tests.adb:115 tests.adb:252 tests.adb:278 tests.adb:329 tests.adb:352 tests.adb:396,unknown,
numerical/Ada/BBP,bbp.adb:221,const_return,Hex_Digit_Of_Pi,D := 15;,tests.adb:115 tests.adb:252 tests.adb:278 tests.adb:329 tests.adb:352 tests.adb:396,unknown,
numerical/Ada/BFGS,bfgs.adb:52,guarded_increment,Dot,if J < B'Last then J := J + 1; end if; end loop;,bfgs.adb:207 bfgs.adb:296 bfgs.adb:503 bfgs.adb:531 bfgs.adb:535 tests.adb:76 tests.adb:83 tests.adb:166 tests.adb:177 tests.adb:189 tests.adb:291 tests.adb:447,unknown,
numerical/Ada/BFGS,bfgs.adb:65,guarded_increment,Add,if J < B'Last then J := J + 1; end if; end loop;,bfgs.adb:302 bfgs.adb:527 tests.adb:77 tests.adb:288 tests.adb:291,unknown,
numerical/Ada/BFGS,bfgs.adb:78,guarded_increment,Sub,if J < B'Last then J := J + 1; end if; end loop;,bfgs.adb:530 tests.adb:79,unknown,
numerical/Ada/BFGS,bfgs.adb:133,guarded_increment,Outer,if VJ < V'Last then VJ := VJ + 1; end if; end loop;,bfgs.adb:240 bfgs.adb:242 bfgs.adb:247 tests.adb:106,unknown,
numerical/Ada/BFGS,bfgs.adb:137,guarded_increment,Outer,if UI < U'Last then UI := UI + 1; end if; end loop;,bfgs.adb:240 bfgs.adb:242 bfgs.adb:247 tests.adb:106,unknown,
numerical/Ada/BFGS,bfgs.adb:475,guarded_increment,Eval_Grad,if XI < X0'Last then XI := XI + 1; end if; end loop;,bfgs.adb:482 bfgs.adb:529,unknown,
numerical/Ada/BKM,bkm.adb:210,guarded_increment,Exp,if R < 0.0 then R := R + Ln_2; N := N - 1; end if;,bkm.adb:90 tests.adb:102 tests.adb:105 tests.adb:109 tests.adb:112 tests.adb:115 tests.adb:118 tests.adb:121 tests.adb:124 tests.adb:127 tests.adb:128 tests.adb:216 ...,unknown,
numerical/Ada/Biconjugate-Gradient,biconjugate_gradient.adb:38,guarded_increment,Dot,if J < V'Last then J := J + 1; end if; end loop;,tests.adb:56 tests.adb:61 tests.adb:64 biconjugate_gradient.adb:47 biconjugate_gradient.adb:361 biconjugate_gradient.adb:382 biconjugate_gradient.adb:414,unknown,
numerical/Ada/Biconjugate-Gradient,biconjugate_gradient.adb:65,guarded_increment,Add,if J < V'Last then J := J + 1; end if; end loop;,tests.adb:59 biconjugate_gradient.adb:400 biconjugate_gradient.adb:432 biconjugate_gradient.adb:433,unknown,
numerical/Ada/Biconjugate-Gradient,biconjugate_gradient.adb:78,guarded_increment,Sub,if J < V'Last then J := J + 1; end if; end loop;,tests.adb:60 biconjugate_gradient.adb:191 biconjugate_gradient.adb:401 biconjugate_gradient.adb:404,unknown,
numerical/Ada/Biconjugate-Gradient,biconjugate_gradient.adb:98,guarded_increment,Mat_Vec,if Col < A'Last (2) then Col := Col + 1; end if; end loop;,tests.adb:77 tests.adb:88 tests.adb:121 tests.adb:132 tests.adb:155 tests.adb:174 tests.adb:229 tests.adb:245 tests.adb:259 tests.adb:344 tests.adb:360 tests.adb:399 ...,unknown,
numerical/Ada/Biconjugate-Gradient,biconjugate_gradient.adb:122,guarded_increment,Mat_Vec_T,if Row < A'Last (1) then Row := Row + 1; end if; end loop;,tests.adb:78 tests.adb:121 tests.adb:399 biconjugate_gradient.adb:404,unknown,
numerical/Ada/Bisection-Method,bisection_method.adb:72,min_max_clip,Iterations_Needed,"Natural (Real'Max (0.0, Real'Truncation (L)));",tests.adb:126 tests.adb:128 tests.adb:130 tests.adb:132 tests.adb:134 tests.adb:136 tests.adb:138 tests.adb:316,unknown,
numerical/Ada/Cantor-Zassenhaus,cantor_zassenhaus.adb:137,const_return,Leading_Coefficient,return 0;,tests.adb:83 tests.adb:167,unknown,
numerical/Ada/Chakravala,chakravala.adb:35,const_return,Floor_Sqrt,Hi := 3_037_000_499;,chakravala.adb:55 chakravala.adb:101 chakravala.adb:137 tests.adb:75 tests.adb:76 tests.adb:77 tests.adb:78 tests.adb:79 tests.adb:80 tests.adb:81 tests.adb:82 tests.adb:83,unknown,
numerical/Ada/Chakravala,chakravala.adb:112,const_return,Initial_Triple,A := 1;,chakravala.adb:245 tests.adb:138 tests.adb:143 tests.adb:148 tests.adb:152 tests.adb:160,unknown,
numerical/Ada/Chakravala,chakravala.adb:148,const_return,Choose_M,M := 1;,chakravala.adb:274 tests.adb:153 tests.adb:164,unknown,
numerical/Ada/Conjugate-Gradient,conjugate_gradient.adb:38,guarded_increment,Dot,if J < V'Last then J := J + 1; end if; end loop;,tests.adb:56 tests.adb:61 tests.adb:64 conjugate_gradient.adb:47 conjugate_gradient.adb:278 conjugate_gradient.adb:294 conjugate_gradient.adb:303 conjugate_gradient.adb:357 conjugate_gradient.adb:431 conjugate_gradient.adb:439 conjugate_gradient.adb:443 conjugate_gradient.adb:450,unknown,
numerical/Ada/Conjugate-Gradient,conjugate_gradient.adb:65,guarded_increment,Add,if J < V'Last then J := J + 1; end if; end loop;,tests.adb:59 conjugate_gradient.adb:301 conjugate_gradient.adb:314 conjugate_gradient.adb:395 conjugate_gradient.adb:448 conjugate_gradient.adb:461,unknown,
numerical/Ada/Conjugate-Gradient,conjugate_gradient.adb:78,guarded_increment,Sub,if J < V'Last then J := J + 1; end if; end loop;,tests.adb:60 conjugate_gradient.adb:154 conjugate_gradient.adb:302,unknown,
numerical/Ada/Conjugate-Gradient,conjugate_gradient.adb:98,guarded_increment,Mat_Vec,if Col < A'Last (2) then Col := Col + 1; end if; end loop;,tests.adb:79 tests.adb:159 tests.adb:220 tests.adb:239 tests.adb:253 conjugate_gradient.adb:154 conjugate_gradient.adb:293,unknown,
numerical/Ada/Extended-Euclidean-Algorithm,extended_euclidean.adb:25,guarded_increment,Mod_Nonneg,if R < 0 then R := R + M; end if; return R;,extended_euclidean.adb:35 extended_euclidean.adb:150 extended_euclidean.adb:155 tests.adb:64 tests.adb:65 tests.adb:66 tests.adb:67,unknown,
numerical/Ada/Furer,furer.adb:265,guarded_increment,Sub,if Acc < 0 then Acc := Acc + Base; Borrow := 1; else,tests.adb:142 tests.adb:145 tests.adb:286,unknown,
numerical/Ada/Gauss-Newton,gauss_newton.adb:100,guarded_increment,Dot,if J < B'Last then J := J + 1; end if; end loop;,tests.adb:80 tests.adb:540,unknown,
numerical/Ada/Gauss-Newton,gauss_newton.adb:113,guarded_increment,Residual_Dot,if J < B'Last then J := J + 1; end if; end loop;,tests.adb:87,unknown,
numerical/Ada/Gauss-Newton,gauss_newton.adb:126,guarded_increment,Add,if J < B'Last then J := J + 1; end if; end loop;,tests.adb:81 gauss_newton.adb:638,unknown,
numerical/Ada/Gauss-Newton,gauss_newton.adb:139,guarded_increment,Sub,if J < B'Last then J := J + 1; end if; end loop;,tests.adb:83,unknown,
numerical/Ada/Gauss-Newton,gauss_newton.adb:205,guarded_increment,JTr,if Rj < R'Last then Rj := Rj + 1; end if; end loop;,tests.adb:122 tests.adb:533 gauss_newton.adb:611,unknown,
numerical/Ada/Gauss-Newton,gauss_newton.adb:233,guarded_increment,Mat_Vec,if Xj < X'Last then Xj := Xj + 1; end if; end loop;,tests.adb:126 tests.adb:129 tests.adb:527,unknown,
numerical/Ada/Gauss-Newton,gauss_newton.adb:504,guarded_increment,Sphere_Residuals,if K < R'Last then K := K + 1; end if; end loop;,tests.adb:281 tests.adb:387,unknown,
numerical/Ada/Gradient-Descent,gradient_descent.adb:51,guarded_increment,Dot,if J < B'Last then J := J + 1; end if; end loop;,tests.adb:92 tests.adb:99 tests.adb:103 tests.adb:252 tests.adb:619 tests.adb:621 gradient_descent.adb:143 gradient_descent.adb:434,unknown,
numerical/Ada/Gradient-Descent,gradient_descent.adb:64,guarded_increment,Add,if J < B'Last then J := J + 1; end if; end loop;,tests.adb:93 tests.adb:248 tests.adb:251 gradient_descent.adb:148 gradient_descent.adb:172 gradient_descent.adb:182 gradient_descent.adb:372 gradient_descent.adb:440 gradient_descent.adb:460,unknown,
numerical/Ada/Gradient-Descent,gradient_descent.adb:77,guarded_increment,Sub,if J < B'Last then J := J + 1; end if; end loop;,tests.adb:95 gradient_descent.adb:165 gradient_descent.adb:180 gradient_descent.adb:374 gradient_descent.adb:462 gradient_descent.adb:518,unknown,
numerical/Ada/Hybrid-Monte-Carlo,hybrid_monte_carlo.adb:44,const_return,Sqrt_R,return 0.0;,hybrid_monte_carlo.adb:71,unknown,
numerical/Ada/Interior-Point-Method,interior_point_method.adb:62,const_return,Norm2,return 0.0;,tests.adb:102 tests.adb:552 tests.adb:632,unknown,
numerical/Ada/Interior-Point-Method,interior_point_method.adb:149,guarded_increment,Mat_Vec,if Xj < X'Last then Xj := Xj + 1; end if; end loop;,interior_point_method.adb:296 interior_point_method.adb:329 interior_point_method.adb:381 interior_point_method.adb:495 tests.adb:136 tests.adb:153 tests.adb:166 tests.adb:540,unknown,
numerical/Ada/Interior-Point-Method,interior_point_method.adb:171,guarded_increment,Mat_Vec_T,if Yi < Y'Last then Yi := Yi + 1; end if; end loop;,interior_point_method.adb:319 interior_point_method.adb:406 interior_point_method.adb:522 tests.adb:137,unknown,
numerical/Ada/Interior-Point-Method,interior_point_method.adb:194,guarded_increment,Mat_Vec,if Xj < X'Last then Xj := Xj + 1; end if; end loop;,interior_point_method.adb:296 interior_point_method.adb:329 interior_point_method.adb:381 interior_point_method.adb:495 tests.adb:136 tests.adb:153 tests.adb:166 tests.adb:540,unknown,
numerical/Ada/Karatsuba,karatsuba.adb:265,guarded_increment,Sub,if Acc < 0 then Acc := Acc + Base; Borrow := -1; else,tests.adb:108 tests.adb:111 tests.adb:344 karatsuba.adb:446,unknown,
numerical/Ada/Lanczos-Resampling,lanczos_resampling.adb:104,const_return,Reflect_Index,return 0;,lanczos_resampling.adb:143 lanczos_resampling.adb:170 lanczos_resampling.adb:171,unknown,
numerical/Ada/Lanczos-Resampling,lanczos_resampling.adb:116,saturating,Clamp_Index,"function Clamp_Index (I, Last : Integer) return Integer is",lanczos_resampling.adb:140 lanczos_resampling.adb:166 lanczos_resampling.adb:167,unknown,
numerical/Ada/Lanczos-Resampling,lanczos_resampling.adb:119,const_return,Clamp_Index,return 0;,lanczos_resampling.adb:140 lanczos_resampling.adb:166 lanczos_resampling.adb:167,unknown,
numerical/Ada/Levenberg-Marquardt,levenberg_marquardt.adb:100,guarded_increment,Dot,if J < B'Last then J := J + 1; end if; end loop;,tests.adb:80 tests.adb:555,unknown,
numerical/Ada/Levenberg-Marquardt,levenberg_marquardt.adb:113,guarded_increment,Residual_Dot,if J < B'Last then J := J + 1; end if; end loop;,tests.adb:87,unknown,
numerical/Ada/Levenberg-Marquardt,levenberg_marquardt.adb:126,guarded_increment,Add,if J < B'Last then J := J + 1; end if; end loop;,levenberg_marquardt.adb:651 tests.adb:81,unknown,
numerical/Ada/Levenberg-Marquardt,levenberg_marquardt.adb:139,guarded_increment,Sub,if J < B'Last then J := J + 1; end if; end loop;,tests.adb:83,unknown,
numerical/Ada/Levenberg-Marquardt,levenberg_marquardt.adb:205,guarded_increment,JTr,if Rj < R'Last then Rj := Rj + 1; end if; end loop;,levenberg_marquardt.adb:634 tests.adb:122 tests.adb:548,unknown,
numerical/Ada/Levenberg-Marquardt,levenberg_marquardt.adb:233,guarded_increment,Mat_Vec,if Xj < X'Last then Xj := Xj + 1; end if; end loop;,tests.adb:126 tests.adb:129 tests.adb:542,unknown,
numerical/Ada/Levenberg-Marquardt,levenberg_marquardt.adb:532,guarded_increment,Sphere_Residuals,if K < R'Last then K := K + 1; end if; end loop;,tests.adb:295 tests.adb:401,unknown,
numerical/Ada/Linear-Interpolation,linear_interpolation.adb:29,saturating,Clamp_01,function Clamp_01 (T : Float) return Float is,linear_interpolation.adb:47,unknown,
numerical/Ada/Linear-Interpolation,linear_interpolation.adb:32,const_return,Clamp_01,return 0.0;,linear_interpolation.adb:47,unknown,
numerical/Ada/Linear-Interpolation,linear_interpolation.adb:34,const_return,Clamp_01,return 1.0;,linear_interpolation.adb:47,unknown,
numerical/Ada/Linear-Interpolation,linear_interpolation.adb:40,saturating,Lerp_Unclamped,"function Lerp_Unclamped (A, B : Float; T : Float) return Float is",linear_interpolation.adb:47 linear_interpolation.adb:263 linear_interpolation.adb:340 linear_interpolation.adb:358 linear_interpolation.adb:359 linear_interpolation.adb:386 tests.adb:59 tests.adb:61 tests.adb:63,unknown,
numerical/Ada/MISER,miser.adb:42,const_return,Sqrt_Nonneg,return 0.0;,miser.adb:130 miser.adb:274 miser.adb:296,unknown,
numerical/Ada/MISER,miser.adb:91,const_return,Plain_MC_Inner,Var_F := 0.0;,miser.adb:171 miser.adb:188 miser.adb:223 miser.adb:272,unknown,
numerical/Ada/MISER,miser.adb:125,const_return,Estimate_Sigma,Var_F := 0.0;,miser.adb:202 miser.adb:203,unknown,
numerical/Ada/MISER,miser.adb:192,min_max_clip,Miser_Recurse,"N_Side_Est := Positive'Max (2, N_Pre / (2 * B.D));",miser.adb:243 miser.adb:245 miser.adb:294,unknown,
numerical/Ada/MISER,miser.adb:322,const_return,Quarter_Circle,return 1.0;,tests.adb:149 tests.adb:150 tests.adb:151 tests.adb:152 tests.adb:203 tests.adb:210 tests.adb:238 tests.adb:239 tests.adb:253 tests.adb:254 tests.adb:406 tests.adb:407,unknown,
numerical/Ada/Metropolis-Hastings,metropolis_hastings.adb:44,const_return,Sqrt_R,return 0.0;,metropolis_hastings.adb:71,unknown,
numerical/Ada/Metropolis-Light-Transport,metropolis_light_transport.adb:80,const_return,Acceptance_Probability,return 1.0;,metropolis_light_transport.ads:100 tests.adb:62 tests.adb:63 tests.adb:64 tests.adb:65 metropolis_light_transport.adb:298 metropolis_light_transport.adb:319,unknown,
numerical/Ada/Metropolis-Light-Transport,metropolis_light_transport.adb:82,const_return,Acceptance_Probability,return 0.0;,metropolis_light_transport.ads:100 tests.adb:62 tests.adb:63 tests.adb:64 tests.adb:65 metropolis_light_transport.adb:298 metropolis_light_transport.adb:319,unknown,
numerical/Ada/Metropolis-Light-Transport,metropolis_light_transport.adb:183,min_max_clip,Generate_Perturbation_Proposal,"Result.Contribution.R := Radiance_Real (Long_Float'Max (0.0, New_R));",metropolis_light_transport.ads:119 tests.adb:166 metropolis_light_transport.adb:293,unknown,
numerical/Ada/Metropolis-Light-Transport,metropolis_light_transport.adb:184,min_max_clip,Generate_Perturbation_Proposal,"Result.Contribution.G := Radiance_Real (Long_Float'Max (0.0, New_G));",metropolis_light_transport.ads:119 tests.adb:166 metropolis_light_transport.adb:293,unknown,
numerical/Ada/Metropolis-Light-Transport,metropolis_light_transport.adb:185,min_max_clip,Generate_Perturbation_Proposal,"Result.Contribution.B := Radiance_Real (Long_Float'Max (0.0, New_B));",metropolis_light_transport.ads:119 tests.adb:166 metropolis_light_transport.adb:293,unknown,
numerical/Ada/Metropolis-Light-Transport,metropolis_light_transport.adb:206,min_max_clip,Generate_Lens_Subpath_Proposal,"Result.Pixel.X := Natural'Max (0, Result.Pixel.X + (if Next_Random (RNG) > 0.5 then 1 else -1));",metropolis_light_transport.ads:125 tests.adb:180 metropolis_light_transport.adb:295,unknown,
numerical/Ada/Metropolis-Light-Transport,metropolis_light_transport.adb:207,min_max_clip,Generate_Lens_Subpath_Proposal,"Result.Pixel.Y := Natural'Max (0, Result.Pixel.Y + (if Next_Random (RNG) > 0.5 then 1 else -1));",metropolis_light_transport.ads:125 tests.adb:180 metropolis_light_transport.adb:295,unknown,
numerical/Ada/Metropolis-Light-Transport,metropolis_light_transport.adb:209,min_max_clip,Generate_Lens_Subpath_Proposal,"Result.Contribution.R := Radiance_Real'Max (0.01, Current_Path.Contribution.R * Radiance_Real (0.9 + Next_Random (RNG) * 0.2));",metropolis_light_transport.ads:125 tests.adb:180 metropolis_light_transport.adb:295,unknown,
numerical/Ada/Metropolis-Light-Transport,metropolis_light_transport.adb:210,min_max_clip,Generate_Lens_Subpath_Proposal,"Result.Contribution.G := Radiance_Real'Max (0.01, Current_Path.Contribution.G * Radiance_Real (0.9 + Next_Random (RNG) * 0.2));",metropolis_light_transport.ads:125 tests.adb:180 metropolis_light_transport.adb:295,unknown,
numerical/Ada/Metropolis-Light-Transport,metropolis_light_transport.adb:211,min_max_clip,Generate_Lens_Subpath_Proposal,"Result.Contribution.B := Radiance_Real'Max (0.01, Current_Path.Contribution.B * Radiance_Real (0.9 + Next_Random (RNG) * 0.2));",metropolis_light_transport.ads:125 tests.adb:180 metropolis_light_transport.adb:295,unknown,
numerical/Ada/Monotone-Cubic-Interpolation,monotone_cubic_interpolation.adb:210,const_return,Compute_FD_Tangents,M (K) := 0.0;,monotone_cubic_interpolation.adb:284 monotone_cubic_interpolation.adb:343,unknown,
numerical/Ada/Monotone-Cubic-Interpolation,monotone_cubic_interpolation.adb:248,const_return,Fritsch_Carlson_Restrict,M (K) := 0.0;,monotone_cubic_interpolation.adb:286,unknown,
numerical/Ada/Multivariate-Interpolation,multivariate_interpolation.adb:60,const_return,Round_Index,return 0;,multivariate_interpolation.adb:447 multivariate_interpolation.adb:448 tests.adb:63 tests.adb:64 tests.adb:65 tests.adb:66 tests.adb:67 tests.adb:68,unknown,
numerical/Ada/Nearest-Neighbor-Interpolation,nearest_neighbor_interpolation.adb:116,const_return,Round_Index,return 0;,nearest_neighbor_interpolation.adb:322 nearest_neighbor_interpolation.adb:349 nearest_neighbor_interpolation.adb:350 nearest_neighbor_interpolation.adb:378 nearest_neighbor_interpolation.adb:379 nearest_neighbor_interpolation.adb:380 tests.adb:72 tests.adb:73 tests.adb:74 tests.adb:75 tests.adb:76 tests.adb:77 ...,unknown,
numerical/Ada/Newton-Raphson-Division,newton_raphson_division.adb:199,attr_return,Truncate_Toward_Zero,return Integer'Last;,newton_raphson_division.adb:237,unknown,
numerical/Ada/Newton-Raphson-Division,newton_raphson_division.adb:201,attr_return,Truncate_Toward_Zero,return Integer'First;,newton_raphson_division.adb:237,unknown,
numerical/Ada/Newton-Raphson-Division,newton_raphson_division.adb:212,attr_return,Floor_To_Integer,return Integer'Last;,newton_raphson_division.adb:280,unknown,
numerical/Ada/Newton-Raphson-Division,newton_raphson_division.adb:214,attr_return,Floor_To_Integer,return Integer'First;,newton_raphson_division.adb:280,unknown,
numerical/Ada/Pareto-Interpolation,pareto_interpolation.adb:68,const_return,Pow,return 0.0;,pareto_interpolation.adb:168 pareto_interpolation.adb:212 pareto_interpolation.adb:218,unknown,
numerical/Ada/Partial-Least-Squares,partial_least_squares.adb:16,const_return,Sqrt_R,return 0.0;,partial_least_squares.adb:45 partial_least_squares.adb:134 partial_least_squares.adb:260 partial_least_squares.adb:686,unknown,
numerical/Ada/Pollards-Kangaroo-Algorithm,pollards_kangaroo_algorithm.adb:131,attr_return,Build_Jump_Set,Pow := U64'Last;,pollards_kangaroo_algorithm.adb:273,unknown,
numerical/Ada/Pollards-Kangaroo-Algorithm,pollards_kangaroo_algorithm.adb:155,attr_return,Build_Jump_Set,Pow := U64'Last;,pollards_kangaroo_algorithm.adb:273,unknown,
numerical/Ada/Pollards-Kangaroo-Algorithm,pollards_kangaroo_algorithm.adb:280,const_return,Try_Solve_Kangaroo,Sqrt_W := 1;,pollards_kangaroo_algorithm.adb:362 tests.adb:140 tests.adb:166 tests.adb:356 tests.adb:371 tests.adb:376 tests.adb:410 tests.adb:440,unknown,
numerical/Ada/Pollards-Kangaroo-Algorithm,pollards_kangaroo_algorithm.adb:286,const_return,Try_Solve_Kangaroo,Ideal := 64;,pollards_kangaroo_algorithm.adb:362 tests.adb:140 tests.adb:166 tests.adb:356 tests.adb:371 tests.adb:376 tests.adb:410 tests.adb:440,unknown,
numerical/Ada/Pollards-Rho-Logarithms,pollards_rho_logarithms.adb:141,guarded_increment,Modular_Inverse,if Inv < 0 then Inv := Inv + MM; end if; return U64 (Inv);,tests.adb:77 tests.adb:177 tests.adb:178 tests.adb:179 tests.adb:181 tests.adb:182 pollards_rho_logarithms.adb:213,unknown,
numerical/Ada/Spline-Interpolation,spline_interpolation.adb:289,saturating,Fit_Clamped_Cubic,function Fit_Clamped_Cubic,spline_interpolation.adb:386 tests.adb:200 tests.adb:428,unknown,
numerical/Ada/Spline-Interpolation,spline_interpolation.adb:373,saturating,Fit_Clamped_Cubic,function Fit_Clamped_Cubic,spline_interpolation.adb:386 tests.adb:200 tests.adb:428,unknown,
numerical/SPARK4/Ada-SPARK-Brents-Algorithm,brents_algorithm.adb:137,guarded_increment,Phase_Lambda,if Lam < Limit then Lam := Lam + 1; else Meet    := Null_Index;,brents_algorithm.adb:171 brents_algorithm.adb:193,unknown,
parsing/Ada/LALR,lalr_parser.adb:128,guarded_increment,Generate_LALR_Mapping,if Next_LALR_State < State_ID'Last then Next_LALR_State := Next_LALR_State + 1; end if; end if;,lalr_parser.ads:84 tests.adb:68 tests.adb:79 tests.adb:90 tests.adb:213 tests.adb:215 tests.adb:217 tests.adb:259 tests.adb:276,unknown,
parsing/Ada/LL-Parser,ll_parser.adb:14,min_max_clip,Tokenize,"Max_Tokens : constant Positive := Positive'Max (1, Input'Length + 1);",tests.adb:23 tests.adb:37 tests.adb:54 tests.adb:66 tests.adb:78 tests.adb:90 tests.adb:106 tests.adb:123 tests.adb:135 tests.adb:147 tests.adb:163 tests.adb:180 ...,unknown,
searching/Ada/Chien-Search,chien_search.adb:211,const_return,Eval,return 0;,chien_search.adb:338 chien_search.adb:344 tests.adb:309 tests.adb:310 tests.adb:311 tests.adb:312 tests.adb:332 tests.adb:486,unknown,
searching/Ada/Harmony-Search,harmony_search.adb:20,saturating,Clamp,"function Clamp (X, Lo, Hi : Real) return Real is",harmony_search.adb:273 tests.adb:83 tests.adb:84 tests.adb:85 tests.adb:86 tests.adb:87,unknown,
searching/Ada/Harmony-Search,harmony_search.adb:208,guarded_increment,Copy_Point_Into,if J < Src'Last then J := J + 1; end if; end loop;,harmony_search.adb:233,unknown,
searching/Ada/Jump-Point-Search,jump_point_search.adb:376,guarded_increment,Add,if N < 8 then Dxs (N) := Dx; Dys (N) := Dy; N := N + 1;,jump_point_search.adb:390 jump_point_search.adb:399 jump_point_search.adb:402 jump_point_search.adb:407 jump_point_search.adb:412 jump_point_search.adb:414 jump_point_search.adb:417 jump_point_search.adb:421 jump_point_search.adb:424 jump_point_search.adb:429 jump_point_search.adb:431 jump_point_search.adb:434 ...,unknown,
searching/Ada/Jump-Point-Search,jump_point_search.adb:559,const_return,Find_Path,PDx := 0;,tests.adb:75 tests.adb:138 tests.adb:389 tests.adb:584 tests.adb:616,unknown,
searching/Ada/Jump-Search,jump_search.adb:73,attr_return,Find_With_Step,Curr_Offset := Natural'Last;,jump_search.adb:123 jump_search.adb:142,unknown,
searching/Ada/Line-Search,line_search.adb:54,guarded_increment,Dot,if J < B'Last then J := J + 1; end if; end loop;,line_search.adb:123 line_search.adb:166 line_search.adb:205 line_search.adb:265 tests.adb:112 tests.adb:119,unknown,
searching/Ada/Line-Search,line_search.adb:67,guarded_increment,Add,if J < B'Last then J := J + 1; end if; end loop;,line_search.adb:132 line_search.adb:151 line_search.adb:163 tests.adb:113 tests.adb:212 tests.adb:263 tests.adb:292 tests.adb:300 tests.adb:346 tests.adb:532,unknown,
searching/Ada/Line-Search,line_search.adb:80,guarded_increment,Sub,if J < B'Last then J := J + 1; end if; end loop;,line_search.adb:133 tests.adb:115,unknown,
searching/Ada/Line-Search,line_search.adb:214,const_return,Armijo_Backtrack,R.Alpha   := 0.0;,tests.adb:207 tests.adb:220 tests.adb:237 tests.adb:242 tests.adb:260 tests.adb:282 tests.adb:334 tests.adb:496 tests.adb:501 tests.adb:528 tests.adb:596,unknown,
searching/Ada/Line-Search,line_search.adb:273,const_return,Wolfe_Line_Search,R.Alpha   := 0.0;,tests.adb:284 tests.adb:297 tests.adb:304 tests.adb:308 tests.adb:336 tests.adb:364,unknown,
searching/Ada/Line-Search,line_search.adb:423,const_return,Fibonacci_Search,Ratio := 0.0;,tests.adb:401 tests.adb:407,unknown,
searching/Ada/Line-Search,line_search.adb:425,const_return,Fibonacci_Search,Ratio := 1.0;,tests.adb:401 tests.adb:407,unknown,
searching/Ada/Line-Search,line_search.adb:481,const_return,Exact_Quadratic,R.Alpha   := 0.0;,tests.adb:428 tests.adb:434 tests.adb:437 tests.adb:439 tests.adb:570 tests.adb:571 tests.adb:603,unknown,
searching/Ada/Monte-Carlo-Tree-Search,monte_carlo_tree_search.adb:25,saturating,Clamp_Unit,function Clamp_Unit (X : Real) return Unit_Interval is,tests.adb:91 tests.adb:92 tests.adb:93,unknown,
searching/Ada/Monte-Carlo-Tree-Search,monte_carlo_tree_search.adb:28,const_return,Clamp_Unit,return 0.0;,tests.adb:91 tests.adb:92 tests.adb:93,unknown,
searching/Ada/Monte-Carlo-Tree-Search,monte_carlo_tree_search.adb:30,const_return,Clamp_Unit,return 1.0;,tests.adb:91 tests.adb:92 tests.adb:93,unknown,
searching/Ada/Monte-Carlo-Tree-Search,monte_carlo_tree_search.adb:48,attr_return,UCT_Score,return Real'Last;,tests.adb:112 tests.adb:113 tests.adb:114 tests.adb:115 tests.adb:116 tests.adb:117 tests.adb:130 monte_carlo_tree_search.adb:404,unknown,
searching/Ada/Quantum-Walk-Search,quantum_walk_search.adb:130,const_return,Discrete_Time_Search_Simulation,return 0.0;,quantum_walk_search.ads:41 quantum_walk_search.ads:42 tests.adb:69 tests.adb:84 tests.adb:98 tests.adb:187 tests.adb:210 tests.adb:231,unknown,
searching/Ada/Quantum-Walk-Search,quantum_walk_search.adb:132,const_return,Discrete_Time_Search_Simulation,return 1.0;,quantum_walk_search.ads:41 quantum_walk_search.ads:42 tests.adb:69 tests.adb:84 tests.adb:98 tests.adb:187 tests.adb:210 tests.adb:231,unknown,
searching/Ada/Quantum-Walk-Search,quantum_walk_search.adb:150,min_max_clip,Continuous_Time_Search_Simulation,"Time_Step   : constant Probability := Evolution_Time / Probability (Integer'Max (1, Step_Count'Pos (Steps)));",quantum_walk_search.ads:55 quantum_walk_search.ads:56 tests.adb:112 tests.adb:126 tests.adb:232,unknown,
searching/Ada/Quantum-Walk-Search,quantum_walk_search.adb:214,const_return,Continuous_Time_Search_Simulation,return 0.0;,quantum_walk_search.ads:55 quantum_walk_search.ads:56 tests.adb:112 tests.adb:126 tests.adb:232,unknown,
searching/Ada/Quantum-Walk-Search,quantum_walk_search.adb:216,const_return,Continuous_Time_Search_Simulation,return 1.0;,quantum_walk_search.ads:55 quantum_walk_search.ads:56 tests.adb:112 tests.adb:126 tests.adb:232,unknown,
searching/Ada/Random-Search,random_search.adb:55,saturating,Clamp,"function Clamp (X, Lo, Hi : Real) return Real is",random_search.adb:128 random_search.adb:313 random_search.adb:414 random_search.adb:416 random_search.adb:420 random_search.adb:422 tests.adb:55 tests.adb:56 tests.adb:57 tests.adb:58 tests.adb:59,unknown,
searching/Ada/Ternary-Search,ternary_search.adb:24,attr_return,Find_Maximum_Index,return A'First;,tests.adb:57 tests.adb:184 tests.adb:185 tests.adb:186 tests.adb:187 tests.adb:200 tests.adb:201 tests.adb:202 tests.adb:203 tests.adb:204 tests.adb:217 tests.adb:219 ...,unknown,
searching/Ada/Trigram-Search,trigram_search.adb:92,min_max_clip,Unique_Trigram_Count,"Buf : Trigram_Array (1 .. Natural'Max (1, Occ));",tests.adb:58 tests.adb:152 tests.adb:153 tests.adb:154 tests.adb:155 tests.adb:156 tests.adb:157 tests.adb:159 tests.adb:160 tests.adb:161 tests.adb:162 tests.adb:163 ...,unknown,
searching/Ada/Trigram-Search,trigram_search.adb:105,min_max_clip,Shared_Trigrams,"Buf_A : Trigram_Array (1 .. Natural'Max (1, Occ_A));",tests.adb:69 tests.adb:168 tests.adb:169 tests.adb:170 tests.adb:171 tests.adb:172 tests.adb:173 tests.adb:174 tests.adb:176 tests.adb:178 tests.adb:180 tests.adb:181 ...,unknown,
searching/Ada/Trigram-Search,trigram_search.adb:106,min_max_clip,Shared_Trigrams,"Buf_B : Trigram_Array (1 .. Natural'Max (1, Occ_B));",tests.adb:69 tests.adb:168 tests.adb:169 tests.adb:170 tests.adb:171 tests.adb:172 tests.adb:173 tests.adb:174 tests.adb:176 tests.adb:178 tests.adb:180 tests.adb:181 ...,unknown,
searching/Ada/Trigram-Search,trigram_search.adb:118,min_max_clip,Dice_Coefficient,"Buf_A : Trigram_Array (1 .. Natural'Max (1, A'Length));",tests.adb:80 tests.adb:190 tests.adb:191 tests.adb:192 tests.adb:193 tests.adb:194 tests.adb:195 tests.adb:196 tests.adb:197 tests.adb:202 tests.adb:203 tests.adb:204 ...,unknown,
searching/Ada/Trigram-Search,trigram_search.adb:119,min_max_clip,Dice_Coefficient,"Buf_B : Trigram_Array (1 .. Natural'Max (1, B'Length));",tests.adb:80 tests.adb:190 tests.adb:191 tests.adb:192 tests.adb:193 tests.adb:194 tests.adb:195 tests.adb:196 tests.adb:197 tests.adb:202 tests.adb:203 tests.adb:204 ...,unknown,
searching/Ada/Trigram-Search,trigram_search.adb:140,const_return,Dice_Coefficient,return 0.0;,tests.adb:80 tests.adb:190 tests.adb:191 tests.adb:192 tests.adb:193 tests.adb:194 tests.adb:195 tests.adb:196 tests.adb:197 tests.adb:202 tests.adb:203 tests.adb:204 ...,unknown,
searching/Ada/Trigram-Search,trigram_search.adb:149,min_max_clip,Contains_Trigram,"Buf_H : Trigram_Array (1 .. Natural'Max (1, Occ_H));",tests.adb:91 tests.adb:257 tests.adb:258 tests.adb:259 tests.adb:260 tests.adb:261 tests.adb:262 tests.adb:263 tests.adb:264 tests.adb:265 tests.adb:266 tests.adb:267 ...,unknown,
searching/Ada/Trigram-Search,trigram_search.adb:150,min_max_clip,Contains_Trigram,"Buf_N : Trigram_Array (1 .. Natural'Max (1, Occ_N));",tests.adb:91 tests.adb:257 tests.adb:258 tests.adb:259 tests.adb:260 tests.adb:261 tests.adb:262 tests.adb:263 tests.adb:264 tests.adb:265 tests.adb:266 tests.adb:267 ...,unknown,
sorting/Ada/Comb-Sort,comb_sort.adb:47,const_return,Swap,Gap := 1;,comb_sort.adb:56,unknown,
sorting/Ada/Flashsort,flashsort.adb:44,const_return,Class_Count,return 2;,flashsort.adb:77,unknown,
sorting/Ada/Library-Sort,library_sort.adb:111,const_return,Binary_Search_Insert,return 1;,library_sort.adb:261 library_sort.adb:266,unknown,
sorting/Ada/Library-Sort,library_sort.adb:149,min_max_clip,Binary_Search_Insert,"return Positive'Max (1, Lo);",library_sort.adb:261 library_sort.adb:266,unknown,
sorting/Ada/Library-Sort,library_sort.adb:163,const_return,Binary_Search_Insert,return 1;,library_sort.adb:261 library_sort.adb:266,unknown,
sorting/SPARK2/Ada-SPARK-Merge-Sorted-Array,merge_sorted_array.adb:15,guarded_increment,Merge_Sum,if I < Index'Last then I := I + 1; end if; else,tests.adb:10 own_checks.adb:82,unknown,
sorting/SPARK2/Ada-SPARK-Merge-Sorted-Array,merge_sorted_array.adb:20,guarded_increment,Merge_Sum,if J < Index'Last then J := J + 1; end if; end if;,tests.adb:10 own_checks.adb:82,unknown,
sorting/SPARK2/Ada-SPARK-Merge-Sorted-Arrays,merge_sorted_arrays.adb:15,guarded_increment,Merge,if Left_Position < Left'Last then Left_Position := Left_Position + 1; else Left_Position := Left'Last + 1;,tests.adb:9 own_checks.adb:87 own_checks.adb:88 own_checks.adb:89 own_checks.adb:93,yes,"end-of-input marker (Left'Last + 1) when the left input is used up; gcov under make-test inputs (tools/vv/clamp_cov.sh, GNAT 14.2.0): guard 15,012 times, increment 10,008, else branch 5,004 times"
sorting/SPARK2/Ada-SPARK-Merge-Sorted-Arrays,merge_sorted_arrays.adb:22,guarded_increment,Merge,if Right_Position < Right'Last then Right_Position := Right_Position + 1; else Right_Position := Right'Last + 1;,tests.adb:9 own_checks.adb:87 own_checks.adb:88 own_checks.adb:89 own_checks.adb:93,yes,"end-of-input marker (Right'Last + 1) when the right input is used up; gcov under make-test inputs (tools/vv/clamp_cov.sh, GNAT 14.2.0): guard 15,012 times, increment 10,008, else branch 5,004 times"
sorting/SPARK2/Ada-SPARK-Odd-Even-Linked-List,src/odd_even_linked_list.adb:22,guarded_increment,Solve,if Write < Capacity then Write := Write + 1; L.Data (Write) := Original (I); end if;,tests/main.adb:30 tests/main.adb:72,no,"each of the Length <= Capacity elements is written at most once across the two loops, so the skip never happens (handover H158); gcov under make-test inputs (tools/vv/clamp_cov.sh, GNAT 14.2.0): guard 27,540 = increment 27,540"
sorting/SPARK2/Ada-SPARK-Odd-Even-Linked-List,src/odd_even_linked_list.adb:30,guarded_increment,Solve,if Write < Capacity then Write := Write + 1; L.Data (Write) := Original (I); end if;,tests/main.adb:30 tests/main.adb:72,no,"same (handover H158); gcov under make-test inputs (tools/vv/clamp_cov.sh, GNAT 14.2.0): guard 24,004 = increment 24,004"
sorting/SPARK2/Ada-SPARK-Remove-Duplicates-From-Sorted-Array-II,remove_duplicates_from_sorted_array_ii.adb:20,guarded_increment,Keep_Two,if Write_Pos < Index'Last then Write_Pos := Write_Pos + 1; end if; elsif Run < 2 then,tests.adb:11 own_checks.adb:80,unknown,
sorting/SPARK2/Ada-SPARK-Remove-Duplicates-From-Sorted-Array-II,remove_duplicates_from_sorted_array_ii.adb:23,guarded_increment,Keep_Two,elsif Run < 2 then Run := Run + 1; Data (Write_Pos) := Data (I); New_Length := New_Length + 1;,tests.adb:11 own_checks.adb:80,unknown,
sorting/SPARK2/Ada-SPARK-Remove-Duplicates-From-Sorted-Array-II,remove_duplicates_from_sorted_array_ii.adb:27,guarded_increment,Keep_Two,if Write_Pos < Index'Last then Write_Pos := Write_Pos + 1; end if; end if;,tests.adb:11 own_checks.adb:80,unknown,
sorting/SPARK2/Ada-SPARK-Remove-Duplicates-From-Sorted-Array,remove_duplicates_from_sorted_array.adb:15,attr_return,Compact,Write_Pos := Index'First;,tests.adb:8,unknown,
sorting/SPARK2/Ada-SPARK-Remove-Duplicates-From-Sorted-Array,remove_duplicates_from_sorted_array.adb:17,guarded_increment,Compact,if Write_Pos < Index'Last then Write_Pos := Write_Pos + 1; end if; Data (Write_Pos) := Data (I);,tests.adb:8,unknown,
sorting/SPARK2/Ada-SPARK-Remove-Duplicates-From-Sorted-List,src/remove_duplicates_from_sorted_list.adb:24,guarded_increment,Solve,if Write < Capacity then Write := Write + 1; L.Data (Write) := Original (I); Previous := Original (I);,tests/main.adb:8 tests/own_checks.adb:78,unknown,
sorting/SPARK2/Ada-SPARK-Remove-Duplicates-Sorted,remove_duplicates_sorted.adb:11,guarded_increment,Remove_Duplicates,if Last < Index'Last then Last := Last + 1; Result (Last) := Input (I); end if;,tests.adb:7,unknown,
sorting/SPARK2/Ada-SPARK-Squares-Of-A-Sorted-Array,squares_of_a_sorted_array.adb:26,guarded_increment,Squares,if L < R then L := L + 1; end if; else,squares_of_a_sorted_array.ads:20 tests.adb:10 own_checks.adb:48 own_checks.adb:74,unknown,
sorting/SPARK4/Ada-SPARK-Flashsort,flashsort.adb:605,const_return,Class_Count,return 2;,flashsort.adb:600 flashsort.adb:742,unknown,
sorting/SPARK4/Ada-SPARK-Merge-Sort,merge_sort.adb:89,min_max_clip,Lemma_Slice_To_Prefix,"and then Hi = Natural'Min (Lo + Width - 1, A'Last) and then Sorted_Slice (A, Lo, Hi) and then Sorted_Runs_Prefix (A, Width, Lo - 1), Post              => Sorted",merge_sort.adb:376,unknown,
sorting/SPARK4/Ada-SPARK-Merge-Sort,merge_sort.adb:110,min_max_clip,Lemma_Runs_To_Slice,"Sorted_Slice (A, Lo, Natural'Min (Lo + Width - 1, A'Last)) is Hi : constant Natural := Natural'Min (Lo + Width - 1, A'Last);",merge_sort.adb:287 merge_sort.adb:358 merge_sort.adb:364 merge_sort.adb:416 merge_sort.adb:419,unknown,
sorting/SPARK4/Ada-SPARK-Merge-Sort,merge_sort.adb:112,min_max_clip,Lemma_Runs_To_Slice,"Hi : constant Natural := Natural'Min (Lo + Width - 1, A'Last);",merge_sort.adb:287 merge_sort.adb:358 merge_sort.adb:364 merge_sort.adb:416 merge_sort.adb:419,unknown,
sorting/SPARK4/Ada-SPARK-Timsort,timsort.adb:81,min_max_clip,Lemma_Slice_To_Prefix,"and then Hi = Natural'Min (Lo + Width - 1, A'Last) and then Sorted_Slice (A, Lo, Hi) and then Sorted_Runs_Prefix (A, Width, Lo - 1), Post              => Sorted",timsort.adb:339 timsort.adb:598,unknown,
sorting/SPARK4/Ada-SPARK-Timsort,timsort.adb:102,min_max_clip,Lemma_Runs_To_Slice,"Sorted_Slice (A, Lo, Natural'Min (Lo + Width - 1, A'Last)) is Hi : constant Natural := Natural'Min (Lo + Width - 1, A'Last);",timsort.adb:515 timsort.adb:582 timsort.adb:587 timsort.adb:637 timsort.adb:640,unknown,
sorting/SPARK4/Ada-SPARK-Timsort,timsort.adb:104,min_max_clip,Lemma_Runs_To_Slice,"Hi : constant Natural := Natural'Min (Lo + Width - 1, A'Last);",timsort.adb:515 timsort.adb:582 timsort.adb:587 timsort.adb:637 timsort.adb:640,unknown,
sorting/SPARK4/Ada-SPARK-Topological-Sort,topological_sorting.adb:263,guarded_increment,Kahn_Sort,if Count < G.Num_Nodes then Count := Count + 1; Result (Result'First + (Count - 1)) := U; end if;,tests.adb:45 tests.adb:55 tests.adb:74 tests.adb:85 tests.adb:107 tests.adb:190 tests.adb:228 tests.adb:318 tests.adb:344 tests.adb:472 tests.adb:484,unknown,
strings/Ada/Jaro-Winkler-Distance,jaro_winkler_distance.adb:35,const_return,Match_Window,return 0;,jaro_winkler_distance.adb:93,unknown,
strings/Ada/Metaphone,metaphone.adb:83,guarded_increment,Append,if Code_Len < Max_Code_Len then Code_Len := Code_Len + 1; Code (Code_Len) := C; end if;,metaphone.adb:183 metaphone.adb:188 metaphone.adb:198 metaphone.adb:200 metaphone.adb:202 metaphone.adb:204 metaphone.adb:212 metaphone.adb:215 metaphone.adb:236 metaphone.adb:238 metaphone.adb:248 metaphone.adb:252 ...,unknown,
strings/Ada/String-Metrics,string_metrics.adb:184,const_return,Match_Window,return 0;,string_metrics.adb:238,unknown,
strings/Ada/String-Metrics,string_metrics.adb:368,min_max_clip,Dice_Bigram,"Buf_A : Bigram_Array (1 .. Natural'Max (1, A'Length));",tests.adb:58 tests.adb:110 own_checks.adb:139 own_checks.adb:140,unknown,
strings/Ada/String-Metrics,string_metrics.adb:369,min_max_clip,Dice_Bigram,"Buf_B : Bigram_Array (1 .. Natural'Max (1, B'Length));",tests.adb:58 tests.adb:110 own_checks.adb:139 own_checks.adb:140,unknown,
strings/Ada/String-Metrics,string_metrics.adb:389,const_return,Dice_Bigram,return 0.0;,tests.adb:58 tests.adb:110 own_checks.adb:139 own_checks.adb:140,unknown,
strings/SPARK2/Ada-SPARK-Delete-Operation-For-Two-Strings,delete_operation_for_two_strings.adb:11,attr_return,Increment,return Length'Last;,delete_operation_for_two_strings.adb:23,unknown,
strings/SPARK2/Ada-SPARK-Edit-Distance,edit_distance.adb:12,attr_return,Increment,return Length'Last;,edit_distance.adb:34 edit_distance.adb:35 edit_distance.adb:36,unknown,
strings/SPARK2/Ada-SPARK-Make-The-String-Great,make_the_string_great.adb:42,guarded_increment,Make_Great,elsif Write < 32 then Write := Write + 1; Output (Index (Write)) := Input (Index (I)); end if;,tests.adb:10 own_checks.adb:68,unknown,
strings/SPARK2/Ada-SPARK-Number-Of-Lines-To-Write-String,write_string_lines.adb:20,guarded_increment,Lines_For,if Lines < 32 then Lines := Lines + 1; end if; Current := Widths (Input (I));,tests.adb:12 own_checks.adb:71,unknown,
trees/SPARK2/Ada-SPARK-Binary-Tree-Postorder,binary_tree_postorder.adb:53,guarded_increment,Postorder_Sum,if Total <= Sum'Last - T.Values (N) then Total := Total + T.Values (N); end if; elsif Total >= Sum'First - T.Values (N) t,tests.adb:9 own_checks.adb:90 own_checks.adb:93,unknown,
trees/SPARK2/Ada-SPARK-Count-Binary-Substrings,count_binary_substrings.adb:18,guarded_increment,Count_Substrings,if Answer <= Count_Type'Last - Count_Type (Previous_Run) then Answer := Answer + Count_Type (Previous_Run); else Answer := Count_Type'Last;,tests.adb:9 tests.adb:11 own_checks.adb:71,unknown,
trees/SPARK2/Ada-SPARK-Count-Binary-Substrings,count_binary_substrings.adb:21,attr_return,Count_Substrings,Answer := Count_Type'Last;,tests.adb:9 tests.adb:11 own_checks.adb:71,unknown,
trees/SPARK2/Ada-SPARK-Count-Binary-Substrings,count_binary_substrings.adb:24,guarded_increment,Count_Substrings,if Answer <= Count_Type'Last - Count_Type (Current_Run) then Answer := Answer + Count_Type (Current_Run); else Answer := Count_Type'Last;,tests.adb:9 tests.adb:11 own_checks.adb:71,unknown,
trees/SPARK2/Ada-SPARK-Count-Binary-Substrings,count_binary_substrings.adb:27,attr_return,Count_Substrings,Answer := Count_Type'Last;,tests.adb:9 tests.adb:11 own_checks.adb:71,unknown,
trees/SPARK2/Ada-SPARK-Count-Binary-Substrings,count_binary_substrings.adb:39,guarded_increment,Count_Substrings,if Answer <= Count_Type'Last - Count_Type (Previous_Run) then Answer := Answer + Count_Type (Previous_Run); else Answer := Count_Type'Last;,tests.adb:9 tests.adb:11 own_checks.adb:71,unknown,
trees/SPARK2/Ada-SPARK-Count-Binary-Substrings,count_binary_substrings.adb:42,attr_return,Count_Substrings,Answer := Count_Type'Last;,tests.adb:9 tests.adb:11 own_checks.adb:71,unknown,
trees/SPARK2/Ada-SPARK-Count-Binary-Substrings,count_binary_substrings.adb:45,guarded_increment,Count_Substrings,if Answer <= Count_Type'Last - Count_Type (Current_Run) then Answer := Answer + Count_Type (Current_Run); else Answer := Count_Type'Last;,tests.adb:9 tests.adb:11 own_checks.adb:71,unknown,
trees/SPARK2/Ada-SPARK-Count-Binary-Substrings,count_binary_substrings.adb:48,attr_return,Count_Substrings,Answer := Count_Type'Last;,tests.adb:9 tests.adb:11 own_checks.adb:71,unknown,
trees/SPARK2/Ada-SPARK-Diameter-Of-Binary-Tree,diameter_of_binary_tree.adb:68,attr_return,Diameter,H := Depth'Last;,tests.adb:16 own_checks.adb:98 own_checks.adb:102,unknown,
trees/SPARK2/Ada-SPARK-Diameter-Of-Binary-Tree,diameter_of_binary_tree.adb:73,attr_return,Diameter,H := Depth'Last;,tests.adb:16 own_checks.adb:98 own_checks.adb:102,unknown,
trees/SPARK2/Ada-SPARK-Diameter-Of-Binary-Tree,diameter_of_binary_tree.adb:100,attr_return,Diameter,Through := Diameter_Value'Last;,tests.adb:16 own_checks.adb:98 own_checks.adb:102,unknown,
trees/SPARK2/Ada-SPARK-Get-Equal-Substrings-Within-Budget,get_equal_substrings_within_budget.adb:17,guarded_increment,Longest,if Cost <= Budget_Count'Last - Difference then Cost := Cost + Difference; else Cost := Budget_Count'Last;,tests.adb:11 tests.adb:12 tests.adb:13 own_checks.adb:68,unknown,
trees/SPARK2/Ada-SPARK-Get-Equal-Substrings-Within-Budget,get_equal_substrings_within_budget.adb:20,attr_return,Longest,Cost := Budget_Count'Last;,tests.adb:11 tests.adb:12 tests.adb:13 own_checks.adb:68,unknown,
trees/SPARK2/Ada-SPARK-Maximum-Depth-Of-N-Ary-Tree,maximum_depth_of_n_ary_tree.adb:33,const_return,Maximum_Depth,Result := 2;,tests.adb:11,unknown,
trees/SPARK2/Ada-SPARK-Red-Black-Tree,red_black_tree.adb:13,guarded_increment,Rotate_Left,if Root < Node_Index'Last then Root := Root + 1; end if; end Rotate_Left;,tests.adb:9,unknown,
