"folder","file","line","helper","helper_def","guard_kind","guard","guard_type","aspect","context","flag","proof_warning"
"clustering/Ada/FLAME-Clustering","flame_clustering.ads","159","Same_Bounds","flame_clustering.adb:24","conjunct","A'First = B'First","relational","Pre","pre","yes","none"
"clustering/Ada/FLAME-Clustering","flame_clustering.ads","167","Same_Bounds","flame_clustering.adb:24","conjunct","A'First = B'First","relational","Pre","pre","yes","none"
"clustering/Ada/FLAME-Clustering","flame_clustering.ads","213","Same_Bounds","flame_clustering.adb:24","conjunct","A'First = B'First","relational","Pre","pre","yes","none"
"clustering/Ada/FLAME-Clustering","flame_clustering.ads","231","Same_Bounds","flame_clustering.adb:24","conjunct","A'First = B'First","relational","Pre","pre","yes","none"
"clustering/Ada/FLAME-Clustering","flame_clustering.ads","232","Same_Row_Bounds","flame_clustering.adb:39","conjunct","W'First (1) = Kinds'First","relational","Pre","pre","yes","none"
"clustering/Ada/FLAME-Clustering","flame_clustering.ads","234","Cluster_Cols_From_One","flame_clustering.adb:47","conjunct","W'First (2) = 1","relational","Pre","pre","yes","none"
"clustering/Ada/FLAME-Clustering","flame_clustering.ads","235","CSO_List_From_One","flame_clustering.adb:50","conjunct","CSO_Of'First = 1","origin_pin","Pre","pre","yes","none"
"clustering/Ada/FLAME-Clustering","flame_clustering.ads","256","Same_Bounds","flame_clustering.adb:24","conjunct","A'First = B'First","relational","Pre","pre","yes","none"
"clustering/Ada/FLAME-Clustering","flame_clustering.ads","257","Same_Row_Bounds","flame_clustering.adb:39","conjunct","W'First (1) = Kinds'First","relational","Pre","pre","yes","none"
"clustering/Ada/FLAME-Clustering","flame_clustering.ads","259","Cluster_Cols_From_One","flame_clustering.adb:47","conjunct","W'First (2) = 1","relational","Pre","pre","yes","none"
"clustering/Ada/FLAME-Clustering","flame_clustering.ads","273","Same_Bounds","flame_clustering.adb:24","conjunct","A'First = B'First","relational","Pre","pre","yes","none"
"clustering/Ada/FLAME-Clustering","flame_clustering.ads","274","Same_Row_Bounds","flame_clustering.adb:39","conjunct","W'First (1) = Kinds'First","relational","Pre","pre","yes","none"
"clustering/Ada/FLAME-Clustering","flame_clustering.ads","276","Cluster_Cols_From_One","flame_clustering.adb:47","conjunct","W'First (2) = 1","relational","Pre","pre","yes","none"
"clustering/Ada/FLAME-Clustering","flame_clustering.ads","329","Same_Bounds","flame_clustering.adb:24","conjunct","A'First = B'First","relational","Pre","pre","yes","none"
"misc/Ada/Branch-and-Bound","branch_and_bound.ads","80","Same_Bounds","branch_and_bound.adb:13","conjunct","W'First = V'First","relational","Pre","pre","yes","none"
"misc/Ada/Branch-and-Bound","branch_and_bound.ads","86","Same_Bounds","branch_and_bound.adb:13","conjunct","W'First = V'First","relational","Pre","pre","yes","none"
"misc/Ada/Branch-and-Bound","branch_and_bound.ads","94","Same_Bounds","branch_and_bound.adb:13","conjunct","W'First = V'First","relational","Pre","pre","yes","none"
"misc/Ada/Branch-and-Bound","branch_and_bound.ads","106","Same_Bounds","branch_and_bound.adb:13","conjunct","W'First = V'First","relational","Pre","pre","yes","none"
"misc/Ada/Branch-and-Bound","branch_and_bound.ads","127","Same_Bounds","branch_and_bound.adb:13","conjunct","W'First = V'First","relational","Pre","pre","yes","none"
"misc/Ada/Branch-and-Bound","branch_and_bound.ads","140","Same_Bounds","branch_and_bound.adb:13","conjunct","W'First = V'First","relational","Pre","pre","yes","none"
"misc/Ada/Branch-and-Bound","branch_and_bound.ads","155","Same_Bounds","branch_and_bound.adb:13","conjunct","W'First = V'First","relational","Pre","pre","yes","none"
"misc/Ada/Branch-and-Bound","branch_and_bound.ads","165","Same_Bounds","branch_and_bound.adb:13","conjunct","W'First = V'First","relational","Pre","pre","yes","none"
"misc/Ada/Branch-and-Bound","branch_and_bound.ads","177","Same_Bounds","branch_and_bound.adb:13","conjunct","W'First = V'First","relational","Pre","pre","yes","none"
"misc/SPARK2/Ada-SPARK-Letter-Combinations-Of-A-Phone-Number","letter_combinations_of_a_phone_number.adb","10","Spells_From","letter_combinations_of_a_phone_number.ads:67","conjunct","R'First = 1","origin_pin","Pre","pre","yes","none"
"misc/SPARK2/Ada-SPARK-Letter-Combinations-Of-A-Phone-Number","letter_combinations_of_a_phone_number.adb","11","Spells_From","letter_combinations_of_a_phone_number.ads:67","conjunct","R'First = 1","origin_pin","Pre","pre","yes","none"
"misc/SPARK2/Ada-SPARK-Letter-Combinations-Of-A-Phone-Number","letter_combinations_of_a_phone_number.adb","39","Spells_From","letter_combinations_of_a_phone_number.ads:67","conjunct","R'First = 1","origin_pin","Pre","pre","yes","none"
"misc/SPARK2/Ada-SPARK-Letter-Combinations-Of-A-Phone-Number","letter_combinations_of_a_phone_number.ads","79","Spells_From","letter_combinations_of_a_phone_number.ads:67","conjunct","R'First = 1","origin_pin","Pre","pre","yes","none"
"misc/SPARK2/Ada-SPARK-Letter-Combinations-Of-A-Phone-Number","letter_combinations_of_a_phone_number.ads","92","Spells_From","letter_combinations_of_a_phone_number.ads:67","conjunct","R'First = 1","origin_pin","Post","post","no","none"
"misc/SPARK2/Ada-SPARK-Permutations","permutations.ads","53","Lex_Less","permutations.ads:43","conjunct","A'First = B'First","relational","Post","post","no","none"
"misc/SPARK2/Ada-SPARK-Permutations-II","permutations_ii.ads","68","Lex_Less","permutations_ii.ads:57","conjunct","A'First = B'First","relational","Post","post","no","none"
"misc/SPARK2/Ada-SPARK-UTF-8-Validation","utf_8_validation.ads","56","Covered","utf_8_validation.ads:44","conjunct","(J - 1 >= A'First and then Seq_Len (A (J - 1)) > 1) or else (J - 2 >= A'First and then Seq_Len (A (J - 2)) > 2) or else ","relational","Post","post","no","none"
"misc/SPARK2/Ada-SPARK-UTF-8-Validation","utf_8_validation.ads","56","Lead_Ok","utf_8_validation.ads:34","conjunct","Seq_Len (A (I)) - 1 <= A'Last - I","relational","Post","post","no","none"
"misc/SPARK2/Ada-SPARK-Ugly-Number-II","ugly_number_ii.ads","82","Ugly_Prefix","ugly_number_ii.ads:73","conjunct","L'Length >= 1","relational","Post","post","no","none"
"misc/SPARK2/Ada-SPARK-Ugly-Number-II","ugly_number_ii.ads","93","Ugly_Prefix","ugly_number_ii.ads:73","conjunct","L'Length >= 1","relational","Pre","pre","yes","none"
"misc/SPARK4/Ada-SPARK-Heaps-Algorithm","heaps_algorithm.adb","91","Is_Permutation","heaps_algorithm.ads:104","conjunct","P'Length in 1 .. Max_N","relational","Pre","pre","yes","1 row(s) in proof_warnings.csv for this file"
"misc/SPARK4/Ada-SPARK-Heaps-Algorithm","heaps_algorithm.adb","93","Is_Permutation","heaps_algorithm.ads:104","conjunct","P'Length in 1 .. Max_N","relational","Post","post","no","1 row(s) in proof_warnings.csv for this file"
"misc/SPARK4/Ada-SPARK-Heaps-Algorithm","heaps_algorithm.adb","115","Is_Permutation","heaps_algorithm.ads:104","conjunct","P'Length in 1 .. Max_N","relational","Pre","pre","yes","1 row(s) in proof_warnings.csv for this file"
"misc/SPARK4/Ada-SPARK-Heaps-Algorithm","heaps_algorithm.adb","188","Is_Permutation","heaps_algorithm.ads:104","conjunct","P'Length in 1 .. Max_N","relational","Pre","pre","yes","1 row(s) in proof_warnings.csv for this file"
"misc/SPARK4/Ada-SPARK-Heaps-Algorithm","heaps_algorithm.adb","194","Is_Permutation","heaps_algorithm.ads:104","conjunct","P'Length in 1 .. Max_N","relational","Post","post","no","1 row(s) in proof_warnings.csv for this file"
"misc/SPARK4/Ada-SPARK-K-Way-Merge","k_way_merge.adb","34","In_Bounds","k_way_merge.ads:61","conjunct","A'Length <= Max_Total","relational","Pre","pre","yes","none"
"misc/SPARK4/Ada-SPARK-K-Way-Merge","k_way_merge.ads","71","In_Bounds","k_way_merge.ads:61","conjunct","A'Length <= Max_Total","relational","Pre","pre","yes","none"
"misc/SPARK4/Ada-SPARK-K-Way-Merge","k_way_merge.ads","102","In_Bounds","k_way_merge.ads:61","conjunct","A'Length <= Max_Total","relational","Pre","pre","yes","none"
"misc/SPARK4/Ada-SPARK-K-Way-Merge","k_way_merge.ads","159","In_Bounds","k_way_merge.ads:61","conjunct","A'Length <= Max_Total","relational","Pre","pre","yes","none"
"misc/SPARK4/Ada-SPARK-K-Way-Merge","k_way_merge.ads","183","In_Bounds","k_way_merge.ads:61","conjunct","A'Length <= Max_Total","relational","Pre","pre","yes","none"
"misc/SPARK4/Ada-SPARK-K-Way-Merge","k_way_merge.ads","257","In_Bounds","k_way_merge.ads:61","conjunct","A'Length <= Max_Total","relational","Post","post","no","none"
"misc/SPARK4/Ada-SPARK-K-Way-Merge","k_way_merge.ads","274","In_Bounds","k_way_merge.ads:61","conjunct","A'Length <= Max_Total","relational","Pre","pre","yes","none"
"misc/SPARK4/Ada-SPARK-K-Way-Merge","k_way_merge.ads","275","In_Bounds","k_way_merge.ads:61","conjunct","A'Length <= Max_Total","relational","Pre","pre","yes","none"
"misc/SPARK4/Ada-SPARK-K-Way-Merge","k_way_merge.ads","285","In_Bounds","k_way_merge.ads:61","conjunct","A'Length <= Max_Total","relational","Post","post","no","none"
"misc/SPARK4/Ada-SPARK-Lemke-Howson","lemke_howson.ads","132","Same_Shape","lemke_howson.ads:114","conjunct","A'First (1) = 1","relational","Pre","pre","yes","none"
"misc/SPARK4/Ada-SPARK-Lemke-Howson","lemke_howson.ads","140","Same_Shape","lemke_howson.ads:114","conjunct","A'First (1) = 1","relational","Pre","pre","yes","none"
"misc/SPARK4/Ada-SPARK-Package-Merge-Algorithm","package_merge.ads","98","In_Bounds","package_merge.ads:56","conjunct","F'First = 1","origin_pin","Pre","pre","yes","none"
"misc/SPARK4/Ada-SPARK-Selection-Algorithm","selection_algorithm.adb","30","In_Bounds","selection_algorithm.ads:45","conjunct","A'Length <= Max_N","relational","Pre","pre","yes","2 row(s) in proof_warnings.csv for this file"
"misc/SPARK4/Ada-SPARK-Selection-Algorithm","selection_algorithm.adb","45","In_Bounds","selection_algorithm.ads:45","conjunct","A'Length <= Max_N","relational","Pre","pre","yes","2 row(s) in proof_warnings.csv for this file"
"misc/SPARK4/Ada-SPARK-Selection-Algorithm","selection_algorithm.adb","61","In_Bounds","selection_algorithm.ads:45","conjunct","A'Length <= Max_N","relational","Pre","pre","yes","2 row(s) in proof_warnings.csv for this file"
"misc/SPARK4/Ada-SPARK-Selection-Algorithm","selection_algorithm.adb","78","In_Bounds","selection_algorithm.ads:45","conjunct","A'Length <= Max_N","relational","Pre","pre","yes","2 row(s) in proof_warnings.csv for this file"
"misc/SPARK4/Ada-SPARK-Selection-Algorithm","selection_algorithm.adb","87","In_Bounds","selection_algorithm.ads:45","conjunct","A'Length <= Max_N","relational","Pre","pre","yes","2 row(s) in proof_warnings.csv for this file"
"misc/SPARK4/Ada-SPARK-Selection-Algorithm","selection_algorithm.adb","91","In_Bounds","selection_algorithm.ads:45","conjunct","A'Length <= Max_N","relational","Post","post","no","2 row(s) in proof_warnings.csv for this file"
"misc/SPARK4/Ada-SPARK-Selection-Algorithm","selection_algorithm.adb","116","In_Bounds","selection_algorithm.ads:45","conjunct","A'Length <= Max_N","relational","Pre","pre","yes","2 row(s) in proof_warnings.csv for this file"
"misc/SPARK4/Ada-SPARK-Selection-Algorithm","selection_algorithm.adb","123","In_Bounds","selection_algorithm.ads:45","conjunct","A'Length <= Max_N","relational","Post","post","no","2 row(s) in proof_warnings.csv for this file"
"misc/SPARK4/Ada-SPARK-Selection-Algorithm","selection_algorithm.adb","171","In_Bounds","selection_algorithm.ads:45","conjunct","A'Length <= Max_N","relational","Pre","pre","yes","2 row(s) in proof_warnings.csv for this file"
"misc/SPARK4/Ada-SPARK-Selection-Algorithm","selection_algorithm.adb","178","In_Bounds","selection_algorithm.ads:45","conjunct","A'Length <= Max_N","relational","Post","post","no","2 row(s) in proof_warnings.csv for this file"
"misc/SPARK4/Ada-SPARK-Selection-Algorithm","selection_algorithm.adb","260","In_Bounds","selection_algorithm.ads:45","conjunct","A'Length <= Max_N","relational","Pre","pre","yes","2 row(s) in proof_warnings.csv for this file"
"misc/SPARK4/Ada-SPARK-Selection-Algorithm","selection_algorithm.adb","310","In_Bounds","selection_algorithm.ads:45","conjunct","A'Length <= Max_N","relational","Pre","pre","yes","2 row(s) in proof_warnings.csv for this file"
"misc/SPARK4/Ada-SPARK-Selection-Algorithm","selection_algorithm.adb","347","In_Bounds","selection_algorithm.ads:45","conjunct","A'Length <= Max_N","relational","Pre","pre","yes","2 row(s) in proof_warnings.csv for this file"
"misc/SPARK4/Ada-SPARK-Selection-Algorithm","selection_algorithm.adb","392","In_Bounds","selection_algorithm.ads:45","conjunct","A'Length <= Max_N","relational","Pre","pre","yes","2 row(s) in proof_warnings.csv for this file"
"misc/SPARK4/Ada-SPARK-Selection-Algorithm","selection_algorithm.ads","66","In_Bounds","selection_algorithm.ads:45","conjunct","A'Length <= Max_N","relational","Pre","pre","yes","none"
"misc/SPARK4/Ada-SPARK-Selection-Algorithm","selection_algorithm.ads","94","In_Bounds","selection_algorithm.ads:45","conjunct","A'Length <= Max_N","relational","Pre","pre","yes","none"
"misc/SPARK4/Ada-SPARK-Selection-Algorithm","selection_algorithm.ads","98","In_Bounds","selection_algorithm.ads:45","conjunct","A'Length <= Max_N","relational","Post","post","no","none"
"misc/SPARK4/Ada-SPARK-Selection-Algorithm","selection_algorithm.ads","109","In_Bounds","selection_algorithm.ads:45","conjunct","A'Length <= Max_N","relational","Pre","pre","yes","none"
"misc/SPARK4/Ada-SPARK-Selection-Algorithm","selection_algorithm.ads","118","In_Bounds","selection_algorithm.ads:45","conjunct","A'Length <= Max_N","relational","Pre","pre","yes","none"
"searching/SPARK2/Bst-Insert-Search","bst_insert_search.ads","27","Ordered","bst_insert_search.ads:68","conjunct","(T.Count = 0 or else (T.Lo (1) = Bound'First and then T.Hi (1) = Bound'Last))","relational","Post","post","no","none"
"searching/SPARK2/Bst-Insert-Search","bst_insert_search.ads","32","Ordered","bst_insert_search.ads:68","conjunct","(T.Count = 0 or else (T.Lo (1) = Bound'First and then T.Hi (1) = Bound'Last))","relational","Pre","pre","yes","none"
"searching/SPARK2/Bst-Insert-Search","bst_insert_search.ads","33","Ordered","bst_insert_search.ads:68","conjunct","(T.Count = 0 or else (T.Lo (1) = Bound'First and then T.Hi (1) = Bound'Last))","relational","Post","post","no","none"
"searching/SPARK2/Bst-Insert-Search","bst_insert_search.ads","40","Ordered","bst_insert_search.ads:68","conjunct","(T.Count = 0 or else (T.Lo (1) = Bound'First and then T.Hi (1) = Bound'Last))","relational","Pre","pre","yes","none"
"searching/SPARK4/Ada-SPARK-Binary-Search","binary_search.ads","64","In_Bounds","binary_search.ads:51","conjunct","A'Length <= Max_N","relational","Pre","pre","yes","none"
"searching/SPARK4/Ada-SPARK-Binary-Search","binary_search.ads","87","In_Bounds","binary_search.ads:51","conjunct","A'Length <= Max_N","relational","Pre","pre","yes","none"
"searching/SPARK4/Ada-SPARK-Binary-Search","binary_search.ads","98","In_Bounds","binary_search.ads:51","conjunct","A'Length <= Max_N","relational","Pre","pre","yes","none"
"searching/SPARK4/Ada-SPARK-Binary-Search","binary_search.ads","112","In_Bounds","binary_search.ads:51","conjunct","A'Length <= Max_N","relational","Pre","pre","yes","none"
"searching/SPARK4/Ada-SPARK-Fibonacci-Search","fibonacci_search.ads","64","In_Bounds","fibonacci_search.ads:51","conjunct","A'Length <= Max_N","relational","Pre","pre","yes","none"
"searching/SPARK4/Ada-SPARK-Fibonacci-Search","fibonacci_search.ads","92","In_Bounds","fibonacci_search.ads:51","conjunct","A'Length <= Max_N","relational","Pre","pre","yes","none"
"searching/SPARK4/Ada-SPARK-Interpolation-Search","interpolation_search.ads","68","In_Bounds","interpolation_search.ads:55","conjunct","A'Length <= Max_N","relational","Pre","pre","yes","none"
"searching/SPARK4/Ada-SPARK-Interpolation-Search","interpolation_search.ads","93","In_Bounds","interpolation_search.ads:55","conjunct","A'Length <= Max_N","relational","Pre","pre","yes","none"
"searching/SPARK4/Ada-SPARK-Introselect","introselect.adb","35","In_Bounds","introselect.ads:46","conjunct","A'Length <= Max_N","relational","Pre","pre","yes","2 row(s) in proof_warnings.csv for this file"
"searching/SPARK4/Ada-SPARK-Introselect","introselect.adb","50","In_Bounds","introselect.ads:46","conjunct","A'Length <= Max_N","relational","Pre","pre","yes","2 row(s) in proof_warnings.csv for this file"
"searching/SPARK4/Ada-SPARK-Introselect","introselect.adb","66","In_Bounds","introselect.ads:46","conjunct","A'Length <= Max_N","relational","Pre","pre","yes","2 row(s) in proof_warnings.csv for this file"
"searching/SPARK4/Ada-SPARK-Introselect","introselect.adb","83","In_Bounds","introselect.ads:46","conjunct","A'Length <= Max_N","relational","Pre","pre","yes","2 row(s) in proof_warnings.csv for this file"
"searching/SPARK4/Ada-SPARK-Introselect","introselect.adb","92","In_Bounds","introselect.ads:46","conjunct","A'Length <= Max_N","relational","Pre","pre","yes","2 row(s) in proof_warnings.csv for this file"
"searching/SPARK4/Ada-SPARK-Introselect","introselect.adb","96","In_Bounds","introselect.ads:46","conjunct","A'Length <= Max_N","relational","Post","post","no","2 row(s) in proof_warnings.csv for this file"
"searching/SPARK4/Ada-SPARK-Introselect","introselect.adb","146","In_Bounds","introselect.ads:46","conjunct","A'Length <= Max_N","relational","Pre","pre","yes","2 row(s) in proof_warnings.csv for this file"
"searching/SPARK4/Ada-SPARK-Introselect","introselect.adb","153","In_Bounds","introselect.ads:46","conjunct","A'Length <= Max_N","relational","Post","post","no","2 row(s) in proof_warnings.csv for this file"
"searching/SPARK4/Ada-SPARK-Introselect","introselect.adb","201","In_Bounds","introselect.ads:46","conjunct","A'Length <= Max_N","relational","Pre","pre","yes","2 row(s) in proof_warnings.csv for this file"
"searching/SPARK4/Ada-SPARK-Introselect","introselect.adb","210","In_Bounds","introselect.ads:46","conjunct","A'Length <= Max_N","relational","Post","post","no","2 row(s) in proof_warnings.csv for this file"
"searching/SPARK4/Ada-SPARK-Introselect","introselect.adb","274","In_Bounds","introselect.ads:46","conjunct","A'Length <= Max_N","relational","Pre","pre","yes","2 row(s) in proof_warnings.csv for this file"
"searching/SPARK4/Ada-SPARK-Introselect","introselect.adb","282","In_Bounds","introselect.ads:46","conjunct","A'Length <= Max_N","relational","Post","post","no","2 row(s) in proof_warnings.csv for this file"
"searching/SPARK4/Ada-SPARK-Introselect","introselect.adb","363","In_Bounds","introselect.ads:46","conjunct","A'Length <= Max_N","relational","Pre","pre","yes","2 row(s) in proof_warnings.csv for this file"
"searching/SPARK4/Ada-SPARK-Introselect","introselect.adb","370","In_Bounds","introselect.ads:46","conjunct","A'Length <= Max_N","relational","Post","post","no","2 row(s) in proof_warnings.csv for this file"
"searching/SPARK4/Ada-SPARK-Introselect","introselect.adb","448","In_Bounds","introselect.ads:46","conjunct","A'Length <= Max_N","relational","Pre","pre","yes","2 row(s) in proof_warnings.csv for this file"
"searching/SPARK4/Ada-SPARK-Introselect","introselect.adb","496","In_Bounds","introselect.ads:46","conjunct","A'Length <= Max_N","relational","Pre","pre","yes","2 row(s) in proof_warnings.csv for this file"
"searching/SPARK4/Ada-SPARK-Introselect","introselect.adb","533","In_Bounds","introselect.ads:46","conjunct","A'Length <= Max_N","relational","Pre","pre","yes","2 row(s) in proof_warnings.csv for this file"
"searching/SPARK4/Ada-SPARK-Introselect","introselect.adb","574","In_Bounds","introselect.ads:46","conjunct","A'Length <= Max_N","relational","Pre","pre","yes","2 row(s) in proof_warnings.csv for this file"
"searching/SPARK4/Ada-SPARK-Introselect","introselect.ads","67","In_Bounds","introselect.ads:46","conjunct","A'Length <= Max_N","relational","Pre","pre","yes","none"
"searching/SPARK4/Ada-SPARK-Introselect","introselect.ads","100","In_Bounds","introselect.ads:46","conjunct","A'Length <= Max_N","relational","Pre","pre","yes","none"
"searching/SPARK4/Ada-SPARK-Introselect","introselect.ads","104","In_Bounds","introselect.ads:46","conjunct","A'Length <= Max_N","relational","Post","post","no","none"
"searching/SPARK4/Ada-SPARK-Introselect","introselect.ads","115","In_Bounds","introselect.ads:46","conjunct","A'Length <= Max_N","relational","Pre","pre","yes","none"
"searching/SPARK4/Ada-SPARK-Introselect","introselect.ads","124","In_Bounds","introselect.ads:46","conjunct","A'Length <= Max_N","relational","Pre","pre","yes","none"
"searching/SPARK4/Ada-SPARK-Jump-Search","jump_search.adb","68","In_Bounds","jump_search.ads:50","conjunct","A'Length <= Max_N","relational","Pre","pre","yes","none"
"searching/SPARK4/Ada-SPARK-Jump-Search","jump_search.ads","63","In_Bounds","jump_search.ads:50","conjunct","A'Length <= Max_N","relational","Pre","pre","yes","none"
"searching/SPARK4/Ada-SPARK-Jump-Search","jump_search.ads","85","In_Bounds","jump_search.ads:50","conjunct","A'Length <= Max_N","relational","Pre","pre","yes","none"
"searching/SPARK4/Ada-SPARK-Jump-Search","jump_search.ads","100","In_Bounds","jump_search.ads:50","conjunct","A'Length <= Max_N","relational","Pre","pre","yes","none"
"searching/SPARK4/Ada-SPARK-Linear-Search","linear_search.ads","68","In_Bounds","linear_search.ads:44","conjunct","A'Length <= Max_N","relational","Pre","pre","yes","none"
"searching/SPARK4/Ada-SPARK-Linear-Search","linear_search.ads","87","In_Bounds","linear_search.ads:44","conjunct","A'Length <= Max_N","relational","Pre","pre","yes","none"
"searching/SPARK4/Ada-SPARK-Linear-Search","linear_search.ads","108","In_Bounds","linear_search.ads:44","conjunct","A'Length <= Max_N","relational","Pre","pre","yes","none"
"searching/SPARK4/Ada-SPARK-Quickselect","quickselect.adb","29","In_Bounds","quickselect.ads:45","conjunct","A'Length <= Max_N","relational","Pre","pre","yes","2 row(s) in proof_warnings.csv for this file"
"searching/SPARK4/Ada-SPARK-Quickselect","quickselect.adb","44","In_Bounds","quickselect.ads:45","conjunct","A'Length <= Max_N","relational","Pre","pre","yes","2 row(s) in proof_warnings.csv for this file"
"searching/SPARK4/Ada-SPARK-Quickselect","quickselect.adb","60","In_Bounds","quickselect.ads:45","conjunct","A'Length <= Max_N","relational","Pre","pre","yes","2 row(s) in proof_warnings.csv for this file"
"searching/SPARK4/Ada-SPARK-Quickselect","quickselect.adb","77","In_Bounds","quickselect.ads:45","conjunct","A'Length <= Max_N","relational","Pre","pre","yes","2 row(s) in proof_warnings.csv for this file"
"searching/SPARK4/Ada-SPARK-Quickselect","quickselect.adb","86","In_Bounds","quickselect.ads:45","conjunct","A'Length <= Max_N","relational","Pre","pre","yes","2 row(s) in proof_warnings.csv for this file"
"searching/SPARK4/Ada-SPARK-Quickselect","quickselect.adb","90","In_Bounds","quickselect.ads:45","conjunct","A'Length <= Max_N","relational","Post","post","no","2 row(s) in proof_warnings.csv for this file"
"searching/SPARK4/Ada-SPARK-Quickselect","quickselect.adb","115","In_Bounds","quickselect.ads:45","conjunct","A'Length <= Max_N","relational","Pre","pre","yes","2 row(s) in proof_warnings.csv for this file"
"searching/SPARK4/Ada-SPARK-Quickselect","quickselect.adb","122","In_Bounds","quickselect.ads:45","conjunct","A'Length <= Max_N","relational","Post","post","no","2 row(s) in proof_warnings.csv for this file"
"searching/SPARK4/Ada-SPARK-Quickselect","quickselect.adb","170","In_Bounds","quickselect.ads:45","conjunct","A'Length <= Max_N","relational","Pre","pre","yes","2 row(s) in proof_warnings.csv for this file"
"searching/SPARK4/Ada-SPARK-Quickselect","quickselect.adb","177","In_Bounds","quickselect.ads:45","conjunct","A'Length <= Max_N","relational","Post","post","no","2 row(s) in proof_warnings.csv for this file"
"searching/SPARK4/Ada-SPARK-Quickselect","quickselect.adb","259","In_Bounds","quickselect.ads:45","conjunct","A'Length <= Max_N","relational","Pre","pre","yes","2 row(s) in proof_warnings.csv for this file"
"searching/SPARK4/Ada-SPARK-Quickselect","quickselect.adb","309","In_Bounds","quickselect.ads:45","conjunct","A'Length <= Max_N","relational","Pre","pre","yes","2 row(s) in proof_warnings.csv for this file"
"searching/SPARK4/Ada-SPARK-Quickselect","quickselect.adb","346","In_Bounds","quickselect.ads:45","conjunct","A'Length <= Max_N","relational","Pre","pre","yes","2 row(s) in proof_warnings.csv for this file"
"searching/SPARK4/Ada-SPARK-Quickselect","quickselect.adb","391","In_Bounds","quickselect.ads:45","conjunct","A'Length <= Max_N","relational","Pre","pre","yes","2 row(s) in proof_warnings.csv for this file"
"searching/SPARK4/Ada-SPARK-Quickselect","quickselect.ads","66","In_Bounds","quickselect.ads:45","conjunct","A'Length <= Max_N","relational","Pre","pre","yes","none"
"searching/SPARK4/Ada-SPARK-Quickselect","quickselect.ads","94","In_Bounds","quickselect.ads:45","conjunct","A'Length <= Max_N","relational","Pre","pre","yes","none"
"searching/SPARK4/Ada-SPARK-Quickselect","quickselect.ads","98","In_Bounds","quickselect.ads:45","conjunct","A'Length <= Max_N","relational","Post","post","no","none"
"searching/SPARK4/Ada-SPARK-Quickselect","quickselect.ads","109","In_Bounds","quickselect.ads:45","conjunct","A'Length <= Max_N","relational","Pre","pre","yes","none"
"searching/SPARK4/Ada-SPARK-Quickselect","quickselect.ads","118","In_Bounds","quickselect.ads:45","conjunct","A'Length <= Max_N","relational","Pre","pre","yes","none"
"searching/SPARK4/Ada-SPARK-Ternary-Search","ternary_search.ads","65","In_Bounds","ternary_search.ads:52","conjunct","A'Length <= Max_N","relational","Pre","pre","yes","none"
"searching/SPARK4/Ada-SPARK-Ternary-Search","ternary_search.ads","82","In_Bounds","ternary_search.ads:52","conjunct","A'Length <= Max_N","relational","Pre","pre","yes","none"
"searching/SPARK4/Ada-SPARK-Ternary-Search","ternary_search.ads","121","In_Bounds","ternary_search.ads:52","conjunct","A'Length <= Max_N","relational","Pre","pre","yes","none"
"searching/SPARK4/Ada-SPARK-Ternary-Search","ternary_search.ads","132","In_Bounds","ternary_search.ads:52","conjunct","A'Length <= Max_N","relational","Pre","pre","yes","none"
"searching/SPARK4/Ada-SPARK-Ternary-Search","ternary_search.ads","149","In_Bounds","ternary_search.ads:52","conjunct","A'Length <= Max_N","relational","Pre","pre","yes","none"
"sorting/SPARK2/Ada-SPARK-Convert-Sorted-Array-To-BST","convert_sorted_array_to_bst.adb","31","Node_Ok","convert_sorted_array_to_bst.ads:36","conjunct","A'First = 1","origin_pin","Post","post","no","none"
"sorting/SPARK2/Ada-SPARK-Convert-Sorted-Array-To-BST","convert_sorted_array_to_bst.ads","57","Node_Ok","convert_sorted_array_to_bst.ads:36","conjunct","A'First = 1","origin_pin","Post","post","no","none"
"sorting/SPARK2/Ada-SPARK-Flash-Sort","flash_sort.adb","100","Regions_Ok","flash_sort.adb:95","conjunct","E (3) = Index'Last","relational","Pre","pre","yes","none"
"sorting/SPARK2/Ada-SPARK-Tim-Sort-Stub","tim_sort_stub.adb","69","Same_Occ","tim_sort_stub.adb:22","conjunct","A'First = B'First","relational","Post","post","no","none"
"sorting/SPARK2/Ada-SPARK-Tim-Sort-Stub","tim_sort_stub.adb","77","Same_Occ","tim_sort_stub.adb:22","conjunct","A'First = B'First","relational","Post","post","no","none"
"sorting/SPARK2/Ada-SPARK-Tim-Sort-Stub","tim_sort_stub.adb","80","Same_Occ","tim_sort_stub.adb:22","conjunct","A'First = B'First","relational","Pre","pre","yes","none"
"sorting/SPARK2/Ada-SPARK-Tim-Sort-Stub","tim_sort_stub.adb","81","Same_Occ","tim_sort_stub.adb:22","conjunct","A'First = B'First","relational","Post","post","no","none"
"sorting/SPARK2/Ada-SPARK-Tim-Sort-Stub","tim_sort_stub.adb","85","Same_Occ","tim_sort_stub.adb:22","conjunct","A'First = B'First","relational","Pre","pre","yes","none"
"sorting/SPARK2/Ada-SPARK-Tim-Sort-Stub","tim_sort_stub.adb","86","Is_Perm","tim_sort_stub.ads:39","conjunct","A'First = B'First","relational","Post","post","no","none"
"sorting/SPARK2/Ada-SPARK-Tim-Sort-Stub","tim_sort_stub.adb","155","Same_Occ","tim_sort_stub.adb:22","conjunct","A'First = B'First","relational","Post","post","no","none"
"sorting/SPARK2/Ada-SPARK-Tim-Sort-Stub","tim_sort_stub.adb","186","Same_Occ","tim_sort_stub.adb:22","conjunct","A'First = B'First","relational","Post","post","no","none"
"sorting/SPARK2/Ada-SPARK-Tim-Sort-Stub","tim_sort_stub.adb","220","Same_Occ","tim_sort_stub.adb:22","conjunct","A'First = B'First","relational","Post","post","no","none"
"sorting/SPARK2/Ada-SPARK-Tim-Sort-Stub","tim_sort_stub.adb","282","Same_Occ","tim_sort_stub.adb:22","conjunct","A'First = B'First","relational","Post","post","no","none"
"sorting/SPARK2/Ada-SPARK-Tim-Sort-Stub","tim_sort_stub.adb","364","Stack_Ok","tim_sort_stub.adb:348","conjunct","(if Top = 0 then Lo = Input'First else Base (1) = Input'First and then Lo - Base (Top) = Len (Top))","relational","Pre","pre","yes","none"
"sorting/SPARK2/Ada-SPARK-Tim-Sort-Stub","tim_sort_stub.adb","365","Stack_Ok","tim_sort_stub.adb:348","conjunct","(if Top = 0 then Lo = Input'First else Base (1) = Input'First and then Lo - Base (Top) = Len (Top))","relational","Post","post","no","none"
"sorting/SPARK2/Ada-SPARK-Tim-Sort-Stub","tim_sort_stub.adb","371","Same_Occ","tim_sort_stub.adb:22","conjunct","A'First = B'First","relational","Post","post","no","none"
"sorting/SPARK2/Ada-SPARK-Tim-Sort-Stub","tim_sort_stub.ads","82","Is_Perm","tim_sort_stub.ads:39","conjunct","A'First = B'First","relational","Post","post","no","none"
"sorting/SPARK2/Ada-SPARK-Tim-Sort-Stub","tim_sort_stub.ads","94","Is_Perm","tim_sort_stub.ads:39","conjunct","A'First = B'First","relational","Post","post","no","none"
"sorting/SPARK4/Ada-SPARK-Bitonic-Sorter","bitonic_sorter.adb","22","In_Bounds","bitonic_sorter.ads:49","conjunct","A'First = 1","origin_pin","Pre","pre","yes","none"
"sorting/SPARK4/Ada-SPARK-Bitonic-Sorter","bitonic_sorter.adb","40","In_Bounds","bitonic_sorter.ads:49","conjunct","A'First = 1","origin_pin","Pre","pre","yes","none"
"sorting/SPARK4/Ada-SPARK-Bitonic-Sorter","bitonic_sorter.adb","82","In_Bounds","bitonic_sorter.ads:49","conjunct","A'First = 1","origin_pin","Pre","pre","yes","none"
"sorting/SPARK4/Ada-SPARK-Bitonic-Sorter","bitonic_sorter.adb","86","In_Bounds","bitonic_sorter.ads:49","conjunct","A'First = 1","origin_pin","Post","post","no","none"
"sorting/SPARK4/Ada-SPARK-Bitonic-Sorter","bitonic_sorter.adb","112","In_Bounds","bitonic_sorter.ads:49","conjunct","A'First = 1","origin_pin","Pre","pre","yes","none"
"sorting/SPARK4/Ada-SPARK-Bitonic-Sorter","bitonic_sorter.adb","115","In_Bounds","bitonic_sorter.ads:49","conjunct","A'First = 1","origin_pin","Post","post","no","none"
"sorting/SPARK4/Ada-SPARK-Bitonic-Sorter","bitonic_sorter.adb","141","In_Bounds","bitonic_sorter.ads:49","conjunct","A'First = 1","origin_pin","Pre","pre","yes","none"
"sorting/SPARK4/Ada-SPARK-Bitonic-Sorter","bitonic_sorter.adb","149","In_Bounds","bitonic_sorter.ads:49","conjunct","A'First = 1","origin_pin","Post","post","no","none"
"sorting/SPARK4/Ada-SPARK-Bitonic-Sorter","bitonic_sorter.adb","193","In_Bounds","bitonic_sorter.ads:49","conjunct","A'First = 1","origin_pin","Pre","pre","yes","none"
"sorting/SPARK4/Ada-SPARK-Bitonic-Sorter","bitonic_sorter.adb","201","In_Bounds","bitonic_sorter.ads:49","conjunct","A'First = 1","origin_pin","Post","post","no","none"
"sorting/SPARK4/Ada-SPARK-Bitonic-Sorter","bitonic_sorter.adb","232","In_Bounds","bitonic_sorter.ads:49","conjunct","A'First = 1","origin_pin","Pre","pre","yes","none"
"sorting/SPARK4/Ada-SPARK-Bitonic-Sorter","bitonic_sorter.adb","238","In_Bounds","bitonic_sorter.ads:49","conjunct","A'First = 1","origin_pin","Post","post","no","none"
"sorting/SPARK4/Ada-SPARK-Bitonic-Sorter","bitonic_sorter.adb","281","In_Bounds","bitonic_sorter.ads:49","conjunct","A'First = 1","origin_pin","Pre","pre","yes","none"
"sorting/SPARK4/Ada-SPARK-Bitonic-Sorter","bitonic_sorter.adb","282","In_Bounds","bitonic_sorter.ads:49","conjunct","A'First = 1","origin_pin","Post","post","no","none"
"sorting/SPARK4/Ada-SPARK-Bitonic-Sorter","bitonic_sorter.adb","332","In_Bounds","bitonic_sorter.ads:49","conjunct","A'First = 1","origin_pin","Pre","pre","yes","none"
"sorting/SPARK4/Ada-SPARK-Bitonic-Sorter","bitonic_sorter.adb","333","In_Bounds","bitonic_sorter.ads:49","conjunct","A'First = 1","origin_pin","Post","post","no","none"
"sorting/SPARK4/Ada-SPARK-Bitonic-Sorter","bitonic_sorter.ads","59","In_Bounds","bitonic_sorter.ads:49","conjunct","A'First = 1","origin_pin","Pre","pre","yes","none"
"sorting/SPARK4/Ada-SPARK-Bitonic-Sorter","bitonic_sorter.ads","89","In_Bounds","bitonic_sorter.ads:49","conjunct","A'First = 1","origin_pin","Pre","pre","yes","none"
"sorting/SPARK4/Ada-SPARK-Bitonic-Sorter","bitonic_sorter.ads","90","In_Bounds","bitonic_sorter.ads:49","conjunct","A'First = 1","origin_pin","Post","post","no","none"
"sorting/SPARK4/Ada-SPARK-Bogosort","bogosort.adb","24","In_Bounds","bogosort.ads:55","conjunct","A'Length <= Max_N","relational","Pre","pre","yes","none"
"sorting/SPARK4/Ada-SPARK-Bogosort","bogosort.adb","36","In_Bounds","bogosort.ads:55","conjunct","A'Length <= Max_N","relational","Pre","pre","yes","none"
"sorting/SPARK4/Ada-SPARK-Bogosort","bogosort.adb","50","In_Bounds","bogosort.ads:55","conjunct","A'Length <= Max_N","relational","Pre","pre","yes","none"
"sorting/SPARK4/Ada-SPARK-Bogosort","bogosort.adb","67","In_Bounds","bogosort.ads:55","conjunct","A'Length <= Max_N","relational","Pre","pre","yes","none"
"sorting/SPARK4/Ada-SPARK-Bogosort","bogosort.adb","73","Same_Occ","bogosort.adb:15","conjunct","A'First = B'First","relational","Post","post","no","none"
"sorting/SPARK4/Ada-SPARK-Bogosort","bogosort.adb","79","In_Bounds","bogosort.ads:55","conjunct","A'Length <= Max_N","relational","Pre","pre","yes","none"
"sorting/SPARK4/Ada-SPARK-Bogosort","bogosort.adb","80","Same_Occ","bogosort.adb:15","conjunct","A'First = B'First","relational","Pre","pre","yes","none"
"sorting/SPARK4/Ada-SPARK-Bogosort","bogosort.adb","81","Same_Occ","bogosort.adb:15","conjunct","A'First = B'First","relational","Post","post","no","none"
"sorting/SPARK4/Ada-SPARK-Bogosort","bogosort.adb","86","In_Bounds","bogosort.ads:55","conjunct","A'Length <= Max_N","relational","Pre","pre","yes","none"
"sorting/SPARK4/Ada-SPARK-Bogosort","bogosort.adb","86","Same_Occ","bogosort.adb:15","conjunct","A'First = B'First","relational","Pre","pre","yes","none"
"sorting/SPARK4/Ada-SPARK-Bogosort","bogosort.adb","87","Is_Perm","bogosort.ads:80","conjunct","A'First = B'First","relational","Post","post","no","none"
"sorting/SPARK4/Ada-SPARK-Bogosort","bogosort.adb","146","In_Bounds","bogosort.ads:55","conjunct","A'Length <= Max_N","relational","Pre","pre","yes","none"
"sorting/SPARK4/Ada-SPARK-Bogosort","bogosort.adb","147","In_Bounds","bogosort.ads:55","conjunct","A'Length <= Max_N","relational","Post","post","no","none"
"sorting/SPARK4/Ada-SPARK-Bogosort","bogosort.adb","147","Same_Occ","bogosort.adb:15","conjunct","A'First = B'First","relational","Post","post","no","none"
"sorting/SPARK4/Ada-SPARK-Bogosort","bogosort.ads","64","In_Bounds","bogosort.ads:55","conjunct","A'Length <= Max_N","relational","Pre","pre","yes","none"
"sorting/SPARK4/Ada-SPARK-Bogosort","bogosort.ads","71","In_Bounds","bogosort.ads:55","conjunct","A'Length <= Max_N","relational","Pre","pre","yes","none"
"sorting/SPARK4/Ada-SPARK-Bogosort","bogosort.ads","89","In_Bounds","bogosort.ads:55","conjunct","A'Length <= Max_N","relational","Pre","pre","yes","none"
"sorting/SPARK4/Ada-SPARK-Bogosort","bogosort.ads","99","In_Bounds","bogosort.ads:55","conjunct","A'Length <= Max_N","relational","Pre","pre","yes","none"
"sorting/SPARK4/Ada-SPARK-Bogosort","bogosort.ads","101","In_Bounds","bogosort.ads:55","conjunct","A'Length <= Max_N","relational","Post","post","no","none"
"sorting/SPARK4/Ada-SPARK-Bogosort","bogosort.ads","102","Is_Perm","bogosort.ads:80","conjunct","A'First = B'First","relational","Post","post","no","none"
"sorting/SPARK4/Ada-SPARK-Bubble-Sort","bubble_sort.adb","31","In_Bounds","bubble_sort.ads:46","conjunct","A'Length <= Max_N","relational","Pre","pre","yes","none"
"sorting/SPARK4/Ada-SPARK-Bubble-Sort","bubble_sort.adb","43","In_Bounds","bubble_sort.ads:46","conjunct","A'Length <= Max_N","relational","Pre","pre","yes","none"
"sorting/SPARK4/Ada-SPARK-Bubble-Sort","bubble_sort.adb","57","In_Bounds","bubble_sort.ads:46","conjunct","A'Length <= Max_N","relational","Pre","pre","yes","none"
"sorting/SPARK4/Ada-SPARK-Bubble-Sort","bubble_sort.adb","74","In_Bounds","bubble_sort.ads:46","conjunct","A'Length <= Max_N","relational","Pre","pre","yes","none"
"sorting/SPARK4/Ada-SPARK-Bubble-Sort","bubble_sort.adb","80","Same_Occ","bubble_sort.adb:22","conjunct","A'First = B'First","relational","Post","post","no","none"
"sorting/SPARK4/Ada-SPARK-Bubble-Sort","bubble_sort.adb","86","In_Bounds","bubble_sort.ads:46","conjunct","A'Length <= Max_N","relational","Pre","pre","yes","none"
"sorting/SPARK4/Ada-SPARK-Bubble-Sort","bubble_sort.adb","97","In_Bounds","bubble_sort.ads:46","conjunct","A'Length <= Max_N","relational","Pre","pre","yes","none"
"sorting/SPARK4/Ada-SPARK-Bubble-Sort","bubble_sort.adb","97","Is_Perm","bubble_sort.ads:79","conjunct","A'First = B'First","relational","Pre","pre","yes","none"
"sorting/SPARK4/Ada-SPARK-Bubble-Sort","bubble_sort.adb","98","Same_Occ","bubble_sort.adb:22","conjunct","A'First = B'First","relational","Post","post","no","none"
"sorting/SPARK4/Ada-SPARK-Bubble-Sort","bubble_sort.adb","103","In_Bounds","bubble_sort.ads:46","conjunct","A'Length <= Max_N","relational","Pre","pre","yes","none"
"sorting/SPARK4/Ada-SPARK-Bubble-Sort","bubble_sort.adb","103","Same_Occ","bubble_sort.adb:22","conjunct","A'First = B'First","relational","Pre","pre","yes","none"
"sorting/SPARK4/Ada-SPARK-Bubble-Sort","bubble_sort.adb","104","Is_Perm","bubble_sort.ads:79","conjunct","A'First = B'First","relational","Post","post","no","none"
"sorting/SPARK4/Ada-SPARK-Bubble-Sort","bubble_sort.adb","168","In_Bounds","bubble_sort.ads:46","conjunct","A'Length <= Max_N","relational","Pre","pre","yes","none"
"sorting/SPARK4/Ada-SPARK-Bubble-Sort","bubble_sort.adb","186","In_Bounds","bubble_sort.ads:46","conjunct","A'Length <= Max_N","relational","Pre","pre","yes","none"
"sorting/SPARK4/Ada-SPARK-Bubble-Sort","bubble_sort.adb","196","In_Bounds","bubble_sort.ads:46","conjunct","A'Length <= Max_N","relational","Pre","pre","yes","none"
"sorting/SPARK4/Ada-SPARK-Bubble-Sort","bubble_sort.adb","200","In_Bounds","bubble_sort.ads:46","conjunct","A'Length <= Max_N","relational","Post","post","no","none"
"sorting/SPARK4/Ada-SPARK-Bubble-Sort","bubble_sort.adb","229","In_Bounds","bubble_sort.ads:46","conjunct","A'Length <= Max_N","relational","Pre","pre","yes","none"
"sorting/SPARK4/Ada-SPARK-Bubble-Sort","bubble_sort.adb","235","In_Bounds","bubble_sort.ads:46","conjunct","A'Length <= Max_N","relational","Post","post","no","none"
"sorting/SPARK4/Ada-SPARK-Bubble-Sort","bubble_sort.adb","240","Is_Perm","bubble_sort.ads:79","conjunct","A'First = B'First","relational","Post","post","no","none"
"sorting/SPARK4/Ada-SPARK-Bubble-Sort","bubble_sort.ads","59","In_Bounds","bubble_sort.ads:46","conjunct","A'Length <= Max_N","relational","Pre","pre","yes","none"
"sorting/SPARK4/Ada-SPARK-Bubble-Sort","bubble_sort.ads","70","In_Bounds","bubble_sort.ads:46","conjunct","A'Length <= Max_N","relational","Pre","pre","yes","none"
"sorting/SPARK4/Ada-SPARK-Bubble-Sort","bubble_sort.ads","88","In_Bounds","bubble_sort.ads:46","conjunct","A'Length <= Max_N","relational","Pre","pre","yes","none"
"sorting/SPARK4/Ada-SPARK-Bubble-Sort","bubble_sort.ads","112","In_Bounds","bubble_sort.ads:46","conjunct","A'Length <= Max_N","relational","Pre","pre","yes","none"
"sorting/SPARK4/Ada-SPARK-Bubble-Sort","bubble_sort.ads","113","In_Bounds","bubble_sort.ads:46","conjunct","A'Length <= Max_N","relational","Post","post","no","none"
"sorting/SPARK4/Ada-SPARK-Bubble-Sort","bubble_sort.ads","113","Is_Perm","bubble_sort.ads:79","conjunct","A'First = B'First","relational","Post","post","no","none"
"sorting/SPARK4/Ada-SPARK-Bucket-Sort","bucket_sort.adb","57","In_Bounds","bucket_sort.ads:71","conjunct","A'First = 1","origin_pin","Pre","pre","yes","none"
"sorting/SPARK4/Ada-SPARK-Bucket-Sort","bucket_sort.adb","122","In_Bounds","bucket_sort.ads:71","conjunct","A'First = 1","origin_pin","Pre","pre","yes","none"
"sorting/SPARK4/Ada-SPARK-Bucket-Sort","bucket_sort.adb","127","In_Bounds","bucket_sort.ads:71","conjunct","A'First = 1","origin_pin","Post","post","no","none"
"sorting/SPARK4/Ada-SPARK-Bucket-Sort","bucket_sort.adb","167","In_Bounds","bucket_sort.ads:71","conjunct","A'First = 1","origin_pin","Pre","pre","yes","none"
"sorting/SPARK4/Ada-SPARK-Bucket-Sort","bucket_sort.adb","169","In_Bounds","bucket_sort.ads:71","conjunct","A'First = 1","origin_pin","Post","post","no","none"
"sorting/SPARK4/Ada-SPARK-Bucket-Sort","bucket_sort.ads","82","In_Bounds","bucket_sort.ads:71","conjunct","A'First = 1","origin_pin","Pre","pre","yes","none"
"sorting/SPARK4/Ada-SPARK-Bucket-Sort","bucket_sort.ads","109","In_Bounds","bucket_sort.ads:71","conjunct","A'First = 1","origin_pin","Pre","pre","yes","none"
"sorting/SPARK4/Ada-SPARK-Bucket-Sort","bucket_sort.ads","110","In_Bounds","bucket_sort.ads:71","conjunct","A'First = 1","origin_pin","Post","post","no","none"
"sorting/SPARK4/Ada-SPARK-Burstsort","burstsort.adb","70","In_Bounds","burstsort.ads:103","conjunct","A'First = 1","origin_pin","Pre","pre","yes","none"
"sorting/SPARK4/Ada-SPARK-Burstsort","burstsort.adb","95","In_Bounds","burstsort.ads:103","conjunct","A'First = 1","origin_pin","Pre","pre","yes","none"
"sorting/SPARK4/Ada-SPARK-Burstsort","burstsort.adb","110","In_Bounds","burstsort.ads:103","conjunct","A'First = 1","origin_pin","Pre","pre","yes","none"
"sorting/SPARK4/Ada-SPARK-Burstsort","burstsort.adb","172","In_Bounds","burstsort.ads:103","conjunct","A'First = 1","origin_pin","Pre","pre","yes","none"
"sorting/SPARK4/Ada-SPARK-Burstsort","burstsort.adb","192","In_Bounds","burstsort.ads:103","conjunct","A'First = 1","origin_pin","Pre","pre","yes","none"
"sorting/SPARK4/Ada-SPARK-Burstsort","burstsort.adb","207","In_Bounds","burstsort.ads:103","conjunct","A'First = 1","origin_pin","Pre","pre","yes","none"
"sorting/SPARK4/Ada-SPARK-Burstsort","burstsort.adb","211","In_Bounds","burstsort.ads:103","conjunct","A'First = 1","origin_pin","Post","post","no","none"
"sorting/SPARK4/Ada-SPARK-Burstsort","burstsort.adb","258","In_Bounds","burstsort.ads:103","conjunct","A'First = 1","origin_pin","Pre","pre","yes","none"
"sorting/SPARK4/Ada-SPARK-Burstsort","burstsort.adb","263","In_Bounds","burstsort.ads:103","conjunct","A'First = 1","origin_pin","Post","post","no","none"
"sorting/SPARK4/Ada-SPARK-Burstsort","burstsort.adb","335","In_Bounds","burstsort.ads:103","conjunct","A'First = 1","origin_pin","Pre","pre","yes","none"
"sorting/SPARK4/Ada-SPARK-Burstsort","burstsort.adb","342","In_Bounds","burstsort.ads:103","conjunct","A'First = 1","origin_pin","Post","post","no","none"
"sorting/SPARK4/Ada-SPARK-Burstsort","burstsort.adb","426","In_Bounds","burstsort.ads:103","conjunct","A'First = 1","origin_pin","Pre","pre","yes","none"
"sorting/SPARK4/Ada-SPARK-Burstsort","burstsort.adb","432","In_Bounds","burstsort.ads:103","conjunct","A'First = 1","origin_pin","Post","post","no","none"
"sorting/SPARK4/Ada-SPARK-Burstsort","burstsort.adb","633","In_Bounds","burstsort.ads:103","conjunct","A'First = 1","origin_pin","Pre","pre","yes","none"
"sorting/SPARK4/Ada-SPARK-Burstsort","burstsort.adb","634","In_Bounds","burstsort.ads:103","conjunct","A'First = 1","origin_pin","Post","post","no","none"
"sorting/SPARK4/Ada-SPARK-Burstsort","burstsort.ads","114","In_Bounds","burstsort.ads:103","conjunct","A'First = 1","origin_pin","Pre","pre","yes","none"
"sorting/SPARK4/Ada-SPARK-Burstsort","burstsort.ads","142","In_Bounds","burstsort.ads:103","conjunct","A'First = 1","origin_pin","Pre","pre","yes","none"
"sorting/SPARK4/Ada-SPARK-Burstsort","burstsort.ads","143","In_Bounds","burstsort.ads:103","conjunct","A'First = 1","origin_pin","Post","post","no","none"
"sorting/SPARK4/Ada-SPARK-Cocktail-Shaker-Sort","cocktail_shaker_sort.adb","25","In_Bounds","cocktail_shaker_sort.ads:48","conjunct","A'Length <= Max_N","relational","Pre","pre","yes","none"
"sorting/SPARK4/Ada-SPARK-Cocktail-Shaker-Sort","cocktail_shaker_sort.adb","37","In_Bounds","cocktail_shaker_sort.ads:48","conjunct","A'Length <= Max_N","relational","Pre","pre","yes","none"
"sorting/SPARK4/Ada-SPARK-Cocktail-Shaker-Sort","cocktail_shaker_sort.adb","51","In_Bounds","cocktail_shaker_sort.ads:48","conjunct","A'Length <= Max_N","relational","Pre","pre","yes","none"
"sorting/SPARK4/Ada-SPARK-Cocktail-Shaker-Sort","cocktail_shaker_sort.adb","68","In_Bounds","cocktail_shaker_sort.ads:48","conjunct","A'Length <= Max_N","relational","Pre","pre","yes","none"
"sorting/SPARK4/Ada-SPARK-Cocktail-Shaker-Sort","cocktail_shaker_sort.adb","74","Same_Occ","cocktail_shaker_sort.adb:16","conjunct","A'First = B'First","relational","Post","post","no","none"
"sorting/SPARK4/Ada-SPARK-Cocktail-Shaker-Sort","cocktail_shaker_sort.adb","79","In_Bounds","cocktail_shaker_sort.ads:48","conjunct","A'Length <= Max_N","relational","Pre","pre","yes","none"
"sorting/SPARK4/Ada-SPARK-Cocktail-Shaker-Sort","cocktail_shaker_sort.adb","79","Same_Occ","cocktail_shaker_sort.adb:16","conjunct","A'First = B'First","relational","Pre","pre","yes","none"
"sorting/SPARK4/Ada-SPARK-Cocktail-Shaker-Sort","cocktail_shaker_sort.adb","80","Is_Perm","cocktail_shaker_sort.ads:99","conjunct","A'First = B'First","relational","Post","post","no","none"
"sorting/SPARK4/Ada-SPARK-Cocktail-Shaker-Sort","cocktail_shaker_sort.adb","132","In_Bounds","cocktail_shaker_sort.ads:48","conjunct","A'Length <= Max_N","relational","Pre","pre","yes","none"
"sorting/SPARK4/Ada-SPARK-Cocktail-Shaker-Sort","cocktail_shaker_sort.adb","150","In_Bounds","cocktail_shaker_sort.ads:48","conjunct","A'Length <= Max_N","relational","Pre","pre","yes","none"
"sorting/SPARK4/Ada-SPARK-Cocktail-Shaker-Sort","cocktail_shaker_sort.adb","160","In_Bounds","cocktail_shaker_sort.ads:48","conjunct","A'Length <= Max_N","relational","Pre","pre","yes","none"
"sorting/SPARK4/Ada-SPARK-Cocktail-Shaker-Sort","cocktail_shaker_sort.adb","164","In_Bounds","cocktail_shaker_sort.ads:48","conjunct","A'Length <= Max_N","relational","Post","post","no","none"
"sorting/SPARK4/Ada-SPARK-Cocktail-Shaker-Sort","cocktail_shaker_sort.adb","170","Same_Occ","cocktail_shaker_sort.adb:16","conjunct","A'First = B'First","relational","Post","post","no","none"
"sorting/SPARK4/Ada-SPARK-Cocktail-Shaker-Sort","cocktail_shaker_sort.adb","202","In_Bounds","cocktail_shaker_sort.ads:48","conjunct","A'Length <= Max_N","relational","Pre","pre","yes","none"
"sorting/SPARK4/Ada-SPARK-Cocktail-Shaker-Sort","cocktail_shaker_sort.adb","210","In_Bounds","cocktail_shaker_sort.ads:48","conjunct","A'Length <= Max_N","relational","Post","post","no","none"
"sorting/SPARK4/Ada-SPARK-Cocktail-Shaker-Sort","cocktail_shaker_sort.adb","216","Same_Occ","cocktail_shaker_sort.adb:16","conjunct","A'First = B'First","relational","Post","post","no","none"
"sorting/SPARK4/Ada-SPARK-Cocktail-Shaker-Sort","cocktail_shaker_sort.adb","260","In_Bounds","cocktail_shaker_sort.ads:48","conjunct","A'Length <= Max_N","relational","Pre","pre","yes","none"
"sorting/SPARK4/Ada-SPARK-Cocktail-Shaker-Sort","cocktail_shaker_sort.adb","268","In_Bounds","cocktail_shaker_sort.ads:48","conjunct","A'Length <= Max_N","relational","Post","post","no","none"
"sorting/SPARK4/Ada-SPARK-Cocktail-Shaker-Sort","cocktail_shaker_sort.adb","274","Same_Occ","cocktail_shaker_sort.adb:16","conjunct","A'First = B'First","relational","Post","post","no","none"
"sorting/SPARK4/Ada-SPARK-Cocktail-Shaker-Sort","cocktail_shaker_sort.ads","61","In_Bounds","cocktail_shaker_sort.ads:48","conjunct","A'Length <= Max_N","relational","Pre","pre","yes","none"
"sorting/SPARK4/Ada-SPARK-Cocktail-Shaker-Sort","cocktail_shaker_sort.ads","90","In_Bounds","cocktail_shaker_sort.ads:48","conjunct","A'Length <= Max_N","relational","Pre","pre","yes","none"
"sorting/SPARK4/Ada-SPARK-Cocktail-Shaker-Sort","cocktail_shaker_sort.ads","108","In_Bounds","cocktail_shaker_sort.ads:48","conjunct","A'Length <= Max_N","relational","Pre","pre","yes","none"
"sorting/SPARK4/Ada-SPARK-Cocktail-Shaker-Sort","cocktail_shaker_sort.ads","120","In_Bounds","cocktail_shaker_sort.ads:48","conjunct","A'Length <= Max_N","relational","Pre","pre","yes","none"
"sorting/SPARK4/Ada-SPARK-Cocktail-Shaker-Sort","cocktail_shaker_sort.ads","121","In_Bounds","cocktail_shaker_sort.ads:48","conjunct","A'Length <= Max_N","relational","Post","post","no","none"
"sorting/SPARK4/Ada-SPARK-Cocktail-Shaker-Sort","cocktail_shaker_sort.ads","121","Is_Perm","cocktail_shaker_sort.ads:99","conjunct","A'First = B'First","relational","Post","post","no","none"
"sorting/SPARK4/Ada-SPARK-Comb-Sort","comb_sort.adb","25","In_Bounds","comb_sort.ads:49","conjunct","A'Length <= Max_N","relational","Pre","pre","yes","none"
"sorting/SPARK4/Ada-SPARK-Comb-Sort","comb_sort.adb","37","In_Bounds","comb_sort.ads:49","conjunct","A'Length <= Max_N","relational","Pre","pre","yes","none"
"sorting/SPARK4/Ada-SPARK-Comb-Sort","comb_sort.adb","51","In_Bounds","comb_sort.ads:49","conjunct","A'Length <= Max_N","relational","Pre","pre","yes","none"
"sorting/SPARK4/Ada-SPARK-Comb-Sort","comb_sort.adb","68","In_Bounds","comb_sort.ads:49","conjunct","A'Length <= Max_N","relational","Pre","pre","yes","none"
"sorting/SPARK4/Ada-SPARK-Comb-Sort","comb_sort.adb","74","Same_Occ","comb_sort.adb:16","conjunct","A'First = B'First","relational","Post","post","no","none"
"sorting/SPARK4/Ada-SPARK-Comb-Sort","comb_sort.adb","79","In_Bounds","comb_sort.ads:49","conjunct","A'Length <= Max_N","relational","Pre","pre","yes","none"
"sorting/SPARK4/Ada-SPARK-Comb-Sort","comb_sort.adb","79","Same_Occ","comb_sort.adb:16","conjunct","A'First = B'First","relational","Pre","pre","yes","none"
"sorting/SPARK4/Ada-SPARK-Comb-Sort","comb_sort.adb","80","Is_Perm","comb_sort.ads:95","conjunct","A'First = B'First","relational","Post","post","no","none"
"sorting/SPARK4/Ada-SPARK-Comb-Sort","comb_sort.adb","136","In_Bounds","comb_sort.ads:49","conjunct","A'Length <= Max_N","relational","Pre","pre","yes","none"
"sorting/SPARK4/Ada-SPARK-Comb-Sort","comb_sort.adb","154","In_Bounds","comb_sort.ads:49","conjunct","A'Length <= Max_N","relational","Pre","pre","yes","none"
"sorting/SPARK4/Ada-SPARK-Comb-Sort","comb_sort.adb","164","In_Bounds","comb_sort.ads:49","conjunct","A'Length <= Max_N","relational","Pre","pre","yes","none"
"sorting/SPARK4/Ada-SPARK-Comb-Sort","comb_sort.adb","168","In_Bounds","comb_sort.ads:49","conjunct","A'Length <= Max_N","relational","Post","post","no","none"
"sorting/SPARK4/Ada-SPARK-Comb-Sort","comb_sort.adb","174","Same_Occ","comb_sort.adb:16","conjunct","A'First = B'First","relational","Post","post","no","none"
"sorting/SPARK4/Ada-SPARK-Comb-Sort","comb_sort.adb","195","In_Bounds","comb_sort.ads:49","conjunct","A'Length <= Max_N","relational","Pre","pre","yes","none"
"sorting/SPARK4/Ada-SPARK-Comb-Sort","comb_sort.adb","198","In_Bounds","comb_sort.ads:49","conjunct","A'Length <= Max_N","relational","Post","post","no","none"
"sorting/SPARK4/Ada-SPARK-Comb-Sort","comb_sort.adb","198","Same_Occ","comb_sort.adb:16","conjunct","A'First = B'First","relational","Post","post","no","none"
"sorting/SPARK4/Ada-SPARK-Comb-Sort","comb_sort.adb","224","In_Bounds","comb_sort.ads:49","conjunct","A'Length <= Max_N","relational","Pre","pre","yes","none"
"sorting/SPARK4/Ada-SPARK-Comb-Sort","comb_sort.adb","230","In_Bounds","comb_sort.ads:49","conjunct","A'Length <= Max_N","relational","Post","post","no","none"
"sorting/SPARK4/Ada-SPARK-Comb-Sort","comb_sort.adb","235","Same_Occ","comb_sort.adb:16","conjunct","A'First = B'First","relational","Post","post","no","none"
"sorting/SPARK4/Ada-SPARK-Comb-Sort","comb_sort.ads","62","In_Bounds","comb_sort.ads:49","conjunct","A'Length <= Max_N","relational","Pre","pre","yes","none"
"sorting/SPARK4/Ada-SPARK-Comb-Sort","comb_sort.ads","86","In_Bounds","comb_sort.ads:49","conjunct","A'Length <= Max_N","relational","Pre","pre","yes","none"
"sorting/SPARK4/Ada-SPARK-Comb-Sort","comb_sort.ads","104","In_Bounds","comb_sort.ads:49","conjunct","A'Length <= Max_N","relational","Pre","pre","yes","none"
"sorting/SPARK4/Ada-SPARK-Comb-Sort","comb_sort.ads","116","In_Bounds","comb_sort.ads:49","conjunct","A'Length <= Max_N","relational","Pre","pre","yes","none"
"sorting/SPARK4/Ada-SPARK-Comb-Sort","comb_sort.ads","117","In_Bounds","comb_sort.ads:49","conjunct","A'Length <= Max_N","relational","Post","post","no","none"
"sorting/SPARK4/Ada-SPARK-Comb-Sort","comb_sort.ads","117","Is_Perm","comb_sort.ads:95","conjunct","A'First = B'First","relational","Post","post","no","none"
"sorting/SPARK4/Ada-SPARK-Counting-Sort","counting_sort.adb","34","In_Bounds","counting_sort.ads:52","conjunct","A'Length <= Max_N","relational","Pre","pre","yes","none"
"sorting/SPARK4/Ada-SPARK-Counting-Sort","counting_sort.adb","47","In_Bounds","counting_sort.ads:52","conjunct","A'Length <= Max_N","relational","Pre","pre","yes","none"
"sorting/SPARK4/Ada-SPARK-Counting-Sort","counting_sort.adb","56","In_Bounds","counting_sort.ads:52","conjunct","A'Length <= Max_N","relational","Pre","pre","yes","none"
"sorting/SPARK4/Ada-SPARK-Counting-Sort","counting_sort.adb","80","In_Bounds","counting_sort.ads:52","conjunct","A'Length <= Max_N","relational","Pre","pre","yes","none"
"sorting/SPARK4/Ada-SPARK-Counting-Sort","counting_sort.adb","114","In_Bounds","counting_sort.ads:52","conjunct","A'Length <= Max_N","relational","Pre","pre","yes","none"
"sorting/SPARK4/Ada-SPARK-Counting-Sort","counting_sort.adb","143","In_Bounds","counting_sort.ads:52","conjunct","A'Length <= Max_N","relational","Pre","pre","yes","none"
"sorting/SPARK4/Ada-SPARK-Counting-Sort","counting_sort.adb","183","In_Bounds","counting_sort.ads:52","conjunct","A'Length <= Max_N","relational","Pre","pre","yes","none"
"sorting/SPARK4/Ada-SPARK-Counting-Sort","counting_sort.adb","236","In_Bounds","counting_sort.ads:52","conjunct","A'Length <= Max_N","relational","Pre","pre","yes","none"
"sorting/SPARK4/Ada-SPARK-Counting-Sort","counting_sort.adb","270","In_Bounds","counting_sort.ads:52","conjunct","A'Length <= Max_N","relational","Pre","pre","yes","none"
"sorting/SPARK4/Ada-SPARK-Counting-Sort","counting_sort.ads","62","In_Bounds","counting_sort.ads:52","conjunct","A'Length <= Max_N","relational","Pre","pre","yes","none"
"sorting/SPARK4/Ada-SPARK-Counting-Sort","counting_sort.ads","85","In_Bounds","counting_sort.ads:52","conjunct","A'Length <= Max_N","relational","Pre","pre","yes","none"
"sorting/SPARK4/Ada-SPARK-Counting-Sort","counting_sort.ads","106","In_Bounds","counting_sort.ads:52","conjunct","A'Length <= Max_N","relational","Pre","pre","yes","none"
"sorting/SPARK4/Ada-SPARK-Counting-Sort","counting_sort.ads","118","In_Bounds","counting_sort.ads:52","conjunct","A'Length <= Max_N","relational","Pre","pre","yes","none"
"sorting/SPARK4/Ada-SPARK-Counting-Sort","counting_sort.ads","120","In_Bounds","counting_sort.ads:52","conjunct","A'Length <= Max_N","relational","Post","post","no","none"
"sorting/SPARK4/Ada-SPARK-Counting-Sort","counting_sort.ads","120","Is_Perm","counting_sort.ads:97","conjunct","A'First = B'First","relational","Post","post","no","none"
"sorting/SPARK4/Ada-SPARK-Cycle-Sort","cycle_sort.adb","32","In_Bounds","cycle_sort.ads:48","conjunct","A'Length <= Max_N","relational","Pre","pre","yes","1 row(s) in proof_warnings.csv for this file"
"sorting/SPARK4/Ada-SPARK-Cycle-Sort","cycle_sort.adb","55","In_Bounds","cycle_sort.ads:48","conjunct","A'Length <= Max_N","relational","Pre","pre","yes","1 row(s) in proof_warnings.csv for this file"
"sorting/SPARK4/Ada-SPARK-Cycle-Sort","cycle_sort.adb","55","Same_Occ","cycle_sort.adb:22","conjunct","A'First = B'First","relational","Pre","pre","yes","1 row(s) in proof_warnings.csv for this file"
"sorting/SPARK4/Ada-SPARK-Cycle-Sort","cycle_sort.adb","56","Is_Perm","cycle_sort.ads:108","conjunct","A'First = B'First","relational","Post","post","no","1 row(s) in proof_warnings.csv for this file"
"sorting/SPARK4/Ada-SPARK-Cycle-Sort","cycle_sort.adb","62","In_Bounds","cycle_sort.ads:48","conjunct","A'Length <= Max_N","relational","Pre","pre","yes","1 row(s) in proof_warnings.csv for this file"
"sorting/SPARK4/Ada-SPARK-Cycle-Sort","cycle_sort.adb","63","Same_Occ","cycle_sort.adb:22","conjunct","A'First = B'First","relational","Pre","pre","yes","1 row(s) in proof_warnings.csv for this file"
"sorting/SPARK4/Ada-SPARK-Cycle-Sort","cycle_sort.adb","64","Same_Occ","cycle_sort.adb:22","conjunct","A'First = B'First","relational","Post","post","no","1 row(s) in proof_warnings.csv for this file"
"sorting/SPARK4/Ada-SPARK-Cycle-Sort","cycle_sort.adb","72","In_Bounds","cycle_sort.ads:48","conjunct","A'Length <= Max_N","relational","Pre","pre","yes","1 row(s) in proof_warnings.csv for this file"
"sorting/SPARK4/Ada-SPARK-Cycle-Sort","cycle_sort.adb","90","In_Bounds","cycle_sort.ads:48","conjunct","A'Length <= Max_N","relational","Pre","pre","yes","1 row(s) in proof_warnings.csv for this file"
"sorting/SPARK4/Ada-SPARK-Cycle-Sort","cycle_sort.adb","96","Same_Occ","cycle_sort.adb:22","conjunct","A'First = B'First","relational","Post","post","no","1 row(s) in proof_warnings.csv for this file"
"sorting/SPARK4/Ada-SPARK-Cycle-Sort","cycle_sort.adb","101","In_Bounds","cycle_sort.ads:48","conjunct","A'Length <= Max_N","relational","Pre","pre","yes","1 row(s) in proof_warnings.csv for this file"
"sorting/SPARK4/Ada-SPARK-Cycle-Sort","cycle_sort.adb","102","Same_Occ","cycle_sort.adb:22","conjunct","A'First = B'First","relational","Post","post","no","1 row(s) in proof_warnings.csv for this file"
"sorting/SPARK4/Ada-SPARK-Cycle-Sort","cycle_sort.adb","109","In_Bounds","cycle_sort.ads:48","conjunct","A'Length <= Max_N","relational","Pre","pre","yes","1 row(s) in proof_warnings.csv for this file"
"sorting/SPARK4/Ada-SPARK-Cycle-Sort","cycle_sort.adb","111","Same_Occ","cycle_sort.adb:22","conjunct","A'First = B'First","relational","Pre","pre","yes","1 row(s) in proof_warnings.csv for this file"
"sorting/SPARK4/Ada-SPARK-Cycle-Sort","cycle_sort.adb","113","Same_Occ","cycle_sort.adb:22","conjunct","A'First = B'First","relational","Post","post","no","1 row(s) in proof_warnings.csv for this file"
"sorting/SPARK4/Ada-SPARK-Cycle-Sort","cycle_sort.adb","120","In_Bounds","cycle_sort.ads:48","conjunct","A'Length <= Max_N","relational","Pre","pre","yes","1 row(s) in proof_warnings.csv for this file"
"sorting/SPARK4/Ada-SPARK-Cycle-Sort","cycle_sort.adb","123","Same_Occ","cycle_sort.adb:22","conjunct","A'First = B'First","relational","Pre","pre","yes","1 row(s) in proof_warnings.csv for this file"
"sorting/SPARK4/Ada-SPARK-Cycle-Sort","cycle_sort.adb","127","Same_Occ","cycle_sort.adb:22","conjunct","A'First = B'First","relational","Post","post","no","1 row(s) in proof_warnings.csv for this file"
"sorting/SPARK4/Ada-SPARK-Cycle-Sort","cycle_sort.adb","197","In_Bounds","cycle_sort.ads:48","conjunct","A'Length <= Max_N","relational","Pre","pre","yes","1 row(s) in proof_warnings.csv for this file"
"sorting/SPARK4/Ada-SPARK-Cycle-Sort","cycle_sort.adb","214","In_Bounds","cycle_sort.ads:48","conjunct","A'Length <= Max_N","relational","Pre","pre","yes","1 row(s) in proof_warnings.csv for this file"
"sorting/SPARK4/Ada-SPARK-Cycle-Sort","cycle_sort.adb","238","In_Bounds","cycle_sort.ads:48","conjunct","A'Length <= Max_N","relational","Pre","pre","yes","1 row(s) in proof_warnings.csv for this file"
"sorting/SPARK4/Ada-SPARK-Cycle-Sort","cycle_sort.adb","249","In_Bounds","cycle_sort.ads:48","conjunct","A'Length <= Max_N","relational","Pre","pre","yes","1 row(s) in proof_warnings.csv for this file"
"sorting/SPARK4/Ada-SPARK-Cycle-Sort","cycle_sort.adb","255","In_Bounds","cycle_sort.ads:48","conjunct","A'Length <= Max_N","relational","Pre","pre","yes","1 row(s) in proof_warnings.csv for this file"
"sorting/SPARK4/Ada-SPARK-Cycle-Sort","cycle_sort.adb","259","In_Bounds","cycle_sort.ads:48","conjunct","A'Length <= Max_N","relational","Pre","pre","yes","1 row(s) in proof_warnings.csv for this file"
"sorting/SPARK4/Ada-SPARK-Cycle-Sort","cycle_sort.adb","264","In_Bounds","cycle_sort.ads:48","conjunct","A'Length <= Max_N","relational","Pre","pre","yes","1 row(s) in proof_warnings.csv for this file"
"sorting/SPARK4/Ada-SPARK-Cycle-Sort","cycle_sort.adb","304","In_Bounds","cycle_sort.ads:48","conjunct","A'Length <= Max_N","relational","Pre","pre","yes","1 row(s) in proof_warnings.csv for this file"
"sorting/SPARK4/Ada-SPARK-Cycle-Sort","cycle_sort.adb","318","In_Bounds","cycle_sort.ads:48","conjunct","A'Length <= Max_N","relational","Pre","pre","yes","1 row(s) in proof_warnings.csv for this file"
"sorting/SPARK4/Ada-SPARK-Cycle-Sort","cycle_sort.adb","327","In_Bounds","cycle_sort.ads:48","conjunct","A'Length <= Max_N","relational","Pre","pre","yes","1 row(s) in proof_warnings.csv for this file"
"sorting/SPARK4/Ada-SPARK-Cycle-Sort","cycle_sort.adb","336","In_Bounds","cycle_sort.ads:48","conjunct","A'Length <= Max_N","relational","Pre","pre","yes","1 row(s) in proof_warnings.csv for this file"
"sorting/SPARK4/Ada-SPARK-Cycle-Sort","cycle_sort.adb","347","In_Bounds","cycle_sort.ads:48","conjunct","A'Length <= Max_N","relational","Pre","pre","yes","1 row(s) in proof_warnings.csv for this file"
"sorting/SPARK4/Ada-SPARK-Cycle-Sort","cycle_sort.adb","394","In_Bounds","cycle_sort.ads:48","conjunct","A'Length <= Max_N","relational","Pre","pre","yes","1 row(s) in proof_warnings.csv for this file"
"sorting/SPARK4/Ada-SPARK-Cycle-Sort","cycle_sort.adb","469","In_Bounds","cycle_sort.ads:48","conjunct","A'Length <= Max_N","relational","Pre","pre","yes","1 row(s) in proof_warnings.csv for this file"
"sorting/SPARK4/Ada-SPARK-Cycle-Sort","cycle_sort.adb","504","In_Bounds","cycle_sort.ads:48","conjunct","A'Length <= Max_N","relational","Pre","pre","yes","1 row(s) in proof_warnings.csv for this file"
"sorting/SPARK4/Ada-SPARK-Cycle-Sort","cycle_sort.adb","530","In_Bounds","cycle_sort.ads:48","conjunct","A'Length <= Max_N","relational","Pre","pre","yes","1 row(s) in proof_warnings.csv for this file"
"sorting/SPARK4/Ada-SPARK-Cycle-Sort","cycle_sort.adb","567","In_Bounds","cycle_sort.ads:48","conjunct","A'Length <= Max_N","relational","Pre","pre","yes","1 row(s) in proof_warnings.csv for this file"
"sorting/SPARK4/Ada-SPARK-Cycle-Sort","cycle_sort.adb","571","In_Bounds","cycle_sort.ads:48","conjunct","A'Length <= Max_N","relational","Post","post","no","1 row(s) in proof_warnings.csv for this file"
"sorting/SPARK4/Ada-SPARK-Cycle-Sort","cycle_sort.adb","596","In_Bounds","cycle_sort.ads:48","conjunct","A'Length <= Max_N","relational","Pre","pre","yes","1 row(s) in proof_warnings.csv for this file"
"sorting/SPARK4/Ada-SPARK-Cycle-Sort","cycle_sort.adb","600","In_Bounds","cycle_sort.ads:48","conjunct","A'Length <= Max_N","relational","Post","post","no","1 row(s) in proof_warnings.csv for this file"
"sorting/SPARK4/Ada-SPARK-Cycle-Sort","cycle_sort.adb","620","In_Bounds","cycle_sort.ads:48","conjunct","A'Length <= Max_N","relational","Pre","pre","yes","1 row(s) in proof_warnings.csv for this file"
"sorting/SPARK4/Ada-SPARK-Cycle-Sort","cycle_sort.adb","626","In_Bounds","cycle_sort.ads:48","conjunct","A'Length <= Max_N","relational","Post","post","no","1 row(s) in proof_warnings.csv for this file"
"sorting/SPARK4/Ada-SPARK-Cycle-Sort","cycle_sort.adb","632","Same_Occ","cycle_sort.adb:22","conjunct","A'First = B'First","relational","Post","post","no","1 row(s) in proof_warnings.csv for this file"
"sorting/SPARK4/Ada-SPARK-Cycle-Sort","cycle_sort.ads","61","In_Bounds","cycle_sort.ads:48","conjunct","A'Length <= Max_N","relational","Pre","pre","yes","none"
"sorting/SPARK4/Ada-SPARK-Cycle-Sort","cycle_sort.ads","119","In_Bounds","cycle_sort.ads:48","conjunct","A'Length <= Max_N","relational","Pre","pre","yes","none"
"sorting/SPARK4/Ada-SPARK-Cycle-Sort","cycle_sort.ads","127","In_Bounds","cycle_sort.ads:48","conjunct","A'Length <= Max_N","relational","Pre","pre","yes","none"
"sorting/SPARK4/Ada-SPARK-Cycle-Sort","cycle_sort.ads","128","In_Bounds","cycle_sort.ads:48","conjunct","A'Length <= Max_N","relational","Post","post","no","none"
"sorting/SPARK4/Ada-SPARK-Cycle-Sort","cycle_sort.ads","128","Is_Perm","cycle_sort.ads:108","conjunct","A'First = B'First","relational","Post","post","no","none"
"sorting/SPARK4/Ada-SPARK-Cycle-Sort","cycle_sort.ads","139","In_Bounds","cycle_sort.ads:48","conjunct","A'Length <= Max_N","relational","Pre","pre","yes","none"
"sorting/SPARK4/Ada-SPARK-Cycle-Sort","cycle_sort.ads","140","In_Bounds","cycle_sort.ads:48","conjunct","A'Length <= Max_N","relational","Post","post","no","none"
"sorting/SPARK4/Ada-SPARK-Cycle-Sort","cycle_sort.ads","140","Is_Perm","cycle_sort.ads:108","conjunct","A'First = B'First","relational","Post","post","no","none"
"sorting/SPARK4/Ada-SPARK-Flashsort","flashsort.adb","164","In_Bounds","flashsort.ads:47","conjunct","A'First = 1","origin_pin","Pre","pre","yes","none"
"sorting/SPARK4/Ada-SPARK-Flashsort","flashsort.adb","183","In_Bounds","flashsort.ads:47","conjunct","A'First = 1","origin_pin","Pre","pre","yes","none"
"sorting/SPARK4/Ada-SPARK-Flashsort","flashsort.adb","226","In_Bounds","flashsort.ads:47","conjunct","A'First = 1","origin_pin","Pre","pre","yes","none"
"sorting/SPARK4/Ada-SPARK-Flashsort","flashsort.adb","289","In_Bounds","flashsort.ads:47","conjunct","A'First = 1","origin_pin","Pre","pre","yes","none"
"sorting/SPARK4/Ada-SPARK-Flashsort","flashsort.adb","316","In_Bounds","flashsort.ads:47","conjunct","A'First = 1","origin_pin","Pre","pre","yes","none"
"sorting/SPARK4/Ada-SPARK-Flashsort","flashsort.adb","365","In_Bounds","flashsort.ads:47","conjunct","A'First = 1","origin_pin","Pre","pre","yes","none"
"sorting/SPARK4/Ada-SPARK-Flashsort","flashsort.adb","392","In_Bounds","flashsort.ads:47","conjunct","A'First = 1","origin_pin","Pre","pre","yes","none"
"sorting/SPARK4/Ada-SPARK-Flashsort","flashsort.adb","426","In_Bounds","flashsort.ads:47","conjunct","A'First = 1","origin_pin","Pre","pre","yes","none"
"sorting/SPARK4/Ada-SPARK-Flashsort","flashsort.adb","450","In_Bounds","flashsort.ads:47","conjunct","A'First = 1","origin_pin","Pre","pre","yes","none"
"sorting/SPARK4/Ada-SPARK-Flashsort","flashsort.adb","479","In_Bounds","flashsort.ads:47","conjunct","A'First = 1","origin_pin","Pre","pre","yes","none"
"sorting/SPARK4/Ada-SPARK-Flashsort","flashsort.adb","503","In_Bounds","flashsort.ads:47","conjunct","A'First = 1","origin_pin","Pre","pre","yes","none"
"sorting/SPARK4/Ada-SPARK-Flashsort","flashsort.adb","542","In_Bounds","flashsort.ads:47","conjunct","A'First = 1","origin_pin","Pre","pre","yes","none"
"sorting/SPARK4/Ada-SPARK-Flashsort","flashsort.adb","567","In_Bounds","flashsort.ads:47","conjunct","A'First = 1","origin_pin","Pre","pre","yes","none"
"sorting/SPARK4/Ada-SPARK-Flashsort","flashsort.adb","618","In_Bounds","flashsort.ads:47","conjunct","A'First = 1","origin_pin","Pre","pre","yes","none"
"sorting/SPARK4/Ada-SPARK-Flashsort","flashsort.adb","647","In_Bounds","flashsort.ads:47","conjunct","A'First = 1","origin_pin","Pre","pre","yes","none"
"sorting/SPARK4/Ada-SPARK-Flashsort","flashsort.adb","653","In_Bounds","flashsort.ads:47","conjunct","A'First = 1","origin_pin","Post","post","no","none"
"sorting/SPARK4/Ada-SPARK-Flashsort","flashsort.adb","708","In_Bounds","flashsort.ads:47","conjunct","A'First = 1","origin_pin","Pre","pre","yes","none"
"sorting/SPARK4/Ada-SPARK-Flashsort","flashsort.adb","709","In_Bounds","flashsort.ads:47","conjunct","A'First = 1","origin_pin","Post","post","no","none"
"sorting/SPARK4/Ada-SPARK-Flashsort","flashsort.ads","57","In_Bounds","flashsort.ads:47","conjunct","A'First = 1","origin_pin","Pre","pre","yes","none"
"sorting/SPARK4/Ada-SPARK-Flashsort","flashsort.ads","86","In_Bounds","flashsort.ads:47","conjunct","A'First = 1","origin_pin","Pre","pre","yes","none"
"sorting/SPARK4/Ada-SPARK-Flashsort","flashsort.ads","87","In_Bounds","flashsort.ads:47","conjunct","A'First = 1","origin_pin","Post","post","no","none"
"sorting/SPARK4/Ada-SPARK-Gnome-Sort","gnome_sort.adb","29","In_Bounds","gnome_sort.ads:46","conjunct","A'Length <= Max_N","relational","Pre","pre","yes","none"
"sorting/SPARK4/Ada-SPARK-Gnome-Sort","gnome_sort.adb","41","In_Bounds","gnome_sort.ads:46","conjunct","A'Length <= Max_N","relational","Pre","pre","yes","none"
"sorting/SPARK4/Ada-SPARK-Gnome-Sort","gnome_sort.adb","55","In_Bounds","gnome_sort.ads:46","conjunct","A'Length <= Max_N","relational","Pre","pre","yes","none"
"sorting/SPARK4/Ada-SPARK-Gnome-Sort","gnome_sort.adb","72","In_Bounds","gnome_sort.ads:46","conjunct","A'Length <= Max_N","relational","Pre","pre","yes","none"
"sorting/SPARK4/Ada-SPARK-Gnome-Sort","gnome_sort.adb","78","Same_Occ","gnome_sort.adb:20","conjunct","A'First = B'First","relational","Post","post","no","none"
"sorting/SPARK4/Ada-SPARK-Gnome-Sort","gnome_sort.adb","83","In_Bounds","gnome_sort.ads:46","conjunct","A'Length <= Max_N","relational","Pre","pre","yes","none"
"sorting/SPARK4/Ada-SPARK-Gnome-Sort","gnome_sort.adb","83","Same_Occ","gnome_sort.adb:20","conjunct","A'First = B'First","relational","Pre","pre","yes","none"
"sorting/SPARK4/Ada-SPARK-Gnome-Sort","gnome_sort.adb","84","Is_Perm","gnome_sort.ads:92","conjunct","A'First = B'First","relational","Post","post","no","none"
"sorting/SPARK4/Ada-SPARK-Gnome-Sort","gnome_sort.adb","135","In_Bounds","gnome_sort.ads:46","conjunct","A'Length <= Max_N","relational","Pre","pre","yes","none"
"sorting/SPARK4/Ada-SPARK-Gnome-Sort","gnome_sort.adb","143","In_Bounds","gnome_sort.ads:46","conjunct","A'Length <= Max_N","relational","Pre","pre","yes","none"
"sorting/SPARK4/Ada-SPARK-Gnome-Sort","gnome_sort.adb","147","In_Bounds","gnome_sort.ads:46","conjunct","A'Length <= Max_N","relational","Post","post","no","none"
"sorting/SPARK4/Ada-SPARK-Gnome-Sort","gnome_sort.adb","153","Same_Occ","gnome_sort.adb:20","conjunct","A'First = B'First","relational","Post","post","no","none"
"sorting/SPARK4/Ada-SPARK-Gnome-Sort","gnome_sort.adb","174","In_Bounds","gnome_sort.ads:46","conjunct","A'Length <= Max_N","relational","Pre","pre","yes","none"
"sorting/SPARK4/Ada-SPARK-Gnome-Sort","gnome_sort.adb","178","In_Bounds","gnome_sort.ads:46","conjunct","A'Length <= Max_N","relational","Post","post","no","none"
"sorting/SPARK4/Ada-SPARK-Gnome-Sort","gnome_sort.adb","181","Same_Occ","gnome_sort.adb:20","conjunct","A'First = B'First","relational","Post","post","no","none"
"sorting/SPARK4/Ada-SPARK-Gnome-Sort","gnome_sort.ads","59","In_Bounds","gnome_sort.ads:46","conjunct","A'Length <= Max_N","relational","Pre","pre","yes","none"
"sorting/SPARK4/Ada-SPARK-Gnome-Sort","gnome_sort.ads","83","In_Bounds","gnome_sort.ads:46","conjunct","A'Length <= Max_N","relational","Pre","pre","yes","none"
"sorting/SPARK4/Ada-SPARK-Gnome-Sort","gnome_sort.ads","101","In_Bounds","gnome_sort.ads:46","conjunct","A'Length <= Max_N","relational","Pre","pre","yes","none"
"sorting/SPARK4/Ada-SPARK-Gnome-Sort","gnome_sort.ads","113","In_Bounds","gnome_sort.ads:46","conjunct","A'Length <= Max_N","relational","Pre","pre","yes","none"
"sorting/SPARK4/Ada-SPARK-Gnome-Sort","gnome_sort.ads","114","In_Bounds","gnome_sort.ads:46","conjunct","A'Length <= Max_N","relational","Post","post","no","none"
"sorting/SPARK4/Ada-SPARK-Gnome-Sort","gnome_sort.ads","114","Is_Perm","gnome_sort.ads:92","conjunct","A'First = B'First","relational","Post","post","no","none"
"sorting/SPARK4/Ada-SPARK-Heapsort","heapsort.adb","30","In_Bounds","heapsort.ads:32","conjunct","A'Length <= Max_N","relational","Pre","pre","yes","none"
"sorting/SPARK4/Ada-SPARK-Heapsort","heapsort.adb","42","In_Bounds","heapsort.ads:32","conjunct","A'Length <= Max_N","relational","Pre","pre","yes","none"
"sorting/SPARK4/Ada-SPARK-Heapsort","heapsort.adb","56","In_Bounds","heapsort.ads:32","conjunct","A'Length <= Max_N","relational","Pre","pre","yes","none"
"sorting/SPARK4/Ada-SPARK-Heapsort","heapsort.adb","73","In_Bounds","heapsort.ads:32","conjunct","A'Length <= Max_N","relational","Pre","pre","yes","none"
"sorting/SPARK4/Ada-SPARK-Heapsort","heapsort.adb","79","Same_Occ","heapsort.adb:21","conjunct","A'First = B'First","relational","Post","post","no","none"
"sorting/SPARK4/Ada-SPARK-Heapsort","heapsort.adb","180","In_Bounds","heapsort.ads:32","conjunct","A'Length <= Max_N","relational","Pre","pre","yes","none"
"sorting/SPARK4/Ada-SPARK-Heapsort","heapsort.adb","195","In_Bounds","heapsort.ads:32","conjunct","A'Length <= Max_N","relational","Pre","pre","yes","none"
"sorting/SPARK4/Ada-SPARK-Heapsort","heapsort.adb","214","In_Bounds","heapsort.ads:32","conjunct","A'Length <= Max_N","relational","Pre","pre","yes","none"
"sorting/SPARK4/Ada-SPARK-Heapsort","heapsort.adb","231","In_Bounds","heapsort.ads:32","conjunct","A'Length <= Max_N","relational","Pre","pre","yes","none"
"sorting/SPARK4/Ada-SPARK-Heapsort","heapsort.adb","246","In_Bounds","heapsort.ads:32","conjunct","A'Length <= Max_N","relational","Pre","pre","yes","none"
"sorting/SPARK4/Ada-SPARK-Heapsort","heapsort.adb","256","In_Bounds","heapsort.ads:32","conjunct","A'Length <= Max_N","relational","Pre","pre","yes","none"
"sorting/SPARK4/Ada-SPARK-Heapsort","heapsort.adb","260","In_Bounds","heapsort.ads:32","conjunct","A'Length <= Max_N","relational","Post","post","no","none"
"sorting/SPARK4/Ada-SPARK-Heapsort","heapsort.adb","266","Same_Occ","heapsort.adb:21","conjunct","A'First = B'First","relational","Post","post","no","none"
"sorting/SPARK4/Ada-SPARK-Heapsort","heapsort.adb","286","In_Bounds","heapsort.ads:32","conjunct","A'Length <= Max_N","relational","Pre","pre","yes","none"
"sorting/SPARK4/Ada-SPARK-Heapsort","heapsort.adb","330","In_Bounds","heapsort.ads:32","conjunct","A'Length <= Max_N","relational","Pre","pre","yes","none"
"sorting/SPARK4/Ada-SPARK-Heapsort","heapsort.adb","338","In_Bounds","heapsort.ads:32","conjunct","A'Length <= Max_N","relational","Post","post","no","none"
"sorting/SPARK4/Ada-SPARK-Heapsort","heapsort.adb","345","Same_Occ","heapsort.adb:21","conjunct","A'First = B'First","relational","Post","post","no","none"
"sorting/SPARK4/Ada-SPARK-Heapsort","heapsort.ads","45","In_Bounds","heapsort.ads:32","conjunct","A'Length <= Max_N","relational","Pre","pre","yes","none"
"sorting/SPARK4/Ada-SPARK-Heapsort","heapsort.ads","60","In_Bounds","heapsort.ads:32","conjunct","A'Length <= Max_N","relational","Pre","pre","yes","none"
"sorting/SPARK4/Ada-SPARK-Heapsort","heapsort.ads","64","In_Bounds","heapsort.ads:32","conjunct","A'Length <= Max_N","relational","Post","post","no","none"
"sorting/SPARK4/Ada-SPARK-Heapsort","heapsort.ads","71","In_Bounds","heapsort.ads:32","conjunct","A'Length <= Max_N","relational","Pre","pre","yes","none"
"sorting/SPARK4/Ada-SPARK-Heapsort","heapsort.ads","72","In_Bounds","heapsort.ads:32","conjunct","A'Length <= Max_N","relational","Post","post","no","none"
"sorting/SPARK4/Ada-SPARK-Heapsort","heapsort.ads","81","In_Bounds","heapsort.ads:32","conjunct","A'Length <= Max_N","relational","Pre","pre","yes","none"
"sorting/SPARK4/Ada-SPARK-Heapsort","heapsort.ads","99","In_Bounds","heapsort.ads:32","conjunct","A'Length <= Max_N","relational","Pre","pre","yes","none"
"sorting/SPARK4/Ada-SPARK-Heapsort","heapsort.ads","107","In_Bounds","heapsort.ads:32","conjunct","A'Length <= Max_N","relational","Pre","pre","yes","none"
"sorting/SPARK4/Ada-SPARK-Heapsort","heapsort.ads","108","In_Bounds","heapsort.ads:32","conjunct","A'Length <= Max_N","relational","Post","post","no","none"
"sorting/SPARK4/Ada-SPARK-Heapsort","heapsort.ads","108","Is_Perm","heapsort.ads:90","conjunct","A'First = B'First","relational","Post","post","no","none"
"sorting/SPARK4/Ada-SPARK-Insertion-Sort","insertion_sort.adb","28","In_Bounds","insertion_sort.ads:44","conjunct","A'Length <= Max_N","relational","Pre","pre","yes","none"
"sorting/SPARK4/Ada-SPARK-Insertion-Sort","insertion_sort.adb","40","In_Bounds","insertion_sort.ads:44","conjunct","A'Length <= Max_N","relational","Pre","pre","yes","none"
"sorting/SPARK4/Ada-SPARK-Insertion-Sort","insertion_sort.adb","54","In_Bounds","insertion_sort.ads:44","conjunct","A'Length <= Max_N","relational","Pre","pre","yes","none"
"sorting/SPARK4/Ada-SPARK-Insertion-Sort","insertion_sort.adb","71","In_Bounds","insertion_sort.ads:44","conjunct","A'Length <= Max_N","relational","Pre","pre","yes","none"
"sorting/SPARK4/Ada-SPARK-Insertion-Sort","insertion_sort.adb","77","Same_Occ","insertion_sort.adb:19","conjunct","A'First = B'First","relational","Post","post","no","none"
"sorting/SPARK4/Ada-SPARK-Insertion-Sort","insertion_sort.adb","83","In_Bounds","insertion_sort.ads:44","conjunct","A'Length <= Max_N","relational","Pre","pre","yes","none"
"sorting/SPARK4/Ada-SPARK-Insertion-Sort","insertion_sort.adb","84","Same_Occ","insertion_sort.adb:19","conjunct","A'First = B'First","relational","Pre","pre","yes","none"
"sorting/SPARK4/Ada-SPARK-Insertion-Sort","insertion_sort.adb","85","Same_Occ","insertion_sort.adb:19","conjunct","A'First = B'First","relational","Post","post","no","none"
"sorting/SPARK4/Ada-SPARK-Insertion-Sort","insertion_sort.adb","90","In_Bounds","insertion_sort.ads:44","conjunct","A'Length <= Max_N","relational","Pre","pre","yes","none"
"sorting/SPARK4/Ada-SPARK-Insertion-Sort","insertion_sort.adb","90","Same_Occ","insertion_sort.adb:19","conjunct","A'First = B'First","relational","Pre","pre","yes","none"
"sorting/SPARK4/Ada-SPARK-Insertion-Sort","insertion_sort.adb","91","Is_Perm","insertion_sort.ads:91","conjunct","A'First = B'First","relational","Post","post","no","none"
"sorting/SPARK4/Ada-SPARK-Insertion-Sort","insertion_sort.adb","144","In_Bounds","insertion_sort.ads:44","conjunct","A'Length <= Max_N","relational","Pre","pre","yes","none"
"sorting/SPARK4/Ada-SPARK-Insertion-Sort","insertion_sort.adb","154","In_Bounds","insertion_sort.ads:44","conjunct","A'Length <= Max_N","relational","Pre","pre","yes","none"
"sorting/SPARK4/Ada-SPARK-Insertion-Sort","insertion_sort.adb","158","In_Bounds","insertion_sort.ads:44","conjunct","A'Length <= Max_N","relational","Post","post","no","none"
"sorting/SPARK4/Ada-SPARK-Insertion-Sort","insertion_sort.adb","161","Same_Occ","insertion_sort.adb:19","conjunct","A'First = B'First","relational","Post","post","no","none"
"sorting/SPARK4/Ada-SPARK-Insertion-Sort","insertion_sort.ads","57","In_Bounds","insertion_sort.ads:44","conjunct","A'Length <= Max_N","relational","Pre","pre","yes","none"
"sorting/SPARK4/Ada-SPARK-Insertion-Sort","insertion_sort.ads","82","In_Bounds","insertion_sort.ads:44","conjunct","A'Length <= Max_N","relational","Pre","pre","yes","none"
"sorting/SPARK4/Ada-SPARK-Insertion-Sort","insertion_sort.ads","100","In_Bounds","insertion_sort.ads:44","conjunct","A'Length <= Max_N","relational","Pre","pre","yes","none"
"sorting/SPARK4/Ada-SPARK-Insertion-Sort","insertion_sort.ads","112","In_Bounds","insertion_sort.ads:44","conjunct","A'Length <= Max_N","relational","Pre","pre","yes","none"
"sorting/SPARK4/Ada-SPARK-Insertion-Sort","insertion_sort.ads","113","In_Bounds","insertion_sort.ads:44","conjunct","A'Length <= Max_N","relational","Post","post","no","none"
"sorting/SPARK4/Ada-SPARK-Insertion-Sort","insertion_sort.ads","113","Is_Perm","insertion_sort.ads:91","conjunct","A'First = B'First","relational","Post","post","no","none"
"sorting/SPARK4/Ada-SPARK-Introsort","introsort.adb","35","In_Bounds","introsort.ads:54","conjunct","A'Length <= Max_N","relational","Pre","pre","yes","none"
"sorting/SPARK4/Ada-SPARK-Introsort","introsort.adb","47","In_Bounds","introsort.ads:54","conjunct","A'Length <= Max_N","relational","Pre","pre","yes","none"
"sorting/SPARK4/Ada-SPARK-Introsort","introsort.adb","61","In_Bounds","introsort.ads:54","conjunct","A'Length <= Max_N","relational","Pre","pre","yes","none"
"sorting/SPARK4/Ada-SPARK-Introsort","introsort.adb","78","In_Bounds","introsort.ads:54","conjunct","A'Length <= Max_N","relational","Pre","pre","yes","none"
"sorting/SPARK4/Ada-SPARK-Introsort","introsort.adb","84","Same_Occ","introsort.adb:26","conjunct","A'First = B'First","relational","Post","post","no","none"
"sorting/SPARK4/Ada-SPARK-Introsort","introsort.adb","91","In_Bounds","introsort.ads:54","conjunct","A'Length <= Max_N","relational","Pre","pre","yes","none"
"sorting/SPARK4/Ada-SPARK-Introsort","introsort.adb","92","Same_Occ","introsort.adb:26","conjunct","A'First = B'First","relational","Pre","pre","yes","none"
"sorting/SPARK4/Ada-SPARK-Introsort","introsort.adb","93","Same_Occ","introsort.adb:26","conjunct","A'First = B'First","relational","Post","post","no","none"
"sorting/SPARK4/Ada-SPARK-Introsort","introsort.adb","150","In_Bounds","introsort.ads:54","conjunct","A'Length <= Max_N","relational","Pre","pre","yes","none"
"sorting/SPARK4/Ada-SPARK-Introsort","introsort.adb","165","In_Bounds","introsort.ads:54","conjunct","A'Length <= Max_N","relational","Pre","pre","yes","none"
"sorting/SPARK4/Ada-SPARK-Introsort","introsort.adb","180","In_Bounds","introsort.ads:54","conjunct","A'Length <= Max_N","relational","Pre","pre","yes","none"
"sorting/SPARK4/Ada-SPARK-Introsort","introsort.adb","188","In_Bounds","introsort.ads:54","conjunct","A'Length <= Max_N","relational","Pre","pre","yes","none"
"sorting/SPARK4/Ada-SPARK-Introsort","introsort.adb","192","In_Bounds","introsort.ads:54","conjunct","A'Length <= Max_N","relational","Post","post","no","none"
"sorting/SPARK4/Ada-SPARK-Introsort","introsort.adb","198","Same_Occ","introsort.adb:26","conjunct","A'First = B'First","relational","Post","post","no","none"
"sorting/SPARK4/Ada-SPARK-Introsort","introsort.adb","220","In_Bounds","introsort.ads:54","conjunct","A'Length <= Max_N","relational","Pre","pre","yes","none"
"sorting/SPARK4/Ada-SPARK-Introsort","introsort.adb","275","In_Bounds","introsort.ads:54","conjunct","A'Length <= Max_N","relational","Pre","pre","yes","none"
"sorting/SPARK4/Ada-SPARK-Introsort","introsort.adb","282","In_Bounds","introsort.ads:54","conjunct","A'Length <= Max_N","relational","Post","post","no","none"
"sorting/SPARK4/Ada-SPARK-Introsort","introsort.adb","290","Same_Occ","introsort.adb:26","conjunct","A'First = B'First","relational","Post","post","no","none"
"sorting/SPARK4/Ada-SPARK-Introsort","introsort.adb","361","In_Bounds","introsort.ads:54","conjunct","A'Length <= Max_N","relational","Pre","pre","yes","none"
"sorting/SPARK4/Ada-SPARK-Introsort","introsort.adb","367","In_Bounds","introsort.ads:54","conjunct","A'Length <= Max_N","relational","Post","post","no","none"
"sorting/SPARK4/Ada-SPARK-Introsort","introsort.adb","375","Same_Occ","introsort.adb:26","conjunct","A'First = B'First","relational","Post","post","no","none"
"sorting/SPARK4/Ada-SPARK-Introsort","introsort.adb","469","In_Bounds","introsort.ads:54","conjunct","A'Length <= Max_N","relational","Pre","pre","yes","none"
"sorting/SPARK4/Ada-SPARK-Introsort","introsort.adb","487","In_Bounds","introsort.ads:54","conjunct","A'Length <= Max_N","relational","Pre","pre","yes","none"
"sorting/SPARK4/Ada-SPARK-Introsort","introsort.adb","504","In_Bounds","introsort.ads:54","conjunct","A'Length <= Max_N","relational","Pre","pre","yes","none"
"sorting/SPARK4/Ada-SPARK-Introsort","introsort.adb","519","In_Bounds","introsort.ads:54","conjunct","A'Length <= Max_N","relational","Pre","pre","yes","none"
"sorting/SPARK4/Ada-SPARK-Introsort","introsort.adb","531","In_Bounds","introsort.ads:54","conjunct","A'Length <= Max_N","relational","Pre","pre","yes","none"
"sorting/SPARK4/Ada-SPARK-Introsort","introsort.adb","570","In_Bounds","introsort.ads:54","conjunct","A'Length <= Max_N","relational","Pre","pre","yes","none"
"sorting/SPARK4/Ada-SPARK-Introsort","introsort.adb","580","In_Bounds","introsort.ads:54","conjunct","A'Length <= Max_N","relational","Post","post","no","none"
"sorting/SPARK4/Ada-SPARK-Introsort","introsort.adb","589","Same_Occ","introsort.adb:26","conjunct","A'First = B'First","relational","Post","post","no","none"
"sorting/SPARK4/Ada-SPARK-Introsort","introsort.adb","710","In_Bounds","introsort.ads:54","conjunct","A'Length <= Max_N","relational","Pre","pre","yes","none"
"sorting/SPARK4/Ada-SPARK-Introsort","introsort.adb","716","In_Bounds","introsort.ads:54","conjunct","A'Length <= Max_N","relational","Post","post","no","none"
"sorting/SPARK4/Ada-SPARK-Introsort","introsort.adb","724","Same_Occ","introsort.adb:26","conjunct","A'First = B'First","relational","Post","post","no","none"
"sorting/SPARK4/Ada-SPARK-Introsort","introsort.adb","818","In_Bounds","introsort.ads:54","conjunct","A'Length <= Max_N","relational","Pre","pre","yes","none"
"sorting/SPARK4/Ada-SPARK-Introsort","introsort.adb","825","In_Bounds","introsort.ads:54","conjunct","A'Length <= Max_N","relational","Post","post","no","none"
"sorting/SPARK4/Ada-SPARK-Introsort","introsort.adb","832","Same_Occ","introsort.adb:26","conjunct","A'First = B'First","relational","Post","post","no","none"
"sorting/SPARK4/Ada-SPARK-Introsort","introsort.adb","869","In_Bounds","introsort.ads:54","conjunct","A'Length <= Max_N","relational","Pre","pre","yes","none"
"sorting/SPARK4/Ada-SPARK-Introsort","introsort.adb","876","In_Bounds","introsort.ads:54","conjunct","A'Length <= Max_N","relational","Post","post","no","none"
"sorting/SPARK4/Ada-SPARK-Introsort","introsort.adb","886","Same_Occ","introsort.adb:26","conjunct","A'First = B'First","relational","Post","post","no","none"
"sorting/SPARK4/Ada-SPARK-Introsort","introsort.adb","961","In_Bounds","introsort.ads:54","conjunct","A'Length <= Max_N","relational","Pre","pre","yes","none"
"sorting/SPARK4/Ada-SPARK-Introsort","introsort.adb","968","In_Bounds","introsort.ads:54","conjunct","A'Length <= Max_N","relational","Post","post","no","none"
"sorting/SPARK4/Ada-SPARK-Introsort","introsort.adb","977","Same_Occ","introsort.adb:26","conjunct","A'First = B'First","relational","Post","post","no","none"
"sorting/SPARK4/Ada-SPARK-Introsort","introsort.ads","67","In_Bounds","introsort.ads:54","conjunct","A'Length <= Max_N","relational","Pre","pre","yes","none"
"sorting/SPARK4/Ada-SPARK-Introsort","introsort.ads","99","In_Bounds","introsort.ads:54","conjunct","A'Length <= Max_N","relational","Pre","pre","yes","none"
"sorting/SPARK4/Ada-SPARK-Introsort","introsort.ads","117","In_Bounds","introsort.ads:54","conjunct","A'Length <= Max_N","relational","Pre","pre","yes","none"
"sorting/SPARK4/Ada-SPARK-Introsort","introsort.ads","129","In_Bounds","introsort.ads:54","conjunct","A'Length <= Max_N","relational","Pre","pre","yes","none"
"sorting/SPARK4/Ada-SPARK-Introsort","introsort.ads","130","In_Bounds","introsort.ads:54","conjunct","A'Length <= Max_N","relational","Post","post","no","none"
"sorting/SPARK4/Ada-SPARK-Introsort","introsort.ads","130","Is_Perm","introsort.ads:108","conjunct","A'First = B'First","relational","Post","post","no","none"
"sorting/SPARK4/Ada-SPARK-Introsort","introsort.ads","152","In_Bounds","introsort.ads:54","conjunct","A'Length <= Max_N","relational","Pre","pre","yes","none"
"sorting/SPARK4/Ada-SPARK-Introsort","introsort.ads","154","In_Bounds","introsort.ads:54","conjunct","A'Length <= Max_N","relational","Post","post","no","none"
"sorting/SPARK4/Ada-SPARK-Introsort","introsort.ads","156","Is_Perm","introsort.ads:108","conjunct","A'First = B'First","relational","Post","post","no","none"
"sorting/SPARK4/Ada-SPARK-Library-Sort","library_sort.ads","59","In_Bounds","library_sort.ads:49","conjunct","A'First = 1","origin_pin","Pre","pre","yes","none"
"sorting/SPARK4/Ada-SPARK-Library-Sort","library_sort.ads","91","In_Bounds","library_sort.ads:49","conjunct","A'First = 1","origin_pin","Pre","pre","yes","none"
"sorting/SPARK4/Ada-SPARK-Library-Sort","library_sort.ads","92","In_Bounds","library_sort.ads:49","conjunct","A'First = 1","origin_pin","Post","post","no","none"
"sorting/SPARK4/Ada-SPARK-Merge-Sort","merge_sort.adb","29","In_Bounds","merge_sort.ads:48","conjunct","A'Length <= Max_N","relational","Pre","pre","yes","1 row(s) in proof_warnings.csv for this file"
"sorting/SPARK4/Ada-SPARK-Merge-Sort","merge_sort.adb","54","In_Bounds","merge_sort.ads:48","conjunct","A'Length <= Max_N","relational","Pre","pre","yes","1 row(s) in proof_warnings.csv for this file"
"sorting/SPARK4/Ada-SPARK-Merge-Sort","merge_sort.adb","67","In_Bounds","merge_sort.ads:48","conjunct","A'Length <= Max_N","relational","Pre","pre","yes","1 row(s) in proof_warnings.csv for this file"
"sorting/SPARK4/Ada-SPARK-Merge-Sort","merge_sort.adb","67","Same_Occ","merge_sort.adb:21","conjunct","A'First = B'First","relational","Pre","pre","yes","1 row(s) in proof_warnings.csv for this file"
"sorting/SPARK4/Ada-SPARK-Merge-Sort","merge_sort.adb","68","Is_Perm","merge_sort.ads:109","conjunct","A'First = B'First","relational","Post","post","no","1 row(s) in proof_warnings.csv for this file"
"sorting/SPARK4/Ada-SPARK-Merge-Sort","merge_sort.adb","74","In_Bounds","merge_sort.ads:48","conjunct","A'Length <= Max_N","relational","Pre","pre","yes","1 row(s) in proof_warnings.csv for this file"
"sorting/SPARK4/Ada-SPARK-Merge-Sort","merge_sort.adb","75","Same_Occ","merge_sort.adb:21","conjunct","A'First = B'First","relational","Pre","pre","yes","1 row(s) in proof_warnings.csv for this file"
"sorting/SPARK4/Ada-SPARK-Merge-Sort","merge_sort.adb","76","Same_Occ","merge_sort.adb:21","conjunct","A'First = B'First","relational","Post","post","no","1 row(s) in proof_warnings.csv for this file"
"sorting/SPARK4/Ada-SPARK-Merge-Sort","merge_sort.adb","113","In_Bounds","merge_sort.ads:48","conjunct","A'Length <= Max_N","relational","Pre","pre","yes","1 row(s) in proof_warnings.csv for this file"
"sorting/SPARK4/Ada-SPARK-Merge-Sort","merge_sort.adb","130","In_Bounds","merge_sort.ads:48","conjunct","A'Length <= Max_N","relational","Pre","pre","yes","1 row(s) in proof_warnings.csv for this file"
"sorting/SPARK4/Ada-SPARK-Merge-Sort","merge_sort.adb","146","In_Bounds","merge_sort.ads:48","conjunct","A'Length <= Max_N","relational","Pre","pre","yes","1 row(s) in proof_warnings.csv for this file"
"sorting/SPARK4/Ada-SPARK-Merge-Sort","merge_sort.adb","163","In_Bounds","merge_sort.ads:48","conjunct","A'Length <= Max_N","relational","Pre","pre","yes","1 row(s) in proof_warnings.csv for this file"
"sorting/SPARK4/Ada-SPARK-Merge-Sort","merge_sort.adb","174","In_Bounds","merge_sort.ads:48","conjunct","A'Length <= Max_N","relational","Pre","pre","yes","1 row(s) in proof_warnings.csv for this file"
"sorting/SPARK4/Ada-SPARK-Merge-Sort","merge_sort.adb","194","In_Bounds","merge_sort.ads:48","conjunct","A'Length <= Max_N","relational","Pre","pre","yes","1 row(s) in proof_warnings.csv for this file"
"sorting/SPARK4/Ada-SPARK-Merge-Sort","merge_sort.adb","219","In_Bounds","merge_sort.ads:48","conjunct","A'Length <= Max_N","relational","Pre","pre","yes","1 row(s) in proof_warnings.csv for this file"
"sorting/SPARK4/Ada-SPARK-Merge-Sort","merge_sort.adb","229","In_Bounds","merge_sort.ads:48","conjunct","A'Length <= Max_N","relational","Post","post","no","1 row(s) in proof_warnings.csv for this file"
"sorting/SPARK4/Ada-SPARK-Merge-Sort","merge_sort.adb","235","Same_Occ","merge_sort.adb:21","conjunct","A'First = B'First","relational","Post","post","no","1 row(s) in proof_warnings.csv for this file"
"sorting/SPARK4/Ada-SPARK-Merge-Sort","merge_sort.adb","399","In_Bounds","merge_sort.ads:48","conjunct","A'Length <= Max_N","relational","Pre","pre","yes","1 row(s) in proof_warnings.csv for this file"
"sorting/SPARK4/Ada-SPARK-Merge-Sort","merge_sort.adb","453","In_Bounds","merge_sort.ads:48","conjunct","A'Length <= Max_N","relational","Pre","pre","yes","1 row(s) in proof_warnings.csv for this file"
"sorting/SPARK4/Ada-SPARK-Merge-Sort","merge_sort.adb","466","In_Bounds","merge_sort.ads:48","conjunct","A'Length <= Max_N","relational","Post","post","no","1 row(s) in proof_warnings.csv for this file"
"sorting/SPARK4/Ada-SPARK-Merge-Sort","merge_sort.adb","468","Same_Occ","merge_sort.adb:21","conjunct","A'First = B'First","relational","Post","post","no","1 row(s) in proof_warnings.csv for this file"
"sorting/SPARK4/Ada-SPARK-Merge-Sort","merge_sort.adb","530","In_Bounds","merge_sort.ads:48","conjunct","A'Length <= Max_N","relational","Pre","pre","yes","1 row(s) in proof_warnings.csv for this file"
"sorting/SPARK4/Ada-SPARK-Merge-Sort","merge_sort.adb","537","In_Bounds","merge_sort.ads:48","conjunct","A'Length <= Max_N","relational","Post","post","no","1 row(s) in proof_warnings.csv for this file"
"sorting/SPARK4/Ada-SPARK-Merge-Sort","merge_sort.adb","542","Same_Occ","merge_sort.adb:21","conjunct","A'First = B'First","relational","Post","post","no","1 row(s) in proof_warnings.csv for this file"
"sorting/SPARK4/Ada-SPARK-Merge-Sort","merge_sort.ads","61","In_Bounds","merge_sort.ads:48","conjunct","A'Length <= Max_N","relational","Pre","pre","yes","none"
"sorting/SPARK4/Ada-SPARK-Merge-Sort","merge_sort.ads","120","In_Bounds","merge_sort.ads:48","conjunct","A'Length <= Max_N","relational","Pre","pre","yes","none"
"sorting/SPARK4/Ada-SPARK-Merge-Sort","merge_sort.ads","128","In_Bounds","merge_sort.ads:48","conjunct","A'Length <= Max_N","relational","Pre","pre","yes","none"
"sorting/SPARK4/Ada-SPARK-Merge-Sort","merge_sort.ads","129","In_Bounds","merge_sort.ads:48","conjunct","A'Length <= Max_N","relational","Post","post","no","none"
"sorting/SPARK4/Ada-SPARK-Merge-Sort","merge_sort.ads","129","Is_Perm","merge_sort.ads:109","conjunct","A'First = B'First","relational","Post","post","no","none"
"sorting/SPARK4/Ada-SPARK-Odd-Even-Sort","odd_even_sort.adb","32","In_Bounds","odd_even_sort.ads:51","conjunct","A'Length <= Max_N","relational","Pre","pre","yes","none"
"sorting/SPARK4/Ada-SPARK-Odd-Even-Sort","odd_even_sort.adb","44","In_Bounds","odd_even_sort.ads:51","conjunct","A'Length <= Max_N","relational","Pre","pre","yes","none"
"sorting/SPARK4/Ada-SPARK-Odd-Even-Sort","odd_even_sort.adb","58","In_Bounds","odd_even_sort.ads:51","conjunct","A'Length <= Max_N","relational","Pre","pre","yes","none"
"sorting/SPARK4/Ada-SPARK-Odd-Even-Sort","odd_even_sort.adb","75","In_Bounds","odd_even_sort.ads:51","conjunct","A'Length <= Max_N","relational","Pre","pre","yes","none"
"sorting/SPARK4/Ada-SPARK-Odd-Even-Sort","odd_even_sort.adb","81","Same_Occ","odd_even_sort.adb:23","conjunct","A'First = B'First","relational","Post","post","no","none"
"sorting/SPARK4/Ada-SPARK-Odd-Even-Sort","odd_even_sort.adb","86","In_Bounds","odd_even_sort.ads:51","conjunct","A'Length <= Max_N","relational","Pre","pre","yes","none"
"sorting/SPARK4/Ada-SPARK-Odd-Even-Sort","odd_even_sort.adb","86","Same_Occ","odd_even_sort.adb:23","conjunct","A'First = B'First","relational","Pre","pre","yes","none"
"sorting/SPARK4/Ada-SPARK-Odd-Even-Sort","odd_even_sort.adb","87","Is_Perm","odd_even_sort.ads:104","conjunct","A'First = B'First","relational","Post","post","no","none"
"sorting/SPARK4/Ada-SPARK-Odd-Even-Sort","odd_even_sort.adb","146","In_Bounds","odd_even_sort.ads:51","conjunct","A'Length <= Max_N","relational","Pre","pre","yes","none"
"sorting/SPARK4/Ada-SPARK-Odd-Even-Sort","odd_even_sort.adb","157","In_Bounds","odd_even_sort.ads:51","conjunct","A'Length <= Max_N","relational","Pre","pre","yes","none"
"sorting/SPARK4/Ada-SPARK-Odd-Even-Sort","odd_even_sort.adb","168","In_Bounds","odd_even_sort.ads:51","conjunct","A'Length <= Max_N","relational","Pre","pre","yes","none"
"sorting/SPARK4/Ada-SPARK-Odd-Even-Sort","odd_even_sort.adb","169","In_Bounds","odd_even_sort.ads:51","conjunct","A'Length <= Max_N","relational","Pre","pre","yes","none"
"sorting/SPARK4/Ada-SPARK-Odd-Even-Sort","odd_even_sort.adb","230","In_Bounds","odd_even_sort.ads:51","conjunct","A'Length <= Max_N","relational","Pre","pre","yes","none"
"sorting/SPARK4/Ada-SPARK-Odd-Even-Sort","odd_even_sort.adb","235","In_Bounds","odd_even_sort.ads:51","conjunct","A'Length <= Max_N","relational","Post","post","no","none"
"sorting/SPARK4/Ada-SPARK-Odd-Even-Sort","odd_even_sort.adb","242","Same_Occ","odd_even_sort.adb:23","conjunct","A'First = B'First","relational","Post","post","no","none"
"sorting/SPARK4/Ada-SPARK-Odd-Even-Sort","odd_even_sort.adb","268","In_Bounds","odd_even_sort.ads:51","conjunct","A'Length <= Max_N","relational","Pre","pre","yes","none"
"sorting/SPARK4/Ada-SPARK-Odd-Even-Sort","odd_even_sort.adb","274","In_Bounds","odd_even_sort.ads:51","conjunct","A'Length <= Max_N","relational","Pre","pre","yes","none"
"sorting/SPARK4/Ada-SPARK-Odd-Even-Sort","odd_even_sort.adb","276","In_Bounds","odd_even_sort.ads:51","conjunct","A'Length <= Max_N","relational","Post","post","no","none"
"sorting/SPARK4/Ada-SPARK-Odd-Even-Sort","odd_even_sort.adb","277","Same_Occ","odd_even_sort.adb:23","conjunct","A'First = B'First","relational","Post","post","no","none"
"sorting/SPARK4/Ada-SPARK-Odd-Even-Sort","odd_even_sort.adb","330","In_Bounds","odd_even_sort.ads:51","conjunct","A'Length <= Max_N","relational","Pre","pre","yes","none"
"sorting/SPARK4/Ada-SPARK-Odd-Even-Sort","odd_even_sort.adb","332","In_Bounds","odd_even_sort.ads:51","conjunct","A'Length <= Max_N","relational","Post","post","no","none"
"sorting/SPARK4/Ada-SPARK-Odd-Even-Sort","odd_even_sort.adb","333","Same_Occ","odd_even_sort.adb:23","conjunct","A'First = B'First","relational","Post","post","no","none"
"sorting/SPARK4/Ada-SPARK-Odd-Even-Sort","odd_even_sort.ads","64","In_Bounds","odd_even_sort.ads:51","conjunct","A'Length <= Max_N","relational","Pre","pre","yes","none"
"sorting/SPARK4/Ada-SPARK-Odd-Even-Sort","odd_even_sort.ads","95","In_Bounds","odd_even_sort.ads:51","conjunct","A'Length <= Max_N","relational","Pre","pre","yes","none"
"sorting/SPARK4/Ada-SPARK-Odd-Even-Sort","odd_even_sort.ads","113","In_Bounds","odd_even_sort.ads:51","conjunct","A'Length <= Max_N","relational","Pre","pre","yes","none"
"sorting/SPARK4/Ada-SPARK-Odd-Even-Sort","odd_even_sort.ads","125","In_Bounds","odd_even_sort.ads:51","conjunct","A'Length <= Max_N","relational","Pre","pre","yes","none"
"sorting/SPARK4/Ada-SPARK-Odd-Even-Sort","odd_even_sort.ads","126","In_Bounds","odd_even_sort.ads:51","conjunct","A'Length <= Max_N","relational","Post","post","no","none"
"sorting/SPARK4/Ada-SPARK-Odd-Even-Sort","odd_even_sort.ads","126","Is_Perm","odd_even_sort.ads:104","conjunct","A'First = B'First","relational","Post","post","no","none"
"sorting/SPARK4/Ada-SPARK-Pancake-Sorting","pancake_sorting.adb","30","In_Bounds","pancake_sorting.ads:54","conjunct","A'Length <= Max_N","relational","Pre","pre","yes","none"
"sorting/SPARK4/Ada-SPARK-Pancake-Sorting","pancake_sorting.adb","42","In_Bounds","pancake_sorting.ads:54","conjunct","A'Length <= Max_N","relational","Pre","pre","yes","none"
"sorting/SPARK4/Ada-SPARK-Pancake-Sorting","pancake_sorting.adb","56","In_Bounds","pancake_sorting.ads:54","conjunct","A'Length <= Max_N","relational","Pre","pre","yes","none"
"sorting/SPARK4/Ada-SPARK-Pancake-Sorting","pancake_sorting.adb","73","In_Bounds","pancake_sorting.ads:54","conjunct","A'Length <= Max_N","relational","Pre","pre","yes","none"
"sorting/SPARK4/Ada-SPARK-Pancake-Sorting","pancake_sorting.adb","79","Same_Occ","pancake_sorting.adb:21","conjunct","A'First = B'First","relational","Post","post","no","none"
"sorting/SPARK4/Ada-SPARK-Pancake-Sorting","pancake_sorting.adb","85","In_Bounds","pancake_sorting.ads:54","conjunct","A'Length <= Max_N","relational","Pre","pre","yes","none"
"sorting/SPARK4/Ada-SPARK-Pancake-Sorting","pancake_sorting.adb","96","In_Bounds","pancake_sorting.ads:54","conjunct","A'Length <= Max_N","relational","Pre","pre","yes","none"
"sorting/SPARK4/Ada-SPARK-Pancake-Sorting","pancake_sorting.adb","96","Is_Perm","pancake_sorting.ads:112","conjunct","A'First = B'First","relational","Pre","pre","yes","none"
"sorting/SPARK4/Ada-SPARK-Pancake-Sorting","pancake_sorting.adb","97","Same_Occ","pancake_sorting.adb:21","conjunct","A'First = B'First","relational","Post","post","no","none"
"sorting/SPARK4/Ada-SPARK-Pancake-Sorting","pancake_sorting.adb","159","In_Bounds","pancake_sorting.ads:54","conjunct","A'Length <= Max_N","relational","Pre","pre","yes","none"
"sorting/SPARK4/Ada-SPARK-Pancake-Sorting","pancake_sorting.adb","177","In_Bounds","pancake_sorting.ads:54","conjunct","A'Length <= Max_N","relational","Pre","pre","yes","none"
"sorting/SPARK4/Ada-SPARK-Pancake-Sorting","pancake_sorting.adb","187","In_Bounds","pancake_sorting.ads:54","conjunct","A'Length <= Max_N","relational","Pre","pre","yes","none"
"sorting/SPARK4/Ada-SPARK-Pancake-Sorting","pancake_sorting.adb","191","In_Bounds","pancake_sorting.ads:54","conjunct","A'Length <= Max_N","relational","Post","post","no","none"
"sorting/SPARK4/Ada-SPARK-Pancake-Sorting","pancake_sorting.adb","197","Same_Occ","pancake_sorting.adb:21","conjunct","A'First = B'First","relational","Post","post","no","none"
"sorting/SPARK4/Ada-SPARK-Pancake-Sorting","pancake_sorting.adb","295","In_Bounds","pancake_sorting.ads:54","conjunct","A'Length <= Max_N","relational","Pre","pre","yes","none"
"sorting/SPARK4/Ada-SPARK-Pancake-Sorting","pancake_sorting.adb","301","In_Bounds","pancake_sorting.ads:54","conjunct","A'Length <= Max_N","relational","Post","post","no","none"
"sorting/SPARK4/Ada-SPARK-Pancake-Sorting","pancake_sorting.adb","318","Same_Occ","pancake_sorting.adb:21","conjunct","A'First = B'First","relational","Post","post","no","none"
"sorting/SPARK4/Ada-SPARK-Pancake-Sorting","pancake_sorting.ads","67","In_Bounds","pancake_sorting.ads:54","conjunct","A'Length <= Max_N","relational","Pre","pre","yes","none"
"sorting/SPARK4/Ada-SPARK-Pancake-Sorting","pancake_sorting.ads","103","In_Bounds","pancake_sorting.ads:54","conjunct","A'Length <= Max_N","relational","Pre","pre","yes","none"
"sorting/SPARK4/Ada-SPARK-Pancake-Sorting","pancake_sorting.ads","121","In_Bounds","pancake_sorting.ads:54","conjunct","A'Length <= Max_N","relational","Pre","pre","yes","none"
"sorting/SPARK4/Ada-SPARK-Pancake-Sorting","pancake_sorting.ads","133","In_Bounds","pancake_sorting.ads:54","conjunct","A'Length <= Max_N","relational","Pre","pre","yes","none"
"sorting/SPARK4/Ada-SPARK-Pancake-Sorting","pancake_sorting.ads","135","In_Bounds","pancake_sorting.ads:54","conjunct","A'Length <= Max_N","relational","Post","post","no","none"
"sorting/SPARK4/Ada-SPARK-Pancake-Sorting","pancake_sorting.ads","141","Is_Perm","pancake_sorting.ads:112","conjunct","A'First = B'First","relational","Post","post","no","none"
"sorting/SPARK4/Ada-SPARK-Pancake-Sorting","pancake_sorting.ads","153","In_Bounds","pancake_sorting.ads:54","conjunct","A'Length <= Max_N","relational","Pre","pre","yes","none"
"sorting/SPARK4/Ada-SPARK-Pancake-Sorting","pancake_sorting.ads","156","In_Bounds","pancake_sorting.ads:54","conjunct","A'Length <= Max_N","relational","Post","post","no","none"
"sorting/SPARK4/Ada-SPARK-Pancake-Sorting","pancake_sorting.ads","156","Is_Perm","pancake_sorting.ads:112","conjunct","A'First = B'First","relational","Post","post","no","none"
"sorting/SPARK4/Ada-SPARK-Pancake-Sorting","pancake_sorting.ads","166","In_Bounds","pancake_sorting.ads:54","conjunct","A'Length <= Max_N","relational","Pre","pre","yes","none"
"sorting/SPARK4/Ada-SPARK-Pancake-Sorting","pancake_sorting.ads","167","In_Bounds","pancake_sorting.ads:54","conjunct","A'Length <= Max_N","relational","Post","post","no","none"
"sorting/SPARK4/Ada-SPARK-Pancake-Sorting","pancake_sorting.ads","167","Is_Perm","pancake_sorting.ads:112","conjunct","A'First = B'First","relational","Post","post","no","none"
"sorting/SPARK4/Ada-SPARK-Pancake-Sorting","pancake_sorting.ads","178","In_Bounds","pancake_sorting.ads:54","conjunct","A'Length <= Max_N","relational","Pre","pre","yes","none"
"sorting/SPARK4/Ada-SPARK-Pancake-Sorting","pancake_sorting.ads","180","In_Bounds","pancake_sorting.ads:54","conjunct","A'Length <= Max_N","relational","Post","post","no","none"
"sorting/SPARK4/Ada-SPARK-Pancake-Sorting","pancake_sorting.ads","182","Is_Perm","pancake_sorting.ads:112","conjunct","A'First = B'First","relational","Post","post","no","none"
"sorting/SPARK4/Ada-SPARK-Patience-Sorting","patience_sorting.adb","105","In_Bounds","patience_sorting.ads:46","conjunct","A'First = 1","origin_pin","Pre","pre","yes","none"
"sorting/SPARK4/Ada-SPARK-Patience-Sorting","patience_sorting.adb","106","In_Bounds","patience_sorting.ads:46","conjunct","A'First = 1","origin_pin","Post","post","no","none"
"sorting/SPARK4/Ada-SPARK-Patience-Sorting","patience_sorting.ads","56","In_Bounds","patience_sorting.ads:46","conjunct","A'First = 1","origin_pin","Pre","pre","yes","none"
"sorting/SPARK4/Ada-SPARK-Patience-Sorting","patience_sorting.ads","85","In_Bounds","patience_sorting.ads:46","conjunct","A'First = 1","origin_pin","Pre","pre","yes","none"
"sorting/SPARK4/Ada-SPARK-Patience-Sorting","patience_sorting.ads","86","In_Bounds","patience_sorting.ads:46","conjunct","A'First = 1","origin_pin","Post","post","no","none"
"sorting/SPARK4/Ada-SPARK-Pigeonhole-Sort","pigeonhole_sort.adb","26","In_Bounds","pigeonhole_sort.ads:57","conjunct","A'First = 1","origin_pin","Pre","pre","yes","none"
"sorting/SPARK4/Ada-SPARK-Pigeonhole-Sort","pigeonhole_sort.adb","107","In_Bounds","pigeonhole_sort.ads:57","conjunct","A'First = 1","origin_pin","Pre","pre","yes","none"
"sorting/SPARK4/Ada-SPARK-Pigeonhole-Sort","pigeonhole_sort.adb","116","In_Bounds","pigeonhole_sort.ads:57","conjunct","A'First = 1","origin_pin","Pre","pre","yes","none"
"sorting/SPARK4/Ada-SPARK-Pigeonhole-Sort","pigeonhole_sort.adb","132","In_Bounds","pigeonhole_sort.ads:57","conjunct","A'First = 1","origin_pin","Pre","pre","yes","none"
"sorting/SPARK4/Ada-SPARK-Pigeonhole-Sort","pigeonhole_sort.adb","154","In_Bounds","pigeonhole_sort.ads:57","conjunct","A'First = 1","origin_pin","Pre","pre","yes","none"
"sorting/SPARK4/Ada-SPARK-Pigeonhole-Sort","pigeonhole_sort.adb","157","In_Bounds","pigeonhole_sort.ads:57","conjunct","A'First = 1","origin_pin","Post","post","no","none"
"sorting/SPARK4/Ada-SPARK-Pigeonhole-Sort","pigeonhole_sort.adb","157","Is_Perm","pigeonhole_sort.ads:119","conjunct","A'First = B'First","relational","Post","post","no","none"
"sorting/SPARK4/Ada-SPARK-Pigeonhole-Sort","pigeonhole_sort.ads","70","In_Bounds","pigeonhole_sort.ads:57","conjunct","A'First = 1","origin_pin","Pre","pre","yes","none"
"sorting/SPARK4/Ada-SPARK-Pigeonhole-Sort","pigeonhole_sort.ads","80","In_Bounds","pigeonhole_sort.ads:57","conjunct","A'First = 1","origin_pin","Pre","pre","yes","none"
"sorting/SPARK4/Ada-SPARK-Pigeonhole-Sort","pigeonhole_sort.ads","109","In_Bounds","pigeonhole_sort.ads:57","conjunct","A'First = 1","origin_pin","Pre","pre","yes","none"
"sorting/SPARK4/Ada-SPARK-Pigeonhole-Sort","pigeonhole_sort.ads","126","In_Bounds","pigeonhole_sort.ads:57","conjunct","A'First = 1","origin_pin","Pre","pre","yes","none"
"sorting/SPARK4/Ada-SPARK-Pigeonhole-Sort","pigeonhole_sort.ads","131","In_Bounds","pigeonhole_sort.ads:57","conjunct","A'First = 1","origin_pin","Pre","pre","yes","none"
"sorting/SPARK4/Ada-SPARK-Pigeonhole-Sort","pigeonhole_sort.ads","132","In_Bounds","pigeonhole_sort.ads:57","conjunct","A'First = 1","origin_pin","Post","post","no","none"
"sorting/SPARK4/Ada-SPARK-Pigeonhole-Sort","pigeonhole_sort.ads","132","Is_Perm","pigeonhole_sort.ads:119","conjunct","A'First = B'First","relational","Post","post","no","none"
"sorting/SPARK4/Ada-SPARK-Postman-Sort","postman_sort.adb","62","In_Bounds","postman_sort.ads:61","conjunct","A'First = 1","origin_pin","Pre","pre","yes","1 row(s) in proof_warnings.csv for this file"
"sorting/SPARK4/Ada-SPARK-Postman-Sort","postman_sort.adb","74","In_Bounds","postman_sort.ads:61","conjunct","A'First = 1","origin_pin","Pre","pre","yes","1 row(s) in proof_warnings.csv for this file"
"sorting/SPARK4/Ada-SPARK-Postman-Sort","postman_sort.adb","91","In_Bounds","postman_sort.ads:61","conjunct","A'First = 1","origin_pin","Pre","pre","yes","1 row(s) in proof_warnings.csv for this file"
"sorting/SPARK4/Ada-SPARK-Postman-Sort","postman_sort.adb","202","In_Bounds","postman_sort.ads:61","conjunct","A'First = 1","origin_pin","Pre","pre","yes","1 row(s) in proof_warnings.csv for this file"
"sorting/SPARK4/Ada-SPARK-Postman-Sort","postman_sort.adb","265","In_Bounds","postman_sort.ads:61","conjunct","A'First = 1","origin_pin","Pre","pre","yes","1 row(s) in proof_warnings.csv for this file"
"sorting/SPARK4/Ada-SPARK-Postman-Sort","postman_sort.adb","290","In_Bounds","postman_sort.ads:61","conjunct","A'First = 1","origin_pin","Pre","pre","yes","1 row(s) in proof_warnings.csv for this file"
"sorting/SPARK4/Ada-SPARK-Postman-Sort","postman_sort.adb","316","In_Bounds","postman_sort.ads:61","conjunct","A'First = 1","origin_pin","Pre","pre","yes","1 row(s) in proof_warnings.csv for this file"
"sorting/SPARK4/Ada-SPARK-Postman-Sort","postman_sort.adb","352","In_Bounds","postman_sort.ads:61","conjunct","A'First = 1","origin_pin","Pre","pre","yes","1 row(s) in proof_warnings.csv for this file"
"sorting/SPARK4/Ada-SPARK-Postman-Sort","postman_sort.adb","377","In_Bounds","postman_sort.ads:61","conjunct","A'First = 1","origin_pin","Pre","pre","yes","1 row(s) in proof_warnings.csv for this file"
"sorting/SPARK4/Ada-SPARK-Postman-Sort","postman_sort.adb","429","In_Bounds","postman_sort.ads:61","conjunct","A'First = 1","origin_pin","Pre","pre","yes","1 row(s) in proof_warnings.csv for this file"
"sorting/SPARK4/Ada-SPARK-Postman-Sort","postman_sort.adb","497","In_Bounds","postman_sort.ads:61","conjunct","A'First = 1","origin_pin","Pre","pre","yes","1 row(s) in proof_warnings.csv for this file"
"sorting/SPARK4/Ada-SPARK-Postman-Sort","postman_sort.adb","503","In_Bounds","postman_sort.ads:61","conjunct","A'First = 1","origin_pin","Post","post","no","1 row(s) in proof_warnings.csv for this file"
"sorting/SPARK4/Ada-SPARK-Postman-Sort","postman_sort.adb","670","In_Bounds","postman_sort.ads:61","conjunct","A'First = 1","origin_pin","Pre","pre","yes","1 row(s) in proof_warnings.csv for this file"
"sorting/SPARK4/Ada-SPARK-Postman-Sort","postman_sort.adb","673","In_Bounds","postman_sort.ads:61","conjunct","A'First = 1","origin_pin","Post","post","no","1 row(s) in proof_warnings.csv for this file"
"sorting/SPARK4/Ada-SPARK-Postman-Sort","postman_sort.ads","71","In_Bounds","postman_sort.ads:61","conjunct","A'First = 1","origin_pin","Pre","pre","yes","none"
"sorting/SPARK4/Ada-SPARK-Postman-Sort","postman_sort.ads","79","In_Bounds","postman_sort.ads:61","conjunct","A'First = 1","origin_pin","Pre","pre","yes","none"
"sorting/SPARK4/Ada-SPARK-Postman-Sort","postman_sort.ads","108","In_Bounds","postman_sort.ads:61","conjunct","A'First = 1","origin_pin","Pre","pre","yes","none"
"sorting/SPARK4/Ada-SPARK-Postman-Sort","postman_sort.ads","109","In_Bounds","postman_sort.ads:61","conjunct","A'First = 1","origin_pin","Post","post","no","none"
"sorting/SPARK4/Ada-SPARK-Quantum-Sort","quantum_sort.adb","26","In_Bounds","quantum_sort.ads:52","conjunct","A'First = 1","origin_pin","Pre","pre","yes","none"
"sorting/SPARK4/Ada-SPARK-Quantum-Sort","quantum_sort.adb","38","In_Bounds","quantum_sort.ads:52","conjunct","A'First = 1","origin_pin","Pre","pre","yes","none"
"sorting/SPARK4/Ada-SPARK-Quantum-Sort","quantum_sort.adb","52","In_Bounds","quantum_sort.ads:52","conjunct","A'First = 1","origin_pin","Pre","pre","yes","none"
"sorting/SPARK4/Ada-SPARK-Quantum-Sort","quantum_sort.adb","69","In_Bounds","quantum_sort.ads:52","conjunct","A'First = 1","origin_pin","Pre","pre","yes","none"
"sorting/SPARK4/Ada-SPARK-Quantum-Sort","quantum_sort.adb","75","Same_Occ","quantum_sort.adb:17","conjunct","A'First = B'First","relational","Post","post","no","none"
"sorting/SPARK4/Ada-SPARK-Quantum-Sort","quantum_sort.adb","81","In_Bounds","quantum_sort.ads:52","conjunct","A'First = 1","origin_pin","Pre","pre","yes","none"
"sorting/SPARK4/Ada-SPARK-Quantum-Sort","quantum_sort.adb","81","Same_Occ","quantum_sort.adb:17","conjunct","A'First = B'First","relational","Pre","pre","yes","none"
"sorting/SPARK4/Ada-SPARK-Quantum-Sort","quantum_sort.adb","82","Is_Perm","quantum_sort.ads:96","conjunct","A'First = B'First","relational","Post","post","no","none"
"sorting/SPARK4/Ada-SPARK-Quantum-Sort","quantum_sort.adb","87","In_Bounds","quantum_sort.ads:52","conjunct","A'First = 1","origin_pin","Pre","pre","yes","none"
"sorting/SPARK4/Ada-SPARK-Quantum-Sort","quantum_sort.adb","88","Same_Occ","quantum_sort.adb:17","conjunct","A'First = B'First","relational","Pre","pre","yes","none"
"sorting/SPARK4/Ada-SPARK-Quantum-Sort","quantum_sort.adb","89","Same_Occ","quantum_sort.adb:17","conjunct","A'First = B'First","relational","Post","post","no","none"
"sorting/SPARK4/Ada-SPARK-Quantum-Sort","quantum_sort.adb","151","In_Bounds","quantum_sort.ads:52","conjunct","A'First = 1","origin_pin","Pre","pre","yes","none"
"sorting/SPARK4/Ada-SPARK-Quantum-Sort","quantum_sort.adb","169","In_Bounds","quantum_sort.ads:52","conjunct","A'First = 1","origin_pin","Pre","pre","yes","none"
"sorting/SPARK4/Ada-SPARK-Quantum-Sort","quantum_sort.adb","179","In_Bounds","quantum_sort.ads:52","conjunct","A'First = 1","origin_pin","Pre","pre","yes","none"
"sorting/SPARK4/Ada-SPARK-Quantum-Sort","quantum_sort.adb","183","In_Bounds","quantum_sort.ads:52","conjunct","A'First = 1","origin_pin","Post","post","no","none"
"sorting/SPARK4/Ada-SPARK-Quantum-Sort","quantum_sort.adb","189","Same_Occ","quantum_sort.adb:17","conjunct","A'First = B'First","relational","Post","post","no","none"
"sorting/SPARK4/Ada-SPARK-Quantum-Sort","quantum_sort.adb","212","In_Bounds","quantum_sort.ads:52","conjunct","A'First = 1","origin_pin","Pre","pre","yes","none"
"sorting/SPARK4/Ada-SPARK-Quantum-Sort","quantum_sort.adb","216","In_Bounds","quantum_sort.ads:52","conjunct","A'First = 1","origin_pin","Post","post","no","none"
"sorting/SPARK4/Ada-SPARK-Quantum-Sort","quantum_sort.adb","219","Same_Occ","quantum_sort.adb:17","conjunct","A'First = B'First","relational","Post","post","no","none"
"sorting/SPARK4/Ada-SPARK-Quantum-Sort","quantum_sort.adb","264","In_Bounds","quantum_sort.ads:52","conjunct","A'First = 1","origin_pin","Pre","pre","yes","none"
"sorting/SPARK4/Ada-SPARK-Quantum-Sort","quantum_sort.adb","265","In_Bounds","quantum_sort.ads:52","conjunct","A'First = 1","origin_pin","Post","post","no","none"
"sorting/SPARK4/Ada-SPARK-Quantum-Sort","quantum_sort.adb","265","Same_Occ","quantum_sort.adb:17","conjunct","A'First = B'First","relational","Post","post","no","none"
"sorting/SPARK4/Ada-SPARK-Quantum-Sort","quantum_sort.adb","293","In_Bounds","quantum_sort.ads:52","conjunct","A'First = 1","origin_pin","Pre","pre","yes","none"
"sorting/SPARK4/Ada-SPARK-Quantum-Sort","quantum_sort.adb","296","In_Bounds","quantum_sort.ads:52","conjunct","A'First = 1","origin_pin","Post","post","no","none"
"sorting/SPARK4/Ada-SPARK-Quantum-Sort","quantum_sort.adb","296","Same_Occ","quantum_sort.adb:17","conjunct","A'First = B'First","relational","Post","post","no","none"
"sorting/SPARK4/Ada-SPARK-Quantum-Sort","quantum_sort.adb","338","In_Bounds","quantum_sort.ads:52","conjunct","A'First = 1","origin_pin","Pre","pre","yes","none"
"sorting/SPARK4/Ada-SPARK-Quantum-Sort","quantum_sort.adb","344","In_Bounds","quantum_sort.ads:52","conjunct","A'First = 1","origin_pin","Post","post","no","none"
"sorting/SPARK4/Ada-SPARK-Quantum-Sort","quantum_sort.adb","347","Same_Occ","quantum_sort.adb:17","conjunct","A'First = B'First","relational","Post","post","no","none"
"sorting/SPARK4/Ada-SPARK-Quantum-Sort","quantum_sort.adb","401","In_Bounds","quantum_sort.ads:52","conjunct","A'First = 1","origin_pin","Pre","pre","yes","none"
"sorting/SPARK4/Ada-SPARK-Quantum-Sort","quantum_sort.adb","409","In_Bounds","quantum_sort.ads:52","conjunct","A'First = 1","origin_pin","Post","post","no","none"
"sorting/SPARK4/Ada-SPARK-Quantum-Sort","quantum_sort.adb","415","Same_Occ","quantum_sort.adb:17","conjunct","A'First = B'First","relational","Post","post","no","none"
"sorting/SPARK4/Ada-SPARK-Quantum-Sort","quantum_sort.adb","464","In_Bounds","quantum_sort.ads:52","conjunct","A'First = 1","origin_pin","Pre","pre","yes","none"
"sorting/SPARK4/Ada-SPARK-Quantum-Sort","quantum_sort.adb","472","In_Bounds","quantum_sort.ads:52","conjunct","A'First = 1","origin_pin","Post","post","no","none"
"sorting/SPARK4/Ada-SPARK-Quantum-Sort","quantum_sort.adb","478","Same_Occ","quantum_sort.adb:17","conjunct","A'First = B'First","relational","Post","post","no","none"
"sorting/SPARK4/Ada-SPARK-Quantum-Sort","quantum_sort.ads","62","In_Bounds","quantum_sort.ads:52","conjunct","A'First = 1","origin_pin","Pre","pre","yes","none"
"sorting/SPARK4/Ada-SPARK-Quantum-Sort","quantum_sort.ads","87","In_Bounds","quantum_sort.ads:52","conjunct","A'First = 1","origin_pin","Pre","pre","yes","none"
"sorting/SPARK4/Ada-SPARK-Quantum-Sort","quantum_sort.ads","105","In_Bounds","quantum_sort.ads:52","conjunct","A'First = 1","origin_pin","Pre","pre","yes","none"
"sorting/SPARK4/Ada-SPARK-Quantum-Sort","quantum_sort.ads","112","In_Bounds","quantum_sort.ads:52","conjunct","A'First = 1","origin_pin","Pre","pre","yes","none"
"sorting/SPARK4/Ada-SPARK-Quantum-Sort","quantum_sort.ads","113","In_Bounds","quantum_sort.ads:52","conjunct","A'First = 1","origin_pin","Post","post","no","none"
"sorting/SPARK4/Ada-SPARK-Quantum-Sort","quantum_sort.ads","113","Is_Perm","quantum_sort.ads:96","conjunct","A'First = B'First","relational","Post","post","no","none"
"sorting/SPARK4/Ada-SPARK-Quantum-Sort","quantum_sort.ads","120","In_Bounds","quantum_sort.ads:52","conjunct","A'First = 1","origin_pin","Pre","pre","yes","none"
"sorting/SPARK4/Ada-SPARK-Quantum-Sort","quantum_sort.ads","121","In_Bounds","quantum_sort.ads:52","conjunct","A'First = 1","origin_pin","Post","post","no","none"
"sorting/SPARK4/Ada-SPARK-Quantum-Sort","quantum_sort.ads","121","Is_Perm","quantum_sort.ads:96","conjunct","A'First = B'First","relational","Post","post","no","none"
"sorting/SPARK4/Ada-SPARK-Quantum-Sort","quantum_sort.ads","128","In_Bounds","quantum_sort.ads:52","conjunct","A'First = 1","origin_pin","Pre","pre","yes","none"
"sorting/SPARK4/Ada-SPARK-Quantum-Sort","quantum_sort.ads","129","In_Bounds","quantum_sort.ads:52","conjunct","A'First = 1","origin_pin","Post","post","no","none"
"sorting/SPARK4/Ada-SPARK-Quantum-Sort","quantum_sort.ads","129","Is_Perm","quantum_sort.ads:96","conjunct","A'First = B'First","relational","Post","post","no","none"
"sorting/SPARK4/Ada-SPARK-Quantum-Sort","quantum_sort.ads","136","In_Bounds","quantum_sort.ads:52","conjunct","A'First = 1","origin_pin","Pre","pre","yes","none"
"sorting/SPARK4/Ada-SPARK-Quantum-Sort","quantum_sort.ads","137","In_Bounds","quantum_sort.ads:52","conjunct","A'First = 1","origin_pin","Post","post","no","none"
"sorting/SPARK4/Ada-SPARK-Quantum-Sort","quantum_sort.ads","137","Is_Perm","quantum_sort.ads:96","conjunct","A'First = B'First","relational","Post","post","no","none"
"sorting/SPARK4/Ada-SPARK-Quicksort","quicksort.adb","31","In_Bounds","quicksort.ads:48","conjunct","A'Length <= Max_N","relational","Pre","pre","yes","none"
"sorting/SPARK4/Ada-SPARK-Quicksort","quicksort.adb","43","In_Bounds","quicksort.ads:48","conjunct","A'Length <= Max_N","relational","Pre","pre","yes","none"
"sorting/SPARK4/Ada-SPARK-Quicksort","quicksort.adb","57","In_Bounds","quicksort.ads:48","conjunct","A'Length <= Max_N","relational","Pre","pre","yes","none"
"sorting/SPARK4/Ada-SPARK-Quicksort","quicksort.adb","74","In_Bounds","quicksort.ads:48","conjunct","A'Length <= Max_N","relational","Pre","pre","yes","none"
"sorting/SPARK4/Ada-SPARK-Quicksort","quicksort.adb","80","Same_Occ","quicksort.adb:22","conjunct","A'First = B'First","relational","Post","post","no","none"
"sorting/SPARK4/Ada-SPARK-Quicksort","quicksort.adb","132","In_Bounds","quicksort.ads:48","conjunct","A'Length <= Max_N","relational","Pre","pre","yes","none"
"sorting/SPARK4/Ada-SPARK-Quicksort","quicksort.adb","147","In_Bounds","quicksort.ads:48","conjunct","A'Length <= Max_N","relational","Pre","pre","yes","none"
"sorting/SPARK4/Ada-SPARK-Quicksort","quicksort.adb","162","In_Bounds","quicksort.ads:48","conjunct","A'Length <= Max_N","relational","Pre","pre","yes","none"
"sorting/SPARK4/Ada-SPARK-Quicksort","quicksort.adb","170","In_Bounds","quicksort.ads:48","conjunct","A'Length <= Max_N","relational","Pre","pre","yes","none"
"sorting/SPARK4/Ada-SPARK-Quicksort","quicksort.adb","174","In_Bounds","quicksort.ads:48","conjunct","A'Length <= Max_N","relational","Post","post","no","none"
"sorting/SPARK4/Ada-SPARK-Quicksort","quicksort.adb","180","Same_Occ","quicksort.adb:22","conjunct","A'First = B'First","relational","Post","post","no","none"
"sorting/SPARK4/Ada-SPARK-Quicksort","quicksort.adb","202","In_Bounds","quicksort.ads:48","conjunct","A'Length <= Max_N","relational","Pre","pre","yes","none"
"sorting/SPARK4/Ada-SPARK-Quicksort","quicksort.adb","228","In_Bounds","quicksort.ads:48","conjunct","A'Length <= Max_N","relational","Pre","pre","yes","none"
"sorting/SPARK4/Ada-SPARK-Quicksort","quicksort.adb","235","In_Bounds","quicksort.ads:48","conjunct","A'Length <= Max_N","relational","Post","post","no","none"
"sorting/SPARK4/Ada-SPARK-Quicksort","quicksort.adb","242","Same_Occ","quicksort.adb:22","conjunct","A'First = B'First","relational","Post","post","no","none"
"sorting/SPARK4/Ada-SPARK-Quicksort","quicksort.adb","283","In_Bounds","quicksort.ads:48","conjunct","A'Length <= Max_N","relational","Pre","pre","yes","none"
"sorting/SPARK4/Ada-SPARK-Quicksort","quicksort.adb","290","In_Bounds","quicksort.ads:48","conjunct","A'Length <= Max_N","relational","Post","post","no","none"
"sorting/SPARK4/Ada-SPARK-Quicksort","quicksort.adb","300","Same_Occ","quicksort.adb:22","conjunct","A'First = B'First","relational","Post","post","no","none"
"sorting/SPARK4/Ada-SPARK-Quicksort","quicksort.adb","372","In_Bounds","quicksort.ads:48","conjunct","A'Length <= Max_N","relational","Pre","pre","yes","none"
"sorting/SPARK4/Ada-SPARK-Quicksort","quicksort.adb","378","In_Bounds","quicksort.ads:48","conjunct","A'Length <= Max_N","relational","Post","post","no","none"
"sorting/SPARK4/Ada-SPARK-Quicksort","quicksort.adb","386","Same_Occ","quicksort.adb:22","conjunct","A'First = B'First","relational","Post","post","no","none"
"sorting/SPARK4/Ada-SPARK-Quicksort","quicksort.ads","61","In_Bounds","quicksort.ads:48","conjunct","A'Length <= Max_N","relational","Pre","pre","yes","none"
"sorting/SPARK4/Ada-SPARK-Quicksort","quicksort.ads","87","In_Bounds","quicksort.ads:48","conjunct","A'Length <= Max_N","relational","Pre","pre","yes","none"
"sorting/SPARK4/Ada-SPARK-Quicksort","quicksort.ads","105","In_Bounds","quicksort.ads:48","conjunct","A'Length <= Max_N","relational","Pre","pre","yes","none"
"sorting/SPARK4/Ada-SPARK-Quicksort","quicksort.ads","117","In_Bounds","quicksort.ads:48","conjunct","A'Length <= Max_N","relational","Pre","pre","yes","none"
"sorting/SPARK4/Ada-SPARK-Quicksort","quicksort.ads","118","In_Bounds","quicksort.ads:48","conjunct","A'Length <= Max_N","relational","Post","post","no","none"
"sorting/SPARK4/Ada-SPARK-Quicksort","quicksort.ads","118","Is_Perm","quicksort.ads:96","conjunct","A'First = B'First","relational","Post","post","no","none"
"sorting/SPARK4/Ada-SPARK-Radix-Sort","radix_sort.adb","22","In_Bounds","radix_sort.ads:42","conjunct","A'Length <= Max_N","relational","Pre","pre","yes","none"
"sorting/SPARK4/Ada-SPARK-Radix-Sort","radix_sort.adb","31","In_Bounds","radix_sort.ads:42","conjunct","A'Length <= Max_N","relational","Pre","pre","yes","none"
"sorting/SPARK4/Ada-SPARK-Radix-Sort","radix_sort.adb","37","In_Bounds","radix_sort.ads:42","conjunct","A'Length <= Max_N","relational","Pre","pre","yes","none"
"sorting/SPARK4/Ada-SPARK-Radix-Sort","radix_sort.adb","49","In_Bounds","radix_sort.ads:42","conjunct","A'Length <= Max_N","relational","Pre","pre","yes","none"
"sorting/SPARK4/Ada-SPARK-Radix-Sort","radix_sort.adb","61","In_Bounds","radix_sort.ads:42","conjunct","A'Length <= Max_N","relational","Pre","pre","yes","none"
"sorting/SPARK4/Ada-SPARK-Radix-Sort","radix_sort.adb","73","In_Bounds","radix_sort.ads:42","conjunct","A'Length <= Max_N","relational","Pre","pre","yes","none"
"sorting/SPARK4/Ada-SPARK-Radix-Sort","radix_sort.adb","86","In_Bounds","radix_sort.ads:42","conjunct","A'Length <= Max_N","relational","Pre","pre","yes","none"
"sorting/SPARK4/Ada-SPARK-Radix-Sort","radix_sort.ads","53","In_Bounds","radix_sort.ads:42","conjunct","A'Length <= Max_N","relational","Pre","pre","yes","none"
"sorting/SPARK4/Ada-SPARK-Radix-Sort","radix_sort.ads","58","In_Bounds","radix_sort.ads:42","conjunct","A'Length <= Max_N","relational","Pre","pre","yes","none"
"sorting/SPARK4/Ada-SPARK-Radix-Sort","radix_sort.ads","79","In_Bounds","radix_sort.ads:42","conjunct","A'Length <= Max_N","relational","Pre","pre","yes","none"
"sorting/SPARK4/Ada-SPARK-Radix-Sort","radix_sort.ads","89","In_Bounds","radix_sort.ads:42","conjunct","A'Length <= Max_N","relational","Pre","pre","yes","none"
"sorting/SPARK4/Ada-SPARK-Radix-Sort","radix_sort.ads","104","In_Bounds","radix_sort.ads:42","conjunct","A'Length <= Max_N","relational","Pre","pre","yes","none"
"sorting/SPARK4/Ada-SPARK-Radix-Sort","radix_sort.ads","106","In_Bounds","radix_sort.ads:42","conjunct","A'Length <= Max_N","relational","Post","post","no","none"
"sorting/SPARK4/Ada-SPARK-Radix-Sort","radix_sort.ads","106","Is_Perm","radix_sort.ads:70","conjunct","A'First = B'First","relational","Post","post","no","none"
"sorting/SPARK4/Ada-SPARK-Samplesort","samplesort.adb","45","In_Bounds","samplesort.ads:51","conjunct","A'Length <= Max_N","relational","Pre","pre","yes","none"
"sorting/SPARK4/Ada-SPARK-Samplesort","samplesort.adb","68","In_Bounds","samplesort.ads:51","conjunct","A'Length <= Max_N","relational","Pre","pre","yes","none"
"sorting/SPARK4/Ada-SPARK-Samplesort","samplesort.adb","68","Same_Occ","samplesort.adb:35","conjunct","A'First = B'First","relational","Pre","pre","yes","none"
"sorting/SPARK4/Ada-SPARK-Samplesort","samplesort.adb","69","Is_Perm","samplesort.ads:108","conjunct","A'First = B'First","relational","Post","post","no","none"
"sorting/SPARK4/Ada-SPARK-Samplesort","samplesort.adb","75","In_Bounds","samplesort.ads:51","conjunct","A'Length <= Max_N","relational","Pre","pre","yes","none"
"sorting/SPARK4/Ada-SPARK-Samplesort","samplesort.adb","76","Same_Occ","samplesort.adb:35","conjunct","A'First = B'First","relational","Pre","pre","yes","none"
"sorting/SPARK4/Ada-SPARK-Samplesort","samplesort.adb","77","Same_Occ","samplesort.adb:35","conjunct","A'First = B'First","relational","Post","post","no","none"
"sorting/SPARK4/Ada-SPARK-Samplesort","samplesort.adb","85","In_Bounds","samplesort.ads:51","conjunct","A'Length <= Max_N","relational","Pre","pre","yes","none"
"sorting/SPARK4/Ada-SPARK-Samplesort","samplesort.adb","103","In_Bounds","samplesort.ads:51","conjunct","A'Length <= Max_N","relational","Pre","pre","yes","none"
"sorting/SPARK4/Ada-SPARK-Samplesort","samplesort.adb","109","Same_Occ","samplesort.adb:35","conjunct","A'First = B'First","relational","Post","post","no","none"
"sorting/SPARK4/Ada-SPARK-Samplesort","samplesort.adb","162","In_Bounds","samplesort.ads:51","conjunct","A'Length <= Max_N","relational","Pre","pre","yes","none"
"sorting/SPARK4/Ada-SPARK-Samplesort","samplesort.adb","175","In_Bounds","samplesort.ads:51","conjunct","A'Length <= Max_N","relational","Pre","pre","yes","none"
"sorting/SPARK4/Ada-SPARK-Samplesort","samplesort.adb","183","In_Bounds","samplesort.ads:51","conjunct","A'Length <= Max_N","relational","Pre","pre","yes","none"
"sorting/SPARK4/Ada-SPARK-Samplesort","samplesort.adb","187","In_Bounds","samplesort.ads:51","conjunct","A'Length <= Max_N","relational","Post","post","no","none"
"sorting/SPARK4/Ada-SPARK-Samplesort","samplesort.adb","193","Same_Occ","samplesort.adb:35","conjunct","A'First = B'First","relational","Post","post","no","none"
"sorting/SPARK4/Ada-SPARK-Samplesort","samplesort.adb","216","In_Bounds","samplesort.ads:51","conjunct","A'Length <= Max_N","relational","Pre","pre","yes","none"
"sorting/SPARK4/Ada-SPARK-Samplesort","samplesort.adb","222","In_Bounds","samplesort.ads:51","conjunct","A'Length <= Max_N","relational","Post","post","no","none"
"sorting/SPARK4/Ada-SPARK-Samplesort","samplesort.adb","228","Same_Occ","samplesort.adb:35","conjunct","A'First = B'First","relational","Post","post","no","none"
"sorting/SPARK4/Ada-SPARK-Samplesort","samplesort.adb","279","In_Bounds","samplesort.ads:51","conjunct","A'Length <= Max_N","relational","Pre","pre","yes","none"
"sorting/SPARK4/Ada-SPARK-Samplesort","samplesort.adb","284","In_Bounds","samplesort.ads:51","conjunct","A'Length <= Max_N","relational","Post","post","no","none"
"sorting/SPARK4/Ada-SPARK-Samplesort","samplesort.adb","290","Same_Occ","samplesort.adb:35","conjunct","A'First = B'First","relational","Post","post","no","none"
"sorting/SPARK4/Ada-SPARK-Samplesort","samplesort.adb","321","In_Bounds","samplesort.ads:51","conjunct","A'Length <= Max_N","relational","Pre","pre","yes","none"
"sorting/SPARK4/Ada-SPARK-Samplesort","samplesort.adb","325","In_Bounds","samplesort.ads:51","conjunct","A'Length <= Max_N","relational","Post","post","no","none"
"sorting/SPARK4/Ada-SPARK-Samplesort","samplesort.adb","331","Same_Occ","samplesort.adb:35","conjunct","A'First = B'First","relational","Post","post","no","none"
"sorting/SPARK4/Ada-SPARK-Samplesort","samplesort.adb","363","In_Bounds","samplesort.ads:51","conjunct","A'Length <= Max_N","relational","Pre","pre","yes","none"
"sorting/SPARK4/Ada-SPARK-Samplesort","samplesort.adb","388","In_Bounds","samplesort.ads:51","conjunct","A'Length <= Max_N","relational","Pre","pre","yes","none"
"sorting/SPARK4/Ada-SPARK-Samplesort","samplesort.ads","60","In_Bounds","samplesort.ads:51","conjunct","A'Length <= Max_N","relational","Pre","pre","yes","none"
"sorting/SPARK4/Ada-SPARK-Samplesort","samplesort.ads","119","In_Bounds","samplesort.ads:51","conjunct","A'Length <= Max_N","relational","Pre","pre","yes","none"
"sorting/SPARK4/Ada-SPARK-Samplesort","samplesort.ads","127","In_Bounds","samplesort.ads:51","conjunct","A'Length <= Max_N","relational","Pre","pre","yes","none"
"sorting/SPARK4/Ada-SPARK-Samplesort","samplesort.ads","128","In_Bounds","samplesort.ads:51","conjunct","A'Length <= Max_N","relational","Post","post","no","none"
"sorting/SPARK4/Ada-SPARK-Samplesort","samplesort.ads","128","Is_Perm","samplesort.ads:108","conjunct","A'First = B'First","relational","Post","post","no","none"
"sorting/SPARK4/Ada-SPARK-Selection-Sort","selection_sort.adb","29","In_Bounds","selection_sort.ads:45","conjunct","A'Length <= Max_N","relational","Pre","pre","yes","none"
"sorting/SPARK4/Ada-SPARK-Selection-Sort","selection_sort.adb","41","In_Bounds","selection_sort.ads:45","conjunct","A'Length <= Max_N","relational","Pre","pre","yes","none"
"sorting/SPARK4/Ada-SPARK-Selection-Sort","selection_sort.adb","55","In_Bounds","selection_sort.ads:45","conjunct","A'Length <= Max_N","relational","Pre","pre","yes","none"
"sorting/SPARK4/Ada-SPARK-Selection-Sort","selection_sort.adb","72","In_Bounds","selection_sort.ads:45","conjunct","A'Length <= Max_N","relational","Pre","pre","yes","none"
"sorting/SPARK4/Ada-SPARK-Selection-Sort","selection_sort.adb","78","Same_Occ","selection_sort.adb:20","conjunct","A'First = B'First","relational","Post","post","no","none"
"sorting/SPARK4/Ada-SPARK-Selection-Sort","selection_sort.adb","84","In_Bounds","selection_sort.ads:45","conjunct","A'Length <= Max_N","relational","Pre","pre","yes","none"
"sorting/SPARK4/Ada-SPARK-Selection-Sort","selection_sort.adb","84","Same_Occ","selection_sort.adb:20","conjunct","A'First = B'First","relational","Pre","pre","yes","none"
"sorting/SPARK4/Ada-SPARK-Selection-Sort","selection_sort.adb","85","Is_Perm","selection_sort.ads:98","conjunct","A'First = B'First","relational","Post","post","no","none"
"sorting/SPARK4/Ada-SPARK-Selection-Sort","selection_sort.adb","136","In_Bounds","selection_sort.ads:45","conjunct","A'Length <= Max_N","relational","Pre","pre","yes","none"
"sorting/SPARK4/Ada-SPARK-Selection-Sort","selection_sort.adb","150","In_Bounds","selection_sort.ads:45","conjunct","A'Length <= Max_N","relational","Pre","pre","yes","none"
"sorting/SPARK4/Ada-SPARK-Selection-Sort","selection_sort.adb","168","In_Bounds","selection_sort.ads:45","conjunct","A'Length <= Max_N","relational","Pre","pre","yes","none"
"sorting/SPARK4/Ada-SPARK-Selection-Sort","selection_sort.adb","188","In_Bounds","selection_sort.ads:45","conjunct","A'Length <= Max_N","relational","Pre","pre","yes","none"
"sorting/SPARK4/Ada-SPARK-Selection-Sort","selection_sort.adb","198","In_Bounds","selection_sort.ads:45","conjunct","A'Length <= Max_N","relational","Pre","pre","yes","none"
"sorting/SPARK4/Ada-SPARK-Selection-Sort","selection_sort.adb","202","In_Bounds","selection_sort.ads:45","conjunct","A'Length <= Max_N","relational","Post","post","no","none"
"sorting/SPARK4/Ada-SPARK-Selection-Sort","selection_sort.adb","208","Same_Occ","selection_sort.adb:20","conjunct","A'First = B'First","relational","Post","post","no","none"
"sorting/SPARK4/Ada-SPARK-Selection-Sort","selection_sort.adb","227","In_Bounds","selection_sort.ads:45","conjunct","A'Length <= Max_N","relational","Pre","pre","yes","none"
"sorting/SPARK4/Ada-SPARK-Selection-Sort","selection_sort.adb","233","In_Bounds","selection_sort.ads:45","conjunct","A'Length <= Max_N","relational","Post","post","no","none"
"sorting/SPARK4/Ada-SPARK-Selection-Sort","selection_sort.adb","236","Same_Occ","selection_sort.adb:20","conjunct","A'First = B'First","relational","Post","post","no","none"
"sorting/SPARK4/Ada-SPARK-Selection-Sort","selection_sort.adb","276","In_Bounds","selection_sort.ads:45","conjunct","A'Length <= Max_N","relational","Pre","pre","yes","none"
"sorting/SPARK4/Ada-SPARK-Selection-Sort","selection_sort.adb","282","In_Bounds","selection_sort.ads:45","conjunct","A'Length <= Max_N","relational","Post","post","no","none"
"sorting/SPARK4/Ada-SPARK-Selection-Sort","selection_sort.adb","285","Same_Occ","selection_sort.adb:20","conjunct","A'First = B'First","relational","Post","post","no","none"
"sorting/SPARK4/Ada-SPARK-Selection-Sort","selection_sort.ads","58","In_Bounds","selection_sort.ads:45","conjunct","A'Length <= Max_N","relational","Pre","pre","yes","none"
"sorting/SPARK4/Ada-SPARK-Selection-Sort","selection_sort.ads","67","In_Bounds","selection_sort.ads:45","conjunct","A'Length <= Max_N","relational","Pre","pre","yes","none"
"sorting/SPARK4/Ada-SPARK-Selection-Sort","selection_sort.ads","89","In_Bounds","selection_sort.ads:45","conjunct","A'Length <= Max_N","relational","Pre","pre","yes","none"
"sorting/SPARK4/Ada-SPARK-Selection-Sort","selection_sort.ads","107","In_Bounds","selection_sort.ads:45","conjunct","A'Length <= Max_N","relational","Pre","pre","yes","none"
"sorting/SPARK4/Ada-SPARK-Selection-Sort","selection_sort.ads","119","In_Bounds","selection_sort.ads:45","conjunct","A'Length <= Max_N","relational","Pre","pre","yes","none"
"sorting/SPARK4/Ada-SPARK-Selection-Sort","selection_sort.ads","120","In_Bounds","selection_sort.ads:45","conjunct","A'Length <= Max_N","relational","Post","post","no","none"
"sorting/SPARK4/Ada-SPARK-Selection-Sort","selection_sort.ads","120","Is_Perm","selection_sort.ads:98","conjunct","A'First = B'First","relational","Post","post","no","none"
"sorting/SPARK4/Ada-SPARK-Selection-Sort","selection_sort.ads","129","In_Bounds","selection_sort.ads:45","conjunct","A'Length <= Max_N","relational","Pre","pre","yes","none"
"sorting/SPARK4/Ada-SPARK-Selection-Sort","selection_sort.ads","130","In_Bounds","selection_sort.ads:45","conjunct","A'Length <= Max_N","relational","Post","post","no","none"
"sorting/SPARK4/Ada-SPARK-Selection-Sort","selection_sort.ads","130","Is_Perm","selection_sort.ads:98","conjunct","A'First = B'First","relational","Post","post","no","none"
"sorting/SPARK4/Ada-SPARK-Shell-Sort","shell_sort.adb","29","In_Bounds","shell_sort.ads:47","conjunct","A'Length <= Max_N","relational","Pre","pre","yes","none"
"sorting/SPARK4/Ada-SPARK-Shell-Sort","shell_sort.adb","41","In_Bounds","shell_sort.ads:47","conjunct","A'Length <= Max_N","relational","Pre","pre","yes","none"
"sorting/SPARK4/Ada-SPARK-Shell-Sort","shell_sort.adb","55","In_Bounds","shell_sort.ads:47","conjunct","A'Length <= Max_N","relational","Pre","pre","yes","none"
"sorting/SPARK4/Ada-SPARK-Shell-Sort","shell_sort.adb","72","In_Bounds","shell_sort.ads:47","conjunct","A'Length <= Max_N","relational","Pre","pre","yes","none"
"sorting/SPARK4/Ada-SPARK-Shell-Sort","shell_sort.adb","78","Same_Occ","shell_sort.adb:20","conjunct","A'First = B'First","relational","Post","post","no","none"
"sorting/SPARK4/Ada-SPARK-Shell-Sort","shell_sort.adb","84","In_Bounds","shell_sort.ads:47","conjunct","A'Length <= Max_N","relational","Pre","pre","yes","none"
"sorting/SPARK4/Ada-SPARK-Shell-Sort","shell_sort.adb","85","Same_Occ","shell_sort.adb:20","conjunct","A'First = B'First","relational","Pre","pre","yes","none"
"sorting/SPARK4/Ada-SPARK-Shell-Sort","shell_sort.adb","86","Same_Occ","shell_sort.adb:20","conjunct","A'First = B'First","relational","Post","post","no","none"
"sorting/SPARK4/Ada-SPARK-Shell-Sort","shell_sort.adb","91","In_Bounds","shell_sort.ads:47","conjunct","A'Length <= Max_N","relational","Pre","pre","yes","none"
"sorting/SPARK4/Ada-SPARK-Shell-Sort","shell_sort.adb","91","Same_Occ","shell_sort.adb:20","conjunct","A'First = B'First","relational","Pre","pre","yes","none"
"sorting/SPARK4/Ada-SPARK-Shell-Sort","shell_sort.adb","92","Is_Perm","shell_sort.ads:95","conjunct","A'First = B'First","relational","Post","post","no","none"
"sorting/SPARK4/Ada-SPARK-Shell-Sort","shell_sort.adb","150","In_Bounds","shell_sort.ads:47","conjunct","A'Length <= Max_N","relational","Pre","pre","yes","none"
"sorting/SPARK4/Ada-SPARK-Shell-Sort","shell_sort.adb","160","In_Bounds","shell_sort.ads:47","conjunct","A'Length <= Max_N","relational","Pre","pre","yes","none"
"sorting/SPARK4/Ada-SPARK-Shell-Sort","shell_sort.adb","164","In_Bounds","shell_sort.ads:47","conjunct","A'Length <= Max_N","relational","Post","post","no","none"
"sorting/SPARK4/Ada-SPARK-Shell-Sort","shell_sort.adb","167","Same_Occ","shell_sort.adb:20","conjunct","A'First = B'First","relational","Post","post","no","none"
"sorting/SPARK4/Ada-SPARK-Shell-Sort","shell_sort.adb","225","In_Bounds","shell_sort.ads:47","conjunct","A'Length <= Max_N","relational","Pre","pre","yes","none"
"sorting/SPARK4/Ada-SPARK-Shell-Sort","shell_sort.adb","226","In_Bounds","shell_sort.ads:47","conjunct","A'Length <= Max_N","relational","Post","post","no","none"
"sorting/SPARK4/Ada-SPARK-Shell-Sort","shell_sort.adb","227","Same_Occ","shell_sort.adb:20","conjunct","A'First = B'First","relational","Post","post","no","none"
"sorting/SPARK4/Ada-SPARK-Shell-Sort","shell_sort.adb","251","In_Bounds","shell_sort.ads:47","conjunct","A'Length <= Max_N","relational","Pre","pre","yes","none"
"sorting/SPARK4/Ada-SPARK-Shell-Sort","shell_sort.adb","254","In_Bounds","shell_sort.ads:47","conjunct","A'Length <= Max_N","relational","Post","post","no","none"
"sorting/SPARK4/Ada-SPARK-Shell-Sort","shell_sort.adb","255","Same_Occ","shell_sort.adb:20","conjunct","A'First = B'First","relational","Post","post","no","none"
"sorting/SPARK4/Ada-SPARK-Shell-Sort","shell_sort.ads","60","In_Bounds","shell_sort.ads:47","conjunct","A'Length <= Max_N","relational","Pre","pre","yes","none"
"sorting/SPARK4/Ada-SPARK-Shell-Sort","shell_sort.ads","86","In_Bounds","shell_sort.ads:47","conjunct","A'Length <= Max_N","relational","Pre","pre","yes","none"
"sorting/SPARK4/Ada-SPARK-Shell-Sort","shell_sort.ads","104","In_Bounds","shell_sort.ads:47","conjunct","A'Length <= Max_N","relational","Pre","pre","yes","none"
"sorting/SPARK4/Ada-SPARK-Shell-Sort","shell_sort.ads","116","In_Bounds","shell_sort.ads:47","conjunct","A'Length <= Max_N","relational","Pre","pre","yes","none"
"sorting/SPARK4/Ada-SPARK-Shell-Sort","shell_sort.ads","117","In_Bounds","shell_sort.ads:47","conjunct","A'Length <= Max_N","relational","Post","post","no","none"
"sorting/SPARK4/Ada-SPARK-Shell-Sort","shell_sort.ads","117","Is_Perm","shell_sort.ads:95","conjunct","A'First = B'First","relational","Post","post","no","none"
"sorting/SPARK4/Ada-SPARK-Slowsort","slowsort.adb","37","In_Bounds","slowsort.ads:50","conjunct","A'Length <= Max_N","relational","Pre","pre","yes","none"
"sorting/SPARK4/Ada-SPARK-Slowsort","slowsort.adb","49","In_Bounds","slowsort.ads:50","conjunct","A'Length <= Max_N","relational","Pre","pre","yes","none"
"sorting/SPARK4/Ada-SPARK-Slowsort","slowsort.adb","63","In_Bounds","slowsort.ads:50","conjunct","A'Length <= Max_N","relational","Pre","pre","yes","none"
"sorting/SPARK4/Ada-SPARK-Slowsort","slowsort.adb","80","In_Bounds","slowsort.ads:50","conjunct","A'Length <= Max_N","relational","Pre","pre","yes","none"
"sorting/SPARK4/Ada-SPARK-Slowsort","slowsort.adb","86","Same_Occ","slowsort.adb:28","conjunct","A'First = B'First","relational","Post","post","no","none"
"sorting/SPARK4/Ada-SPARK-Slowsort","slowsort.adb","91","In_Bounds","slowsort.ads:50","conjunct","A'Length <= Max_N","relational","Pre","pre","yes","none"
"sorting/SPARK4/Ada-SPARK-Slowsort","slowsort.adb","91","Same_Occ","slowsort.adb:28","conjunct","A'First = B'First","relational","Pre","pre","yes","none"
"sorting/SPARK4/Ada-SPARK-Slowsort","slowsort.adb","92","Is_Perm","slowsort.ads:83","conjunct","A'First = B'First","relational","Post","post","no","none"
"sorting/SPARK4/Ada-SPARK-Slowsort","slowsort.adb","143","In_Bounds","slowsort.ads:50","conjunct","A'Length <= Max_N","relational","Pre","pre","yes","none"
"sorting/SPARK4/Ada-SPARK-Slowsort","slowsort.adb","156","In_Bounds","slowsort.ads:50","conjunct","A'Length <= Max_N","relational","Pre","pre","yes","none"
"sorting/SPARK4/Ada-SPARK-Slowsort","slowsort.adb","169","In_Bounds","slowsort.ads:50","conjunct","A'Length <= Max_N","relational","Pre","pre","yes","none"
"sorting/SPARK4/Ada-SPARK-Slowsort","slowsort.adb","180","In_Bounds","slowsort.ads:50","conjunct","A'Length <= Max_N","relational","Pre","pre","yes","none"
"sorting/SPARK4/Ada-SPARK-Slowsort","slowsort.adb","198","In_Bounds","slowsort.ads:50","conjunct","A'Length <= Max_N","relational","Pre","pre","yes","none"
"sorting/SPARK4/Ada-SPARK-Slowsort","slowsort.adb","214","In_Bounds","slowsort.ads:50","conjunct","A'Length <= Max_N","relational","Pre","pre","yes","none"
"sorting/SPARK4/Ada-SPARK-Slowsort","slowsort.adb","218","In_Bounds","slowsort.ads:50","conjunct","A'Length <= Max_N","relational","Post","post","no","none"
"sorting/SPARK4/Ada-SPARK-Slowsort","slowsort.adb","244","In_Bounds","slowsort.ads:50","conjunct","A'Length <= Max_N","relational","Pre","pre","yes","none"
"sorting/SPARK4/Ada-SPARK-Slowsort","slowsort.adb","248","In_Bounds","slowsort.ads:50","conjunct","A'Length <= Max_N","relational","Post","post","no","none"
"sorting/SPARK4/Ada-SPARK-Slowsort","slowsort.adb","255","Same_Occ","slowsort.adb:28","conjunct","A'First = B'First","relational","Post","post","no","none"
"sorting/SPARK4/Ada-SPARK-Slowsort","slowsort.ads","63","In_Bounds","slowsort.ads:50","conjunct","A'Length <= Max_N","relational","Pre","pre","yes","none"
"sorting/SPARK4/Ada-SPARK-Slowsort","slowsort.ads","74","In_Bounds","slowsort.ads:50","conjunct","A'Length <= Max_N","relational","Pre","pre","yes","none"
"sorting/SPARK4/Ada-SPARK-Slowsort","slowsort.ads","92","In_Bounds","slowsort.ads:50","conjunct","A'Length <= Max_N","relational","Pre","pre","yes","none"
"sorting/SPARK4/Ada-SPARK-Slowsort","slowsort.ads","121","In_Bounds","slowsort.ads:50","conjunct","A'Length <= Max_N","relational","Pre","pre","yes","none"
"sorting/SPARK4/Ada-SPARK-Slowsort","slowsort.ads","122","In_Bounds","slowsort.ads:50","conjunct","A'Length <= Max_N","relational","Post","post","no","none"
"sorting/SPARK4/Ada-SPARK-Slowsort","slowsort.ads","122","Is_Perm","slowsort.ads:83","conjunct","A'First = B'First","relational","Post","post","no","none"
"sorting/SPARK4/Ada-SPARK-Smoothsort","smoothsort.adb","32","In_Bounds","smoothsort.ads:55","conjunct","A'Length <= Max_N","relational","Pre","pre","yes","none"
"sorting/SPARK4/Ada-SPARK-Smoothsort","smoothsort.adb","44","In_Bounds","smoothsort.ads:55","conjunct","A'Length <= Max_N","relational","Pre","pre","yes","none"
"sorting/SPARK4/Ada-SPARK-Smoothsort","smoothsort.adb","58","In_Bounds","smoothsort.ads:55","conjunct","A'Length <= Max_N","relational","Pre","pre","yes","none"
"sorting/SPARK4/Ada-SPARK-Smoothsort","smoothsort.adb","75","In_Bounds","smoothsort.ads:55","conjunct","A'Length <= Max_N","relational","Pre","pre","yes","none"
"sorting/SPARK4/Ada-SPARK-Smoothsort","smoothsort.adb","81","Same_Occ","smoothsort.adb:23","conjunct","A'First = B'First","relational","Post","post","no","none"
"sorting/SPARK4/Ada-SPARK-Smoothsort","smoothsort.adb","86","In_Bounds","smoothsort.ads:55","conjunct","A'Length <= Max_N","relational","Pre","pre","yes","none"
"sorting/SPARK4/Ada-SPARK-Smoothsort","smoothsort.adb","86","Same_Occ","smoothsort.adb:23","conjunct","A'First = B'First","relational","Pre","pre","yes","none"
"sorting/SPARK4/Ada-SPARK-Smoothsort","smoothsort.adb","87","Is_Perm","smoothsort.ads:110","conjunct","A'First = B'First","relational","Post","post","no","none"
"sorting/SPARK4/Ada-SPARK-Smoothsort","smoothsort.adb","192","In_Bounds","smoothsort.ads:55","conjunct","A'Length <= Max_N","relational","Pre","pre","yes","none"
"sorting/SPARK4/Ada-SPARK-Smoothsort","smoothsort.adb","208","In_Bounds","smoothsort.ads:55","conjunct","A'Length <= Max_N","relational","Pre","pre","yes","none"
"sorting/SPARK4/Ada-SPARK-Smoothsort","smoothsort.adb","280","In_Bounds","smoothsort.ads:55","conjunct","A'Length <= Max_N","relational","Pre","pre","yes","none"
"sorting/SPARK4/Ada-SPARK-Smoothsort","smoothsort.adb","284","In_Bounds","smoothsort.ads:55","conjunct","A'Length <= Max_N","relational","Post","post","no","none"
"sorting/SPARK4/Ada-SPARK-Smoothsort","smoothsort.adb","290","Same_Occ","smoothsort.adb:23","conjunct","A'First = B'First","relational","Post","post","no","none"
"sorting/SPARK4/Ada-SPARK-Smoothsort","smoothsort.adb","312","In_Bounds","smoothsort.ads:55","conjunct","A'Length <= Max_N","relational","Pre","pre","yes","none"
"sorting/SPARK4/Ada-SPARK-Smoothsort","smoothsort.adb","316","In_Bounds","smoothsort.ads:55","conjunct","A'Length <= Max_N","relational","Post","post","no","none"
"sorting/SPARK4/Ada-SPARK-Smoothsort","smoothsort.adb","316","Same_Occ","smoothsort.adb:23","conjunct","A'First = B'First","relational","Post","post","no","none"
"sorting/SPARK4/Ada-SPARK-Smoothsort","smoothsort.adb","377","In_Bounds","smoothsort.ads:55","conjunct","A'Length <= Max_N","relational","Pre","pre","yes","none"
"sorting/SPARK4/Ada-SPARK-Smoothsort","smoothsort.adb","378","In_Bounds","smoothsort.ads:55","conjunct","A'Length <= Max_N","relational","Post","post","no","none"
"sorting/SPARK4/Ada-SPARK-Smoothsort","smoothsort.adb","379","Same_Occ","smoothsort.adb:23","conjunct","A'First = B'First","relational","Post","post","no","none"
"sorting/SPARK4/Ada-SPARK-Smoothsort","smoothsort.adb","407","In_Bounds","smoothsort.ads:55","conjunct","A'Length <= Max_N","relational","Pre","pre","yes","none"
"sorting/SPARK4/Ada-SPARK-Smoothsort","smoothsort.ads","68","In_Bounds","smoothsort.ads:55","conjunct","A'Length <= Max_N","relational","Pre","pre","yes","none"
"sorting/SPARK4/Ada-SPARK-Smoothsort","smoothsort.ads","101","In_Bounds","smoothsort.ads:55","conjunct","A'Length <= Max_N","relational","Pre","pre","yes","none"
"sorting/SPARK4/Ada-SPARK-Smoothsort","smoothsort.ads","119","In_Bounds","smoothsort.ads:55","conjunct","A'Length <= Max_N","relational","Pre","pre","yes","none"
"sorting/SPARK4/Ada-SPARK-Smoothsort","smoothsort.ads","131","In_Bounds","smoothsort.ads:55","conjunct","A'Length <= Max_N","relational","Pre","pre","yes","none"
"sorting/SPARK4/Ada-SPARK-Smoothsort","smoothsort.ads","132","In_Bounds","smoothsort.ads:55","conjunct","A'Length <= Max_N","relational","Post","post","no","none"
"sorting/SPARK4/Ada-SPARK-Smoothsort","smoothsort.ads","132","Is_Perm","smoothsort.ads:110","conjunct","A'First = B'First","relational","Post","post","no","none"
"sorting/SPARK4/Ada-SPARK-Sort-Merge-Join","sort_merge_join.ads","73","In_Bounds_Rel","sort_merge_join.ads:59","conjunct","R'Length <= Max_N","relational","Pre","pre","yes","none"
"sorting/SPARK4/Ada-SPARK-Sort-Merge-Join","sort_merge_join.ads","81","In_Bounds_Rel","sort_merge_join.ads:59","conjunct","R'Length <= Max_N","relational","Pre","pre","yes","none"
"sorting/SPARK4/Ada-SPARK-Sort-Merge-Join","sort_merge_join.ads","106","In_Bounds_Rel","sort_merge_join.ads:59","conjunct","R'Length <= Max_N","relational","Pre","pre","yes","none"
"sorting/SPARK4/Ada-SPARK-Sort-Merge-Join","sort_merge_join.ads","139","In_Bounds_Rel","sort_merge_join.ads:59","conjunct","R'Length <= Max_N","relational","Pre","pre","yes","none"
"sorting/SPARK4/Ada-SPARK-Sort-Merge-Join","sort_merge_join.ads","140","In_Bounds_Rel","sort_merge_join.ads:59","conjunct","R'Length <= Max_N","relational","Pre","pre","yes","none"
"sorting/SPARK4/Ada-SPARK-Sort-Merge-Join","sort_merge_join.ads","144","Product_Fits","sort_merge_join.ads:102","conjunct","Left'Length * Right'Length <= Max_Out","relational","Pre","pre","yes","none"
"sorting/SPARK4/Ada-SPARK-Sort-Merge-Join","sort_merge_join.ads","148","Result_Keys_Nondecreasing","sort_merge_join.ads:85","conjunct","Last <= Result'Length","relational","Post","post","no","none"
"sorting/SPARK4/Ada-SPARK-Sort-Merge-Join","sort_merge_join.ads","161","In_Bounds_Rel","sort_merge_join.ads:59","conjunct","R'Length <= Max_N","relational","Pre","pre","yes","none"
"sorting/SPARK4/Ada-SPARK-Sort-Merge-Join","sort_merge_join.ads","162","In_Bounds_Rel","sort_merge_join.ads:59","conjunct","R'Length <= Max_N","relational","Pre","pre","yes","none"
"sorting/SPARK4/Ada-SPARK-Sort-Merge-Join","sort_merge_join.ads","170","Result_Keys_Nondecreasing","sort_merge_join.ads:85","conjunct","Last <= Result'Length","relational","Post","post","no","none"
"sorting/SPARK4/Ada-SPARK-Spaghetti-Sort","spaghetti_sort.adb","26","In_Bounds","spaghetti_sort.ads:60","conjunct","A'Length <= Max_N","relational","Pre","pre","yes","none"
"sorting/SPARK4/Ada-SPARK-Spaghetti-Sort","spaghetti_sort.adb","106","In_Bounds","spaghetti_sort.ads:60","conjunct","A'Length <= Max_N","relational","Pre","pre","yes","none"
"sorting/SPARK4/Ada-SPARK-Spaghetti-Sort","spaghetti_sort.adb","122","In_Bounds","spaghetti_sort.ads:60","conjunct","A'Length <= Max_N","relational","Pre","pre","yes","none"
"sorting/SPARK4/Ada-SPARK-Spaghetti-Sort","spaghetti_sort.adb","125","In_Bounds","spaghetti_sort.ads:60","conjunct","A'Length <= Max_N","relational","Post","post","no","none"
"sorting/SPARK4/Ada-SPARK-Spaghetti-Sort","spaghetti_sort.adb","125","Is_Perm","spaghetti_sort.ads:123","conjunct","A'First = B'First","relational","Post","post","no","none"
"sorting/SPARK4/Ada-SPARK-Spaghetti-Sort","spaghetti_sort.ads","72","In_Bounds","spaghetti_sort.ads:60","conjunct","A'Length <= Max_N","relational","Pre","pre","yes","none"
"sorting/SPARK4/Ada-SPARK-Spaghetti-Sort","spaghetti_sort.ads","80","In_Bounds","spaghetti_sort.ads:60","conjunct","A'Length <= Max_N","relational","Pre","pre","yes","none"
"sorting/SPARK4/Ada-SPARK-Spaghetti-Sort","spaghetti_sort.ads","112","In_Bounds","spaghetti_sort.ads:60","conjunct","A'Length <= Max_N","relational","Pre","pre","yes","none"
"sorting/SPARK4/Ada-SPARK-Spaghetti-Sort","spaghetti_sort.ads","130","In_Bounds","spaghetti_sort.ads:60","conjunct","A'Length <= Max_N","relational","Pre","pre","yes","none"
"sorting/SPARK4/Ada-SPARK-Spaghetti-Sort","spaghetti_sort.ads","135","In_Bounds","spaghetti_sort.ads:60","conjunct","A'Length <= Max_N","relational","Pre","pre","yes","none"
"sorting/SPARK4/Ada-SPARK-Spaghetti-Sort","spaghetti_sort.ads","136","In_Bounds","spaghetti_sort.ads:60","conjunct","A'Length <= Max_N","relational","Post","post","no","none"
"sorting/SPARK4/Ada-SPARK-Spaghetti-Sort","spaghetti_sort.ads","136","Is_Perm","spaghetti_sort.ads:123","conjunct","A'First = B'First","relational","Post","post","no","none"
"sorting/SPARK4/Ada-SPARK-Stooge-Sort","stooge_sort.adb","45","In_Bounds","stooge_sort.ads:52","conjunct","A'Length <= Max_N","relational","Pre","pre","yes","none"
"sorting/SPARK4/Ada-SPARK-Stooge-Sort","stooge_sort.adb","57","In_Bounds","stooge_sort.ads:52","conjunct","A'Length <= Max_N","relational","Pre","pre","yes","none"
"sorting/SPARK4/Ada-SPARK-Stooge-Sort","stooge_sort.adb","71","In_Bounds","stooge_sort.ads:52","conjunct","A'Length <= Max_N","relational","Pre","pre","yes","none"
"sorting/SPARK4/Ada-SPARK-Stooge-Sort","stooge_sort.adb","88","In_Bounds","stooge_sort.ads:52","conjunct","A'Length <= Max_N","relational","Pre","pre","yes","none"
"sorting/SPARK4/Ada-SPARK-Stooge-Sort","stooge_sort.adb","94","Same_Occ","stooge_sort.adb:36","conjunct","A'First = B'First","relational","Post","post","no","none"
"sorting/SPARK4/Ada-SPARK-Stooge-Sort","stooge_sort.adb","99","In_Bounds","stooge_sort.ads:52","conjunct","A'Length <= Max_N","relational","Pre","pre","yes","none"
"sorting/SPARK4/Ada-SPARK-Stooge-Sort","stooge_sort.adb","99","Same_Occ","stooge_sort.adb:36","conjunct","A'First = B'First","relational","Pre","pre","yes","none"
"sorting/SPARK4/Ada-SPARK-Stooge-Sort","stooge_sort.adb","100","Is_Perm","stooge_sort.ads:85","conjunct","A'First = B'First","relational","Post","post","no","none"
"sorting/SPARK4/Ada-SPARK-Stooge-Sort","stooge_sort.adb","154","In_Bounds","stooge_sort.ads:52","conjunct","A'Length <= Max_N","relational","Pre","pre","yes","none"
"sorting/SPARK4/Ada-SPARK-Stooge-Sort","stooge_sort.adb","166","In_Bounds","stooge_sort.ads:52","conjunct","A'Length <= Max_N","relational","Pre","pre","yes","none"
"sorting/SPARK4/Ada-SPARK-Stooge-Sort","stooge_sort.adb","183","In_Bounds","stooge_sort.ads:52","conjunct","A'Length <= Max_N","relational","Pre","pre","yes","none"
"sorting/SPARK4/Ada-SPARK-Stooge-Sort","stooge_sort.adb","196","In_Bounds","stooge_sort.ads:52","conjunct","A'Length <= Max_N","relational","Pre","pre","yes","none"
"sorting/SPARK4/Ada-SPARK-Stooge-Sort","stooge_sort.adb","213","In_Bounds","stooge_sort.ads:52","conjunct","A'Length <= Max_N","relational","Pre","pre","yes","none"
"sorting/SPARK4/Ada-SPARK-Stooge-Sort","stooge_sort.adb","229","In_Bounds","stooge_sort.ads:52","conjunct","A'Length <= Max_N","relational","Pre","pre","yes","none"
"sorting/SPARK4/Ada-SPARK-Stooge-Sort","stooge_sort.adb","249","In_Bounds","stooge_sort.ads:52","conjunct","A'Length <= Max_N","relational","Pre","pre","yes","none"
"sorting/SPARK4/Ada-SPARK-Stooge-Sort","stooge_sort.adb","269","In_Bounds","stooge_sort.ads:52","conjunct","A'Length <= Max_N","relational","Pre","pre","yes","none"
"sorting/SPARK4/Ada-SPARK-Stooge-Sort","stooge_sort.adb","290","In_Bounds","stooge_sort.ads:52","conjunct","A'Length <= Max_N","relational","Pre","pre","yes","none"
"sorting/SPARK4/Ada-SPARK-Stooge-Sort","stooge_sort.adb","309","In_Bounds","stooge_sort.ads:52","conjunct","A'Length <= Max_N","relational","Pre","pre","yes","none"
"sorting/SPARK4/Ada-SPARK-Stooge-Sort","stooge_sort.adb","363","In_Bounds","stooge_sort.ads:52","conjunct","A'Length <= Max_N","relational","Pre","pre","yes","none"
"sorting/SPARK4/Ada-SPARK-Stooge-Sort","stooge_sort.adb","389","In_Bounds","stooge_sort.ads:52","conjunct","A'Length <= Max_N","relational","Pre","pre","yes","none"
"sorting/SPARK4/Ada-SPARK-Stooge-Sort","stooge_sort.adb","417","In_Bounds","stooge_sort.ads:52","conjunct","A'Length <= Max_N","relational","Pre","pre","yes","none"
"sorting/SPARK4/Ada-SPARK-Stooge-Sort","stooge_sort.adb","439","In_Bounds","stooge_sort.ads:52","conjunct","A'Length <= Max_N","relational","Pre","pre","yes","none"
"sorting/SPARK4/Ada-SPARK-Stooge-Sort","stooge_sort.adb","471","In_Bounds","stooge_sort.ads:52","conjunct","A'Length <= Max_N","relational","Pre","pre","yes","none"
"sorting/SPARK4/Ada-SPARK-Stooge-Sort","stooge_sort.adb","497","In_Bounds","stooge_sort.ads:52","conjunct","A'Length <= Max_N","relational","Pre","pre","yes","none"
"sorting/SPARK4/Ada-SPARK-Stooge-Sort","stooge_sort.adb","498","In_Bounds","stooge_sort.ads:52","conjunct","A'Length <= Max_N","relational","Pre","pre","yes","none"
"sorting/SPARK4/Ada-SPARK-Stooge-Sort","stooge_sort.adb","540","In_Bounds","stooge_sort.ads:52","conjunct","A'Length <= Max_N","relational","Pre","pre","yes","none"
"sorting/SPARK4/Ada-SPARK-Stooge-Sort","stooge_sort.adb","541","In_Bounds","stooge_sort.ads:52","conjunct","A'Length <= Max_N","relational","Pre","pre","yes","none"
"sorting/SPARK4/Ada-SPARK-Stooge-Sort","stooge_sort.adb","579","In_Bounds","stooge_sort.ads:52","conjunct","A'Length <= Max_N","relational","Pre","pre","yes","none"
"sorting/SPARK4/Ada-SPARK-Stooge-Sort","stooge_sort.adb","583","In_Bounds","stooge_sort.ads:52","conjunct","A'Length <= Max_N","relational","Post","post","no","none"
"sorting/SPARK4/Ada-SPARK-Stooge-Sort","stooge_sort.adb","609","In_Bounds","stooge_sort.ads:52","conjunct","A'Length <= Max_N","relational","Pre","pre","yes","none"
"sorting/SPARK4/Ada-SPARK-Stooge-Sort","stooge_sort.adb","613","In_Bounds","stooge_sort.ads:52","conjunct","A'Length <= Max_N","relational","Post","post","no","none"
"sorting/SPARK4/Ada-SPARK-Stooge-Sort","stooge_sort.adb","618","Same_Occ","stooge_sort.adb:36","conjunct","A'First = B'First","relational","Post","post","no","none"
"sorting/SPARK4/Ada-SPARK-Stooge-Sort","stooge_sort.ads","65","In_Bounds","stooge_sort.ads:52","conjunct","A'Length <= Max_N","relational","Pre","pre","yes","none"
"sorting/SPARK4/Ada-SPARK-Stooge-Sort","stooge_sort.ads","76","In_Bounds","stooge_sort.ads:52","conjunct","A'Length <= Max_N","relational","Pre","pre","yes","none"
"sorting/SPARK4/Ada-SPARK-Stooge-Sort","stooge_sort.ads","94","In_Bounds","stooge_sort.ads:52","conjunct","A'Length <= Max_N","relational","Pre","pre","yes","none"
"sorting/SPARK4/Ada-SPARK-Stooge-Sort","stooge_sort.ads","124","In_Bounds","stooge_sort.ads:52","conjunct","A'Length <= Max_N","relational","Pre","pre","yes","none"
"sorting/SPARK4/Ada-SPARK-Stooge-Sort","stooge_sort.ads","125","In_Bounds","stooge_sort.ads:52","conjunct","A'Length <= Max_N","relational","Post","post","no","none"
"sorting/SPARK4/Ada-SPARK-Stooge-Sort","stooge_sort.ads","125","Is_Perm","stooge_sort.ads:85","conjunct","A'First = B'First","relational","Post","post","no","none"
"sorting/SPARK4/Ada-SPARK-Strand-Sort","strand_sort.adb","24","In_Bounds","strand_sort.ads:43","conjunct","A'First = 1","origin_pin","Pre","pre","yes","none"
"sorting/SPARK4/Ada-SPARK-Strand-Sort","strand_sort.adb","32","In_Bounds","strand_sort.ads:43","conjunct","A'First = 1","origin_pin","Pre","pre","yes","none"
"sorting/SPARK4/Ada-SPARK-Strand-Sort","strand_sort.adb","33","In_Bounds","strand_sort.ads:43","conjunct","A'First = 1","origin_pin","Post","post","no","none"
"sorting/SPARK4/Ada-SPARK-Strand-Sort","strand_sort.ads","53","In_Bounds","strand_sort.ads:43","conjunct","A'First = 1","origin_pin","Pre","pre","yes","none"
"sorting/SPARK4/Ada-SPARK-Strand-Sort","strand_sort.ads","82","In_Bounds","strand_sort.ads:43","conjunct","A'First = 1","origin_pin","Pre","pre","yes","none"
"sorting/SPARK4/Ada-SPARK-Strand-Sort","strand_sort.ads","83","In_Bounds","strand_sort.ads:43","conjunct","A'First = 1","origin_pin","Post","post","no","none"
"sorting/SPARK4/Ada-SPARK-Timsort","timsort.adb","29","In_Bounds","timsort.ads:48","conjunct","A'First = 1","origin_pin","Pre","pre","yes","1 row(s) in proof_warnings.csv for this file"
"sorting/SPARK4/Ada-SPARK-Timsort","timsort.adb","54","In_Bounds","timsort.ads:48","conjunct","A'First = 1","origin_pin","Pre","pre","yes","1 row(s) in proof_warnings.csv for this file"
"sorting/SPARK4/Ada-SPARK-Timsort","timsort.adb","67","In_Bounds","timsort.ads:48","conjunct","A'First = 1","origin_pin","Pre","pre","yes","1 row(s) in proof_warnings.csv for this file"
"sorting/SPARK4/Ada-SPARK-Timsort","timsort.adb","67","Same_Occ","timsort.adb:21","conjunct","A'First = B'First","relational","Pre","pre","yes","1 row(s) in proof_warnings.csv for this file"
"sorting/SPARK4/Ada-SPARK-Timsort","timsort.adb","68","Is_Perm","timsort.ads:109","conjunct","A'First = B'First","relational","Post","post","no","1 row(s) in proof_warnings.csv for this file"
"sorting/SPARK4/Ada-SPARK-Timsort","timsort.adb","74","In_Bounds","timsort.ads:48","conjunct","A'First = 1","origin_pin","Pre","pre","yes","1 row(s) in proof_warnings.csv for this file"
"sorting/SPARK4/Ada-SPARK-Timsort","timsort.adb","75","Same_Occ","timsort.adb:21","conjunct","A'First = B'First","relational","Pre","pre","yes","1 row(s) in proof_warnings.csv for this file"
"sorting/SPARK4/Ada-SPARK-Timsort","timsort.adb","76","Same_Occ","timsort.adb:21","conjunct","A'First = B'First","relational","Post","post","no","1 row(s) in proof_warnings.csv for this file"
"sorting/SPARK4/Ada-SPARK-Timsort","timsort.adb","84","In_Bounds","timsort.ads:48","conjunct","A'First = 1","origin_pin","Pre","pre","yes","1 row(s) in proof_warnings.csv for this file"
"sorting/SPARK4/Ada-SPARK-Timsort","timsort.adb","102","In_Bounds","timsort.ads:48","conjunct","A'First = 1","origin_pin","Pre","pre","yes","1 row(s) in proof_warnings.csv for this file"
"sorting/SPARK4/Ada-SPARK-Timsort","timsort.adb","108","Same_Occ","timsort.adb:21","conjunct","A'First = B'First","relational","Post","post","no","1 row(s) in proof_warnings.csv for this file"
"sorting/SPARK4/Ada-SPARK-Timsort","timsort.adb","163","In_Bounds","timsort.ads:48","conjunct","A'First = 1","origin_pin","Pre","pre","yes","1 row(s) in proof_warnings.csv for this file"
"sorting/SPARK4/Ada-SPARK-Timsort","timsort.adb","167","In_Bounds","timsort.ads:48","conjunct","A'First = 1","origin_pin","Post","post","no","1 row(s) in proof_warnings.csv for this file"
"sorting/SPARK4/Ada-SPARK-Timsort","timsort.adb","173","Same_Occ","timsort.adb:21","conjunct","A'First = B'First","relational","Post","post","no","1 row(s) in proof_warnings.csv for this file"
"sorting/SPARK4/Ada-SPARK-Timsort","timsort.adb","194","In_Bounds","timsort.ads:48","conjunct","A'First = 1","origin_pin","Pre","pre","yes","1 row(s) in proof_warnings.csv for this file"
"sorting/SPARK4/Ada-SPARK-Timsort","timsort.adb","208","In_Bounds","timsort.ads:48","conjunct","A'First = 1","origin_pin","Pre","pre","yes","1 row(s) in proof_warnings.csv for this file"
"sorting/SPARK4/Ada-SPARK-Timsort","timsort.adb","221","In_Bounds","timsort.ads:48","conjunct","A'First = 1","origin_pin","Pre","pre","yes","1 row(s) in proof_warnings.csv for this file"
"sorting/SPARK4/Ada-SPARK-Timsort","timsort.adb","236","In_Bounds","timsort.ads:48","conjunct","A'First = 1","origin_pin","Pre","pre","yes","1 row(s) in proof_warnings.csv for this file"
"sorting/SPARK4/Ada-SPARK-Timsort","timsort.adb","247","In_Bounds","timsort.ads:48","conjunct","A'First = 1","origin_pin","Pre","pre","yes","1 row(s) in proof_warnings.csv for this file"
"sorting/SPARK4/Ada-SPARK-Timsort","timsort.adb","267","In_Bounds","timsort.ads:48","conjunct","A'First = 1","origin_pin","Pre","pre","yes","1 row(s) in proof_warnings.csv for this file"
"sorting/SPARK4/Ada-SPARK-Timsort","timsort.adb","292","In_Bounds","timsort.ads:48","conjunct","A'First = 1","origin_pin","Pre","pre","yes","1 row(s) in proof_warnings.csv for this file"
"sorting/SPARK4/Ada-SPARK-Timsort","timsort.adb","297","In_Bounds","timsort.ads:48","conjunct","A'First = 1","origin_pin","Post","post","no","1 row(s) in proof_warnings.csv for this file"
"sorting/SPARK4/Ada-SPARK-Timsort","timsort.adb","301","Same_Occ","timsort.adb:21","conjunct","A'First = B'First","relational","Post","post","no","1 row(s) in proof_warnings.csv for this file"
"sorting/SPARK4/Ada-SPARK-Timsort","timsort.adb","350","In_Bounds","timsort.ads:48","conjunct","A'First = 1","origin_pin","Pre","pre","yes","1 row(s) in proof_warnings.csv for this file"
"sorting/SPARK4/Ada-SPARK-Timsort","timsort.adb","356","In_Bounds","timsort.ads:48","conjunct","A'First = 1","origin_pin","Post","post","no","1 row(s) in proof_warnings.csv for this file"
"sorting/SPARK4/Ada-SPARK-Timsort","timsort.adb","360","Same_Occ","timsort.adb:21","conjunct","A'First = B'First","relational","Post","post","no","1 row(s) in proof_warnings.csv for this file"
"sorting/SPARK4/Ada-SPARK-Timsort","timsort.adb","394","In_Bounds","timsort.ads:48","conjunct","A'First = 1","origin_pin","Pre","pre","yes","1 row(s) in proof_warnings.csv for this file"
"sorting/SPARK4/Ada-SPARK-Timsort","timsort.adb","398","In_Bounds","timsort.ads:48","conjunct","A'First = 1","origin_pin","Post","post","no","1 row(s) in proof_warnings.csv for this file"
"sorting/SPARK4/Ada-SPARK-Timsort","timsort.adb","401","Same_Occ","timsort.adb:21","conjunct","A'First = B'First","relational","Post","post","no","1 row(s) in proof_warnings.csv for this file"
"sorting/SPARK4/Ada-SPARK-Timsort","timsort.adb","436","In_Bounds","timsort.ads:48","conjunct","A'First = 1","origin_pin","Pre","pre","yes","1 row(s) in proof_warnings.csv for this file"
"sorting/SPARK4/Ada-SPARK-Timsort","timsort.adb","440","In_Bounds","timsort.ads:48","conjunct","A'First = 1","origin_pin","Post","post","no","1 row(s) in proof_warnings.csv for this file"
"sorting/SPARK4/Ada-SPARK-Timsort","timsort.adb","444","Same_Occ","timsort.adb:21","conjunct","A'First = B'First","relational","Post","post","no","1 row(s) in proof_warnings.csv for this file"
"sorting/SPARK4/Ada-SPARK-Timsort","timsort.adb","508","In_Bounds","timsort.ads:48","conjunct","A'First = 1","origin_pin","Pre","pre","yes","1 row(s) in proof_warnings.csv for this file"
"sorting/SPARK4/Ada-SPARK-Timsort","timsort.adb","511","In_Bounds","timsort.ads:48","conjunct","A'First = 1","origin_pin","Post","post","no","1 row(s) in proof_warnings.csv for this file"
"sorting/SPARK4/Ada-SPARK-Timsort","timsort.adb","515","Same_Occ","timsort.adb:21","conjunct","A'First = B'First","relational","Post","post","no","1 row(s) in proof_warnings.csv for this file"
"sorting/SPARK4/Ada-SPARK-Timsort","timsort.adb","565","In_Bounds","timsort.ads:48","conjunct","A'First = 1","origin_pin","Pre","pre","yes","1 row(s) in proof_warnings.csv for this file"
"sorting/SPARK4/Ada-SPARK-Timsort","timsort.adb","575","In_Bounds","timsort.ads:48","conjunct","A'First = 1","origin_pin","Post","post","no","1 row(s) in proof_warnings.csv for this file"
"sorting/SPARK4/Ada-SPARK-Timsort","timsort.adb","581","Same_Occ","timsort.adb:21","conjunct","A'First = B'First","relational","Post","post","no","1 row(s) in proof_warnings.csv for this file"
"sorting/SPARK4/Ada-SPARK-Timsort","timsort.adb","740","In_Bounds","timsort.ads:48","conjunct","A'First = 1","origin_pin","Pre","pre","yes","1 row(s) in proof_warnings.csv for this file"
"sorting/SPARK4/Ada-SPARK-Timsort","timsort.adb","789","In_Bounds","timsort.ads:48","conjunct","A'First = 1","origin_pin","Pre","pre","yes","1 row(s) in proof_warnings.csv for this file"
"sorting/SPARK4/Ada-SPARK-Timsort","timsort.adb","802","In_Bounds","timsort.ads:48","conjunct","A'First = 1","origin_pin","Post","post","no","1 row(s) in proof_warnings.csv for this file"
"sorting/SPARK4/Ada-SPARK-Timsort","timsort.adb","804","Same_Occ","timsort.adb:21","conjunct","A'First = B'First","relational","Post","post","no","1 row(s) in proof_warnings.csv for this file"
"sorting/SPARK4/Ada-SPARK-Timsort","timsort.adb","864","In_Bounds","timsort.ads:48","conjunct","A'First = 1","origin_pin","Pre","pre","yes","1 row(s) in proof_warnings.csv for this file"
"sorting/SPARK4/Ada-SPARK-Timsort","timsort.adb","871","In_Bounds","timsort.ads:48","conjunct","A'First = 1","origin_pin","Post","post","no","1 row(s) in proof_warnings.csv for this file"
"sorting/SPARK4/Ada-SPARK-Timsort","timsort.adb","876","Same_Occ","timsort.adb:21","conjunct","A'First = B'First","relational","Post","post","no","1 row(s) in proof_warnings.csv for this file"
"sorting/SPARK4/Ada-SPARK-Timsort","timsort.ads","58","In_Bounds","timsort.ads:48","conjunct","A'First = 1","origin_pin","Pre","pre","yes","none"
"sorting/SPARK4/Ada-SPARK-Timsort","timsort.ads","120","In_Bounds","timsort.ads:48","conjunct","A'First = 1","origin_pin","Pre","pre","yes","none"
"sorting/SPARK4/Ada-SPARK-Timsort","timsort.ads","128","In_Bounds","timsort.ads:48","conjunct","A'First = 1","origin_pin","Pre","pre","yes","none"
"sorting/SPARK4/Ada-SPARK-Timsort","timsort.ads","129","In_Bounds","timsort.ads:48","conjunct","A'First = 1","origin_pin","Post","post","no","none"
"sorting/SPARK4/Ada-SPARK-Timsort","timsort.ads","129","Is_Perm","timsort.ads:109","conjunct","A'First = B'First","relational","Post","post","no","none"
"sorting/SPARK4/Ada-SPARK-Topological-Sort","topological_sorting.ads","117","Result_Shape","topological_sorting.ads:55","conjunct","Result'Length = G.Num_Nodes","relational","Pre","pre","yes","none"
"sorting/SPARK4/Ada-SPARK-Tree-Sort","tree_sort.adb","33","In_Bounds","tree_sort.ads:46","conjunct","A'Length <= Max_N","relational","Pre","pre","yes","none"
"sorting/SPARK4/Ada-SPARK-Tree-Sort","tree_sort.adb","76","In_Bounds","tree_sort.ads:46","conjunct","A'Length <= Max_N","relational","Pre","pre","yes","none"
"sorting/SPARK4/Ada-SPARK-Tree-Sort","tree_sort.adb","246","In_Bounds","tree_sort.ads:46","conjunct","A'Length <= Max_N","relational","Pre","pre","yes","none"
"sorting/SPARK4/Ada-SPARK-Tree-Sort","tree_sort.ads","59","In_Bounds","tree_sort.ads:46","conjunct","A'Length <= Max_N","relational","Pre","pre","yes","none"
"sorting/SPARK4/Ada-SPARK-Tree-Sort","tree_sort.ads","81","In_Bounds","tree_sort.ads:46","conjunct","A'Length <= Max_N","relational","Pre","pre","yes","none"
"sorting/SPARK4/Ada-SPARK-Tree-Sort","tree_sort.ads","99","In_Bounds","tree_sort.ads:46","conjunct","A'Length <= Max_N","relational","Pre","pre","yes","none"
"sorting/SPARK4/Ada-SPARK-Tree-Sort","tree_sort.ads","111","In_Bounds","tree_sort.ads:46","conjunct","A'Length <= Max_N","relational","Pre","pre","yes","none"
"sorting/SPARK4/Ada-SPARK-Tree-Sort","tree_sort.ads","113","In_Bounds","tree_sort.ads:46","conjunct","A'Length <= Max_N","relational","Post","post","no","none"
"sorting/SPARK4/Ada-SPARK-Tree-Sort","tree_sort.ads","113","Is_Perm","tree_sort.ads:90","conjunct","A'First = B'First","relational","Post","post","no","none"
"sorting/SPARK4/Bead-Sort","bead_sort.adb","19","In_Bounds","bead_sort.ads:60","conjunct","A'Length <= Max_N","relational","Pre","pre","yes","none"
"sorting/SPARK4/Bead-Sort","bead_sort.adb","60","In_Bounds","bead_sort.ads:60","conjunct","A'Length <= Max_N","relational","Pre","pre","yes","none"
"sorting/SPARK4/Bead-Sort","bead_sort.adb","63","In_Bounds","bead_sort.ads:60","conjunct","A'Length <= Max_N","relational","Post","post","no","none"
"sorting/SPARK4/Bead-Sort","bead_sort.ads","72","In_Bounds","bead_sort.ads:60","conjunct","A'Length <= Max_N","relational","Pre","pre","yes","none"
"sorting/SPARK4/Bead-Sort","bead_sort.ads","80","In_Bounds","bead_sort.ads:60","conjunct","A'Length <= Max_N","relational","Pre","pre","yes","none"
"sorting/SPARK4/Bead-Sort","bead_sort.ads","106","In_Bounds","bead_sort.ads:60","conjunct","A'Length <= Max_N","relational","Pre","pre","yes","none"
"sorting/SPARK4/Bead-Sort","bead_sort.ads","107","In_Bounds","bead_sort.ads:60","conjunct","A'Length <= Max_N","relational","Post","post","no","none"
"strings/SPARK2/Ada-SPARK-Multiply-Strings-Stub","multiply_strings.ads","16","Is_Number","multiply_strings.ads:10","conjunct","S'Length in 1 .. Max_Len","relational","Pre","pre","yes","none"
"trees/SPARK2/Ada-SPARK-Insert-Into-BST","insert_into_bst.ads","27","Ordered","insert_into_bst.ads:68","conjunct","(T.Count = 0 or else (T.Lo (1) = Bound'First and then T.Hi (1) = Bound'Last))","relational","Post","post","no","none"
"trees/SPARK2/Ada-SPARK-Insert-Into-BST","insert_into_bst.ads","32","Ordered","insert_into_bst.ads:68","conjunct","(T.Count = 0 or else (T.Lo (1) = Bound'First and then T.Hi (1) = Bound'Last))","relational","Pre","pre","yes","none"
"trees/SPARK2/Ada-SPARK-Insert-Into-BST","insert_into_bst.ads","33","Ordered","insert_into_bst.ads:68","conjunct","(T.Count = 0 or else (T.Lo (1) = Bound'First and then T.Hi (1) = Bound'Last))","relational","Post","post","no","none"
"trees/SPARK2/Ada-SPARK-Insert-Into-BST","insert_into_bst.ads","40","Ordered","insert_into_bst.ads:68","conjunct","(T.Count = 0 or else (T.Lo (1) = Bound'First and then T.Hi (1) = Bound'Last))","relational","Pre","pre","yes","none"
"trees/SPARK2/Ada-SPARK-Repeated-Substring-Pattern","repeated_substring_pattern.ads","25","Repeats_Unit","repeated_substring_pattern.ads:15","conjunct","Input'Length mod P = 0","relational","Post","post","no","none"
