id,category,folder,problem,check_kind,target_level,what_was_tried,prover_setup,steps_reached_result,why_hard,reproduce,pass_condition,status,source
H001,unproved_check,geometry/Ada/Bresenhams-Line-Algorithm,"17 unproved run-time checks: bresenham.adb:24:41 25:31 28:20 57:41 58:31 62:18 69:28 77:28 101:10 105:18 112:28 120:28 150:47 152:40 154:61 156:40 157:61 (overflow on Result.Length + 1 and 2 * Err, array index, range on Cur_X + Sx / Cur_Y + Sy / Y + 1 / Points (I).X|Y + Shift, pointer dereference)",run-time,Silver,only the bulk Silver run; no invariants or subtypes added (none recorded),"gnatprove FSF 16.1.0 / Why3 1.8.2+git / cvc5 1.3.2 (86cecd8) / z3 4.15.4 / alt-ergo 2.6.1 (Alire gnatprove=16.1.0, lock tools/toolchain/alire/alire.lock); --mode=silver --level=2 --timeout=0 --steps=1000000 --counterexamples=off -j2 --output=oneline -k (gpr bresenham.gpr, cold copy)","25 unproved total (this row 17), rc 0 after 2068 s (log 2026-10-08 11:02); max steps per VC not recorded; at least one VC ""reached step limit""",no loop invariants bounding Length / Err / coordinates; Line_Thick has a pointer dereference; unknown beyond that,gnatprove -P geometry/Ada/Bresenhams-Line-Algorithm/bresenham.gpr -f --mode=silver --level=2 --timeout=0 --steps=1000000 --counterexamples=off -j2 --output=oneline -k,"the Silver command exits 0 and reports 0 unproved checks (no medium/high/error messages) at --steps=1000000; no pragma Assume added, no contract deleted or weakened, steps not raised","open (folder touched since only by c6983f49, test-harness exit status)",PROOFS.csv silver=25 unproved; /tmp/aa2s/geometry_Ada_Bresenhams-Line-Algorithm/prove.log; /workspace/aa/v2/prove_steps.jsonl
H002,unproved_check,geometry/Ada/Bresenhams-Line-Algorithm,"5 flow messages: ""Result.Points"" might not be initialized (bresenham.ads:50:07 55:52 63:07 67:52 85:07; Line_Octant_0, Line_General, Line_Thick)",other,Bronze,none recorded,"gnatprove FSF 16.1.0 / Why3 1.8.2+git / cvc5 1.3.2 (86cecd8) / z3 4.15.4 / alt-ergo 2.6.1 (Alire gnatprove=16.1.0, lock tools/toolchain/alire/alire.lock); --mode=silver --level=2 --timeout=0 --steps=1000000 --counterexamples=off -j2 --output=oneline -k (gpr bresenham.gpr, cold copy)",flow analysis messages (not prover VCs) in the same run,OUT record with a partially written array component; flow analysis needs full initialisation or a Relaxed_Initialization + Initialized-attribute proof,gnatprove -P geometry/Ada/Bresenhams-Line-Algorithm/bresenham.gpr -f --mode=silver --level=2 --timeout=0 --steps=1000000 --counterexamples=off -j2 --output=oneline -k,"no ""might not be initialized"" message from the Silver command; the Silver command exits 0 and reports 0 unproved checks (no medium/high/error messages) at --steps=1000000; no pragma Assume added, no contract deleted or weakened, steps not raised",open,/tmp/aa2s/geometry_Ada_Bresenhams-Line-Algorithm/prove.log
H003,unproved_check,geometry/Ada/Bresenhams-Line-Algorithm,"3 unproved postconditions: bresenham.ads:54:15 and 66:15 (Result.Length = Expected_Line_Length (P1, P2)), 88:15 (Line_Thick Post; gnatprove hint: loop at bresenham.adb:145 should mention Result in a loop invariant)",functional,Gold,none recorded,"gnatprove FSF 16.1.0 / Why3 1.8.2+git / cvc5 1.3.2 (86cecd8) / z3 4.15.4 / alt-ergo 2.6.1 (Alire gnatprove=16.1.0, lock tools/toolchain/alire/alire.lock); --mode=silver --level=2 --timeout=0 --steps=1000000 --counterexamples=off -j2 --output=oneline -k (gpr bresenham.gpr, cold copy)","unproved; 88:15 ""provers reached step limit before completing the proof"" at --steps=1000000",needs a loop invariant tying Result.Length to the step count of the octant walk,gnatprove -P geometry/Ada/Bresenhams-Line-Algorithm/bresenham.gpr -f --mode=silver --level=2 --timeout=0 --steps=1000000 --counterexamples=off -j2 --output=oneline -k,"the three Posts prove at --steps=1000000 with the Silver command, Posts unchanged",open,/tmp/aa2s/geometry_Ada_Bresenhams-Line-Algorithm/prove.log
H004,unproved_check,misc/Ada/Delivery-Safety-Supervisor,"8 unproved overflow checks (4 sites, each also reported inlined at safety_supervisor.adb:83): safety_supervisor.adb:20:24 DX * DX, 20:29 DX * DX + DY * DY, 20:34 DY * DY, 20:66 Integer (S.Fence.R_Cm) * Integer (S.Fence.R_Cm)",run-time,Silver,none recorded,"gnatprove FSF 16.1.0 / Why3 1.8.2+git / cvc5 1.3.2 (86cecd8) / z3 4.15.4 / alt-ergo 2.6.1 (Alire gnatprove=16.1.0, lock tools/toolchain/alire/alire.lock); --mode=silver --level=2 --timeout=0 --steps=1000000 --counterexamples=off -j2 --output=oneline -k (gpr safety_supervisor.gpr)","8 unproved, rc 0 after 1040 s (log 2026-10-08 12:52)","coordinate / radius types are wide enough that the squared distance can overflow Integer; needs tighter subtypes or a wider intermediate type (a design decision, not prover effort)",gnatprove -P misc/Ada/Delivery-Safety-Supervisor/safety_supervisor.gpr -f --mode=silver --level=2 --timeout=0 --steps=1000000 --counterexamples=off -j2 --output=oneline -k,"the Silver command exits 0 and reports 0 unproved checks (no medium/high/error messages) at --steps=1000000; no pragma Assume added, no contract deleted or weakened, steps not raised","open (folder also has no test harness: aa_round_status ""missing harness"")",PROOFS.csv silver=8 unproved; /tmp/aa2s/misc_Ada_Delivery-Safety-Supervisor/prove.log
H005,tool_crash,misc/SPARK2/Ada-SPARK-Distinct-Subsequences,"gnatprove crashes before any proof result: ""GNAT BUG DETECTED ... 1.0 (spark) 1:0: value expected (got DOC_END)"", ""gnatprove: error during flow analysis and proof""; no check is proved or unproved",run-time,Silver,"bulk Silver run twice (batch, then --steps=1000000), same crash; the 2026-10-08 audit reproduced it after ~280 s for Delete-Operation and LCS and judged it a gnatprove 16.1 / gnatwhy3 bug, not load","gnatprove FSF 16.1.0 / Why3 1.8.2+git / cvc5 1.3.2 (86cecd8) / z3 4.15.4 / alt-ergo 2.6.1 (Alire gnatprove=16.1.0, lock tools/toolchain/alire/alire.lock); --mode=silver --level=2 --timeout=0 --steps=1000000 --counterexamples=off -j2 --output=oneline -k (gpr distinct_subsequences.gpr)","crash, rc 1 after 377 s (steps run, 2026-10-08); no VC reached","tool bug; the same DP-table shape crashed in strings/SPARK2/Ada-SPARK-Longest-Common-Subsequence, which now proves after 8d256f51 added loop invariants, a Len subtype and an expression-function Nat_Max (so the crash may follow missing invariants; not verified for these folders)",gnatprove -P misc/SPARK2/Ada-SPARK-Distinct-Subsequences/distinct_subsequences.gpr -f --mode=silver --level=2 --timeout=0 --steps=1000000 --counterexamples=off -j2 --output=oneline -k,"no GNAT BUG DETECTED box and the Silver command exits 0 and reports 0 unproved checks (no medium/high/error messages) at --steps=1000000; no pragma Assume added, no contract deleted or weakened, steps not raised","open (folder unchanged since 8c3b57b7, before the log)",PROOFS.csv silver=tool crash; /tmp/aa2s/misc_SPARK2_Ada-SPARK-Distinct-Subsequences/prove.log; inbox/ada_algorithms_audit.md line 14
H006,tool_crash,misc/SPARK2/Ada-SPARK-Minimum-ASCII-Delete-Sum,"gnatprove crashes before any proof result: ""GNAT BUG DETECTED ... 1.0 (spark) 1:0: value expected (got DOC_END)"", ""gnatprove: error during flow analysis and proof""; no check is proved or unproved",run-time,Silver,"bulk Silver run twice (batch, then --steps=1000000), same crash; the 2026-10-08 audit reproduced it after ~280 s for Delete-Operation and LCS and judged it a gnatprove 16.1 / gnatwhy3 bug, not load","gnatprove FSF 16.1.0 / Why3 1.8.2+git / cvc5 1.3.2 (86cecd8) / z3 4.15.4 / alt-ergo 2.6.1 (Alire gnatprove=16.1.0, lock tools/toolchain/alire/alire.lock); --mode=silver --level=2 --timeout=0 --steps=1000000 --counterexamples=off -j2 --output=oneline -k (gpr minimum_ascii_delete_sum.gpr)","crash, rc 1 after 478 s (steps run, 2026-10-08); no VC reached","tool bug; the same DP-table shape crashed in strings/SPARK2/Ada-SPARK-Longest-Common-Subsequence, which now proves after 8d256f51 added loop invariants, a Len subtype and an expression-function Nat_Max (so the crash may follow missing invariants; not verified for these folders)",gnatprove -P misc/SPARK2/Ada-SPARK-Minimum-ASCII-Delete-Sum/minimum_ascii_delete_sum.gpr -f --mode=silver --level=2 --timeout=0 --steps=1000000 --counterexamples=off -j2 --output=oneline -k,"no GNAT BUG DETECTED box and the Silver command exits 0 and reports 0 unproved checks (no medium/high/error messages) at --steps=1000000; no pragma Assume added, no contract deleted or weakened, steps not raised","open (folder unchanged since 8c3b57b7, before the log)",PROOFS.csv silver=tool crash; /tmp/aa2s/misc_SPARK2_Ada-SPARK-Minimum-ASCII-Delete-Sum/prove.log; inbox/ada_algorithms_audit.md line 14
H007,tool_crash,misc/SPARK2/Ada-SPARK-Palindrome-Partitioning-II,"gnatprove crashes before any proof result: ""GNAT BUG DETECTED ... 1.0 (spark) 1:0: value expected (got DOC_END)"", ""gnatprove: error during flow analysis and proof""; no check is proved or unproved",run-time,Silver,"bulk Silver run twice (batch, then --steps=1000000), same crash; the 2026-10-08 audit reproduced it after ~280 s for Delete-Operation and LCS and judged it a gnatprove 16.1 / gnatwhy3 bug, not load","gnatprove FSF 16.1.0 / Why3 1.8.2+git / cvc5 1.3.2 (86cecd8) / z3 4.15.4 / alt-ergo 2.6.1 (Alire gnatprove=16.1.0, lock tools/toolchain/alire/alire.lock); --mode=silver --level=2 --timeout=0 --steps=1000000 --counterexamples=off -j2 --output=oneline -k (gpr palindrome_partitioning_ii.gpr)","crash, rc 1 after 487 s (steps run, 2026-10-08); no VC reached","tool bug; the same DP-table shape crashed in strings/SPARK2/Ada-SPARK-Longest-Common-Subsequence, which now proves after 8d256f51 added loop invariants, a Len subtype and an expression-function Nat_Max (so the crash may follow missing invariants; not verified for these folders)",gnatprove -P misc/SPARK2/Ada-SPARK-Palindrome-Partitioning-II/palindrome_partitioning_ii.gpr -f --mode=silver --level=2 --timeout=0 --steps=1000000 --counterexamples=off -j2 --output=oneline -k,"no GNAT BUG DETECTED box and the Silver command exits 0 and reports 0 unproved checks (no medium/high/error messages) at --steps=1000000; no pragma Assume added, no contract deleted or weakened, steps not raised","open (folder unchanged since 8c3b57b7, before the log)",PROOFS.csv silver=tool crash; /tmp/aa2s/misc_SPARK2_Ada-SPARK-Palindrome-Partitioning-II/prove.log; inbox/ada_algorithms_audit.md line 14
H008,tool_crash,misc/SPARK2/Ada-SPARK-Regular-Expression-Matching-Lite,"gnatprove crashes before any proof result: ""GNAT BUG DETECTED ... 1.0 (spark) 1:0: value expected (got DOC_END)"", ""gnatprove: error during flow analysis and proof""; no check is proved or unproved",run-time,Silver,"bulk Silver run twice (batch, then --steps=1000000), same crash; the 2026-10-08 audit reproduced it after ~280 s for Delete-Operation and LCS and judged it a gnatprove 16.1 / gnatwhy3 bug, not load","gnatprove FSF 16.1.0 / Why3 1.8.2+git / cvc5 1.3.2 (86cecd8) / z3 4.15.4 / alt-ergo 2.6.1 (Alire gnatprove=16.1.0, lock tools/toolchain/alire/alire.lock); --mode=silver --level=2 --timeout=0 --steps=1000000 --counterexamples=off -j2 --output=oneline -k (gpr regular_expression_matching_lite.gpr)","crash, rc 1 after 313 s (steps run, 2026-10-08); no VC reached","tool bug; the same DP-table shape crashed in strings/SPARK2/Ada-SPARK-Longest-Common-Subsequence, which now proves after 8d256f51 added loop invariants, a Len subtype and an expression-function Nat_Max (so the crash may follow missing invariants; not verified for these folders)",gnatprove -P misc/SPARK2/Ada-SPARK-Regular-Expression-Matching-Lite/regular_expression_matching_lite.gpr -f --mode=silver --level=2 --timeout=0 --steps=1000000 --counterexamples=off -j2 --output=oneline -k,"no GNAT BUG DETECTED box and the Silver command exits 0 and reports 0 unproved checks (no medium/high/error messages) at --steps=1000000; no pragma Assume added, no contract deleted or weakened, steps not raised","open (folder unchanged since 8c3b57b7, before the log)",PROOFS.csv silver=tool crash; /tmp/aa2s/misc_SPARK2_Ada-SPARK-Regular-Expression-Matching-Lite/prove.log; inbox/ada_algorithms_audit.md line 14
H009,tool_crash,misc/SPARK2/Ada-SPARK-Shortest-Common-Supersequence-Lite,"gnatprove crashes before any proof result: ""GNAT BUG DETECTED ... 1.0 (spark) 1:0: value expected (got DOC_END)"", ""gnatprove: error during flow analysis and proof""; no check is proved or unproved",run-time,Silver,"bulk Silver run twice (batch, then --steps=1000000), same crash; the 2026-10-08 audit reproduced it after ~280 s for Delete-Operation and LCS and judged it a gnatprove 16.1 / gnatwhy3 bug, not load","gnatprove FSF 16.1.0 / Why3 1.8.2+git / cvc5 1.3.2 (86cecd8) / z3 4.15.4 / alt-ergo 2.6.1 (Alire gnatprove=16.1.0, lock tools/toolchain/alire/alire.lock); --mode=silver --level=2 --timeout=0 --steps=1000000 --counterexamples=off -j2 --output=oneline -k (gpr shortest_common_supersequence_lite.gpr)","crash, rc 1 after 361 s (steps run, 2026-10-08); no VC reached","tool bug; the same DP-table shape crashed in strings/SPARK2/Ada-SPARK-Longest-Common-Subsequence, which now proves after 8d256f51 added loop invariants, a Len subtype and an expression-function Nat_Max (so the crash may follow missing invariants; not verified for these folders)",gnatprove -P misc/SPARK2/Ada-SPARK-Shortest-Common-Supersequence-Lite/shortest_common_supersequence_lite.gpr -f --mode=silver --level=2 --timeout=0 --steps=1000000 --counterexamples=off -j2 --output=oneline -k,"no GNAT BUG DETECTED box and the Silver command exits 0 and reports 0 unproved checks (no medium/high/error messages) at --steps=1000000; no pragma Assume added, no contract deleted or weakened, steps not raised","open (folder unchanged since 8c3b57b7, before the log)",PROOFS.csv silver=tool crash; /tmp/aa2s/misc_SPARK2_Ada-SPARK-Shortest-Common-Supersequence-Lite/prove.log; inbox/ada_algorithms_audit.md line 14
H010,tool_crash,misc/SPARK2/Ada-SPARK-Wildcard-Matching-Lite,"gnatprove crashes before any proof result: ""GNAT BUG DETECTED ... 1.0 (spark) 1:0: value expected (got DOC_END)"", ""gnatprove: error during flow analysis and proof""; no check is proved or unproved",run-time,Silver,"bulk Silver run twice (batch, then --steps=1000000), same crash; the 2026-10-08 audit reproduced it after ~280 s for Delete-Operation and LCS and judged it a gnatprove 16.1 / gnatwhy3 bug, not load","gnatprove FSF 16.1.0 / Why3 1.8.2+git / cvc5 1.3.2 (86cecd8) / z3 4.15.4 / alt-ergo 2.6.1 (Alire gnatprove=16.1.0, lock tools/toolchain/alire/alire.lock); --mode=silver --level=2 --timeout=0 --steps=1000000 --counterexamples=off -j2 --output=oneline -k (gpr wildcard_matching_lite.gpr)","crash, rc 1 after 1073 s (steps run, 2026-10-08); no VC reached","tool bug; the same DP-table shape crashed in strings/SPARK2/Ada-SPARK-Longest-Common-Subsequence, which now proves after 8d256f51 added loop invariants, a Len subtype and an expression-function Nat_Max (so the crash may follow missing invariants; not verified for these folders)",gnatprove -P misc/SPARK2/Ada-SPARK-Wildcard-Matching-Lite/wildcard_matching_lite.gpr -f --mode=silver --level=2 --timeout=0 --steps=1000000 --counterexamples=off -j2 --output=oneline -k,"no GNAT BUG DETECTED box and the Silver command exits 0 and reports 0 unproved checks (no medium/high/error messages) at --steps=1000000; no pragma Assume added, no contract deleted or weakened, steps not raised","open (folder unchanged since 8c3b57b7, before the log)",PROOFS.csv silver=tool crash; /tmp/aa2s/misc_SPARK2_Ada-SPARK-Wildcard-Matching-Lite/prove.log; inbox/ada_algorithms_audit.md line 14
H011,tool_crash,strings/SPARK2/Ada-SPARK-Delete-Operation-For-Two-Strings,"gnatprove crashes before any proof result: ""GNAT BUG DETECTED ... 1.0 (spark) 1:0: value expected (got DOC_END)"", ""gnatprove: error during flow analysis and proof""; no check is proved or unproved",run-time,Silver,"bulk Silver run twice (batch, then --steps=1000000), same crash; the 2026-10-08 audit reproduced it after ~280 s for Delete-Operation and LCS and judged it a gnatprove 16.1 / gnatwhy3 bug, not load","gnatprove FSF 16.1.0 / Why3 1.8.2+git / cvc5 1.3.2 (86cecd8) / z3 4.15.4 / alt-ergo 2.6.1 (Alire gnatprove=16.1.0, lock tools/toolchain/alire/alire.lock); --mode=silver --level=2 --timeout=0 --steps=1000000 --counterexamples=off -j2 --output=oneline -k (gpr delete_operation_for_two_strings.gpr)","crash, rc 1 after 293 s (steps run, 2026-10-08); no VC reached","tool bug; the same DP-table shape crashed in strings/SPARK2/Ada-SPARK-Longest-Common-Subsequence, which now proves after 8d256f51 added loop invariants, a Len subtype and an expression-function Nat_Max (so the crash may follow missing invariants; not verified for these folders)",gnatprove -P strings/SPARK2/Ada-SPARK-Delete-Operation-For-Two-Strings/delete_operation_for_two_strings.gpr -f --mode=silver --level=2 --timeout=0 --steps=1000000 --counterexamples=off -j2 --output=oneline -k,"no GNAT BUG DETECTED box and the Silver command exits 0 and reports 0 unproved checks (no medium/high/error messages) at --steps=1000000; no pragma Assume added, no contract deleted or weakened, steps not raised","open (folder unchanged since 8c3b57b7, before the log)",PROOFS.csv silver=tool crash; /tmp/aa2s/strings_SPARK2_Ada-SPARK-Delete-Operation-For-Two-Strings/prove.log; inbox/ada_algorithms_audit.md line 14
H012,proof_timeout,geometry/Ada/Phong-Shading,Silver run does not finish: killed by the 7200 s wall cap of prove_steps.sh before gnatprove reported any check,run-time,Silver,batch run (--timeout=5 s per VC era) and the --steps=1000000 run; nothing else recorded,"gnatprove FSF 16.1.0 / Why3 1.8.2+git / cvc5 1.3.2 (86cecd8) / z3 4.15.4 / alt-ergo 2.6.1 (Alire gnatprove=16.1.0, lock tools/toolchain/alire/alire.lock); --mode=silver --level=2 --timeout=0 --steps=1000000 --counterexamples=off -j2 --output=oneline -k (gpr phong_shading.gpr), wrapped in timeout 7200","rc 124 (wall cap) after 7200 s / 7223 s (2026-10-08); log has only the three phase lines, so steps per VC unknown","unknown; floating-point shading / orbital arithmetic, so likely float range / overflow VCs; at -j2 cvc5 may burn its full step budget per VC before z3 / alt-ergo (see prove_settings.txt wall-cap note)",gnatprove -P geometry/Ada/Phong-Shading/phong_shading.gpr -f --mode=silver --level=2 --timeout=0 --steps=1000000 --counterexamples=off -j2 --output=oneline -k,"every VC proves within --steps=1000000 (the wall cap is a safety cap only; hitting it is not a result); the Silver command exits 0 and reports 0 unproved checks (no medium/high/error messages) at --steps=1000000; no pragma Assume added, no contract deleted or weakened, steps not raised",open (folder touched since by 7811ef41),PROOFS.csv silver=timeout; /workspace/aa/v2/prove_steps.jsonl
H013,proof_timeout,misc/Ada/Orbital-Mechanics,Silver run does not finish: killed by the 7200 s wall cap of prove_steps.sh before gnatprove reported any check,run-time,Silver,batch run (--timeout=5 s per VC era) and the --steps=1000000 run; nothing else recorded,"gnatprove FSF 16.1.0 / Why3 1.8.2+git / cvc5 1.3.2 (86cecd8) / z3 4.15.4 / alt-ergo 2.6.1 (Alire gnatprove=16.1.0, lock tools/toolchain/alire/alire.lock); --mode=silver --level=2 --timeout=0 --steps=1000000 --counterexamples=off -j2 --output=oneline -k (gpr orbital_mechanics.gpr), wrapped in timeout 7200","rc 124 (wall cap) after 7200 s / 7223 s (2026-10-08); log has only the three phase lines, so steps per VC unknown","unknown; floating-point shading / orbital arithmetic, so likely float range / overflow VCs; at -j2 cvc5 may burn its full step budget per VC before z3 / alt-ergo (see prove_settings.txt wall-cap note)",gnatprove -P misc/Ada/Orbital-Mechanics/orbital_mechanics.gpr -f --mode=silver --level=2 --timeout=0 --steps=1000000 --counterexamples=off -j2 --output=oneline -k,"every VC proves within --steps=1000000 (the wall cap is a safety cap only; hitting it is not a result); the Silver command exits 0 and reports 0 unproved checks (no medium/high/error messages) at --steps=1000000; no pragma Assume added, no contract deleted or weakened, steps not raised",open (folder touched since by 7811ef41),PROOFS.csv silver=timeout; /workspace/aa/v2/prove_steps.jsonl
H014,not_analysed,compression/Ada/Peterson-Gorenstein-Zierler-Algorithm,"gnatprove could not build / analyse the project, so no SPARK level is established",other,Stone,batch run only (proof_run=level2-timeout),"gnatprove FSF 16.1.0 / Why3 1.8.2+git / cvc5 1.3.2 (86cecd8) / z3 4.15.4 / alt-ergo 2.6.1 (Alire gnatprove=16.1.0, lock tools/toolchain/alire/alire.lock); batch: --mode=silver --level=2 (gpr peterson_gorenstein_zierler.gpr)",not built (no VC generated),unknown (error text not recorded in PROOFS.csv),gnatprove -P compression/Ada/Peterson-Gorenstein-Zierler-Algorithm/peterson_gorenstein_zierler.gpr -f --mode=silver --level=2 --timeout=0 --steps=1000000 --counterexamples=off -j2 --output=oneline -k,"gnatprove analyses the project (valid SPARK, Stone); then the Silver pass condition applies",open,PROOFS.csv silver=not built
H015,not_analysed,cryptography/Ada/NTRUEncrypt,"gnatprove could not build / analyse the project, so no SPARK level is established",other,Stone,batch run only (proof_run=level2-timeout),"gnatprove FSF 16.1.0 / Why3 1.8.2+git / cvc5 1.3.2 (86cecd8) / z3 4.15.4 / alt-ergo 2.6.1 (Alire gnatprove=16.1.0, lock tools/toolchain/alire/alire.lock); batch: --mode=silver --level=2 (gpr ntru.gpr)",not built (no VC generated),unknown (error text not recorded in PROOFS.csv),gnatprove -P cryptography/Ada/NTRUEncrypt/ntru.gpr -f --mode=silver --level=2 --timeout=0 --steps=1000000 --counterexamples=off -j2 --output=oneline -k,"gnatprove analyses the project (valid SPARK, Stone); then the Silver pass condition applies",open,PROOFS.csv silver=not built
H016,not_analysed,cryptography/Ada/RC4,"gnatprove could not build / analyse the project, so no SPARK level is established",other,Stone,batch run only (proof_run=level2-timeout),"gnatprove FSF 16.1.0 / Why3 1.8.2+git / cvc5 1.3.2 (86cecd8) / z3 4.15.4 / alt-ergo 2.6.1 (Alire gnatprove=16.1.0, lock tools/toolchain/alire/alire.lock); batch: --mode=silver --level=2 (gpr rc4.gpr)",not built (no VC generated),unknown (error text not recorded in PROOFS.csv),gnatprove -P cryptography/Ada/RC4/rc4.gpr -f --mode=silver --level=2 --timeout=0 --steps=1000000 --counterexamples=off -j2 --output=oneline -k,"gnatprove analyses the project (valid SPARK, Stone); then the Silver pass condition applies",open,PROOFS.csv silver=not built
H017,not_analysed,geometry/Ada/Shading,"gnatprove could not build / analyse the project, so no SPARK level is established",other,Stone,batch run only (proof_run=level2-timeout),"gnatprove FSF 16.1.0 / Why3 1.8.2+git / cvc5 1.3.2 (86cecd8) / z3 4.15.4 / alt-ergo 2.6.1 (Alire gnatprove=16.1.0, lock tools/toolchain/alire/alire.lock); batch: --mode=silver --level=2 (gpr shading.gpr)",not built (no VC generated),unknown (error text not recorded in PROOFS.csv),gnatprove -P geometry/Ada/Shading/shading.gpr -f --mode=silver --level=2 --timeout=0 --steps=1000000 --counterexamples=off -j2 --output=oneline -k,"gnatprove analyses the project (valid SPARK, Stone); then the Silver pass condition applies",open,PROOFS.csv silver=not built
H018,not_analysed,hashing/Ada/SipHash,"gnatprove could not build / analyse the project, so no SPARK level is established",other,Stone,batch run only (proof_run=level2-timeout),"gnatprove FSF 16.1.0 / Why3 1.8.2+git / cvc5 1.3.2 (86cecd8) / z3 4.15.4 / alt-ergo 2.6.1 (Alire gnatprove=16.1.0, lock tools/toolchain/alire/alire.lock); batch: --mode=silver --level=2 (gpr siphash.gpr)",not built (no VC generated),unknown (error text not recorded in PROOFS.csv),gnatprove -P hashing/Ada/SipHash/siphash.gpr -f --mode=silver --level=2 --timeout=0 --steps=1000000 --counterexamples=off -j2 --output=oneline -k,"gnatprove analyses the project (valid SPARK, Stone); then the Silver pass condition applies",open,PROOFS.csv silver=not built
H019,not_analysed,misc/Ada/Black-Scholes-Model,"gnatprove could not build / analyse the project, so no SPARK level is established",other,Stone,batch run only (proof_run=level2-timeout),"gnatprove FSF 16.1.0 / Why3 1.8.2+git / cvc5 1.3.2 (86cecd8) / z3 4.15.4 / alt-ergo 2.6.1 (Alire gnatprove=16.1.0, lock tools/toolchain/alire/alire.lock); batch: --mode=silver --level=2 (gpr black_scholes.gpr)",not built (no VC generated),unknown (error text not recorded in PROOFS.csv),gnatprove -P misc/Ada/Black-Scholes-Model/black_scholes.gpr -f --mode=silver --level=2 --timeout=0 --steps=1000000 --counterexamples=off -j2 --output=oneline -k,"gnatprove analyses the project (valid SPARK, Stone); then the Silver pass condition applies",open,PROOFS.csv silver=not built
H020,not_analysed,misc/Ada/Financial-Risk-Modeling,"gnatprove could not build / analyse the project, so no SPARK level is established",other,Stone,batch run only (proof_run=level2-timeout),"gnatprove FSF 16.1.0 / Why3 1.8.2+git / cvc5 1.3.2 (86cecd8) / z3 4.15.4 / alt-ergo 2.6.1 (Alire gnatprove=16.1.0, lock tools/toolchain/alire/alire.lock); batch: --mode=silver --level=2 (gpr financial_risk_modeling.gpr)",not built (no VC generated),unknown (error text not recorded in PROOFS.csv),gnatprove -P misc/Ada/Financial-Risk-Modeling/financial_risk_modeling.gpr -f --mode=silver --level=2 --timeout=0 --steps=1000000 --counterexamples=off -j2 --output=oneline -k,"gnatprove analyses the project (valid SPARK, Stone); then the Silver pass condition applies",open,PROOFS.csv silver=not built
H021,not_analysed,misc/Ada/Photon-Mapping,"gnatprove could not build / analyse the project, so no SPARK level is established",other,Stone,batch run only (proof_run=level2-timeout),"gnatprove FSF 16.1.0 / Why3 1.8.2+git / cvc5 1.3.2 (86cecd8) / z3 4.15.4 / alt-ergo 2.6.1 (Alire gnatprove=16.1.0, lock tools/toolchain/alire/alire.lock); batch: --mode=silver --level=2 (gpr photon_mapping.gpr)",not built (no VC generated),unknown (error text not recorded in PROOFS.csv),gnatprove -P misc/Ada/Photon-Mapping/photon_mapping.gpr -f --mode=silver --level=2 --timeout=0 --steps=1000000 --counterexamples=off -j2 --output=oneline -k,"gnatprove analyses the project (valid SPARK, Stone); then the Silver pass condition applies",open,PROOFS.csv silver=not built
H022,not_analysed,misc/Ada/Traffic-Simulation,"gnatprove could not build / analyse the project, so no SPARK level is established",other,Stone,batch run only (proof_run=level2-timeout),"gnatprove FSF 16.1.0 / Why3 1.8.2+git / cvc5 1.3.2 (86cecd8) / z3 4.15.4 / alt-ergo 2.6.1 (Alire gnatprove=16.1.0, lock tools/toolchain/alire/alire.lock); batch: --mode=silver --level=2 (gpr traffic_simulation.gpr)",not built (no VC generated),unknown (error text not recorded in PROOFS.csv),gnatprove -P misc/Ada/Traffic-Simulation/traffic_simulation.gpr -f --mode=silver --level=2 --timeout=0 --steps=1000000 --counterexamples=off -j2 --output=oneline -k,"gnatprove analyses the project (valid SPARK, Stone); then the Silver pass condition applies",open,PROOFS.csv silver=not built
H023,not_analysed,ml/Ada/Q-Learning,"gnatprove could not build / analyse the project, so no SPARK level is established",other,Stone,batch run only (proof_run=level2-timeout),"gnatprove FSF 16.1.0 / Why3 1.8.2+git / cvc5 1.3.2 (86cecd8) / z3 4.15.4 / alt-ergo 2.6.1 (Alire gnatprove=16.1.0, lock tools/toolchain/alire/alire.lock); batch: --mode=silver --level=2 (gpr q_learning.gpr)",not built (no VC generated),unknown (error text not recorded in PROOFS.csv),gnatprove -P ml/Ada/Q-Learning/q_learning.gpr -f --mode=silver --level=2 --timeout=0 --steps=1000000 --counterexamples=off -j2 --output=oneline -k,"gnatprove analyses the project (valid SPARK, Stone); then the Silver pass condition applies",open,PROOFS.csv silver=not built
H024,not_analysed,numerical/Ada/Gradient-Descent,"gnatprove could not build / analyse the project, so no SPARK level is established",other,Stone,batch run only (proof_run=level2-timeout),"gnatprove FSF 16.1.0 / Why3 1.8.2+git / cvc5 1.3.2 (86cecd8) / z3 4.15.4 / alt-ergo 2.6.1 (Alire gnatprove=16.1.0, lock tools/toolchain/alire/alire.lock); batch: --mode=silver --level=2 (gpr gradient_descent.gpr)",not built (no VC generated),unknown (error text not recorded in PROOFS.csv),gnatprove -P numerical/Ada/Gradient-Descent/gradient_descent.gpr -f --mode=silver --level=2 --timeout=0 --steps=1000000 --counterexamples=off -j2 --output=oneline -k,"gnatprove analyses the project (valid SPARK, Stone); then the Silver pass condition applies",open,PROOFS.csv silver=not built
H025,functional_gap,sorting/SPARK4/Ada-SPARK-Bitonic-Sorter,"the bitonic network is not proved to sort on its own; sortedness is proved only through the Bubble_Finish fallback (masked by Bubble_Finish), and the Post has no permutation clause",functional,Platinum,"assessed by agent B 2026-10-09 01:2x; missing lemmas identified (0-1 principle bridge: thresholds over values + permutation; half-cleaner lemma: the 0-1 image of a cyclic-interval input has one half constant and the other a cyclic interval, low half <= high half); not attempted further",unknown (no attempt recorded),not attempted; current code proves 294 checks with Bubble_Finish in place,"needs the 0-1 principle (a meta-theorem over all threshold images) stated as ghost lemmas, plus nested quantifiers that cvc5 in gnatprove handles poorly (see the cvc5 row)",gnatprove -P sorting/SPARK4/Ada-SPARK-Bitonic-Sorter/bitonic_sorter.gpr -f --mode=silver --level=2 --timeout=0 --steps=1000000 --counterexamples=off -j2 --output=oneline -k,Bubble_Finish removed; Post = sorted and a permutation of the input; proves with the Silver command at --steps=1000000; the zeros body no longer proves the Post,open,inbox/aa_sweep_status.md line 66; aa_sweep_claims.txt line 158; PROOFS.csv tr_drop
H026,withdrawn_functional,sorting/SPARK4/Ada-SPARK-Bitonic-Sorter,"bitonic_sorter.ads Sort: Post states sortedness but not that the output is a permutation of the input; the trivial body ""zeros"" proves it",functional,Platinum,"contract_scan: trivial body swapped in and proved (agent A3, 2026-10-09)","gnatprove FSF 16.1.0 / Why3 1.8.2+git / cvc5 1.3.2 (86cecd8) / z3 4.15.4 / alt-ergo 2.6.1 (Alire gnatprove=16.1.0, lock tools/toolchain/alire/alire.lock); gnatprove --mode=silver --level=2 --steps=1000000 --timeout=0 -j2 --limit-subp=bitonic_sorter.ads:86",PROVES (6 checks); gnatprove --mode=silver --level=2 --steps=1000000 --timeout=0 -j2 --limit-subp=bitonic_sorter.ads:86,"strengthening needs ghost occurrence counts and per-swap / per-move lemmas (see Fisher-Yates 231fb940, Stooge 2cb9b08d for the pattern); effort, not compute","scratch copy with the trivial body, then: gnatprove --mode=silver --level=2 --steps=1000000 --timeout=0 -j2 --limit-subp=bitonic_sorter.ads:86","Post strengthened to sorted AND permutation of the input (e.g. occurrence counts); it proves with the Silver command at --steps=1000000 on the real body, and the trivial body no longer proves it",open; functional claim withdrawn,"tools/vv/contract_scan.csv (agent A3 worktree /workspace/aa-sweepA3, not yet on main, read 2026-10-09 09:24)"
H027,withdrawn_functional,sorting/SPARK4/Ada-SPARK-Bogosort,"bogosort.ads Sort: Post states sortedness but not that the output is a permutation of the input; the trivial body ""zeros"" proves it",functional,Platinum,"contract_scan: trivial body swapped in and proved (agent A3, 2026-10-09)","gnatprove FSF 16.1.0 / Why3 1.8.2+git / cvc5 1.3.2 (86cecd8) / z3 4.15.4 / alt-ergo 2.6.1 (Alire gnatprove=16.1.0, lock tools/toolchain/alire/alire.lock); gnatprove --mode=silver --level=2 --steps=1000000 --timeout=0 -j2 --limit-subp=bogosort.ads:83",PROVES (6 checks); gnatprove --mode=silver --level=2 --steps=1000000 --timeout=0 -j2 --limit-subp=bogosort.ads:83,"strengthening needs ghost occurrence counts and per-swap / per-move lemmas (see Fisher-Yates 231fb940, Stooge 2cb9b08d for the pattern); effort, not compute","scratch copy with the trivial body, then: gnatprove --mode=silver --level=2 --steps=1000000 --timeout=0 -j2 --limit-subp=bogosort.ads:83","Post strengthened to sorted AND permutation of the input (e.g. occurrence counts); it proves with the Silver command at --steps=1000000 on the real body, and the trivial body no longer proves it",closed 22bdaf31,"tools/vv/contract_scan.csv (agent A3 worktree /workspace/aa-sweepA3, not yet on main, read 2026-10-09 09:24)"
H028,withdrawn_functional,sorting/SPARK4/Ada-SPARK-Bubble-Sort,"bubble_sort.ads Sort: Post states sortedness but not that the output is a permutation of the input; the trivial body ""zeros"" proves it",functional,Platinum,"contract_scan: trivial body swapped in and proved (agent A3, 2026-10-09)","gnatprove FSF 16.1.0 / Why3 1.8.2+git / cvc5 1.3.2 (86cecd8) / z3 4.15.4 / alt-ergo 2.6.1 (Alire gnatprove=16.1.0, lock tools/toolchain/alire/alire.lock); gnatprove --mode=silver --level=2 --steps=1000000 --timeout=0 -j2 --limit-subp=bubble_sort.ads:79",PROVES (6 checks); gnatprove --mode=silver --level=2 --steps=1000000 --timeout=0 -j2 --limit-subp=bubble_sort.ads:79,"strengthening needs ghost occurrence counts and per-swap / per-move lemmas (see Fisher-Yates 231fb940, Stooge 2cb9b08d for the pattern); effort, not compute","scratch copy with the trivial body, then: gnatprove --mode=silver --level=2 --steps=1000000 --timeout=0 -j2 --limit-subp=bubble_sort.ads:79","Post strengthened to sorted AND permutation of the input (e.g. occurrence counts); it proves with the Silver command at --steps=1000000 on the real body, and the trivial body no longer proves it",closed 83a436f0,"tools/vv/contract_scan.csv (agent A3 worktree /workspace/aa-sweepA3, not yet on main, read 2026-10-09 09:24)"
H029,withdrawn_functional,sorting/SPARK4/Ada-SPARK-Bucket-Sort,"bucket_sort.ads Sort: Post states sortedness but not that the output is a permutation of the input; the trivial body ""zeros"" proves it",functional,Platinum,"contract_scan: trivial body swapped in and proved (agent A3, 2026-10-09)","gnatprove FSF 16.1.0 / Why3 1.8.2+git / cvc5 1.3.2 (86cecd8) / z3 4.15.4 / alt-ergo 2.6.1 (Alire gnatprove=16.1.0, lock tools/toolchain/alire/alire.lock); gnatprove --mode=silver --level=2 --steps=1000000 --timeout=0 -j2 --limit-subp=bucket_sort.ads:106",PROVES (6 checks); gnatprove --mode=silver --level=2 --steps=1000000 --timeout=0 -j2 --limit-subp=bucket_sort.ads:106,"strengthening needs ghost occurrence counts and per-swap / per-move lemmas (see Fisher-Yates 231fb940, Stooge 2cb9b08d for the pattern); effort, not compute","scratch copy with the trivial body, then: gnatprove --mode=silver --level=2 --steps=1000000 --timeout=0 -j2 --limit-subp=bucket_sort.ads:106","Post strengthened to sorted AND permutation of the input (e.g. occurrence counts); it proves with the Silver command at --steps=1000000 on the real body, and the trivial body no longer proves it",open; functional claim withdrawn,"tools/vv/contract_scan.csv (agent A3 worktree /workspace/aa-sweepA3, not yet on main, read 2026-10-09 09:24)"
H030,withdrawn_functional,sorting/SPARK4/Ada-SPARK-Burstsort,"burstsort.ads Sort: Post states sortedness but not that the output is a permutation of the input; the trivial body ""all_first"" proves it",functional,Platinum,"contract_scan: trivial body swapped in and proved (agent A3, 2026-10-09)","gnatprove FSF 16.1.0 / Why3 1.8.2+git / cvc5 1.3.2 (86cecd8) / z3 4.15.4 / alt-ergo 2.6.1 (Alire gnatprove=16.1.0, lock tools/toolchain/alire/alire.lock); gnatprove --mode=silver --level=2 --steps=1000000 --timeout=0 -j2 --limit-subp=burstsort.ads:139",PROVES (7 checks); gnatprove --mode=silver --level=2 --steps=1000000 --timeout=0 -j2 --limit-subp=burstsort.ads:139,"strengthening needs ghost occurrence counts and per-swap / per-move lemmas (see Fisher-Yates 231fb940, Stooge 2cb9b08d for the pattern); effort, not compute","scratch copy with the trivial body, then: gnatprove --mode=silver --level=2 --steps=1000000 --timeout=0 -j2 --limit-subp=burstsort.ads:139","Post strengthened to sorted AND permutation of the input (e.g. occurrence counts); it proves with the Silver command at --steps=1000000 on the real body, and the trivial body no longer proves it",open; functional claim withdrawn,"tools/vv/contract_scan.csv (agent A3 worktree /workspace/aa-sweepA3, not yet on main, read 2026-10-09 09:24)"
H031,withdrawn_functional,sorting/SPARK4/Ada-SPARK-Cocktail-Shaker-Sort,"cocktail_shaker_sort.ads Sort: Post states sortedness but not that the output is a permutation of the input; the trivial body ""zeros"" proves it",functional,Platinum,"contract_scan: trivial body swapped in and proved (agent A3, 2026-10-09)","gnatprove FSF 16.1.0 / Why3 1.8.2+git / cvc5 1.3.2 (86cecd8) / z3 4.15.4 / alt-ergo 2.6.1 (Alire gnatprove=16.1.0, lock tools/toolchain/alire/alire.lock); gnatprove --mode=silver --level=2 --steps=1000000 --timeout=0 -j2 --limit-subp=cocktail_shaker_sort.ads:88",PROVES (6 checks); gnatprove --mode=silver --level=2 --steps=1000000 --timeout=0 -j2 --limit-subp=cocktail_shaker_sort.ads:88,"strengthening needs ghost occurrence counts and per-swap / per-move lemmas (see Fisher-Yates 231fb940, Stooge 2cb9b08d for the pattern); effort, not compute","scratch copy with the trivial body, then: gnatprove --mode=silver --level=2 --steps=1000000 --timeout=0 -j2 --limit-subp=cocktail_shaker_sort.ads:88","Post strengthened to sorted AND permutation of the input (e.g. occurrence counts); it proves with the Silver command at --steps=1000000 on the real body, and the trivial body no longer proves it",open; functional claim withdrawn,"tools/vv/contract_scan.csv (agent A3 worktree /workspace/aa-sweepA3, not yet on main, read 2026-10-09 09:24)"
H032,withdrawn_functional,sorting/SPARK4/Ada-SPARK-Comb-Sort,"comb_sort.ads Sort: Post states sortedness but not that the output is a permutation of the input; the trivial body ""zeros"" proves it",functional,Platinum,"contract_scan: trivial body swapped in and proved (agent A3, 2026-10-09)","gnatprove FSF 16.1.0 / Why3 1.8.2+git / cvc5 1.3.2 (86cecd8) / z3 4.15.4 / alt-ergo 2.6.1 (Alire gnatprove=16.1.0, lock tools/toolchain/alire/alire.lock); gnatprove --mode=silver --level=2 --steps=1000000 --timeout=0 -j2 --limit-subp=comb_sort.ads:84",PROVES (6 checks); gnatprove --mode=silver --level=2 --steps=1000000 --timeout=0 -j2 --limit-subp=comb_sort.ads:84,"strengthening needs ghost occurrence counts and per-swap / per-move lemmas (see Fisher-Yates 231fb940, Stooge 2cb9b08d for the pattern); effort, not compute","scratch copy with the trivial body, then: gnatprove --mode=silver --level=2 --steps=1000000 --timeout=0 -j2 --limit-subp=comb_sort.ads:84","Post strengthened to sorted AND permutation of the input (e.g. occurrence counts); it proves with the Silver command at --steps=1000000 on the real body, and the trivial body no longer proves it",open; functional claim withdrawn,"tools/vv/contract_scan.csv (agent A3 worktree /workspace/aa-sweepA3, not yet on main, read 2026-10-09 09:24)"
H033,withdrawn_functional,sorting/SPARK4/Ada-SPARK-Counting-Sort,"counting_sort.ads Sort: Post states sortedness but not that the output is a permutation of the input; the trivial body ""zeros"" proves it",functional,Platinum,"contract_scan: trivial body swapped in and proved (agent A3, 2026-10-09)","gnatprove FSF 16.1.0 / Why3 1.8.2+git / cvc5 1.3.2 (86cecd8) / z3 4.15.4 / alt-ergo 2.6.1 (Alire gnatprove=16.1.0, lock tools/toolchain/alire/alire.lock); gnatprove --mode=silver --level=2 --steps=1000000 --timeout=0 -j2 --limit-subp=counting_sort.ads:83",PROVES (6 checks); gnatprove --mode=silver --level=2 --steps=1000000 --timeout=0 -j2 --limit-subp=counting_sort.ads:83,"strengthening needs ghost occurrence counts and per-swap / per-move lemmas (see Fisher-Yates 231fb940, Stooge 2cb9b08d for the pattern); effort, not compute","scratch copy with the trivial body, then: gnatprove --mode=silver --level=2 --steps=1000000 --timeout=0 -j2 --limit-subp=counting_sort.ads:83","Post strengthened to sorted AND permutation of the input (e.g. occurrence counts); it proves with the Silver command at --steps=1000000 on the real body, and the trivial body no longer proves it",open; functional claim withdrawn,"tools/vv/contract_scan.csv (agent A3 worktree /workspace/aa-sweepA3, not yet on main, read 2026-10-09 09:24)"
H034,withdrawn_functional,sorting/SPARK4/Ada-SPARK-Cycle-Sort,"cycle_sort.ads Sort: Post states sortedness but not that the output is a permutation of the input; the trivial body ""zeros"" proves it",functional,Platinum,"contract_scan: trivial body swapped in and proved (agent A3, 2026-10-09)","gnatprove FSF 16.1.0 / Why3 1.8.2+git / cvc5 1.3.2 (86cecd8) / z3 4.15.4 / alt-ergo 2.6.1 (Alire gnatprove=16.1.0, lock tools/toolchain/alire/alire.lock); gnatprove --mode=silver --level=2 --steps=1000000 --timeout=0 -j2 --limit-subp=cycle_sort.ads:85",PROVES (6 checks); gnatprove --mode=silver --level=2 --steps=1000000 --timeout=0 -j2 --limit-subp=cycle_sort.ads:85,"strengthening needs ghost occurrence counts and per-swap / per-move lemmas (see Fisher-Yates 231fb940, Stooge 2cb9b08d for the pattern); effort, not compute","scratch copy with the trivial body, then: gnatprove --mode=silver --level=2 --steps=1000000 --timeout=0 -j2 --limit-subp=cycle_sort.ads:85","Post strengthened to sorted AND permutation of the input (e.g. occurrence counts); it proves with the Silver command at --steps=1000000 on the real body, and the trivial body no longer proves it",open; functional claim withdrawn,"tools/vv/contract_scan.csv (agent A3 worktree /workspace/aa-sweepA3, not yet on main, read 2026-10-09 09:24)"
H035,withdrawn_functional,sorting/SPARK4/Ada-SPARK-Flashsort,"flashsort.ads Sort: Post states sortedness but not that the output is a permutation of the input; the trivial body ""zeros"" proves it",functional,Platinum,"contract_scan: trivial body swapped in and proved (agent A3, 2026-10-09)","gnatprove FSF 16.1.0 / Why3 1.8.2+git / cvc5 1.3.2 (86cecd8) / z3 4.15.4 / alt-ergo 2.6.1 (Alire gnatprove=16.1.0, lock tools/toolchain/alire/alire.lock); gnatprove --mode=silver --level=2 --steps=1000000 --timeout=0 -j2 --limit-subp=flashsort.ads:83",PROVES (6 checks); gnatprove --mode=silver --level=2 --steps=1000000 --timeout=0 -j2 --limit-subp=flashsort.ads:83,"strengthening needs ghost occurrence counts and per-swap / per-move lemmas (see Fisher-Yates 231fb940, Stooge 2cb9b08d for the pattern); effort, not compute","scratch copy with the trivial body, then: gnatprove --mode=silver --level=2 --steps=1000000 --timeout=0 -j2 --limit-subp=flashsort.ads:83","Post strengthened to sorted AND permutation of the input (e.g. occurrence counts); it proves with the Silver command at --steps=1000000 on the real body, and the trivial body no longer proves it",open; functional claim withdrawn,"tools/vv/contract_scan.csv (agent A3 worktree /workspace/aa-sweepA3, not yet on main, read 2026-10-09 09:24)"
H036,withdrawn_functional,sorting/SPARK4/Ada-SPARK-Gnome-Sort,"gnome_sort.ads Sort: Post states sortedness but not that the output is a permutation of the input; the trivial body ""zeros"" proves it",functional,Platinum,"contract_scan: trivial body swapped in and proved (agent A3, 2026-10-09)","gnatprove FSF 16.1.0 / Why3 1.8.2+git / cvc5 1.3.2 (86cecd8) / z3 4.15.4 / alt-ergo 2.6.1 (Alire gnatprove=16.1.0, lock tools/toolchain/alire/alire.lock); gnatprove --mode=silver --level=2 --steps=1000000 --timeout=0 -j2 --limit-subp=gnome_sort.ads:80",PROVES (6 checks); gnatprove --mode=silver --level=2 --steps=1000000 --timeout=0 -j2 --limit-subp=gnome_sort.ads:80,"strengthening needs ghost occurrence counts and per-swap / per-move lemmas (see Fisher-Yates 231fb940, Stooge 2cb9b08d for the pattern); effort, not compute","scratch copy with the trivial body, then: gnatprove --mode=silver --level=2 --steps=1000000 --timeout=0 -j2 --limit-subp=gnome_sort.ads:80","Post strengthened to sorted AND permutation of the input (e.g. occurrence counts); it proves with the Silver command at --steps=1000000 on the real body, and the trivial body no longer proves it",closed d5fd72d3,"tools/vv/contract_scan.csv (agent A3 worktree /workspace/aa-sweepA3, not yet on main, read 2026-10-09 09:24)"
H037,withdrawn_functional,sorting/SPARK4/Ada-SPARK-Heapsort,"heapsort.ads Sort: Post states sortedness but not that the output is a permutation of the input; the trivial body ""zeros"" proves it",functional,Platinum,"contract_scan: trivial body swapped in and proved (agent A3, 2026-10-09)","gnatprove FSF 16.1.0 / Why3 1.8.2+git / cvc5 1.3.2 (86cecd8) / z3 4.15.4 / alt-ergo 2.6.1 (Alire gnatprove=16.1.0, lock tools/toolchain/alire/alire.lock); gnatprove --mode=silver --level=2 --steps=1000000 --timeout=0 -j2 --limit-subp=heapsort.ads:75",PROVES (6 checks); gnatprove --mode=silver --level=2 --steps=1000000 --timeout=0 -j2 --limit-subp=heapsort.ads:75,"strengthening needs ghost occurrence counts and per-swap / per-move lemmas (see Fisher-Yates 231fb940, Stooge 2cb9b08d for the pattern); effort, not compute","scratch copy with the trivial body, then: gnatprove --mode=silver --level=2 --steps=1000000 --timeout=0 -j2 --limit-subp=heapsort.ads:75","Post strengthened to sorted AND permutation of the input (e.g. occurrence counts); it proves with the Silver command at --steps=1000000 on the real body, and the trivial body no longer proves it",closed f8726b8c,"tools/vv/contract_scan.csv (agent A3 worktree /workspace/aa-sweepA3, not yet on main, read 2026-10-09 09:24)"
H038,withdrawn_functional,sorting/SPARK4/Ada-SPARK-Insertion-Sort,"insertion_sort.ads Sort: Post states sortedness but not that the output is a permutation of the input; the trivial body ""zeros"" proves it",functional,Platinum,"contract_scan: trivial body swapped in and proved (agent A3, 2026-10-09)","gnatprove FSF 16.1.0 / Why3 1.8.2+git / cvc5 1.3.2 (86cecd8) / z3 4.15.4 / alt-ergo 2.6.1 (Alire gnatprove=16.1.0, lock tools/toolchain/alire/alire.lock); gnatprove --mode=silver --level=2 --steps=1000000 --timeout=0 -j2 --limit-subp=insertion_sort.ads:80",PROVES (6 checks); gnatprove --mode=silver --level=2 --steps=1000000 --timeout=0 -j2 --limit-subp=insertion_sort.ads:80,"strengthening needs ghost occurrence counts and per-swap / per-move lemmas (see Fisher-Yates 231fb940, Stooge 2cb9b08d for the pattern); effort, not compute","scratch copy with the trivial body, then: gnatprove --mode=silver --level=2 --steps=1000000 --timeout=0 -j2 --limit-subp=insertion_sort.ads:80","Post strengthened to sorted AND permutation of the input (e.g. occurrence counts); it proves with the Silver command at --steps=1000000 on the real body, and the trivial body no longer proves it",open; functional claim withdrawn,"tools/vv/contract_scan.csv (agent A3 worktree /workspace/aa-sweepA3, not yet on main, read 2026-10-09 09:24)"
H039,withdrawn_functional,sorting/SPARK4/Ada-SPARK-Introsort,"introsort.ads Sort: Post states sortedness but not that the output is a permutation of the input; the trivial body ""zeros"" proves it",functional,Platinum,"contract_scan: trivial body swapped in and proved (agent A3, 2026-10-09)","gnatprove FSF 16.1.0 / Why3 1.8.2+git / cvc5 1.3.2 (86cecd8) / z3 4.15.4 / alt-ergo 2.6.1 (Alire gnatprove=16.1.0, lock tools/toolchain/alire/alire.lock); gnatprove --mode=silver --level=2 --steps=1000000 --timeout=0 -j2 --limit-subp=introsort.ads:96",PROVES (6 checks); gnatprove --mode=silver --level=2 --steps=1000000 --timeout=0 -j2 --limit-subp=introsort.ads:96,"strengthening needs ghost occurrence counts and per-swap / per-move lemmas (see Fisher-Yates 231fb940, Stooge 2cb9b08d for the pattern); effort, not compute","scratch copy with the trivial body, then: gnatprove --mode=silver --level=2 --steps=1000000 --timeout=0 -j2 --limit-subp=introsort.ads:96","Post strengthened to sorted AND permutation of the input (e.g. occurrence counts); it proves with the Silver command at --steps=1000000 on the real body, and the trivial body no longer proves it",open; functional claim withdrawn,"tools/vv/contract_scan.csv (agent A3 worktree /workspace/aa-sweepA3, not yet on main, read 2026-10-09 09:24)"
H040,withdrawn_functional,sorting/SPARK4/Ada-SPARK-Library-Sort,"library_sort.ads Sort: Post states sortedness but not that the output is a permutation of the input; the trivial body ""zeros"" proves it",functional,Platinum,"contract_scan: trivial body swapped in and proved (agent A3, 2026-10-09)","gnatprove FSF 16.1.0 / Why3 1.8.2+git / cvc5 1.3.2 (86cecd8) / z3 4.15.4 / alt-ergo 2.6.1 (Alire gnatprove=16.1.0, lock tools/toolchain/alire/alire.lock); gnatprove --mode=silver --level=2 --steps=1000000 --timeout=0 -j2 --limit-subp=library_sort.ads:88",PROVES (6 checks); gnatprove --mode=silver --level=2 --steps=1000000 --timeout=0 -j2 --limit-subp=library_sort.ads:88,"strengthening needs ghost occurrence counts and per-swap / per-move lemmas (see Fisher-Yates 231fb940, Stooge 2cb9b08d for the pattern); effort, not compute","scratch copy with the trivial body, then: gnatprove --mode=silver --level=2 --steps=1000000 --timeout=0 -j2 --limit-subp=library_sort.ads:88","Post strengthened to sorted AND permutation of the input (e.g. occurrence counts); it proves with the Silver command at --steps=1000000 on the real body, and the trivial body no longer proves it",open; functional claim withdrawn,"tools/vv/contract_scan.csv (agent A3 worktree /workspace/aa-sweepA3, not yet on main, read 2026-10-09 09:24)"
H041,withdrawn_functional,sorting/SPARK4/Ada-SPARK-Merge-Sort,"merge_sort.ads Sort: Post states sortedness but not that the output is a permutation of the input; the trivial body ""zeros"" proves it",functional,Platinum,"contract_scan: trivial body swapped in and proved (agent A3, 2026-10-09)","gnatprove FSF 16.1.0 / Why3 1.8.2+git / cvc5 1.3.2 (86cecd8) / z3 4.15.4 / alt-ergo 2.6.1 (Alire gnatprove=16.1.0, lock tools/toolchain/alire/alire.lock); gnatprove --mode=silver --level=2 --steps=1000000 --timeout=0 -j2 --limit-subp=merge_sort.ads:86",PROVES (6 checks); gnatprove --mode=silver --level=2 --steps=1000000 --timeout=0 -j2 --limit-subp=merge_sort.ads:86,"strengthening needs ghost occurrence counts and per-swap / per-move lemmas (see Fisher-Yates 231fb940, Stooge 2cb9b08d for the pattern); effort, not compute","scratch copy with the trivial body, then: gnatprove --mode=silver --level=2 --steps=1000000 --timeout=0 -j2 --limit-subp=merge_sort.ads:86","Post strengthened to sorted AND permutation of the input (e.g. occurrence counts); it proves with the Silver command at --steps=1000000 on the real body, and the trivial body no longer proves it",open; functional claim withdrawn,"tools/vv/contract_scan.csv (agent A3 worktree /workspace/aa-sweepA3, not yet on main, read 2026-10-09 09:24)"
H042,withdrawn_functional,sorting/SPARK4/Ada-SPARK-Odd-Even-Sort,"odd_even_sort.ads Sort: Post states sortedness but not that the output is a permutation of the input; the trivial body ""zeros"" proves it",functional,Platinum,"contract_scan: trivial body swapped in and proved (agent A3, 2026-10-09)","gnatprove FSF 16.1.0 / Why3 1.8.2+git / cvc5 1.3.2 (86cecd8) / z3 4.15.4 / alt-ergo 2.6.1 (Alire gnatprove=16.1.0, lock tools/toolchain/alire/alire.lock); gnatprove --mode=silver --level=2 --steps=1000000 --timeout=0 -j2 --limit-subp=odd_even_sort.ads:92",PROVES (6 checks); gnatprove --mode=silver --level=2 --steps=1000000 --timeout=0 -j2 --limit-subp=odd_even_sort.ads:92,"strengthening needs ghost occurrence counts and per-swap / per-move lemmas (see Fisher-Yates 231fb940, Stooge 2cb9b08d for the pattern); effort, not compute","scratch copy with the trivial body, then: gnatprove --mode=silver --level=2 --steps=1000000 --timeout=0 -j2 --limit-subp=odd_even_sort.ads:92","Post strengthened to sorted AND permutation of the input (e.g. occurrence counts); it proves with the Silver command at --steps=1000000 on the real body, and the trivial body no longer proves it",open; functional claim withdrawn,"tools/vv/contract_scan.csv (agent A3 worktree /workspace/aa-sweepA3, not yet on main, read 2026-10-09 09:24)"
H043,withdrawn_functional,sorting/SPARK4/Ada-SPARK-Pancake-Sorting,"pancake_sorting.ads Sort: Post states sortedness but not that the output is a permutation of the input; the trivial body ""zeros"" proves it",functional,Platinum,"contract_scan: trivial body swapped in and proved (agent A3, 2026-10-09)","gnatprove FSF 16.1.0 / Why3 1.8.2+git / cvc5 1.3.2 (86cecd8) / z3 4.15.4 / alt-ergo 2.6.1 (Alire gnatprove=16.1.0, lock tools/toolchain/alire/alire.lock); gnatprove --mode=silver --level=2 --steps=1000000 --timeout=0 -j2 --limit-subp=pancake_sorting.ads:132",PROVES (6 checks); gnatprove --mode=silver --level=2 --steps=1000000 --timeout=0 -j2 --limit-subp=pancake_sorting.ads:132,"strengthening needs ghost occurrence counts and per-swap / per-move lemmas (see Fisher-Yates 231fb940, Stooge 2cb9b08d for the pattern); effort, not compute","scratch copy with the trivial body, then: gnatprove --mode=silver --level=2 --steps=1000000 --timeout=0 -j2 --limit-subp=pancake_sorting.ads:132","Post strengthened to sorted AND permutation of the input (e.g. occurrence counts); it proves with the Silver command at --steps=1000000 on the real body, and the trivial body no longer proves it",closed 7a9f84c2,"tools/vv/contract_scan.csv (agent A3 worktree /workspace/aa-sweepA3, not yet on main, read 2026-10-09 09:24)"
H044,withdrawn_functional,sorting/SPARK4/Ada-SPARK-Patience-Sorting,"patience_sorting.ads Sort: Post states sortedness but not that the output is a permutation of the input; the trivial body ""zeros"" proves it",functional,Platinum,"contract_scan: trivial body swapped in and proved (agent A3, 2026-10-09)","gnatprove FSF 16.1.0 / Why3 1.8.2+git / cvc5 1.3.2 (86cecd8) / z3 4.15.4 / alt-ergo 2.6.1 (Alire gnatprove=16.1.0, lock tools/toolchain/alire/alire.lock); gnatprove --mode=silver --level=2 --steps=1000000 --timeout=0 -j2 --limit-subp=patience_sorting.ads:82",PROVES (6 checks); gnatprove --mode=silver --level=2 --steps=1000000 --timeout=0 -j2 --limit-subp=patience_sorting.ads:82,"strengthening needs ghost occurrence counts and per-swap / per-move lemmas (see Fisher-Yates 231fb940, Stooge 2cb9b08d for the pattern); effort, not compute","scratch copy with the trivial body, then: gnatprove --mode=silver --level=2 --steps=1000000 --timeout=0 -j2 --limit-subp=patience_sorting.ads:82","Post strengthened to sorted AND permutation of the input (e.g. occurrence counts); it proves with the Silver command at --steps=1000000 on the real body, and the trivial body no longer proves it",open; functional claim withdrawn,"tools/vv/contract_scan.csv (agent A3 worktree /workspace/aa-sweepA3, not yet on main, read 2026-10-09 09:24)"
H045,withdrawn_functional,sorting/SPARK4/Ada-SPARK-Pigeonhole-Sort,"pigeonhole_sort.ads Sort: Post states sortedness but not that the output is a permutation of the input; the trivial body ""zeros"" proves it",functional,Platinum,"contract_scan: trivial body swapped in and proved (agent A3, 2026-10-09)","gnatprove FSF 16.1.0 / Why3 1.8.2+git / cvc5 1.3.2 (86cecd8) / z3 4.15.4 / alt-ergo 2.6.1 (Alire gnatprove=16.1.0, lock tools/toolchain/alire/alire.lock); gnatprove --mode=silver --level=2 --steps=1000000 --timeout=0 -j2 --limit-subp=pigeonhole_sort.ads:105",PROVES (7 checks); gnatprove --mode=silver --level=2 --steps=1000000 --timeout=0 -j2 --limit-subp=pigeonhole_sort.ads:105,"strengthening needs ghost occurrence counts and per-swap / per-move lemmas (see Fisher-Yates 231fb940, Stooge 2cb9b08d for the pattern); effort, not compute","scratch copy with the trivial body, then: gnatprove --mode=silver --level=2 --steps=1000000 --timeout=0 -j2 --limit-subp=pigeonhole_sort.ads:105","Post strengthened to sorted AND permutation of the input (e.g. occurrence counts); it proves with the Silver command at --steps=1000000 on the real body, and the trivial body no longer proves it",open; functional claim withdrawn,"tools/vv/contract_scan.csv (agent A3 worktree /workspace/aa-sweepA3, not yet on main, read 2026-10-09 09:24)"
H046,withdrawn_functional,sorting/SPARK4/Ada-SPARK-Postman-Sort,"postman_sort.ads Sort: Post states sortedness but not that the output is a permutation of the input; the trivial body ""zeros"" proves it",functional,Platinum,"contract_scan: trivial body swapped in and proved (agent A3, 2026-10-09)","gnatprove FSF 16.1.0 / Why3 1.8.2+git / cvc5 1.3.2 (86cecd8) / z3 4.15.4 / alt-ergo 2.6.1 (Alire gnatprove=16.1.0, lock tools/toolchain/alire/alire.lock); gnatprove --mode=silver --level=2 --steps=1000000 --timeout=0 -j2 --limit-subp=postman_sort.ads:105",PROVES (7 checks); gnatprove --mode=silver --level=2 --steps=1000000 --timeout=0 -j2 --limit-subp=postman_sort.ads:105,"strengthening needs ghost occurrence counts and per-swap / per-move lemmas (see Fisher-Yates 231fb940, Stooge 2cb9b08d for the pattern); effort, not compute","scratch copy with the trivial body, then: gnatprove --mode=silver --level=2 --steps=1000000 --timeout=0 -j2 --limit-subp=postman_sort.ads:105","Post strengthened to sorted AND permutation of the input (e.g. occurrence counts); it proves with the Silver command at --steps=1000000 on the real body, and the trivial body no longer proves it",open; functional claim withdrawn,"tools/vv/contract_scan.csv (agent A3 worktree /workspace/aa-sweepA3, not yet on main, read 2026-10-09 09:24)"
H047,withdrawn_functional,sorting/SPARK4/Ada-SPARK-Quantum-Sort,"quantum_sort.ads Sort_Comparison: Post states sortedness but not that the output is a permutation of the input; the trivial body ""zeros"" proves it",functional,Platinum,"contract_scan: trivial body swapped in and proved (agent A3, 2026-10-09)","gnatprove FSF 16.1.0 / Why3 1.8.2+git / cvc5 1.3.2 (86cecd8) / z3 4.15.4 / alt-ergo 2.6.1 (Alire gnatprove=16.1.0, lock tools/toolchain/alire/alire.lock); gnatprove --mode=silver --level=2 --steps=1000000 --timeout=0 -j2 --limit-subp=quantum_sort.ads:84",PROVES (6 checks); gnatprove --mode=silver --level=2 --steps=1000000 --timeout=0 -j2 --limit-subp=quantum_sort.ads:84,"strengthening needs ghost occurrence counts and per-swap / per-move lemmas (see Fisher-Yates 231fb940, Stooge 2cb9b08d for the pattern); effort, not compute","scratch copy with the trivial body, then: gnatprove --mode=silver --level=2 --steps=1000000 --timeout=0 -j2 --limit-subp=quantum_sort.ads:84","Post strengthened to sorted AND permutation of the input (e.g. occurrence counts); it proves with the Silver command at --steps=1000000 on the real body, and the trivial body no longer proves it",open; functional claim withdrawn,"tools/vv/contract_scan.csv (agent A3 worktree /workspace/aa-sweepA3, not yet on main, read 2026-10-09 09:24)"
H048,withdrawn_functional,sorting/SPARK4/Ada-SPARK-Quantum-Sort,"quantum_sort.ads Sort_Parallel_Network: Post states sortedness but not that the output is a permutation of the input; the trivial body ""zeros"" proves it",functional,Platinum,"contract_scan: trivial body swapped in and proved (agent A3, 2026-10-09)","gnatprove FSF 16.1.0 / Why3 1.8.2+git / cvc5 1.3.2 (86cecd8) / z3 4.15.4 / alt-ergo 2.6.1 (Alire gnatprove=16.1.0, lock tools/toolchain/alire/alire.lock); gnatprove --mode=silver --level=2 --steps=1000000 --timeout=0 -j2 --limit-subp=quantum_sort.ads:92",PROVES (6 checks); gnatprove --mode=silver --level=2 --steps=1000000 --timeout=0 -j2 --limit-subp=quantum_sort.ads:92,"strengthening needs ghost occurrence counts and per-swap / per-move lemmas (see Fisher-Yates 231fb940, Stooge 2cb9b08d for the pattern); effort, not compute","scratch copy with the trivial body, then: gnatprove --mode=silver --level=2 --steps=1000000 --timeout=0 -j2 --limit-subp=quantum_sort.ads:92","Post strengthened to sorted AND permutation of the input (e.g. occurrence counts); it proves with the Silver command at --steps=1000000 on the real body, and the trivial body no longer proves it",open; functional claim withdrawn,"tools/vv/contract_scan.csv (agent A3 worktree /workspace/aa-sweepA3, not yet on main, read 2026-10-09 09:24)"
H049,withdrawn_functional,sorting/SPARK4/Ada-SPARK-Quantum-Sort,"quantum_sort.ads Sort_Frequency: Post states sortedness but not that the output is a permutation of the input; the trivial body ""zeros"" proves it",functional,Platinum,"contract_scan: trivial body swapped in and proved (agent A3, 2026-10-09)","gnatprove FSF 16.1.0 / Why3 1.8.2+git / cvc5 1.3.2 (86cecd8) / z3 4.15.4 / alt-ergo 2.6.1 (Alire gnatprove=16.1.0, lock tools/toolchain/alire/alire.lock); gnatprove --mode=silver --level=2 --steps=1000000 --timeout=0 -j2 --limit-subp=quantum_sort.ads:100",PROVES (6 checks); gnatprove --mode=silver --level=2 --steps=1000000 --timeout=0 -j2 --limit-subp=quantum_sort.ads:100,"strengthening needs ghost occurrence counts and per-swap / per-move lemmas (see Fisher-Yates 231fb940, Stooge 2cb9b08d for the pattern); effort, not compute","scratch copy with the trivial body, then: gnatprove --mode=silver --level=2 --steps=1000000 --timeout=0 -j2 --limit-subp=quantum_sort.ads:100","Post strengthened to sorted AND permutation of the input (e.g. occurrence counts); it proves with the Silver command at --steps=1000000 on the real body, and the trivial body no longer proves it",open; functional claim withdrawn,"tools/vv/contract_scan.csv (agent A3 worktree /workspace/aa-sweepA3, not yet on main, read 2026-10-09 09:24)"
H050,withdrawn_functional,sorting/SPARK4/Ada-SPARK-Quantum-Sort,"quantum_sort.ads Sort_Space_Bounded: Post states sortedness but not that the output is a permutation of the input; the trivial body ""zeros"" proves it",functional,Platinum,"contract_scan: trivial body swapped in and proved (agent A3, 2026-10-09)","gnatprove FSF 16.1.0 / Why3 1.8.2+git / cvc5 1.3.2 (86cecd8) / z3 4.15.4 / alt-ergo 2.6.1 (Alire gnatprove=16.1.0, lock tools/toolchain/alire/alire.lock); gnatprove --mode=silver --level=2 --steps=1000000 --timeout=0 -j2 --limit-subp=quantum_sort.ads:108",PROVES (6 checks); gnatprove --mode=silver --level=2 --steps=1000000 --timeout=0 -j2 --limit-subp=quantum_sort.ads:108,"strengthening needs ghost occurrence counts and per-swap / per-move lemmas (see Fisher-Yates 231fb940, Stooge 2cb9b08d for the pattern); effort, not compute","scratch copy with the trivial body, then: gnatprove --mode=silver --level=2 --steps=1000000 --timeout=0 -j2 --limit-subp=quantum_sort.ads:108","Post strengthened to sorted AND permutation of the input (e.g. occurrence counts); it proves with the Silver command at --steps=1000000 on the real body, and the trivial body no longer proves it",open; functional claim withdrawn,"tools/vv/contract_scan.csv (agent A3 worktree /workspace/aa-sweepA3, not yet on main, read 2026-10-09 09:24)"
H051,withdrawn_functional,sorting/SPARK4/Ada-SPARK-Quicksort,"quicksort.ads Sort: Post states sortedness but not that the output is a permutation of the input; the trivial body ""zeros"" proves it",functional,Platinum,"contract_scan: trivial body swapped in and proved (agent A3, 2026-10-09)","gnatprove FSF 16.1.0 / Why3 1.8.2+git / cvc5 1.3.2 (86cecd8) / z3 4.15.4 / alt-ergo 2.6.1 (Alire gnatprove=16.1.0, lock tools/toolchain/alire/alire.lock); gnatprove --mode=silver --level=2 --steps=1000000 --timeout=0 -j2 --limit-subp=quicksort.ads:84",PROVES (6 checks); gnatprove --mode=silver --level=2 --steps=1000000 --timeout=0 -j2 --limit-subp=quicksort.ads:84,"strengthening needs ghost occurrence counts and per-swap / per-move lemmas (see Fisher-Yates 231fb940, Stooge 2cb9b08d for the pattern); effort, not compute","scratch copy with the trivial body, then: gnatprove --mode=silver --level=2 --steps=1000000 --timeout=0 -j2 --limit-subp=quicksort.ads:84","Post strengthened to sorted AND permutation of the input (e.g. occurrence counts); it proves with the Silver command at --steps=1000000 on the real body, and the trivial body no longer proves it",closed d3baec79,"tools/vv/contract_scan.csv (agent A3 worktree /workspace/aa-sweepA3, not yet on main, read 2026-10-09 09:24)"
H052,withdrawn_functional,sorting/SPARK4/Ada-SPARK-Radix-Sort,"radix_sort.ads Sort: Post states sortedness but not that the output is a permutation of the input; the trivial body ""zeros"" proves it",functional,Platinum,"contract_scan: trivial body swapped in and proved (agent A3, 2026-10-09)","gnatprove FSF 16.1.0 / Why3 1.8.2+git / cvc5 1.3.2 (86cecd8) / z3 4.15.4 / alt-ergo 2.6.1 (Alire gnatprove=16.1.0, lock tools/toolchain/alire/alire.lock); gnatprove --mode=silver --level=2 --steps=1000000 --timeout=0 -j2 --limit-subp=radix_sort.ads:106",PROVES (6 checks); gnatprove --mode=silver --level=2 --steps=1000000 --timeout=0 -j2 --limit-subp=radix_sort.ads:106,"strengthening needs ghost occurrence counts and per-swap / per-move lemmas (see Fisher-Yates 231fb940, Stooge 2cb9b08d for the pattern); effort, not compute","scratch copy with the trivial body, then: gnatprove --mode=silver --level=2 --steps=1000000 --timeout=0 -j2 --limit-subp=radix_sort.ads:106","Post strengthened to sorted AND permutation of the input (e.g. occurrence counts); it proves with the Silver command at --steps=1000000 on the real body, and the trivial body no longer proves it",open; functional claim withdrawn,"tools/vv/contract_scan.csv (agent A3 worktree /workspace/aa-sweepA3, not yet on main, read 2026-10-09 09:24)"
H053,withdrawn_functional,sorting/SPARK4/Ada-SPARK-Samplesort,"samplesort.ads Sort: Post states sortedness but not that the output is a permutation of the input; the trivial body ""zeros"" proves it",functional,Platinum,"contract_scan: trivial body swapped in and proved (agent A3, 2026-10-09)","gnatprove FSF 16.1.0 / Why3 1.8.2+git / cvc5 1.3.2 (86cecd8) / z3 4.15.4 / alt-ergo 2.6.1 (Alire gnatprove=16.1.0, lock tools/toolchain/alire/alire.lock); gnatprove --mode=silver --level=2 --steps=1000000 --timeout=0 -j2 --limit-subp=samplesort.ads:85",PROVES (6 checks); gnatprove --mode=silver --level=2 --steps=1000000 --timeout=0 -j2 --limit-subp=samplesort.ads:85,"strengthening needs ghost occurrence counts and per-swap / per-move lemmas (see Fisher-Yates 231fb940, Stooge 2cb9b08d for the pattern); effort, not compute","scratch copy with the trivial body, then: gnatprove --mode=silver --level=2 --steps=1000000 --timeout=0 -j2 --limit-subp=samplesort.ads:85","Post strengthened to sorted AND permutation of the input (e.g. occurrence counts); it proves with the Silver command at --steps=1000000 on the real body, and the trivial body no longer proves it",open; functional claim withdrawn,"tools/vv/contract_scan.csv (agent A3 worktree /workspace/aa-sweepA3, not yet on main, read 2026-10-09 09:24)"
H054,withdrawn_functional,sorting/SPARK4/Ada-SPARK-Selection-Sort,"selection_sort.ads Sort: Post states sortedness but not that the output is a permutation of the input; the trivial body ""zeros"" proves it",functional,Platinum,"contract_scan: trivial body swapped in and proved (agent A3, 2026-10-09)","gnatprove FSF 16.1.0 / Why3 1.8.2+git / cvc5 1.3.2 (86cecd8) / z3 4.15.4 / alt-ergo 2.6.1 (Alire gnatprove=16.1.0, lock tools/toolchain/alire/alire.lock); gnatprove --mode=silver --level=2 --steps=1000000 --timeout=0 -j2 --limit-subp=selection_sort.ads:86",PROVES (6 checks); gnatprove --mode=silver --level=2 --steps=1000000 --timeout=0 -j2 --limit-subp=selection_sort.ads:86,"strengthening needs ghost occurrence counts and per-swap / per-move lemmas (see Fisher-Yates 231fb940, Stooge 2cb9b08d for the pattern); effort, not compute","scratch copy with the trivial body, then: gnatprove --mode=silver --level=2 --steps=1000000 --timeout=0 -j2 --limit-subp=selection_sort.ads:86","Post strengthened to sorted AND permutation of the input (e.g. occurrence counts); it proves with the Silver command at --steps=1000000 on the real body, and the trivial body no longer proves it",closed 86b7f051,"tools/vv/contract_scan.csv (agent A3 worktree /workspace/aa-sweepA3, not yet on main, read 2026-10-09 09:24)"
H055,withdrawn_functional,sorting/SPARK4/Ada-SPARK-Selection-Sort,"selection_sort.ads Sort_Descending: Post states sortedness but not that the output is a permutation of the input; the trivial body ""zeros"" proves it",functional,Platinum,"contract_scan: trivial body swapped in and proved (agent A3, 2026-10-09)","gnatprove FSF 16.1.0 / Why3 1.8.2+git / cvc5 1.3.2 (86cecd8) / z3 4.15.4 / alt-ergo 2.6.1 (Alire gnatprove=16.1.0, lock tools/toolchain/alire/alire.lock); gnatprove --mode=silver --level=2 --steps=1000000 --timeout=0 -j2 --limit-subp=selection_sort.ads:96",PROVES (6 checks); gnatprove --mode=silver --level=2 --steps=1000000 --timeout=0 -j2 --limit-subp=selection_sort.ads:96,"strengthening needs ghost occurrence counts and per-swap / per-move lemmas (see Fisher-Yates 231fb940, Stooge 2cb9b08d for the pattern); effort, not compute","scratch copy with the trivial body, then: gnatprove --mode=silver --level=2 --steps=1000000 --timeout=0 -j2 --limit-subp=selection_sort.ads:96","Post strengthened to sorted AND permutation of the input (e.g. occurrence counts); it proves with the Silver command at --steps=1000000 on the real body, and the trivial body no longer proves it",closed 86b7f051,"tools/vv/contract_scan.csv (agent A3 worktree /workspace/aa-sweepA3, not yet on main, read 2026-10-09 09:24)"
H056,withdrawn_functional,sorting/SPARK4/Ada-SPARK-Shell-Sort,"shell_sort.ads Sort: Post states sortedness but not that the output is a permutation of the input; the trivial body ""zeros"" proves it",functional,Platinum,"contract_scan: trivial body swapped in and proved (agent A3, 2026-10-09)","gnatprove FSF 16.1.0 / Why3 1.8.2+git / cvc5 1.3.2 (86cecd8) / z3 4.15.4 / alt-ergo 2.6.1 (Alire gnatprove=16.1.0, lock tools/toolchain/alire/alire.lock); gnatprove --mode=silver --level=2 --steps=1000000 --timeout=0 -j2 --limit-subp=shell_sort.ads:83",PROVES (6 checks); gnatprove --mode=silver --level=2 --steps=1000000 --timeout=0 -j2 --limit-subp=shell_sort.ads:83,"strengthening needs ghost occurrence counts and per-swap / per-move lemmas (see Fisher-Yates 231fb940, Stooge 2cb9b08d for the pattern); effort, not compute","scratch copy with the trivial body, then: gnatprove --mode=silver --level=2 --steps=1000000 --timeout=0 -j2 --limit-subp=shell_sort.ads:83","Post strengthened to sorted AND permutation of the input (e.g. occurrence counts); it proves with the Silver command at --steps=1000000 on the real body, and the trivial body no longer proves it",open; functional claim withdrawn,"tools/vv/contract_scan.csv (agent A3 worktree /workspace/aa-sweepA3, not yet on main, read 2026-10-09 09:24)"
H057,withdrawn_functional,sorting/SPARK4/Ada-SPARK-Slowsort,"slowsort.ads Sort: Post states sortedness but not that the output is a permutation of the input; the trivial body ""zeros"" proves it",functional,Platinum,"contract_scan: trivial body swapped in and proved (agent A3, 2026-10-09)","gnatprove FSF 16.1.0 / Why3 1.8.2+git / cvc5 1.3.2 (86cecd8) / z3 4.15.4 / alt-ergo 2.6.1 (Alire gnatprove=16.1.0, lock tools/toolchain/alire/alire.lock); gnatprove --mode=silver --level=2 --steps=1000000 --timeout=0 -j2 --limit-subp=slowsort.ads:88",PROVES (6 checks); gnatprove --mode=silver --level=2 --steps=1000000 --timeout=0 -j2 --limit-subp=slowsort.ads:88,"strengthening needs ghost occurrence counts and per-swap / per-move lemmas (see Fisher-Yates 231fb940, Stooge 2cb9b08d for the pattern); effort, not compute","scratch copy with the trivial body, then: gnatprove --mode=silver --level=2 --steps=1000000 --timeout=0 -j2 --limit-subp=slowsort.ads:88","Post strengthened to sorted AND permutation of the input (e.g. occurrence counts); it proves with the Silver command at --steps=1000000 on the real body, and the trivial body no longer proves it",open; functional claim withdrawn,"tools/vv/contract_scan.csv (agent A3 worktree /workspace/aa-sweepA3, not yet on main, read 2026-10-09 09:24)"
H058,withdrawn_functional,sorting/SPARK4/Ada-SPARK-Smoothsort,"smoothsort.ads Sort: Post states sortedness but not that the output is a permutation of the input; the trivial body ""zeros"" proves it",functional,Platinum,"contract_scan: trivial body swapped in and proved (agent A3, 2026-10-09)","gnatprove FSF 16.1.0 / Why3 1.8.2+git / cvc5 1.3.2 (86cecd8) / z3 4.15.4 / alt-ergo 2.6.1 (Alire gnatprove=16.1.0, lock tools/toolchain/alire/alire.lock); gnatprove --mode=silver --level=2 --steps=1000000 --timeout=0 -j2 --limit-subp=smoothsort.ads:98",PROVES (6 checks); gnatprove --mode=silver --level=2 --steps=1000000 --timeout=0 -j2 --limit-subp=smoothsort.ads:98,"strengthening needs ghost occurrence counts and per-swap / per-move lemmas (see Fisher-Yates 231fb940, Stooge 2cb9b08d for the pattern); effort, not compute","scratch copy with the trivial body, then: gnatprove --mode=silver --level=2 --steps=1000000 --timeout=0 -j2 --limit-subp=smoothsort.ads:98","Post strengthened to sorted AND permutation of the input (e.g. occurrence counts); it proves with the Silver command at --steps=1000000 on the real body, and the trivial body no longer proves it",closed 615114b6,"tools/vv/contract_scan.csv (agent A3 worktree /workspace/aa-sweepA3, not yet on main, read 2026-10-09 09:24)"
H059,withdrawn_functional,sorting/SPARK4/Ada-SPARK-Spaghetti-Sort,"spaghetti_sort.ads Sort: Post states sortedness but not that the output is a permutation of the input; the trivial body ""zeros"" proves it",functional,Platinum,"contract_scan: trivial body swapped in and proved (agent A3, 2026-10-09)","gnatprove FSF 16.1.0 / Why3 1.8.2+git / cvc5 1.3.2 (86cecd8) / z3 4.15.4 / alt-ergo 2.6.1 (Alire gnatprove=16.1.0, lock tools/toolchain/alire/alire.lock); gnatprove --mode=silver --level=2 --steps=1000000 --timeout=0 -j2 --limit-subp=spaghetti_sort.ads:108",PROVES (7 checks); gnatprove --mode=silver --level=2 --steps=1000000 --timeout=0 -j2 --limit-subp=spaghetti_sort.ads:108,"strengthening needs ghost occurrence counts and per-swap / per-move lemmas (see Fisher-Yates 231fb940, Stooge 2cb9b08d for the pattern); effort, not compute","scratch copy with the trivial body, then: gnatprove --mode=silver --level=2 --steps=1000000 --timeout=0 -j2 --limit-subp=spaghetti_sort.ads:108","Post strengthened to sorted AND permutation of the input (e.g. occurrence counts); it proves with the Silver command at --steps=1000000 on the real body, and the trivial body no longer proves it",open; functional claim withdrawn,"tools/vv/contract_scan.csv (agent A3 worktree /workspace/aa-sweepA3, not yet on main, read 2026-10-09 09:24)"
H060,withdrawn_functional,sorting/SPARK4/Ada-SPARK-Stooge-Sort,"stooge_sort.ads Sort: Post states sortedness but not that the output is a permutation of the input; the trivial body ""zeros"" proves it",functional,Platinum,"contract_scan: trivial body swapped in and proved (agent A3, 2026-10-09)","gnatprove FSF 16.1.0 / Why3 1.8.2+git / cvc5 1.3.2 (86cecd8) / z3 4.15.4 / alt-ergo 2.6.1 (Alire gnatprove=16.1.0, lock tools/toolchain/alire/alire.lock); gnatprove --mode=silver --level=2 --steps=1000000 --timeout=0 -j2 --limit-subp=stooge_sort.ads:91",PROVES (6 checks); gnatprove --mode=silver --level=2 --steps=1000000 --timeout=0 -j2 --limit-subp=stooge_sort.ads:91,"strengthening needs ghost occurrence counts and per-swap / per-move lemmas (see Fisher-Yates 231fb940, Stooge 2cb9b08d for the pattern); effort, not compute","scratch copy with the trivial body, then: gnatprove --mode=silver --level=2 --steps=1000000 --timeout=0 -j2 --limit-subp=stooge_sort.ads:91","Post strengthened to sorted AND permutation of the input (e.g. occurrence counts); it proves with the Silver command at --steps=1000000 on the real body, and the trivial body no longer proves it",open; functional claim withdrawn,"tools/vv/contract_scan.csv (agent A3 worktree /workspace/aa-sweepA3, not yet on main, read 2026-10-09 09:24)"
H061,withdrawn_functional,sorting/SPARK4/Ada-SPARK-Strand-Sort,"strand_sort.ads Sort: Post states sortedness but not that the output is a permutation of the input; the trivial body ""zeros"" proves it",functional,Platinum,"contract_scan: trivial body swapped in and proved (agent A3, 2026-10-09)","gnatprove FSF 16.1.0 / Why3 1.8.2+git / cvc5 1.3.2 (86cecd8) / z3 4.15.4 / alt-ergo 2.6.1 (Alire gnatprove=16.1.0, lock tools/toolchain/alire/alire.lock); gnatprove --mode=silver --level=2 --steps=1000000 --timeout=0 -j2 --limit-subp=strand_sort.ads:79",PROVES (6 checks); gnatprove --mode=silver --level=2 --steps=1000000 --timeout=0 -j2 --limit-subp=strand_sort.ads:79,"strengthening needs ghost occurrence counts and per-swap / per-move lemmas (see Fisher-Yates 231fb940, Stooge 2cb9b08d for the pattern); effort, not compute","scratch copy with the trivial body, then: gnatprove --mode=silver --level=2 --steps=1000000 --timeout=0 -j2 --limit-subp=strand_sort.ads:79","Post strengthened to sorted AND permutation of the input (e.g. occurrence counts); it proves with the Silver command at --steps=1000000 on the real body, and the trivial body no longer proves it",open; functional claim withdrawn,"tools/vv/contract_scan.csv (agent A3 worktree /workspace/aa-sweepA3, not yet on main, read 2026-10-09 09:24)"
H062,withdrawn_functional,sorting/SPARK4/Ada-SPARK-Timsort,"timsort.ads Sort: Post states sortedness but not that the output is a permutation of the input; the trivial body ""zeros"" proves it",functional,Platinum,"contract_scan: trivial body swapped in and proved (agent A3, 2026-10-09)","gnatprove FSF 16.1.0 / Why3 1.8.2+git / cvc5 1.3.2 (86cecd8) / z3 4.15.4 / alt-ergo 2.6.1 (Alire gnatprove=16.1.0, lock tools/toolchain/alire/alire.lock); gnatprove --mode=silver --level=2 --steps=1000000 --timeout=0 -j2 --limit-subp=timsort.ads:86",PROVES (6 checks); gnatprove --mode=silver --level=2 --steps=1000000 --timeout=0 -j2 --limit-subp=timsort.ads:86,"strengthening needs ghost occurrence counts and per-swap / per-move lemmas (see Fisher-Yates 231fb940, Stooge 2cb9b08d for the pattern); effort, not compute","scratch copy with the trivial body, then: gnatprove --mode=silver --level=2 --steps=1000000 --timeout=0 -j2 --limit-subp=timsort.ads:86","Post strengthened to sorted AND permutation of the input (e.g. occurrence counts); it proves with the Silver command at --steps=1000000 on the real body, and the trivial body no longer proves it",open; functional claim withdrawn,"tools/vv/contract_scan.csv (agent A3 worktree /workspace/aa-sweepA3, not yet on main, read 2026-10-09 09:24)"
H063,withdrawn_functional,sorting/SPARK4/Ada-SPARK-Tree-Sort,"tree_sort.ads Sort: Post states sortedness but not that the output is a permutation of the input; the trivial body ""zeros"" proves it",functional,Platinum,"contract_scan: trivial body swapped in and proved (agent A3, 2026-10-09)","gnatprove FSF 16.1.0 / Why3 1.8.2+git / cvc5 1.3.2 (86cecd8) / z3 4.15.4 / alt-ergo 2.6.1 (Alire gnatprove=16.1.0, lock tools/toolchain/alire/alire.lock); gnatprove --mode=silver --level=2 --steps=1000000 --timeout=0 -j2 --limit-subp=tree_sort.ads:79",PROVES (6 checks); gnatprove --mode=silver --level=2 --steps=1000000 --timeout=0 -j2 --limit-subp=tree_sort.ads:79,"strengthening needs ghost occurrence counts and per-swap / per-move lemmas (see Fisher-Yates 231fb940, Stooge 2cb9b08d for the pattern); effort, not compute","scratch copy with the trivial body, then: gnatprove --mode=silver --level=2 --steps=1000000 --timeout=0 -j2 --limit-subp=tree_sort.ads:79","Post strengthened to sorted AND permutation of the input (e.g. occurrence counts); it proves with the Silver command at --steps=1000000 on the real body, and the trivial body no longer proves it",open; functional claim withdrawn,"tools/vv/contract_scan.csv (agent A3 worktree /workspace/aa-sweepA3, not yet on main, read 2026-10-09 09:24)"
H064,withdrawn_functional,sorting/SPARK4/Bead-Sort,"bead_sort.ads Sort: Post states sortedness but not that the output is a permutation of the input; the trivial body ""zeros"" proves it",functional,Platinum,"contract_scan: trivial body swapped in and proved (agent A3, 2026-10-09)","gnatprove FSF 16.1.0 / Why3 1.8.2+git / cvc5 1.3.2 (86cecd8) / z3 4.15.4 / alt-ergo 2.6.1 (Alire gnatprove=16.1.0, lock tools/toolchain/alire/alire.lock); gnatprove --mode=silver --level=2 --steps=1000000 --timeout=0 -j2 --limit-subp=bead_sort.ads:103",PROVES (7 checks); gnatprove --mode=silver --level=2 --steps=1000000 --timeout=0 -j2 --limit-subp=bead_sort.ads:103,"strengthening needs ghost occurrence counts and per-swap / per-move lemmas (see Fisher-Yates 231fb940, Stooge 2cb9b08d for the pattern); effort, not compute","scratch copy with the trivial body, then: gnatprove --mode=silver --level=2 --steps=1000000 --timeout=0 -j2 --limit-subp=bead_sort.ads:103","Post strengthened to sorted AND permutation of the input (e.g. occurrence counts); it proves with the Silver command at --steps=1000000 on the real body, and the trivial body no longer proves it",open; functional claim withdrawn,"tools/vv/contract_scan.csv (agent A3 worktree /workspace/aa-sweepA3, not yet on main, read 2026-10-09 09:24)"
H065,withdrawn_functional,misc/SPARK4/Ada-SPARK-K-Way-Merge,"k_way_merge.ads Merge: Post states sortedness but not that the output is a permutation of the input; the trivial body ""zeros"" proves it",functional,Platinum,"contract_scan: trivial body swapped in and proved (agent A3, 2026-10-09)","gnatprove FSF 16.1.0 / Why3 1.8.2+git / cvc5 1.3.2 (86cecd8) / z3 4.15.4 / alt-ergo 2.6.1 (Alire gnatprove=16.1.0, lock tools/toolchain/alire/alire.lock); gnatprove --mode=silver --level=2 --steps=1000000 --timeout=0 -j2 --limit-subp=k_way_merge.ads:172",PROVES (26 checks); gnatprove --mode=silver --level=2 --steps=1000000 --timeout=0 -j2 --limit-subp=k_way_merge.ads:172,"strengthening needs ghost occurrence counts and per-swap / per-move lemmas (see Fisher-Yates 231fb940, Stooge 2cb9b08d for the pattern); effort, not compute","scratch copy with the trivial body, then: gnatprove --mode=silver --level=2 --steps=1000000 --timeout=0 -j2 --limit-subp=k_way_merge.ads:172","Post strengthened to sorted AND permutation of the input (e.g. occurrence counts); it proves with the Silver command at --steps=1000000 on the real body, and the trivial body no longer proves it",closed ab8ed006,"tools/vv/contract_scan.csv (agent A3 worktree /workspace/aa-sweepA3, not yet on main, read 2026-10-09 09:24)"
H066,withdrawn_functional,misc/SPARK4/Ada-SPARK-K-Way-Merge,"k_way_merge.ads Merge_K: Post states sortedness but not that the output is a permutation of the input; the trivial body ""zeros"" proves it",functional,Platinum,"contract_scan: trivial body swapped in and proved (agent A3, 2026-10-09)","gnatprove FSF 16.1.0 / Why3 1.8.2+git / cvc5 1.3.2 (86cecd8) / z3 4.15.4 / alt-ergo 2.6.1 (Alire gnatprove=16.1.0, lock tools/toolchain/alire/alire.lock); gnatprove --mode=silver --level=2 --steps=1000000 --timeout=0 -j2 --limit-subp=k_way_merge.ads:148",PROVES (13 checks); gnatprove --mode=silver --level=2 --steps=1000000 --timeout=0 -j2 --limit-subp=k_way_merge.ads:148,"strengthening needs ghost occurrence counts and per-swap / per-move lemmas (see Fisher-Yates 231fb940, Stooge 2cb9b08d for the pattern); effort, not compute","scratch copy with the trivial body, then: gnatprove --mode=silver --level=2 --steps=1000000 --timeout=0 -j2 --limit-subp=k_way_merge.ads:148","Post strengthened to sorted AND permutation of the input (e.g. occurrence counts); it proves with the Silver command at --steps=1000000 on the real body, and the trivial body no longer proves it",closed ab8ed006,"tools/vv/contract_scan.csv (agent A3 worktree /workspace/aa-sweepA3, not yet on main, read 2026-10-09 09:24)"
H067,withdrawn_functional,sorting/SPARK4/Ada-SPARK-Sorted-List,"sorted_list.ads Delete_First: Post too weak (Post proves trivial body drop_last); trivial body ""drop_last""",functional,Platinum,"contract_scan: trivial body swapped in and proved (agent A3, 2026-10-09)","gnatprove FSF 16.1.0 / Why3 1.8.2+git / cvc5 1.3.2 (86cecd8) / z3 4.15.4 / alt-ergo 2.6.1 (Alire gnatprove=16.1.0, lock tools/toolchain/alire/alire.lock); gnatprove --mode=silver --level=2 --steps=1000000 --timeout=0 -j2 --limit-subp=sorted_list.ads:129",PROVES (8 checks); gnatprove --mode=silver --level=2 --steps=1000000 --timeout=0 -j2 --limit-subp=sorted_list.ads:129,"strengthening needs ghost occurrence counts and per-swap / per-move lemmas (see Fisher-Yates 231fb940, Stooge 2cb9b08d for the pattern); effort, not compute","scratch copy with the trivial body, then: gnatprove --mode=silver --level=2 --steps=1000000 --timeout=0 -j2 --limit-subp=sorted_list.ads:129",Post strengthened to state the full result; proves on the real body at --steps=1000000 with the Silver command; the trivial body no longer proves it,closed 6cc96220,"tools/vv/contract_scan.csv (agent A3 worktree /workspace/aa-sweepA3, not yet on main, read 2026-10-09 09:24)"
H068,withdrawn_functional,sorting/SPARK4/Ada-SPARK-Sorted-List,"sorted_list.ads Delete: Post too weak (Post proves trivial body drop_last); trivial body ""drop_last""",functional,Platinum,"contract_scan: trivial body swapped in and proved (agent A3, 2026-10-09)","gnatprove FSF 16.1.0 / Why3 1.8.2+git / cvc5 1.3.2 (86cecd8) / z3 4.15.4 / alt-ergo 2.6.1 (Alire gnatprove=16.1.0, lock tools/toolchain/alire/alire.lock); gnatprove --mode=silver --level=2 --steps=1000000 --timeout=0 -j2 --limit-subp=sorted_list.ads:112",PROVES (18 checks); gnatprove --mode=silver --level=2 --steps=1000000 --timeout=0 -j2 --limit-subp=sorted_list.ads:112,"strengthening needs ghost occurrence counts and per-swap / per-move lemmas (see Fisher-Yates 231fb940, Stooge 2cb9b08d for the pattern); effort, not compute","scratch copy with the trivial body, then: gnatprove --mode=silver --level=2 --steps=1000000 --timeout=0 -j2 --limit-subp=sorted_list.ads:112",Post strengthened to state the full result; proves on the real body at --steps=1000000 with the Silver command; the trivial body no longer proves it,closed 6cc96220,"tools/vv/contract_scan.csv (agent A3 worktree /workspace/aa-sweepA3, not yet on main, read 2026-10-09 09:24)"
H069,withdrawn_functional,sorting/SPARK4/Ada-SPARK-Sorted-List,"sorted_list.ads Insert: Post too weak (Post proves trivial body all_x); trivial body ""all_x""",functional,Platinum,"contract_scan: trivial body swapped in and proved (agent A3, 2026-10-09)","gnatprove FSF 16.1.0 / Why3 1.8.2+git / cvc5 1.3.2 (86cecd8) / z3 4.15.4 / alt-ergo 2.6.1 (Alire gnatprove=16.1.0, lock tools/toolchain/alire/alire.lock); unknown",FAILS: sorted_list.ads:100:24: medium: postcondition might fail; cannot prove Contains (L; X) [provers reached step limit before completing the proof]; gnatprove --mode=silver --level=2 --steps=1000000 --timeout=0 -j2 --limit-subp=sorted_list.ads:92,"strengthening needs ghost occurrence counts and per-swap / per-move lemmas (see Fisher-Yates 231fb940, Stooge 2cb9b08d for the pattern); effort, not compute",unknown,Post strengthened to state the full result; proves on the real body at --steps=1000000 with the Silver command; the trivial body no longer proves it,closed 6cc96220,"tools/vv/contract_scan.csv (agent A3 worktree /workspace/aa-sweepA3, not yet on main, read 2026-10-09 09:24)"
H070,withdrawn_functional,sorting/SPARK4/Ada-SPARK-Topological-Sort,"topological_sorting.ads Kahn_Sort: Post too weak (Post proves trivial body not_found); trivial body ""not_found""",functional,Platinum,"contract_scan: trivial body swapped in and proved (agent A3, 2026-10-09)","gnatprove FSF 16.1.0 / Why3 1.8.2+git / cvc5 1.3.2 (86cecd8) / z3 4.15.4 / alt-ergo 2.6.1 (Alire gnatprove=16.1.0, lock tools/toolchain/alire/alire.lock); gnatprove --mode=silver --level=2 --steps=1000000 --timeout=0 -j2 --limit-subp=topological_sorting.ads:123",PROVES (11 checks); gnatprove --mode=silver --level=2 --steps=1000000 --timeout=0 -j2 --limit-subp=topological_sorting.ads:123,"strengthening needs ghost occurrence counts and per-swap / per-move lemmas (see Fisher-Yates 231fb940, Stooge 2cb9b08d for the pattern); effort, not compute","scratch copy with the trivial body, then: gnatprove --mode=silver --level=2 --steps=1000000 --timeout=0 -j2 --limit-subp=topological_sorting.ads:123",Post strengthened to state the full result; proves on the real body at --steps=1000000 with the Silver command; the trivial body no longer proves it,open; functional claim withdrawn,"tools/vv/contract_scan.csv (agent A3 worktree /workspace/aa-sweepA3, not yet on main, read 2026-10-09 09:24)"
H071,withdrawn_functional,sorting/SPARK4/Ada-SPARK-Sort-Merge-Join,"sort_merge_join.ads Inner_Join: Post too weak (Post proves trivial body empty); trivial body ""empty""",functional,Platinum,"contract_scan: trivial body swapped in and proved (agent A3, 2026-10-09)","gnatprove FSF 16.1.0 / Why3 1.8.2+git / cvc5 1.3.2 (86cecd8) / z3 4.15.4 / alt-ergo 2.6.1 (Alire gnatprove=16.1.0, lock tools/toolchain/alire/alire.lock); gnatprove --mode=silver --level=2 --steps=1000000 --timeout=0 -j2 --limit-subp=sort_merge_join.ads:132",PROVES (13 checks); gnatprove --mode=silver --level=2 --steps=1000000 --timeout=0 -j2 --limit-subp=sort_merge_join.ads:132,"strengthening needs ghost occurrence counts and per-swap / per-move lemmas (see Fisher-Yates 231fb940, Stooge 2cb9b08d for the pattern); effort, not compute","scratch copy with the trivial body, then: gnatprove --mode=silver --level=2 --steps=1000000 --timeout=0 -j2 --limit-subp=sort_merge_join.ads:132",Post strengthened to state the full result; proves on the real body at --steps=1000000 with the Silver command; the trivial body no longer proves it,open; functional claim withdrawn,"tools/vv/contract_scan.csv (agent A3 worktree /workspace/aa-sweepA3, not yet on main, read 2026-10-09 09:24)"
H072,withdrawn_functional,sorting/SPARK4/Ada-SPARK-Sort-Merge-Join,"sort_merge_join.ads Unique_Key_Join: Post too weak (Post proves trivial body empty); trivial body ""empty""",functional,Platinum,"contract_scan: trivial body swapped in and proved (agent A3, 2026-10-09)","gnatprove FSF 16.1.0 / Why3 1.8.2+git / cvc5 1.3.2 (86cecd8) / z3 4.15.4 / alt-ergo 2.6.1 (Alire gnatprove=16.1.0, lock tools/toolchain/alire/alire.lock); gnatprove --mode=silver --level=2 --steps=1000000 --timeout=0 -j2 --limit-subp=sort_merge_join.ads:154",PROVES (13 checks); gnatprove --mode=silver --level=2 --steps=1000000 --timeout=0 -j2 --limit-subp=sort_merge_join.ads:154,"strengthening needs ghost occurrence counts and per-swap / per-move lemmas (see Fisher-Yates 231fb940, Stooge 2cb9b08d for the pattern); effort, not compute","scratch copy with the trivial body, then: gnatprove --mode=silver --level=2 --steps=1000000 --timeout=0 -j2 --limit-subp=sort_merge_join.ads:154",Post strengthened to state the full result; proves on the real body at --steps=1000000 with the Silver command; the trivial body no longer proves it,open; functional claim withdrawn,"tools/vv/contract_scan.csv (agent A3 worktree /workspace/aa-sweepA3, not yet on main, read 2026-10-09 09:24)"
H073,withdrawn_functional,sorting/SPARK2/Ada-SPARK-Sort-Characters-By-Frequency,"sort_characters_by_frequency.ads Sort_By_Frequency: Post states sortedness but not that the output is a permutation of the input; the trivial body ""all_first"" proves it",functional,Platinum,"contract_scan: trivial body swapped in and proved (agent A3, 2026-10-09)","gnatprove FSF 16.1.0 / Why3 1.8.2+git / cvc5 1.3.2 (86cecd8) / z3 4.15.4 / alt-ergo 2.6.1 (Alire gnatprove=16.1.0, lock tools/toolchain/alire/alire.lock); gnatprove --mode=silver --level=2 --steps=1000000 --timeout=0 -j2 --limit-subp=sort_characters_by_frequency.ads:20",PROVES (5 checks); gnatprove --mode=silver --level=2 --steps=1000000 --timeout=0 -j2 --limit-subp=sort_characters_by_frequency.ads:20,"strengthening needs ghost occurrence counts and per-swap / per-move lemmas (see Fisher-Yates 231fb940, Stooge 2cb9b08d for the pattern); effort, not compute","scratch copy with the trivial body, then: gnatprove --mode=silver --level=2 --steps=1000000 --timeout=0 -j2 --limit-subp=sort_characters_by_frequency.ads:20","Post strengthened to sorted AND permutation of the input (e.g. occurrence counts); it proves with the Silver command at --steps=1000000 on the real body, and the trivial body no longer proves it",closed 5be10e78,"tools/vv/contract_scan.csv (agent A3 worktree /workspace/aa-sweepA3, not yet on main, read 2026-10-09 09:24)"
H074,withdrawn_functional,sorting/SPARK4/Ada-SPARK-Introsort,"introsort.ads Sort_Traced: Post states sortedness but not that the output is a permutation of the input; the trivial body ""zeros"" proves it",functional,Platinum,"contract_scan: trivial body swapped in and proved (agent A3, 2026-10-09)","gnatprove FSF 16.1.0 / Why3 1.8.2+git / cvc5 1.3.2 (86cecd8) / z3 4.15.4 / alt-ergo 2.6.1 (Alire gnatprove=16.1.0, lock tools/toolchain/alire/alire.lock); gnatprove --mode=silver --level=2 --steps=1000000 --timeout=0 -j2 --limit-subp=introsort.ads:116",PROVES (8 checks); gnatprove --mode=silver --level=2 --steps=1000000 --timeout=0 -j2 --limit-subp=introsort.ads:116,"strengthening needs ghost occurrence counts and per-swap / per-move lemmas (see Fisher-Yates 231fb940, Stooge 2cb9b08d for the pattern); effort, not compute","scratch copy with the trivial body, then: gnatprove --mode=silver --level=2 --steps=1000000 --timeout=0 -j2 --limit-subp=introsort.ads:116","Post strengthened to sorted AND permutation of the input (e.g. occurrence counts); it proves with the Silver command at --steps=1000000 on the real body, and the trivial body no longer proves it",open; functional claim withdrawn,"tools/vv/contract_scan.csv (agent A3 worktree /workspace/aa-sweepA3, not yet on main, read 2026-10-09 09:24)"
H075,withdrawn_functional,sorting/SPARK4/Ada-SPARK-Cycle-Sort,"cycle_sort.ads Sort_Counting_Writes: Post states sortedness but not that the output is a permutation of the input; the trivial body ""zeros"" proves it",functional,Platinum,"contract_scan: trivial body swapped in and proved (agent A3, 2026-10-09)","gnatprove FSF 16.1.0 / Why3 1.8.2+git / cvc5 1.3.2 (86cecd8) / z3 4.15.4 / alt-ergo 2.6.1 (Alire gnatprove=16.1.0, lock tools/toolchain/alire/alire.lock); gnatprove --mode=silver --level=2 --steps=1000000 --timeout=0 -j2 --limit-subp=cycle_sort.ads:95",PROVES (7 checks); gnatprove --mode=silver --level=2 --steps=1000000 --timeout=0 -j2 --limit-subp=cycle_sort.ads:95,"strengthening needs ghost occurrence counts and per-swap / per-move lemmas (see Fisher-Yates 231fb940, Stooge 2cb9b08d for the pattern); effort, not compute","scratch copy with the trivial body, then: gnatprove --mode=silver --level=2 --steps=1000000 --timeout=0 -j2 --limit-subp=cycle_sort.ads:95","Post strengthened to sorted AND permutation of the input (e.g. occurrence counts); it proves with the Silver command at --steps=1000000 on the real body, and the trivial body no longer proves it",open; functional claim withdrawn,"tools/vv/contract_scan.csv (agent A3 worktree /workspace/aa-sweepA3, not yet on main, read 2026-10-09 09:24)"
H076,withdrawn_functional,sorting/SPARK4/Ada-SPARK-Pancake-Sorting,"pancake_sorting.ads Sort (A, Flips, Count): Post states sortedness but not that the output is a permutation of the input; the trivial body ""by reading"" proves it",functional,Platinum,"contract_scan: trivial body swapped in and proved (agent A3, 2026-10-09)","gnatprove FSF 16.1.0 / Why3 1.8.2+git / cvc5 1.3.2 (86cecd8) / z3 4.15.4 / alt-ergo 2.6.1 (Alire gnatprove=16.1.0, lock tools/toolchain/alire/alire.lock); unknown","same Post clause as Sort (In_Bounds and Is_Sorted, no permutation)","strengthening needs ghost occurrence counts and per-swap / per-move lemmas (see Fisher-Yates 231fb940, Stooge 2cb9b08d for the pattern); effort, not compute",unknown,"Post strengthened to sorted AND permutation of the input (e.g. occurrence counts); it proves with the Silver command at --steps=1000000 on the real body, and the trivial body no longer proves it",closed 7a9f84c2,"tools/vv/contract_scan.csv (agent A3 worktree /workspace/aa-sweepA3, not yet on main, read 2026-10-09 09:24)"
H077,withdrawn_functional,sorting/SPARK4/Ada-SPARK-Sorted-List,"sorted_list.ads Insert: Post too weak (Post does not keep the other items); trivial body ""all_x""",functional,Platinum,"contract_scan: trivial body swapped in and proved (agent A3, 2026-10-09)","gnatprove FSF 16.1.0 / Why3 1.8.2+git / cvc5 1.3.2 (86cecd8) / z3 4.15.4 / alt-ergo 2.6.1 (Alire gnatprove=16.1.0, lock tools/toolchain/alire/alire.lock); unknown","FAILS (Contains (L, X) not proved within steps); by reading the Post allows overwriting the old items","strengthening needs ghost occurrence counts and per-swap / per-move lemmas (see Fisher-Yates 231fb940, Stooge 2cb9b08d for the pattern); effort, not compute",unknown,Post strengthened to state the full result; proves on the real body at --steps=1000000 with the Silver command; the trivial body no longer proves it,closed 6cc96220,"tools/vv/contract_scan.csv (agent A3 worktree /workspace/aa-sweepA3, not yet on main, read 2026-10-09 09:24)"
H078,proof_escape,misc/SPARK2/Ada-SPARK-Bump-Arena,silent fallback after the Insert loop is not proved unreachable,other,unknown,noted during the held-out run (49/50 blind); nothing else recorded,unknown,unknown,unknown,unknown,"the fallback branch is removed or proved unreachable (e.g. pragma Assert (False) there proves, or --proof-warnings=on reports nothing), with no Assume",open,inbox/aa_sweep_claims.txt (agent-A3 08:28)
H079,annotated_check,misc/SPARK4/Ada-SPARK-Lemke-Howson,"overflow checks in Pivot are suppressed by pragma Annotate (GNATprove, Intentional, ""overflow check"", ...) at lemke_howson.adb:45; marked justified=no (review 2026-10-09 09:57: the reason states a prover limit, not that the overflow cannot happen); not proved",run-time,Silver,"justification in code: ""Mathematical bounds of LCP exceed automated SMT capabilities""; no proof attempt recorded","gnatprove FSF 16.1.0 / Why3 1.8.2+git / cvc5 1.3.2 (86cecd8) / z3 4.15.4 / alt-ergo 2.6.1 (Alire gnatprove=16.1.0, lock tools/toolchain/alire/alire.lock); batch Silver run (PROOFS.csv proof_run level2-timeout), 79 checks proved with the annotations in place",unknown (the annotated checks are not reported as unproved; how many there are is not recorded),"floating-point simplex / LCP pivoting: the bounds on tableau entries come from the algorithm (probabilities sum to <= 1, bounded inputs) and need invariants over the pivot sequence",gnatprove -P misc/SPARK4/Ada-SPARK-Lemke-Howson/lemke_howson.gpr -f --mode=silver --level=2 --timeout=0 --steps=1000000 --counterexamples=off -j2 --output=oneline -k  (after deleting the Annotate at line 45),"the Annotate is removed and every overflow check it covered proves at --steps=1000000 with the Silver command (no Assume, inputs restricted only by a stated Pre / subtype)","closed 2026-10-09 (fixed in code by sweep B: exact Big_Integer fraction-free pivoting, both Annotates removed; make prove, --level=4 and the Silver command prove all 247 checks, no Assume/Annotate)",tools/vv/proof_escapes.csv; tools/vv/proof_escapes_review.csv
H080,annotated_check,misc/SPARK4/Ada-SPARK-Lemke-Howson,"overflow checks in the Nash_Equilibrium function starting near line 140 are suppressed by pragma Annotate (GNATprove, Intentional, ""overflow check"", ...) at lemke_howson.adb:147; marked justified=no (review 2026-10-09 09:57: the reason states a prover limit, not that the overflow cannot happen); not proved",run-time,Silver,"justification in code: ""Mathematical bounds of LCP exceed automated SMT capabilities""; no proof attempt recorded","gnatprove FSF 16.1.0 / Why3 1.8.2+git / cvc5 1.3.2 (86cecd8) / z3 4.15.4 / alt-ergo 2.6.1 (Alire gnatprove=16.1.0, lock tools/toolchain/alire/alire.lock); batch Silver run (PROOFS.csv proof_run level2-timeout), 79 checks proved with the annotations in place",unknown (the annotated checks are not reported as unproved; how many there are is not recorded),"floating-point simplex / LCP pivoting: the bounds on tableau entries come from the algorithm (probabilities sum to <= 1, bounded inputs) and need invariants over the pivot sequence",gnatprove -P misc/SPARK4/Ada-SPARK-Lemke-Howson/lemke_howson.gpr -f --mode=silver --level=2 --timeout=0 --steps=1000000 --counterexamples=off -j2 --output=oneline -k  (after deleting the Annotate at line 147),"the Annotate is removed and every overflow check it covered proves at --steps=1000000 with the Silver command (no Assume, inputs restricted only by a stated Pre / subtype)","closed 2026-10-09 (fixed in code by sweep B: exact Big_Integer fraction-free pivoting, both Annotates removed; make prove, --level=4 and the Silver command prove all 247 checks, no Assume/Annotate)",tools/vv/proof_escapes.csv; tools/vv/proof_escapes_review.csv
H081,toolchain_limit,misc/SPARK2/Ada-SPARK-Different-Ways-To-Add-Parentheses-Lite,"cvc5 as called by gnatprove 16.1 (with --prenex-quant=none) answers ""incomplete"" on quantified frame invariants over arrays of arrays or 2D arrays, even trivial ones; it also misses congruence through nonlinear terms (W (K) * W (M - K) with W (K) = Ways (K)) and index arithmetic written differently (I2 - I2 + 1 vs 1)",other,n/a (blocks Gold/Platinum proofs over 2D tables),"plain cvc5 without --prenex-quant=none and z3 prove the same goal; worked around by recursive divide and conquer, element subtypes instead of invariants, naming terms in constants, (start, length) indexing","gnatprove FSF 16.1.0 / Why3 1.8.2+git / cvc5 1.3.2 (86cecd8) / z3 4.15.4 / alt-ergo 2.6.1 (Alire gnatprove=16.1.0, lock tools/toolchain/alire/alire.lock); level and steps of the failing run not recorded","cvc5 ""incomplete""; exact steps not recorded","solver option chosen by gnatprove, not by the repo; only z3 / alt-ergo or a future cvc5 can close it",unknown (no standalone reproducer committed),a standalone 2D-array frame invariant proves with cvc5 alone (--prover=cvc5) at --steps=1000000 under the pinned or a newer gnatprove,open (worked around),"docs/VV.md 3i, agent B 2026-10-09 08:2x; commit 028d5326"
H082,toolchain_bug,numerical/SPARK4/Ada-SPARK-Mersenne-Twister,"GNAT bug box (gnat_to_gnu_entity, decl.cc:464 on 14.2.0, decl.cc:472 on 12.2.0) with -gnata -gnatVa when X'Old appears inside an if-expression branch of a postcondition",other,n/a,Post rewritten with or else (same meaning) in f22269ac; minimal reproducer kept in tests/gnat_bug_gnatVa_old. 2026-10-09 (this ledger): the reproducer compiles cleanly on Alire gnat_native 16.1.0 (GNATLS 16.1.0),"compiler, not prover: GNAT 14.2.0 (Debian gnat-14 14.2.0-19) and GNAT 12.2.0 (Alire gnat_native 12.2.1)",bug box on 14.2.0 and 12.2.0; clean on 16.1.0,compiler bug; fixed in GNAT 16.1.0 but the repo pins 14.2.0 / 12.2.0,cd numerical/SPARK4/Ada-SPARK-Mersenne-Twister/tests/gnat_bug_gnatVa_old && gcc -c -gnat2022 -gnata -gnatVa r.adb,compiles without a bug box on every compiler the repo pins,worked around in code (finding closed ff676688); open upstream for 12/14,tools/vv/findings.csv; tests/gnat_bug_gnatVa_old/README.txt; commits cfbc5995 ff676688
H083,toolchain_bug,misc/SPARK2/Ada-SPARK-Pow-X-N,"Ada.Numerics.Big_Numbers.Big_Integers ""**"" wrong sign: V = -2 gives V ** 2 = -4, V = -3 gives V ** 1 = 3 (s-genbig.adb)",other,n/a,folder uses its own ghost power instead; scan (tools/vv/big_pow_scan.csv) found no affected repo result; upstream PR ada/125695 fixed on gcc-14 r14-12643 and gcc-16 r16-9078. 2026-10-09 (this ledger): still wrong on Alire gnat_native 16.1.0,"compiler run-time, not prover: GNAT 14.2.0 and 12.2.0; also GNAT 16.1.0 (Alire)","prints FALSE twice on 14.2.0, 12.2.0 and 16.1.0",run-time library bug; needs a GNAT release that contains the PR fix,cd misc/SPARK2/Ada-SPARK-Pow-X-N/tests && gnatmake -gnat2022 big_pow_repro.adb && ./big_pow_repro,"prints TRUE twice on the adopted compiler; only then may proofs or tests use Big_Integers ""**""",open upstream (avoided in code),docs/VV.md 3i (07:1x); misc/SPARK2/Ada-SPARK-Pow-X-N/tests/SOURCES.txt
H084,toolchain_bug,misc/SPARK2/Ada-SPARK-Pow-X-N,"Big_Integers mod wrong for A > 0, B < 0 and B not dividing A (11 mod -5 = -6, should be -4): 44 of 912 checked cases; ""/"" and rem correct",other,n/a,"scan: every Big mod divisor in the repo is positive, so no result is affected; reported in PR ada/125695 comments, not fixed on master as of 2026-10-09. 2026-10-09 (this ledger): still 44 mismatches on Alire gnat_native 16.1.0","compiler run-time: GNAT 14.2.0, 12.2.0, 16.1.0","checked 912, mismatches 44 on all three","run-time library bug, unfixed upstream",cd misc/SPARK2/Ada-SPARK-Pow-X-N/tests && gnatmake -gnat2022 big_divmod_repro.adb && ./big_divmod_repro,"""mismatches 0"" on the adopted compiler",open upstream (no repo hit),docs/VV.md 3i (07:2x); tools/vv/big_pow_scan.csv
H085,toolchain_bug,misc/SPARK2/Ada-SPARK-Different-Ways-To-Add-Parentheses-Lite,GNAT 14.2 internal compiler error (trans.cc:6710) on indexing a constant Vector of Big_Integer with Ord (M),other,n/a,"Element (Ord, M) avoids it; not reported upstream",compiler: GNAT 14.2.0,ICE on 14.2.0,compiler bug,unknown (no standalone reproducer committed),a standalone reproducer exists and compiles cleanly on the pinned compilers,worked around,docs/VV.md 3i (08:2x)
H086,mutation_below_bar,ml/Ada/BrownBoost,held-out planted-bug score below the 90% bar,other,n/a (training_ready held-out >= 90%),"tests added between rounds (tie keeps direction +1, hand-built sum 0); 26 tune survivors with written reasons",n/a (tests); GNATLS 14.2.0 / 12.2.0,"held-out 176/219 = 80.4% (split seed 20261008, std+alt, 3 timeouts in n); second round 58/81 = 71.6% (split seed 20261028, 1 timeout in n)","held-out survivors must stay unopened for the score to stay blind, so every improvement needs a fresh never-seen mutant set; floating-point / heuristic code gives many near-equivalent mutants",python3 tools/vv/sweep_mutate.py ml/Ada/BrownBoost --family alt --split-seed <NEW seed recorded before any change> --half held,"a fresh held-out set (split seed recorded before any test change, never seen) scores >= 90% with n >= 20 non-equivalent mutants (docs/VV.md held-out rule)",open,docs/VV.md 3i
H087,mutation_below_bar,geometry/Ada/Shading,held-out planted-bug score below the 90% bar,other,n/a (training_ready held-out >= 90%),visible survivors judged equivalent (sum of squares never negative; zero attenuation adds black); held-out survivors not inspected,n/a (tests); GNATLS 14.2.0 / 12.2.0,held-out 70/89 = 78.7% (split seed 20261008); second round 34/43 = 79.1% (split seed 20261029),"held-out survivors must stay unopened for the score to stay blind, so every improvement needs a fresh never-seen mutant set; floating-point / heuristic code gives many near-equivalent mutants",python3 tools/vv/sweep_mutate.py geometry/Ada/Shading --family alt --split-seed <NEW seed recorded before any change> --half held,"a fresh held-out set (split seed recorded before any test change, never seen) scores >= 90% with n >= 20 non-equivalent mutants (docs/VV.md held-out rule)",open,docs/VV.md 3i
H088,mutation_below_bar,numerical/Ada/Newells-Algorithm,held-out planted-bug score below the 90% bar,other,n/a (training_ready held-out >= 90%),"plane split; tolerance checks (vertex one tolerance outside a segment, boxes a tolerance apart, viewer on the plane)",n/a (tests); GNATLS 14.2.0 / 12.2.0,"held-out 42/75 = 56.0% (seed 20261008); 114/177 = 64.4% after the plane split (seed 20261009, 15 timeouts in n); 54/97 = 55.7% (seed 20261030, 8 timeouts)","held-out survivors must stay unopened for the score to stay blind, so every improvement needs a fresh never-seen mutant set; floating-point / heuristic code gives many near-equivalent mutants",python3 tools/vv/sweep_mutate.py numerical/Ada/Newells-Algorithm --family alt --split-seed <NEW seed recorded before any change> --half held,"a fresh held-out set (split seed recorded before any test change, never seen) scores >= 90% with n >= 20 non-equivalent mutants (docs/VV.md held-out rule)",open,docs/VV.md 3i
H089,mutation_below_bar,clustering/Ada/K-Means-Clustering,held-out planted-bug score below the 90% bar,other,n/a (training_ready held-out >= 90%),"Forgy scaling fix 510249da (chi-square on 4000 seeds), high-bits test 5d5db388 / fix 5396dcc4",n/a (tests); GNATLS 14.2.0 / 12.2.0,"held-out 48/68 = 70.6% (seed 20261008); 50/65 = 76.9% (seed 20261031, 1 timeout)","held-out survivors must stay unopened for the score to stay blind, so every improvement needs a fresh never-seen mutant set; floating-point / heuristic code gives many near-equivalent mutants",python3 tools/vv/sweep_mutate.py clustering/Ada/K-Means-Clustering --family alt --split-seed <NEW seed recorded before any change> --half held,"a fresh held-out set (split seed recorded before any test change, never seen) scores >= 90% with n >= 20 non-equivalent mutants (docs/VV.md held-out rule)",open,docs/VV.md 3i
H090,mutation_below_bar,clustering/Ada/K-Means-Plus-Plus,held-out planted-bug score below the 90% bar,other,n/a (training_ready held-out >= 90%),D^2 sampling check 6cdbc054 (passed; did not move the score); K > N precondition dropped (91b9de66),n/a (tests); GNATLS 14.2.0 / 12.2.0,held-out 45/84 = 53.6% (split seed 20261101),"held-out survivors must stay unopened for the score to stay blind, so every improvement needs a fresh never-seen mutant set; floating-point / heuristic code gives many near-equivalent mutants",python3 tools/vv/sweep_mutate.py clustering/Ada/K-Means-Plus-Plus --family alt --split-seed <NEW seed recorded before any change> --half held,"a fresh held-out set (split seed recorded before any test change, never seen) scores >= 90% with n >= 20 non-equivalent mutants (docs/VV.md held-out rule)",open,docs/VV.md 3i
H091,mutation_below_bar,misc/Ada/Darwin-Godel-Machine,held-out planted-bug score below the 90% bar,other,n/a (training_ready held-out >= 90%),rule-boundary own checks 0ccb169f; folder documented as a demo (no self-modification),n/a (tests); GNATLS 14.2.0 / 12.2.0,first held-out alt 13/19 = 68.4% (split seed 20261809); fresh never-seen pairs 31/39 = 79.5% (seed 20261909),"held-out survivors must stay unopened for the score to stay blind, so every improvement needs a fresh never-seen mutant set; floating-point / heuristic code gives many near-equivalent mutants",python3 tools/vv/sweep_mutate.py misc/Ada/Darwin-Godel-Machine --family alt --split-seed <NEW seed recorded before any change> --half held,"a fresh held-out set (split seed recorded before any test change, never seen) scores >= 90% with n >= 20 non-equivalent mutants (docs/VV.md held-out rule)",open,tools/vv/flagship_status.csv
H092,mutation_below_bar,concurrency/SPARK2/Course-Schedule,held-out planted-bug score below the 90% bar,other,n/a (training_ready held-out >= 90%),Kahn rewrite 2794625e; survivors not yet classified,n/a (tests); GNATLS 14.2.0 / 12.2.0,held halves 16/16 (too small) + unseen top-up: 68/76 = 89.5% (seeds 20261070 + 20261071),held-out survivors must stay unopened for the score to stay blind; the next score needs a fresh never-seen mutant set,python3 tools/vv/sweep_mutate.py concurrency/SPARK2/Course-Schedule --family alt --split-seed <NEW seed recorded before any change> --half held,"a fresh held-out set (split seed recorded before any test change, never seen) scores >= 90% with n >= 20 non-equivalent mutants (docs/VV.md held-out rule)",open,tools/vv/sweep_heldout_B.csv; docs/VV.md 3i
H093,mutation_below_bar,misc/SPARK2/Ada-SPARK-Fisher-Yates-Shuffle,held-out planted-bug score below the 90% bar,other,n/a (training_ready held-out >= 90%),Choices (I) <= I predicate and proved permutation Post 231fb940; survivors not yet classified,n/a (tests); GNATLS 14.2.0 / 12.2.0,held halves 11/11 (too small) + unseen top-up: 38/45 = 84.4% (seeds 20261070 + 20261071),held-out survivors must stay unopened for the score to stay blind; the next score needs a fresh never-seen mutant set,python3 tools/vv/sweep_mutate.py misc/SPARK2/Ada-SPARK-Fisher-Yates-Shuffle --family alt --split-seed <NEW seed recorded before any change> --half held,"a fresh held-out set (split seed recorded before any test change, never seen) scores >= 90% with n >= 20 non-equivalent mutants (docs/VV.md held-out rule)",open,tools/vv/sweep_heldout_B.csv; docs/VV.md 3i
H094,mutation_below_bar,sorting/SPARK2/Ada-SPARK-Median-Of-Two-Sorted-Arrays-Lite,held-out planted-bug score below the 90% bar,other,n/a (training_ready held-out >= 90%),13 counter survivors in the Lower/Upper choice killed afterwards by 2442e547 (so later scores on that set are not blind),n/a (tests); GNATLS 14.2.0 / 12.2.0,"held 58/71 = 81.7% blind (split seed 20261057; 52 test + 6 proof kills, 5 equivalent)",held-out survivors must stay unopened for the score to stay blind; the next score needs a fresh never-seen mutant set,python3 tools/vv/sweep_mutate.py sorting/SPARK2/Ada-SPARK-Median-Of-Two-Sorted-Arrays-Lite --family alt --split-seed <NEW seed recorded before any change> --half held,"a fresh held-out set (split seed recorded before any test change, never seen) scores >= 90% with n >= 20 non-equivalent mutants (docs/VV.md held-out rule)",open,tools/vv/sweep_heldout_B.csv; inbox/aa_sweep_status.md line 286
H095,mutation_below_bar,numerical/SPARK4/Ada-SPARK-Modular-Arithmetic,"held-out score is tests-only (65/105 = 61.9%); the proof-kill step (gnatprove on each held survivor) was not run, so the score is a lower bound",other,n/a (training_ready held-out >= 90%),"blind held run once on a65ec915 (split seed 20263001, top-up seed 20263101); proof-kill skipped because gnatprove --level=4 on the Montgomery unit alone ran > 14 min at the box load without finishing","gnatprove FSF 16.1.0 / Why3 1.8.2+git / cvc5 1.3.2 (86cecd8) / z3 4.15.4 / alt-ergo 2.6.1 (Alire gnatprove=16.1.0, lock tools/toolchain/alire/alire.lock); project Proof_Switches --level=4 (numerical/SPARK4/Ada-SPARK-Modular-Arithmetic gpr)",65/105 by tests; proof kills not measured; Silver run proves 1629 checks (PROOFS.csv),"compute: one level-4 proof per surviving mutant; survivors cluster in ghost lemma calls (montgomery.adb constants, lemmas.adb, crt.adb) that tests cannot observe",unknown (proofkill_u command not recorded; sweep_proofkill_B.csv records the method for agent B folders),"every held survivor run through make prove (level 4, steps not raised); (test kills + proof kills) / non-equivalent held >= 90%",pending (scheduled when the box is quieter),tools/vv/sweep_heldout_alt.csv; inbox/aa_sweep_claims.txt lines 281-284
H096,functional_gap,misc/SPARK4/Ada-SPARK-Lemke-Howson,"completeness not proved; the functional claim is PARTIAL: the Post proves (Status = Found) = Is_Nash, i.e. 'if Found then a certified equilibrium', and a body that never reports Found also proves it. Missing: Status is always Found (the complementary path ends at an equilibrium within Max_Steps = 252 ** 2 pivots). Termination is by the loop bound (for Step in 1 .. Max_Steps), not a proved loop variant on the path; since 6b41bb2b the other exits are explicit in Status (Step_Cap_Reached, No_Pivot_Row, Check_Failed) instead of a silent Found = False (before: masked fallback, listed in sweep_fallback.csv)",functional,Platinum,"not attempted as a proof; tested: every starting label on hand-worked games, degenerate games, all 6,561 2 x 2 games with payoffs -1 .. 1 (tests.adb) and 0 .. 2 (own_checks.adb), 1,500 seeded small-payoff and 300 seeded wide-range games against an own support enumeration (own_checks.adb): always Found. Added 2026-10-09 (tests.adb 1a76d51d/6b41bb2b; seeds and counts fixed in the repo before the single run; FNV-1a seeds of the set names, tests/SOURCES.txt): every call must end with Status = Found, the own best-response check, and 1 <= Pivots <= C (M + N, M) ** 2 (recorded no-cycling bound). Results: random 3x3 (payoffs -100 .. 100, seed 1606069322) 2,400 calls, most pivots 11 (bound 400); random 4x4 (seed 1896437236) 3,200 calls, most 19 (bound 4,900); degenerate 3x3 payoffs 0 .. 1 (seed 323556271) 1,800 calls, most 9; degenerate 3x3 repeated row + column 1,800 calls, most 5; degenerate 4x4 payoffs 0 .. 1 (seed 694744105) 2,400 calls, most 17; degenerate 4x4 repeated row + column 2,400 calls, most 11. All Status = Found, all equilibria, GNATLS 14.2.0 and 12.2.0",gnatprove FSF 16.1.0 / Why3 1.8.2+git / cvc5 1.3.2 (86cecd8) / z3 4.15.4 / alt-ergo 2.6.1 (Alire gnatprove=16.1.0),n/a (no proof attempt),"the Lemke-Howson theorem: the graph of almost-completely-labelled vertex pairs has degree <= 2, the lexicographic rule makes every vertex distinct (perturbation argument), so the path from the artificial equilibrium cannot cycle and ends at a completely labelled pair; needs ghost models of the polytopes, of the tableau as B^-1 times the original system, and a counting argument over bases",gnatprove -P misc/SPARK4/Ada-SPARK-Lemke-Howson/proof.gpr --mode=all --level=2 --prover=cvc5 --warnings=error --checks-as-errors=on (after strengthening the Post to Find_Equilibrium'Result.Status = Found),"the Post states Find_Equilibrium'Result.Status = Found (completeness) and proves at --steps=1000000, with termination shown by a loop variant on the path (or the step cap proved unreachable); no Assume, no new Pre beyond integer payoffs up to 5 x 5",open,misc/SPARK4/Ada-SPARK-Lemke-Howson/README.md; tests/SOURCES.txt
H097,deferred_budget,sorting/SPARK4/Ada-SPARK-Topological-Sort,"content Post not on main: Kahn_Sort's Post only says Success => Is_Valid_Sort, and Is_Valid_Sort was discharged by evaluating the predicate; failure says nothing (a body that always fails proves it)",functional,Platinum,"draft (not committed): Is_Valid_Sort as an expression function (distinct live entries, every edge forward), new In_Prefix and Is_Blocked (cycle certificate: the nodes outside the drained prefix all have a predecessor outside it), Post = Success => Is_Valid_Sort, else some K with Is_Blocked (G, Result, K); patch /workspace/inbox/a3_drafts/Topo.patch (+ tests in /workspace/inbox/a3_drafts/Topo-tests/)","gnatprove 16.1.0; L4 = --level=4 --checks-as-errors=on -j2; Silver = --mode=silver --level=2 --prover=cvc5,z3,altergo --timeout=0 --steps=1000000 --counterexamples=off; proof warnings on (gpr Prove package)","L2 diagnostic run: 9 unproved (adb 222 Pend loop invariant, 238/284 In_Degree = Pend asserts, 302, 359 Result (I) <= N, 377 not Offered (V), 385 Done (V), 386 Result entry <= Num_Nodes); log /workspace/inbox/a3_drafts/Topo_diag.log; L4 not run","Pend (in-degree from not-yet-done nodes) has to be tracked through the queue drain; the Offered/Done bookkeeping needs an invariant tying the queue contents, Done and the prefix together",git apply /workspace/inbox/a3_drafts/Topo.patch && cd sorting/SPARK4/Ada-SPARK-Topological-Sort && gnatprove -P topological_sorting.gpr -f --level=4 --checks-as-errors=on -j2,"0 unproved checks at L4 and at Silver with proof warnings on; tests pass on GNAT 14.2.0 and 12.2.0 with 0 warnings; no Assume/Annotate, no weakened Post",open; deferred (budget),agent A3 2026-10-09 (budget stop)
H098,deferred_budget,sorting/SPARK4/Ada-SPARK-Sort-Merge-Join,content Post not on main: Post only proves nondecreasing Result Left.Key; that the output is exactly the matching pairs is left to tests,functional,Platinum,"draft (not committed): ghost content model Key_At, Row_At, Row_Matches, Matches_Up_To, Pair_Pos, Join_Size and Is_Join (exactly the matching pairs, ordered by Left row then Right row) in the Post; patch /workspace/inbox/a3_drafts/SMJ.patch (+ tests in /workspace/inbox/a3_drafts/SMJ-tests/)","gnatprove 16.1.0; L4 = --level=4 --checks-as-errors=on -j2; Silver = --mode=silver --level=2 --prover=cvc5,z3,altergo --timeout=0 --steps=1000000 --counterexamples=off; proof warnings on (gpr Prove package)","L2 diagnostic run: 19 unproved (adb 341, 349, 473, 476, 484, 601, 602, 612, 615, 623; ads 258, 281); log /workspace/inbox/a3_drafts/SMJ_diag.log; L4 not run","the merge loop must carry Is_Join for the prefix of Left rows processed, including the duplicate-key block re-scan of Right; needs per-block lemmas on Row_Matches / Matches_Up_To",git apply /workspace/inbox/a3_drafts/SMJ.patch && cd sorting/SPARK4/Ada-SPARK-Sort-Merge-Join && gnatprove -P sort_merge_join.gpr -f --level=4 --checks-as-errors=on -j2,"0 unproved checks at L4 and at Silver with proof warnings on; tests pass on GNAT 14.2.0 and 12.2.0 with 0 warnings; no Assume/Annotate, no weakened Post",open; deferred (budget),agent A3 2026-10-09 (budget stop)
H099,deferred_budget,misc/SPARK4/Ada-SPARK-Selection-Algorithm,Select_Kth Post lacks the permutation; Select_Kth_Copy / Median Posts do not say the result is the K-th smallest,functional,Platinum,"draft (not committed): Cnt (Eq/Lt/Le) ghost counts, Is_Perm, Is_Kth_Smallest; Select_Kth Post + Is_Perm (A, A'Old); Select_Kth_Copy and Median Posts + Is_Kth_Smallest; internal Select_Impl, Cnt_Lemmas; also drops the Always_Terminates lines (4 GNAT 12 warnings); tests 1020 PASS on GNAT 14.2.0 / 12.2.0, 0 warnings; patch /workspace/inbox/a3_drafts/Selection-Algorithm.patch (also still uncommitted in /workspace/aa-sweepA3)","gnatprove 16.1.0; L4 = --level=4 --checks-as-errors=on -j2; Silver = --mode=silver --level=2 --prover=cvc5,z3,altergo --timeout=0 --steps=1000000 --counterexamples=off; proof warnings on (gpr Prove package)",not proved yet (removed from the proof queue at the budget stop),Lemma_Kth_Counts links the partitioned array to the Lt/Le counts; may need Lemma_Mono hints at L4,git apply /workspace/inbox/a3_drafts/Selection-Algorithm.patch && cd misc/SPARK4/Ada-SPARK-Selection-Algorithm && gnatprove -P selection_algorithm.gpr -f --level=4 --checks-as-errors=on -j2,"0 unproved checks at L4 and at Silver with proof warnings on; tests pass on GNAT 14.2.0 and 12.2.0 with 0 warnings; no Assume/Annotate, no weakened Post",open; deferred (budget),agent A3 2026-10-09 (budget stop)
H100,deferred_budget,"(tools/vv/pre_reject.csv, all SPARK folders with a Pre below the first 20 by tools/vv/sweep_rank_calibrated.csv)","Pre-rejection rate measured only for the 20 highest-ranked SPARK folders (26 rows); the rest are unmeasured. Five Pres judged too narrow are not fixed: First pinned to 1 in Sort of sorting/SPARK4 Timsort, Library-Sort, Quantum-Sort, Burstsort (100% rejection of any-origin inputs) and Same_Shape of misc/SPARK4/Ada-SPARK-Lemke-Howson (83.7%)",other,n/a,"method and drivers in tools/vv/pre_reject/ (SplitMix64 seed 20261009, sample 10,000, inputs drawn as the tests draw them or uniformly within documented limits); contract_scan pre_reject_rate filled for 10 rows",n/a (GNAT 14.2.0 drivers),26 rows done; remaining folders not started,one small driver per folder; the too-narrow Pres need First-relative bodies (failing any-origin test first),tools/vv/pre_reject/run.sh <driver>,every SPARK folder with an operational Pre has a pre_reject.csv row with rate and judgement; the five too-narrow Pres are widened in code (subtypes over Pre) with failing tests first,open; deferred (budget),agent A3 2026-10-09 (budget stop)
H101,deferred_budget,(tools/vv/sweep_rank_calibrated.csv ranks 682 and later),held-out mutation sweep in rank order stopped after misc/SPARK2/Ada-SPARK-Design-Circular-Queue (rank 681); later ranks not scored,other,n/a (training_ready held-out >= 90%),"DCQ finished with top-up family C (tools/vv/sweep_topup_C.py, seed 20263234): 39/39 non-equivalent killed, raw 39/43, 4 equivalents with reasons",n/a (tests; proof-kill per held survivor),ranks 682+ not started,compute and per-folder equivalence review,"tools/vv sweep scripts (sweep_heldout_alt, sweep_topup_B.py, sweep_topup_C.py --list) per folder in rank order",">= 20 non-equivalent held mutants per folder, seed recorded before the run, raw counts and written equivalence reasons",open; deferred (budget),agent A3 2026-10-09 (budget stop)
