folder,result,rc,secs,jobs,gpr,checks_total,max_steps_used,failing_vcs,note,run_id,commit,toolchain
clustering/SPARK2/K-Means-Step,holds,0,1,1,k_means_step.gpr,10,1,,,reproof-20261009-1,e8c7794f,gnatprove FSF 16.1.0 / Why3 1.8.2+git / cvc5 1.3.2 (86cecd8) / z3 4.15.4 / alt-ergo 2.6.1
compression/SPARK2/Ada-SPARK-Compress-String,holds,0,5,1,compress_string.gpr,7,2057,,,reproof-20261009-1,e8c7794f,gnatprove FSF 16.1.0 / Why3 1.8.2+git / cvc5 1.3.2 (86cecd8) / z3 4.15.4 / alt-ergo 2.6.1
compression/SPARK2/Ada-SPARK-Interleaving-String,holds,0,25,1,interleaving_string_project.gpr,10,705,,,reproof-20261009-1,e8c7794f,gnatprove FSF 16.1.0 / Why3 1.8.2+git / cvc5 1.3.2 (86cecd8) / z3 4.15.4 / alt-ergo 2.6.1
compression/SPARK2/Ada-SPARK-LZ77,holds,0,1,1,lz77.gpr,3,1,,,reproof-20261009-1,e8c7794f,gnatprove FSF 16.1.0 / Why3 1.8.2+git / cvc5 1.3.2 (86cecd8) / z3 4.15.4 / alt-ergo 2.6.1
compression/SPARK2/Ada-SPARK-Move-To-Front,holds,0,1,1,move_to_front.gpr,2,1,,,reproof-20261009-1,e8c7794f,gnatprove FSF 16.1.0 / Why3 1.8.2+git / cvc5 1.3.2 (86cecd8) / z3 4.15.4 / alt-ergo 2.6.1
compression/SPARK2/Ada-SPARK-Run-Length-Encoding,holds,0,2,1,run_length_encoding.gpr,14,1,,,reproof-20261009-1,e8c7794f,gnatprove FSF 16.1.0 / Why3 1.8.2+git / cvc5 1.3.2 (86cecd8) / z3 4.15.4 / alt-ergo 2.6.1
compression/SPARK2/Ada-SPARK-String-Compression,holds,0,1,1,proof.gpr,12,1,,,reproof-20261009-1,e8c7794f,gnatprove FSF 16.1.0 / Why3 1.8.2+git / cvc5 1.3.2 (86cecd8) / z3 4.15.4 / alt-ergo 2.6.1
compression/SPARK2/Burrows-Wheeler-Transform,holds,0,2,1,burrows_wheeler_transform.gpr,5,1,,,reproof-20261009-1,e8c7794f,gnatprove FSF 16.1.0 / Why3 1.8.2+git / cvc5 1.3.2 (86cecd8) / z3 4.15.4 / alt-ergo 2.6.1
compression/SPARK3/Huffman-Coding,holds,0,2,1,huffman_coding.gpr,21,2,,,reproof-20261009-1,e8c7794f,gnatprove FSF 16.1.0 / Why3 1.8.2+git / cvc5 1.3.2 (86cecd8) / z3 4.15.4 / alt-ergo 2.6.1
concurrency/SPARK2/Ada-SPARK-Course-Schedule-II,holds,0,0,1,course_schedule_ii.gpr,2,0,,,reproof-20261009-1,e8c7794f,gnatprove FSF 16.1.0 / Why3 1.8.2+git / cvc5 1.3.2 (86cecd8) / z3 4.15.4 / alt-ergo 2.6.1
concurrency/SPARK2/Ada-SPARK-Course-Schedule-II-Stub,holds,0,1,1,proof.gpr,1,0,,,reproof-20261009-1,e8c7794f,gnatprove FSF 16.1.0 / Why3 1.8.2+git / cvc5 1.3.2 (86cecd8) / z3 4.15.4 / alt-ergo 2.6.1
concurrency/SPARK2/Ada-SPARK-Dekkers-Algorithm,holds,0,0,1,proof.gpr,2,0,,,reproof-20261009-1,e8c7794f,gnatprove FSF 16.1.0 / Why3 1.8.2+git / cvc5 1.3.2 (86cecd8) / z3 4.15.4 / alt-ergo 2.6.1
concurrency/SPARK2/Ada-SPARK-Lamports-Bakery-Algorithm,holds,0,1,1,proof.gpr,3,1,,,reproof-20261009-1,e8c7794f,gnatprove FSF 16.1.0 / Why3 1.8.2+git / cvc5 1.3.2 (86cecd8) / z3 4.15.4 / alt-ergo 2.6.1
concurrency/SPARK2/Ada-SPARK-Petersons-Algorithm,holds,0,1,1,proof.gpr,2,0,,,reproof-20261009-1,e8c7794f,gnatprove FSF 16.1.0 / Why3 1.8.2+git / cvc5 1.3.2 (86cecd8) / z3 4.15.4 / alt-ergo 2.6.1
concurrency/SPARK2/Ada-SPARK-Task-Scheduler,holds,0,1,1,task_scheduler.gpr,3,1,,,reproof-20261009-1,e8c7794f,gnatprove FSF 16.1.0 / Why3 1.8.2+git / cvc5 1.3.2 (86cecd8) / z3 4.15.4 / alt-ergo 2.6.1
concurrency/SPARK2/Ada-SPARK-Task-Scheduler-Stub,holds,0,2,1,proof.gpr,5,208,,,reproof-20261009-1,e8c7794f,gnatprove FSF 16.1.0 / Why3 1.8.2+git / cvc5 1.3.2 (86cecd8) / z3 4.15.4 / alt-ergo 2.6.1
concurrency/SPARK2/Course-Schedule,holds,0,5,1,proof.gpr,68,323,,,reproof-20261009-1,e8c7794f,gnatprove FSF 16.1.0 / Why3 1.8.2+git / cvc5 1.3.2 (86cecd8) / z3 4.15.4 / alt-ergo 2.6.1
cryptography/SPARK2/Ada-SPARK-Level-Order-Traversal-Stub,holds,0,2,1,proof.gpr,21,1,,,reproof-20261009-1,e8c7794f,gnatprove FSF 16.1.0 / Why3 1.8.2+git / cvc5 1.3.2 (86cecd8) / z3 4.15.4 / alt-ergo 2.6.1
cryptography/SPARK2/Ada-SPARK-MD5,holds,0,0,1,md5.gpr,3,1,,,reproof-20261009-1,e8c7794f,gnatprove FSF 16.1.0 / Why3 1.8.2+git / cvc5 1.3.2 (86cecd8) / z3 4.15.4 / alt-ergo 2.6.1
cryptography/SPARK2/Ada-SPARK-SHA-1,holds,0,1,1,sha_1.gpr,3,1,,,reproof-20261009-1,e8c7794f,gnatprove FSF 16.1.0 / Why3 1.8.2+git / cvc5 1.3.2 (86cecd8) / z3 4.15.4 / alt-ergo 2.6.1
cryptography/SPARK2/Bit-Reversal,holds,0,1,1,bit_reversal.gpr,2,0,,,reproof-20261009-1,e8c7794f,gnatprove FSF 16.1.0 / Why3 1.8.2+git / cvc5 1.3.2 (86cecd8) / z3 4.15.4 / alt-ergo 2.6.1
geometry/SPARK2/Ada-SPARK-Convex-Hull-Graham,holds,0,16,1,convex_hull_graham.gpr,11,2215,,,reproof-20261009-1,e8c7794f,gnatprove FSF 16.1.0 / Why3 1.8.2+git / cvc5 1.3.2 (86cecd8) / z3 4.15.4 / alt-ergo 2.6.1
geometry/SPARK2/Ada-SPARK-Point-In-Polygon,holds,0,44,1,point_in_polygon.gpr,22,14476,,,reproof-20261009-1,e8c7794f,gnatprove FSF 16.1.0 / Why3 1.8.2+git / cvc5 1.3.2 (86cecd8) / z3 4.15.4 / alt-ergo 2.6.1
geometry/SPARK2/Closest-Pair-Brute,holds,0,2,1,closest_pair_brute.gpr,8,1816,,,reproof-20261009-1,e8c7794f,gnatprove FSF 16.1.0 / Why3 1.8.2+git / cvc5 1.3.2 (86cecd8) / z3 4.15.4 / alt-ergo 2.6.1
graphs/SPARK2/Ada-SPARK-Bellman-Ford-Lite,holds,0,0,1,bellman_ford_lite.gpr,3,0,,,reproof-20261009-1,e8c7794f,gnatprove FSF 16.1.0 / Why3 1.8.2+git / cvc5 1.3.2 (86cecd8) / z3 4.15.4 / alt-ergo 2.6.1
graphs/SPARK2/Ada-SPARK-Clone-Graph,holds,0,25,1,clone_graph.gpr,158,2156,,,reproof-20261009-1,e8c7794f,gnatprove FSF 16.1.0 / Why3 1.8.2+git / cvc5 1.3.2 (86cecd8) / z3 4.15.4 / alt-ergo 2.6.1
graphs/SPARK2/Ada-SPARK-Clone-Graph-Stub,holds,0,0,1,proof.gpr,1,0,,,reproof-20261009-1,e8c7794f,gnatprove FSF 16.1.0 / Why3 1.8.2+git / cvc5 1.3.2 (86cecd8) / z3 4.15.4 / alt-ergo 2.6.1
graphs/SPARK2/Ada-SPARK-Dijkstra-Lite,holds,0,1,1,dijkstra_lite.gpr,3,0,,,reproof-20261009-1,e8c7794f,gnatprove FSF 16.1.0 / Why3 1.8.2+git / cvc5 1.3.2 (86cecd8) / z3 4.15.4 / alt-ergo 2.6.1
graphs/SPARK2/Ada-SPARK-Find-Center-Of-Star-Graph,holds,0,4,1,find_center_of_star_graph.gpr,4,528,,,reproof-20261009-1,e8c7794f,gnatprove FSF 16.1.0 / Why3 1.8.2+git / cvc5 1.3.2 (86cecd8) / z3 4.15.4 / alt-ergo 2.6.1
graphs/SPARK2/Ada-SPARK-Find-If-Path-Exists-In-Graph,holds,0,5,1,find_if_path_exists_in_graph.gpr,8,397,,,reproof-20261009-1,e8c7794f,gnatprove FSF 16.1.0 / Why3 1.8.2+git / cvc5 1.3.2 (86cecd8) / z3 4.15.4 / alt-ergo 2.6.1
graphs/SPARK2/Ada-SPARK-Floyd-Warshall,holds,0,36,1,floyd_warshall.gpr,2,3533,,,reproof-20261009-1,e8c7794f,gnatprove FSF 16.1.0 / Why3 1.8.2+git / cvc5 1.3.2 (86cecd8) / z3 4.15.4 / alt-ergo 2.6.1
graphs/SPARK2/Ada-SPARK-Floyd-Warshall-Lite,holds,0,0,1,floyd_warshall_lite.gpr,3,0,,,reproof-20261009-1,e8c7794f,gnatprove FSF 16.1.0 / Why3 1.8.2+git / cvc5 1.3.2 (86cecd8) / z3 4.15.4 / alt-ergo 2.6.1
graphs/SPARK2/Ada-SPARK-Is-Graph-Bipartite,holds,0,1,1,is_graph_bipartite.gpr,2,0,,,reproof-20261009-1,e8c7794f,gnatprove FSF 16.1.0 / Why3 1.8.2+git / cvc5 1.3.2 (86cecd8) / z3 4.15.4 / alt-ergo 2.6.1
graphs/SPARK2/Ada-SPARK-Kruskal-MST-Lite,holds,0,15,1,kruskal_mst_lite.gpr,3,39998,,,reproof-20261009-1,e8c7794f,gnatprove FSF 16.1.0 / Why3 1.8.2+git / cvc5 1.3.2 (86cecd8) / z3 4.15.4 / alt-ergo 2.6.1
graphs/SPARK2/Ada-SPARK-Kruskals-Algorithm,holds,0,34,1,kruskals_algorithm.gpr,13,3228,,,reproof-20261009-1,e8c7794f,gnatprove FSF 16.1.0 / Why3 1.8.2+git / cvc5 1.3.2 (86cecd8) / z3 4.15.4 / alt-ergo 2.6.1
graphs/SPARK2/Ada-SPARK-Number-Of-Islands-DFS,holds,0,16,1,number_of_islands_dfs.gpr,87,48833,,,reproof-20261009-1,e8c7794f,gnatprove FSF 16.1.0 / Why3 1.8.2+git / cvc5 1.3.2 (86cecd8) / z3 4.15.4 / alt-ergo 2.6.1
graphs/SPARK2/Ada-SPARK-Prims-Algorithm,holds,0,1,1,prims_algorithm.gpr,2,0,,,reproof-20261009-1,e8c7794f,gnatprove FSF 16.1.0 / Why3 1.8.2+git / cvc5 1.3.2 (86cecd8) / z3 4.15.4 / alt-ergo 2.6.1
graphs/SPARK2/Ada-SPARK-Shortest-Path-In-Binary-Matrix,holds,0,1,1,shortest_path_in_binary_matrix.gpr,2,0,,,reproof-20261009-1,e8c7794f,gnatprove FSF 16.1.0 / Why3 1.8.2+git / cvc5 1.3.2 (86cecd8) / z3 4.15.4 / alt-ergo 2.6.1
graphs/SPARK2/Bellman-Ford-Algorithm,holds,0,137,1,bellman_ford_algorithm.gpr,4,3369,,,reproof-20261009-1,e8c7794f,gnatprove FSF 16.1.0 / Why3 1.8.2+git / cvc5 1.3.2 (86cecd8) / z3 4.15.4 / alt-ergo 2.6.1
graphs/SPARK4/A-Star,holds,0,38,1,a_star.gpr,234,1278,,,reproof-20261009-1,e8c7794f,gnatprove FSF 16.1.0 / Why3 1.8.2+git / cvc5 1.3.2 (86cecd8) / z3 4.15.4 / alt-ergo 2.6.1
graphs/SPARK4/Ada-SPARK-Dijkstras-Algorithm,holds,0,42,1,dijkstras_algorithm.gpr,224,1188,,,reproof-20261009-1,e8c7794f,gnatprove FSF 16.1.0 / Why3 1.8.2+git / cvc5 1.3.2 (86cecd8) / z3 4.15.4 / alt-ergo 2.6.1
graphs/SPARK4/Ada-SPARK-Floyds-Cycle-Finding-Algorithm,holds,0,24,1,floyds_cycle_finding_algorithm.gpr,183,2,,,reproof-20261009-1,e8c7794f,gnatprove FSF 16.1.0 / Why3 1.8.2+git / cvc5 1.3.2 (86cecd8) / z3 4.15.4 / alt-ergo 2.6.1
hashing/SPARK2/Ada-SPARK-Design-HashMap,holds,0,1,1,proof.gpr,7,0,,,reproof-20261009-1,e8c7794f,gnatprove FSF 16.1.0 / Why3 1.8.2+git / cvc5 1.3.2 (86cecd8) / z3 4.15.4 / alt-ergo 2.6.1
hashing/SPARK2/Ada-SPARK-Design-HashMap-Stub,holds,0,1,1,design_hashmap_stub.gpr,2,0,,,reproof-20261009-1,e8c7794f,gnatprove FSF 16.1.0 / Why3 1.8.2+git / cvc5 1.3.2 (86cecd8) / z3 4.15.4 / alt-ergo 2.6.1
hashing/SPARK2/Ada-SPARK-Design-HashSet,holds,0,1,1,proof.gpr,6,0,,,reproof-20261009-1,e8c7794f,gnatprove FSF 16.1.0 / Why3 1.8.2+git / cvc5 1.3.2 (86cecd8) / z3 4.15.4 / alt-ergo 2.6.1
hashing/SPARK2/Ada-SPARK-Design-HashSet-Stub,holds,0,1,1,proof.gpr,3,0,,,reproof-20261009-1,e8c7794f,gnatprove FSF 16.1.0 / Why3 1.8.2+git / cvc5 1.3.2 (86cecd8) / z3 4.15.4 / alt-ergo 2.6.1
hashing/SPARK2/Ada-SPARK-FNV-Hash,holds,0,1,1,fnv_hash.gpr,2,0,,,reproof-20261009-1,e8c7794f,gnatprove FSF 16.1.0 / Why3 1.8.2+git / cvc5 1.3.2 (86cecd8) / z3 4.15.4 / alt-ergo 2.6.1
hashing/SPARK2/Ada-SPARK-Pearson-Hashing,holds,0,2,1,pearson_hashing.gpr,3,1,,,reproof-20261009-1,e8c7794f,gnatprove FSF 16.1.0 / Why3 1.8.2+git / cvc5 1.3.2 (86cecd8) / z3 4.15.4 / alt-ergo 2.6.1
hashing/SPARK2/Ada-SPARK-Zobrist-Hashing,holds,0,3,1,zobrist_hashing.gpr,8,1,,,reproof-20261009-1,e8c7794f,gnatprove FSF 16.1.0 / Why3 1.8.2+git / cvc5 1.3.2 (86cecd8) / z3 4.15.4 / alt-ergo 2.6.1
hashing/SPARK2/Bloom-Filter,holds,0,2,1,bloom_filter.gpr,10,1,,,reproof-20261009-1,e8c7794f,gnatprove FSF 16.1.0 / Why3 1.8.2+git / cvc5 1.3.2 (86cecd8) / z3 4.15.4 / alt-ergo 2.6.1
logic/Ada/DPLL,holds,0,11,1,dpll.gpr,56,1746,,,reproof-20261009-1,e8c7794f,gnatprove FSF 16.1.0 / Why3 1.8.2+git / cvc5 1.3.2 (86cecd8) / z3 4.15.4 / alt-ergo 2.6.1
logic/Ada/Verified-Unification-Engine,holds,0,19,1,unification_engine.gpr,178,148,,,reproof-20261009-1,e8c7794f,gnatprove FSF 16.1.0 / Why3 1.8.2+git / cvc5 1.3.2 (86cecd8) / z3 4.15.4 / alt-ergo 2.6.1
matrices/SPARK2/Ada-SPARK-Check-If-Matrix-Is-X-Matrix,holds,0,1,1,proof.gpr,1,0,,,reproof-20261009-1,e8c7794f,gnatprove FSF 16.1.0 / Why3 1.8.2+git / cvc5 1.3.2 (86cecd8) / z3 4.15.4 / alt-ergo 2.6.1
matrices/SPARK2/Ada-SPARK-Gaussian-Elimination,holds,0,3,1,gaussian_elimination.gpr,6,210,,,reproof-20261009-1,e8c7794f,gnatprove FSF 16.1.0 / Why3 1.8.2+git / cvc5 1.3.2 (86cecd8) / z3 4.15.4 / alt-ergo 2.6.1
matrices/SPARK2/Ada-SPARK-Lucky-Numbers-In-A-Matrix,holds,0,2,1,lucky_numbers.gpr,4,0,,,reproof-20261009-1,e8c7794f,gnatprove FSF 16.1.0 / Why3 1.8.2+git / cvc5 1.3.2 (86cecd8) / z3 4.15.4 / alt-ergo 2.6.1
matrices/SPARK2/Ada-SPARK-Matrix-Cells-In-Distance-Order,holds,0,256,1,matrix_cells_in_distance_order.gpr,18,8473,,,reproof-20261009-1,e8c7794f,gnatprove FSF 16.1.0 / Why3 1.8.2+git / cvc5 1.3.2 (86cecd8) / z3 4.15.4 / alt-ergo 2.6.1
matrices/SPARK2/Ada-SPARK-Matrix-Chain-Multiplication,holds,0,1,1,matrix_chain_multiplication.gpr,1,0,,,reproof-20261009-1,e8c7794f,gnatprove FSF 16.1.0 / Why3 1.8.2+git / cvc5 1.3.2 (86cecd8) / z3 4.15.4 / alt-ergo 2.6.1
matrices/SPARK2/Ada-SPARK-Matrix-Diagonal-Sum,holds,0,2,1,matrix_diagonal_sum.gpr,3,1,,,reproof-20261009-1,e8c7794f,gnatprove FSF 16.1.0 / Why3 1.8.2+git / cvc5 1.3.2 (86cecd8) / z3 4.15.4 / alt-ergo 2.6.1
matrices/SPARK2/Ada-SPARK-Matrix-Multiply,holds,0,1,1,matrix_multiply.gpr,3,0,,,reproof-20261009-1,e8c7794f,gnatprove FSF 16.1.0 / Why3 1.8.2+git / cvc5 1.3.2 (86cecd8) / z3 4.15.4 / alt-ergo 2.6.1
matrices/SPARK2/Ada-SPARK-Num-Matrix-Block-Sum,holds,0,1,1,num_matrix_block_sum.gpr,4,0,,,reproof-20261009-1,e8c7794f,gnatprove FSF 16.1.0 / Why3 1.8.2+git / cvc5 1.3.2 (86cecd8) / z3 4.15.4 / alt-ergo 2.6.1
matrices/SPARK2/Ada-SPARK-Reshape-The-Matrix,holds,0,1,1,reshape_the_matrix.gpr,1,0,,,reproof-20261009-1,e8c7794f,gnatprove FSF 16.1.0 / Why3 1.8.2+git / cvc5 1.3.2 (86cecd8) / z3 4.15.4 / alt-ergo 2.6.1
matrices/SPARK2/Ada-SPARK-Set-Matrix-Zeroes,holds,0,1,1,set_matrix_zeroes.gpr,,0,,,reproof-20261009-1,e8c7794f,gnatprove FSF 16.1.0 / Why3 1.8.2+git / cvc5 1.3.2 (86cecd8) / z3 4.15.4 / alt-ergo 2.6.1
matrices/SPARK2/Ada-SPARK-Spiral-Matrix,holds,0,1,1,spiral_matrix.gpr,2,0,,,reproof-20261009-1,e8c7794f,gnatprove FSF 16.1.0 / Why3 1.8.2+git / cvc5 1.3.2 (86cecd8) / z3 4.15.4 / alt-ergo 2.6.1
matrices/SPARK2/Ada-SPARK-Spiral-Matrix-II,holds,0,1,1,spiral_matrix_ii.gpr,2,0,,,reproof-20261009-1,e8c7794f,gnatprove FSF 16.1.0 / Why3 1.8.2+git / cvc5 1.3.2 (86cecd8) / z3 4.15.4 / alt-ergo 2.6.1
matrices/SPARK2/Ada-SPARK-The-K-Weakest-Rows-In-A-Matrix,holds,0,1,1,proof.gpr,2,0,,,reproof-20261009-1,e8c7794f,gnatprove FSF 16.1.0 / Why3 1.8.2+git / cvc5 1.3.2 (86cecd8) / z3 4.15.4 / alt-ergo 2.6.1
matrices/SPARK2/Ada-SPARK-Toeplitz-Matrix,holds,0,1,1,toeplitz_matrix.gpr,1,0,,,reproof-20261009-1,e8c7794f,gnatprove FSF 16.1.0 / Why3 1.8.2+git / cvc5 1.3.2 (86cecd8) / z3 4.15.4 / alt-ergo 2.6.1
matrices/SPARK2/Ada-SPARK-Transpose-Matrix,holds,0,1,1,transpose_matrix.gpr,1,0,,,reproof-20261009-1,e8c7794f,gnatprove FSF 16.1.0 / Why3 1.8.2+git / cvc5 1.3.2 (86cecd8) / z3 4.15.4 / alt-ergo 2.6.1
matrices/SPARK2/Matrix-01,holds,0,1,1,matrix_01.gpr,2,0,,,reproof-20261009-1,e8c7794f,gnatprove FSF 16.1.0 / Why3 1.8.2+git / cvc5 1.3.2 (86cecd8) / z3 4.15.4 / alt-ergo 2.6.1
misc/Ada/Beginner-Embedded-API,holds,0,4,1,beginner_board.gpr,26,2,,,reproof-20261009-1,e8c7794f,gnatprove FSF 16.1.0 / Why3 1.8.2+git / cvc5 1.3.2 (86cecd8) / z3 4.15.4 / alt-ergo 2.6.1
misc/Ada/Delivery-Mission-FSM,holds,0,2,1,mission_fsm.gpr,9,1,,,reproof-20261009-1,e8c7794f,gnatprove FSF 16.1.0 / Why3 1.8.2+git / cvc5 1.3.2 (86cecd8) / z3 4.15.4 / alt-ergo 2.6.1
misc/Ada/GNAT-Studio-Notes,holds,0,2,1,proof.gpr,5,1,,,reproof-20261009-1,e8c7794f,gnatprove FSF 16.1.0 / Why3 1.8.2+git / cvc5 1.3.2 (86cecd8) / z3 4.15.4 / alt-ergo 2.6.1
misc/Ada/GPU-Work-Queue,holds,0,5,1,proof.gpr,28,1,,,reproof-20261009-1,e8c7794f,gnatprove FSF 16.1.0 / Why3 1.8.2+git / cvc5 1.3.2 (86cecd8) / z3 4.15.4 / alt-ergo 2.6.1
misc/Ada/Knuth-Bendix-Completion,holds,0,2,1,knuth_bendix_completion.gpr,2,1,,,reproof-20261009-1,e8c7794f,gnatprove FSF 16.1.0 / Why3 1.8.2+git / cvc5 1.3.2 (86cecd8) / z3 4.15.4 / alt-ergo 2.6.1
misc/Ada/Locomotion-Mode-Interlock,holds,0,2,1,locomotion_interlock.gpr,15,1,,,reproof-20261009-1,e8c7794f,gnatprove FSF 16.1.0 / Why3 1.8.2+git / cvc5 1.3.2 (86cecd8) / z3 4.15.4 / alt-ergo 2.6.1
misc/Ada/Memory-Channel-Model,holds,0,6,1,proof.gpr,32,1,,,reproof-20261009-1,e8c7794f,gnatprove FSF 16.1.0 / Why3 1.8.2+git / cvc5 1.3.2 (86cecd8) / z3 4.15.4 / alt-ergo 2.6.1
misc/Ada/PCIe-Transfer-Model,holds,0,7,1,proof.gpr,60,1,,,reproof-20261009-1,e8c7794f,gnatprove FSF 16.1.0 / Why3 1.8.2+git / cvc5 1.3.2 (86cecd8) / z3 4.15.4 / alt-ergo 2.6.1
misc/SPARK2/Ada-SPARK-3Sum-Closest,holds,0,1,1,proof.gpr,6,1,,,reproof-20261009-1,e8c7794f,gnatprove FSF 16.1.0 / Why3 1.8.2+git / cvc5 1.3.2 (86cecd8) / z3 4.15.4 / alt-ergo 2.6.1
misc/SPARK2/Ada-SPARK-4Sum-II,holds,0,2,1,proof.gpr,2,0,,,reproof-20261009-1,e8c7794f,gnatprove FSF 16.1.0 / Why3 1.8.2+git / cvc5 1.3.2 (86cecd8) / z3 4.15.4 / alt-ergo 2.6.1
misc/SPARK2/Ada-SPARK-Accounts-Merge-Lite,holds,0,2,1,accounts_merge_lite.gpr,4,1,,,reproof-20261009-1,e8c7794f,gnatprove FSF 16.1.0 / Why3 1.8.2+git / cvc5 1.3.2 (86cecd8) / z3 4.15.4 / alt-ergo 2.6.1
misc/SPARK2/Ada-SPARK-Accounts-Merge-Stub,holds,0,2,1,proof.gpr,4,1,,,reproof-20261009-1,e8c7794f,gnatprove FSF 16.1.0 / Why3 1.8.2+git / cvc5 1.3.2 (86cecd8) / z3 4.15.4 / alt-ergo 2.6.1
misc/SPARK2/Ada-SPARK-Add-Binary,holds,0,12,1,add_binary.gpr,8,1877,,,reproof-20261009-1,e8c7794f,gnatprove FSF 16.1.0 / Why3 1.8.2+git / cvc5 1.3.2 (86cecd8) / z3 4.15.4 / alt-ergo 2.6.1
misc/SPARK2/Ada-SPARK-Add-Digits,holds,0,2,1,proof.gpr,3,1,,,reproof-20261009-1,e8c7794f,gnatprove FSF 16.1.0 / Why3 1.8.2+git / cvc5 1.3.2 (86cecd8) / z3 4.15.4 / alt-ergo 2.6.1
misc/SPARK2/Ada-SPARK-Add-Two-Numbers,holds,0,1,1,proof.gpr,2,0,,,reproof-20261009-1,e8c7794f,gnatprove FSF 16.1.0 / Why3 1.8.2+git / cvc5 1.3.2 (86cecd8) / z3 4.15.4 / alt-ergo 2.6.1
misc/SPARK2/Ada-SPARK-Add-Two-Numbers-II,holds,0,1,1,proof.gpr,2,0,,,reproof-20261009-1,e8c7794f,gnatprove FSF 16.1.0 / Why3 1.8.2+git / cvc5 1.3.2 (86cecd8) / z3 4.15.4 / alt-ergo 2.6.1
misc/SPARK2/Ada-SPARK-Add-Without-Plus,holds,0,2,1,proof.gpr,17,1,,,reproof-20261009-1,e8c7794f,gnatprove FSF 16.1.0 / Why3 1.8.2+git / cvc5 1.3.2 (86cecd8) / z3 4.15.4 / alt-ergo 2.6.1
misc/SPARK2/Ada-SPARK-Adler32,holds,0,2,1,adler32.gpr,4,1,,,reproof-20261009-1,e8c7794f,gnatprove FSF 16.1.0 / Why3 1.8.2+git / cvc5 1.3.2 (86cecd8) / z3 4.15.4 / alt-ergo 2.6.1
misc/SPARK2/Ada-SPARK-Alert-Using-Same-Key-Card-Stub,holds,0,1,1,proof.gpr,5,2,,,reproof-20261009-1,e8c7794f,gnatprove FSF 16.1.0 / Why3 1.8.2+git / cvc5 1.3.2 (86cecd8) / z3 4.15.4 / alt-ergo 2.6.1
misc/SPARK2/Ada-SPARK-Alien-Dictionary-Lite,holds,0,1,1,alien_dictionary.gpr,2,0,,,reproof-20261009-1,e8c7794f,gnatprove FSF 16.1.0 / Why3 1.8.2+git / cvc5 1.3.2 (86cecd8) / z3 4.15.4 / alt-ergo 2.6.1
misc/SPARK2/Ada-SPARK-Alien-Dictionary-Stub,holds,0,1,1,proof.gpr,1,0,,,reproof-20261009-1,e8c7794f,gnatprove FSF 16.1.0 / Why3 1.8.2+git / cvc5 1.3.2 (86cecd8) / z3 4.15.4 / alt-ergo 2.6.1
misc/SPARK2/Ada-SPARK-All-Paths-From-Source-To-Target,holds,0,1,1,all_paths_from_source_to_target.gpr,2,0,,,reproof-20261009-1,e8c7794f,gnatprove FSF 16.1.0 / Why3 1.8.2+git / cvc5 1.3.2 (86cecd8) / z3 4.15.4 / alt-ergo 2.6.1
misc/SPARK2/Ada-SPARK-Argmax,holds,0,1,1,proof.gpr,1,0,,,reproof-20261009-1,e8c7794f,gnatprove FSF 16.1.0 / Why3 1.8.2+git / cvc5 1.3.2 (86cecd8) / z3 4.15.4 / alt-ergo 2.6.1
misc/SPARK2/Ada-SPARK-Arranging-Coins,holds,0,2,1,proof.gpr,8,1,,,reproof-20261009-1,e8c7794f,gnatprove FSF 16.1.0 / Why3 1.8.2+git / cvc5 1.3.2 (86cecd8) / z3 4.15.4 / alt-ergo 2.6.1
misc/SPARK2/Ada-SPARK-Array-Partition-I,holds,0,1,1,array_partition_i.gpr,3,1,,,reproof-20261009-1,e8c7794f,gnatprove FSF 16.1.0 / Why3 1.8.2+git / cvc5 1.3.2 (86cecd8) / z3 4.15.4 / alt-ergo 2.6.1
misc/SPARK2/Ada-SPARK-As-Far-From-Land-As-Possible,holds,0,1,1,as_far_from_land_as_possible.gpr,2,0,,,reproof-20261009-1,e8c7794f,gnatprove FSF 16.1.0 / Why3 1.8.2+git / cvc5 1.3.2 (86cecd8) / z3 4.15.4 / alt-ergo 2.6.1
misc/SPARK2/Ada-SPARK-Assign-Cookies,holds,0,2,1,assign_cookies_project.gpr,2,1,,,reproof-20261009-1,e8c7794f,gnatprove FSF 16.1.0 / Why3 1.8.2+git / cvc5 1.3.2 (86cecd8) / z3 4.15.4 / alt-ergo 2.6.1
misc/SPARK2/Ada-SPARK-Asteroid-Collision,holds,0,1,1,asteroid_collision.gpr,2,0,,,reproof-20261009-1,e8c7794f,gnatprove FSF 16.1.0 / Why3 1.8.2+git / cvc5 1.3.2 (86cecd8) / z3 4.15.4 / alt-ergo 2.6.1
misc/SPARK2/Ada-SPARK-Authentication-Manager-Stub,holds,0,2,1,proof.gpr,10,1,,,reproof-20261009-1,e8c7794f,gnatprove FSF 16.1.0 / Why3 1.8.2+git / cvc5 1.3.2 (86cecd8) / z3 4.15.4 / alt-ergo 2.6.1
misc/SPARK2/Ada-SPARK-Available-Captures-For-Rook,holds,0,2,1,available_captures_for_rook.gpr,3,774,,,reproof-20261009-1,e8c7794f,gnatprove FSF 16.1.0 / Why3 1.8.2+git / cvc5 1.3.2 (86cecd8) / z3 4.15.4 / alt-ergo 2.6.1
misc/SPARK2/Ada-SPARK-Bankers-Algorithm,holds,0,2,1,proof.gpr,8,2,,,reproof-20261009-1,e8c7794f,gnatprove FSF 16.1.0 / Why3 1.8.2+git / cvc5 1.3.2 (86cecd8) / z3 4.15.4 / alt-ergo 2.6.1
misc/SPARK2/Ada-SPARK-Base64-Decode,holds,0,2,1,base64_decode.gpr,4,1,,,reproof-20261009-1,e8c7794f,gnatprove FSF 16.1.0 / Why3 1.8.2+git / cvc5 1.3.2 (86cecd8) / z3 4.15.4 / alt-ergo 2.6.1
misc/SPARK2/Ada-SPARK-Base64-Encode,holds,0,1,1,base64_encode.gpr,4,1,,,reproof-20261009-1,e8c7794f,gnatprove FSF 16.1.0 / Why3 1.8.2+git / cvc5 1.3.2 (86cecd8) / z3 4.15.4 / alt-ergo 2.6.1
misc/SPARK2/Ada-SPARK-Baseball-Game,holds,0,2,1,proof.gpr,12,1,,,reproof-20261009-1,e8c7794f,gnatprove FSF 16.1.0 / Why3 1.8.2+git / cvc5 1.3.2 (86cecd8) / z3 4.15.4 / alt-ergo 2.6.1
misc/SPARK2/Ada-SPARK-Basic-Calculator,holds,0,0,1,basic_calculator.gpr,2,0,,,reproof-20261009-1,e8c7794f,gnatprove FSF 16.1.0 / Why3 1.8.2+git / cvc5 1.3.2 (86cecd8) / z3 4.15.4 / alt-ergo 2.6.1
misc/SPARK2/Ada-SPARK-Basic-Calculator-II,holds,0,1,1,proof.gpr,5,1,,,reproof-20261009-1,e8c7794f,gnatprove FSF 16.1.0 / Why3 1.8.2+git / cvc5 1.3.2 (86cecd8) / z3 4.15.4 / alt-ergo 2.6.1
misc/SPARK2/Ada-SPARK-Basic-Calculator-Stub,holds,0,2,1,basic_calculator_stub.gpr,3,1,,,reproof-20261009-1,e8c7794f,gnatprove FSF 16.1.0 / Why3 1.8.2+git / cvc5 1.3.2 (86cecd8) / z3 4.15.4 / alt-ergo 2.6.1
misc/SPARK2/Ada-SPARK-Beautiful-Arrangement,holds,0,3,1,proof.gpr,7,153,,,reproof-20261009-1,e8c7794f,gnatprove FSF 16.1.0 / Why3 1.8.2+git / cvc5 1.3.2 (86cecd8) / z3 4.15.4 / alt-ergo 2.6.1
misc/SPARK2/Ada-SPARK-Beautiful-Array-Lite,holds,0,2,1,proof.gpr,3,1,,,reproof-20261009-1,e8c7794f,gnatprove FSF 16.1.0 / Why3 1.8.2+git / cvc5 1.3.2 (86cecd8) / z3 4.15.4 / alt-ergo 2.6.1
misc/SPARK2/Ada-SPARK-Best-Time-To-Buy-And-Sell-Stock,holds,0,2,1,proof.gpr,4,310,,,reproof-20261009-1,e8c7794f,gnatprove FSF 16.1.0 / Why3 1.8.2+git / cvc5 1.3.2 (86cecd8) / z3 4.15.4 / alt-ergo 2.6.1
misc/SPARK2/Ada-SPARK-Best-Time-To-Buy-And-Sell-Stock-II,holds,0,3,1,proof.gpr,4,758,,,reproof-20261009-1,e8c7794f,gnatprove FSF 16.1.0 / Why3 1.8.2+git / cvc5 1.3.2 (86cecd8) / z3 4.15.4 / alt-ergo 2.6.1
misc/SPARK2/Ada-SPARK-Best-Time-To-Buy-And-Sell-Stock-With-Cooldownoldown,holds,0,6,1,proof.gpr,9,3090,,,reproof-20261009-1,e8c7794f,gnatprove FSF 16.1.0 / Why3 1.8.2+git / cvc5 1.3.2 (86cecd8) / z3 4.15.4 / alt-ergo 2.6.1
misc/SPARK2/Ada-SPARK-Binary-Number-With-Alternating-Bits,holds,0,1,1,binary_number_with_alternating_bits.gpr,3,1,,,reproof-20261009-1,e8c7794f,gnatprove FSF 16.1.0 / Why3 1.8.2+git / cvc5 1.3.2 (86cecd8) / z3 4.15.4 / alt-ergo 2.6.1
misc/SPARK2/Ada-SPARK-Binary-To-Integer,holds,0,1,1,Binary_To_Integer.gpr,2,0,,,reproof-20261009-1,e8c7794f,gnatprove FSF 16.1.0 / Why3 1.8.2+git / cvc5 1.3.2 (86cecd8) / z3 4.15.4 / alt-ergo 2.6.1
misc/SPARK2/Ada-SPARK-Binary-Watch,holds,0,1,1,binary_watch.gpr,4,0,,,reproof-20261009-1,e8c7794f,gnatprove FSF 16.1.0 / Why3 1.8.2+git / cvc5 1.3.2 (86cecd8) / z3 4.15.4 / alt-ergo 2.6.1
misc/SPARK2/Ada-SPARK-Binomial-Coefficient,holds,0,2,1,proof.gpr,2,0,,,reproof-20261009-1,e8c7794f,gnatprove FSF 16.1.0 / Why3 1.8.2+git / cvc5 1.3.2 (86cecd8) / z3 4.15.4 / alt-ergo 2.6.1
misc/SPARK2/Ada-SPARK-Bitset,holds,0,1,1,bitset.gpr,4,1,,,reproof-20261009-1,e8c7794f,gnatprove FSF 16.1.0 / Why3 1.8.2+git / cvc5 1.3.2 (86cecd8) / z3 4.15.4 / alt-ergo 2.6.1
misc/SPARK2/Ada-SPARK-Bitwise-AND-Of-Numbers-Range,holds,0,1,1,bitwise_and_of_numbers_range.gpr,2,0,,,reproof-20261009-1,e8c7794f,gnatprove FSF 16.1.0 / Why3 1.8.2+git / cvc5 1.3.2 (86cecd8) / z3 4.15.4 / alt-ergo 2.6.1
misc/SPARK2/Ada-SPARK-Bitwise-OR-Of-Numbers-Range,holds,0,2,1,Bitwise_Or_Of_Numbers_Range.gpr,2,0,,,reproof-20261009-1,e8c7794f,gnatprove FSF 16.1.0 / Why3 1.8.2+git / cvc5 1.3.2 (86cecd8) / z3 4.15.4 / alt-ergo 2.6.1
misc/SPARK2/Ada-SPARK-Bitwise-ORs-Of-Subarrays-Lite,holds,0,1,1,bitwise_ors_of_subarrays_lite.gpr,4,0,,,reproof-20261009-1,e8c7794f,gnatprove FSF 16.1.0 / Why3 1.8.2+git / cvc5 1.3.2 (86cecd8) / z3 4.15.4 / alt-ergo 2.6.1
misc/SPARK2/Ada-SPARK-Bitwise-XOR-Of-All-Pairings,holds,0,1,1,bitwise_xor_of_all_pairings.gpr,2,0,,,reproof-20261009-1,e8c7794f,gnatprove FSF 16.1.0 / Why3 1.8.2+git / cvc5 1.3.2 (86cecd8) / z3 4.15.4 / alt-ergo 2.6.1
misc/SPARK2/Ada-SPARK-Boats-To-Save-People,holds,0,1,1,boats_to_save_people.gpr,4,1,,,reproof-20261009-1,e8c7794f,gnatprove FSF 16.1.0 / Why3 1.8.2+git / cvc5 1.3.2 (86cecd8) / z3 4.15.4 / alt-ergo 2.6.1
misc/SPARK2/Ada-SPARK-Bounding-Box,holds,0,1,1,bounding_box.gpr,2,0,,,reproof-20261009-1,e8c7794f,gnatprove FSF 16.1.0 / Why3 1.8.2+git / cvc5 1.3.2 (86cecd8) / z3 4.15.4 / alt-ergo 2.6.1
misc/SPARK2/Ada-SPARK-Bray-Curtis,holds,0,2,1,bray_curtis.gpr,5,1,,,reproof-20261009-1,e8c7794f,gnatprove FSF 16.1.0 / Why3 1.8.2+git / cvc5 1.3.2 (86cecd8) / z3 4.15.4 / alt-ergo 2.6.1
misc/SPARK2/Ada-SPARK-Broken-Calculator,holds,0,4,1,broken_calculator.gpr,19,1,,,reproof-20261009-1,e8c7794f,gnatprove FSF 16.1.0 / Why3 1.8.2+git / cvc5 1.3.2 (86cecd8) / z3 4.15.4 / alt-ergo 2.6.1
misc/SPARK2/Ada-SPARK-Browser-History-Stub,holds,0,2,1,proof.gpr,2,1,,,reproof-20261009-1,e8c7794f,gnatprove FSF 16.1.0 / Why3 1.8.2+git / cvc5 1.3.2 (86cecd8) / z3 4.15.4 / alt-ergo 2.6.1
misc/SPARK2/Ada-SPARK-Buddy-Memory-Allocation,holds,0,2,1,proof.gpr,7,1,,,reproof-20261009-1,e8c7794f,gnatprove FSF 16.1.0 / Why3 1.8.2+git / cvc5 1.3.2 (86cecd8) / z3 4.15.4 / alt-ergo 2.6.1
misc/SPARK2/Ada-SPARK-Bulb-Switcher,holds,0,1,1,proof.gpr,11,1,,,reproof-20261009-1,e8c7794f,gnatprove FSF 16.1.0 / Why3 1.8.2+git / cvc5 1.3.2 (86cecd8) / z3 4.15.4 / alt-ergo 2.6.1
misc/SPARK2/Ada-SPARK-Bulb-Switcher-Stub,holds,0,1,1,proof.gpr,5,1,,,reproof-20261009-1,e8c7794f,gnatprove FSF 16.1.0 / Why3 1.8.2+git / cvc5 1.3.2 (86cecd8) / z3 4.15.4 / alt-ergo 2.6.1
misc/SPARK2/Ada-SPARK-Bump-Arena,holds,0,9,1,proof.gpr,65,1,,,reproof-20261009-1,e8c7794f,gnatprove FSF 16.1.0 / Why3 1.8.2+git / cvc5 1.3.2 (86cecd8) / z3 4.15.4 / alt-ergo 2.6.1
misc/SPARK2/Ada-SPARK-CRC32,holds,0,1,1,crc32.gpr,2,0,,,reproof-20261009-1,e8c7794f,gnatprove FSF 16.1.0 / Why3 1.8.2+git / cvc5 1.3.2 (86cecd8) / z3 4.15.4 / alt-ergo 2.6.1
misc/SPARK2/Ada-SPARK-CSR-Row-Sum,holds,0,1,1,csr_row_sum.gpr,2,0,,,reproof-20261009-1,e8c7794f,gnatprove FSF 16.1.0 / Why3 1.8.2+git / cvc5 1.3.2 (86cecd8) / z3 4.15.4 / alt-ergo 2.6.1
misc/SPARK2/Ada-SPARK-Can-Place-Flowers,holds,0,1,1,can_place_flowers.gpr,2,0,,,reproof-20261009-1,e8c7794f,gnatprove FSF 16.1.0 / Why3 1.8.2+git / cvc5 1.3.2 (86cecd8) / z3 4.15.4 / alt-ergo 2.6.1
misc/SPARK2/Ada-SPARK-Canberra-Distance,holds,0,3,1,canberra_distance.gpr,14,1300,,,reproof-20261009-1,e8c7794f,gnatprove FSF 16.1.0 / Why3 1.8.2+git / cvc5 1.3.2 (86cecd8) / z3 4.15.4 / alt-ergo 2.6.1
misc/SPARK2/Ada-SPARK-Candy,holds,0,1,1,candy_project.gpr,2,1,,,reproof-20261009-1,e8c7794f,gnatprove FSF 16.1.0 / Why3 1.8.2+git / cvc5 1.3.2 (86cecd8) / z3 4.15.4 / alt-ergo 2.6.1
misc/SPARK2/Ada-SPARK-Capacity-To-Ship-Packages,holds,0,16,1,proof.gpr,5,3318,,,reproof-20261009-1,e8c7794f,gnatprove FSF 16.1.0 / Why3 1.8.2+git / cvc5 1.3.2 (86cecd8) / z3 4.15.4 / alt-ergo 2.6.1
misc/SPARK2/Ada-SPARK-Car-Pooling,holds,0,4,1,car_pooling.gpr,6,74,,,reproof-20261009-1,e8c7794f,gnatprove FSF 16.1.0 / Why3 1.8.2+git / cvc5 1.3.2 (86cecd8) / z3 4.15.4 / alt-ergo 2.6.1
misc/SPARK2/Ada-SPARK-Cheapest-Flights,holds,0,1,1,cheapest_flights.gpr,2,0,,,reproof-20261009-1,e8c7794f,gnatprove FSF 16.1.0 / Why3 1.8.2+git / cvc5 1.3.2 (86cecd8) / z3 4.15.4 / alt-ergo 2.6.1
misc/SPARK2/Ada-SPARK-Cheapest-Flights-Stub,holds,0,1,1,proof.gpr,1,0,,,reproof-20261009-1,e8c7794f,gnatprove FSF 16.1.0 / Why3 1.8.2+git / cvc5 1.3.2 (86cecd8) / z3 4.15.4 / alt-ergo 2.6.1
misc/SPARK2/Ada-SPARK-Cheapest-Flights-Within-K-Stops,holds,0,174,1,proof.gpr,4,5289,,,reproof-20261009-1,e8c7794f,gnatprove FSF 16.1.0 / Why3 1.8.2+git / cvc5 1.3.2 (86cecd8) / z3 4.15.4 / alt-ergo 2.6.1
misc/SPARK2/Ada-SPARK-Check-If-Number-Is-A-Sum-Of-Powers-Of-Three,holds,0,2,1,proof.gpr,7,1,,,reproof-20261009-1,e8c7794f,gnatprove FSF 16.1.0 / Why3 1.8.2+git / cvc5 1.3.2 (86cecd8) / z3 4.15.4 / alt-ergo 2.6.1
misc/SPARK2/Ada-SPARK-Check-If-The-Sentence-Is-Pangram,holds,0,1,1,proof.gpr,3,1,,,reproof-20261009-1,e8c7794f,gnatprove FSF 16.1.0 / Why3 1.8.2+git / cvc5 1.3.2 (86cecd8) / z3 4.15.4 / alt-ergo 2.6.1
misc/SPARK2/Ada-SPARK-Checksum-Ones-Complement,holds,0,2,1,checksum_ones_complement.gpr,4,3055,,,reproof-20261009-1,e8c7794f,gnatprove FSF 16.1.0 / Why3 1.8.2+git / cvc5 1.3.2 (86cecd8) / z3 4.15.4 / alt-ergo 2.6.1
misc/SPARK2/Ada-SPARK-Cherry-Pickup-Lite,holds,0,1,1,cherry_pickup_lite.gpr,2,0,,,reproof-20261009-1,e8c7794f,gnatprove FSF 16.1.0 / Why3 1.8.2+git / cvc5 1.3.2 (86cecd8) / z3 4.15.4 / alt-ergo 2.6.1
misc/SPARK2/Ada-SPARK-Circular-Deque-Stub,holds,0,1,1,proof.gpr,7,0,,,reproof-20261009-1,e8c7794f,gnatprove FSF 16.1.0 / Why3 1.8.2+git / cvc5 1.3.2 (86cecd8) / z3 4.15.4 / alt-ergo 2.6.1
misc/SPARK2/Ada-SPARK-Circular-Queue,holds,0,2,1,circular_queue.gpr,10,1,,,reproof-20261009-1,e8c7794f,gnatprove FSF 16.1.0 / Why3 1.8.2+git / cvc5 1.3.2 (86cecd8) / z3 4.15.4 / alt-ergo 2.6.1
misc/SPARK2/Ada-SPARK-Clamp,holds,0,2,1,proof.gpr,2,1,,,reproof-20261009-1,e8c7794f,gnatprove FSF 16.1.0 / Why3 1.8.2+git / cvc5 1.3.2 (86cecd8) / z3 4.15.4 / alt-ergo 2.6.1
misc/SPARK2/Ada-SPARK-Climbing-Stairs,holds,0,1,1,climbing_stairs.gpr,2,0,,,reproof-20261009-1,e8c7794f,gnatprove FSF 16.1.0 / Why3 1.8.2+git / cvc5 1.3.2 (86cecd8) / z3 4.15.4 / alt-ergo 2.6.1
misc/SPARK2/Ada-SPARK-Clock-Page-Replacement,holds,0,2,1,proof.gpr,4,1,,,reproof-20261009-1,e8c7794f,gnatprove FSF 16.1.0 / Why3 1.8.2+git / cvc5 1.3.2 (86cecd8) / z3 4.15.4 / alt-ergo 2.6.1
misc/SPARK2/Ada-SPARK-Coin-Change,holds,0,1,1,coin_change.gpr,2,0,,,reproof-20261009-1,e8c7794f,gnatprove FSF 16.1.0 / Why3 1.8.2+git / cvc5 1.3.2 (86cecd8) / z3 4.15.4 / alt-ergo 2.6.1
misc/SPARK2/Ada-SPARK-Coin-Change-II,holds,0,11,1,coin_change_ii_project.gpr,6,295,,,reproof-20261009-1,e8c7794f,gnatprove FSF 16.1.0 / Why3 1.8.2+git / cvc5 1.3.2 (86cecd8) / z3 4.15.4 / alt-ergo 2.6.1
misc/SPARK2/Ada-SPARK-Combination-Iterator-Stub,holds,0,2,1,proof.gpr,8,1,,,reproof-20261009-1,e8c7794f,gnatprove FSF 16.1.0 / Why3 1.8.2+git / cvc5 1.3.2 (86cecd8) / z3 4.15.4 / alt-ergo 2.6.1
misc/SPARK2/Ada-SPARK-Combination-Sum,holds,0,1,1,combination_sum.gpr,2,0,,,reproof-20261009-1,e8c7794f,gnatprove FSF 16.1.0 / Why3 1.8.2+git / cvc5 1.3.2 (86cecd8) / z3 4.15.4 / alt-ergo 2.6.1
misc/SPARK2/Ada-SPARK-Combination-Sum-II,holds,0,1,1,combination_sum_ii.gpr,2,0,,,reproof-20261009-1,e8c7794f,gnatprove FSF 16.1.0 / Why3 1.8.2+git / cvc5 1.3.2 (86cecd8) / z3 4.15.4 / alt-ergo 2.6.1
misc/SPARK2/Ada-SPARK-Combination-Sum-III,holds,0,2,1,proof.gpr,21,1,,,reproof-20261009-1,e8c7794f,gnatprove FSF 16.1.0 / Why3 1.8.2+git / cvc5 1.3.2 (86cecd8) / z3 4.15.4 / alt-ergo 2.6.1
misc/SPARK2/Ada-SPARK-Combination-Sum-IV,holds,0,10,1,proof.gpr,8,974,,,reproof-20261009-1,e8c7794f,gnatprove FSF 16.1.0 / Why3 1.8.2+git / cvc5 1.3.2 (86cecd8) / z3 4.15.4 / alt-ergo 2.6.1
misc/SPARK2/Ada-SPARK-Complement-Of-Base-10,holds,0,2,1,complement_of_base_10.gpr,3,1,,,reproof-20261009-1,e8c7794f,gnatprove FSF 16.1.0 / Why3 1.8.2+git / cvc5 1.3.2 (86cecd8) / z3 4.15.4 / alt-ergo 2.6.1
misc/SPARK2/Ada-SPARK-Complement-Of-Base-10-Integer,holds,0,1,1,Complement_Of_Base_10_Integer.gpr,2,0,,,reproof-20261009-1,e8c7794f,gnatprove FSF 16.1.0 / Why3 1.8.2+git / cvc5 1.3.2 (86cecd8) / z3 4.15.4 / alt-ergo 2.6.1
misc/SPARK2/Ada-SPARK-Connected-Component-Labeling,holds,0,14,1,connected_component_labeling.gpr,18,205,,,reproof-20261009-1,e8c7794f,gnatprove FSF 16.1.0 / Why3 1.8.2+git / cvc5 1.3.2 (86cecd8) / z3 4.15.4 / alt-ergo 2.6.1
misc/SPARK2/Ada-SPARK-Container-With-Most-Water,holds,0,2,1,proof.gpr,8,1,,,reproof-20261009-1,e8c7794f,gnatprove FSF 16.1.0 / Why3 1.8.2+git / cvc5 1.3.2 (86cecd8) / z3 4.15.4 / alt-ergo 2.6.1
misc/SPARK2/Ada-SPARK-Contains-Duplicate,holds,0,1,1,contains_duplicate.gpr,2,0,,,reproof-20261009-1,e8c7794f,gnatprove FSF 16.1.0 / Why3 1.8.2+git / cvc5 1.3.2 (86cecd8) / z3 4.15.4 / alt-ergo 2.6.1
misc/SPARK2/Ada-SPARK-Contains-Duplicate-II,holds,0,1,1,proof.gpr,2,0,,,reproof-20261009-1,e8c7794f,gnatprove FSF 16.1.0 / Why3 1.8.2+git / cvc5 1.3.2 (86cecd8) / z3 4.15.4 / alt-ergo 2.6.1
misc/SPARK2/Ada-SPARK-Contiguous-Array,holds,0,1,1,contiguous_array.gpr,5,1,,,reproof-20261009-1,e8c7794f,gnatprove FSF 16.1.0 / Why3 1.8.2+git / cvc5 1.3.2 (86cecd8) / z3 4.15.4 / alt-ergo 2.6.1
misc/SPARK2/Ada-SPARK-Continuous-Subarray-Sum,holds,0,2,1,continuous_subarray_sum.gpr,5,1,,,reproof-20261009-1,e8c7794f,gnatprove FSF 16.1.0 / Why3 1.8.2+git / cvc5 1.3.2 (86cecd8) / z3 4.15.4 / alt-ergo 2.6.1
misc/SPARK2/Ada-SPARK-Convert-1D-Array-Into-2D-Array,holds,0,1,1,proof.gpr,3,1,,,reproof-20261009-1,e8c7794f,gnatprove FSF 16.1.0 / Why3 1.8.2+git / cvc5 1.3.2 (86cecd8) / z3 4.15.4 / alt-ergo 2.6.1
misc/SPARK2/Ada-SPARK-Convert-A-Number-To-Hexadecimal,holds,0,1,1,Convert_A_Number_To_Hexadecimal.gpr,2,0,,,reproof-20261009-1,e8c7794f,gnatprove FSF 16.1.0 / Why3 1.8.2+git / cvc5 1.3.2 (86cecd8) / z3 4.15.4 / alt-ergo 2.6.1
misc/SPARK2/Ada-SPARK-Convert-Binary-Number-In-A-Linked-List-To-Integer,holds,0,2,1,proof.gpr,9,1,,,reproof-20261009-1,e8c7794f,gnatprove FSF 16.1.0 / Why3 1.8.2+git / cvc5 1.3.2 (86cecd8) / z3 4.15.4 / alt-ergo 2.6.1
misc/SPARK2/Ada-SPARK-Copy-List-With-Random-Pointer-Lite,holds,0,1,1,proof.gpr,8,1,,,reproof-20261009-1,e8c7794f,gnatprove FSF 16.1.0 / Why3 1.8.2+git / cvc5 1.3.2 (86cecd8) / z3 4.15.4 / alt-ergo 2.6.1
misc/SPARK2/Ada-SPARK-Corporate-Flight-Bookings,holds,0,1,1,corporate_flight_bookings.gpr,5,1,,,reproof-20261009-1,e8c7794f,gnatprove FSF 16.1.0 / Why3 1.8.2+git / cvc5 1.3.2 (86cecd8) / z3 4.15.4 / alt-ergo 2.6.1
misc/SPARK2/Ada-SPARK-Cosine-Distance,holds,0,4,1,cosine_distance.gpr,8,5382,,,reproof-20261009-1,e8c7794f,gnatprove FSF 16.1.0 / Why3 1.8.2+git / cvc5 1.3.2 (86cecd8) / z3 4.15.4 / alt-ergo 2.6.1
misc/SPARK2/Ada-SPARK-Cosine-Similarity,holds,0,2,1,cosine_similarity.gpr,4,1,,,reproof-20261009-1,e8c7794f,gnatprove FSF 16.1.0 / Why3 1.8.2+git / cvc5 1.3.2 (86cecd8) / z3 4.15.4 / alt-ergo 2.6.1
misc/SPARK2/Ada-SPARK-Count-And-Say,holds,0,1,1,count_and_say.gpr,2,0,,,reproof-20261009-1,e8c7794f,gnatprove FSF 16.1.0 / Why3 1.8.2+git / cvc5 1.3.2 (86cecd8) / z3 4.15.4 / alt-ergo 2.6.1
misc/SPARK2/Ada-SPARK-Count-And-Say-Stub,holds,0,5,1,count_and_say_stub.gpr,42,56,,,reproof-20261009-1,e8c7794f,gnatprove FSF 16.1.0 / Why3 1.8.2+git / cvc5 1.3.2 (86cecd8) / z3 4.15.4 / alt-ergo 2.6.1
misc/SPARK2/Ada-SPARK-Count-Odd-Numbers-In-An-Interval,holds,0,1,1,proof.gpr,8,1,,,reproof-20261009-1,e8c7794f,gnatprove FSF 16.1.0 / Why3 1.8.2+git / cvc5 1.3.2 (86cecd8) / z3 4.15.4 / alt-ergo 2.6.1
misc/SPARK2/Ada-SPARK-Count-Of-Smaller-Numbers-After-Self-Lite,holds,0,3,1,proof.gpr,8,1,,,reproof-20261009-1,e8c7794f,gnatprove FSF 16.1.0 / Why3 1.8.2+git / cvc5 1.3.2 (86cecd8) / z3 4.15.4 / alt-ergo 2.6.1
misc/SPARK2/Ada-SPARK-Count-Operations-To-Obtain-Zero,holds,0,1,1,proof.gpr,9,1,,,reproof-20261009-1,e8c7794f,gnatprove FSF 16.1.0 / Why3 1.8.2+git / cvc5 1.3.2 (86cecd8) / z3 4.15.4 / alt-ergo 2.6.1
misc/SPARK2/Ada-SPARK-Count-Square-Submatrices-With-All-Ones,holds,0,2,1,count_square_submatrices_with_all_ones.gpr,30,1,,,reproof-20261009-1,e8c7794f,gnatprove FSF 16.1.0 / Why3 1.8.2+git / cvc5 1.3.2 (86cecd8) / z3 4.15.4 / alt-ergo 2.6.1
misc/SPARK2/Ada-SPARK-Count-Sub-Islands,holds,0,1,1,count_sub_islands.gpr,2,0,,,reproof-20261009-1,e8c7794f,gnatprove FSF 16.1.0 / Why3 1.8.2+git / cvc5 1.3.2 (86cecd8) / z3 4.15.4 / alt-ergo 2.6.1
misc/SPARK2/Ada-SPARK-Count-Triplets-That-Can-Form-Two-Arrays-Of-Equal-XOR,holds,0,0,1,count_triplets_equal_xor.gpr,2,0,,,reproof-20261009-1,e8c7794f,gnatprove FSF 16.1.0 / Why3 1.8.2+git / cvc5 1.3.2 (86cecd8) / z3 4.15.4 / alt-ergo 2.6.1
misc/SPARK2/Ada-SPARK-Counting-Bits,holds,0,2,1,proof.gpr,7,1,,,reproof-20261009-1,e8c7794f,gnatprove FSF 16.1.0 / Why3 1.8.2+git / cvc5 1.3.2 (86cecd8) / z3 4.15.4 / alt-ergo 2.6.1
misc/SPARK2/Ada-SPARK-Covariance,holds,0,2,1,covariance.gpr,6,1,,,reproof-20261009-1,e8c7794f,gnatprove FSF 16.1.0 / Why3 1.8.2+git / cvc5 1.3.2 (86cecd8) / z3 4.15.4 / alt-ergo 2.6.1
misc/SPARK2/Ada-SPARK-Crawler-Log-Folder,holds,0,2,1,proof.gpr,10,1,,,reproof-20261009-1,e8c7794f,gnatprove FSF 16.1.0 / Why3 1.8.2+git / cvc5 1.3.2 (86cecd8) / z3 4.15.4 / alt-ergo 2.6.1
misc/SPARK2/Ada-SPARK-Create-Maximum-Number-Lite,holds,0,1,1,create_maximum_number_lite.gpr,4,0,,,reproof-20261009-1,e8c7794f,gnatprove FSF 16.1.0 / Why3 1.8.2+git / cvc5 1.3.2 (86cecd8) / z3 4.15.4 / alt-ergo 2.6.1
misc/SPARK2/Ada-SPARK-Critical-Connections-In-A-Network-Lite,holds,0,1,1,proof.gpr,2,1,,,reproof-20261009-1,e8c7794f,gnatprove FSF 16.1.0 / Why3 1.8.2+git / cvc5 1.3.2 (86cecd8) / z3 4.15.4 / alt-ergo 2.6.1
misc/SPARK2/Ada-SPARK-Daily-Temperatures,holds,0,1,1,daily_temperatures.gpr,3,0,,,reproof-20261009-1,e8c7794f,gnatprove FSF 16.1.0 / Why3 1.8.2+git / cvc5 1.3.2 (86cecd8) / z3 4.15.4 / alt-ergo 2.6.1
misc/SPARK2/Ada-SPARK-Decode-Ways,holds,0,4,1,proof.gpr,30,450,,,reproof-20261009-1,e8c7794f,gnatprove FSF 16.1.0 / Why3 1.8.2+git / cvc5 1.3.2 (86cecd8) / z3 4.15.4 / alt-ergo 2.6.1
misc/SPARK2/Ada-SPARK-Decode-Ways-Stub,holds,0,2,1,decode_ways_stub.gpr,8,1,,,reproof-20261009-1,e8c7794f,gnatprove FSF 16.1.0 / Why3 1.8.2+git / cvc5 1.3.2 (86cecd8) / z3 4.15.4 / alt-ergo 2.6.1
misc/SPARK2/Ada-SPARK-Decode-XORed-Array,holds,0,1,1,decode_xored_array.gpr,2,0,,,reproof-20261009-1,e8c7794f,gnatprove FSF 16.1.0 / Why3 1.8.2+git / cvc5 1.3.2 (86cecd8) / z3 4.15.4 / alt-ergo 2.6.1
misc/SPARK2/Ada-SPARK-Defanging-An-IP-Address,holds,0,2,1,proof.gpr,11,1,,,reproof-20261009-1,e8c7794f,gnatprove FSF 16.1.0 / Why3 1.8.2+git / cvc5 1.3.2 (86cecd8) / z3 4.15.4 / alt-ergo 2.6.1
misc/SPARK2/Ada-SPARK-Degree-Of-An-Array,holds,0,1,1,degree_of_an_array.gpr,4,1,,,reproof-20261009-1,e8c7794f,gnatprove FSF 16.1.0 / Why3 1.8.2+git / cvc5 1.3.2 (86cecd8) / z3 4.15.4 / alt-ergo 2.6.1
misc/SPARK2/Ada-SPARK-Delete-And-Earn,holds,0,1,1,delete_and_earn.gpr,2,0,,,reproof-20261009-1,e8c7794f,gnatprove FSF 16.1.0 / Why3 1.8.2+git / cvc5 1.3.2 (86cecd8) / z3 4.15.4 / alt-ergo 2.6.1
misc/SPARK2/Ada-SPARK-Delete-And-Earn-Stub,holds,0,2,1,proof.gpr,10,1,,,reproof-20261009-1,e8c7794f,gnatprove FSF 16.1.0 / Why3 1.8.2+git / cvc5 1.3.2 (86cecd8) / z3 4.15.4 / alt-ergo 2.6.1
misc/SPARK2/Ada-SPARK-Delete-Node-In-A-Linked-List,holds,0,5,1,proof.gpr,7,580,,,reproof-20261009-1,e8c7794f,gnatprove FSF 16.1.0 / Why3 1.8.2+git / cvc5 1.3.2 (86cecd8) / z3 4.15.4 / alt-ergo 2.6.1
misc/SPARK2/Ada-SPARK-Delete-The-Middle-Node,holds,0,4,1,proof.gpr,7,1,,,reproof-20261009-1,e8c7794f,gnatprove FSF 16.1.0 / Why3 1.8.2+git / cvc5 1.3.2 (86cecd8) / z3 4.15.4 / alt-ergo 2.6.1
misc/SPARK2/Ada-SPARK-Delta-Encoding,holds,0,2,1,delta_encoding.gpr,5,1,,,reproof-20261009-1,e8c7794f,gnatprove FSF 16.1.0 / Why3 1.8.2+git / cvc5 1.3.2 (86cecd8) / z3 4.15.4 / alt-ergo 2.6.1
misc/SPARK2/Ada-SPARK-Deque-Bounded,holds,0,3,1,deque_bounded.gpr,14,1,,,reproof-20261009-1,e8c7794f,gnatprove FSF 16.1.0 / Why3 1.8.2+git / cvc5 1.3.2 (86cecd8) / z3 4.15.4 / alt-ergo 2.6.1
misc/SPARK2/Ada-SPARK-Design-A-Leaderboard,holds,0,1,1,design_a_leaderboard.gpr,2,0,,,reproof-20261009-1,e8c7794f,gnatprove FSF 16.1.0 / Why3 1.8.2+git / cvc5 1.3.2 (86cecd8) / z3 4.15.4 / alt-ergo 2.6.1
misc/SPARK2/Ada-SPARK-Design-A-Stack-With-Increment,holds,0,4,1,proof.gpr,18,1,,,reproof-20261009-1,e8c7794f,gnatprove FSF 16.1.0 / Why3 1.8.2+git / cvc5 1.3.2 (86cecd8) / z3 4.15.4 / alt-ergo 2.6.1
misc/SPARK2/Ada-SPARK-Design-A-Stack-With-Increment-Operation,holds,0,3,1,proof.gpr,14,1,,,reproof-20261009-1,e8c7794f,gnatprove FSF 16.1.0 / Why3 1.8.2+git / cvc5 1.3.2 (86cecd8) / z3 4.15.4 / alt-ergo 2.6.1
misc/SPARK2/Ada-SPARK-Design-An-Ordered-Stream,holds,0,1,1,proof.gpr,8,0,,,reproof-20261009-1,e8c7794f,gnatprove FSF 16.1.0 / Why3 1.8.2+git / cvc5 1.3.2 (86cecd8) / z3 4.15.4 / alt-ergo 2.6.1
misc/SPARK2/Ada-SPARK-Design-Bitset,holds,0,1,1,design_bitset.gpr,4,1,,,reproof-20261009-1,e8c7794f,gnatprove FSF 16.1.0 / Why3 1.8.2+git / cvc5 1.3.2 (86cecd8) / z3 4.15.4 / alt-ergo 2.6.1
misc/SPARK2/Ada-SPARK-Design-Browser-History,holds,0,2,1,proof.gpr,14,1,,,reproof-20261009-1,e8c7794f,gnatprove FSF 16.1.0 / Why3 1.8.2+git / cvc5 1.3.2 (86cecd8) / z3 4.15.4 / alt-ergo 2.6.1
misc/SPARK2/Ada-SPARK-Design-Circular-Deque,holds,0,3,1,proof.gpr,12,1,,,reproof-20261009-1,e8c7794f,gnatprove FSF 16.1.0 / Why3 1.8.2+git / cvc5 1.3.2 (86cecd8) / z3 4.15.4 / alt-ergo 2.6.1
misc/SPARK2/Ada-SPARK-Design-Circular-Queue,holds,0,1,1,proof.gpr,10,1,,,reproof-20261009-1,e8c7794f,gnatprove FSF 16.1.0 / Why3 1.8.2+git / cvc5 1.3.2 (86cecd8) / z3 4.15.4 / alt-ergo 2.6.1
misc/SPARK2/Ada-SPARK-Design-Circular-Queue-Stub,holds,0,2,1,proof.gpr,9,1,,,reproof-20261009-1,e8c7794f,gnatprove FSF 16.1.0 / Why3 1.8.2+git / cvc5 1.3.2 (86cecd8) / z3 4.15.4 / alt-ergo 2.6.1
misc/SPARK2/Ada-SPARK-Design-Food-Rating-System,holds,0,1,1,design_food_rating_system.gpr,1,0,,,reproof-20261009-1,e8c7794f,gnatprove FSF 16.1.0 / Why3 1.8.2+git / cvc5 1.3.2 (86cecd8) / z3 4.15.4 / alt-ergo 2.6.1
misc/SPARK2/Ada-SPARK-Design-Front-Middle-Back-Queue,holds,0,2,1,design_front_middle_back_queue.gpr,10,1,,,reproof-20261009-1,e8c7794f,gnatprove FSF 16.1.0 / Why3 1.8.2+git / cvc5 1.3.2 (86cecd8) / z3 4.15.4 / alt-ergo 2.6.1
misc/SPARK2/Ada-SPARK-Design-Front-Middle-Back-Queue-Stub,holds,0,2,1,proof.gpr,8,1,,,reproof-20261009-1,e8c7794f,gnatprove FSF 16.1.0 / Why3 1.8.2+git / cvc5 1.3.2 (86cecd8) / z3 4.15.4 / alt-ergo 2.6.1
misc/SPARK2/Ada-SPARK-Design-Hit-Counter-Lite,holds,0,2,1,proof.gpr,8,1,,,reproof-20261009-1,e8c7794f,gnatprove FSF 16.1.0 / Why3 1.8.2+git / cvc5 1.3.2 (86cecd8) / z3 4.15.4 / alt-ergo 2.6.1
misc/SPARK2/Ada-SPARK-Design-Linked-List,holds,0,4,1,proof.gpr,13,2502,,,reproof-20261009-1,e8c7794f,gnatprove FSF 16.1.0 / Why3 1.8.2+git / cvc5 1.3.2 (86cecd8) / z3 4.15.4 / alt-ergo 2.6.1
misc/SPARK2/Ada-SPARK-Design-Number-Container-System,holds,0,2,1,design_number_container_system.gpr,9,1,,,reproof-20261009-1,e8c7794f,gnatprove FSF 16.1.0 / Why3 1.8.2+git / cvc5 1.3.2 (86cecd8) / z3 4.15.4 / alt-ergo 2.6.1
misc/SPARK2/Ada-SPARK-Design-Ordered-Stream,holds,0,1,1,proof.gpr,8,0,,,reproof-20261009-1,e8c7794f,gnatprove FSF 16.1.0 / Why3 1.8.2+git / cvc5 1.3.2 (86cecd8) / z3 4.15.4 / alt-ergo 2.6.1
misc/SPARK2/Ada-SPARK-Design-Parking-System-II,holds,0,2,1,proof.gpr,8,1,,,reproof-20261009-1,e8c7794f,gnatprove FSF 16.1.0 / Why3 1.8.2+git / cvc5 1.3.2 (86cecd8) / z3 4.15.4 / alt-ergo 2.6.1
misc/SPARK2/Ada-SPARK-Design-Skiplist-Lite,holds,0,1,1,proof.gpr,12,1,,,reproof-20261009-1,e8c7794f,gnatprove FSF 16.1.0 / Why3 1.8.2+git / cvc5 1.3.2 (86cecd8) / z3 4.15.4 / alt-ergo 2.6.1
misc/SPARK2/Ada-SPARK-Design-Twitter-Lite,holds,0,2,1,proof.gpr,2,3796,,,reproof-20261009-1,e8c7794f,gnatprove FSF 16.1.0 / Why3 1.8.2+git / cvc5 1.3.2 (86cecd8) / z3 4.15.4 / alt-ergo 2.6.1
misc/SPARK2/Ada-SPARK-Design-Underground-System-Lite,holds,0,3,1,proof.gpr,18,3969,,,reproof-20261009-1,e8c7794f,gnatprove FSF 16.1.0 / Why3 1.8.2+git / cvc5 1.3.2 (86cecd8) / z3 4.15.4 / alt-ergo 2.6.1
misc/SPARK2/Ada-SPARK-Detect-Capital,holds,0,0,1,detect_capital.gpr,2,0,,,reproof-20261009-1,e8c7794f,gnatprove FSF 16.1.0 / Why3 1.8.2+git / cvc5 1.3.2 (86cecd8) / z3 4.15.4 / alt-ergo 2.6.1
misc/SPARK2/Ada-SPARK-Diagonal-Traverse,holds,0,1,1,diagonal_traverse.gpr,1,0,,,reproof-20261009-1,e8c7794f,gnatprove FSF 16.1.0 / Why3 1.8.2+git / cvc5 1.3.2 (86cecd8) / z3 4.15.4 / alt-ergo 2.6.1
misc/SPARK2/Ada-SPARK-Dice-Coefficient,holds,0,2,1,dice_coefficient.gpr,5,1,,,reproof-20261009-1,e8c7794f,gnatprove FSF 16.1.0 / Why3 1.8.2+git / cvc5 1.3.2 (86cecd8) / z3 4.15.4 / alt-ergo 2.6.1
misc/SPARK2/Ada-SPARK-Difference-Array,holds,0,1,1,difference_array.gpr,2,0,,,reproof-20261009-1,e8c7794f,gnatprove FSF 16.1.0 / Why3 1.8.2+git / cvc5 1.3.2 (86cecd8) / z3 4.15.4 / alt-ergo 2.6.1
misc/SPARK2/Ada-SPARK-Different-Ways-To-Add-Parentheses-Lite,holds,0,1,1,proof.gpr,2,0,,,reproof-20261009-1,e8c7794f,gnatprove FSF 16.1.0 / Why3 1.8.2+git / cvc5 1.3.2 (86cecd8) / z3 4.15.4 / alt-ergo 2.6.1
misc/SPARK2/Ada-SPARK-Disjoint-Set-Forest,holds,0,2,1,disjoint_set_forest.gpr,4,1,,,reproof-20261009-1,e8c7794f,gnatprove FSF 16.1.0 / Why3 1.8.2+git / cvc5 1.3.2 (86cecd8) / z3 4.15.4 / alt-ergo 2.6.1
misc/SPARK2/Ada-SPARK-Divisor-Game,holds,0,1,1,divisor_game.gpr,3,1,,,reproof-20261009-1,e8c7794f,gnatprove FSF 16.1.0 / Why3 1.8.2+git / cvc5 1.3.2 (86cecd8) / z3 4.15.4 / alt-ergo 2.6.1
misc/SPARK2/Ada-SPARK-Domino-And-Tromino-Tiling-Lite,holds,0,1,1,domino_and_tromino_tiling_lite.gpr,2,0,,,reproof-20261009-1,e8c7794f,gnatprove FSF 16.1.0 / Why3 1.8.2+git / cvc5 1.3.2 (86cecd8) / z3 4.15.4 / alt-ergo 2.6.1
misc/SPARK2/Ada-SPARK-Dot-Product,holds,0,1,1,dot_product.gpr,2,0,,,reproof-20261009-1,e8c7794f,gnatprove FSF 16.1.0 / Why3 1.8.2+git / cvc5 1.3.2 (86cecd8) / z3 4.15.4 / alt-ergo 2.6.1
misc/SPARK2/Ada-SPARK-Dungeon-Game-Lite,holds,0,1,1,dungeon_game_lite.gpr,2,0,,,reproof-20261009-1,e8c7794f,gnatprove FSF 16.1.0 / Why3 1.8.2+git / cvc5 1.3.2 (86cecd8) / z3 4.15.4 / alt-ergo 2.6.1
misc/SPARK2/Ada-SPARK-Duplicate-Zeros,holds,0,4,1,duplicate_zeros.gpr,5,30,,,reproof-20261009-1,e8c7794f,gnatprove FSF 16.1.0 / Why3 1.8.2+git / cvc5 1.3.2 (86cecd8) / z3 4.15.4 / alt-ergo 2.6.1
misc/SPARK2/Ada-SPARK-Dutch-National-Flag,holds,0,2,1,dutch_national_flag.gpr,6,1,,,reproof-20261009-1,e8c7794f,gnatprove FSF 16.1.0 / Why3 1.8.2+git / cvc5 1.3.2 (86cecd8) / z3 4.15.4 / alt-ergo 2.6.1
misc/SPARK2/Ada-SPARK-Earliest-Deadline-First-Scheduling,holds,0,1,1,proof.gpr,1,0,,,reproof-20261009-1,e8c7794f,gnatprove FSF 16.1.0 / Why3 1.8.2+git / cvc5 1.3.2 (86cecd8) / z3 4.15.4 / alt-ergo 2.6.1
misc/SPARK2/Ada-SPARK-Elevator-Algorithm,holds,0,2,1,proof.gpr,4,1,,,reproof-20261009-1,e8c7794f,gnatprove FSF 16.1.0 / Why3 1.8.2+git / cvc5 1.3.2 (86cecd8) / z3 4.15.4 / alt-ergo 2.6.1
misc/SPARK2/Ada-SPARK-Eliminate-Maximum-Number-Of-Monsters,holds,0,2,1,eliminate_maximum_number_of_monsters.gpr,2,0,,,reproof-20261009-1,e8c7794f,gnatprove FSF 16.1.0 / Why3 1.8.2+git / cvc5 1.3.2 (86cecd8) / z3 4.15.4 / alt-ergo 2.6.1
misc/SPARK2/Ada-SPARK-Encode-And-Decode-TinyURL-Stub,holds,0,1,1,encode_and_decode_tinyurl_stub.gpr,4,0,,,reproof-20261009-1,e8c7794f,gnatprove FSF 16.1.0 / Why3 1.8.2+git / cvc5 1.3.2 (86cecd8) / z3 4.15.4 / alt-ergo 2.6.1
misc/SPARK2/Ada-SPARK-Euclidean-Distance,holds,0,3,1,euclidean_distance.gpr,5,1799,,,reproof-20261009-1,e8c7794f,gnatprove FSF 16.1.0 / Why3 1.8.2+git / cvc5 1.3.2 (86cecd8) / z3 4.15.4 / alt-ergo 2.6.1
misc/SPARK2/Ada-SPARK-Eval-RPN,holds,0,1,1,eval_rpn.gpr,2,0,,,reproof-20261009-1,e8c7794f,gnatprove FSF 16.1.0 / Why3 1.8.2+git / cvc5 1.3.2 (86cecd8) / z3 4.15.4 / alt-ergo 2.6.1
misc/SPARK2/Ada-SPARK-Evaluate-Division-Lite,holds,0,1,1,evaluate_division_lite.gpr,2,0,,,reproof-20261009-1,e8c7794f,gnatprove FSF 16.1.0 / Why3 1.8.2+git / cvc5 1.3.2 (86cecd8) / z3 4.15.4 / alt-ergo 2.6.1
misc/SPARK2/Ada-SPARK-Evaluate-Division-Stub,holds,0,1,1,proof.gpr,1,0,,,reproof-20261009-1,e8c7794f,gnatprove FSF 16.1.0 / Why3 1.8.2+git / cvc5 1.3.2 (86cecd8) / z3 4.15.4 / alt-ergo 2.6.1
misc/SPARK2/Ada-SPARK-Evaluate-Reverse-Polish-Notation,holds,0,0,1,evaluate_reverse_polish_notation.gpr,2,0,,,reproof-20261009-1,e8c7794f,gnatprove FSF 16.1.0 / Why3 1.8.2+git / cvc5 1.3.2 (86cecd8) / z3 4.15.4 / alt-ergo 2.6.1
misc/SPARK2/Ada-SPARK-Excel-Sheet-Column,holds,0,1,1,excel_sheet_column.gpr,3,1,,,reproof-20261009-1,e8c7794f,gnatprove FSF 16.1.0 / Why3 1.8.2+git / cvc5 1.3.2 (86cecd8) / z3 4.15.4 / alt-ergo 2.6.1
misc/SPARK2/Ada-SPARK-Excel-Sheet-Column-Number,holds,0,1,1,proof.gpr,9,1,,,reproof-20261009-1,e8c7794f,gnatprove FSF 16.1.0 / Why3 1.8.2+git / cvc5 1.3.2 (86cecd8) / z3 4.15.4 / alt-ergo 2.6.1
misc/SPARK2/Ada-SPARK-Excel-Sheet-Column-Title,holds,0,1,1,proof.gpr,7,1,,,reproof-20261009-1,e8c7794f,gnatprove FSF 16.1.0 / Why3 1.8.2+git / cvc5 1.3.2 (86cecd8) / z3 4.15.4 / alt-ergo 2.6.1
misc/SPARK2/Ada-SPARK-Exclusive-Time-Of-Functions-Lite,holds,0,2,1,proof.gpr,3,1,,,reproof-20261009-1,e8c7794f,gnatprove FSF 16.1.0 / Why3 1.8.2+git / cvc5 1.3.2 (86cecd8) / z3 4.15.4 / alt-ergo 2.6.1
misc/SPARK2/Ada-SPARK-Factorial,holds,0,1,1,proof.gpr,2,0,,,reproof-20261009-1,e8c7794f,gnatprove FSF 16.1.0 / Why3 1.8.2+git / cvc5 1.3.2 (86cecd8) / z3 4.15.4 / alt-ergo 2.6.1
misc/SPARK2/Ada-SPARK-Factorial-Trailing-Zeroes,holds,0,1,1,factorial_trailing_zeroes.gpr,2,0,,,reproof-20261009-1,e8c7794f,gnatprove FSF 16.1.0 / Why3 1.8.2+git / cvc5 1.3.2 (86cecd8) / z3 4.15.4 / alt-ergo 2.6.1
misc/SPARK2/Ada-SPARK-Fair-Candy-Swap,holds,0,13,1,fair_candy_swap.gpr,9,1979,,,reproof-20261009-1,e8c7794f,gnatprove FSF 16.1.0 / Why3 1.8.2+git / cvc5 1.3.2 (86cecd8) / z3 4.15.4 / alt-ergo 2.6.1
misc/SPARK2/Ada-SPARK-Fast-Pow,holds,0,0,1,proof.gpr,2,0,,,reproof-20261009-1,e8c7794f,gnatprove FSF 16.1.0 / Why3 1.8.2+git / cvc5 1.3.2 (86cecd8) / z3 4.15.4 / alt-ergo 2.6.1
misc/SPARK2/Ada-SPARK-Fibonacci-DP,holds,0,1,1,proof.gpr,6,1,,,reproof-20261009-1,e8c7794f,gnatprove FSF 16.1.0 / Why3 1.8.2+git / cvc5 1.3.2 (86cecd8) / z3 4.15.4 / alt-ergo 2.6.1
misc/SPARK2/Ada-SPARK-Fibonacci-Number,holds,0,2,1,proof.gpr,11,369,,,reproof-20261009-1,e8c7794f,gnatprove FSF 16.1.0 / Why3 1.8.2+git / cvc5 1.3.2 (86cecd8) / z3 4.15.4 / alt-ergo 2.6.1
misc/SPARK2/Ada-SPARK-Final-Prices-With-A-Special-Discount,holds,0,1,1,proof.gpr,7,1,,,reproof-20261009-1,e8c7794f,gnatprove FSF 16.1.0 / Why3 1.8.2+git / cvc5 1.3.2 (86cecd8) / z3 4.15.4 / alt-ergo 2.6.1
misc/SPARK2/Ada-SPARK-Find-All-Duplicates-In-An-Array,holds,0,1,1,proof.gpr,3,0,,,reproof-20261009-1,e8c7794f,gnatprove FSF 16.1.0 / Why3 1.8.2+git / cvc5 1.3.2 (86cecd8) / z3 4.15.4 / alt-ergo 2.6.1
misc/SPARK2/Ada-SPARK-Find-All-Numbers-Disappeared,holds,0,1,1,find_all_numbers_disappeared.gpr,4,1,,,reproof-20261009-1,e8c7794f,gnatprove FSF 16.1.0 / Why3 1.8.2+git / cvc5 1.3.2 (86cecd8) / z3 4.15.4 / alt-ergo 2.6.1
misc/SPARK2/Ada-SPARK-Find-Common-Characters,holds,0,1,1,find_common_characters.gpr,2,0,,,reproof-20261009-1,e8c7794f,gnatprove FSF 16.1.0 / Why3 1.8.2+git / cvc5 1.3.2 (86cecd8) / z3 4.15.4 / alt-ergo 2.6.1
misc/SPARK2/Ada-SPARK-Find-First-And-Last-Position,holds,0,4,1,find_first_and_last_position.gpr,50,1,,,reproof-20261009-1,e8c7794f,gnatprove FSF 16.1.0 / Why3 1.8.2+git / cvc5 1.3.2 (86cecd8) / z3 4.15.4 / alt-ergo 2.6.1
misc/SPARK2/Ada-SPARK-Find-K-Closest-Elements,holds,0,1,1,proof.gpr,4,1,,,reproof-20261009-1,e8c7794f,gnatprove FSF 16.1.0 / Why3 1.8.2+git / cvc5 1.3.2 (86cecd8) / z3 4.15.4 / alt-ergo 2.6.1
misc/SPARK2/Ada-SPARK-Find-Median-Data-Stream-Stub,holds,0,4,1,proof.gpr,13,853,,,reproof-20261009-1,e8c7794f,gnatprove FSF 16.1.0 / Why3 1.8.2+git / cvc5 1.3.2 (86cecd8) / z3 4.15.4 / alt-ergo 2.6.1
misc/SPARK2/Ada-SPARK-Find-Median-From-Data-Stream,holds,0,4,1,proof.gpr,9,1835,,,reproof-20261009-1,e8c7794f,gnatprove FSF 16.1.0 / Why3 1.8.2+git / cvc5 1.3.2 (86cecd8) / z3 4.15.4 / alt-ergo 2.6.1
misc/SPARK2/Ada-SPARK-Find-Peak-Element,holds,0,2,1,proof.gpr,22,1,,,reproof-20261009-1,e8c7794f,gnatprove FSF 16.1.0 / Why3 1.8.2+git / cvc5 1.3.2 (86cecd8) / z3 4.15.4 / alt-ergo 2.6.1
misc/SPARK2/Ada-SPARK-Find-The-City,holds,0,1,1,find_the_city.gpr,3,0,,,reproof-20261009-1,e8c7794f,gnatprove FSF 16.1.0 / Why3 1.8.2+git / cvc5 1.3.2 (86cecd8) / z3 4.15.4 / alt-ergo 2.6.1
misc/SPARK2/Ada-SPARK-Find-The-City-With-Smallest-Number-Of-Neighbors,holds,0,1,1,proof.gpr,2,1,,,reproof-20261009-1,e8c7794f,gnatprove FSF 16.1.0 / Why3 1.8.2+git / cvc5 1.3.2 (86cecd8) / z3 4.15.4 / alt-ergo 2.6.1
misc/SPARK2/Ada-SPARK-Find-The-Difference,holds,0,0,1,find_the_difference.gpr,2,0,,,reproof-20261009-1,e8c7794f,gnatprove FSF 16.1.0 / Why3 1.8.2+git / cvc5 1.3.2 (86cecd8) / z3 4.15.4 / alt-ergo 2.6.1
misc/SPARK2/Ada-SPARK-Find-The-Duplicate-Number,holds,0,1,1,proof.gpr,2,0,,,reproof-20261009-1,e8c7794f,gnatprove FSF 16.1.0 / Why3 1.8.2+git / cvc5 1.3.2 (86cecd8) / z3 4.15.4 / alt-ergo 2.6.1
misc/SPARK2/Ada-SPARK-Find-The-Original-Array-Of-Prefix-XOR,holds,0,1,1,find_the_original_array_of_prefix_xor.gpr,2,0,,,reproof-20261009-1,e8c7794f,gnatprove FSF 16.1.0 / Why3 1.8.2+git / cvc5 1.3.2 (86cecd8) / z3 4.15.4 / alt-ergo 2.6.1
misc/SPARK2/Ada-SPARK-Find-The-Smallest-Divisor,holds,0,74,1,proof.gpr,30,109287,,,reproof-20261009-1,e8c7794f,gnatprove FSF 16.1.0 / Why3 1.8.2+git / cvc5 1.3.2 (86cecd8) / z3 4.15.4 / alt-ergo 2.6.1
misc/SPARK2/Ada-SPARK-Find-The-Town-Judge,holds,0,1,1,find_the_town_judge.gpr,2,0,,,reproof-20261009-1,e8c7794f,gnatprove FSF 16.1.0 / Why3 1.8.2+git / cvc5 1.3.2 (86cecd8) / z3 4.15.4 / alt-ergo 2.6.1
misc/SPARK2/Ada-SPARK-Find-Words-That-Can-Be-Formed,holds,0,2,1,proof.gpr,10,1,,,reproof-20261009-1,e8c7794f,gnatprove FSF 16.1.0 / Why3 1.8.2+git / cvc5 1.3.2 (86cecd8) / z3 4.15.4 / alt-ergo 2.6.1
misc/SPARK2/Ada-SPARK-First-Bad-Version,holds,0,0,1,proof.gpr,2,0,,,reproof-20261009-1,e8c7794f,gnatprove FSF 16.1.0 / Why3 1.8.2+git / cvc5 1.3.2 (86cecd8) / z3 4.15.4 / alt-ergo 2.6.1
misc/SPARK2/Ada-SPARK-First-Unique-Char,holds,0,1,1,first_unique_char.gpr,2,0,,,reproof-20261009-1,e8c7794f,gnatprove FSF 16.1.0 / Why3 1.8.2+git / cvc5 1.3.2 (86cecd8) / z3 4.15.4 / alt-ergo 2.6.1
misc/SPARK2/Ada-SPARK-First-Unique-Character,holds,0,38,1,first_unique_character.gpr,4,8532,,,reproof-20261009-1,e8c7794f,gnatprove FSF 16.1.0 / Why3 1.8.2+git / cvc5 1.3.2 (86cecd8) / z3 4.15.4 / alt-ergo 2.6.1
misc/SPARK2/Ada-SPARK-Fisher-Yates-Shuffle,holds,0,3,1,fisher_yates_shuffle.gpr,30,2,,,reproof-20261009-1,e8c7794f,gnatprove FSF 16.1.0 / Why3 1.8.2+git / cvc5 1.3.2 (86cecd8) / z3 4.15.4 / alt-ergo 2.6.1
misc/SPARK2/Ada-SPARK-Fixed-Point-Iteration,holds,0,1,1,fixed_point_iteration.gpr,4,1,,,reproof-20261009-1,e8c7794f,gnatprove FSF 16.1.0 / Why3 1.8.2+git / cvc5 1.3.2 (86cecd8) / z3 4.15.4 / alt-ergo 2.6.1
misc/SPARK2/Ada-SPARK-Fizz-Buzz,holds,0,1,1,proof.gpr,5,1,,,reproof-20261009-1,e8c7794f,gnatprove FSF 16.1.0 / Why3 1.8.2+git / cvc5 1.3.2 (86cecd8) / z3 4.15.4 / alt-ergo 2.6.1
misc/SPARK2/Ada-SPARK-Flatten-Nested-List-Stub,holds,0,1,1,proof.gpr,11,1,,,reproof-20261009-1,e8c7794f,gnatprove FSF 16.1.0 / Why3 1.8.2+git / cvc5 1.3.2 (86cecd8) / z3 4.15.4 / alt-ergo 2.6.1
misc/SPARK2/Ada-SPARK-Flipping-An-Image,holds,0,1,1,flipping_an_image.gpr,2,0,,,reproof-20261009-1,e8c7794f,gnatprove FSF 16.1.0 / Why3 1.8.2+git / cvc5 1.3.2 (86cecd8) / z3 4.15.4 / alt-ergo 2.6.1
misc/SPARK2/Ada-SPARK-Flood-Fill,holds,0,9,1,flood_fill.gpr,8,184,,,reproof-20261009-1,e8c7794f,gnatprove FSF 16.1.0 / Why3 1.8.2+git / cvc5 1.3.2 (86cecd8) / z3 4.15.4 / alt-ergo 2.6.1
misc/SPARK2/Ada-SPARK-Four-Sum,holds,0,0,1,proof.gpr,2,0,,,reproof-20261009-1,e8c7794f,gnatprove FSF 16.1.0 / Why3 1.8.2+git / cvc5 1.3.2 (86cecd8) / z3 4.15.4 / alt-ergo 2.6.1
misc/SPARK2/Ada-SPARK-Fruit-Into-Baskets,holds,0,1,1,fruit_into_baskets.gpr,8,0,,,reproof-20261009-1,e8c7794f,gnatprove FSF 16.1.0 / Why3 1.8.2+git / cvc5 1.3.2 (86cecd8) / z3 4.15.4 / alt-ergo 2.6.1
misc/SPARK2/Ada-SPARK-Game-Of-Life-Step,holds,0,35,1,game_of_life_step.gpr,2,2067,,,reproof-20261009-1,e8c7794f,gnatprove FSF 16.1.0 / Why3 1.8.2+git / cvc5 1.3.2 (86cecd8) / z3 4.15.4 / alt-ergo 2.6.1
misc/SPARK2/Ada-SPARK-Gas-Station,holds,0,1,1,gas_station_project.gpr,2,1,,,reproof-20261009-1,e8c7794f,gnatprove FSF 16.1.0 / Why3 1.8.2+git / cvc5 1.3.2 (86cecd8) / z3 4.15.4 / alt-ergo 2.6.1
misc/SPARK2/Ada-SPARK-Generate-Parentheses,holds,0,1,1,generate_parentheses.gpr,2,0,,,reproof-20261009-1,e8c7794f,gnatprove FSF 16.1.0 / Why3 1.8.2+git / cvc5 1.3.2 (86cecd8) / z3 4.15.4 / alt-ergo 2.6.1
misc/SPARK2/Ada-SPARK-Get-Maximum-In-Generated-Array,holds,0,0,1,get_maximum_in_generated_array.gpr,2,0,,,reproof-20261009-1,e8c7794f,gnatprove FSF 16.1.0 / Why3 1.8.2+git / cvc5 1.3.2 (86cecd8) / z3 4.15.4 / alt-ergo 2.6.1
misc/SPARK2/Ada-SPARK-Goat-Latin,holds,0,1,1,proof.gpr,7,1,,,reproof-20261009-1,e8c7794f,gnatprove FSF 16.1.0 / Why3 1.8.2+git / cvc5 1.3.2 (86cecd8) / z3 4.15.4 / alt-ergo 2.6.1
misc/SPARK2/Ada-SPARK-Gray-Code,holds,0,1,1,gray_code.gpr,4,0,,,reproof-20261009-1,e8c7794f,gnatprove FSF 16.1.0 / Why3 1.8.2+git / cvc5 1.3.2 (86cecd8) / z3 4.15.4 / alt-ergo 2.6.1
misc/SPARK2/Ada-SPARK-Greatest-Common-Divisor,holds,0,1,1,proof.gpr,10,1,,,reproof-20261009-1,e8c7794f,gnatprove FSF 16.1.0 / Why3 1.8.2+git / cvc5 1.3.2 (86cecd8) / z3 4.15.4 / alt-ergo 2.6.1
misc/SPARK2/Ada-SPARK-Group-Anagrams,holds,0,45,1,group_anagrams.gpr,15,3990,,,reproof-20261009-1,e8c7794f,gnatprove FSF 16.1.0 / Why3 1.8.2+git / cvc5 1.3.2 (86cecd8) / z3 4.15.4 / alt-ergo 2.6.1
misc/SPARK2/Ada-SPARK-Group-Anagrams-Stub,holds,0,46,1,group_anagrams_stub.gpr,15,3983,,,reproof-20261009-1,e8c7794f,gnatprove FSF 16.1.0 / Why3 1.8.2+git / cvc5 1.3.2 (86cecd8) / z3 4.15.4 / alt-ergo 2.6.1
misc/SPARK2/Ada-SPARK-Grumpy-Bookstore-Owner,holds,0,1,1,proof.gpr,3,0,,,reproof-20261009-1,e8c7794f,gnatprove FSF 16.1.0 / Why3 1.8.2+git / cvc5 1.3.2 (86cecd8) / z3 4.15.4 / alt-ergo 2.6.1
misc/SPARK2/Ada-SPARK-Guess-Number-Higher-Or-Lower,holds,0,1,1,proof.gpr,20,1,,,reproof-20261009-1,e8c7794f,gnatprove FSF 16.1.0 / Why3 1.8.2+git / cvc5 1.3.2 (86cecd8) / z3 4.15.4 / alt-ergo 2.6.1
misc/SPARK2/Ada-SPARK-Hamming-Code,holds,0,1,1,hamming_code.gpr,6,1,,,reproof-20261009-1,e8c7794f,gnatprove FSF 16.1.0 / Why3 1.8.2+git / cvc5 1.3.2 (86cecd8) / z3 4.15.4 / alt-ergo 2.6.1
misc/SPARK2/Ada-SPARK-Hamming-Weight,holds,0,1,1,proof.gpr,7,1,,,reproof-20261009-1,e8c7794f,gnatprove FSF 16.1.0 / Why3 1.8.2+git / cvc5 1.3.2 (86cecd8) / z3 4.15.4 / alt-ergo 2.6.1
misc/SPARK2/Ada-SPARK-Hand-Of-Straights-Stub,holds,0,3,1,proof.gpr,5,421,,,reproof-20261009-1,e8c7794f,gnatprove FSF 16.1.0 / Why3 1.8.2+git / cvc5 1.3.2 (86cecd8) / z3 4.15.4 / alt-ergo 2.6.1
misc/SPARK2/Ada-SPARK-Happy-Number,holds,0,22,1,proof.gpr,11,1693,,,reproof-20261009-1,e8c7794f,gnatprove FSF 16.1.0 / Why3 1.8.2+git / cvc5 1.3.2 (86cecd8) / z3 4.15.4 / alt-ergo 2.6.1
misc/SPARK2/Ada-SPARK-Heap-Push-Pop,holds,0,1,1,proof.gpr,18,1,,,reproof-20261009-1,e8c7794f,gnatprove FSF 16.1.0 / Why3 1.8.2+git / cvc5 1.3.2 (86cecd8) / z3 4.15.4 / alt-ergo 2.6.1
misc/SPARK2/Ada-SPARK-Heaters,holds,0,2,1,proof.gpr,5,635,,,reproof-20261009-1,e8c7794f,gnatprove FSF 16.1.0 / Why3 1.8.2+git / cvc5 1.3.2 (86cecd8) / z3 4.15.4 / alt-ergo 2.6.1
misc/SPARK2/Ada-SPARK-Height-Checker,holds,0,1,1,height_checker.gpr,7,1,,,reproof-20261009-1,e8c7794f,gnatprove FSF 16.1.0 / Why3 1.8.2+git / cvc5 1.3.2 (86cecd8) / z3 4.15.4 / alt-ergo 2.6.1
misc/SPARK2/Ada-SPARK-Histogram-Bin,holds,0,0,1,histogram_bin.gpr,3,1,,,reproof-20261009-1,e8c7794f,gnatprove FSF 16.1.0 / Why3 1.8.2+git / cvc5 1.3.2 (86cecd8) / z3 4.15.4 / alt-ergo 2.6.1
misc/SPARK2/Ada-SPARK-Hit-Counter-Stub,holds,0,2,1,proof.gpr,3,2285,,,reproof-20261009-1,e8c7794f,gnatprove FSF 16.1.0 / Why3 1.8.2+git / cvc5 1.3.2 (86cecd8) / z3 4.15.4 / alt-ergo 2.6.1
misc/SPARK2/Ada-SPARK-Horner-Scheme,holds,0,2,1,horner_scheme.gpr,4,1467,,,reproof-20261009-1,e8c7794f,gnatprove FSF 16.1.0 / Why3 1.8.2+git / cvc5 1.3.2 (86cecd8) / z3 4.15.4 / alt-ergo 2.6.1
misc/SPARK2/Ada-SPARK-House-Robber,holds,0,1,1,house_robber.gpr,12,1,,,reproof-20261009-1,e8c7794f,gnatprove FSF 16.1.0 / Why3 1.8.2+git / cvc5 1.3.2 (86cecd8) / z3 4.15.4 / alt-ergo 2.6.1
misc/SPARK2/Ada-SPARK-House-Robber-II,holds,0,2,1,house_robber_ii.gpr,17,1,,,reproof-20261009-1,e8c7794f,gnatprove FSF 16.1.0 / Why3 1.8.2+git / cvc5 1.3.2 (86cecd8) / z3 4.15.4 / alt-ergo 2.6.1
misc/SPARK2/Ada-SPARK-House-Robber-III-Lite,holds,0,1,1,house_robber_iii_lite.gpr,2,0,,,reproof-20261009-1,e8c7794f,gnatprove FSF 16.1.0 / Why3 1.8.2+git / cvc5 1.3.2 (86cecd8) / z3 4.15.4 / alt-ergo 2.6.1
misc/SPARK2/Ada-SPARK-House-Robber-III-Stub,holds,0,1,1,proof.gpr,5,1,,,reproof-20261009-1,e8c7794f,gnatprove FSF 16.1.0 / Why3 1.8.2+git / cvc5 1.3.2 (86cecd8) / z3 4.15.4 / alt-ergo 2.6.1
misc/SPARK2/Ada-SPARK-How-Many-Numbers-Are-Smaller,holds,0,1,1,how_many_numbers_are_smaller.gpr,7,1,,,reproof-20261009-1,e8c7794f,gnatprove FSF 16.1.0 / Why3 1.8.2+git / cvc5 1.3.2 (86cecd8) / z3 4.15.4 / alt-ergo 2.6.1
misc/SPARK2/Ada-SPARK-IPO-Lite,holds,0,0,1,proof.gpr,1,0,,,reproof-20261009-1,e8c7794f,gnatprove FSF 16.1.0 / Why3 1.8.2+git / cvc5 1.3.2 (86cecd8) / z3 4.15.4 / alt-ergo 2.6.1
misc/SPARK2/Ada-SPARK-Image-Smoother,holds,0,1,1,image_smoother.gpr,17,1,,,reproof-20261009-1,e8c7794f,gnatprove FSF 16.1.0 / Why3 1.8.2+git / cvc5 1.3.2 (86cecd8) / z3 4.15.4 / alt-ergo 2.6.1
misc/SPARK2/Ada-SPARK-Implement-Queue-Using-Stacks,holds,0,1,1,proof.gpr,11,1,,,reproof-20261009-1,e8c7794f,gnatprove FSF 16.1.0 / Why3 1.8.2+git / cvc5 1.3.2 (86cecd8) / z3 4.15.4 / alt-ergo 2.6.1
misc/SPARK2/Ada-SPARK-Implement-Stack-Using-Queues,holds,0,2,1,proof.gpr,11,1,,,reproof-20261009-1,e8c7794f,gnatprove FSF 16.1.0 / Why3 1.8.2+git / cvc5 1.3.2 (86cecd8) / z3 4.15.4 / alt-ergo 2.6.1
misc/SPARK2/Ada-SPARK-Implement-StrStr,holds,0,1,1,implement_strstr.gpr,3,0,,,reproof-20261009-1,e8c7794f,gnatprove FSF 16.1.0 / Why3 1.8.2+git / cvc5 1.3.2 (86cecd8) / z3 4.15.4 / alt-ergo 2.6.1
misc/SPARK2/Ada-SPARK-Insert-Delete-GetRandom-O1,holds,0,2,1,insert_delete_getrandom_o1.gpr,10,1,,,reproof-20261009-1,e8c7794f,gnatprove FSF 16.1.0 / Why3 1.8.2+git / cvc5 1.3.2 (86cecd8) / z3 4.15.4 / alt-ergo 2.6.1
misc/SPARK2/Ada-SPARK-Insert-Interval,holds,0,1,1,insert_interval_project.gpr,3,1,,,reproof-20261009-1,e8c7794f,gnatprove FSF 16.1.0 / Why3 1.8.2+git / cvc5 1.3.2 (86cecd8) / z3 4.15.4 / alt-ergo 2.6.1
misc/SPARK2/Ada-SPARK-Int-To-Roman-Stub,holds,0,0,1,int_to_roman_stub.gpr,2,0,,,reproof-20261009-1,e8c7794f,gnatprove FSF 16.1.0 / Why3 1.8.2+git / cvc5 1.3.2 (86cecd8) / z3 4.15.4 / alt-ergo 2.6.1
misc/SPARK2/Ada-SPARK-Integer-Break,holds,0,1,1,integer_break.gpr,2,0,,,reproof-20261009-1,e8c7794f,gnatprove FSF 16.1.0 / Why3 1.8.2+git / cvc5 1.3.2 (86cecd8) / z3 4.15.4 / alt-ergo 2.6.1
misc/SPARK2/Ada-SPARK-Integer-To-English-Stub,holds,0,0,1,proof.gpr,2,0,,,reproof-20261009-1,e8c7794f,gnatprove FSF 16.1.0 / Why3 1.8.2+git / cvc5 1.3.2 (86cecd8) / z3 4.15.4 / alt-ergo 2.6.1
misc/SPARK2/Ada-SPARK-Integer-To-Roman,holds,0,1,1,proof.gpr,2,0,,,reproof-20261009-1,e8c7794f,gnatprove FSF 16.1.0 / Why3 1.8.2+git / cvc5 1.3.2 (86cecd8) / z3 4.15.4 / alt-ergo 2.6.1
misc/SPARK2/Ada-SPARK-Intersection-Of-Two-Arrays,holds,0,1,1,proof.gpr,6,1,,,reproof-20261009-1,e8c7794f,gnatprove FSF 16.1.0 / Why3 1.8.2+git / cvc5 1.3.2 (86cecd8) / z3 4.15.4 / alt-ergo 2.6.1
misc/SPARK2/Ada-SPARK-Intersection-Of-Two-Arrays-II,holds,0,1,1,intersection_of_two_arrays_ii.gpr,2,0,,,reproof-20261009-1,e8c7794f,gnatprove FSF 16.1.0 / Why3 1.8.2+git / cvc5 1.3.2 (86cecd8) / z3 4.15.4 / alt-ergo 2.6.1
misc/SPARK2/Ada-SPARK-Intersection-Of-Two-Linked-Lists,holds,0,1,1,proof.gpr,9,1,,,reproof-20261009-1,e8c7794f,gnatprove FSF 16.1.0 / Why3 1.8.2+git / cvc5 1.3.2 (86cecd8) / z3 4.15.4 / alt-ergo 2.6.1
misc/SPARK2/Ada-SPARK-Is-Palindrome,holds,0,0,1,is_palindrome.gpr,2,0,,,reproof-20261009-1,e8c7794f,gnatprove FSF 16.1.0 / Why3 1.8.2+git / cvc5 1.3.2 (86cecd8) / z3 4.15.4 / alt-ergo 2.6.1
misc/SPARK2/Ada-SPARK-Is-Subsequence,holds,0,1,1,is_subsequence.gpr,3,1,,,reproof-20261009-1,e8c7794f,gnatprove FSF 16.1.0 / Why3 1.8.2+git / cvc5 1.3.2 (86cecd8) / z3 4.15.4 / alt-ergo 2.6.1
misc/SPARK2/Ada-SPARK-Island-Perimeter,holds,0,8,1,island_perimeter.gpr,83,678,,,reproof-20261009-1,e8c7794f,gnatprove FSF 16.1.0 / Why3 1.8.2+git / cvc5 1.3.2 (86cecd8) / z3 4.15.4 / alt-ergo 2.6.1
misc/SPARK2/Ada-SPARK-Jaccard-Index,holds,0,1,1,jaccard_index.gpr,7,1,,,reproof-20261009-1,e8c7794f,gnatprove FSF 16.1.0 / Why3 1.8.2+git / cvc5 1.3.2 (86cecd8) / z3 4.15.4 / alt-ergo 2.6.1
misc/SPARK2/Ada-SPARK-Jump-Game,holds,0,15,1,jump_game_project.gpr,23,59,,,reproof-20261009-1,e8c7794f,gnatprove FSF 16.1.0 / Why3 1.8.2+git / cvc5 1.3.2 (86cecd8) / z3 4.15.4 / alt-ergo 2.6.1
misc/SPARK2/Ada-SPARK-Jump-Game-II,holds,0,1,1,jump_game_ii_project.gpr,3,1,,,reproof-20261009-1,e8c7794f,gnatprove FSF 16.1.0 / Why3 1.8.2+git / cvc5 1.3.2 (86cecd8) / z3 4.15.4 / alt-ergo 2.6.1
misc/SPARK2/Ada-SPARK-K-Closest-Points-Stub,holds,0,1,1,proof.gpr,9,24,,,reproof-20261009-1,e8c7794f,gnatprove FSF 16.1.0 / Why3 1.8.2+git / cvc5 1.3.2 (86cecd8) / z3 4.15.4 / alt-ergo 2.6.1
misc/SPARK2/Ada-SPARK-K-Closest-Points-To-Origin,holds,0,1,1,k_closest_points.gpr,7,1,,,reproof-20261009-1,e8c7794f,gnatprove FSF 16.1.0 / Why3 1.8.2+git / cvc5 1.3.2 (86cecd8) / z3 4.15.4 / alt-ergo 2.6.1
misc/SPARK2/Ada-SPARK-Kadanes-Algorithm,holds,0,1,1,kadanes_algorithm.gpr,2,1,,,reproof-20261009-1,e8c7794f,gnatprove FSF 16.1.0 / Why3 1.8.2+git / cvc5 1.3.2 (86cecd8) / z3 4.15.4 / alt-ergo 2.6.1
misc/SPARK2/Ada-SPARK-Keyboard-Row,holds,0,1,1,proof.gpr,4,0,,,reproof-20261009-1,e8c7794f,gnatprove FSF 16.1.0 / Why3 1.8.2+git / cvc5 1.3.2 (86cecd8) / z3 4.15.4 / alt-ergo 2.6.1
misc/SPARK2/Ada-SPARK-Keys-And-Rooms,holds,0,0,1,keys_and_rooms.gpr,2,0,,,reproof-20261009-1,e8c7794f,gnatprove FSF 16.1.0 / Why3 1.8.2+git / cvc5 1.3.2 (86cecd8) / z3 4.15.4 / alt-ergo 2.6.1
misc/SPARK2/Ada-SPARK-Knapsack-01,holds,0,3,1,knapsack_01.gpr,7,11,,,reproof-20261009-1,e8c7794f,gnatprove FSF 16.1.0 / Why3 1.8.2+git / cvc5 1.3.2 (86cecd8) / z3 4.15.4 / alt-ergo 2.6.1
misc/SPARK2/Ada-SPARK-Knight-Probability-In-Chessboard-Lite,holds,0,0,1,knight_probability_in_chessboard_lite.gpr,2,0,,,reproof-20261009-1,e8c7794f,gnatprove FSF 16.1.0 / Why3 1.8.2+git / cvc5 1.3.2 (86cecd8) / z3 4.15.4 / alt-ergo 2.6.1
misc/SPARK2/Ada-SPARK-Koko-Eating-Bananas,holds,0,5,1,proof.gpr,68,222,,,reproof-20261009-1,e8c7794f,gnatprove FSF 16.1.0 / Why3 1.8.2+git / cvc5 1.3.2 (86cecd8) / z3 4.15.4 / alt-ergo 2.6.1
misc/SPARK2/Ada-SPARK-Kth-Largest-Array,holds,0,0,1,proof.gpr,3,0,,,reproof-20261009-1,e8c7794f,gnatprove FSF 16.1.0 / Why3 1.8.2+git / cvc5 1.3.2 (86cecd8) / z3 4.15.4 / alt-ergo 2.6.1
misc/SPARK2/Ada-SPARK-Kth-Largest-Element,holds,0,1,1,proof.gpr,3,0,,,reproof-20261009-1,e8c7794f,gnatprove FSF 16.1.0 / Why3 1.8.2+git / cvc5 1.3.2 (86cecd8) / z3 4.15.4 / alt-ergo 2.6.1
misc/SPARK2/Ada-SPARK-Kth-Largest-Element-In-A-Stream,holds,0,0,1,proof.gpr,1,0,,,reproof-20261009-1,e8c7794f,gnatprove FSF 16.1.0 / Why3 1.8.2+git / cvc5 1.3.2 (86cecd8) / z3 4.15.4 / alt-ergo 2.6.1
misc/SPARK2/Ada-SPARK-Kth-Largest-Element-In-An-Array,holds,0,1,1,proof.gpr,3,0,,,reproof-20261009-1,e8c7794f,gnatprove FSF 16.1.0 / Why3 1.8.2+git / cvc5 1.3.2 (86cecd8) / z3 4.15.4 / alt-ergo 2.6.1
misc/SPARK2/Ada-SPARK-Kth-Largest-In-Stream-Stub,holds,0,4,1,proof.gpr,4,1907,,,reproof-20261009-1,e8c7794f,gnatprove FSF 16.1.0 / Why3 1.8.2+git / cvc5 1.3.2 (86cecd8) / z3 4.15.4 / alt-ergo 2.6.1
misc/SPARK2/Ada-SPARK-L1-Norm,holds,0,1,1,l1_norm.gpr,2,0,,,reproof-20261009-1,e8c7794f,gnatprove FSF 16.1.0 / Why3 1.8.2+git / cvc5 1.3.2 (86cecd8) / z3 4.15.4 / alt-ergo 2.6.1
misc/SPARK2/Ada-SPARK-L2-Norm-Squared,holds,0,0,1,l2_norm_squared.gpr,2,0,,,reproof-20261009-1,e8c7794f,gnatprove FSF 16.1.0 / Why3 1.8.2+git / cvc5 1.3.2 (86cecd8) / z3 4.15.4 / alt-ergo 2.6.1
misc/SPARK2/Ada-SPARK-LFU-Cache-Lite,holds,0,4,1,proof.gpr,29,463,,,reproof-20261009-1,e8c7794f,gnatprove FSF 16.1.0 / Why3 1.8.2+git / cvc5 1.3.2 (86cecd8) / z3 4.15.4 / alt-ergo 2.6.1
misc/SPARK2/Ada-SPARK-LFU-Cache-Stub,holds,0,1,1,proof.gpr,9,1,,,reproof-20261009-1,e8c7794f,gnatprove FSF 16.1.0 / Why3 1.8.2+git / cvc5 1.3.2 (86cecd8) / z3 4.15.4 / alt-ergo 2.6.1
misc/SPARK2/Ada-SPARK-LRU-Cache-Lite,holds,0,3,1,proof.gpr,26,128,,,reproof-20261009-1,e8c7794f,gnatprove FSF 16.1.0 / Why3 1.8.2+git / cvc5 1.3.2 (86cecd8) / z3 4.15.4 / alt-ergo 2.6.1
misc/SPARK2/Ada-SPARK-LRU-Cache-Stub,holds,0,1,1,proof.gpr,6,1,,,reproof-20261009-1,e8c7794f,gnatprove FSF 16.1.0 / Why3 1.8.2+git / cvc5 1.3.2 (86cecd8) / z3 4.15.4 / alt-ergo 2.6.1
misc/SPARK2/Ada-SPARK-Largest-Number,holds,0,1,1,largest_number.gpr,2,0,,,reproof-20261009-1,e8c7794f,gnatprove FSF 16.1.0 / Why3 1.8.2+git / cvc5 1.3.2 (86cecd8) / z3 4.15.4 / alt-ergo 2.6.1
misc/SPARK2/Ada-SPARK-Largest-Rectangle-In-Histogram,holds,0,1,1,largest_rectangle_in_histogram.gpr,8,137,,,reproof-20261009-1,e8c7794f,gnatprove FSF 16.1.0 / Why3 1.8.2+git / cvc5 1.3.2 (86cecd8) / z3 4.15.4 / alt-ergo 2.6.1
misc/SPARK2/Ada-SPARK-Last-Stone-Weight,holds,0,19,1,proof.gpr,18,1245,,,reproof-20261009-1,e8c7794f,gnatprove FSF 16.1.0 / Why3 1.8.2+git / cvc5 1.3.2 (86cecd8) / z3 4.15.4 / alt-ergo 2.6.1
misc/SPARK2/Ada-SPARK-Last-Stone-Weight-II,holds,0,61,1,last_stone_weight_ii.gpr,97,6885,,,reproof-20261009-1,e8c7794f,gnatprove FSF 16.1.0 / Why3 1.8.2+git / cvc5 1.3.2 (86cecd8) / z3 4.15.4 / alt-ergo 2.6.1
misc/SPARK2/Ada-SPARK-Least-Common-Multiple,holds,0,1,1,proof.gpr,12,1,,,reproof-20261009-1,e8c7794f,gnatprove FSF 16.1.0 / Why3 1.8.2+git / cvc5 1.3.2 (86cecd8) / z3 4.15.4 / alt-ergo 2.6.1
misc/SPARK2/Ada-SPARK-Lemonade-Change,holds,0,0,1,lemonade_change.gpr,2,0,,,reproof-20261009-1,e8c7794f,gnatprove FSF 16.1.0 / Why3 1.8.2+git / cvc5 1.3.2 (86cecd8) / z3 4.15.4 / alt-ergo 2.6.1
misc/SPARK2/Ada-SPARK-Length-Of-Last-Word,holds,0,1,1,length_of_last_word.gpr,3,1,,,reproof-20261009-1,e8c7794f,gnatprove FSF 16.1.0 / Why3 1.8.2+git / cvc5 1.3.2 (86cecd8) / z3 4.15.4 / alt-ergo 2.6.1
misc/SPARK2/Ada-SPARK-Letter-Case-Permutation,holds,0,1,1,proof.gpr,2,0,,,reproof-20261009-1,e8c7794f,gnatprove FSF 16.1.0 / Why3 1.8.2+git / cvc5 1.3.2 (86cecd8) / z3 4.15.4 / alt-ergo 2.6.1
misc/SPARK2/Ada-SPARK-Letter-Combinations-Of-A-Phone-Number,holds,0,0,1,letter_combinations_of_a_phone_number.gpr,2,0,,,reproof-20261009-1,e8c7794f,gnatprove FSF 16.1.0 / Why3 1.8.2+git / cvc5 1.3.2 (86cecd8) / z3 4.15.4 / alt-ergo 2.6.1
misc/SPARK2/Ada-SPARK-License-Key-Formatting,holds,0,1,1,license_key_formatting.gpr,2,0,,,reproof-20261009-1,e8c7794f,gnatprove FSF 16.1.0 / Why3 1.8.2+git / cvc5 1.3.2 (86cecd8) / z3 4.15.4 / alt-ergo 2.6.1
misc/SPARK2/Ada-SPARK-Line-Intersection,holds,0,0,1,line_intersection.gpr,4,0,,,reproof-20261009-1,e8c7794f,gnatprove FSF 16.1.0 / Why3 1.8.2+git / cvc5 1.3.2 (86cecd8) / z3 4.15.4 / alt-ergo 2.6.1
misc/SPARK2/Ada-SPARK-Line-Reflection,holds,0,1,1,line_reflection.gpr,3,1,,,reproof-20261009-1,e8c7794f,gnatprove FSF 16.1.0 / Why3 1.8.2+git / cvc5 1.3.2 (86cecd8) / z3 4.15.4 / alt-ergo 2.6.1
misc/SPARK2/Ada-SPARK-Linked-List-Cycle,holds,0,1,1,proof.gpr,2,0,,,reproof-20261009-1,e8c7794f,gnatprove FSF 16.1.0 / Why3 1.8.2+git / cvc5 1.3.2 (86cecd8) / z3 4.15.4 / alt-ergo 2.6.1
misc/SPARK2/Ada-SPARK-Linked-List-Cycle-II,holds,0,0,1,proof.gpr,3,0,,,reproof-20261009-1,e8c7794f,gnatprove FSF 16.1.0 / Why3 1.8.2+git / cvc5 1.3.2 (86cecd8) / z3 4.15.4 / alt-ergo 2.6.1
misc/SPARK2/Ada-SPARK-Logger-Rate-Limiter-Lite,holds,0,1,1,proof.gpr,7,1,,,reproof-20261009-1,e8c7794f,gnatprove FSF 16.1.0 / Why3 1.8.2+git / cvc5 1.3.2 (86cecd8) / z3 4.15.4 / alt-ergo 2.6.1
misc/SPARK2/Ada-SPARK-Logger-Rate-Limiter-Stub,holds,0,1,1,proof.gpr,2,0,,,reproof-20261009-1,e8c7794f,gnatprove FSF 16.1.0 / Why3 1.8.2+git / cvc5 1.3.2 (86cecd8) / z3 4.15.4 / alt-ergo 2.6.1
misc/SPARK2/Ada-SPARK-Longest-Increasing-Subsequence,holds,0,2,1,proof.gpr,9,1,,,reproof-20261009-1,e8c7794f,gnatprove FSF 16.1.0 / Why3 1.8.2+git / cvc5 1.3.2 (86cecd8) / z3 4.15.4 / alt-ergo 2.6.1
misc/SPARK2/Ada-SPARK-Longest-Mountain-In-Array,holds,0,1,1,proof.gpr,10,1,,,reproof-20261009-1,e8c7794f,gnatprove FSF 16.1.0 / Why3 1.8.2+git / cvc5 1.3.2 (86cecd8) / z3 4.15.4 / alt-ergo 2.6.1
misc/SPARK2/Ada-SPARK-Longest-Ones,holds,0,58,1,proof.gpr,5,25158,,,reproof-20261009-1,e8c7794f,gnatprove FSF 16.1.0 / Why3 1.8.2+git / cvc5 1.3.2 (86cecd8) / z3 4.15.4 / alt-ergo 2.6.1
misc/SPARK2/Ada-SPARK-Longest-Palindromic-Subsequence,holds,0,69,1,longest_palindromic_subsequence.gpr,24,1592,,,reproof-20261009-1,e8c7794f,gnatprove FSF 16.1.0 / Why3 1.8.2+git / cvc5 1.3.2 (86cecd8) / z3 4.15.4 / alt-ergo 2.6.1
misc/SPARK2/Ada-SPARK-Longest-Repeating-Character-Replacement,holds,0,1,1,longest_repeating_character_replacement.gpr,8,0,,,reproof-20261009-1,e8c7794f,gnatprove FSF 16.1.0 / Why3 1.8.2+git / cvc5 1.3.2 (86cecd8) / z3 4.15.4 / alt-ergo 2.6.1
misc/SPARK2/Ada-SPARK-Longest-Word-In-Dictionary,holds,0,1,1,proof.gpr,5,0,,,reproof-20261009-1,e8c7794f,gnatprove FSF 16.1.0 / Why3 1.8.2+git / cvc5 1.3.2 (86cecd8) / z3 4.15.4 / alt-ergo 2.6.1
misc/SPARK2/Ada-SPARK-Magnetic-Force-Between-Two-Balls,holds,0,1,1,proof.gpr,3,1,,,reproof-20261009-1,e8c7794f,gnatprove FSF 16.1.0 / Why3 1.8.2+git / cvc5 1.3.2 (86cecd8) / z3 4.15.4 / alt-ergo 2.6.1
misc/SPARK2/Ada-SPARK-Majority-Element,holds,0,1,1,majority_element.gpr,12,1,,,reproof-20261009-1,e8c7794f,gnatprove FSF 16.1.0 / Why3 1.8.2+git / cvc5 1.3.2 (86cecd8) / z3 4.15.4 / alt-ergo 2.6.1
misc/SPARK2/Ada-SPARK-Majority-Element-II,holds,0,32,1,proof.gpr,4,8818,,,reproof-20261009-1,e8c7794f,gnatprove FSF 16.1.0 / Why3 1.8.2+git / cvc5 1.3.2 (86cecd8) / z3 4.15.4 / alt-ergo 2.6.1
misc/SPARK2/Ada-SPARK-Manacher,holds,0,21,1,manacher.gpr,8,555,,,reproof-20261009-1,e8c7794f,gnatprove FSF 16.1.0 / Why3 1.8.2+git / cvc5 1.3.2 (86cecd8) / z3 4.15.4 / alt-ergo 2.6.1
misc/SPARK2/Ada-SPARK-Manhattan-Distance,holds,0,1,1,manhattan_distance.gpr,2,0,,,reproof-20261009-1,e8c7794f,gnatprove FSF 16.1.0 / Why3 1.8.2+git / cvc5 1.3.2 (86cecd8) / z3 4.15.4 / alt-ergo 2.6.1
misc/SPARK2/Ada-SPARK-Map-Sum-Pairs,holds,0,1,1,proof.gpr,6,1,,,reproof-20261009-1,e8c7794f,gnatprove FSF 16.1.0 / Why3 1.8.2+git / cvc5 1.3.2 (86cecd8) / z3 4.15.4 / alt-ergo 2.6.1
misc/SPARK2/Ada-SPARK-Mark-And-Sweep,holds,0,2,1,proof.gpr,2,3790,,,reproof-20261009-1,e8c7794f,gnatprove FSF 16.1.0 / Why3 1.8.2+git / cvc5 1.3.2 (86cecd8) / z3 4.15.4 / alt-ergo 2.6.1
misc/SPARK2/Ada-SPARK-Matchsticks-To-Square-Lite,holds,0,7,1,proof.gpr,6,6610,,,reproof-20261009-1,e8c7794f,gnatprove FSF 16.1.0 / Why3 1.8.2+git / cvc5 1.3.2 (86cecd8) / z3 4.15.4 / alt-ergo 2.6.1
misc/SPARK2/Ada-SPARK-Max-Area-Of-Island,holds,0,0,1,max_area_of_island.gpr,2,0,,,reproof-20261009-1,e8c7794f,gnatprove FSF 16.1.0 / Why3 1.8.2+git / cvc5 1.3.2 (86cecd8) / z3 4.15.4 / alt-ergo 2.6.1
misc/SPARK2/Ada-SPARK-Max-Consecutive-Ones,holds,0,2,1,proof.gpr,2,1057,,,reproof-20261009-1,e8c7794f,gnatprove FSF 16.1.0 / Why3 1.8.2+git / cvc5 1.3.2 (86cecd8) / z3 4.15.4 / alt-ergo 2.6.1
misc/SPARK2/Ada-SPARK-Max-Consecutive-Ones-II,holds,0,3,1,proof.gpr,4,2319,,,reproof-20261009-1,e8c7794f,gnatprove FSF 16.1.0 / Why3 1.8.2+git / cvc5 1.3.2 (86cecd8) / z3 4.15.4 / alt-ergo 2.6.1
misc/SPARK2/Ada-SPARK-Max-Consecutive-Ones-III,holds,0,121,1,max_consecutive_ones_iii.gpr,95,20608,,,reproof-20261009-1,e8c7794f,gnatprove FSF 16.1.0 / Why3 1.8.2+git / cvc5 1.3.2 (86cecd8) / z3 4.15.4 / alt-ergo 2.6.1
misc/SPARK2/Ada-SPARK-Max-Heap,holds,0,2,1,max_heap.gpr,23,1,,,reproof-20261009-1,e8c7794f,gnatprove FSF 16.1.0 / Why3 1.8.2+git / cvc5 1.3.2 (86cecd8) / z3 4.15.4 / alt-ergo 2.6.1
misc/SPARK2/Ada-SPARK-Max-Path-Sum-Stub,holds,0,2,1,proof.gpr,19,1,,,reproof-20261009-1,e8c7794f,gnatprove FSF 16.1.0 / Why3 1.8.2+git / cvc5 1.3.2 (86cecd8) / z3 4.15.4 / alt-ergo 2.6.1
misc/SPARK2/Ada-SPARK-Max-Points-On-A-Line-Lite,holds,0,1,1,max_points_on_a_line_lite.gpr,4,1,,,reproof-20261009-1,e8c7794f,gnatprove FSF 16.1.0 / Why3 1.8.2+git / cvc5 1.3.2 (86cecd8) / z3 4.15.4 / alt-ergo 2.6.1
misc/SPARK2/Ada-SPARK-Max-Product-Subarray,holds,0,1,1,proof.gpr,11,880,,,reproof-20261009-1,e8c7794f,gnatprove FSF 16.1.0 / Why3 1.8.2+git / cvc5 1.3.2 (86cecd8) / z3 4.15.4 / alt-ergo 2.6.1
misc/SPARK2/Ada-SPARK-Max-Stack,holds,0,1,1,proof.gpr,13,1,,,reproof-20261009-1,e8c7794f,gnatprove FSF 16.1.0 / Why3 1.8.2+git / cvc5 1.3.2 (86cecd8) / z3 4.15.4 / alt-ergo 2.6.1
misc/SPARK2/Ada-SPARK-Max-Stack-Stub,holds,0,1,1,proof.gpr,5,0,,,reproof-20261009-1,e8c7794f,gnatprove FSF 16.1.0 / Why3 1.8.2+git / cvc5 1.3.2 (86cecd8) / z3 4.15.4 / alt-ergo 2.6.1
misc/SPARK2/Ada-SPARK-Maximal-Rectangle,holds,0,123,1,maximal_rectangle.gpr,9,11027,,,reproof-20261009-1,e8c7794f,gnatprove FSF 16.1.0 / Why3 1.8.2+git / cvc5 1.3.2 (86cecd8) / z3 4.15.4 / alt-ergo 2.6.1
misc/SPARK2/Ada-SPARK-Maximal-Square,holds,0,2,1,maximal_square.gpr,32,1,,,reproof-20261009-1,e8c7794f,gnatprove FSF 16.1.0 / Why3 1.8.2+git / cvc5 1.3.2 (86cecd8) / z3 4.15.4 / alt-ergo 2.6.1
misc/SPARK2/Ada-SPARK-Maximum-Candies-Allocated-To-K-Children,holds,0,1,1,proof.gpr,8,1,,,reproof-20261009-1,e8c7794f,gnatprove FSF 16.1.0 / Why3 1.8.2+git / cvc5 1.3.2 (86cecd8) / z3 4.15.4 / alt-ergo 2.6.1
misc/SPARK2/Ada-SPARK-Maximum-Ice-Cream-Bars,holds,0,1,1,proof.gpr,7,1,,,reproof-20261009-1,e8c7794f,gnatprove FSF 16.1.0 / Why3 1.8.2+git / cvc5 1.3.2 (86cecd8) / z3 4.15.4 / alt-ergo 2.6.1
misc/SPARK2/Ada-SPARK-Maximum-Points-You-Can-Obtain-From-Cards,holds,0,4,1,proof.gpr,4,819,,,reproof-20261009-1,e8c7794f,gnatprove FSF 16.1.0 / Why3 1.8.2+git / cvc5 1.3.2 (86cecd8) / z3 4.15.4 / alt-ergo 2.6.1
misc/SPARK2/Ada-SPARK-Maximum-Product-Of-Word-Lengths,holds,0,1,1,maximum_product_of_word_lengths.gpr,4,0,,,reproof-20261009-1,e8c7794f,gnatprove FSF 16.1.0 / Why3 1.8.2+git / cvc5 1.3.2 (86cecd8) / z3 4.15.4 / alt-ergo 2.6.1
misc/SPARK2/Ada-SPARK-Maximum-Product-Subarray,holds,0,5,1,maximum_product_subarray_project.gpr,11,6402,,,reproof-20261009-1,e8c7794f,gnatprove FSF 16.1.0 / Why3 1.8.2+git / cvc5 1.3.2 (86cecd8) / z3 4.15.4 / alt-ergo 2.6.1
misc/SPARK2/Ada-SPARK-Maximum-Subarray,holds,0,1,1,maximum_subarray_project.gpr,6,1,,,reproof-20261009-1,e8c7794f,gnatprove FSF 16.1.0 / Why3 1.8.2+git / cvc5 1.3.2 (86cecd8) / z3 4.15.4 / alt-ergo 2.6.1
misc/SPARK2/Ada-SPARK-Maximum-Subarray-Circular,holds,0,6,1,proof.gpr,12,2249,,,reproof-20261009-1,e8c7794f,gnatprove FSF 16.1.0 / Why3 1.8.2+git / cvc5 1.3.2 (86cecd8) / z3 4.15.4 / alt-ergo 2.6.1
misc/SPARK2/Ada-SPARK-Maximum-Twin-Sum-Of-A-Linked-List,holds,0,3,1,proof.gpr,11,219,,,reproof-20261009-1,e8c7794f,gnatprove FSF 16.1.0 / Why3 1.8.2+git / cvc5 1.3.2 (86cecd8) / z3 4.15.4 / alt-ergo 2.6.1
misc/SPARK2/Ada-SPARK-Maximum-Units-On-A-Truck,holds,0,1,1,maximum_units_on_a_truck.gpr,3,0,,,reproof-20261009-1,e8c7794f,gnatprove FSF 16.1.0 / Why3 1.8.2+git / cvc5 1.3.2 (86cecd8) / z3 4.15.4 / alt-ergo 2.6.1
misc/SPARK2/Ada-SPARK-Maximum-XOR-Of-Two-Numbers,holds,0,1,1,maximum_xor_of_two_numbers.gpr,7,1,,,reproof-20261009-1,e8c7794f,gnatprove FSF 16.1.0 / Why3 1.8.2+git / cvc5 1.3.2 (86cecd8) / z3 4.15.4 / alt-ergo 2.6.1
misc/SPARK2/Ada-SPARK-Mean-Variance,holds,0,3,1,proof.gpr,13,763,,,reproof-20261009-1,e8c7794f,gnatprove FSF 16.1.0 / Why3 1.8.2+git / cvc5 1.3.2 (86cecd8) / z3 4.15.4 / alt-ergo 2.6.1
misc/SPARK2/Ada-SPARK-Median-Filtering,holds,0,6,1,median_filtering.gpr,34,159,,,reproof-20261009-1,e8c7794f,gnatprove FSF 16.1.0 / Why3 1.8.2+git / cvc5 1.3.2 (86cecd8) / z3 4.15.4 / alt-ergo 2.6.1
misc/SPARK2/Ada-SPARK-Median-Of-Three,holds,0,1,1,proof.gpr,1,0,,,reproof-20261009-1,e8c7794f,gnatprove FSF 16.1.0 / Why3 1.8.2+git / cvc5 1.3.2 (86cecd8) / z3 4.15.4 / alt-ergo 2.6.1
misc/SPARK2/Ada-SPARK-Meeting-Rooms,holds,0,1,1,meeting_rooms.gpr,2,0,,,reproof-20261009-1,e8c7794f,gnatprove FSF 16.1.0 / Why3 1.8.2+git / cvc5 1.3.2 (86cecd8) / z3 4.15.4 / alt-ergo 2.6.1
misc/SPARK2/Ada-SPARK-Meeting-Rooms-II,holds,0,1,1,meeting_rooms_ii.gpr,2,0,,,reproof-20261009-1,e8c7794f,gnatprove FSF 16.1.0 / Why3 1.8.2+git / cvc5 1.3.2 (86cecd8) / z3 4.15.4 / alt-ergo 2.6.1
misc/SPARK2/Ada-SPARK-Merge-In-Between-Linked-Lists,holds,0,1,1,proof.gpr,5,1,,,reproof-20261009-1,e8c7794f,gnatprove FSF 16.1.0 / Why3 1.8.2+git / cvc5 1.3.2 (86cecd8) / z3 4.15.4 / alt-ergo 2.6.1
misc/SPARK2/Ada-SPARK-Merge-Intervals,holds,0,1,1,merge_intervals_project.gpr,2,1,,,reproof-20261009-1,e8c7794f,gnatprove FSF 16.1.0 / Why3 1.8.2+git / cvc5 1.3.2 (86cecd8) / z3 4.15.4 / alt-ergo 2.6.1
misc/SPARK2/Ada-SPARK-Middle-Of-The-Linked-List,holds,0,2,1,proof.gpr,6,1,,,reproof-20261009-1,e8c7794f,gnatprove FSF 16.1.0 / Why3 1.8.2+git / cvc5 1.3.2 (86cecd8) / z3 4.15.4 / alt-ergo 2.6.1
misc/SPARK2/Ada-SPARK-Min-Cost-Climbing-Stairs,holds,0,3,1,proof.gpr,21,1,,,reproof-20261009-1,e8c7794f,gnatprove FSF 16.1.0 / Why3 1.8.2+git / cvc5 1.3.2 (86cecd8) / z3 4.15.4 / alt-ergo 2.6.1
misc/SPARK2/Ada-SPARK-Min-Cost-Connect-Cities-Stub,holds,0,4,1,proof.gpr,3,926,,,reproof-20261009-1,e8c7794f,gnatprove FSF 16.1.0 / Why3 1.8.2+git / cvc5 1.3.2 (86cecd8) / z3 4.15.4 / alt-ergo 2.6.1
misc/SPARK2/Ada-SPARK-Min-Cost-To-Connect-All-Points,holds,0,2,1,proof.gpr,9,109,,,reproof-20261009-1,e8c7794f,gnatprove FSF 16.1.0 / Why3 1.8.2+git / cvc5 1.3.2 (86cecd8) / z3 4.15.4 / alt-ergo 2.6.1
misc/SPARK2/Ada-SPARK-Min-Heap,holds,0,3,1,min_heap.gpr,23,1,,,reproof-20261009-1,e8c7794f,gnatprove FSF 16.1.0 / Why3 1.8.2+git / cvc5 1.3.2 (86cecd8) / z3 4.15.4 / alt-ergo 2.6.1
misc/SPARK2/Ada-SPARK-Min-Max-Normalize,holds,0,4,1,proof.gpr,23,372,,,reproof-20261009-1,e8c7794f,gnatprove FSF 16.1.0 / Why3 1.8.2+git / cvc5 1.3.2 (86cecd8) / z3 4.15.4 / alt-ergo 2.6.1
misc/SPARK2/Ada-SPARK-Min-Stack,holds,0,1,1,proof.gpr,6,0,,,reproof-20261009-1,e8c7794f,gnatprove FSF 16.1.0 / Why3 1.8.2+git / cvc5 1.3.2 (86cecd8) / z3 4.15.4 / alt-ergo 2.6.1
misc/SPARK2/Ada-SPARK-Minimum-Bit-Flips-To-Convert-Number,holds,0,2,1,minimum_bit_flips_to_convert.gpr,6,1,,,reproof-20261009-1,e8c7794f,gnatprove FSF 16.1.0 / Why3 1.8.2+git / cvc5 1.3.2 (86cecd8) / z3 4.15.4 / alt-ergo 2.6.1
misc/SPARK2/Ada-SPARK-Minimum-Cost-To-Move-Chips,holds,0,1,1,proof.gpr,5,1,,,reproof-20261009-1,e8c7794f,gnatprove FSF 16.1.0 / Why3 1.8.2+git / cvc5 1.3.2 (86cecd8) / z3 4.15.4 / alt-ergo 2.6.1
misc/SPARK2/Ada-SPARK-Minimum-Deletions-To-Make-Character-Frequencies-Unique,holds,0,2,1,minimum_deletions_to_make_character_frequencies_unique.gpr,3,1,,,reproof-20261009-1,e8c7794f,gnatprove FSF 16.1.0 / Why3 1.8.2+git / cvc5 1.3.2 (86cecd8) / z3 4.15.4 / alt-ergo 2.6.1
misc/SPARK2/Ada-SPARK-Minimum-Number-Of-Arrows,holds,0,1,1,minimum_number_of_arrows.gpr,4,1,,,reproof-20261009-1,e8c7794f,gnatprove FSF 16.1.0 / Why3 1.8.2+git / cvc5 1.3.2 (86cecd8) / z3 4.15.4 / alt-ergo 2.6.1
misc/SPARK2/Ada-SPARK-Minimum-Number-Of-Days-To-Make-M-Bouquets,holds,0,20,1,proof.gpr,73,18740,,,reproof-20261009-1,e8c7794f,gnatprove FSF 16.1.0 / Why3 1.8.2+git / cvc5 1.3.2 (86cecd8) / z3 4.15.4 / alt-ergo 2.6.1
misc/SPARK2/Ada-SPARK-Minimum-Number-Of-Moves-To-Seat,holds,0,1,1,proof.gpr,5,1,,,reproof-20261009-1,e8c7794f,gnatprove FSF 16.1.0 / Why3 1.8.2+git / cvc5 1.3.2 (86cecd8) / z3 4.15.4 / alt-ergo 2.6.1
misc/SPARK2/Ada-SPARK-Minimum-Operations-To-Make-The-Array-Increasing,holds,0,1,1,proof.gpr,4,1,,,reproof-20261009-1,e8c7794f,gnatprove FSF 16.1.0 / Why3 1.8.2+git / cvc5 1.3.2 (86cecd8) / z3 4.15.4 / alt-ergo 2.6.1
misc/SPARK2/Ada-SPARK-Minimum-Path-Sum,holds,0,3,1,minimum_path_sum.gpr,33,59,,,reproof-20261009-1,e8c7794f,gnatprove FSF 16.1.0 / Why3 1.8.2+git / cvc5 1.3.2 (86cecd8) / z3 4.15.4 / alt-ergo 2.6.1
misc/SPARK2/Ada-SPARK-Minimum-Sum-Of-Four-Digit-Number,holds,0,1,1,proof.gpr,4,319,,,reproof-20261009-1,e8c7794f,gnatprove FSF 16.1.0 / Why3 1.8.2+git / cvc5 1.3.2 (86cecd8) / z3 4.15.4 / alt-ergo 2.6.1
misc/SPARK2/Ada-SPARK-Missing-Number,holds,0,1,1,missing_number.gpr,8,1,,,reproof-20261009-1,e8c7794f,gnatprove FSF 16.1.0 / Why3 1.8.2+git / cvc5 1.3.2 (86cecd8) / z3 4.15.4 / alt-ergo 2.6.1
misc/SPARK2/Ada-SPARK-Missing-Ranges-Stub,holds,0,1,1,proof.gpr,5,1,,,reproof-20261009-1,e8c7794f,gnatprove FSF 16.1.0 / Why3 1.8.2+git / cvc5 1.3.2 (86cecd8) / z3 4.15.4 / alt-ergo 2.6.1
misc/SPARK2/Ada-SPARK-Monotonic-Stack,holds,0,1,1,monotonic_stack.gpr,6,0,,,reproof-20261009-1,e8c7794f,gnatprove FSF 16.1.0 / Why3 1.8.2+git / cvc5 1.3.2 (86cecd8) / z3 4.15.4 / alt-ergo 2.6.1
misc/SPARK2/Ada-SPARK-Most-Common-Word,holds,0,1,1,proof.gpr,8,1,,,reproof-20261009-1,e8c7794f,gnatprove FSF 16.1.0 / Why3 1.8.2+git / cvc5 1.3.2 (86cecd8) / z3 4.15.4 / alt-ergo 2.6.1
misc/SPARK2/Ada-SPARK-Move-Zeroes,holds,0,1,1,move_zeroes.gpr,4,1,,,reproof-20261009-1,e8c7794f,gnatprove FSF 16.1.0 / Why3 1.8.2+git / cvc5 1.3.2 (86cecd8) / z3 4.15.4 / alt-ergo 2.6.1
misc/SPARK2/Ada-SPARK-Moving-Average,holds,0,1,1,proof.gpr,3,1,,,reproof-20261009-1,e8c7794f,gnatprove FSF 16.1.0 / Why3 1.8.2+git / cvc5 1.3.2 (86cecd8) / z3 4.15.4 / alt-ergo 2.6.1
misc/SPARK2/Ada-SPARK-Moving-Average-From-Data-Stream,holds,0,1,1,proof.gpr,4,1,,,reproof-20261009-1,e8c7794f,gnatprove FSF 16.1.0 / Why3 1.8.2+git / cvc5 1.3.2 (86cecd8) / z3 4.15.4 / alt-ergo 2.6.1
misc/SPARK2/Ada-SPARK-My-Calendar-Stub,holds,0,1,1,proof.gpr,1,0,,,reproof-20261009-1,e8c7794f,gnatprove FSF 16.1.0 / Why3 1.8.2+git / cvc5 1.3.2 (86cecd8) / z3 4.15.4 / alt-ergo 2.6.1
misc/SPARK2/Ada-SPARK-My-Linked-List-Stub,holds,0,0,1,proof.gpr,4,0,,,reproof-20261009-1,e8c7794f,gnatprove FSF 16.1.0 / Why3 1.8.2+git / cvc5 1.3.2 (86cecd8) / z3 4.15.4 / alt-ergo 2.6.1
misc/SPARK2/Ada-SPARK-N-Queens-Lite,holds,0,1,1,proof.gpr,4,1,,,reproof-20261009-1,e8c7794f,gnatprove FSF 16.1.0 / Why3 1.8.2+git / cvc5 1.3.2 (86cecd8) / z3 4.15.4 / alt-ergo 2.6.1
misc/SPARK2/Ada-SPARK-N-Repeated-Element-In-Size-2N-Array,holds,0,1,1,n_repeated_element_in_size_2n_array.gpr,2,0,,,reproof-20261009-1,e8c7794f,gnatprove FSF 16.1.0 / Why3 1.8.2+git / cvc5 1.3.2 (86cecd8) / z3 4.15.4 / alt-ergo 2.6.1
misc/SPARK2/Ada-SPARK-N-th-Tribonacci,holds,0,1,1,proof.gpr,6,1,,,reproof-20261009-1,e8c7794f,gnatprove FSF 16.1.0 / Why3 1.8.2+git / cvc5 1.3.2 (86cecd8) / z3 4.15.4 / alt-ergo 2.6.1
misc/SPARK2/Ada-SPARK-Nearest-Exit-From-Entrance-In-Maze,holds,0,1,1,nearest_exit_from_entrance_in_maze.gpr,2,0,,,reproof-20261009-1,e8c7794f,gnatprove FSF 16.1.0 / Why3 1.8.2+git / cvc5 1.3.2 (86cecd8) / z3 4.15.4 / alt-ergo 2.6.1
misc/SPARK2/Ada-SPARK-Neighboring-Bitwise-XOR,holds,0,0,1,neighboring_bitwise_xor.gpr,2,0,,,reproof-20261009-1,e8c7794f,gnatprove FSF 16.1.0 / Why3 1.8.2+git / cvc5 1.3.2 (86cecd8) / z3 4.15.4 / alt-ergo 2.6.1
misc/SPARK2/Ada-SPARK-Nested-Iterator-Stub,holds,0,1,1,proof.gpr,13,1,,,reproof-20261009-1,e8c7794f,gnatprove FSF 16.1.0 / Why3 1.8.2+git / cvc5 1.3.2 (86cecd8) / z3 4.15.4 / alt-ergo 2.6.1
misc/SPARK2/Ada-SPARK-Network-Delay-Time,holds,0,1,1,proof.gpr,1,0,,,reproof-20261009-1,e8c7794f,gnatprove FSF 16.1.0 / Why3 1.8.2+git / cvc5 1.3.2 (86cecd8) / z3 4.15.4 / alt-ergo 2.6.1
misc/SPARK2/Ada-SPARK-Network-Delay-Time-Stub,holds,0,0,1,proof.gpr,1,0,,,reproof-20261009-1,e8c7794f,gnatprove FSF 16.1.0 / Why3 1.8.2+git / cvc5 1.3.2 (86cecd8) / z3 4.15.4 / alt-ergo 2.6.1
misc/SPARK2/Ada-SPARK-New-21-Game-Lite,holds,0,1,1,new_21_game_lite.gpr,2,0,,,reproof-20261009-1,e8c7794f,gnatprove FSF 16.1.0 / Why3 1.8.2+git / cvc5 1.3.2 (86cecd8) / z3 4.15.4 / alt-ergo 2.6.1
misc/SPARK2/Ada-SPARK-Next-Greater-Element-I,holds,0,1,1,next_greater_element_i.gpr,3,0,,,reproof-20261009-1,e8c7794f,gnatprove FSF 16.1.0 / Why3 1.8.2+git / cvc5 1.3.2 (86cecd8) / z3 4.15.4 / alt-ergo 2.6.1
misc/SPARK2/Ada-SPARK-Next-Greater-Element-II,holds,0,0,1,next_greater_element_ii.gpr,3,0,,,reproof-20261009-1,e8c7794f,gnatprove FSF 16.1.0 / Why3 1.8.2+git / cvc5 1.3.2 (86cecd8) / z3 4.15.4 / alt-ergo 2.6.1
misc/SPARK2/Ada-SPARK-Next-Greater-Node-In-Linked-List,holds,0,1,1,next_greater_node_in_linked_list.gpr,5,1,,,reproof-20261009-1,e8c7794f,gnatprove FSF 16.1.0 / Why3 1.8.2+git / cvc5 1.3.2 (86cecd8) / z3 4.15.4 / alt-ergo 2.6.1
misc/SPARK2/Ada-SPARK-Next-Permutation-Stub,holds,0,1,1,next_permutation_stub.gpr,3,0,,,reproof-20261009-1,e8c7794f,gnatprove FSF 16.1.0 / Why3 1.8.2+git / cvc5 1.3.2 (86cecd8) / z3 4.15.4 / alt-ergo 2.6.1
misc/SPARK2/Ada-SPARK-Nim-Game,holds,0,1,1,proof.gpr,3,1,,,reproof-20261009-1,e8c7794f,gnatprove FSF 16.1.0 / Why3 1.8.2+git / cvc5 1.3.2 (86cecd8) / z3 4.15.4 / alt-ergo 2.6.1
misc/SPARK2/Ada-SPARK-Non-Decreasing-Array,holds,0,0,1,non_decreasing_array.gpr,2,0,,,reproof-20261009-1,e8c7794f,gnatprove FSF 16.1.0 / Why3 1.8.2+git / cvc5 1.3.2 (86cecd8) / z3 4.15.4 / alt-ergo 2.6.1
misc/SPARK2/Ada-SPARK-Non-Overlapping-Intervals,holds,0,1,1,non_overlapping_intervals_project.gpr,2,1,,,reproof-20261009-1,e8c7794f,gnatprove FSF 16.1.0 / Why3 1.8.2+git / cvc5 1.3.2 (86cecd8) / z3 4.15.4 / alt-ergo 2.6.1
misc/SPARK2/Ada-SPARK-Nth-Digit,holds,0,1,1,proof.gpr,3,1,,,reproof-20261009-1,e8c7794f,gnatprove FSF 16.1.0 / Why3 1.8.2+git / cvc5 1.3.2 (86cecd8) / z3 4.15.4 / alt-ergo 2.6.1
misc/SPARK2/Ada-SPARK-Nth-Digit-Stub,holds,0,3,1,nth_digit_stub.gpr,26,3515,,,reproof-20261009-1,e8c7794f,gnatprove FSF 16.1.0 / Why3 1.8.2+git / cvc5 1.3.2 (86cecd8) / z3 4.15.4 / alt-ergo 2.6.1
misc/SPARK2/Ada-SPARK-Nth-Ugly-Number,holds,0,2,1,proof.gpr,14,1,,,reproof-20261009-1,e8c7794f,gnatprove FSF 16.1.0 / Why3 1.8.2+git / cvc5 1.3.2 (86cecd8) / z3 4.15.4 / alt-ergo 2.6.1
misc/SPARK2/Ada-SPARK-Number-Complement,holds,0,1,1,number_complement.gpr,3,1,,,reproof-20261009-1,e8c7794f,gnatprove FSF 16.1.0 / Why3 1.8.2+git / cvc5 1.3.2 (86cecd8) / z3 4.15.4 / alt-ergo 2.6.1
misc/SPARK2/Ada-SPARK-Number-Of-1-Bits,holds,0,0,1,proof.gpr,7,1,,,reproof-20261009-1,e8c7794f,gnatprove FSF 16.1.0 / Why3 1.8.2+git / cvc5 1.3.2 (86cecd8) / z3 4.15.4 / alt-ergo 2.6.1
misc/SPARK2/Ada-SPARK-Number-Of-1-Bits-In-Range,holds,0,1,1,Number_Of_1_Bits_In_Range.gpr,2,0,,,reproof-20261009-1,e8c7794f,gnatprove FSF 16.1.0 / Why3 1.8.2+git / cvc5 1.3.2 (86cecd8) / z3 4.15.4 / alt-ergo 2.6.1
misc/SPARK2/Ada-SPARK-Number-Of-Connected-Components,holds,0,2,1,connected_components.gpr,8,1,,,reproof-20261009-1,e8c7794f,gnatprove FSF 16.1.0 / Why3 1.8.2+git / cvc5 1.3.2 (86cecd8) / z3 4.15.4 / alt-ergo 2.6.1
misc/SPARK2/Ada-SPARK-Number-Of-Good-Pairs,holds,0,0,1,number_of_good_pairs.gpr,2,0,,,reproof-20261009-1,e8c7794f,gnatprove FSF 16.1.0 / Why3 1.8.2+git / cvc5 1.3.2 (86cecd8) / z3 4.15.4 / alt-ergo 2.6.1
misc/SPARK2/Ada-SPARK-Number-Of-Islands,holds,0,1,1,number_of_islands.gpr,2,0,,,reproof-20261009-1,e8c7794f,gnatprove FSF 16.1.0 / Why3 1.8.2+git / cvc5 1.3.2 (86cecd8) / z3 4.15.4 / alt-ergo 2.6.1
misc/SPARK2/Ada-SPARK-Number-Of-Provinces,holds,0,1,1,number_of_provinces.gpr,2,0,,,reproof-20261009-1,e8c7794f,gnatprove FSF 16.1.0 / Why3 1.8.2+git / cvc5 1.3.2 (86cecd8) / z3 4.15.4 / alt-ergo 2.6.1
misc/SPARK2/Ada-SPARK-Number-Of-Recent-Calls,holds,0,2,1,proof.gpr,8,1,,,reproof-20261009-1,e8c7794f,gnatprove FSF 16.1.0 / Why3 1.8.2+git / cvc5 1.3.2 (86cecd8) / z3 4.15.4 / alt-ergo 2.6.1
misc/SPARK2/Ada-SPARK-Number-Of-Steps-To-Reduce-A-Number,holds,0,1,1,proof.gpr,8,1,,,reproof-20261009-1,e8c7794f,gnatprove FSF 16.1.0 / Why3 1.8.2+git / cvc5 1.3.2 (86cecd8) / z3 4.15.4 / alt-ergo 2.6.1
misc/SPARK2/Ada-SPARK-Number-Of-Steps-To-Reduce-A-Number-In-Binary-Representation,holds,0,1,1,number_of_steps_to_reduce.gpr,7,1,,,reproof-20261009-1,e8c7794f,gnatprove FSF 16.1.0 / Why3 1.8.2+git / cvc5 1.3.2 (86cecd8) / z3 4.15.4 / alt-ergo 2.6.1
misc/SPARK2/Ada-SPARK-One-Hot,holds,0,1,1,proof.gpr,1,0,,,reproof-20261009-1,e8c7794f,gnatprove FSF 16.1.0 / Why3 1.8.2+git / cvc5 1.3.2 (86cecd8) / z3 4.15.4 / alt-ergo 2.6.1
misc/SPARK2/Ada-SPARK-Ones-And-Zeroes,holds,0,1,1,ones_and_zeroes.gpr,3,0,,,reproof-20261009-1,e8c7794f,gnatprove FSF 16.1.0 / Why3 1.8.2+git / cvc5 1.3.2 (86cecd8) / z3 4.15.4 / alt-ergo 2.6.1
misc/SPARK2/Ada-SPARK-Online-Stock-Span,holds,0,2,1,online_stock_span.gpr,5,1,,,reproof-20261009-1,e8c7794f,gnatprove FSF 16.1.0 / Why3 1.8.2+git / cvc5 1.3.2 (86cecd8) / z3 4.15.4 / alt-ergo 2.6.1
misc/SPARK2/Ada-SPARK-Online-Stock-Span-Stub,holds,0,3,1,proof.gpr,7,775,,,reproof-20261009-1,e8c7794f,gnatprove FSF 16.1.0 / Why3 1.8.2+git / cvc5 1.3.2 (86cecd8) / z3 4.15.4 / alt-ergo 2.6.1
misc/SPARK2/Ada-SPARK-Open-The-Lock,holds,0,2,1,open_the_lock.gpr,2,0,,,reproof-20261009-1,e8c7794f,gnatprove FSF 16.1.0 / Why3 1.8.2+git / cvc5 1.3.2 (86cecd8) / z3 4.15.4 / alt-ergo 2.6.1
misc/SPARK2/Ada-SPARK-Ordered-Stream-Stub,holds,0,2,1,proof.gpr,2,1,,,reproof-20261009-1,e8c7794f,gnatprove FSF 16.1.0 / Why3 1.8.2+git / cvc5 1.3.2 (86cecd8) / z3 4.15.4 / alt-ergo 2.6.1
misc/SPARK2/Ada-SPARK-Out-Of-Boundary-Paths-Lite,holds,0,1,1,out_of_boundary_paths_lite.gpr,6,1,,,reproof-20261009-1,e8c7794f,gnatprove FSF 16.1.0 / Why3 1.8.2+git / cvc5 1.3.2 (86cecd8) / z3 4.15.4 / alt-ergo 2.6.1
misc/SPARK2/Ada-SPARK-Overlap-Coefficient,holds,0,2,1,overlap_coefficient.gpr,8,1,,,reproof-20261009-1,e8c7794f,gnatprove FSF 16.1.0 / Why3 1.8.2+git / cvc5 1.3.2 (86cecd8) / z3 4.15.4 / alt-ergo 2.6.1
misc/SPARK2/Ada-SPARK-PN-Counter,holds,0,4,1,pn_counter.gpr,23,2,,,reproof-20261009-1,e8c7794f,gnatprove FSF 16.1.0 / Why3 1.8.2+git / cvc5 1.3.2 (86cecd8) / z3 4.15.4 / alt-ergo 2.6.1
misc/SPARK2/Ada-SPARK-Pacific-Atlantic-Water-Flow,holds,0,1,1,pacific_atlantic_water_flow.gpr,3,0,,,reproof-20261009-1,e8c7794f,gnatprove FSF 16.1.0 / Why3 1.8.2+git / cvc5 1.3.2 (86cecd8) / z3 4.15.4 / alt-ergo 2.6.1
misc/SPARK2/Ada-SPARK-Pacific-Atlantic-Water-Stub,holds,0,1,1,proof.gpr,1,0,,,reproof-20261009-1,e8c7794f,gnatprove FSF 16.1.0 / Why3 1.8.2+git / cvc5 1.3.2 (86cecd8) / z3 4.15.4 / alt-ergo 2.6.1
misc/SPARK2/Ada-SPARK-Paint-Fence-Lite,holds,0,1,1,paint_fence_lite.gpr,2,0,,,reproof-20261009-1,e8c7794f,gnatprove FSF 16.1.0 / Why3 1.8.2+git / cvc5 1.3.2 (86cecd8) / z3 4.15.4 / alt-ergo 2.6.1
misc/SPARK2/Ada-SPARK-Paint-House-Lite,holds,0,1,1,paint_house_lite.gpr,2,0,,,reproof-20261009-1,e8c7794f,gnatprove FSF 16.1.0 / Why3 1.8.2+git / cvc5 1.3.2 (86cecd8) / z3 4.15.4 / alt-ergo 2.6.1
misc/SPARK2/Ada-SPARK-Paint-House-Stub,holds,0,4,1,proof.gpr,10,17,,,reproof-20261009-1,e8c7794f,gnatprove FSF 16.1.0 / Why3 1.8.2+git / cvc5 1.3.2 (86cecd8) / z3 4.15.4 / alt-ergo 2.6.1
misc/SPARK2/Ada-SPARK-Palindrome-Linked-List,holds,0,4,1,proof.gpr,9,1,,,reproof-20261009-1,e8c7794f,gnatprove FSF 16.1.0 / Why3 1.8.2+git / cvc5 1.3.2 (86cecd8) / z3 4.15.4 / alt-ergo 2.6.1
misc/SPARK2/Ada-SPARK-Palindrome-Number,holds,0,2,1,proof.gpr,14,1,,,reproof-20261009-1,e8c7794f,gnatprove FSF 16.1.0 / Why3 1.8.2+git / cvc5 1.3.2 (86cecd8) / z3 4.15.4 / alt-ergo 2.6.1
misc/SPARK2/Ada-SPARK-Palindrome-Pairs-Lite,holds,0,12,1,proof.gpr,9,869,,,reproof-20261009-1,e8c7794f,gnatprove FSF 16.1.0 / Why3 1.8.2+git / cvc5 1.3.2 (86cecd8) / z3 4.15.4 / alt-ergo 2.6.1
misc/SPARK2/Ada-SPARK-Palindrome-Partitioning,holds,0,4,1,palindrome_partitioning_project.gpr,20,1,,,reproof-20261009-1,e8c7794f,gnatprove FSF 16.1.0 / Why3 1.8.2+git / cvc5 1.3.2 (86cecd8) / z3 4.15.4 / alt-ergo 2.6.1
misc/SPARK2/Ada-SPARK-Parity-Bits,holds,0,1,1,parity_bits.gpr,4,0,,,reproof-20261009-1,e8c7794f,gnatprove FSF 16.1.0 / Why3 1.8.2+git / cvc5 1.3.2 (86cecd8) / z3 4.15.4 / alt-ergo 2.6.1
misc/SPARK2/Ada-SPARK-Parking-System-Stub,holds,0,1,1,proof.gpr,1,0,,,reproof-20261009-1,e8c7794f,gnatprove FSF 16.1.0 / Why3 1.8.2+git / cvc5 1.3.2 (86cecd8) / z3 4.15.4 / alt-ergo 2.6.1
misc/SPARK2/Ada-SPARK-Partition-Around-Pivot,holds,0,3,1,partition_around_pivot.gpr,4,1,,,reproof-20261009-1,e8c7794f,gnatprove FSF 16.1.0 / Why3 1.8.2+git / cvc5 1.3.2 (86cecd8) / z3 4.15.4 / alt-ergo 2.6.1
misc/SPARK2/Ada-SPARK-Partition-Equal-Subset-Sum,holds,0,2,1,partition_equal_subset_sum.gpr,6,1,,,reproof-20261009-1,e8c7794f,gnatprove FSF 16.1.0 / Why3 1.8.2+git / cvc5 1.3.2 (86cecd8) / z3 4.15.4 / alt-ergo 2.6.1
misc/SPARK2/Ada-SPARK-Partition-Labels,holds,0,1,1,partition_labels.gpr,3,1,,,reproof-20261009-1,e8c7794f,gnatprove FSF 16.1.0 / Why3 1.8.2+git / cvc5 1.3.2 (86cecd8) / z3 4.15.4 / alt-ergo 2.6.1
misc/SPARK2/Ada-SPARK-Partition-List,holds,0,23,1,ada_spark_partition_list.gpr,8,1127,,,reproof-20261009-1,e8c7794f,gnatprove FSF 16.1.0 / Why3 1.8.2+git / cvc5 1.3.2 (86cecd8) / z3 4.15.4 / alt-ergo 2.6.1
misc/SPARK2/Ada-SPARK-Pascal-Triangle,holds,0,15,1,proof.gpr,6,113637,,,reproof-20261009-1,e8c7794f,gnatprove FSF 16.1.0 / Why3 1.8.2+git / cvc5 1.3.2 (86cecd8) / z3 4.15.4 / alt-ergo 2.6.1
misc/SPARK2/Ada-SPARK-Pascal-Triangle-II,holds,0,2,1,proof.gpr,7,1,,,reproof-20261009-1,e8c7794f,gnatprove FSF 16.1.0 / Why3 1.8.2+git / cvc5 1.3.2 (86cecd8) / z3 4.15.4 / alt-ergo 2.6.1
misc/SPARK2/Ada-SPARK-Path-Sum,holds,0,3,1,proof.gpr,20,1,,,reproof-20261009-1,e8c7794f,gnatprove FSF 16.1.0 / Why3 1.8.2+git / cvc5 1.3.2 (86cecd8) / z3 4.15.4 / alt-ergo 2.6.1
misc/SPARK2/Ada-SPARK-Path-Sum-III-Lite,holds,0,2,1,path_sum_iii_lite.gpr,5,1,,,reproof-20261009-1,e8c7794f,gnatprove FSF 16.1.0 / Why3 1.8.2+git / cvc5 1.3.2 (86cecd8) / z3 4.15.4 / alt-ergo 2.6.1
misc/SPARK2/Ada-SPARK-Path-With-Minimum-Effort,holds,0,22,1,proof.gpr,8,23380,,,reproof-20261009-1,e8c7794f,gnatprove FSF 16.1.0 / Why3 1.8.2+git / cvc5 1.3.2 (86cecd8) / z3 4.15.4 / alt-ergo 2.6.1
misc/SPARK2/Ada-SPARK-Peak-Index-In-Mountain-Array,holds,0,8,1,proof.gpr,59,7955,,,reproof-20261009-1,e8c7794f,gnatprove FSF 16.1.0 / Why3 1.8.2+git / cvc5 1.3.2 (86cecd8) / z3 4.15.4 / alt-ergo 2.6.1
misc/SPARK2/Ada-SPARK-Pearson-Correlation,holds,0,3,1,pearson_correlation.gpr,19,641,,,reproof-20261009-1,e8c7794f,gnatprove FSF 16.1.0 / Why3 1.8.2+git / cvc5 1.3.2 (86cecd8) / z3 4.15.4 / alt-ergo 2.6.1
misc/SPARK2/Ada-SPARK-Peeking-Iterator-Stub,holds,0,1,1,proof.gpr,10,0,,,reproof-20261009-1,e8c7794f,gnatprove FSF 16.1.0 / Why3 1.8.2+git / cvc5 1.3.2 (86cecd8) / z3 4.15.4 / alt-ergo 2.6.1
misc/SPARK2/Ada-SPARK-Permutations,holds,0,0,1,permutations.gpr,2,0,,,reproof-20261009-1,e8c7794f,gnatprove FSF 16.1.0 / Why3 1.8.2+git / cvc5 1.3.2 (86cecd8) / z3 4.15.4 / alt-ergo 2.6.1
misc/SPARK2/Ada-SPARK-Permutations-II,holds,0,1,1,permutations_ii.gpr,2,0,,,reproof-20261009-1,e8c7794f,gnatprove FSF 16.1.0 / Why3 1.8.2+git / cvc5 1.3.2 (86cecd8) / z3 4.15.4 / alt-ergo 2.6.1
misc/SPARK2/Ada-SPARK-Plus-One,holds,0,1,1,plus_one.gpr,6,1,,,reproof-20261009-1,e8c7794f,gnatprove FSF 16.1.0 / Why3 1.8.2+git / cvc5 1.3.2 (86cecd8) / z3 4.15.4 / alt-ergo 2.6.1
misc/SPARK2/Ada-SPARK-Population-Count,holds,0,1,1,population_count.gpr,6,1,,,reproof-20261009-1,e8c7794f,gnatprove FSF 16.1.0 / Why3 1.8.2+git / cvc5 1.3.2 (86cecd8) / z3 4.15.4 / alt-ergo 2.6.1
misc/SPARK2/Ada-SPARK-Pow-X-N,holds,0,0,1,pow_x_n.gpr,2,0,,,reproof-20261009-1,e8c7794f,gnatprove FSF 16.1.0 / Why3 1.8.2+git / cvc5 1.3.2 (86cecd8) / z3 4.15.4 / alt-ergo 2.6.1
misc/SPARK2/Ada-SPARK-Pow-X-N-Stub,holds,0,1,1,pow_x_n_stub.gpr,15,2,,,reproof-20261009-1,e8c7794f,gnatprove FSF 16.1.0 / Why3 1.8.2+git / cvc5 1.3.2 (86cecd8) / z3 4.15.4 / alt-ergo 2.6.1
misc/SPARK2/Ada-SPARK-Power-Of-Four,holds,0,1,1,power_of_four.gpr,7,1,,,reproof-20261009-1,e8c7794f,gnatprove FSF 16.1.0 / Why3 1.8.2+git / cvc5 1.3.2 (86cecd8) / z3 4.15.4 / alt-ergo 2.6.1
misc/SPARK2/Ada-SPARK-Power-Of-Three,holds,0,1,1,proof.gpr,7,1,,,reproof-20261009-1,e8c7794f,gnatprove FSF 16.1.0 / Why3 1.8.2+git / cvc5 1.3.2 (86cecd8) / z3 4.15.4 / alt-ergo 2.6.1
misc/SPARK2/Ada-SPARK-Power-Of-Two,holds,0,2,1,proof.gpr,7,1,,,reproof-20261009-1,e8c7794f,gnatprove FSF 16.1.0 / Why3 1.8.2+git / cvc5 1.3.2 (86cecd8) / z3 4.15.4 / alt-ergo 2.6.1
misc/SPARK2/Ada-SPARK-Powx-N,holds,0,1,1,proof.gpr,2,0,,,reproof-20261009-1,e8c7794f,gnatprove FSF 16.1.0 / Why3 1.8.2+git / cvc5 1.3.2 (86cecd8) / z3 4.15.4 / alt-ergo 2.6.1
misc/SPARK2/Ada-SPARK-Prefix-Sums,holds,0,1,1,prefix_sums.gpr,4,1,,,reproof-20261009-1,e8c7794f,gnatprove FSF 16.1.0 / Why3 1.8.2+git / cvc5 1.3.2 (86cecd8) / z3 4.15.4 / alt-ergo 2.6.1
misc/SPARK2/Ada-SPARK-Prim-MST-Lite,holds,0,0,1,prim_mst_lite.gpr,3,0,,,reproof-20261009-1,e8c7794f,gnatprove FSF 16.1.0 / Why3 1.8.2+git / cvc5 1.3.2 (86cecd8) / z3 4.15.4 / alt-ergo 2.6.1
misc/SPARK2/Ada-SPARK-Priority-Queue-Binary-Heap,holds,0,2,1,priority_queue_binary_heap.gpr,22,1,,,reproof-20261009-1,e8c7794f,gnatprove FSF 16.1.0 / Why3 1.8.2+git / cvc5 1.3.2 (86cecd8) / z3 4.15.4 / alt-ergo 2.6.1
misc/SPARK2/Ada-SPARK-Product-Except-Self,holds,0,0,1,product_except_self.gpr,2,0,,,reproof-20261009-1,e8c7794f,gnatprove FSF 16.1.0 / Why3 1.8.2+git / cvc5 1.3.2 (86cecd8) / z3 4.15.4 / alt-ergo 2.6.1
misc/SPARK2/Ada-SPARK-Product-Of-Array-Except-Self,holds,0,37,1,proof.gpr,6,23957,,,reproof-20261009-1,e8c7794f,gnatprove FSF 16.1.0 / Why3 1.8.2+git / cvc5 1.3.2 (86cecd8) / z3 4.15.4 / alt-ergo 2.6.1
misc/SPARK2/Ada-SPARK-Product-Of-Numbers-Stub,holds,0,4,1,proof.gpr,3,20407,,,reproof-20261009-1,e8c7794f,gnatprove FSF 16.1.0 / Why3 1.8.2+git / cvc5 1.3.2 (86cecd8) / z3 4.15.4 / alt-ergo 2.6.1
misc/SPARK2/Ada-SPARK-Projection-Area-Of-3D-Shapes,holds,0,1,1,proof.gpr,4,1,,,reproof-20261009-1,e8c7794f,gnatprove FSF 16.1.0 / Why3 1.8.2+git / cvc5 1.3.2 (86cecd8) / z3 4.15.4 / alt-ergo 2.6.1
misc/SPARK2/Ada-SPARK-Queue-Reconstruction-By-Height,holds,0,0,1,queue_reconstruction_by_height.gpr,2,0,,,reproof-20261009-1,e8c7794f,gnatprove FSF 16.1.0 / Why3 1.8.2+git / cvc5 1.3.2 (86cecd8) / z3 4.15.4 / alt-ergo 2.6.1
misc/SPARK2/Ada-SPARK-Queue-Using-Stacks,holds,0,1,1,proof.gpr,4,0,,,reproof-20261009-1,e8c7794f,gnatprove FSF 16.1.0 / Why3 1.8.2+git / cvc5 1.3.2 (86cecd8) / z3 4.15.4 / alt-ergo 2.6.1
misc/SPARK2/Ada-SPARK-Random-Pick-With-Weight-Lite,holds,0,1,1,proof.gpr,3,1,,,reproof-20261009-1,e8c7794f,gnatprove FSF 16.1.0 / Why3 1.8.2+git / cvc5 1.3.2 (86cecd8) / z3 4.15.4 / alt-ergo 2.6.1
misc/SPARK2/Ada-SPARK-Randomized-Collection,holds,0,1,1,proof.gpr,12,1,,,reproof-20261009-1,e8c7794f,gnatprove FSF 16.1.0 / Why3 1.8.2+git / cvc5 1.3.2 (86cecd8) / z3 4.15.4 / alt-ergo 2.6.1
misc/SPARK2/Ada-SPARK-Randomized-Set,holds,0,1,1,randomized_set.gpr,9,1,,,reproof-20261009-1,e8c7794f,gnatprove FSF 16.1.0 / Why3 1.8.2+git / cvc5 1.3.2 (86cecd8) / z3 4.15.4 / alt-ergo 2.6.1
misc/SPARK2/Ada-SPARK-Range-Addition,holds,0,1,1,range_addition.gpr,7,1,,,reproof-20261009-1,e8c7794f,gnatprove FSF 16.1.0 / Why3 1.8.2+git / cvc5 1.3.2 (86cecd8) / z3 4.15.4 / alt-ergo 2.6.1
misc/SPARK2/Ada-SPARK-Range-Module-Stub,holds,0,1,1,proof.gpr,4,2,,,reproof-20261009-1,e8c7794f,gnatprove FSF 16.1.0 / Why3 1.8.2+git / cvc5 1.3.2 (86cecd8) / z3 4.15.4 / alt-ergo 2.6.1
misc/SPARK2/Ada-SPARK-Range-Sum-Query,holds,0,1,1,range_sum_query.gpr,7,1,,,reproof-20261009-1,e8c7794f,gnatprove FSF 16.1.0 / Why3 1.8.2+git / cvc5 1.3.2 (86cecd8) / z3 4.15.4 / alt-ergo 2.6.1
misc/SPARK2/Ada-SPARK-Range-Sum-Query-2D-Immutable,holds,0,1,1,range_sum_query_2d_immutable.gpr,10,1,,,reproof-20261009-1,e8c7794f,gnatprove FSF 16.1.0 / Why3 1.8.2+git / cvc5 1.3.2 (86cecd8) / z3 4.15.4 / alt-ergo 2.6.1
misc/SPARK2/Ada-SPARK-Range-Sum-Query-Immutable,holds,0,1,1,range_sum_query_immutable.gpr,7,1,,,reproof-20261009-1,e8c7794f,gnatprove FSF 16.1.0 / Why3 1.8.2+git / cvc5 1.3.2 (86cecd8) / z3 4.15.4 / alt-ergo 2.6.1
misc/SPARK2/Ada-SPARK-Ransom-Note,holds,0,0,1,ransom_note.gpr,3,0,,,reproof-20261009-1,e8c7794f,gnatprove FSF 16.1.0 / Why3 1.8.2+git / cvc5 1.3.2 (86cecd8) / z3 4.15.4 / alt-ergo 2.6.1
misc/SPARK2/Ada-SPARK-Rate-Monotonic-Scheduling,holds,0,1,1,proof.gpr,1,0,,,reproof-20261009-1,e8c7794f,gnatprove FSF 16.1.0 / Why3 1.8.2+git / cvc5 1.3.2 (86cecd8) / z3 4.15.4 / alt-ergo 2.6.1
misc/SPARK2/Ada-SPARK-Ravenscar-Job-Pool,holds,0,7,1,proof.gpr,85,1,,,reproof-20261009-1,e8c7794f,gnatprove FSF 16.1.0 / Why3 1.8.2+git / cvc5 1.3.2 (86cecd8) / z3 4.15.4 / alt-ergo 2.6.1
misc/SPARK2/Ada-SPARK-Reach-A-Number,holds,0,1,1,proof.gpr,6,1,,,reproof-20261009-1,e8c7794f,gnatprove FSF 16.1.0 / Why3 1.8.2+git / cvc5 1.3.2 (86cecd8) / z3 4.15.4 / alt-ergo 2.6.1
misc/SPARK2/Ada-SPARK-Recent-Counter,holds,0,1,1,proof.gpr,8,1,,,reproof-20261009-1,e8c7794f,gnatprove FSF 16.1.0 / Why3 1.8.2+git / cvc5 1.3.2 (86cecd8) / z3 4.15.4 / alt-ergo 2.6.1
misc/SPARK2/Ada-SPARK-Rectangle-Area,holds,0,1,1,rectangle_area.gpr,3,1,,,reproof-20261009-1,e8c7794f,gnatprove FSF 16.1.0 / Why3 1.8.2+git / cvc5 1.3.2 (86cecd8) / z3 4.15.4 / alt-ergo 2.6.1
misc/SPARK2/Ada-SPARK-Rectangle-Overlap,holds,0,1,1,rectangle_overlap.gpr,3,1,,,reproof-20261009-1,e8c7794f,gnatprove FSF 16.1.0 / Why3 1.8.2+git / cvc5 1.3.2 (86cecd8) / z3 4.15.4 / alt-ergo 2.6.1
misc/SPARK2/Ada-SPARK-Reduce-Array-Size-To-The-Half,holds,0,0,1,proof.gpr,3,1,,,reproof-20261009-1,e8c7794f,gnatprove FSF 16.1.0 / Why3 1.8.2+git / cvc5 1.3.2 (86cecd8) / z3 4.15.4 / alt-ergo 2.6.1
misc/SPARK2/Ada-SPARK-Redundant-Connection,holds,0,1,1,proof.gpr,1,0,,,reproof-20261009-1,e8c7794f,gnatprove FSF 16.1.0 / Why3 1.8.2+git / cvc5 1.3.2 (86cecd8) / z3 4.15.4 / alt-ergo 2.6.1
misc/SPARK2/Ada-SPARK-Redundant-Connection-II,holds,0,1,1,redundant_connection_ii.gpr,2,0,,,reproof-20261009-1,e8c7794f,gnatprove FSF 16.1.0 / Why3 1.8.2+git / cvc5 1.3.2 (86cecd8) / z3 4.15.4 / alt-ergo 2.6.1
misc/SPARK2/Ada-SPARK-Redundant-Connection-II-Lite,holds,0,7,1,proof.gpr,3,1669,,,reproof-20261009-1,e8c7794f,gnatprove FSF 16.1.0 / Why3 1.8.2+git / cvc5 1.3.2 (86cecd8) / z3 4.15.4 / alt-ergo 2.6.1
misc/SPARK2/Ada-SPARK-Reference-Counting,holds,0,2,1,proof.gpr,3,1,,,reproof-20261009-1,e8c7794f,gnatprove FSF 16.1.0 / Why3 1.8.2+git / cvc5 1.3.2 (86cecd8) / z3 4.15.4 / alt-ergo 2.6.1
misc/SPARK2/Ada-SPARK-Remove-All-Adjacent-Duplicates,holds,0,0,1,proof.gpr,7,1,,,reproof-20261009-1,e8c7794f,gnatprove FSF 16.1.0 / Why3 1.8.2+git / cvc5 1.3.2 (86cecd8) / z3 4.15.4 / alt-ergo 2.6.1
misc/SPARK2/Ada-SPARK-Remove-All-Adjacent-Duplicates-II,holds,0,1,1,proof.gpr,7,1,,,reproof-20261009-1,e8c7794f,gnatprove FSF 16.1.0 / Why3 1.8.2+git / cvc5 1.3.2 (86cecd8) / z3 4.15.4 / alt-ergo 2.6.1
misc/SPARK2/Ada-SPARK-Remove-Duplicate-Letters,holds,0,1,1,remove_duplicate_letters.gpr,6,1,,,reproof-20261009-1,e8c7794f,gnatprove FSF 16.1.0 / Why3 1.8.2+git / cvc5 1.3.2 (86cecd8) / z3 4.15.4 / alt-ergo 2.6.1
misc/SPARK2/Ada-SPARK-Remove-Element,holds,0,1,1,proof.gpr,5,1,,,reproof-20261009-1,e8c7794f,gnatprove FSF 16.1.0 / Why3 1.8.2+git / cvc5 1.3.2 (86cecd8) / z3 4.15.4 / alt-ergo 2.6.1
misc/SPARK2/Ada-SPARK-Remove-K-Digits,holds,0,0,1,remove_k_digits.gpr,3,0,,,reproof-20261009-1,e8c7794f,gnatprove FSF 16.1.0 / Why3 1.8.2+git / cvc5 1.3.2 (86cecd8) / z3 4.15.4 / alt-ergo 2.6.1
misc/SPARK2/Ada-SPARK-Remove-Linked-List-Elements,holds,0,4,1,proof.gpr,6,123,,,reproof-20261009-1,e8c7794f,gnatprove FSF 16.1.0 / Why3 1.8.2+git / cvc5 1.3.2 (86cecd8) / z3 4.15.4 / alt-ergo 2.6.1
misc/SPARK2/Ada-SPARK-Remove-Nth-Node-From-End,holds,0,3,1,proof.gpr,9,1849,,,reproof-20261009-1,e8c7794f,gnatprove FSF 16.1.0 / Why3 1.8.2+git / cvc5 1.3.2 (86cecd8) / z3 4.15.4 / alt-ergo 2.6.1
misc/SPARK2/Ada-SPARK-Reorder-List,holds,0,8,1,proof.gpr,9,686,,,reproof-20261009-1,e8c7794f,gnatprove FSF 16.1.0 / Why3 1.8.2+git / cvc5 1.3.2 (86cecd8) / z3 4.15.4 / alt-ergo 2.6.1
misc/SPARK2/Ada-SPARK-Replace-Elements-With-Greatest-On-Right,holds,0,1,1,replace_elements_with_greatest_on_right.gpr,3,0,,,reproof-20261009-1,e8c7794f,gnatprove FSF 16.1.0 / Why3 1.8.2+git / cvc5 1.3.2 (86cecd8) / z3 4.15.4 / alt-ergo 2.6.1
misc/SPARK2/Ada-SPARK-Replace-Words,holds,0,0,1,proof.gpr,3,0,,,reproof-20261009-1,e8c7794f,gnatprove FSF 16.1.0 / Why3 1.8.2+git / cvc5 1.3.2 (86cecd8) / z3 4.15.4 / alt-ergo 2.6.1
misc/SPARK2/Ada-SPARK-Reservoir-Sampling,holds,0,2,1,reservoir_sampling.gpr,3,1,,,reproof-20261009-1,e8c7794f,gnatprove FSF 16.1.0 / Why3 1.8.2+git / cvc5 1.3.2 (86cecd8) / z3 4.15.4 / alt-ergo 2.6.1
misc/SPARK2/Ada-SPARK-Restore-IP-Addresses,holds,0,2,1,proof.gpr,9,1710,,,reproof-20261009-1,e8c7794f,gnatprove FSF 16.1.0 / Why3 1.8.2+git / cvc5 1.3.2 (86cecd8) / z3 4.15.4 / alt-ergo 2.6.1
misc/SPARK2/Ada-SPARK-Reverse-Bits,holds,0,1,1,proof.gpr,4,1,,,reproof-20261009-1,e8c7794f,gnatprove FSF 16.1.0 / Why3 1.8.2+git / cvc5 1.3.2 (86cecd8) / z3 4.15.4 / alt-ergo 2.6.1
misc/SPARK2/Ada-SPARK-Reverse-Integer,holds,0,1,1,proof.gpr,7,1,,,reproof-20261009-1,e8c7794f,gnatprove FSF 16.1.0 / Why3 1.8.2+git / cvc5 1.3.2 (86cecd8) / z3 4.15.4 / alt-ergo 2.6.1
misc/SPARK2/Ada-SPARK-Reverse-Linked-List,holds,0,5,1,proof.gpr,8,574,,,reproof-20261009-1,e8c7794f,gnatprove FSF 16.1.0 / Why3 1.8.2+git / cvc5 1.3.2 (86cecd8) / z3 4.15.4 / alt-ergo 2.6.1
misc/SPARK2/Ada-SPARK-Reverse-Linked-List-II,holds,0,1,1,ada_spark_reverse_linked_list_ii.gpr,9,1,,,reproof-20261009-1,e8c7794f,gnatprove FSF 16.1.0 / Why3 1.8.2+git / cvc5 1.3.2 (86cecd8) / z3 4.15.4 / alt-ergo 2.6.1
misc/SPARK2/Ada-SPARK-Reverse-Only-Letters,holds,0,1,1,proof.gpr,11,1,,,reproof-20261009-1,e8c7794f,gnatprove FSF 16.1.0 / Why3 1.8.2+git / cvc5 1.3.2 (86cecd8) / z3 4.15.4 / alt-ergo 2.6.1
misc/SPARK2/Ada-SPARK-Reverse-Pairs-Lite,holds,0,1,1,proof.gpr,3,1,,,reproof-20261009-1,e8c7794f,gnatprove FSF 16.1.0 / Why3 1.8.2+git / cvc5 1.3.2 (86cecd8) / z3 4.15.4 / alt-ergo 2.6.1
misc/SPARK2/Ada-SPARK-Reverse-Vowels,holds,0,1,1,proof.gpr,17,1,,,reproof-20261009-1,e8c7794f,gnatprove FSF 16.1.0 / Why3 1.8.2+git / cvc5 1.3.2 (86cecd8) / z3 4.15.4 / alt-ergo 2.6.1
misc/SPARK2/Ada-SPARK-Reverse-Words,holds,0,1,1,reverse_words.gpr,2,0,,,reproof-20261009-1,e8c7794f,gnatprove FSF 16.1.0 / Why3 1.8.2+git / cvc5 1.3.2 (86cecd8) / z3 4.15.4 / alt-ergo 2.6.1
misc/SPARK2/Ada-SPARK-Ring-Buffer,holds,0,2,1,ring_buffer.gpr,10,1,,,reproof-20261009-1,e8c7794f,gnatprove FSF 16.1.0 / Why3 1.8.2+git / cvc5 1.3.2 (86cecd8) / z3 4.15.4 / alt-ergo 2.6.1
misc/SPARK2/Ada-SPARK-Robot-Return-To-Origin,holds,0,1,1,proof.gpr,6,1,,,reproof-20261009-1,e8c7794f,gnatprove FSF 16.1.0 / Why3 1.8.2+git / cvc5 1.3.2 (86cecd8) / z3 4.15.4 / alt-ergo 2.6.1
misc/SPARK2/Ada-SPARK-Roman-To-Int,holds,0,4,1,roman_to_int.gpr,16,2195,,,reproof-20261009-1,e8c7794f,gnatprove FSF 16.1.0 / Why3 1.8.2+git / cvc5 1.3.2 (86cecd8) / z3 4.15.4 / alt-ergo 2.6.1
misc/SPARK2/Ada-SPARK-Roman-To-Integer,holds,0,0,1,proof.gpr,3,0,,,reproof-20261009-1,e8c7794f,gnatprove FSF 16.1.0 / Why3 1.8.2+git / cvc5 1.3.2 (86cecd8) / z3 4.15.4 / alt-ergo 2.6.1
misc/SPARK2/Ada-SPARK-Rotate-Array,holds,0,0,1,rotate_array.gpr,2,0,,,reproof-20261009-1,e8c7794f,gnatprove FSF 16.1.0 / Why3 1.8.2+git / cvc5 1.3.2 (86cecd8) / z3 4.15.4 / alt-ergo 2.6.1
misc/SPARK2/Ada-SPARK-Rotate-Image,holds,0,1,1,rotate_image.gpr,1,0,,,reproof-20261009-1,e8c7794f,gnatprove FSF 16.1.0 / Why3 1.8.2+git / cvc5 1.3.2 (86cecd8) / z3 4.15.4 / alt-ergo 2.6.1
misc/SPARK2/Ada-SPARK-Rotate-List,holds,0,5,1,ada_spark_rotate_list.gpr,8,510,,,reproof-20261009-1,e8c7794f,gnatprove FSF 16.1.0 / Why3 1.8.2+git / cvc5 1.3.2 (86cecd8) / z3 4.15.4 / alt-ergo 2.6.1
misc/SPARK2/Ada-SPARK-Rotting-Oranges,holds,0,0,1,rotting_oranges.gpr,2,0,,,reproof-20261009-1,e8c7794f,gnatprove FSF 16.1.0 / Why3 1.8.2+git / cvc5 1.3.2 (86cecd8) / z3 4.15.4 / alt-ergo 2.6.1
misc/SPARK2/Ada-SPARK-Round-Robin-Scheduling,holds,0,1,1,proof.gpr,3,1,,,reproof-20261009-1,e8c7794f,gnatprove FSF 16.1.0 / Why3 1.8.2+git / cvc5 1.3.2 (86cecd8) / z3 4.15.4 / alt-ergo 2.6.1
misc/SPARK2/Ada-SPARK-Seat-Manager-Stub,holds,0,1,1,proof.gpr,1,0,,,reproof-20261009-1,e8c7794f,gnatprove FSF 16.1.0 / Why3 1.8.2+git / cvc5 1.3.2 (86cecd8) / z3 4.15.4 / alt-ergo 2.6.1
misc/SPARK2/Ada-SPARK-Seat-Reservation-Manager,holds,0,0,1,proof.gpr,1,0,,,reproof-20261009-1,e8c7794f,gnatprove FSF 16.1.0 / Why3 1.8.2+git / cvc5 1.3.2 (86cecd8) / z3 4.15.4 / alt-ergo 2.6.1
misc/SPARK2/Ada-SPARK-Self-Dividing-Numbers,holds,0,1,1,proof.gpr,10,1,,,reproof-20261009-1,e8c7794f,gnatprove FSF 16.1.0 / Why3 1.8.2+git / cvc5 1.3.2 (86cecd8) / z3 4.15.4 / alt-ergo 2.6.1
misc/SPARK2/Ada-SPARK-Sequence-Reconstruction-Lite,holds,0,1,1,sequence_reconstruction.gpr,2,0,,,reproof-20261009-1,e8c7794f,gnatprove FSF 16.1.0 / Why3 1.8.2+git / cvc5 1.3.2 (86cecd8) / z3 4.15.4 / alt-ergo 2.6.1
misc/SPARK2/Ada-SPARK-Shift-2D-Grid,holds,0,0,1,shift_2d_grid.gpr,1,0,,,reproof-20261009-1,e8c7794f,gnatprove FSF 16.1.0 / Why3 1.8.2+git / cvc5 1.3.2 (86cecd8) / z3 4.15.4 / alt-ergo 2.6.1
misc/SPARK2/Ada-SPARK-Shortest-Bridge,holds,0,0,1,shortest_bridge.gpr,2,0,,,reproof-20261009-1,e8c7794f,gnatprove FSF 16.1.0 / Why3 1.8.2+git / cvc5 1.3.2 (86cecd8) / z3 4.15.4 / alt-ergo 2.6.1
misc/SPARK2/Ada-SPARK-Shortest-Completing-Word,holds,0,2,1,proof.gpr,16,1,,,reproof-20261009-1,e8c7794f,gnatprove FSF 16.1.0 / Why3 1.8.2+git / cvc5 1.3.2 (86cecd8) / z3 4.15.4 / alt-ergo 2.6.1
misc/SPARK2/Ada-SPARK-Shortest-Job-Next,holds,0,1,1,proof.gpr,1,0,,,reproof-20261009-1,e8c7794f,gnatprove FSF 16.1.0 / Why3 1.8.2+git / cvc5 1.3.2 (86cecd8) / z3 4.15.4 / alt-ergo 2.6.1
misc/SPARK2/Ada-SPARK-Shortest-Remaining-Time,holds,0,1,1,proof.gpr,3,1,,,reproof-20261009-1,e8c7794f,gnatprove FSF 16.1.0 / Why3 1.8.2+git / cvc5 1.3.2 (86cecd8) / z3 4.15.4 / alt-ergo 2.6.1
misc/SPARK2/Ada-SPARK-Shortest-Word-Distance,holds,0,2,1,proof.gpr,11,1,,,reproof-20261009-1,e8c7794f,gnatprove FSF 16.1.0 / Why3 1.8.2+git / cvc5 1.3.2 (86cecd8) / z3 4.15.4 / alt-ergo 2.6.1
misc/SPARK2/Ada-SPARK-Sigmoid,holds,0,0,1,sigmoid.gpr,2,0,,,reproof-20261009-1,e8c7794f,gnatprove FSF 16.1.0 / Why3 1.8.2+git / cvc5 1.3.2 (86cecd8) / z3 4.15.4 / alt-ergo 2.6.1
misc/SPARK2/Ada-SPARK-Simplify-Path-Stub,holds,0,2,1,simplify_path_stub.gpr,4,2545,,,reproof-20261009-1,e8c7794f,gnatprove FSF 16.1.0 / Why3 1.8.2+git / cvc5 1.3.2 (86cecd8) / z3 4.15.4 / alt-ergo 2.6.1
misc/SPARK2/Ada-SPARK-Single-Number,holds,0,1,1,single_number.gpr,2,0,,,reproof-20261009-1,e8c7794f,gnatprove FSF 16.1.0 / Why3 1.8.2+git / cvc5 1.3.2 (86cecd8) / z3 4.15.4 / alt-ergo 2.6.1
misc/SPARK2/Ada-SPARK-Single-Number-II,holds,0,1,1,single_number_ii.gpr,3,1,,,reproof-20261009-1,e8c7794f,gnatprove FSF 16.1.0 / Why3 1.8.2+git / cvc5 1.3.2 (86cecd8) / z3 4.15.4 / alt-ergo 2.6.1
misc/SPARK2/Ada-SPARK-Single-Number-III,holds,0,1,1,single_number_iii.gpr,3,1,,,reproof-20261009-1,e8c7794f,gnatprove FSF 16.1.0 / Why3 1.8.2+git / cvc5 1.3.2 (86cecd8) / z3 4.15.4 / alt-ergo 2.6.1
misc/SPARK2/Ada-SPARK-Sliding-Window-Max,holds,0,0,1,sliding_window_max.gpr,3,0,,,reproof-20261009-1,e8c7794f,gnatprove FSF 16.1.0 / Why3 1.8.2+git / cvc5 1.3.2 (86cecd8) / z3 4.15.4 / alt-ergo 2.6.1
misc/SPARK2/Ada-SPARK-Sliding-Window-Maximum,holds,0,0,1,sliding_window_maximum.gpr,3,0,,,reproof-20261009-1,e8c7794f,gnatprove FSF 16.1.0 / Why3 1.8.2+git / cvc5 1.3.2 (86cecd8) / z3 4.15.4 / alt-ergo 2.6.1
misc/SPARK2/Ada-SPARK-Sliding-Window-Median,holds,0,1,1,proof.gpr,3,0,,,reproof-20261009-1,e8c7794f,gnatprove FSF 16.1.0 / Why3 1.8.2+git / cvc5 1.3.2 (86cecd8) / z3 4.15.4 / alt-ergo 2.6.1
misc/SPARK2/Ada-SPARK-Smallest-Integer-Divisible-By-K,holds,0,1,1,proof.gpr,3,1,,,reproof-20261009-1,e8c7794f,gnatprove FSF 16.1.0 / Why3 1.8.2+git / cvc5 1.3.2 (86cecd8) / z3 4.15.4 / alt-ergo 2.6.1
misc/SPARK2/Ada-SPARK-Snapshot-Array-Stub,holds,0,1,1,proof.gpr,2,1,,,reproof-20261009-1,e8c7794f,gnatprove FSF 16.1.0 / Why3 1.8.2+git / cvc5 1.3.2 (86cecd8) / z3 4.15.4 / alt-ergo 2.6.1
misc/SPARK2/Ada-SPARK-Softmin,holds,0,1,1,proof.gpr,3,1,,,reproof-20261009-1,e8c7794f,gnatprove FSF 16.1.0 / Why3 1.8.2+git / cvc5 1.3.2 (86cecd8) / z3 4.15.4 / alt-ergo 2.6.1
misc/SPARK2/Ada-SPARK-Soup-Servings-Lite,holds,0,1,1,soup_servings_lite.gpr,2,0,,,reproof-20261009-1,e8c7794f,gnatprove FSF 16.1.0 / Why3 1.8.2+git / cvc5 1.3.2 (86cecd8) / z3 4.15.4 / alt-ergo 2.6.1
misc/SPARK2/Ada-SPARK-Spearman-Rank-Stub,holds,0,2,1,spearman_rank_stub.gpr,7,148,,,reproof-20261009-1,e8c7794f,gnatprove FSF 16.1.0 / Why3 1.8.2+git / cvc5 1.3.2 (86cecd8) / z3 4.15.4 / alt-ergo 2.6.1
misc/SPARK2/Ada-SPARK-Special-Array-With-X-Elements,holds,0,1,1,proof.gpr,10,1,,,reproof-20261009-1,e8c7794f,gnatprove FSF 16.1.0 / Why3 1.8.2+git / cvc5 1.3.2 (86cecd8) / z3 4.15.4 / alt-ergo 2.6.1
misc/SPARK2/Ada-SPARK-Split-Array-Largest-Sum,holds,0,9,1,proof.gpr,82,5924,,,reproof-20261009-1,e8c7794f,gnatprove FSF 16.1.0 / Why3 1.8.2+git / cvc5 1.3.2 (86cecd8) / z3 4.15.4 / alt-ergo 2.6.1
misc/SPARK2/Ada-SPARK-Sqrt-Integer,holds,0,0,1,sqrt_integer.gpr,2,0,,,reproof-20261009-1,e8c7794f,gnatprove FSF 16.1.0 / Why3 1.8.2+git / cvc5 1.3.2 (86cecd8) / z3 4.15.4 / alt-ergo 2.6.1
misc/SPARK2/Ada-SPARK-Sqrt-X,holds,0,0,1,sqrt_x.gpr,3,0,,,reproof-20261009-1,e8c7794f,gnatprove FSF 16.1.0 / Why3 1.8.2+git / cvc5 1.3.2 (86cecd8) / z3 4.15.4 / alt-ergo 2.6.1
misc/SPARK2/Ada-SPARK-Sqrtx,holds,0,3,1,proof.gpr,17,7196,,,reproof-20261009-1,e8c7794f,gnatprove FSF 16.1.0 / Why3 1.8.2+git / cvc5 1.3.2 (86cecd8) / z3 4.15.4 / alt-ergo 2.6.1
misc/SPARK2/Ada-SPARK-Stack-Bounded,holds,0,2,1,stack_bounded.gpr,11,1,,,reproof-20261009-1,e8c7794f,gnatprove FSF 16.1.0 / Why3 1.8.2+git / cvc5 1.3.2 (86cecd8) / z3 4.15.4 / alt-ergo 2.6.1
misc/SPARK2/Ada-SPARK-Stack-Using-Queues-Stub,holds,0,1,1,proof.gpr,4,0,,,reproof-20261009-1,e8c7794f,gnatprove FSF 16.1.0 / Why3 1.8.2+git / cvc5 1.3.2 (86cecd8) / z3 4.15.4 / alt-ergo 2.6.1
misc/SPARK2/Ada-SPARK-Standard-Score,holds,0,1,1,standard_score.gpr,7,1,,,reproof-20261009-1,e8c7794f,gnatprove FSF 16.1.0 / Why3 1.8.2+git / cvc5 1.3.2 (86cecd8) / z3 4.15.4 / alt-ergo 2.6.1
misc/SPARK2/Ada-SPARK-Stock-Spanner-Stub,holds,0,1,1,proof.gpr,3,1,,,reproof-20261009-1,e8c7794f,gnatprove FSF 16.1.0 / Why3 1.8.2+git / cvc5 1.3.2 (86cecd8) / z3 4.15.4 / alt-ergo 2.6.1
misc/SPARK2/Ada-SPARK-Stream-Of-Characters-Lite,holds,0,1,1,proof.gpr,7,1,,,reproof-20261009-1,e8c7794f,gnatprove FSF 16.1.0 / Why3 1.8.2+git / cvc5 1.3.2 (86cecd8) / z3 4.15.4 / alt-ergo 2.6.1
misc/SPARK2/Ada-SPARK-Strstr-Naive,holds,0,1,1,strstr_naive.gpr,3,0,,,reproof-20261009-1,e8c7794f,gnatprove FSF 16.1.0 / Why3 1.8.2+git / cvc5 1.3.2 (86cecd8) / z3 4.15.4 / alt-ergo 2.6.1
misc/SPARK2/Ada-SPARK-Student-Attendance-Record-I,holds,0,0,1,student_attendance_record_i.gpr,2,0,,,reproof-20261009-1,e8c7794f,gnatprove FSF 16.1.0 / Why3 1.8.2+git / cvc5 1.3.2 (86cecd8) / z3 4.15.4 / alt-ergo 2.6.1
misc/SPARK2/Ada-SPARK-Subarray-Sum-Equals-K,holds,0,4,1,subarray_sum_equals_k.gpr,23,1132,,,reproof-20261009-1,e8c7794f,gnatprove FSF 16.1.0 / Why3 1.8.2+git / cvc5 1.3.2 (86cecd8) / z3 4.15.4 / alt-ergo 2.6.1
misc/SPARK2/Ada-SPARK-Subarrays-With-K-Different-Integers,holds,0,35,1,proof.gpr,5,2602,,,reproof-20261009-1,e8c7794f,gnatprove FSF 16.1.0 / Why3 1.8.2+git / cvc5 1.3.2 (86cecd8) / z3 4.15.4 / alt-ergo 2.6.1
misc/SPARK2/Ada-SPARK-Subsets,holds,0,0,1,subsets.gpr,2,0,,,reproof-20261009-1,e8c7794f,gnatprove FSF 16.1.0 / Why3 1.8.2+git / cvc5 1.3.2 (86cecd8) / z3 4.15.4 / alt-ergo 2.6.1
misc/SPARK2/Ada-SPARK-Subsets-Bitmask,holds,0,1,1,subsets_bitmask.gpr,4,0,,,reproof-20261009-1,e8c7794f,gnatprove FSF 16.1.0 / Why3 1.8.2+git / cvc5 1.3.2 (86cecd8) / z3 4.15.4 / alt-ergo 2.6.1
misc/SPARK2/Ada-SPARK-Subsets-II,holds,0,0,1,subsets_ii.gpr,2,0,,,reproof-20261009-1,e8c7794f,gnatprove FSF 16.1.0 / Why3 1.8.2+git / cvc5 1.3.2 (86cecd8) / z3 4.15.4 / alt-ergo 2.6.1
misc/SPARK2/Ada-SPARK-Subtract-Product-Sum-Digits,holds,0,2,1,proof.gpr,20,1922,,,reproof-20261009-1,e8c7794f,gnatprove FSF 16.1.0 / Why3 1.8.2+git / cvc5 1.3.2 (86cecd8) / z3 4.15.4 / alt-ergo 2.6.1
misc/SPARK2/Ada-SPARK-Subtract-The-Product-And-Sum,holds,0,1,1,proof.gpr,6,1,,,reproof-20261009-1,e8c7794f,gnatprove FSF 16.1.0 / Why3 1.8.2+git / cvc5 1.3.2 (86cecd8) / z3 4.15.4 / alt-ergo 2.6.1
misc/SPARK2/Ada-SPARK-Sudoku-Solver-Lite,holds,0,2,1,proof.gpr,4,23,,,reproof-20261009-1,e8c7794f,gnatprove FSF 16.1.0 / Why3 1.8.2+git / cvc5 1.3.2 (86cecd8) / z3 4.15.4 / alt-ergo 2.6.1
misc/SPARK2/Ada-SPARK-Sum-Of-Left-Leaves,holds,0,1,1,proof.gpr,20,1,,,reproof-20261009-1,e8c7794f,gnatprove FSF 16.1.0 / Why3 1.8.2+git / cvc5 1.3.2 (86cecd8) / z3 4.15.4 / alt-ergo 2.6.1
misc/SPARK2/Ada-SPARK-Sum-Of-Subarray-Minimums,holds,0,1,1,sum_of_subarray_minimums.gpr,4,1,,,reproof-20261009-1,e8c7794f,gnatprove FSF 16.1.0 / Why3 1.8.2+git / cvc5 1.3.2 (86cecd8) / z3 4.15.4 / alt-ergo 2.6.1
misc/SPARK2/Ada-SPARK-Sum-Of-Two-Integers,holds,0,1,1,sum_of_two_integers.gpr,3,1,,,reproof-20261009-1,e8c7794f,gnatprove FSF 16.1.0 / Why3 1.8.2+git / cvc5 1.3.2 (86cecd8) / z3 4.15.4 / alt-ergo 2.6.1
misc/SPARK2/Ada-SPARK-Sum-Root-To-Leaf-Numbers,holds,0,1,1,proof.gpr,3,0,,,reproof-20261009-1,e8c7794f,gnatprove FSF 16.1.0 / Why3 1.8.2+git / cvc5 1.3.2 (86cecd8) / z3 4.15.4 / alt-ergo 2.6.1
misc/SPARK2/Ada-SPARK-Summary-Ranges,holds,0,1,1,summary_ranges.gpr,2,0,,,reproof-20261009-1,e8c7794f,gnatprove FSF 16.1.0 / Why3 1.8.2+git / cvc5 1.3.2 (86cecd8) / z3 4.15.4 / alt-ergo 2.6.1
misc/SPARK2/Ada-SPARK-Super-Ugly-Number,holds,0,0,1,proof.gpr,1,0,,,reproof-20261009-1,e8c7794f,gnatprove FSF 16.1.0 / Why3 1.8.2+git / cvc5 1.3.2 (86cecd8) / z3 4.15.4 / alt-ergo 2.6.1
misc/SPARK2/Ada-SPARK-Super-Ugly-Number-Stub,holds,0,0,1,proof.gpr,2,0,,,reproof-20261009-1,e8c7794f,gnatprove FSF 16.1.0 / Why3 1.8.2+git / cvc5 1.3.2 (86cecd8) / z3 4.15.4 / alt-ergo 2.6.1
misc/SPARK2/Ada-SPARK-Surface-Area-Of-3D-Shapes,holds,0,1,1,proof.gpr,6,1,,,reproof-20261009-1,e8c7794f,gnatprove FSF 16.1.0 / Why3 1.8.2+git / cvc5 1.3.2 (86cecd8) / z3 4.15.4 / alt-ergo 2.6.1
misc/SPARK2/Ada-SPARK-Surrounded-Regions,holds,0,1,1,surrounded_regions.gpr,,0,,,reproof-20261009-1,e8c7794f,gnatprove FSF 16.1.0 / Why3 1.8.2+git / cvc5 1.3.2 (86cecd8) / z3 4.15.4 / alt-ergo 2.6.1
misc/SPARK2/Ada-SPARK-Swap-Nodes-In-Pairs,holds,0,2,1,ada_spark_swap_nodes_in_pairs.gpr,6,1,,,reproof-20261009-1,e8c7794f,gnatprove FSF 16.1.0 / Why3 1.8.2+git / cvc5 1.3.2 (86cecd8) / z3 4.15.4 / alt-ergo 2.6.1
misc/SPARK2/Ada-SPARK-Swapping-Nodes-In-A-Linked-List,holds,0,1,1,proof.gpr,6,1,,,reproof-20261009-1,e8c7794f,gnatprove FSF 16.1.0 / Why3 1.8.2+git / cvc5 1.3.2 (86cecd8) / z3 4.15.4 / alt-ergo 2.6.1
misc/SPARK2/Ada-SPARK-Swim-In-Rising-Water,holds,0,1,1,proof.gpr,1,0,,,reproof-20261009-1,e8c7794f,gnatprove FSF 16.1.0 / Why3 1.8.2+git / cvc5 1.3.2 (86cecd8) / z3 4.15.4 / alt-ergo 2.6.1
misc/SPARK2/Ada-SPARK-Swim-In-Rising-Water-Stub,holds,0,0,1,proof.gpr,3,0,,,reproof-20261009-1,e8c7794f,gnatprove FSF 16.1.0 / Why3 1.8.2+git / cvc5 1.3.2 (86cecd8) / z3 4.15.4 / alt-ergo 2.6.1
misc/SPARK2/Ada-SPARK-Tanimoto,holds,0,3,1,tanimoto.gpr,7,4024,,,reproof-20261009-1,e8c7794f,gnatprove FSF 16.1.0 / Why3 1.8.2+git / cvc5 1.3.2 (86cecd8) / z3 4.15.4 / alt-ergo 2.6.1
misc/SPARK2/Ada-SPARK-Target-Sum,holds,0,5,1,target_sum_project.gpr,17,201,,,reproof-20261009-1,e8c7794f,gnatprove FSF 16.1.0 / Why3 1.8.2+git / cvc5 1.3.2 (86cecd8) / z3 4.15.4 / alt-ergo 2.6.1
misc/SPARK2/Ada-SPARK-Target-Sum-Stub,holds,0,1,1,target_sum_stub.gpr,2,0,,,reproof-20261009-1,e8c7794f,gnatprove FSF 16.1.0 / Why3 1.8.2+git / cvc5 1.3.2 (86cecd8) / z3 4.15.4 / alt-ergo 2.6.1
misc/SPARK2/Ada-SPARK-The-Skyline-Problem-Lite,holds,0,1,1,proof.gpr,1,0,,,reproof-20261009-1,e8c7794f,gnatprove FSF 16.1.0 / Why3 1.8.2+git / cvc5 1.3.2 (86cecd8) / z3 4.15.4 / alt-ergo 2.6.1
misc/SPARK2/Ada-SPARK-Third-Maximum-Number,holds,0,1,1,third_maximum_number.gpr,7,1,,,reproof-20261009-1,e8c7794f,gnatprove FSF 16.1.0 / Why3 1.8.2+git / cvc5 1.3.2 (86cecd8) / z3 4.15.4 / alt-ergo 2.6.1
misc/SPARK2/Ada-SPARK-Three-Divisors,holds,0,1,1,proof.gpr,4,1,,,reproof-20261009-1,e8c7794f,gnatprove FSF 16.1.0 / Why3 1.8.2+git / cvc5 1.3.2 (86cecd8) / z3 4.15.4 / alt-ergo 2.6.1
misc/SPARK2/Ada-SPARK-Three-Sum,holds,0,0,1,proof.gpr,2,0,,,reproof-20261009-1,e8c7794f,gnatprove FSF 16.1.0 / Why3 1.8.2+git / cvc5 1.3.2 (86cecd8) / z3 4.15.4 / alt-ergo 2.6.1
misc/SPARK2/Ada-SPARK-Three-Sum-Closest-Stub,holds,0,1,1,three_sum_closest_stub.gpr,5,1,,,reproof-20261009-1,e8c7794f,gnatprove FSF 16.1.0 / Why3 1.8.2+git / cvc5 1.3.2 (86cecd8) / z3 4.15.4 / alt-ergo 2.6.1
misc/SPARK2/Ada-SPARK-Tic-Tac-Toe-Stub,holds,0,1,1,proof.gpr,4,0,,,reproof-20261009-1,e8c7794f,gnatprove FSF 16.1.0 / Why3 1.8.2+git / cvc5 1.3.2 (86cecd8) / z3 4.15.4 / alt-ergo 2.6.1
misc/SPARK2/Ada-SPARK-Time-Based-Key-Value-Store,holds,0,0,1,time_based_key_value_store.gpr,1,0,,,reproof-20261009-1,e8c7794f,gnatprove FSF 16.1.0 / Why3 1.8.2+git / cvc5 1.3.2 (86cecd8) / z3 4.15.4 / alt-ergo 2.6.1
misc/SPARK2/Ada-SPARK-Time-Map-Stub,holds,0,0,1,proof.gpr,1,0,,,reproof-20261009-1,e8c7794f,gnatprove FSF 16.1.0 / Why3 1.8.2+git / cvc5 1.3.2 (86cecd8) / z3 4.15.4 / alt-ergo 2.6.1
misc/SPARK2/Ada-SPARK-Title-To-Number,holds,0,1,1,title_to_number.gpr,3,1,,,reproof-20261009-1,e8c7794f,gnatprove FSF 16.1.0 / Why3 1.8.2+git / cvc5 1.3.2 (86cecd8) / z3 4.15.4 / alt-ergo 2.6.1
misc/SPARK2/Ada-SPARK-To-Lower-Case,holds,0,1,1,proof.gpr,4,1,,,reproof-20261009-1,e8c7794f,gnatprove FSF 16.1.0 / Why3 1.8.2+git / cvc5 1.3.2 (86cecd8) / z3 4.15.4 / alt-ergo 2.6.1
misc/SPARK2/Ada-SPARK-Top-K-Frequent-Elements,holds,0,2,1,proof.gpr,5,3832,,,reproof-20261009-1,e8c7794f,gnatprove FSF 16.1.0 / Why3 1.8.2+git / cvc5 1.3.2 (86cecd8) / z3 4.15.4 / alt-ergo 2.6.1
misc/SPARK2/Ada-SPARK-Top-K-Frequent-Stub,holds,0,2,1,proof.gpr,5,377,,,reproof-20261009-1,e8c7794f,gnatprove FSF 16.1.0 / Why3 1.8.2+git / cvc5 1.3.2 (86cecd8) / z3 4.15.4 / alt-ergo 2.6.1
misc/SPARK2/Ada-SPARK-Top-K-Frequent-Words,holds,0,1,1,top_k_frequent_words.gpr,8,1,,,reproof-20261009-1,e8c7794f,gnatprove FSF 16.1.0 / Why3 1.8.2+git / cvc5 1.3.2 (86cecd8) / z3 4.15.4 / alt-ergo 2.6.1
misc/SPARK2/Ada-SPARK-Top-Nodes-Algorithm,holds,0,1,1,proof.gpr,1,0,,,reproof-20261009-1,e8c7794f,gnatprove FSF 16.1.0 / Why3 1.8.2+git / cvc5 1.3.2 (86cecd8) / z3 4.15.4 / alt-ergo 2.6.1
misc/SPARK2/Ada-SPARK-Trapezoidal-Rule,holds,0,0,1,trapezoidal_rule.gpr,3,1,,,reproof-20261009-1,e8c7794f,gnatprove FSF 16.1.0 / Why3 1.8.2+git / cvc5 1.3.2 (86cecd8) / z3 4.15.4 / alt-ergo 2.6.1
misc/SPARK2/Ada-SPARK-Trapping-Rain-Water,holds,0,1,1,proof.gpr,8,1,,,reproof-20261009-1,e8c7794f,gnatprove FSF 16.1.0 / Why3 1.8.2+git / cvc5 1.3.2 (86cecd8) / z3 4.15.4 / alt-ergo 2.6.1
misc/SPARK2/Ada-SPARK-Trapping-Rain-Water-II-Lite,holds,0,1,1,proof.gpr,10,1,,,reproof-20261009-1,e8c7794f,gnatprove FSF 16.1.0 / Why3 1.8.2+git / cvc5 1.3.2 (86cecd8) / z3 4.15.4 / alt-ergo 2.6.1
misc/SPARK2/Ada-SPARK-Triangle,holds,0,1,1,triangle.gpr,2,0,,,reproof-20261009-1,e8c7794f,gnatprove FSF 16.1.0 / Why3 1.8.2+git / cvc5 1.3.2 (86cecd8) / z3 4.15.4 / alt-ergo 2.6.1
misc/SPARK2/Ada-SPARK-Triangle-Min-Path,holds,0,1,1,triangle_min_path.gpr,15,1,,,reproof-20261009-1,e8c7794f,gnatprove FSF 16.1.0 / Why3 1.8.2+git / cvc5 1.3.2 (86cecd8) / z3 4.15.4 / alt-ergo 2.6.1
misc/SPARK2/Ada-SPARK-Tribonacci,holds,0,1,1,proof.gpr,6,1,,,reproof-20261009-1,e8c7794f,gnatprove FSF 16.1.0 / Why3 1.8.2+git / cvc5 1.3.2 (86cecd8) / z3 4.15.4 / alt-ergo 2.6.1
misc/SPARK2/Ada-SPARK-Tribonacci-Number,holds,0,1,1,proof.gpr,6,1,,,reproof-20261009-1,e8c7794f,gnatprove FSF 16.1.0 / Why3 1.8.2+git / cvc5 1.3.2 (86cecd8) / z3 4.15.4 / alt-ergo 2.6.1
misc/SPARK2/Ada-SPARK-Tweet-Counts-Stub,holds,0,1,1,proof.gpr,8,1,,,reproof-20261009-1,e8c7794f,gnatprove FSF 16.1.0 / Why3 1.8.2+git / cvc5 1.3.2 (86cecd8) / z3 4.15.4 / alt-ergo 2.6.1
misc/SPARK2/Ada-SPARK-Two-City-Scheduling,holds,0,1,1,proof.gpr,5,1,,,reproof-20261009-1,e8c7794f,gnatprove FSF 16.1.0 / Why3 1.8.2+git / cvc5 1.3.2 (86cecd8) / z3 4.15.4 / alt-ergo 2.6.1
misc/SPARK2/Ada-SPARK-Two-Pointers-Sum,holds,0,1,1,two_pointers_sum.gpr,2,0,,,reproof-20261009-1,e8c7794f,gnatprove FSF 16.1.0 / Why3 1.8.2+git / cvc5 1.3.2 (86cecd8) / z3 4.15.4 / alt-ergo 2.6.1
misc/SPARK2/Ada-SPARK-Two-Sum,holds,0,0,1,two_sum.gpr,2,0,,,reproof-20261009-1,e8c7794f,gnatprove FSF 16.1.0 / Why3 1.8.2+git / cvc5 1.3.2 (86cecd8) / z3 4.15.4 / alt-ergo 2.6.1
misc/SPARK2/Ada-SPARK-UTF-8-Validation,holds,0,1,1,utf_8_validation.gpr,3,1,,,reproof-20261009-1,e8c7794f,gnatprove FSF 16.1.0 / Why3 1.8.2+git / cvc5 1.3.2 (86cecd8) / z3 4.15.4 / alt-ergo 2.6.1
misc/SPARK2/Ada-SPARK-Ugly-Number,holds,0,1,1,proof.gpr,10,1,,,reproof-20261009-1,e8c7794f,gnatprove FSF 16.1.0 / Why3 1.8.2+git / cvc5 1.3.2 (86cecd8) / z3 4.15.4 / alt-ergo 2.6.1
misc/SPARK2/Ada-SPARK-Ugly-Number-II,holds,0,0,1,proof.gpr,2,0,,,reproof-20261009-1,e8c7794f,gnatprove FSF 16.1.0 / Why3 1.8.2+git / cvc5 1.3.2 (86cecd8) / z3 4.15.4 / alt-ergo 2.6.1
misc/SPARK2/Ada-SPARK-Uncommon-Words-From-Two-Sentences,holds,0,1,1,uncommon_words_from_two_sentences.gpr,2,0,,,reproof-20261009-1,e8c7794f,gnatprove FSF 16.1.0 / Why3 1.8.2+git / cvc5 1.3.2 (86cecd8) / z3 4.15.4 / alt-ergo 2.6.1
misc/SPARK2/Ada-SPARK-Underground-System-Stub,holds,0,1,1,proof.gpr,3,1,,,reproof-20261009-1,e8c7794f,gnatprove FSF 16.1.0 / Why3 1.8.2+git / cvc5 1.3.2 (86cecd8) / z3 4.15.4 / alt-ergo 2.6.1
misc/SPARK2/Ada-SPARK-Union-Find,holds,0,0,1,union_find.gpr,3,0,,,reproof-20261009-1,e8c7794f,gnatprove FSF 16.1.0 / Why3 1.8.2+git / cvc5 1.3.2 (86cecd8) / z3 4.15.4 / alt-ergo 2.6.1
misc/SPARK2/Ada-SPARK-Unique-Email-Addresses,holds,0,1,1,proof.gpr,9,1,,,reproof-20261009-1,e8c7794f,gnatprove FSF 16.1.0 / Why3 1.8.2+git / cvc5 1.3.2 (86cecd8) / z3 4.15.4 / alt-ergo 2.6.1
misc/SPARK2/Ada-SPARK-Unique-Morse-Code-Words,holds,0,1,1,unique_morse_code_words.gpr,2,0,,,reproof-20261009-1,e8c7794f,gnatprove FSF 16.1.0 / Why3 1.8.2+git / cvc5 1.3.2 (86cecd8) / z3 4.15.4 / alt-ergo 2.6.1
misc/SPARK2/Ada-SPARK-Unique-Paths,holds,0,1,1,unique_paths.gpr,2,0,,,reproof-20261009-1,e8c7794f,gnatprove FSF 16.1.0 / Why3 1.8.2+git / cvc5 1.3.2 (86cecd8) / z3 4.15.4 / alt-ergo 2.6.1
misc/SPARK2/Ada-SPARK-Unique-Paths-II,holds,0,145,1,proof.gpr,7,3641,,,reproof-20261009-1,e8c7794f,gnatprove FSF 16.1.0 / Why3 1.8.2+git / cvc5 1.3.2 (86cecd8) / z3 4.15.4 / alt-ergo 2.6.1
misc/SPARK2/Ada-SPARK-Valid-Anagram,holds,0,2,1,valid_anagram.gpr,6,400,,,reproof-20261009-1,e8c7794f,gnatprove FSF 16.1.0 / Why3 1.8.2+git / cvc5 1.3.2 (86cecd8) / z3 4.15.4 / alt-ergo 2.6.1
misc/SPARK2/Ada-SPARK-Valid-IP-Address-Stub,holds,0,0,1,valid_ip_address_stub.gpr,4,0,,,reproof-20261009-1,e8c7794f,gnatprove FSF 16.1.0 / Why3 1.8.2+git / cvc5 1.3.2 (86cecd8) / z3 4.15.4 / alt-ergo 2.6.1
misc/SPARK2/Ada-SPARK-Valid-Number-Stub,holds,0,1,1,proof.gpr,10,1,,,reproof-20261009-1,e8c7794f,gnatprove FSF 16.1.0 / Why3 1.8.2+git / cvc5 1.3.2 (86cecd8) / z3 4.15.4 / alt-ergo 2.6.1
misc/SPARK2/Ada-SPARK-Valid-Palindrome,holds,0,1,1,valid_palindrome.gpr,2,0,,,reproof-20261009-1,e8c7794f,gnatprove FSF 16.1.0 / Why3 1.8.2+git / cvc5 1.3.2 (86cecd8) / z3 4.15.4 / alt-ergo 2.6.1
misc/SPARK2/Ada-SPARK-Valid-Palindrome-II,holds,0,2,1,valid_palindrome_ii.gpr,22,1,,,reproof-20261009-1,e8c7794f,gnatprove FSF 16.1.0 / Why3 1.8.2+git / cvc5 1.3.2 (86cecd8) / z3 4.15.4 / alt-ergo 2.6.1
misc/SPARK2/Ada-SPARK-Valid-Parentheses,holds,0,2,1,valid_parentheses.gpr,7,191,,,reproof-20261009-1,e8c7794f,gnatprove FSF 16.1.0 / Why3 1.8.2+git / cvc5 1.3.2 (86cecd8) / z3 4.15.4 / alt-ergo 2.6.1
misc/SPARK2/Ada-SPARK-Valid-Square,holds,0,1,1,valid_square.gpr,3,1,,,reproof-20261009-1,e8c7794f,gnatprove FSF 16.1.0 / Why3 1.8.2+git / cvc5 1.3.2 (86cecd8) / z3 4.15.4 / alt-ergo 2.6.1
misc/SPARK2/Ada-SPARK-Valid-Sudoku-Stub,holds,0,0,1,valid_sudoku_stub.gpr,2,0,,,reproof-20261009-1,e8c7794f,gnatprove FSF 16.1.0 / Why3 1.8.2+git / cvc5 1.3.2 (86cecd8) / z3 4.15.4 / alt-ergo 2.6.1
misc/SPARK2/Ada-SPARK-Valid-Word-Abbreviation,holds,0,1,1,valid_word_abbreviation.gpr,2,0,,,reproof-20261009-1,e8c7794f,gnatprove FSF 16.1.0 / Why3 1.8.2+git / cvc5 1.3.2 (86cecd8) / z3 4.15.4 / alt-ergo 2.6.1
misc/SPARK2/Ada-SPARK-Validate-Stack-Sequences,holds,0,3,1,proof.gpr,10,74,,,reproof-20261009-1,e8c7794f,gnatprove FSF 16.1.0 / Why3 1.8.2+git / cvc5 1.3.2 (86cecd8) / z3 4.15.4 / alt-ergo 2.6.1
misc/SPARK2/Ada-SPARK-Vector-2D-Stub,holds,0,1,1,proof.gpr,18,1,,,reproof-20261009-1,e8c7794f,gnatprove FSF 16.1.0 / Why3 1.8.2+git / cvc5 1.3.2 (86cecd8) / z3 4.15.4 / alt-ergo 2.6.1
misc/SPARK2/Ada-SPARK-Vector-Dot-Cross,holds,0,1,1,vector_dot_cross.gpr,4,0,,,reproof-20261009-1,e8c7794f,gnatprove FSF 16.1.0 / Why3 1.8.2+git / cvc5 1.3.2 (86cecd8) / z3 4.15.4 / alt-ergo 2.6.1
misc/SPARK2/Ada-SPARK-Water-Bottles,holds,0,1,1,proof.gpr,4,1,,,reproof-20261009-1,e8c7794f,gnatprove FSF 16.1.0 / Why3 1.8.2+git / cvc5 1.3.2 (86cecd8) / z3 4.15.4 / alt-ergo 2.6.1
misc/SPARK2/Ada-SPARK-Wiggle-Subsequence,holds,0,1,1,wiggle_subsequence.gpr,2,0,,,reproof-20261009-1,e8c7794f,gnatprove FSF 16.1.0 / Why3 1.8.2+git / cvc5 1.3.2 (86cecd8) / z3 4.15.4 / alt-ergo 2.6.1
misc/SPARK2/Ada-SPARK-Word-Break,holds,0,0,1,word_break.gpr,2,0,,,reproof-20261009-1,e8c7794f,gnatprove FSF 16.1.0 / Why3 1.8.2+git / cvc5 1.3.2 (86cecd8) / z3 4.15.4 / alt-ergo 2.6.1
misc/SPARK2/Ada-SPARK-Word-Break-II,holds,0,2,1,word_break_ii_project.gpr,7,1,,,reproof-20261009-1,e8c7794f,gnatprove FSF 16.1.0 / Why3 1.8.2+git / cvc5 1.3.2 (86cecd8) / z3 4.15.4 / alt-ergo 2.6.1
misc/SPARK2/Ada-SPARK-Word-Break-Stub,holds,0,1,1,word_break_stub.gpr,2,0,,,reproof-20261009-1,e8c7794f,gnatprove FSF 16.1.0 / Why3 1.8.2+git / cvc5 1.3.2 (86cecd8) / z3 4.15.4 / alt-ergo 2.6.1
misc/SPARK2/Ada-SPARK-Word-Ladder-II-Lite,holds,0,1,1,word_ladder_ii_lite.gpr,4,1633,,,reproof-20261009-1,e8c7794f,gnatprove FSF 16.1.0 / Why3 1.8.2+git / cvc5 1.3.2 (86cecd8) / z3 4.15.4 / alt-ergo 2.6.1
misc/SPARK2/Ada-SPARK-Word-Ladder-Lite,holds,0,1,1,word_ladder_lite.gpr,3,722,,,reproof-20261009-1,e8c7794f,gnatprove FSF 16.1.0 / Why3 1.8.2+git / cvc5 1.3.2 (86cecd8) / z3 4.15.4 / alt-ergo 2.6.1
misc/SPARK2/Ada-SPARK-Word-Ladder-Stub,holds,0,0,1,proof.gpr,1,0,,,reproof-20261009-1,e8c7794f,gnatprove FSF 16.1.0 / Why3 1.8.2+git / cvc5 1.3.2 (86cecd8) / z3 4.15.4 / alt-ergo 2.6.1
misc/SPARK2/Ada-SPARK-Word-Pattern,holds,0,0,1,word_pattern.gpr,2,0,,,reproof-20261009-1,e8c7794f,gnatprove FSF 16.1.0 / Why3 1.8.2+git / cvc5 1.3.2 (86cecd8) / z3 4.15.4 / alt-ergo 2.6.1
misc/SPARK2/Ada-SPARK-XOR-Of-Numbers-Range,holds,0,1,1,Xor_Of_Numbers_Range.gpr,3,1,,,reproof-20261009-1,e8c7794f,gnatprove FSF 16.1.0 / Why3 1.8.2+git / cvc5 1.3.2 (86cecd8) / z3 4.15.4 / alt-ergo 2.6.1
misc/SPARK2/Ada-SPARK-XOR-Operation-In-An-Array,holds,0,1,1,xor_operation_in_an_array.gpr,3,1,,,reproof-20261009-1,e8c7794f,gnatprove FSF 16.1.0 / Why3 1.8.2+git / cvc5 1.3.2 (86cecd8) / z3 4.15.4 / alt-ergo 2.6.1
misc/SPARK2/Ada-SPARK-Zigzag-Iterator-Stub,holds,0,0,1,proof.gpr,9,0,,,reproof-20261009-1,e8c7794f,gnatprove FSF 16.1.0 / Why3 1.8.2+git / cvc5 1.3.2 (86cecd8) / z3 4.15.4 / alt-ergo 2.6.1
misc/SPARK2/Pattern-132,holds,0,2,1,pattern_132.gpr,8,1,,,reproof-20261009-1,e8c7794f,gnatprove FSF 16.1.0 / Why3 1.8.2+git / cvc5 1.3.2 (86cecd8) / z3 4.15.4 / alt-ergo 2.6.1
misc/SPARK4/Acorn-Generator,holds,0,30,4,acorn_generator.gpr,231,686,,first pass -j1: wall cap hit after 3769s; retry -j4,reproof-20261009-1,e8c7794f,gnatprove FSF 16.1.0 / Why3 1.8.2+git / cvc5 1.3.2 (86cecd8) / z3 4.15.4 / alt-ergo 2.6.1
misc/SPARK4/Ada-SPARK-Accumulator,holds,0,1,1,accumulator.gpr,10,1,,,reproof-20261009-1,e8c7794f,gnatprove FSF 16.1.0 / Why3 1.8.2+git / cvc5 1.3.2 (86cecd8) / z3 4.15.4 / alt-ergo 2.6.1
misc/SPARK4/Ada-SPARK-Blum-Blum-Shub,holds,0,105,4,blum_blum_shub.gpr,261,5226,,first pass -j1: wall cap hit after 3770s; retry -j4,reproof-20261009-1,e8c7794f,gnatprove FSF 16.1.0 / Why3 1.8.2+git / cvc5 1.3.2 (86cecd8) / z3 4.15.4 / alt-ergo 2.6.1
misc/SPARK4/Ada-SPARK-Heaps-Algorithm,holds,0,19,1,heaps_algorithm.gpr,235,292,,,reproof-20261009-1,e8c7794f,gnatprove FSF 16.1.0 / Why3 1.8.2+git / cvc5 1.3.2 (86cecd8) / z3 4.15.4 / alt-ergo 2.6.1
misc/SPARK4/Ada-SPARK-K-Way-Merge,holds,0,51,1,k_way_merge.gpr,358,6339,,,reproof-20261009-1,e8c7794f,gnatprove FSF 16.1.0 / Why3 1.8.2+git / cvc5 1.3.2 (86cecd8) / z3 4.15.4 / alt-ergo 2.6.1
misc/SPARK4/Ada-SPARK-Lagged-Fibonacci-Generator,holds,0,77,4,lagged_fibonacci_generator.gpr,318,1301,,first pass -j1: wall cap hit after 3770s; retry -j4,reproof-20261009-1,e8c7794f,gnatprove FSF 16.1.0 / Why3 1.8.2+git / cvc5 1.3.2 (86cecd8) / z3 4.15.4 / alt-ergo 2.6.1
misc/SPARK4/Ada-SPARK-Lemke-Howson,holds,0,2179,4,lemke_howson.gpr,79,154327,,first pass -j1: wall cap hit after 3600s; retry -j4,reproof-20261009-1,e8c7794f,gnatprove FSF 16.1.0 / Why3 1.8.2+git / cvc5 1.3.2 (86cecd8) / z3 4.15.4 / alt-ergo 2.6.1
misc/SPARK4/Ada-SPARK-Package-Merge-Algorithm,holds,0,3337,1,package_merge.gpr,195,1020,,,reproof-20261009-1,e8c7794f,gnatprove FSF 16.1.0 / Why3 1.8.2+git / cvc5 1.3.2 (86cecd8) / z3 4.15.4 / alt-ergo 2.6.1
misc/SPARK4/Ada-SPARK-Selection-Algorithm,holds,0,55,1,selection_algorithm.gpr,419,993,,,reproof-20261009-1,e8c7794f,gnatprove FSF 16.1.0 / Why3 1.8.2+git / cvc5 1.3.2 (86cecd8) / z3 4.15.4 / alt-ergo 2.6.1
ml/Ada/Backpropagation,holds,0,5,1,backpropagation.gpr,27,1,,,reproof-20261009-1,e8c7794f,gnatprove FSF 16.1.0 / Why3 1.8.2+git / cvc5 1.3.2 (86cecd8) / z3 4.15.4 / alt-ergo 2.6.1
ml/Ada/LPBoost,holds,0,1,1,lpboost.gpr,1,1,,,reproof-20261009-1,e8c7794f,gnatprove FSF 16.1.0 / Why3 1.8.2+git / cvc5 1.3.2 (86cecd8) / z3 4.15.4 / alt-ergo 2.6.1
ml/SPARK2/Ada-SPARK-ReLU,holds,0,1,1,relu.gpr,2,0,,,reproof-20261009-1,e8c7794f,gnatprove FSF 16.1.0 / Why3 1.8.2+git / cvc5 1.3.2 (86cecd8) / z3 4.15.4 / alt-ergo 2.6.1
ml/SPARK2/Ada-SPARK-Softmax,holds,0,4,1,softmax.gpr,9,6656,,,reproof-20261009-1,e8c7794f,gnatprove FSF 16.1.0 / Why3 1.8.2+git / cvc5 1.3.2 (86cecd8) / z3 4.15.4 / alt-ergo 2.6.1
ml/SPARK2/Linear-Regression,holds,0,1,1,linear_regression.gpr,5,1,,,reproof-20261009-1,e8c7794f,gnatprove FSF 16.1.0 / Why3 1.8.2+git / cvc5 1.3.2 (86cecd8) / z3 4.15.4 / alt-ergo 2.6.1
numerical/SPARK2/Ada-SPARK-Bisection-Method,holds,0,2,1,bisection_method.gpr,10,1,,,reproof-20261009-1,e8c7794f,gnatprove FSF 16.1.0 / Why3 1.8.2+git / cvc5 1.3.2 (86cecd8) / z3 4.15.4 / alt-ergo 2.6.1
numerical/SPARK2/Ada-SPARK-Chebyshev-Distance,holds,0,0,1,chebyshev_distance.gpr,2,0,,,reproof-20261009-1,e8c7794f,gnatprove FSF 16.1.0 / Why3 1.8.2+git / cvc5 1.3.2 (86cecd8) / z3 4.15.4 / alt-ergo 2.6.1
numerical/SPARK2/Ada-SPARK-Cooley-Tukey-FFT,holds,0,9,1,cooley_tukey_fft.gpr,81,799,,,reproof-20261009-1,e8c7794f,gnatprove FSF 16.1.0 / Why3 1.8.2+git / cvc5 1.3.2 (86cecd8) / z3 4.15.4 / alt-ergo 2.6.1
numerical/SPARK2/Ada-SPARK-Count-Primes,holds,0,1,1,count_primes.gpr,3,0,,,reproof-20261009-1,e8c7794f,gnatprove FSF 16.1.0 / Why3 1.8.2+git / cvc5 1.3.2 (86cecd8) / z3 4.15.4 / alt-ergo 2.6.1
numerical/SPARK2/Ada-SPARK-Count-Primes-Stub,holds,0,2,1,proof.gpr,23,1,,,reproof-20261009-1,e8c7794f,gnatprove FSF 16.1.0 / Why3 1.8.2+git / cvc5 1.3.2 (86cecd8) / z3 4.15.4 / alt-ergo 2.6.1
numerical/SPARK2/Ada-SPARK-Extended-Euclidean,holds,0,2,1,proof.gpr,10,1,,,reproof-20261009-1,e8c7794f,gnatprove FSF 16.1.0 / Why3 1.8.2+git / cvc5 1.3.2 (86cecd8) / z3 4.15.4 / alt-ergo 2.6.1
numerical/SPARK2/Ada-SPARK-Lagrange-Interpolation,holds,0,1,1,lagrange_interpolation.gpr,8,1,,,reproof-20261009-1,e8c7794f,gnatprove FSF 16.1.0 / Why3 1.8.2+git / cvc5 1.3.2 (86cecd8) / z3 4.15.4 / alt-ergo 2.6.1
numerical/SPARK2/Ada-SPARK-Maximum-Performance-Of-A-Team-Lite,holds,0,1,1,proof.gpr,1,0,,,reproof-20261009-1,e8c7794f,gnatprove FSF 16.1.0 / Why3 1.8.2+git / cvc5 1.3.2 (86cecd8) / z3 4.15.4 / alt-ergo 2.6.1
numerical/SPARK2/Ada-SPARK-Minimum-Limit-Of-Balls-In-A-Bag,holds,0,12,1,proof.gpr,4,9367,,,reproof-20261009-1,e8c7794f,gnatprove FSF 16.1.0 / Why3 1.8.2+git / cvc5 1.3.2 (86cecd8) / z3 4.15.4 / alt-ergo 2.6.1
numerical/SPARK2/Ada-SPARK-Modular-Exponentiation,holds,0,2,1,proof.gpr,20,1,,,reproof-20261009-1,e8c7794f,gnatprove FSF 16.1.0 / Why3 1.8.2+git / cvc5 1.3.2 (86cecd8) / z3 4.15.4 / alt-ergo 2.6.1
numerical/SPARK2/Ada-SPARK-Newton-Raphson,holds,0,3,1,newton_raphson.gpr,24,1088,,,reproof-20261009-1,e8c7794f,gnatprove FSF 16.1.0 / Why3 1.8.2+git / cvc5 1.3.2 (86cecd8) / z3 4.15.4 / alt-ergo 2.6.1
numerical/SPARK2/Ada-SPARK-Perfect-Number,holds,0,0,1,proof.gpr,2,0,,,reproof-20261009-1,e8c7794f,gnatprove FSF 16.1.0 / Why3 1.8.2+git / cvc5 1.3.2 (86cecd8) / z3 4.15.4 / alt-ergo 2.6.1
numerical/SPARK2/Ada-SPARK-Perfect-Squares,holds,0,0,1,perfect_squares.gpr,2,0,,,reproof-20261009-1,e8c7794f,gnatprove FSF 16.1.0 / Why3 1.8.2+git / cvc5 1.3.2 (86cecd8) / z3 4.15.4 / alt-ergo 2.6.1
numerical/SPARK2/Ada-SPARK-Prime-Check,holds,0,2,1,proof.gpr,3,1,,,reproof-20261009-1,e8c7794f,gnatprove FSF 16.1.0 / Why3 1.8.2+git / cvc5 1.3.2 (86cecd8) / z3 4.15.4 / alt-ergo 2.6.1
numerical/SPARK2/Ada-SPARK-Prime-Number-Of-Set-Bits,holds,0,1,1,prime_number_of_set_bits.gpr,3,1,,,reproof-20261009-1,e8c7794f,gnatprove FSF 16.1.0 / Why3 1.8.2+git / cvc5 1.3.2 (86cecd8) / z3 4.15.4 / alt-ergo 2.6.1
numerical/SPARK2/Ada-SPARK-Prime-Number-Of-Set-Bits-In-Binary-Representation,holds,0,0,1,Prime_Number_Of_Set_Bits_In_Binary_Representation.gpr,3,0,,,reproof-20261009-1,e8c7794f,gnatprove FSF 16.1.0 / Why3 1.8.2+git / cvc5 1.3.2 (86cecd8) / z3 4.15.4 / alt-ergo 2.6.1
numerical/SPARK2/Ada-SPARK-Secant-Method,holds,0,2,1,secant_method.gpr,7,1,,,reproof-20261009-1,e8c7794f,gnatprove FSF 16.1.0 / Why3 1.8.2+git / cvc5 1.3.2 (86cecd8) / z3 4.15.4 / alt-ergo 2.6.1
numerical/SPARK2/Ada-SPARK-Sieve-Of-Eratosthenes,holds,0,1,1,sieve_of_eratosthenes.gpr,9,1,,,reproof-20261009-1,e8c7794f,gnatprove FSF 16.1.0 / Why3 1.8.2+git / cvc5 1.3.2 (86cecd8) / z3 4.15.4 / alt-ergo 2.6.1
numerical/SPARK2/Ada-SPARK-Simpson-Rule,holds,0,2,1,simpson_rule.gpr,4,1,,,reproof-20261009-1,e8c7794f,gnatprove FSF 16.1.0 / Why3 1.8.2+git / cvc5 1.3.2 (86cecd8) / z3 4.15.4 / alt-ergo 2.6.1
numerical/SPARK2/Ada-SPARK-Successful-Pairs-Of-Spells-And-Potions,holds,0,1,1,proof.gpr,3,1,,,reproof-20261009-1,e8c7794f,gnatprove FSF 16.1.0 / Why3 1.8.2+git / cvc5 1.3.2 (86cecd8) / z3 4.15.4 / alt-ergo 2.6.1
numerical/SPARK2/Ada-SPARK-Valid-Perfect-Square,holds,0,1,1,valid_perfect_square.gpr,2,0,,,reproof-20261009-1,e8c7794f,gnatprove FSF 16.1.0 / Why3 1.8.2+git / cvc5 1.3.2 (86cecd8) / z3 4.15.4 / alt-ergo 2.6.1
numerical/SPARK2/Ada-SPARK-Walls-And-Gates,holds,0,0,1,walls_and_gates.gpr,2,0,,,reproof-20261009-1,e8c7794f,gnatprove FSF 16.1.0 / Why3 1.8.2+git / cvc5 1.3.2 (86cecd8) / z3 4.15.4 / alt-ergo 2.6.1
numerical/SPARK2/Babylonian-Sqrt,holds,0,21,1,babylonian_sqrt.gpr,86,6877,,,reproof-20261009-1,e8c7794f,gnatprove FSF 16.1.0 / Why3 1.8.2+git / cvc5 1.3.2 (86cecd8) / z3 4.15.4 / alt-ergo 2.6.1
numerical/SPARK4/Ada-SPARK-Brents-Algorithm,holds,0,17,1,brents_algorithm.gpr,190,2,,,reproof-20261009-1,e8c7794f,gnatprove FSF 16.1.0 / Why3 1.8.2+git / cvc5 1.3.2 (86cecd8) / z3 4.15.4 / alt-ergo 2.6.1
numerical/SPARK4/Ada-SPARK-Euclidean-Algorithm,holds,0,6,4,euclidean_algorithm.gpr,70,150,,first pass -j1: wall cap hit after 3600s; retry -j4,reproof-20261009-1,e8c7794f,gnatprove FSF 16.1.0 / Why3 1.8.2+git / cvc5 1.3.2 (86cecd8) / z3 4.15.4 / alt-ergo 2.6.1
numerical/SPARK4/Ada-SPARK-Extended-Euclidean-Algorithm,holds,0,12,1,extended_euclidean_algorithm.gpr,85,1,,,reproof-20261009-1,e8c7794f,gnatprove FSF 16.1.0 / Why3 1.8.2+git / cvc5 1.3.2 (86cecd8) / z3 4.15.4 / alt-ergo 2.6.1
numerical/SPARK4/Ada-SPARK-Linear-Congruential-Generator,holds,0,40,4,linear_congruential_generator.gpr,192,6531,,first pass -j1: wall cap hit after 3600s; retry -j4,reproof-20261009-1,e8c7794f,gnatprove FSF 16.1.0 / Why3 1.8.2+git / cvc5 1.3.2 (86cecd8) / z3 4.15.4 / alt-ergo 2.6.1
numerical/SPARK4/Ada-SPARK-Mersenne-Twister,holds,0,13,1,mersenne_twister.gpr,106,79,,,reproof-20261009-1,e8c7794f,gnatprove FSF 16.1.0 / Why3 1.8.2+git / cvc5 1.3.2 (86cecd8) / z3 4.15.4 / alt-ergo 2.6.1
numerical/SPARK4/Ada-SPARK-Modular-Arithmetic,holds,0,604,4,modular_arithmetic.gpr,1629,202476,,first pass -j1: wall cap hit after 3600s; retry -j4,reproof-20261009-1,e8c7794f,gnatprove FSF 16.1.0 / Why3 1.8.2+git / cvc5 1.3.2 (86cecd8) / z3 4.15.4 / alt-ergo 2.6.1
numerical/SPARK4/Binary-Gcd,holds,0,12,4,binary_gcd.gpr,77,200,,first pass -j1: wall cap hit after 3600s; retry -j4,reproof-20261009-1,e8c7794f,gnatprove FSF 16.1.0 / Why3 1.8.2+git / cvc5 1.3.2 (86cecd8) / z3 4.15.4 / alt-ergo 2.6.1
parsing/SPARK2/Ada-SPARK-Sparse-Set,holds,0,4,1,sparse_set.gpr,11,1,,,reproof-20261009-1,e8c7794f,gnatprove FSF 16.1.0 / Why3 1.8.2+git / cvc5 1.3.2 (86cecd8) / z3 4.15.4 / alt-ergo 2.6.1
parsing/SPARK2/Ada-SPARK-Sparse-Vector-Dot-Stub,holds,0,1,1,proof.gpr,6,1,,,reproof-20261009-1,e8c7794f,gnatprove FSF 16.1.0 / Why3 1.8.2+git / cvc5 1.3.2 (86cecd8) / z3 4.15.4 / alt-ergo 2.6.1
parsing/SPARK2/Sparse-Dot,holds,0,0,1,sparse_dot.gpr,2,0,,,reproof-20261009-1,e8c7794f,gnatprove FSF 16.1.0 / Why3 1.8.2+git / cvc5 1.3.2 (86cecd8) / z3 4.15.4 / alt-ergo 2.6.1
searching/SPARK2/Ada-SPARK-Binary-Search-Lower-Bound,holds,0,4,1,binary_search_lower_bound.gpr,37,1,,,reproof-20261009-1,e8c7794f,gnatprove FSF 16.1.0 / Why3 1.8.2+git / cvc5 1.3.2 (86cecd8) / z3 4.15.4 / alt-ergo 2.6.1
searching/SPARK2/Ada-SPARK-Binary-Search-Upper-Bound,holds,0,4,1,binary_search_upper_bound.gpr,37,1,,,reproof-20261009-1,e8c7794f,gnatprove FSF 16.1.0 / Why3 1.8.2+git / cvc5 1.3.2 (86cecd8) / z3 4.15.4 / alt-ergo 2.6.1
searching/SPARK2/Ada-SPARK-Design-Add-And-Search-Words,holds,0,1,1,proof.gpr,5,1,,,reproof-20261009-1,e8c7794f,gnatprove FSF 16.1.0 / Why3 1.8.2+git / cvc5 1.3.2 (86cecd8) / z3 4.15.4 / alt-ergo 2.6.1
searching/SPARK2/Ada-SPARK-Exponential-Search,holds,0,3,1,exponential_search.gpr,25,1,,,reproof-20261009-1,e8c7794f,gnatprove FSF 16.1.0 / Why3 1.8.2+git / cvc5 1.3.2 (86cecd8) / z3 4.15.4 / alt-ergo 2.6.1
searching/SPARK2/Ada-SPARK-Increasing-Order-Search-Tree,holds,0,0,1,proof.gpr,3,0,,,reproof-20261009-1,e8c7794f,gnatprove FSF 16.1.0 / Why3 1.8.2+git / cvc5 1.3.2 (86cecd8) / z3 4.15.4 / alt-ergo 2.6.1
searching/SPARK2/Ada-SPARK-Insert-Into-A-Binary-Search-Tree,holds,0,7,1,proof.gpr,40,2632,,,reproof-20261009-1,e8c7794f,gnatprove FSF 16.1.0 / Why3 1.8.2+git / cvc5 1.3.2 (86cecd8) / z3 4.15.4 / alt-ergo 2.6.1
searching/SPARK2/Ada-SPARK-Naive-String-Search,holds,0,1,1,naive_string_search.gpr,2,0,,,reproof-20261009-1,e8c7794f,gnatprove FSF 16.1.0 / Why3 1.8.2+git / cvc5 1.3.2 (86cecd8) / z3 4.15.4 / alt-ergo 2.6.1
searching/SPARK2/Ada-SPARK-Search-2D-Matrix,holds,0,1,1,search_2d_matrix.gpr,2,0,,,reproof-20261009-1,e8c7794f,gnatprove FSF 16.1.0 / Why3 1.8.2+git / cvc5 1.3.2 (86cecd8) / z3 4.15.4 / alt-ergo 2.6.1
searching/SPARK2/Ada-SPARK-Search-A-2D-Matrix,holds,0,13,1,search_a_2d_matrix.gpr,8,8914,,,reproof-20261009-1,e8c7794f,gnatprove FSF 16.1.0 / Why3 1.8.2+git / cvc5 1.3.2 (86cecd8) / z3 4.15.4 / alt-ergo 2.6.1
searching/SPARK2/Ada-SPARK-Search-A-2D-Matrix-II,holds,0,0,1,search_a_2d_matrix_ii.gpr,2,0,,,reproof-20261009-1,e8c7794f,gnatprove FSF 16.1.0 / Why3 1.8.2+git / cvc5 1.3.2 (86cecd8) / z3 4.15.4 / alt-ergo 2.6.1
searching/SPARK2/Ada-SPARK-Search-In-A-Binary-Search-Tree,holds,0,1,1,proof.gpr,2,0,,,reproof-20261009-1,e8c7794f,gnatprove FSF 16.1.0 / Why3 1.8.2+git / cvc5 1.3.2 (86cecd8) / z3 4.15.4 / alt-ergo 2.6.1
searching/SPARK2/Ada-SPARK-Search-Insert-Position,holds,0,4,1,search_insert_position.gpr,37,1,,,reproof-20261009-1,e8c7794f,gnatprove FSF 16.1.0 / Why3 1.8.2+git / cvc5 1.3.2 (86cecd8) / z3 4.15.4 / alt-ergo 2.6.1
searching/SPARK2/Ada-SPARK-Trigram-Search,holds,0,1,1,trigram_search.gpr,8,1,,,reproof-20261009-1,e8c7794f,gnatprove FSF 16.1.0 / Why3 1.8.2+git / cvc5 1.3.2 (86cecd8) / z3 4.15.4 / alt-ergo 2.6.1
searching/SPARK2/Ada-SPARK-Trim-A-Binary-Search-Tree,holds,0,0,1,proof.gpr,2,0,,,reproof-20261009-1,e8c7794f,gnatprove FSF 16.1.0 / Why3 1.8.2+git / cvc5 1.3.2 (86cecd8) / z3 4.15.4 / alt-ergo 2.6.1
searching/SPARK2/Ada-SPARK-Unique-Binary-Search-Trees,holds,0,1,1,unique_binary_search_trees.gpr,2,0,,,reproof-20261009-1,e8c7794f,gnatprove FSF 16.1.0 / Why3 1.8.2+git / cvc5 1.3.2 (86cecd8) / z3 4.15.4 / alt-ergo 2.6.1
searching/SPARK2/Ada-SPARK-Unique-Binary-Search-Trees-II-Lite,holds,0,1,1,unique_binary_search_trees_ii_lite.gpr,2,0,,,reproof-20261009-1,e8c7794f,gnatprove FSF 16.1.0 / Why3 1.8.2+git / cvc5 1.3.2 (86cecd8) / z3 4.15.4 / alt-ergo 2.6.1
searching/SPARK2/Ada-SPARK-Validate-Binary-Search-Tree,holds,0,2,1,proof.gpr,23,1,,,reproof-20261009-1,e8c7794f,gnatprove FSF 16.1.0 / Why3 1.8.2+git / cvc5 1.3.2 (86cecd8) / z3 4.15.4 / alt-ergo 2.6.1
searching/SPARK2/Ada-SPARK-Word-Search,holds,0,0,1,word_search.gpr,2,0,,,reproof-20261009-1,e8c7794f,gnatprove FSF 16.1.0 / Why3 1.8.2+git / cvc5 1.3.2 (86cecd8) / z3 4.15.4 / alt-ergo 2.6.1
searching/SPARK2/Ada-SPARK-Word-Search-II-Lite,holds,0,2,1,proof.gpr,5,1,,,reproof-20261009-1,e8c7794f,gnatprove FSF 16.1.0 / Why3 1.8.2+git / cvc5 1.3.2 (86cecd8) / z3 4.15.4 / alt-ergo 2.6.1
searching/SPARK2/Bst-Insert-Search,holds,0,7,1,proof.gpr,53,1213,,,reproof-20261009-1,e8c7794f,gnatprove FSF 16.1.0 / Why3 1.8.2+git / cvc5 1.3.2 (86cecd8) / z3 4.15.4 / alt-ergo 2.6.1
searching/SPARK4/Ada-SPARK-Binary-Search,holds,0,7,1,binary_search.gpr,106,2,,,reproof-20261009-1,e8c7794f,gnatprove FSF 16.1.0 / Why3 1.8.2+git / cvc5 1.3.2 (86cecd8) / z3 4.15.4 / alt-ergo 2.6.1
searching/SPARK4/Ada-SPARK-Fibonacci-Search,holds,0,5,1,fibonacci_search.gpr,68,39,,,reproof-20261009-1,e8c7794f,gnatprove FSF 16.1.0 / Why3 1.8.2+git / cvc5 1.3.2 (86cecd8) / z3 4.15.4 / alt-ergo 2.6.1
searching/SPARK4/Ada-SPARK-Interpolation-Search,holds,0,5,1,interpolation_search.gpr,63,2,,,reproof-20261009-1,e8c7794f,gnatprove FSF 16.1.0 / Why3 1.8.2+git / cvc5 1.3.2 (86cecd8) / z3 4.15.4 / alt-ergo 2.6.1
searching/SPARK4/Ada-SPARK-Introselect,holds,0,79,1,introselect.gpr,584,1660,,,reproof-20261009-1,e8c7794f,gnatprove FSF 16.1.0 / Why3 1.8.2+git / cvc5 1.3.2 (86cecd8) / z3 4.15.4 / alt-ergo 2.6.1
searching/SPARK4/Ada-SPARK-Jump-Search,holds,0,8,1,jump_search.gpr,91,2,,,reproof-20261009-1,e8c7794f,gnatprove FSF 16.1.0 / Why3 1.8.2+git / cvc5 1.3.2 (86cecd8) / z3 4.15.4 / alt-ergo 2.6.1
searching/SPARK4/Ada-SPARK-Linear-Search,holds,0,4,1,linear_search.gpr,32,1,,,reproof-20261009-1,e8c7794f,gnatprove FSF 16.1.0 / Why3 1.8.2+git / cvc5 1.3.2 (86cecd8) / z3 4.15.4 / alt-ergo 2.6.1
searching/SPARK4/Ada-SPARK-Quickselect,holds,0,50,1,quickselect.gpr,419,993,,,reproof-20261009-1,e8c7794f,gnatprove FSF 16.1.0 / Why3 1.8.2+git / cvc5 1.3.2 (86cecd8) / z3 4.15.4 / alt-ergo 2.6.1
searching/SPARK4/Ada-SPARK-Ternary-Search,holds,0,7,1,ternary_search.gpr,100,2,,,reproof-20261009-1,e8c7794f,gnatprove FSF 16.1.0 / Why3 1.8.2+git / cvc5 1.3.2 (86cecd8) / z3 4.15.4 / alt-ergo 2.6.1
searching/SPARK4/Ada-SPARK-Uniform-Cost-Search,holds,0,33,1,uniform_cost_search.gpr,224,1188,,,reproof-20261009-1,e8c7794f,gnatprove FSF 16.1.0 / Why3 1.8.2+git / cvc5 1.3.2 (86cecd8) / z3 4.15.4 / alt-ergo 2.6.1
searching/SPARK4/Best-First-Search,holds,0,23,1,best_first_search.gpr,180,776,,,reproof-20261009-1,e8c7794f,gnatprove FSF 16.1.0 / Why3 1.8.2+git / cvc5 1.3.2 (86cecd8) / z3 4.15.4 / alt-ergo 2.6.1
sorting/SPARK2/Ada-SPARK-Bitonic-Sort,holds,0,46,1,proof.gpr,7,1514,,,reproof-20261009-1,e8c7794f,gnatprove FSF 16.1.0 / Why3 1.8.2+git / cvc5 1.3.2 (86cecd8) / z3 4.15.4 / alt-ergo 2.6.1
sorting/SPARK2/Ada-SPARK-Block-Sort,holds,0,46,1,proof.gpr,6,604,,,reproof-20261009-1,e8c7794f,gnatprove FSF 16.1.0 / Why3 1.8.2+git / cvc5 1.3.2 (86cecd8) / z3 4.15.4 / alt-ergo 2.6.1
sorting/SPARK2/Ada-SPARK-Circle-Sort,holds,0,47,1,proof.gpr,7,1514,,,reproof-20261009-1,e8c7794f,gnatprove FSF 16.1.0 / Why3 1.8.2+git / cvc5 1.3.2 (86cecd8) / z3 4.15.4 / alt-ergo 2.6.1
sorting/SPARK2/Ada-SPARK-Cocktail-Sort,holds,0,50,1,proof.gpr,6,604,,,reproof-20261009-1,e8c7794f,gnatprove FSF 16.1.0 / Why3 1.8.2+git / cvc5 1.3.2 (86cecd8) / z3 4.15.4 / alt-ergo 2.6.1
sorting/SPARK2/Ada-SPARK-Convert-Sorted-Array-To-BST,holds,0,1,1,proof.gpr,3,0,,,reproof-20261009-1,e8c7794f,gnatprove FSF 16.1.0 / Why3 1.8.2+git / cvc5 1.3.2 (86cecd8) / z3 4.15.4 / alt-ergo 2.6.1
sorting/SPARK2/Ada-SPARK-Count-Negative-Numbers-In-A-Sorted-Matrix,holds,0,1,1,proof.gpr,3,1,,,reproof-20261009-1,e8c7794f,gnatprove FSF 16.1.0 / Why3 1.8.2+git / cvc5 1.3.2 (86cecd8) / z3 4.15.4 / alt-ergo 2.6.1
sorting/SPARK2/Ada-SPARK-Count-Sorted-Vowel-Strings,holds,0,1,1,count_sorted_vowel_strings.gpr,2,0,,,reproof-20261009-1,e8c7794f,gnatprove FSF 16.1.0 / Why3 1.8.2+git / cvc5 1.3.2 (86cecd8) / z3 4.15.4 / alt-ergo 2.6.1
sorting/SPARK2/Ada-SPARK-Exchange-Sort,holds,0,55,1,proof.gpr,7,1514,,,reproof-20261009-1,e8c7794f,gnatprove FSF 16.1.0 / Why3 1.8.2+git / cvc5 1.3.2 (86cecd8) / z3 4.15.4 / alt-ergo 2.6.1
sorting/SPARK2/Ada-SPARK-Find-Median-Sorted-Arrays-Lite,holds,0,2,1,median_sorted_arrays_lite.gpr,14,1,,,reproof-20261009-1,e8c7794f,gnatprove FSF 16.1.0 / Why3 1.8.2+git / cvc5 1.3.2 (86cecd8) / z3 4.15.4 / alt-ergo 2.6.1
sorting/SPARK2/Ada-SPARK-Find-Minimum-In-Rotated-Sorted-Array,holds,0,7,1,find_minimum_in_rotated_sorted_array.gpr,50,1,,,reproof-20261009-1,e8c7794f,gnatprove FSF 16.1.0 / Why3 1.8.2+git / cvc5 1.3.2 (86cecd8) / z3 4.15.4 / alt-ergo 2.6.1
sorting/SPARK2/Ada-SPARK-Find-Minimum-In-Rotated-Sorted-Array-II,holds,0,1,1,proof.gpr,2,0,,,reproof-20261009-1,e8c7794f,gnatprove FSF 16.1.0 / Why3 1.8.2+git / cvc5 1.3.2 (86cecd8) / z3 4.15.4 / alt-ergo 2.6.1
sorting/SPARK2/Ada-SPARK-Flash-Sort,holds,0,56,1,proof.gpr,7,1514,,,reproof-20261009-1,e8c7794f,gnatprove FSF 16.1.0 / Why3 1.8.2+git / cvc5 1.3.2 (86cecd8) / z3 4.15.4 / alt-ergo 2.6.1
sorting/SPARK2/Ada-SPARK-Heap-Sort,holds,0,52,1,proof.gpr,6,604,,,reproof-20261009-1,e8c7794f,gnatprove FSF 16.1.0 / Why3 1.8.2+git / cvc5 1.3.2 (86cecd8) / z3 4.15.4 / alt-ergo 2.6.1
sorting/SPARK2/Ada-SPARK-Intro-Sort,holds,0,50,1,proof.gpr,6,604,,,reproof-20261009-1,e8c7794f,gnatprove FSF 16.1.0 / Why3 1.8.2+git / cvc5 1.3.2 (86cecd8) / z3 4.15.4 / alt-ergo 2.6.1
sorting/SPARK2/Ada-SPARK-Kth-Smallest-Element-In-A-Sorted-Matrix,holds,0,1,1,kth_smallest_matrix.gpr,3,0,,,reproof-20261009-1,e8c7794f,gnatprove FSF 16.1.0 / Why3 1.8.2+git / cvc5 1.3.2 (86cecd8) / z3 4.15.4 / alt-ergo 2.6.1
sorting/SPARK2/Ada-SPARK-Median-Of-Two-Sorted-Arrays-Lite,holds,0,4,1,proof.gpr,6,544,,,reproof-20261009-1,e8c7794f,gnatprove FSF 16.1.0 / Why3 1.8.2+git / cvc5 1.3.2 (86cecd8) / z3 4.15.4 / alt-ergo 2.6.1
sorting/SPARK2/Ada-SPARK-Merge-K-Sorted-Lists-Stub,holds,0,8,1,proof.gpr,5,1529,,,reproof-20261009-1,e8c7794f,gnatprove FSF 16.1.0 / Why3 1.8.2+git / cvc5 1.3.2 (86cecd8) / z3 4.15.4 / alt-ergo 2.6.1
sorting/SPARK2/Ada-SPARK-Merge-Sorted-Array,holds,0,2,1,proof.gpr,8,1,,,reproof-20261009-1,e8c7794f,gnatprove FSF 16.1.0 / Why3 1.8.2+git / cvc5 1.3.2 (86cecd8) / z3 4.15.4 / alt-ergo 2.6.1
sorting/SPARK2/Ada-SPARK-Merge-Sorted-Arrays,holds,0,5,1,merge_sorted_arrays.gpr,9,1,,,reproof-20261009-1,e8c7794f,gnatprove FSF 16.1.0 / Why3 1.8.2+git / cvc5 1.3.2 (86cecd8) / z3 4.15.4 / alt-ergo 2.6.1
sorting/SPARK2/Ada-SPARK-Merge-Two-Sorted-Lists,holds,0,4,1,proof.gpr,22,1,,,reproof-20261009-1,e8c7794f,gnatprove FSF 16.1.0 / Why3 1.8.2+git / cvc5 1.3.2 (86cecd8) / z3 4.15.4 / alt-ergo 2.6.1
sorting/SPARK2/Ada-SPARK-Odd-Even-Linked-List,holds,0,15,1,odd_even_linked_list.gpr,10,603,,,reproof-20261009-1,e8c7794f,gnatprove FSF 16.1.0 / Why3 1.8.2+git / cvc5 1.3.2 (86cecd8) / z3 4.15.4 / alt-ergo 2.6.1
sorting/SPARK2/Ada-SPARK-Odd-Even-Merge-Sort,holds,0,55,1,proof.gpr,7,1514,,,reproof-20261009-1,e8c7794f,gnatprove FSF 16.1.0 / Why3 1.8.2+git / cvc5 1.3.2 (86cecd8) / z3 4.15.4 / alt-ergo 2.6.1
sorting/SPARK2/Ada-SPARK-Pancake-Sort,holds,0,55,1,proof.gpr,6,604,,,reproof-20261009-1,e8c7794f,gnatprove FSF 16.1.0 / Why3 1.8.2+git / cvc5 1.3.2 (86cecd8) / z3 4.15.4 / alt-ergo 2.6.1
sorting/SPARK2/Ada-SPARK-Patience-Sort,holds,0,56,1,proof.gpr,7,1514,,,reproof-20261009-1,e8c7794f,gnatprove FSF 16.1.0 / Why3 1.8.2+git / cvc5 1.3.2 (86cecd8) / z3 4.15.4 / alt-ergo 2.6.1
sorting/SPARK2/Ada-SPARK-Quick-Sort,holds,0,57,1,proof.gpr,6,604,,,reproof-20261009-1,e8c7794f,gnatprove FSF 16.1.0 / Why3 1.8.2+git / cvc5 1.3.2 (86cecd8) / z3 4.15.4 / alt-ergo 2.6.1
sorting/SPARK2/Ada-SPARK-Relative-Sort-Array,holds,0,1,1,relative_sort_array.gpr,1,0,,,reproof-20261009-1,e8c7794f,gnatprove FSF 16.1.0 / Why3 1.8.2+git / cvc5 1.3.2 (86cecd8) / z3 4.15.4 / alt-ergo 2.6.1
sorting/SPARK2/Ada-SPARK-Remove-Duplicates-From-Sorted-Array,holds,0,1,1,proof.gpr,3,1,,,reproof-20261009-1,e8c7794f,gnatprove FSF 16.1.0 / Why3 1.8.2+git / cvc5 1.3.2 (86cecd8) / z3 4.15.4 / alt-ergo 2.6.1
sorting/SPARK2/Ada-SPARK-Remove-Duplicates-From-Sorted-Array-II,holds,0,2,1,proof.gpr,8,1,,,reproof-20261009-1,e8c7794f,gnatprove FSF 16.1.0 / Why3 1.8.2+git / cvc5 1.3.2 (86cecd8) / z3 4.15.4 / alt-ergo 2.6.1
sorting/SPARK2/Ada-SPARK-Remove-Duplicates-From-Sorted-List,holds,0,9,1,ada_spark_remove_duplicates_from_sorted_list.gpr,6,646,,,reproof-20261009-1,e8c7794f,gnatprove FSF 16.1.0 / Why3 1.8.2+git / cvc5 1.3.2 (86cecd8) / z3 4.15.4 / alt-ergo 2.6.1
sorting/SPARK2/Ada-SPARK-Remove-Duplicates-From-Sorted-List-II,holds,0,6,1,ada_spark_remove_duplicates_from_sorted_list_ii.gpr,39,2,,,reproof-20261009-1,e8c7794f,gnatprove FSF 16.1.0 / Why3 1.8.2+git / cvc5 1.3.2 (86cecd8) / z3 4.15.4 / alt-ergo 2.6.1
sorting/SPARK2/Ada-SPARK-Remove-Duplicates-Sorted,holds,0,2,1,remove_duplicates_sorted.gpr,3,1,,,reproof-20261009-1,e8c7794f,gnatprove FSF 16.1.0 / Why3 1.8.2+git / cvc5 1.3.2 (86cecd8) / z3 4.15.4 / alt-ergo 2.6.1
sorting/SPARK2/Ada-SPARK-Search-In-Rotated-Sorted-Array,holds,0,1,1,search_in_rotated_sorted_array.gpr,2,0,,,reproof-20261009-1,e8c7794f,gnatprove FSF 16.1.0 / Why3 1.8.2+git / cvc5 1.3.2 (86cecd8) / z3 4.15.4 / alt-ergo 2.6.1
sorting/SPARK2/Ada-SPARK-Search-In-Rotated-Sorted-Array-II,holds,0,1,1,search_in_rotated_sorted_array_ii.gpr,2,0,,,reproof-20261009-1,e8c7794f,gnatprove FSF 16.1.0 / Why3 1.8.2+git / cvc5 1.3.2 (86cecd8) / z3 4.15.4 / alt-ergo 2.6.1
sorting/SPARK2/Ada-SPARK-Shaker-Sort,holds,0,55,1,proof.gpr,6,604,,,reproof-20261009-1,e8c7794f,gnatprove FSF 16.1.0 / Why3 1.8.2+git / cvc5 1.3.2 (86cecd8) / z3 4.15.4 / alt-ergo 2.6.1
sorting/SPARK2/Ada-SPARK-Shortest-Unsorted-Continuous-Subarray,holds,0,2,1,shortest_unsorted_continuous_subarray.gpr,3,1,,,reproof-20261009-1,e8c7794f,gnatprove FSF 16.1.0 / Why3 1.8.2+git / cvc5 1.3.2 (86cecd8) / z3 4.15.4 / alt-ergo 2.6.1
sorting/SPARK2/Ada-SPARK-Smooth-Sort,holds,0,56,1,proof.gpr,7,1514,,,reproof-20261009-1,e8c7794f,gnatprove FSF 16.1.0 / Why3 1.8.2+git / cvc5 1.3.2 (86cecd8) / z3 4.15.4 / alt-ergo 2.6.1
sorting/SPARK2/Ada-SPARK-Sort-An-Array,holds,0,1,1,proof.gpr,2,0,,,reproof-20261009-1,e8c7794f,gnatprove FSF 16.1.0 / Why3 1.8.2+git / cvc5 1.3.2 (86cecd8) / z3 4.15.4 / alt-ergo 2.6.1
sorting/SPARK2/Ada-SPARK-Sort-Array-By-Parity,holds,0,2,1,sort_array_by_parity.gpr,8,1,,,reproof-20261009-1,e8c7794f,gnatprove FSF 16.1.0 / Why3 1.8.2+git / cvc5 1.3.2 (86cecd8) / z3 4.15.4 / alt-ergo 2.6.1
sorting/SPARK2/Ada-SPARK-Sort-Array-By-Parity-II,holds,0,7,1,sort_array_by_parity_ii.gpr,38,1495,,,reproof-20261009-1,e8c7794f,gnatprove FSF 16.1.0 / Why3 1.8.2+git / cvc5 1.3.2 (86cecd8) / z3 4.15.4 / alt-ergo 2.6.1
sorting/SPARK2/Ada-SPARK-Sort-Characters-By-Frequency,holds,0,34,1,proof.gpr,42,21763,,,reproof-20261009-1,e8c7794f,gnatprove FSF 16.1.0 / Why3 1.8.2+git / cvc5 1.3.2 (86cecd8) / z3 4.15.4 / alt-ergo 2.6.1
sorting/SPARK2/Ada-SPARK-Sort-Colors,holds,0,1,1,proof.gpr,5,1,,,reproof-20261009-1,e8c7794f,gnatprove FSF 16.1.0 / Why3 1.8.2+git / cvc5 1.3.2 (86cecd8) / z3 4.15.4 / alt-ergo 2.6.1
sorting/SPARK2/Ada-SPARK-Sort-Integers-By-The-Number-Of-1-Bits,holds,0,1,1,Sort_Integers_By_The_Number_Of_1_Bits.gpr,2,0,,,reproof-20261009-1,e8c7794f,gnatprove FSF 16.1.0 / Why3 1.8.2+git / cvc5 1.3.2 (86cecd8) / z3 4.15.4 / alt-ergo 2.6.1
sorting/SPARK2/Ada-SPARK-Sort-List-Lite,holds,0,1,1,ada_spark_sort_list_lite.gpr,6,1,,,reproof-20261009-1,e8c7794f,gnatprove FSF 16.1.0 / Why3 1.8.2+git / cvc5 1.3.2 (86cecd8) / z3 4.15.4 / alt-ergo 2.6.1
sorting/SPARK2/Ada-SPARK-Sorted-Array-To-BST,holds,0,3,1,proof.gpr,31,1,,,reproof-20261009-1,e8c7794f,gnatprove FSF 16.1.0 / Why3 1.8.2+git / cvc5 1.3.2 (86cecd8) / z3 4.15.4 / alt-ergo 2.6.1
sorting/SPARK2/Ada-SPARK-Squares-Of-A-Sorted-Array,holds,0,4,1,squares_of_a_sorted_array.gpr,31,1,,,reproof-20261009-1,e8c7794f,gnatprove FSF 16.1.0 / Why3 1.8.2+git / cvc5 1.3.2 (86cecd8) / z3 4.15.4 / alt-ergo 2.6.1
sorting/SPARK2/Ada-SPARK-Tim-Sort,holds,0,60,1,proof.gpr,7,1514,,,reproof-20261009-1,e8c7794f,gnatprove FSF 16.1.0 / Why3 1.8.2+git / cvc5 1.3.2 (86cecd8) / z3 4.15.4 / alt-ergo 2.6.1
sorting/SPARK2/Ada-SPARK-Tim-Sort-Stub,holds,0,7,1,proof.gpr,39,86,,,reproof-20261009-1,e8c7794f,gnatprove FSF 16.1.0 / Why3 1.8.2+git / cvc5 1.3.2 (86cecd8) / z3 4.15.4 / alt-ergo 2.6.1
sorting/SPARK2/Ada-SPARK-Topological-Sort-Lite,holds,0,1,1,topological_sort_lite.gpr,2,0,,,reproof-20261009-1,e8c7794f,gnatprove FSF 16.1.0 / Why3 1.8.2+git / cvc5 1.3.2 (86cecd8) / z3 4.15.4 / alt-ergo 2.6.1
sorting/SPARK2/Ada-SPARK-Tournament-Sort,holds,0,62,1,proof.gpr,6,604,,,reproof-20261009-1,e8c7794f,gnatprove FSF 16.1.0 / Why3 1.8.2+git / cvc5 1.3.2 (86cecd8) / z3 4.15.4 / alt-ergo 2.6.1
sorting/SPARK2/Ada-SPARK-Two-Sum-II-Input-Array-Is-Sorted,holds,0,1,1,proof.gpr,2,0,,,reproof-20261009-1,e8c7794f,gnatprove FSF 16.1.0 / Why3 1.8.2+git / cvc5 1.3.2 (86cecd8) / z3 4.15.4 / alt-ergo 2.6.1
sorting/SPARK2/Ada-SPARK-Wiggle-Sort,holds,0,6,1,proof.gpr,11,1,,,reproof-20261009-1,e8c7794f,gnatprove FSF 16.1.0 / Why3 1.8.2+git / cvc5 1.3.2 (86cecd8) / z3 4.15.4 / alt-ergo 2.6.1
sorting/SPARK2/Binary-Insertion-Sort,holds,0,66,1,proof.gpr,6,604,,,reproof-20261009-1,e8c7794f,gnatprove FSF 16.1.0 / Why3 1.8.2+git / cvc5 1.3.2 (86cecd8) / z3 4.15.4 / alt-ergo 2.6.1
sorting/SPARK4/Ada-SPARK-Bitonic-Sorter,holds,0,380,1,bitonic_sorter.gpr,294,2,,,reproof-20261009-1,e8c7794f,gnatprove FSF 16.1.0 / Why3 1.8.2+git / cvc5 1.3.2 (86cecd8) / z3 4.15.4 / alt-ergo 2.6.1
sorting/SPARK4/Ada-SPARK-Bogosort,holds,0,42,1,bogosort.gpr,231,10034,,,reproof-20261009-1,e8c7794f,gnatprove FSF 16.1.0 / Why3 1.8.2+git / cvc5 1.3.2 (86cecd8) / z3 4.15.4 / alt-ergo 2.6.1
sorting/SPARK4/Ada-SPARK-Bubble-Sort,holds,0,508,1,bubble_sort.gpr,184,48,,,reproof-20261009-1,e8c7794f,gnatprove FSF 16.1.0 / Why3 1.8.2+git / cvc5 1.3.2 (86cecd8) / z3 4.15.4 / alt-ergo 2.6.1
sorting/SPARK4/Ada-SPARK-Bucket-Sort,holds,0,41,1,bucket_sort.gpr,181,5021,,,reproof-20261009-1,e8c7794f,gnatprove FSF 16.1.0 / Why3 1.8.2+git / cvc5 1.3.2 (86cecd8) / z3 4.15.4 / alt-ergo 2.6.1
sorting/SPARK4/Ada-SPARK-Burstsort,holds,0,226,4,burstsort.gpr,531,13859,,first pass -j1: wall cap hit after 3600s; retry -j4,reproof-20261009-1,e8c7794f,gnatprove FSF 16.1.0 / Why3 1.8.2+git / cvc5 1.3.2 (86cecd8) / z3 4.15.4 / alt-ergo 2.6.1
sorting/SPARK4/Ada-SPARK-Cocktail-Shaker-Sort,holds,0,65,1,cocktail_shaker_sort.gpr,269,835,,,reproof-20261009-1,e8c7794f,gnatprove FSF 16.1.0 / Why3 1.8.2+git / cvc5 1.3.2 (86cecd8) / z3 4.15.4 / alt-ergo 2.6.1
sorting/SPARK4/Ada-SPARK-Comb-Sort,holds,0,414,1,comb_sort.gpr,187,48,,,reproof-20261009-1,e8c7794f,gnatprove FSF 16.1.0 / Why3 1.8.2+git / cvc5 1.3.2 (86cecd8) / z3 4.15.4 / alt-ergo 2.6.1
sorting/SPARK4/Ada-SPARK-Counting-Sort,holds,0,149,1,counting_sort.gpr,280,100651,,,reproof-20261009-1,e8c7794f,gnatprove FSF 16.1.0 / Why3 1.8.2+git / cvc5 1.3.2 (86cecd8) / z3 4.15.4 / alt-ergo 2.6.1
sorting/SPARK4/Ada-SPARK-Cycle-Sort,holds,0,1950,1,cycle_sort.gpr,545,97598,,,reproof-20261009-1,e8c7794f,gnatprove FSF 16.1.0 / Why3 1.8.2+git / cvc5 1.3.2 (86cecd8) / z3 4.15.4 / alt-ergo 2.6.1
sorting/SPARK4/Ada-SPARK-Flashsort,holds,0,285,4,flashsort.gpr,655,11528,,first pass -j1: wall cap hit after 3600s; retry -j4,reproof-20261009-1,e8c7794f,gnatprove FSF 16.1.0 / Why3 1.8.2+git / cvc5 1.3.2 (86cecd8) / z3 4.15.4 / alt-ergo 2.6.1
sorting/SPARK4/Ada-SPARK-Gnome-Sort,holds,0,19,1,gnome_sort.gpr,114,1147,,,reproof-20261009-1,e8c7794f,gnatprove FSF 16.1.0 / Why3 1.8.2+git / cvc5 1.3.2 (86cecd8) / z3 4.15.4 / alt-ergo 2.6.1
sorting/SPARK4/Ada-SPARK-Heapsort,holds,0,1262,1,heapsort.gpr,433,475,,,reproof-20261009-1,e8c7794f,gnatprove FSF 16.1.0 / Why3 1.8.2+git / cvc5 1.3.2 (86cecd8) / z3 4.15.4 / alt-ergo 2.6.1
sorting/SPARK4/Ada-SPARK-Insertion-Sort,holds,0,22,1,insertion_sort.gpr,104,889,,,reproof-20261009-1,e8c7794f,gnatprove FSF 16.1.0 / Why3 1.8.2+git / cvc5 1.3.2 (86cecd8) / z3 4.15.4 / alt-ergo 2.6.1
sorting/SPARK4/Ada-SPARK-Introsort,holds,0,449,1,introsort.gpr,853,3453,,,reproof-20261009-1,e8c7794f,gnatprove FSF 16.1.0 / Why3 1.8.2+git / cvc5 1.3.2 (86cecd8) / z3 4.15.4 / alt-ergo 2.6.1
sorting/SPARK4/Ada-SPARK-Library-Sort,not run,,,,,,,,,,,
sorting/SPARK4/Ada-SPARK-Merge-Sort,not run,,,,,,,,,,,
sorting/SPARK4/Ada-SPARK-Odd-Even-Sort,not run,,,,,,,,,,,
sorting/SPARK4/Ada-SPARK-Pancake-Sorting,not run,,,,,,,,,,,
sorting/SPARK4/Ada-SPARK-Patience-Sorting,not run,,,,,,,,,,,
sorting/SPARK4/Ada-SPARK-Pigeonhole-Sort,not run,,,,,,,,,,,
sorting/SPARK4/Ada-SPARK-Postman-Sort,not run,,,,,,,,,,,
sorting/SPARK4/Ada-SPARK-Quantum-Sort,not run,,,,,,,,,,,
sorting/SPARK4/Ada-SPARK-Quicksort,not run,,,,,,,,,,,
sorting/SPARK4/Ada-SPARK-Radix-Sort,not run,,,,,,,,,,,
sorting/SPARK4/Ada-SPARK-Samplesort,not run,,,,,,,,,,,
sorting/SPARK4/Ada-SPARK-Selection-Sort,not run,,,,,,,,,,,
sorting/SPARK4/Ada-SPARK-Shell-Sort,not run,,,,,,,,,,,
sorting/SPARK4/Ada-SPARK-Slowsort,not run,,,,,,,,,,,
sorting/SPARK4/Ada-SPARK-Smoothsort,not run,,,,,,,,,,,
sorting/SPARK4/Ada-SPARK-Sort-Merge-Join,not run,,,,,,,,,,,
sorting/SPARK4/Ada-SPARK-Sorted-List,not run,,,,,,,,,,,
sorting/SPARK4/Ada-SPARK-Spaghetti-Sort,not run,,,,,,,,,,,
sorting/SPARK4/Ada-SPARK-Stooge-Sort,not run,,,,,,,,,,,
sorting/SPARK4/Ada-SPARK-Strand-Sort,not run,,,,,,,,,,,
sorting/SPARK4/Ada-SPARK-Timsort,not run,,,,,,,,,,,
sorting/SPARK4/Ada-SPARK-Topological-Sort,not run,,,,,,,,,,,
sorting/SPARK4/Ada-SPARK-Tree-Sort,not run,,,,,,,,,,,
sorting/SPARK4/Bead-Sort,not run,,,,,,,,,,,
strings/SPARK2/Ada-SPARK-Bounded-String-Builder,holds,0,17,1,proof.gpr,192,1,,,reproof-20261009-1,e8c7794f,gnatprove FSF 16.1.0 / Why3 1.8.2+git / cvc5 1.3.2 (86cecd8) / z3 4.15.4 / alt-ergo 2.6.1
strings/SPARK2/Ada-SPARK-Boyer-Moore,holds,0,0,1,boyer_moore.gpr,2,0,,,reproof-20261009-1,e8c7794f,gnatprove FSF 16.1.0 / Why3 1.8.2+git / cvc5 1.3.2 (86cecd8) / z3 4.15.4 / alt-ergo 2.6.1
strings/SPARK2/Ada-SPARK-Check-If-Two-String-Arrays-Are-Equivalent,holds,0,1,1,proof.gpr,2,0,,,reproof-20261009-1,e8c7794f,gnatprove FSF 16.1.0 / Why3 1.8.2+git / cvc5 1.3.2 (86cecd8) / z3 4.15.4 / alt-ergo 2.6.1
strings/SPARK2/Ada-SPARK-Count-The-Number-Of-Consistent-Strings,holds,0,2,1,count_the_number_of_consistent_strings.gpr,6,1,,,reproof-20261009-1,e8c7794f,gnatprove FSF 16.1.0 / Why3 1.8.2+git / cvc5 1.3.2 (86cecd8) / z3 4.15.4 / alt-ergo 2.6.1
strings/SPARK2/Ada-SPARK-Damerau-Levenshtein-Distance,holds,0,103,1,damerau_levenshtein_distance.gpr,30,1617,,,reproof-20261009-1,e8c7794f,gnatprove FSF 16.1.0 / Why3 1.8.2+git / cvc5 1.3.2 (86cecd8) / z3 4.15.4 / alt-ergo 2.6.1
strings/SPARK2/Ada-SPARK-Decode-String,holds,0,0,1,decode_string.gpr,3,0,,,reproof-20261009-1,e8c7794f,gnatprove FSF 16.1.0 / Why3 1.8.2+git / cvc5 1.3.2 (86cecd8) / z3 4.15.4 / alt-ergo 2.6.1
strings/SPARK2/Ada-SPARK-Decode-String-Stub,holds,0,0,1,decode_string_stub.gpr,2,0,,,reproof-20261009-1,e8c7794f,gnatprove FSF 16.1.0 / Why3 1.8.2+git / cvc5 1.3.2 (86cecd8) / z3 4.15.4 / alt-ergo 2.6.1
strings/SPARK2/Ada-SPARK-Edit-Distance,holds,0,37,1,edit_distance.gpr,15,1016,,,reproof-20261009-1,e8c7794f,gnatprove FSF 16.1.0 / Why3 1.8.2+git / cvc5 1.3.2 (86cecd8) / z3 4.15.4 / alt-ergo 2.6.1
strings/SPARK2/Ada-SPARK-Encode-And-Decode-Strings-Lite,holds,0,1,1,encode_and_decode_strings_lite.gpr,4,0,,,reproof-20261009-1,e8c7794f,gnatprove FSF 16.1.0 / Why3 1.8.2+git / cvc5 1.3.2 (86cecd8) / z3 4.15.4 / alt-ergo 2.6.1
strings/SPARK2/Ada-SPARK-Find-All-Anagrams-In-A-String,holds,0,1,1,find_all_anagrams_in_a_string.gpr,5,904,,,reproof-20261009-1,e8c7794f,gnatprove FSF 16.1.0 / Why3 1.8.2+git / cvc5 1.3.2 (86cecd8) / z3 4.15.4 / alt-ergo 2.6.1
strings/SPARK2/Ada-SPARK-First-Unique-Character-In-A-String,holds,0,1,1,first_unique_character_in_a_string.gpr,2,0,,,reproof-20261009-1,e8c7794f,gnatprove FSF 16.1.0 / Why3 1.8.2+git / cvc5 1.3.2 (86cecd8) / z3 4.15.4 / alt-ergo 2.6.1
strings/SPARK2/Ada-SPARK-Hamming-Distance,holds,0,2,1,hamming_distance.gpr,4,1,,,reproof-20261009-1,e8c7794f,gnatprove FSF 16.1.0 / Why3 1.8.2+git / cvc5 1.3.2 (86cecd8) / z3 4.15.4 / alt-ergo 2.6.1
strings/SPARK2/Ada-SPARK-Isomorphic-Strings,holds,0,1,1,isomorphic_strings.gpr,3,0,,,reproof-20261009-1,e8c7794f,gnatprove FSF 16.1.0 / Why3 1.8.2+git / cvc5 1.3.2 (86cecd8) / z3 4.15.4 / alt-ergo 2.6.1
strings/SPARK2/Ada-SPARK-Knuth-Morris-Pratt,holds,0,5,1,kmp.gpr,44,1,,,reproof-20261009-1,e8c7794f,gnatprove FSF 16.1.0 / Why3 1.8.2+git / cvc5 1.3.2 (86cecd8) / z3 4.15.4 / alt-ergo 2.6.1
strings/SPARK2/Ada-SPARK-Longest-Common-Prefix,holds,0,1,1,longest_common_prefix.gpr,2,0,,,reproof-20261009-1,e8c7794f,gnatprove FSF 16.1.0 / Why3 1.8.2+git / cvc5 1.3.2 (86cecd8) / z3 4.15.4 / alt-ergo 2.6.1
strings/SPARK2/Ada-SPARK-Longest-Common-Subsequence,holds,0,3,1,lcs.gpr,24,1,,,reproof-20261009-1,e8c7794f,gnatprove FSF 16.1.0 / Why3 1.8.2+git / cvc5 1.3.2 (86cecd8) / z3 4.15.4 / alt-ergo 2.6.1
strings/SPARK2/Ada-SPARK-Make-The-String-Great,holds,0,1,1,proof.gpr,8,1,,,reproof-20261009-1,e8c7794f,gnatprove FSF 16.1.0 / Why3 1.8.2+git / cvc5 1.3.2 (86cecd8) / z3 4.15.4 / alt-ergo 2.6.1
strings/SPARK2/Ada-SPARK-Multiply-Strings-Lite,holds,0,1,1,multiply_strings_lite.gpr,2,0,,,reproof-20261009-1,e8c7794f,gnatprove FSF 16.1.0 / Why3 1.8.2+git / cvc5 1.3.2 (86cecd8) / z3 4.15.4 / alt-ergo 2.6.1
strings/SPARK2/Ada-SPARK-Multiply-Strings-Stub,holds,0,8,1,proof.gpr,62,1271,,,reproof-20261009-1,e8c7794f,gnatprove FSF 16.1.0 / Why3 1.8.2+git / cvc5 1.3.2 (86cecd8) / z3 4.15.4 / alt-ergo 2.6.1
strings/SPARK2/Ada-SPARK-Number-Of-Lines-To-Write-String,holds,0,1,1,proof.gpr,8,1,,,reproof-20261009-1,e8c7794f,gnatprove FSF 16.1.0 / Why3 1.8.2+git / cvc5 1.3.2 (86cecd8) / z3 4.15.4 / alt-ergo 2.6.1
strings/SPARK2/Ada-SPARK-One-Edit-Distance,holds,0,2,1,proof.gpr,13,1,,,reproof-20261009-1,e8c7794f,gnatprove FSF 16.1.0 / Why3 1.8.2+git / cvc5 1.3.2 (86cecd8) / z3 4.15.4 / alt-ergo 2.6.1
strings/SPARK2/Ada-SPARK-Permutation-In-String,holds,0,1,1,permutation_in_string.gpr,3,0,,,reproof-20261009-1,e8c7794f,gnatprove FSF 16.1.0 / Why3 1.8.2+git / cvc5 1.3.2 (86cecd8) / z3 4.15.4 / alt-ergo 2.6.1
strings/SPARK2/Ada-SPARK-Rabin-Karp,holds,0,3,1,rabin_karp.gpr,22,2,,,reproof-20261009-1,e8c7794f,gnatprove FSF 16.1.0 / Why3 1.8.2+git / cvc5 1.3.2 (86cecd8) / z3 4.15.4 / alt-ergo 2.6.1
strings/SPARK2/Ada-SPARK-Remove-All-Adjacent-Duplicates-In-String,holds,0,9,1,proof.gpr,7,387,,,reproof-20261009-1,e8c7794f,gnatprove FSF 16.1.0 / Why3 1.8.2+git / cvc5 1.3.2 (86cecd8) / z3 4.15.4 / alt-ergo 2.6.1
strings/SPARK2/Ada-SPARK-Reorganize-String,holds,0,16,1,proof.gpr,2,7347,,,reproof-20261009-1,e8c7794f,gnatprove FSF 16.1.0 / Why3 1.8.2+git / cvc5 1.3.2 (86cecd8) / z3 4.15.4 / alt-ergo 2.6.1
strings/SPARK2/Ada-SPARK-Reorganize-String-Stub,holds,0,3,1,proof.gpr,5,409,,,reproof-20261009-1,e8c7794f,gnatprove FSF 16.1.0 / Why3 1.8.2+git / cvc5 1.3.2 (86cecd8) / z3 4.15.4 / alt-ergo 2.6.1
strings/SPARK2/Ada-SPARK-Repeated-String-Match,holds,0,3,1,proof.gpr,24,1,,,reproof-20261009-1,e8c7794f,gnatprove FSF 16.1.0 / Why3 1.8.2+git / cvc5 1.3.2 (86cecd8) / z3 4.15.4 / alt-ergo 2.6.1
strings/SPARK2/Ada-SPARK-Reverse-String,holds,0,1,1,reverse_string.gpr,2,0,,,reproof-20261009-1,e8c7794f,gnatprove FSF 16.1.0 / Why3 1.8.2+git / cvc5 1.3.2 (86cecd8) / z3 4.15.4 / alt-ergo 2.6.1
strings/SPARK2/Ada-SPARK-Reverse-String-II,holds,0,1,1,proof.gpr,2,0,,,reproof-20261009-1,e8c7794f,gnatprove FSF 16.1.0 / Why3 1.8.2+git / cvc5 1.3.2 (86cecd8) / z3 4.15.4 / alt-ergo 2.6.1
strings/SPARK2/Ada-SPARK-Reverse-Vowels-Of-A-String,holds,0,1,1,reverse_vowels_of_a_string.gpr,4,0,,,reproof-20261009-1,e8c7794f,gnatprove FSF 16.1.0 / Why3 1.8.2+git / cvc5 1.3.2 (86cecd8) / z3 4.15.4 / alt-ergo 2.6.1
strings/SPARK2/Ada-SPARK-Reverse-Words-In-A-String,holds,0,1,1,reverse_words_in_a_string.gpr,2,0,,,reproof-20261009-1,e8c7794f,gnatprove FSF 16.1.0 / Why3 1.8.2+git / cvc5 1.3.2 (86cecd8) / z3 4.15.4 / alt-ergo 2.6.1
strings/SPARK2/Ada-SPARK-Reverse-Words-In-A-String-III,holds,0,2,1,proof.gpr,23,1,,,reproof-20261009-1,e8c7794f,gnatprove FSF 16.1.0 / Why3 1.8.2+git / cvc5 1.3.2 (86cecd8) / z3 4.15.4 / alt-ergo 2.6.1
strings/SPARK2/Ada-SPARK-Rotate-String,holds,0,2,1,proof.gpr,8,1,,,reproof-20261009-1,e8c7794f,gnatprove FSF 16.1.0 / Why3 1.8.2+git / cvc5 1.3.2 (86cecd8) / z3 4.15.4 / alt-ergo 2.6.1
strings/SPARK2/Ada-SPARK-String-To-Integer-Atoi,holds,0,1,1,string_to_integer_atoi.gpr,2,0,,,reproof-20261009-1,e8c7794f,gnatprove FSF 16.1.0 / Why3 1.8.2+git / cvc5 1.3.2 (86cecd8) / z3 4.15.4 / alt-ergo 2.6.1
strings/SPARK2/Ada-SPARK-String-To-Integer-Atoi-Stub,holds,0,1,1,string_to_integer_atoi_stub.gpr,2,0,,,reproof-20261009-1,e8c7794f,gnatprove FSF 16.1.0 / Why3 1.8.2+git / cvc5 1.3.2 (86cecd8) / z3 4.15.4 / alt-ergo 2.6.1
strings/SPARK2/Ada-SPARK-Sum-Of-Digits-Of-String-After-Convert,holds,0,1,1,proof.gpr,13,1,,,reproof-20261009-1,e8c7794f,gnatprove FSF 16.1.0 / Why3 1.8.2+git / cvc5 1.3.2 (86cecd8) / z3 4.15.4 / alt-ergo 2.6.1
strings/SPARK2/Ada-SPARK-Total-Hamming-Distance,holds,0,2,1,total_hamming_distance.gpr,6,1,,,reproof-20261009-1,e8c7794f,gnatprove FSF 16.1.0 / Why3 1.8.2+git / cvc5 1.3.2 (86cecd8) / z3 4.15.4 / alt-ergo 2.6.1
strings/SPARK2/Ada-SPARK-Z-Algorithm,holds,0,7,1,z_algorithm.gpr,9,79,,,reproof-20261009-1,e8c7794f,gnatprove FSF 16.1.0 / Why3 1.8.2+git / cvc5 1.3.2 (86cecd8) / z3 4.15.4 / alt-ergo 2.6.1
strings/SPARK2/Add-Strings,holds,0,0,1,proof.gpr,2,0,,,reproof-20261009-1,e8c7794f,gnatprove FSF 16.1.0 / Why3 1.8.2+git / cvc5 1.3.2 (86cecd8) / z3 4.15.4 / alt-ergo 2.6.1
trees/SPARK2/Ada-SPARK-BST-Iterator-Stub,holds,0,2,1,proof.gpr,13,1,,,reproof-20261009-1,e8c7794f,gnatprove FSF 16.1.0 / Why3 1.8.2+git / cvc5 1.3.2 (86cecd8) / z3 4.15.4 / alt-ergo 2.6.1
trees/SPARK2/Ada-SPARK-Balanced-Binary-Tree,holds,0,4,1,proof.gpr,52,66,,,reproof-20261009-1,e8c7794f,gnatprove FSF 16.1.0 / Why3 1.8.2+git / cvc5 1.3.2 (86cecd8) / z3 4.15.4 / alt-ergo 2.6.1
trees/SPARK2/Ada-SPARK-Binary-Tree-Inorder,holds,0,1,1,proof.gpr,7,1,,,reproof-20261009-1,e8c7794f,gnatprove FSF 16.1.0 / Why3 1.8.2+git / cvc5 1.3.2 (86cecd8) / z3 4.15.4 / alt-ergo 2.6.1
trees/SPARK2/Ada-SPARK-Binary-Tree-Level-Order,holds,0,2,1,proof.gpr,9,1,,,reproof-20261009-1,e8c7794f,gnatprove FSF 16.1.0 / Why3 1.8.2+git / cvc5 1.3.2 (86cecd8) / z3 4.15.4 / alt-ergo 2.6.1
trees/SPARK2/Ada-SPARK-Binary-Tree-Max-Depth,holds,0,2,1,proof.gpr,20,1,,,reproof-20261009-1,e8c7794f,gnatprove FSF 16.1.0 / Why3 1.8.2+git / cvc5 1.3.2 (86cecd8) / z3 4.15.4 / alt-ergo 2.6.1
trees/SPARK2/Ada-SPARK-Binary-Tree-Min-Depth,holds,0,2,1,proof.gpr,20,1,,,reproof-20261009-1,e8c7794f,gnatprove FSF 16.1.0 / Why3 1.8.2+git / cvc5 1.3.2 (86cecd8) / z3 4.15.4 / alt-ergo 2.6.1
trees/SPARK2/Ada-SPARK-Binary-Tree-Paths,holds,0,1,1,proof.gpr,2,0,,,reproof-20261009-1,e8c7794f,gnatprove FSF 16.1.0 / Why3 1.8.2+git / cvc5 1.3.2 (86cecd8) / z3 4.15.4 / alt-ergo 2.6.1
trees/SPARK2/Ada-SPARK-Binary-Tree-Postorder,holds,0,2,1,proof.gpr,21,1,,,reproof-20261009-1,e8c7794f,gnatprove FSF 16.1.0 / Why3 1.8.2+git / cvc5 1.3.2 (86cecd8) / z3 4.15.4 / alt-ergo 2.6.1
trees/SPARK2/Ada-SPARK-Binary-Tree-Preorder,holds,0,1,1,proof.gpr,9,1,,,reproof-20261009-1,e8c7794f,gnatprove FSF 16.1.0 / Why3 1.8.2+git / cvc5 1.3.2 (86cecd8) / z3 4.15.4 / alt-ergo 2.6.1
trees/SPARK2/Ada-SPARK-Binary-Tree-Right-Side-View,holds,0,1,1,proof.gpr,2,0,,,reproof-20261009-1,e8c7794f,gnatprove FSF 16.1.0 / Why3 1.8.2+git / cvc5 1.3.2 (86cecd8) / z3 4.15.4 / alt-ergo 2.6.1
trees/SPARK2/Ada-SPARK-Construct-Binary-Tree-From-Inorder-And-Postorder-Lite,holds,0,0,1,proof.gpr,5,0,,,reproof-20261009-1,e8c7794f,gnatprove FSF 16.1.0 / Why3 1.8.2+git / cvc5 1.3.2 (86cecd8) / z3 4.15.4 / alt-ergo 2.6.1
trees/SPARK2/Ada-SPARK-Construct-Binary-Tree-From-Preorder-And-Inorder-Lite,holds,0,1,1,proof.gpr,5,0,,,reproof-20261009-1,e8c7794f,gnatprove FSF 16.1.0 / Why3 1.8.2+git / cvc5 1.3.2 (86cecd8) / z3 4.15.4 / alt-ergo 2.6.1
trees/SPARK2/Ada-SPARK-Convert-BST-To-Greater-Tree,holds,0,4,1,proof.gpr,4,819,,,reproof-20261009-1,e8c7794f,gnatprove FSF 16.1.0 / Why3 1.8.2+git / cvc5 1.3.2 (86cecd8) / z3 4.15.4 / alt-ergo 2.6.1
trees/SPARK2/Ada-SPARK-Count-Binary-Substrings,holds,0,2,1,proof.gpr,12,1,,,reproof-20261009-1,e8c7794f,gnatprove FSF 16.1.0 / Why3 1.8.2+git / cvc5 1.3.2 (86cecd8) / z3 4.15.4 / alt-ergo 2.6.1
trees/SPARK2/Ada-SPARK-Count-Complete-Tree-Nodes,holds,0,0,1,proof.gpr,2,0,,,reproof-20261009-1,e8c7794f,gnatprove FSF 16.1.0 / Why3 1.8.2+git / cvc5 1.3.2 (86cecd8) / z3 4.15.4 / alt-ergo 2.6.1
trees/SPARK2/Ada-SPARK-Delete-Node-BST-Stub,holds,0,1,1,proof.gpr,11,1,,,reproof-20261009-1,e8c7794f,gnatprove FSF 16.1.0 / Why3 1.8.2+git / cvc5 1.3.2 (86cecd8) / z3 4.15.4 / alt-ergo 2.6.1
trees/SPARK2/Ada-SPARK-Delete-Node-In-A-BST-Lite,holds,0,1,1,proof.gpr,1,0,,,reproof-20261009-1,e8c7794f,gnatprove FSF 16.1.0 / Why3 1.8.2+git / cvc5 1.3.2 (86cecd8) / z3 4.15.4 / alt-ergo 2.6.1
trees/SPARK2/Ada-SPARK-Diameter-Of-Binary-Tree,holds,0,3,1,proof.gpr,25,1,,,reproof-20261009-1,e8c7794f,gnatprove FSF 16.1.0 / Why3 1.8.2+git / cvc5 1.3.2 (86cecd8) / z3 4.15.4 / alt-ergo 2.6.1
trees/SPARK2/Ada-SPARK-Find-Mode-In-BST,holds,0,1,1,proof.gpr,2,0,,,reproof-20261009-1,e8c7794f,gnatprove FSF 16.1.0 / Why3 1.8.2+git / cvc5 1.3.2 (86cecd8) / z3 4.15.4 / alt-ergo 2.6.1
trees/SPARK2/Ada-SPARK-Flatten-Binary-Tree-To-Linked-List-Lite,holds,0,0,1,proof.gpr,2,0,,,reproof-20261009-1,e8c7794f,gnatprove FSF 16.1.0 / Why3 1.8.2+git / cvc5 1.3.2 (86cecd8) / z3 4.15.4 / alt-ergo 2.6.1
trees/SPARK2/Ada-SPARK-Get-Equal-Substrings-Within-Budget,holds,0,161,1,proof.gpr,7,14223,,,reproof-20261009-1,e8c7794f,gnatprove FSF 16.1.0 / Why3 1.8.2+git / cvc5 1.3.2 (86cecd8) / z3 4.15.4 / alt-ergo 2.6.1
trees/SPARK2/Ada-SPARK-Implement-Trie,holds,0,1,1,proof.gpr,5,1,,,reproof-20261009-1,e8c7794f,gnatprove FSF 16.1.0 / Why3 1.8.2+git / cvc5 1.3.2 (86cecd8) / z3 4.15.4 / alt-ergo 2.6.1
trees/SPARK2/Ada-SPARK-Insert-Into-BST,holds,0,7,1,proof.gpr,53,1213,,,reproof-20261009-1,e8c7794f,gnatprove FSF 16.1.0 / Why3 1.8.2+git / cvc5 1.3.2 (86cecd8) / z3 4.15.4 / alt-ergo 2.6.1
trees/SPARK2/Ada-SPARK-Invert-Binary-Tree,holds,0,1,1,proof.gpr,4,0,,,reproof-20261009-1,e8c7794f,gnatprove FSF 16.1.0 / Why3 1.8.2+git / cvc5 1.3.2 (86cecd8) / z3 4.15.4 / alt-ergo 2.6.1
trees/SPARK2/Ada-SPARK-Kth-Smallest-BST-Stub,holds,0,1,1,proof.gpr,11,1,,,reproof-20261009-1,e8c7794f,gnatprove FSF 16.1.0 / Why3 1.8.2+git / cvc5 1.3.2 (86cecd8) / z3 4.15.4 / alt-ergo 2.6.1
trees/SPARK2/Ada-SPARK-Leaf-Similar-Trees,holds,0,1,1,proof.gpr,2,0,,,reproof-20261009-1,e8c7794f,gnatprove FSF 16.1.0 / Why3 1.8.2+git / cvc5 1.3.2 (86cecd8) / z3 4.15.4 / alt-ergo 2.6.1
trees/SPARK2/Ada-SPARK-Longest-Common-Substring,holds,0,28,1,longest_common_substring.gpr,12,3679,,,reproof-20261009-1,e8c7794f,gnatprove FSF 16.1.0 / Why3 1.8.2+git / cvc5 1.3.2 (86cecd8) / z3 4.15.4 / alt-ergo 2.6.1
trees/SPARK2/Ada-SPARK-Longest-Palindromic-Substring,holds,0,1,1,longest_palindromic_substring.gpr,7,0,,,reproof-20261009-1,e8c7794f,gnatprove FSF 16.1.0 / Why3 1.8.2+git / cvc5 1.3.2 (86cecd8) / z3 4.15.4 / alt-ergo 2.6.1
trees/SPARK2/Ada-SPARK-Longest-Substring-Without-Repeat,holds,0,6,1,longest_substring_without_repeat.gpr,7,97,,,reproof-20261009-1,e8c7794f,gnatprove FSF 16.1.0 / Why3 1.8.2+git / cvc5 1.3.2 (86cecd8) / z3 4.15.4 / alt-ergo 2.6.1
trees/SPARK2/Ada-SPARK-Longest-Substring-Without-Repeating,holds,0,1,1,longest_substring_without_repeating.gpr,9,0,,,reproof-20261009-1,e8c7794f,gnatprove FSF 16.1.0 / Why3 1.8.2+git / cvc5 1.3.2 (86cecd8) / z3 4.15.4 / alt-ergo 2.6.1
trees/SPARK2/Ada-SPARK-Lowest-Common-Ancestor-BST,holds,0,1,1,proof.gpr,5,0,,,reproof-20261009-1,e8c7794f,gnatprove FSF 16.1.0 / Why3 1.8.2+git / cvc5 1.3.2 (86cecd8) / z3 4.15.4 / alt-ergo 2.6.1
trees/SPARK2/Ada-SPARK-Lowest-Common-Ancestor-Of-BST,holds,0,1,1,proof.gpr,7,1,,,reproof-20261009-1,e8c7794f,gnatprove FSF 16.1.0 / Why3 1.8.2+git / cvc5 1.3.2 (86cecd8) / z3 4.15.4 / alt-ergo 2.6.1
trees/SPARK2/Ada-SPARK-Maximum-Binary-Tree,holds,0,1,1,proof.gpr,3,0,,,reproof-20261009-1,e8c7794f,gnatprove FSF 16.1.0 / Why3 1.8.2+git / cvc5 1.3.2 (86cecd8) / z3 4.15.4 / alt-ergo 2.6.1
trees/SPARK2/Ada-SPARK-Maximum-Depth-Of-Binary-Tree,holds,0,2,1,proof.gpr,21,1,,,reproof-20261009-1,e8c7794f,gnatprove FSF 16.1.0 / Why3 1.8.2+git / cvc5 1.3.2 (86cecd8) / z3 4.15.4 / alt-ergo 2.6.1
trees/SPARK2/Ada-SPARK-Maximum-Depth-Of-N-Ary-Tree,holds,0,1,1,proof.gpr,3,0,,,reproof-20261009-1,e8c7794f,gnatprove FSF 16.1.0 / Why3 1.8.2+git / cvc5 1.3.2 (86cecd8) / z3 4.15.4 / alt-ergo 2.6.1
trees/SPARK2/Ada-SPARK-Merge-Two-Binary-Trees,holds,0,20,1,proof.gpr,8,1797,,,reproof-20261009-1,e8c7794f,gnatprove FSF 16.1.0 / Why3 1.8.2+git / cvc5 1.3.2 (86cecd8) / z3 4.15.4 / alt-ergo 2.6.1
trees/SPARK2/Ada-SPARK-Minimum-Depth-Of-Binary-Tree,holds,0,2,1,proof.gpr,21,1,,,reproof-20261009-1,e8c7794f,gnatprove FSF 16.1.0 / Why3 1.8.2+git / cvc5 1.3.2 (86cecd8) / z3 4.15.4 / alt-ergo 2.6.1
trees/SPARK2/Ada-SPARK-Minimum-Height-Trees,holds,0,1,1,minimum_height_trees.gpr,10,1,,,reproof-20261009-1,e8c7794f,gnatprove FSF 16.1.0 / Why3 1.8.2+git / cvc5 1.3.2 (86cecd8) / z3 4.15.4 / alt-ergo 2.6.1
trees/SPARK2/Ada-SPARK-Minimum-Window-Substring,holds,0,1,1,minimum_window_substring.gpr,10,0,,,reproof-20261009-1,e8c7794f,gnatprove FSF 16.1.0 / Why3 1.8.2+git / cvc5 1.3.2 (86cecd8) / z3 4.15.4 / alt-ergo 2.6.1
trees/SPARK2/Ada-SPARK-N-Ary-Tree-Level-Order-Traversal,holds,0,201,1,proof.gpr,11,6308,,,reproof-20261009-1,e8c7794f,gnatprove FSF 16.1.0 / Why3 1.8.2+git / cvc5 1.3.2 (86cecd8) / z3 4.15.4 / alt-ergo 2.6.1
trees/SPARK2/Ada-SPARK-N-Ary-Tree-Postorder-Traversal,holds,0,301,1,proof.gpr,13,3579,,,reproof-20261009-1,e8c7794f,gnatprove FSF 16.1.0 / Why3 1.8.2+git / cvc5 1.3.2 (86cecd8) / z3 4.15.4 / alt-ergo 2.6.1
trees/SPARK2/Ada-SPARK-N-Ary-Tree-Preorder-Traversal,holds,0,188,1,proof.gpr,11,2969,,,reproof-20261009-1,e8c7794f,gnatprove FSF 16.1.0 / Why3 1.8.2+git / cvc5 1.3.2 (86cecd8) / z3 4.15.4 / alt-ergo 2.6.1
trees/SPARK2/Ada-SPARK-Number-Of-Substrings-Containing-All-Three-Characters,holds,0,1,1,proof.gpr,4,0,,,reproof-20261009-1,e8c7794f,gnatprove FSF 16.1.0 / Why3 1.8.2+git / cvc5 1.3.2 (86cecd8) / z3 4.15.4 / alt-ergo 2.6.1
trees/SPARK2/Ada-SPARK-Range-Sum-BST,holds,0,4,1,proof.gpr,11,1,,,reproof-20261009-1,e8c7794f,gnatprove FSF 16.1.0 / Why3 1.8.2+git / cvc5 1.3.2 (86cecd8) / z3 4.15.4 / alt-ergo 2.6.1
trees/SPARK2/Ada-SPARK-Range-Sum-Of-BST,holds,0,4,1,proof.gpr,14,1,,,reproof-20261009-1,e8c7794f,gnatprove FSF 16.1.0 / Why3 1.8.2+git / cvc5 1.3.2 (86cecd8) / z3 4.15.4 / alt-ergo 2.6.1
trees/SPARK2/Ada-SPARK-Red-Black-Tree,holds,0,3,1,red_black_tree.gpr,4,1,,,reproof-20261009-1,e8c7794f,gnatprove FSF 16.1.0 / Why3 1.8.2+git / cvc5 1.3.2 (86cecd8) / z3 4.15.4 / alt-ergo 2.6.1
trees/SPARK2/Ada-SPARK-Repeated-Substring-Pattern,holds,0,1,1,repeated_substring_pattern.gpr,2,0,,,reproof-20261009-1,e8c7794f,gnatprove FSF 16.1.0 / Why3 1.8.2+git / cvc5 1.3.2 (86cecd8) / z3 4.15.4 / alt-ergo 2.6.1
trees/SPARK2/Ada-SPARK-Same-Tree,holds,0,3,1,proof.gpr,17,1,,,reproof-20261009-1,e8c7794f,gnatprove FSF 16.1.0 / Why3 1.8.2+git / cvc5 1.3.2 (86cecd8) / z3 4.15.4 / alt-ergo 2.6.1
trees/SPARK2/Ada-SPARK-Subtree-Of-Another-Tree,holds,0,4,1,proof.gpr,21,1,,,reproof-20261009-1,e8c7794f,gnatprove FSF 16.1.0 / Why3 1.8.2+git / cvc5 1.3.2 (86cecd8) / z3 4.15.4 / alt-ergo 2.6.1
trees/SPARK2/Ada-SPARK-Symmetric-Tree,holds,0,3,1,proof.gpr,18,1,,,reproof-20261009-1,e8c7794f,gnatprove FSF 16.1.0 / Why3 1.8.2+git / cvc5 1.3.2 (86cecd8) / z3 4.15.4 / alt-ergo 2.6.1
trees/SPARK2/Ada-SPARK-Trim-BST-Stub,holds,0,3,1,proof.gpr,11,1,,,reproof-20261009-1,e8c7794f,gnatprove FSF 16.1.0 / Why3 1.8.2+git / cvc5 1.3.2 (86cecd8) / z3 4.15.4 / alt-ergo 2.6.1
trees/SPARK2/Ada-SPARK-Two-Sum-BST-Stub,holds,0,2,1,proof.gpr,2,0,,,reproof-20261009-1,e8c7794f,gnatprove FSF 16.1.0 / Why3 1.8.2+git / cvc5 1.3.2 (86cecd8) / z3 4.15.4 / alt-ergo 2.6.1
trees/SPARK2/Ada-SPARK-Unique-BSTs-Stub,holds,0,1,1,proof.gpr,2,0,,,reproof-20261009-1,e8c7794f,gnatprove FSF 16.1.0 / Why3 1.8.2+git / cvc5 1.3.2 (86cecd8) / z3 4.15.4 / alt-ergo 2.6.1
trees/SPARK2/Ada-SPARK-Unique-Paths-With-Obstacles,holds,0,3,1,unique_paths_with_obstacles.gpr,12,26,,,reproof-20261009-1,e8c7794f,gnatprove FSF 16.1.0 / Why3 1.8.2+git / cvc5 1.3.2 (86cecd8) / z3 4.15.4 / alt-ergo 2.6.1
trees/SPARK2/Ada-SPARK-Univalued-Binary-Tree,holds,0,1,1,proof.gpr,2,0,,,reproof-20261009-1,e8c7794f,gnatprove FSF 16.1.0 / Why3 1.8.2+git / cvc5 1.3.2 (86cecd8) / z3 4.15.4 / alt-ergo 2.6.1
trees/SPARK2/Ada-SPARK-Validate-BST-Stub,holds,0,3,1,proof.gpr,19,1,,,reproof-20261009-1,e8c7794f,gnatprove FSF 16.1.0 / Why3 1.8.2+git / cvc5 1.3.2 (86cecd8) / z3 4.15.4 / alt-ergo 2.6.1
trees/SPARK2/Average-Of-Levels-In-Binary-Tree,holds,0,3,1,proof.gpr,3,1,,,reproof-20261009-1,e8c7794f,gnatprove FSF 16.1.0 / Why3 1.8.2+git / cvc5 1.3.2 (86cecd8) / z3 4.15.4 / alt-ergo 2.6.1
