"folder","seed","family","op","file","lines","before","after","result"
"misc/SPARK2/Ada-SPARK-Subsets","572531166","std","+ -> -","subsets.adb","153","R (J) := Items (Items'First + (I - S'First));","R (J) := Items (Items'First - (I - S'First));","killed"
"misc/SPARK2/Ada-SPARK-Subsets","572531166","alt","constant 1 -> 2","subsets.adb","127","N := N + 1;","N := N + 2;","killed"
"misc/SPARK2/Ada-SPARK-Subsets","572531166","ho","and then -> or else + = -> /=","subsets.adb","33 135","and then (for all K in S'First .. S'First - 1 + L => not S (K)), || if S'Length = 0 then","or else (for all K in S'First .. S'First - 1 + L => not S (K)), || if S'Length /= 0 then","stillborn"
"misc/SPARK2/Ada-SPARK-Subsets","572531166","B","replace variable B -> A","subsets.adb","51","(if K - A'First >= I then A (K) = B (K))),","(if K - A'First >= I then A (K) = A (K))),","survived"
"misc/SPARK2/Ada-SPARK-Subsets","572531166","C","actual off-by-one -1","subsets.adb","57","Lemma_Frame (A, B, I, L - 1);","Lemma_Frame (A, B, I - 1, L - 1);","killed"
"misc/SPARK2/Ada-SPARK-Subsets","572531166","ho","- 1 -> - 0 + - -> +","subsets.adb","71 114","Lemma_Count_Mono (S, I, L - 1); || Lemma_All_False (S, P - 1);","Lemma_Count_Mono (S, I, L - 0); || Lemma_All_False (S, P + 1);","killed"
"misc/SPARK2/Ada-SPARK-Subsets","572531166","std","- 1 -> - 0","subsets.adb","111","S (S'First + (P - 1)) := True;","S (S'First + (P - 0)) := True;","killed"
"misc/SPARK2/Ada-SPARK-Subsets","572531166","alt","delete statement","subsets.adb","152","J := J + 1;","null;","killed"
"misc/SPARK2/Ada-SPARK-Subsets","572531166","ho","> -> >= + - -> +","subsets.adb","56 113","if L > I then || Lemma_All_True (S0, P - 1);","if L >= I then || Lemma_All_True (S0, P + 1);","killed"
"misc/SPARK2/Ada-SPARK-Subsets","572531166","B","replace variable K -> P","subsets.adb","51","(if K - A'First >= I then A (K) = B (K))),","(if K - A'First >= I then A (P) = B (K))),","stillborn"
"misc/SPARK2/Ada-SPARK-Subsets","572531166","C","actual off-by-one -1","subsets.adb","111","S (S'First + (P - 1)) := True;","S (S'First + (P - 1) - 1) := True;","killed"
"misc/SPARK2/Ada-SPARK-Subsets","572531166","B","replace variable I -> L","subsets.adb","51","(if K - A'First >= I then A (K) = B (K))),","(if K - A'First >= L then A (K) = B (K))),","survived"
"misc/SPARK2/Ada-SPARK-Subsets","572531166","std","- -> +","subsets.adb","111","S (S'First + (P - 1)) := True;","S (S'First + (P + 1)) := True;","killed"
"misc/SPARK2/Ada-SPARK-Subsets","572531166","alt","delete statement","subsets.adb","112","Found := True;","null;","killed"
"misc/SPARK2/Ada-SPARK-Subsets","572531166","ho","= -> /= + + -> -","subsets.adb","51 152","(if K - A'First >= I then A (K) = B (K))), || J := J + 1;","(if K - A'First >= I then A (K) /= B (K))), || J := J - 1;","killed"
"misc/SPARK2/Ada-SPARK-Subsets","572531166","B","replace variable S -> N","subsets.adb","99","S (S'First + (P - 1)) := False;","N (S'First + (P - 1)) := False;","stillborn"
"misc/SPARK2/Ada-SPARK-Subsets","572531166","C","actual off-by-one -1","subsets.adb","71","Lemma_Count_Mono (S, I, L - 1);","Lemma_Count_Mono (S - 1, I, L - 1);","stillborn"
"misc/SPARK2/Ada-SPARK-Subsets","572531166","B","replace variable A -> B","subsets.adb","57","Lemma_Frame (A, B, I, L - 1);","Lemma_Frame (B, B, I, L - 1);","survived"
"misc/SPARK2/Ada-SPARK-Subsets","572531166","C","actual off-by-one -1","subsets.adb","151","Lemma_Count_Mono (S, I, S'Last);","Lemma_Count_Mono (S, I, S'Last - 1);","killed"
"misc/SPARK2/Ada-SPARK-Subsets","572531166","std","= -> /=","subsets.adb","135","if S'Length = 0 then","if S'Length /= 0 then","killed"
"misc/SPARK2/Ada-SPARK-Subsets","572531166","alt","constant 1 -> 2","subsets.adb","100","P := P + 1;","P := P + 2;","killed"
"misc/SPARK2/Ada-SPARK-Subsets","572531166","ho","and then -> or else + - 1 -> - 0","subsets.adb","33 114","and then (for all K in S'First .. S'First - 1 + L => not S (K)), || Lemma_All_False (S, P - 1);","or else (for all K in S'First .. S'First - 1 + L => not S (K)), || Lemma_All_False (S, P - 0);","stillborn"
"misc/SPARK2/Ada-SPARK-Subsets","572531166","B","replace variable L -> Found","subsets.adb","70","if L > I then","if Found > I then","stillborn"
"misc/SPARK2/Ada-SPARK-Subsets","572531166","C","actual off-by-one -1","subsets.ads","82","(if L = 0 then 0 else Rank (S, L - 1) + (if S (S'First + (L - 1)) then Pow2 (L - 1) else 0));","(if L = 0 then 0 else Rank (S, L - 1) + (if S (S'First + (L - 1)) then Pow2 (L - 1 - 1) else 0));","killed"
"misc/SPARK2/Ada-SPARK-Subsets","572531166","ho","+ -> - + + 1 -> + 0","subsets.adb","99 127","S (S'First + (P - 1)) := False; || N := N + 1;","S (S'First - (P - 1)) := False; || N := N + 0;","killed"
"misc/SPARK2/Ada-SPARK-Subsets","572531166","B","replace variable R -> B","subsets.adb","83","return R;","return B;","stillborn"
"misc/SPARK2/Ada-SPARK-Subsets","572531166","B","replace variable L -> Found","subsets.adb","71","Lemma_Count_Mono (S, I, L - 1);","Lemma_Count_Mono (S, I, Found - 1);","stillborn"
"misc/SPARK2/Ada-SPARK-Subsets","572531166","B","replace variable K -> L","subsets.adb","51","(if K - A'First >= I then A (K) = B (K))),","(if K - A'First >= I then A (L) = B (K))),","killed"
"misc/SPARK2/Ada-SPARK-Subsets","572531166","std","+ -> -","subsets.adb","111","S (S'First + (P - 1)) := True;","S (S'First - (P - 1)) := True;","killed"
"misc/SPARK2/Ada-SPARK-Subsets","572531166","alt","constant 1 -> 2","subsets.adb","152","J := J + 1;","J := J + 2;","killed"
"misc/SPARK2/Ada-SPARK-Subsets","572531166","ho","- -> + + - 1 -> - 0","subsets.adb","51 71","(if K - A'First >= I then A (K) = B (K))), || Lemma_Count_Mono (S, I, L - 1);","(if K + A'First >= I then A (K) = B (K))), || Lemma_Count_Mono (S, I, L - 0);","killed"
"misc/SPARK2/Ada-SPARK-Subsets","572531166","B","replace variable J -> B","subsets.adb","152","J := J + 1;","J := B + 1;","stillborn"
"misc/SPARK2/Ada-SPARK-Subsets","572531166","C","actual off-by-one +1","subsets.adb","71","Lemma_Count_Mono (S, I, L - 1);","Lemma_Count_Mono (S, I + 1, L - 1);","killed"
"misc/SPARK2/Ada-SPARK-Subsets","572531166","B","replace variable P -> B","subsets.adb","116","Lemma_Frame (S, S0, P, N);","Lemma_Frame (S, S0, B, N);","stillborn"
"misc/SPARK2/Ada-SPARK-Subsets","572531166","B","replace variable N -> J","subsets.adb","130","return N;","return J;","stillborn"
"misc/SPARK2/Ada-SPARK-Subsets","572531166","B","replace variable N -> S","subsets.adb","103","if P > N then","if P > S then","stillborn"
"misc/SPARK2/Ada-SPARK-Subsets","572531166","B","replace variable B -> P","subsets.adb","51","(if K - A'First >= I then A (K) = B (K))),","(if K - A'First >= I then A (K) = P (K))),","stillborn"
"misc/SPARK2/Ada-SPARK-Subsets","572531166","B","replace variable N -> I","subsets.adb","79","for I in 1 .. N loop","for I in 1 .. I loop","stillborn"
"misc/SPARK2/Ada-SPARK-Subsets","572531166","B","replace variable L -> J","subsets.adb","35","Subprogram_Variant => (Decreases => L);","Subprogram_Variant => (Decreases => J);","stillborn"
"misc/SPARK2/Ada-SPARK-Subsets","572531166","B","replace variable I -> J","subsets.adb","153","R (J) := Items (Items'First + (I - S'First));","R (J) := Items (Items'First + (J - S'First));","killed"
"misc/SPARK2/Ada-SPARK-Subsets","572531166","std","* -> +","subsets.adb","81","R := 2 * R;","R := 2 + R;","killed"
"misc/SPARK2/Ada-SPARK-Subsets","572531166","alt","constant 1 -> 2","subsets.adb","57","Lemma_Frame (A, B, I, L - 1);","Lemma_Frame (A, B, I, L - 2);","killed"
"misc/SPARK2/Ada-SPARK-Subsets","572531166","ho","> -> >= + >= -> >","subsets.adb","38 51","if L > 0 then || (if K - A'First >= I then A (K) = B (K))),","if L >= 0 then || (if K - A'First > I then A (K) = B (K))),","killed"
"misc/SPARK2/Ada-SPARK-Subsets","572531166","B","replace variable S -> R","subsets.adb","33","and then (for all K in S'First .. S'First - 1 + L => not S (K)),","and then (for all K in S'First .. S'First - 1 + L => not R (K)),","stillborn"
"misc/SPARK2/Ada-SPARK-Subsets","572531166","C","swap first two actuals","subsets.adb","114","Lemma_All_False (S, P - 1);","Lemma_All_False (P - 1, S);","stillborn"
"misc/SPARK2/Ada-SPARK-Subsets","572531166","B","replace variable S -> N","subsets.adb","39","Lemma_All_False (S, L - 1);","Lemma_All_False (N, L - 1);","stillborn"
"misc/SPARK2/Ada-SPARK-Subsets","572531166","C","actual off-by-one +1","subsets.ads","85","(if I < S'First then 0 else Count_True (S, I - 1) + (if S (I) then 1 else 0));","(if I < S'First then 0 else Count_True (S + 1, I - 1) + (if S (I) then 1 else 0));","stillborn"
"misc/SPARK2/Ada-SPARK-Subsets","572531166","B","replace variable A -> S","subsets.adb","57","Lemma_Frame (A, B, I, L - 1);","Lemma_Frame (S, B, I, L - 1);","stillborn"
"misc/SPARK2/Ada-SPARK-Subsets","572531166","C","actual off-by-one -1","subsets.ads","35","(for all K in 1 .. Max_Items => Pow2 (K) = 2 * Pow2 (K - 1))","(for all K in 1 .. Max_Items => Pow2 (K) = 2 * Pow2 (K - 1 - 1))","killed"
"misc/SPARK2/Ada-SPARK-Subsets","572531166","B","replace variable P -> N","subsets.adb","103","if P > N then","if N > N then","killed"
"misc/SPARK2/Ada-SPARK-Subsets","572531166","std","> -> >=","subsets.adb","103","if P > N then","if P >= N then","killed"
"misc/SPARK2/Ada-SPARK-Subsets","572531166","alt","constant 1 -> 0","subsets.adb","141","R : Item_List (1 .. N) := [others => 0];","R : Item_List (0 .. N) := [others => 0];","killed"
"misc/SPARK2/Ada-SPARK-Subsets","572531166","ho","+ -> - + - -> +","subsets.adb","100 114","P := P + 1; || Lemma_All_False (S, P - 1);","P := P - 1; || Lemma_All_False (S, P + 1);","killed"
"misc/SPARK2/Ada-SPARK-Subsets","572531166","B","replace variable S -> N","subsets.adb","151","Lemma_Count_Mono (S, I, S'Last);","Lemma_Count_Mono (N, I, S'Last);","stillborn"
"misc/SPARK2/Ada-SPARK-Subsets","572531166","C","actual off-by-one +1","subsets.adb","24","Lemma_All_True (S, L - 1);","Lemma_All_True (S + 1, L - 1);","stillborn"
"misc/SPARK2/Ada-SPARK-Subsets","572531166","B","replace variable N -> R","subsets.adb","116","Lemma_Frame (S, S0, P, N);","Lemma_Frame (S, S0, P, R);","stillborn"
"misc/SPARK2/Ada-SPARK-Subsets","572531166","C","actual off-by-one -1","subsets.ads","82","(if L = 0 then 0 else Rank (S, L - 1) + (if S (S'First + (L - 1)) then Pow2 (L - 1) else 0));","(if L = 0 then 0 else Rank (S, L - 1) + (if S (S'First + (L - 1) - 1) then Pow2 (L - 1) else 0));","killed"
"misc/SPARK2/Ada-SPARK-Subsets","572531166","B","replace variable K -> L","subsets.adb","33","and then (for all K in S'First .. S'First - 1 + L => not S (K)),","and then (for all K in S'First .. S'First - 1 + L => not S (L)),","killed"
"misc/SPARK2/Ada-SPARK-Subsets","572531166","std","- 1 -> - 0","subsets.adb","33","and then (for all K in S'First .. S'First - 1 + L => not S (K)),","and then (for all K in S'First .. S'First - 0 + L => not S (K)),","killed"
"misc/SPARK2/Ada-SPARK-Subsets","572531166","alt","constant 1 -> 2","subsets.adb","141","R : Item_List (1 .. N) := [others => 0];","R : Item_List (2 .. N) := [others => 0];","killed"
"misc/SPARK2/Ada-SPARK-Subsets","572531166","ho","> -> >= + + -> -","subsets.adb","56 99","if L > I then || S (S'First + (P - 1)) := False;","if L >= I then || S (S'First - (P - 1)) := False;","killed"
"misc/SPARK2/Ada-SPARK-Subsets","572531166","B","replace variable P -> A","subsets.adb","103","if P > N then","if A > N then","stillborn"
"misc/SPARK2/Ada-SPARK-Subsets","572531166","C","actual off-by-one -1","subsets.adb","24","Lemma_All_True (S, L - 1);","Lemma_All_True (S - 1, L - 1);","stillborn"
"misc/SPARK2/Ada-SPARK-Subsets","572531166","B","replace variable P -> A","subsets.adb","100","P := P + 1;","P := A + 1;","stillborn"
"misc/SPARK2/Ada-SPARK-Subsets","572531166","C","actual off-by-one +1","subsets.adb","71","Lemma_Count_Mono (S, I, L - 1);","Lemma_Count_Mono (S + 1, I, L - 1);","stillborn"
"misc/SPARK2/Ada-SPARK-Subsets","572531166","B","replace variable L -> Found","subsets.adb","56","if L > I then","if Found > I then","stillborn"
"misc/SPARK2/Ada-SPARK-Subsets","572531166","C","swap first two actuals","subsets.adb","39","Lemma_All_False (S, L - 1);","Lemma_All_False (L - 1, S);","stillborn"
"misc/SPARK2/Ada-SPARK-Subsets","572531166","B","replace variable P -> B","subsets.adb","99","S (S'First + (P - 1)) := False;","S (S'First + (B - 1)) := False;","stillborn"
"misc/SPARK2/Ada-SPARK-Subsets","572531166","C","actual off-by-one +1","subsets.ads","82","(if L = 0 then 0 else Rank (S, L - 1) + (if S (S'First + (L - 1)) then Pow2 (L - 1) else 0));","(if L = 0 then 0 else Rank (S + 1, L - 1) + (if S (S'First + (L - 1)) then Pow2 (L - 1) else 0));","stillborn"
"misc/SPARK2/Ada-SPARK-Subsets","572531166","B","replace variable Items -> S","subsets.adb","153","R (J) := Items (Items'First + (I - S'First));","R (J) := S (Items'First + (I - S'First));","stillborn"
"misc/SPARK2/Ada-SPARK-Subsets","572531166","C","swap first two actuals","subsets.adb","116","Lemma_Frame (S, S0, P, N);","Lemma_Frame (S0, S, P, N);","survived"
"misc/SPARK2/Ada-SPARK-Subsets","572531166","B","replace variable I -> K","subsets.adb","70","if L > I then","if L > K then","stillborn"
"misc/SPARK2/Ada-SPARK-Subsets","572531166","B","replace variable L -> A","subsets.adb","57","Lemma_Frame (A, B, I, L - 1);","Lemma_Frame (A, B, I, A - 1);","stillborn"
"misc/SPARK2/Ada-SPARK-Subsets","572531166","B","replace variable S -> L","subsets.adb","24","Lemma_All_True (S, L - 1);","Lemma_All_True (L, L - 1);","stillborn"
"misc/SPARK2/Ada-SPARK-Subsets","572531166","B","replace variable J -> Items","subsets.adb","152","J := J + 1;","Items := J + 1;","stillborn"
"misc/SPARK2/Ada-SPARK-Subsets","572531166","B","replace variable K -> J","subsets.adb","51","(if K - A'First >= I then A (K) = B (K))),","(if J - A'First >= I then A (K) = B (K))),","stillborn"
"misc/SPARK2/Ada-SPARK-Subsets","572531166","B","replace variable S -> R","subsets.adb","18","and then (for all K in S'First .. S'First - 1 + L => S (K)),","and then (for all K in S'First .. S'First - 1 + L => R (K)),","stillborn"
"misc/SPARK2/Ada-SPARK-Subsets","572531166","B","replace variable N -> B","subsets.adb","105","Lemma_All_True (S0, N);","Lemma_All_True (S0, B);","stillborn"
"misc/SPARK2/Ada-SPARK-Subsets","572531166","B","replace variable I -> L","subsets.adb","151","Lemma_Count_Mono (S, I, S'Last);","Lemma_Count_Mono (S, L, S'Last);","stillborn"
"misc/SPARK2/Ada-SPARK-Subsets","572531166","B","replace variable R -> L","subsets.adb","81","R := 2 * R;","L := 2 * R;","stillborn"
"misc/SPARK2/Ada-SPARK-Subsets","572531166","B","replace variable Items -> Found","subsets.adb","153","R (J) := Items (Items'First + (I - S'First));","R (J) := Found (Items'First + (I - S'First));","stillborn"
"misc/SPARK2/Ada-SPARK-Subsets","572531166","B","replace variable I -> K","subsets.adb","51","(if K - A'First >= I then A (K) = B (K))),","(if K - A'First >= K then A (K) = B (K))),","survived"
"misc/SPARK2/Ada-SPARK-Subsets","572531166","std","- -> +","subsets.adb","153","R (J) := Items (Items'First + (I - S'First));","R (J) := Items (Items'First + (I + S'First));","killed"
"misc/SPARK2/Ada-SPARK-Subsets","572531166","alt","constant 0 -> 1","subsets.adb","23","if L > 0 then","if L > 1 then","survived"
"misc/SPARK2/Ada-SPARK-Subsets","572531166","ho","- -> + + = -> /=","subsets.adb","24 51","Lemma_All_True (S, L - 1); || (if K - A'First >= I then A (K) = B (K))),","Lemma_All_True (S, L + 1); || (if K - A'First >= I then A (K) /= B (K))),","killed"
"misc/SPARK2/Ada-SPARK-Subsets","572531166","B","replace variable L -> P","subsets.adb","35","Subprogram_Variant => (Decreases => L);","Subprogram_Variant => (Decreases => P);","stillborn"
"misc/SPARK2/Ada-SPARK-Subsets","572531166","C","actual off-by-one +1","subsets.adb","105","Lemma_All_True (S0, N);","Lemma_All_True (S0, N + 1);","killed"
"misc/SPARK2/Ada-SPARK-Subsets","572531166","B","replace variable K -> R","subsets.adb","18","and then (for all K in S'First .. S'First - 1 + L => S (K)),","and then (for all R in S'First .. S'First - 1 + L => S (K)),","stillborn"
"misc/SPARK2/Ada-SPARK-Subsets","572531166","B","replace variable R -> P","subsets.adb","81","R := 2 * R;","P := 2 * R;","stillborn"
"misc/SPARK2/Ada-SPARK-Subsets","572531166","B","replace variable I -> L","subsets.adb","70","if L > I then","if L > L then","survived"
"misc/SPARK2/Ada-SPARK-Subsets","572531166","std","- -> +","subsets.adb","24","Lemma_All_True (S, L - 1);","Lemma_All_True (S, L + 1);","killed"
"misc/SPARK2/Ada-SPARK-Subsets","572531166","alt","constant 1 -> 2","subsets.adb","18","and then (for all K in S'First .. S'First - 1 + L => S (K)),","and then (for all K in S'First .. S'First - 2 + L => S (K)),","survived"
"misc/SPARK2/Ada-SPARK-Subsets","572531166","ho","- -> + + - 1 -> - 0","subsets.adb","51 111","(if K - A'First >= I then A (K) = B (K))), || S (S'First + (P - 1)) := True;","(if K + A'First >= I then A (K) = B (K))), || S (S'First + (P - 0)) := True;","killed"
"misc/SPARK2/Ada-SPARK-Subsets","572531166","B","replace variable I -> A","subsets.adb","151","Lemma_Count_Mono (S, I, S'Last);","Lemma_Count_Mono (S, A, S'Last);","stillborn"
"misc/SPARK2/Ada-SPARK-Subsets","572531166","C","swap first two actuals","subsets.adb","71","Lemma_Count_Mono (S, I, L - 1);","Lemma_Count_Mono (I, S, L - 1);","stillborn"
"misc/SPARK2/Ada-SPARK-Subsets-II","221980222","std","- -> +","subsets_ii.adb","34","Lemma_Pow2_Add (A, B - 1);","Lemma_Pow2_Add (A, B + 1);","killed"
"misc/SPARK2/Ada-SPARK-Subsets-II","221980222","alt","constant 1 -> 0","subsets_ii.adb","143","for I in 1 .. C.N loop","for I in 0 .. C.N loop","killed"
"misc/SPARK2/Ada-SPARK-Subsets-II","221980222","ho","+ 1 -> + 0 + + 1 -> + 0","subsets_ii.adb","8 76","and then (for all K in Length => K + 1 <= Pow2 (K) and then Pow2 (K) <= Pow2 (Max_Items))) || Lemma_Mul_Mono (P, Big (Pow2 (T)), Big (C + 1), Big (Pow2 (C)));","and then (for all K in Length => K + 0 <= Pow2 (K) and then Pow2 (K) <= Pow2 (Max_Items))) || Lemma_Mul_Mono (P, Big (Pow2 (T)), Big (C + 0), Big (Pow2 (C)));","survived"
"misc/SPARK2/Ada-SPARK-Subsets-II","221980222","B","replace variable C -> Len","subsets_ii.adb","99","Lemma_Total_Mono (C.Copies, I, C.N);","Lemma_Total_Mono (C.Copies, I, Len.N);","stillborn"
"misc/SPARK2/Ada-SPARK-Subsets-II","221980222","C","actual off-by-one -1","subsets_ii.ads","53","A (I) < B (B'First + (I - A'First))","A (I) < B (B'First + (I - A'First) - 1)","killed"
"misc/SPARK2/Ada-SPARK-Subsets-II","221980222","B","replace variable I -> R","subsets_ii.adb","120","T (I) := 0;","T (R) := 0;","stillborn"
"misc/SPARK2/Ada-SPARK-Subsets-II","221980222","B","replace variable P -> T","subsets_ii.adb","76","Lemma_Mul_Mono (P, Big (Pow2 (T)), Big (C + 1), Big (Pow2 (C)));","Lemma_Mul_Mono (T, Big (Pow2 (T)), Big (C + 1), Big (Pow2 (C)));","stillborn"
"misc/SPARK2/Ada-SPARK-Subsets-II","221980222","B","replace variable T -> I","subsets_ii.adb","75","Lemma_Pow2_Add (T, C);","Lemma_Pow2_Add (I, C);","stillborn"
"misc/SPARK2/Ada-SPARK-Subsets-II","221980222","B","replace variable C -> T","subsets_ii.adb","143","for I in 1 .. C.N loop","for I in 1 .. T.N loop","stillborn"
"misc/SPARK2/Ada-SPARK-Subsets-II","221980222","B","replace variable R -> Len","subsets_ii.adb","153","R (P + J) := Values (Values'First - 1 + I);","Len (P + J) := Values (Values'First - 1 + I);","stillborn"
"misc/SPARK2/Ada-SPARK-Subsets-II","221980222","B","replace variable I -> V","subsets_ii.adb","157","P := P + C.Take (I);","P := P + C.Take (V);","stillborn"
"misc/SPARK2/Ada-SPARK-Subsets-II","221980222","B","replace variable A -> J","subsets_ii.adb","62","Lemma_Total_Mono (A, I, K - 1);","Lemma_Total_Mono (J, I, K - 1);","stillborn"
"misc/SPARK2/Ada-SPARK-Subsets-II","221980222","B","replace variable K -> N","subsets_ii.adb","8","and then (for all K in Length => K + 1 <= Pow2 (K) and then Pow2 (K) <= Pow2 (Max_Items)))","and then (for all N in Length => K + 1 <= Pow2 (K) and then Pow2 (K) <= Pow2 (Max_Items)))","stillborn"
"misc/SPARK2/Ada-SPARK-Subsets-II","221980222","B","replace variable C -> Y","subsets_ii.adb","126","C := (N => C.N, Copies => C.Copies, Take => T);","C := (N => C.N, Copies => Y.Copies, Take => T);","stillborn"
"misc/SPARK2/Ada-SPARK-Subsets-II","221980222","B","replace variable C -> B","subsets_ii.adb","76","Lemma_Mul_Mono (P, Big (Pow2 (T)), Big (C + 1), Big (Pow2 (C)));","Lemma_Mul_Mono (P, Big (Pow2 (T)), Big (B + 1), Big (Pow2 (C)));","stillborn"
"misc/SPARK2/Ada-SPARK-Subsets-II","221980222","B","replace variable B -> J","subsets_ii.adb","33","if B > 0 then","if J > 0 then","stillborn"
"misc/SPARK2/Ada-SPARK-Subsets-II","221980222","B","replace variable C -> A","subsets_ii.adb","104","R := R * (C.Copies (I) + 1);","R := R * (A.Copies (I) + 1);","stillborn"
"misc/SPARK2/Ada-SPARK-Subsets-II","221980222","B","replace variable I -> YY","subsets_ii.adb","124","if I > C.N then","if YY > C.N then","stillborn"
"misc/SPARK2/Ada-SPARK-Subsets-II","221980222","B","replace variable R -> Len","subsets_ii.adb","159","return R;","return Len;","stillborn"
"misc/SPARK2/Ada-SPARK-Subsets-II","221980222","B","replace variable Found -> Values","subsets_ii.adb","127","Found := False;","Values := False;","stillborn"
"misc/SPARK2/Ada-SPARK-Subsets-II","221980222","B","replace variable J -> Found","subsets_ii.adb","153","R (P + J) := Values (Values'First - 1 + I);","R (P + Found) := Values (Values'First - 1 + I);","stillborn"
"misc/SPARK2/Ada-SPARK-Subsets-II","221980222","B","replace variable B -> V","subsets_ii.adb","34","Lemma_Pow2_Add (A, B - 1);","Lemma_Pow2_Add (A, V - 1);","stillborn"
"misc/SPARK2/Ada-SPARK-Subsets-II","221980222","B","replace variable I -> V","subsets_ii.adb","100","Lemma_Product_Step (Big (R), Total (C.Copies, I - 1), C.Copies (I));","Lemma_Product_Step (Big (R), Total (C.Copies, V - 1), C.Copies (I));","stillborn"
"misc/SPARK2/Ada-SPARK-Subsets-II","221980222","B","replace variable I -> P","subsets_ii.adb","115","while I <= C.N and then T (I) = C.Copies (I) loop","while I <= C.N and then T (P) = C.Copies (I) loop","stillborn"
"misc/SPARK2/Ada-SPARK-Subsets-II","221980222","B","replace variable C -> Y","subsets_ii.adb","147","Lemma_Total_Mono (C.Take, I, C.N);","Lemma_Total_Mono (C.Take, I, Y.N);","stillborn"
"misc/SPARK2/Ada-SPARK-Subsets-II","221980222","B","replace variable I -> B","subsets_ii.adb","115","while I <= C.N and then T (I) = C.Copies (I) loop","while I <= C.N and then T (B) = C.Copies (I) loop","stillborn"
"misc/SPARK2/Ada-SPARK-Subsets-II","221980222","B","replace variable I -> B","subsets_ii.adb","61","if K > I then","if K > B then","stillborn"
"misc/SPARK2/Ada-SPARK-Subsets-II","221980222","B","replace variable I -> J","subsets_ii.adb","153","R (P + J) := Values (Values'First - 1 + I);","R (P + J) := Values (Values'First - 1 + J);","killed"
"misc/SPARK2/Ada-SPARK-Subsets-II","221980222","std","+ 1 -> + 0","subsets_ii.adb","104","R := R * (C.Copies (I) + 1);","R := R * (C.Copies (I) + 0);","killed"
"misc/SPARK2/Ada-SPARK-Subsets-II","221980222","alt","delete statement","subsets_ii.adb","157","P := P + C.Take (I);","null;","killed"
"misc/SPARK2/Ada-SPARK-Subsets-II","221980222","ho","- -> + + - -> +","subsets_ii.adb","7 100","((for all K in 1 .. Max_Items => Pow2 (K) = 2 * Pow2 (K - 1)) || Lemma_Product_Step (Big (R), Total (C.Copies, I - 1), C.Copies (I));","((for all K in 1 .. Max_Items => Pow2 (K) = 2 * Pow2 (K + 1)) || Lemma_Product_Step (Big (R), Total (C.Copies, I + 1), C.Copies (I));","killed"
"misc/SPARK2/Ada-SPARK-Subsets-II","221980222","B","replace variable C -> R","subsets_ii.adb","124","if I > C.N then","if I > R.N then","stillborn"
"misc/SPARK2/Ada-SPARK-Subsets-II","221980222","C","actual off-by-one +1","subsets_ii.adb","115","while I <= C.N and then T (I) = C.Copies (I) loop","while I <= C.N and then T (I) = C.Copies (I + 1) loop","killed"
"misc/SPARK2/Ada-SPARK-Subsets-II","221980222","B","replace variable C -> Found","subsets_ii.adb","126","C := (N => C.N, Copies => C.Copies, Take => T);","Found := (N => C.N, Copies => C.Copies, Take => T);","stillborn"
"misc/SPARK2/Ada-SPARK-Subsets-II","221980222","B","replace variable I -> Len","subsets_ii.adb","62","Lemma_Total_Mono (A, I, K - 1);","Lemma_Total_Mono (A, Len, K - 1);","stillborn"
"misc/SPARK2/Ada-SPARK-Subsets-II","221980222","B","replace variable I -> XX","subsets_ii.adb","124","if I > C.N then","if XX > C.N then","stillborn"
"misc/SPARK2/Ada-SPARK-Subsets-II","221980222","B","replace variable I -> V","subsets_ii.adb","101","Lemma_Product_Unfold (C.Copies, I);","Lemma_Product_Unfold (C.Copies, V);","stillborn"
"misc/SPARK2/Ada-SPARK-Subsets-II","221980222","B","replace variable A -> B","subsets_ii.adb","34","Lemma_Pow2_Add (A, B - 1);","Lemma_Pow2_Add (B, B - 1);","killed"
"misc/SPARK2/Ada-SPARK-Subsets-II","221980222","std","+ 1 -> + 0","subsets_ii.adb","76","Lemma_Mul_Mono (P, Big (Pow2 (T)), Big (C + 1), Big (Pow2 (C)));","Lemma_Mul_Mono (P, Big (Pow2 (T)), Big (C + 0), Big (Pow2 (C)));","survived"
"misc/SPARK2/Ada-SPARK-Subsets-II","221980222","alt","constant 1 -> 0","subsets_ii.adb","95","for I in 1 .. C.N loop","for I in 0 .. C.N loop","killed"
"misc/SPARK2/Ada-SPARK-Subsets-II","221980222","ho","+ -> - + - 1 -> - 0","subsets_ii.adb","121 153","I := I + 1; || R (P + J) := Values (Values'First - 1 + I);","I := I - 1; || R (P + J) := Values (Values'First - 0 + I);","killed"
"misc/SPARK2/Ada-SPARK-Subsets-II","221980222","B","replace variable C -> V","subsets_ii.adb","75","Lemma_Pow2_Add (T, C);","Lemma_Pow2_Add (T, V);","stillborn"
"misc/SPARK2/Ada-SPARK-Subsets-II","221980222","C","actual off-by-one +1","subsets_ii.adb","76","Lemma_Mul_Mono (P, Big (Pow2 (T)), Big (C + 1), Big (Pow2 (C)));","Lemma_Mul_Mono (P, Big (Pow2 (T)), Big (C + 1), Big (Pow2 (C)) + 1);","survived"
"misc/SPARK2/Ada-SPARK-Subsets-II","221980222","B","replace variable I -> R","subsets_ii.adb","100","Lemma_Product_Step (Big (R), Total (C.Copies, I - 1), C.Copies (I));","Lemma_Product_Step (Big (R), Total (C.Copies, R - 1), C.Copies (I));","killed"
"misc/SPARK2/Ada-SPARK-Subsets-II","221980222","std","- 1 -> - 0","subsets_ii.adb","153","R (P + J) := Values (Values'First - 1 + I);","R (P + J) := Values (Values'First - 0 + I);","killed"
"misc/SPARK2/Ada-SPARK-Subsets-II","221980222","alt","constant 2 -> 1","subsets_ii.adb","7","((for all K in 1 .. Max_Items => Pow2 (K) = 2 * Pow2 (K - 1))","((for all K in 1 .. Max_Items => Pow2 (K) = 1 * Pow2 (K - 1))","killed"
"misc/SPARK2/Ada-SPARK-Subsets-II","221980222","ho","- 1 -> - 0 + + -> -","subsets_ii.adb","100 121","Lemma_Product_Step (Big (R), Total (C.Copies, I - 1), C.Copies (I)); || I := I + 1;","Lemma_Product_Step (Big (R), Total (C.Copies, I - 0), C.Copies (I)); || I := I - 1;","killed"
"misc/SPARK2/Ada-SPARK-Subsets-II","221980222","B","replace variable T -> P","subsets_ii.adb","126","C := (N => C.N, Copies => C.Copies, Take => T);","C := (N => C.N, Copies => C.Copies, Take => P);","stillborn"
"misc/SPARK2/Ada-SPARK-Subsets-II","221980222","C","actual off-by-one +1","subsets_ii.adb","100","Lemma_Product_Step (Big (R), Total (C.Copies, I - 1), C.Copies (I));","Lemma_Product_Step (Big (R), Total (C.Copies, I - 1), C.Copies (I + 1));","killed"
"misc/SPARK2/Ada-SPARK-Subsets-II","221980222","B","replace variable R -> Found","subsets_ii.adb","106","return R;","return Found;","stillborn"
"misc/SPARK2/Ada-SPARK-Subsets-II","221980222","B","replace variable C -> I","subsets_ii.adb","124","if I > C.N then","if I > I.N then","stillborn"
"misc/SPARK2/Ada-SPARK-Subsets-II","221980222","B","replace variable C -> I","subsets_ii.adb","147","Lemma_Total_Mono (C.Take, I, C.N);","Lemma_Total_Mono (I.Take, I, C.N);","stillborn"
"misc/SPARK2/Ada-SPARK-Subsets-II","221980222","B","replace variable P -> Y","subsets_ii.adb","153","R (P + J) := Values (Values'First - 1 + I);","R (Y + J) := Values (Values'First - 1 + I);","stillborn"
"misc/SPARK2/Ada-SPARK-Subsets-II","221980222","B","replace variable J -> Values","subsets_ii.adb","153","R (P + J) := Values (Values'First - 1 + I);","R (P + Values) := Values (Values'First - 1 + I);","stillborn"
"misc/SPARK2/Ada-SPARK-Subsets-II","221980222","B","replace variable K -> A","subsets_ii.adb","62","Lemma_Total_Mono (A, I, K - 1);","Lemma_Total_Mono (A, I, A - 1);","stillborn"
"misc/SPARK2/Ada-SPARK-Subsets-II","221980222","B","replace variable C -> Y","subsets_ii.adb","115","while I <= C.N and then T (I) = C.Copies (I) loop","while I <= Y.N and then T (I) = C.Copies (I) loop","stillborn"
"misc/SPARK2/Ada-SPARK-Subsets-II","221980222","B","replace variable R -> Y","subsets_ii.adb","100","Lemma_Product_Step (Big (R), Total (C.Copies, I - 1), C.Copies (I));","Lemma_Product_Step (Big (Y), Total (C.Copies, I - 1), C.Copies (I));","stillborn"
"misc/SPARK2/Ada-SPARK-Subsets-II","221980222","B","replace variable C -> J","subsets_ii.adb","133","C := (N => C.N, Copies => C.Copies, Take => T);","C := (N => C.N, Copies => J.Copies, Take => T);","stillborn"
"misc/SPARK2/Ada-SPARK-Subsets-II","221980222","B","replace variable I -> R","subsets_ii.adb","99","Lemma_Total_Mono (C.Copies, I, C.N);","Lemma_Total_Mono (C.Copies, R, C.N);","killed"
"misc/SPARK2/Ada-SPARK-Subsets-II","221980222","std","<= -> <","subsets_ii.adb","8","and then (for all K in Length => K + 1 <= Pow2 (K) and then Pow2 (K) <= Pow2 (Max_Items)))","and then (for all K in Length => K + 1 < Pow2 (K) and then Pow2 (K) <= Pow2 (Max_Items)))","killed"
"misc/SPARK2/Ada-SPARK-Subsets-II","221980222","alt","constant 1 -> 0","subsets_ii.adb","112","I : Positive := 1;","I : Positive := 0;","stillborn"
"misc/SPARK2/Ada-SPARK-Subsets-II","221980222","ho","- -> + + > -> >=","subsets_ii.adb","100 124","Lemma_Product_Step (Big (R), Total (C.Copies, I - 1), C.Copies (I)); || if I > C.N then","Lemma_Product_Step (Big (R), Total (C.Copies, I + 1), C.Copies (I)); || if I >= C.N then","killed"
"misc/SPARK2/Ada-SPARK-Subsets-II","221980222","B","replace variable C -> T","subsets_ii.adb","95","for I in 1 .. C.N loop","for I in 1 .. T.N loop","stillborn"
"misc/SPARK2/Ada-SPARK-Subsets-II","221980222","C","'First +-1","subsets_ii.ads","54","and then (for all J in A'Range => (if J > I then A (J) = B (B'First + (J - A'First)))))","and then (for all J in A'Range => (if J > I then A (J) = B (B'First + 1 + (J - A'First)))))","killed"
"misc/SPARK2/Ada-SPARK-Subsets-II","221980222","alt","constant 1 -> 2","subsets_ii.adb","143","for I in 1 .. C.N loop","for I in 2 .. C.N loop","killed"
"misc/SPARK2/Ada-SPARK-Subsets-II","221980222","B","replace variable K -> R","subsets_ii.adb","8","and then (for all K in Length => K + 1 <= Pow2 (K) and then Pow2 (K) <= Pow2 (Max_Items)))","and then (for all R in Length => K + 1 <= Pow2 (K) and then Pow2 (K) <= Pow2 (Max_Items)))","stillborn"
"misc/SPARK2/Ada-SPARK-Subsets-II","221980222","B","replace variable Values -> V","subsets_ii.adb","153","R (P + J) := Values (Values'First - 1 + I);","R (P + J) := V (Values'First - 1 + I);","stillborn"
"misc/SPARK2/Ada-SPARK-Subsets-II","221980222","B","replace variable C -> N","subsets_ii.adb","101","Lemma_Product_Unfold (C.Copies, I);","Lemma_Product_Unfold (N.Copies, I);","stillborn"
"misc/SPARK2/Ada-SPARK-Subsets-II","221980222","B","replace variable C -> K","subsets_ii.adb","115","while I <= C.N and then T (I) = C.Copies (I) loop","while I <= C.N and then T (I) = K.Copies (I) loop","stillborn"
"misc/SPARK2/Ada-SPARK-Subsets-II","221980222","B","replace variable T -> J","subsets_ii.adb","131","T (I) := T (I) + 1;","J (I) := T (I) + 1;","stillborn"
"misc/SPARK2/Ada-SPARK-Subsets-II","221980222","B","replace variable C -> Values","subsets_ii.adb","147","Lemma_Total_Mono (C.Take, I, C.N);","Lemma_Total_Mono (Values.Take, I, C.N);","stillborn"
"misc/SPARK2/Ada-SPARK-Subsets-II","221980222","B","replace variable B -> XX","subsets_ii.adb","30","Subprogram_Variant => (Decreases => B);","Subprogram_Variant => (Decreases => XX);","stillborn"
"misc/SPARK2/Ada-SPARK-Subsets-II","221980222","B","replace variable C -> R","subsets_ii.adb","99","Lemma_Total_Mono (C.Copies, I, C.N);","Lemma_Total_Mono (R.Copies, I, C.N);","stillborn"
"misc/SPARK2/Ada-SPARK-Subsets-II","221980222","B","replace variable K -> R","subsets_ii.adb","7","((for all K in 1 .. Max_Items => Pow2 (K) = 2 * Pow2 (K - 1))","((for all K in 1 .. Max_Items => Pow2 (R) = 2 * Pow2 (K - 1))","stillborn"
"misc/SPARK2/Ada-SPARK-Subsets-II","221980222","B","replace variable T -> B","subsets_ii.adb","131","T (I) := T (I) + 1;","T (I) := B (I) + 1;","stillborn"
"misc/SPARK2/Ada-SPARK-Subsets-II","221980222","B","replace variable K -> Len","subsets_ii.adb","8","and then (for all K in Length => K + 1 <= Pow2 (K) and then Pow2 (K) <= Pow2 (Max_Items)))","and then (for all Len in Length => K + 1 <= Pow2 (K) and then Pow2 (K) <= Pow2 (Max_Items)))","stillborn"
"misc/SPARK2/Ada-SPARK-Subsets-II","221980222","B","replace variable C -> YY","subsets_ii.adb","124","if I > C.N then","if I > YY.N then","stillborn"
"misc/SPARK2/Ada-SPARK-Subsets-II","221980222","B","replace variable I -> V","subsets_ii.adb","61","if K > I then","if K > V then","stillborn"
"misc/SPARK2/Ada-SPARK-Subsets-II","221980222","B","replace variable C -> J","subsets_ii.adb","75","Lemma_Pow2_Add (T, C);","Lemma_Pow2_Add (T, J);","stillborn"
"misc/SPARK2/Ada-SPARK-Subsets-II","221980222","B","replace variable I -> V","subsets_ii.adb","147","Lemma_Total_Mono (C.Take, I, C.N);","Lemma_Total_Mono (C.Take, V, C.N);","stillborn"
"misc/SPARK2/Ada-SPARK-Subsets-II","221980222","B","replace variable T -> V","subsets_ii.adb","75","Lemma_Pow2_Add (T, C);","Lemma_Pow2_Add (V, C);","stillborn"
"misc/SPARK2/Ada-SPARK-Subsets-II","221980222","B","replace variable C -> P","subsets_ii.adb","157","P := P + C.Take (I);","P := P + P.Take (I);","stillborn"
"misc/SPARK2/Ada-SPARK-Subsets-II","221980222","B","replace variable A -> XX","subsets_ii.adb","34","Lemma_Pow2_Add (A, B - 1);","Lemma_Pow2_Add (XX, B - 1);","stillborn"
"misc/SPARK2/Ada-SPARK-Subsets-II","221980222","B","replace variable C -> YY","subsets_ii.adb","126","C := (N => C.N, Copies => C.Copies, Take => T);","C := (N => YY.N, Copies => C.Copies, Take => T);","stillborn"
"misc/SPARK2/Ada-SPARK-Subsets-II","221980222","B","replace variable C -> Found","subsets_ii.adb","76","Lemma_Mul_Mono (P, Big (Pow2 (T)), Big (C + 1), Big (Pow2 (C)));","Lemma_Mul_Mono (P, Big (Pow2 (T)), Big (C + 1), Big (Pow2 (Found)));","stillborn"
"misc/SPARK2/Ada-SPARK-Subsets-II","221980222","B","replace variable R -> Found","subsets_ii.adb","100","Lemma_Product_Step (Big (R), Total (C.Copies, I - 1), C.Copies (I));","Lemma_Product_Step (Big (Found), Total (C.Copies, I - 1), C.Copies (I));","stillborn"
"misc/SPARK2/Ada-SPARK-Subsets-II","221980222","B","replace variable C -> R","subsets_ii.adb","75","Lemma_Pow2_Add (T, C);","Lemma_Pow2_Add (T, R);","stillborn"
"misc/SPARK2/Ada-SPARK-Subsets-II","221980222","B","replace variable I -> XX","subsets_ii.adb","157","P := P + C.Take (I);","P := P + C.Take (XX);","stillborn"
"misc/SPARK2/Ada-SPARK-Subsets-II","221980222","B","replace variable C -> N","subsets_ii.adb","99","Lemma_Total_Mono (C.Copies, I, C.N);","Lemma_Total_Mono (C.Copies, I, N.N);","stillborn"
"misc/SPARK2/Ada-SPARK-Subsets-II","221980222","B","replace variable C -> T","subsets_ii.adb","133","C := (N => C.N, Copies => C.Copies, Take => T);","T := (N => C.N, Copies => C.Copies, Take => T);","stillborn"
"misc/SPARK2/Ada-SPARK-Subsets-II","221980222","B","replace variable I -> Values","subsets_ii.adb","100","Lemma_Product_Step (Big (R), Total (C.Copies, I - 1), C.Copies (I));","Lemma_Product_Step (Big (R), Total (C.Copies, I - 1), C.Copies (Values));","stillborn"
"misc/SPARK2/Ada-SPARK-Subsets-II","221980222","B","replace variable C -> XX","subsets_ii.adb","100","Lemma_Product_Step (Big (R), Total (C.Copies, I - 1), C.Copies (I));","Lemma_Product_Step (Big (R), Total (XX.Copies, I - 1), C.Copies (I));","stillborn"
"misc/SPARK2/Ada-SPARK-Subsets-II","221980222","B","replace variable K -> P","subsets_ii.adb","8","and then (for all K in Length => K + 1 <= Pow2 (K) and then Pow2 (K) <= Pow2 (Max_Items)))","and then (for all K in Length => P + 1 <= Pow2 (K) and then Pow2 (K) <= Pow2 (Max_Items)))","stillborn"
"misc/SPARK2/Ada-SPARK-Subsets-II","221980222","B","replace variable B -> Y","subsets_ii.adb","33","if B > 0 then","if Y > 0 then","stillborn"
"misc/SPARK2/Ada-SPARK-Subsets-II","221980222","B","replace variable C -> J","subsets_ii.adb","115","while I <= C.N and then T (I) = C.Copies (I) loop","while I <= C.N and then T (I) = J.Copies (I) loop","stillborn"
"misc/SPARK2/Ada-SPARK-Subsets-II","221980222","B","replace variable K -> V","subsets_ii.adb","8","and then (for all K in Length => K + 1 <= Pow2 (K) and then Pow2 (K) <= Pow2 (Max_Items)))","and then (for all K in Length => K + 1 <= Pow2 (K) and then Pow2 (V) <= Pow2 (Max_Items)))","stillborn"
"misc/SPARK2/Ada-SPARK-Subsets-II","221980222","B","replace variable I -> T","subsets_ii.adb","131","T (I) := T (I) + 1;","T (T) := T (I) + 1;","stillborn"
"misc/SPARK2/Ada-SPARK-Subsets-II","221980222","B","replace variable R -> XX","subsets_ii.adb","104","R := R * (C.Copies (I) + 1);","XX := R * (C.Copies (I) + 1);","stillborn"
"misc/SPARK2/Ada-SPARK-Subsets-II","221980222","B","replace variable P -> B","subsets_ii.adb","153","R (P + J) := Values (Values'First - 1 + I);","R (B + J) := Values (Values'First - 1 + I);","stillborn"
"misc/SPARK2/Ada-SPARK-Subsets-II","221980222","B","replace variable I -> J","subsets_ii.adb","61","if K > I then","if K > J then","stillborn"
"misc/SPARK2/Ada-SPARK-Subsets-II","221980222","B","replace variable C -> K","subsets_ii.adb","115","while I <= C.N and then T (I) = C.Copies (I) loop","while I <= K.N and then T (I) = C.Copies (I) loop","stillborn"
"misc/SPARK2/Ada-SPARK-Subsets-II","221980222","B","replace variable I -> K","subsets_ii.adb","61","if K > I then","if K > K then","survived"
"misc/SPARK2/Ada-SPARK-Subsets-II","221980222","std","- -> +","subsets_ii.adb","62","Lemma_Total_Mono (A, I, K - 1);","Lemma_Total_Mono (A, I, K + 1);","killed"
"misc/SPARK2/Ada-SPARK-Subsets-II","221980222","alt","swap arguments","subsets_ii.adb","75","Lemma_Pow2_Add (T, C);","Lemma_Pow2_Add (C, T);","survived"
"misc/SPARK2/Ada-SPARK-Subsets-II","221980222","ho","- 1 -> - 0 + <= -> <","subsets_ii.adb","7 8","((for all K in 1 .. Max_Items => Pow2 (K) = 2 * Pow2 (K - 1)) || and then (for all K in Length => K + 1 <= Pow2 (K) and then Pow2 (K) <= Pow2 (Max_Items)))","((for all K in 1 .. Max_Items => Pow2 (K) = 2 * Pow2 (K - 0)) || and then (for all K in Length => K + 1 < Pow2 (K) and then Pow2 (K) <= Pow2 (Max_Items)))","killed"
"misc/SPARK2/Ada-SPARK-Subsets-II","221980222","B","replace variable R -> YY","subsets_ii.adb","100","Lemma_Product_Step (Big (R), Total (C.Copies, I - 1), C.Copies (I));","Lemma_Product_Step (Big (YY), Total (C.Copies, I - 1), C.Copies (I));","stillborn"
"misc/SPARK2/Ada-SPARK-Subsets-II","221980222","C","actual off-by-one +1","subsets_ii.ads","107","(if K = 0 then To_Big_Integer (1) else Product (A, K - 1) * To_Big_Integer (A (A'First + (K - 1)) + ","(if K = 0 then To_Big_Integer (1) else Product (A + 1, K - 1) * To_Big_Integer (A (A'First + (K - 1)","stillborn"
"misc/SPARK2/Ada-SPARK-Subsets-II","221980222","B","replace variable C -> J","subsets_ii.adb","126","C := (N => C.N, Copies => C.Copies, Take => T);","C := (N => C.N, Copies => J.Copies, Take => T);","stillborn"
"misc/SPARK2/Ada-SPARK-Subsets-II","221980222","C","swap first two actuals","subsets_ii.adb","100","Lemma_Product_Step (Big (R), Total (C.Copies, I - 1), C.Copies (I));","Lemma_Product_Step (Big (R), Total (I - 1, C.Copies), C.Copies (I));","stillborn"
"misc/SPARK2/Ada-SPARK-Subsets-II","221980222","B","replace variable T -> B","subsets_ii.adb","115","while I <= C.N and then T (I) = C.Copies (I) loop","while I <= C.N and then B (I) = C.Copies (I) loop","stillborn"
"misc/SPARK2/Ada-SPARK-Subsets-II","221980222","C","actual off-by-one +1","subsets_ii.adb","100","Lemma_Product_Step (Big (R), Total (C.Copies, I - 1), C.Copies (I));","Lemma_Product_Step (Big (R), Total (C.Copies, I - 1) + 1, C.Copies (I));","killed"
"misc/SPARK2/Ada-SPARK-Subsets-II","221980222","B","replace variable I -> Len","subsets_ii.adb","61","if K > I then","if K > Len then","stillborn"
"misc/SPARK2/Ada-SPARK-Subsets-II","221980222","B","replace variable C -> X","subsets_ii.adb","126","C := (N => C.N, Copies => C.Copies, Take => T);","C := (N => X.N, Copies => C.Copies, Take => T);","stillborn"
"misc/SPARK2/Ada-SPARK-Subsets-II","221980222","B","replace variable C -> T","subsets_ii.adb","126","C := (N => C.N, Copies => C.Copies, Take => T);","C := (N => C.N, Copies => T.Copies, Take => T);","stillborn"
"misc/SPARK2/Ada-SPARK-Subsets-II","221980222","B","replace variable C -> Len","subsets_ii.adb","133","C := (N => C.N, Copies => C.Copies, Take => T);","Len := (N => C.N, Copies => C.Copies, Take => T);","stillborn"
"misc/SPARK2/Ada-SPARK-Subsets-II","221980222","B","replace variable K -> A","subsets_ii.adb","8","and then (for all K in Length => K + 1 <= Pow2 (K) and then Pow2 (K) <= Pow2 (Max_Items)))","and then (for all K in Length => K + 1 <= Pow2 (A) and then Pow2 (K) <= Pow2 (Max_Items)))","stillborn"
"misc/SPARK2/Ada-SPARK-Subsets-II","221980222","B","replace variable C -> R","subsets_ii.adb","76","Lemma_Mul_Mono (P, Big (Pow2 (T)), Big (C + 1), Big (Pow2 (C)));","Lemma_Mul_Mono (P, Big (Pow2 (T)), Big (R + 1), Big (Pow2 (C)));","stillborn"
"misc/SPARK2/Ada-SPARK-Subsets-II","221980222","B","replace variable P -> Found","subsets_ii.adb","76","Lemma_Mul_Mono (P, Big (Pow2 (T)), Big (C + 1), Big (Pow2 (C)));","Lemma_Mul_Mono (Found, Big (Pow2 (T)), Big (C + 1), Big (Pow2 (C)));","stillborn"
"misc/SPARK2/Ada-SPARK-Subsets-II","221980222","B","replace variable B -> V","subsets_ii.adb","30","Subprogram_Variant => (Decreases => B);","Subprogram_Variant => (Decreases => V);","stillborn"
"misc/SPARK2/Ada-SPARK-Subsets-II","221980222","B","replace variable C -> Len","subsets_ii.adb","147","Lemma_Total_Mono (C.Take, I, C.N);","Lemma_Total_Mono (C.Take, I, Len.N);","stillborn"
"misc/SPARK2/Ada-SPARK-Subsets-II","221980222","B","replace variable I -> X","subsets_ii.adb","104","R := R * (C.Copies (I) + 1);","R := R * (C.Copies (X) + 1);","stillborn"
"misc/SPARK2/Ada-SPARK-Subsets-II","221980222","B","replace variable I -> Found","subsets_ii.adb","115","while I <= C.N and then T (I) = C.Copies (I) loop","while I <= C.N and then T (Found) = C.Copies (I) loop","stillborn"
"misc/SPARK2/Ada-SPARK-Subsets-II","221980222","B","replace variable C -> V","subsets_ii.adb","124","if I > C.N then","if I > V.N then","stillborn"
"misc/SPARK2/Ada-SPARK-Subsets-II","221980222","B","replace variable K -> Len","subsets_ii.adb","62","Lemma_Total_Mono (A, I, K - 1);","Lemma_Total_Mono (A, I, Len - 1);","stillborn"
"misc/SPARK2/Ada-SPARK-Subsets-II","221980222","B","replace variable C -> Found","subsets_ii.adb","99","Lemma_Total_Mono (C.Copies, I, C.N);","Lemma_Total_Mono (Found.Copies, I, C.N);","stillborn"
"misc/SPARK2/Ada-SPARK-Subsets-II","221980222","B","replace variable C -> A","subsets_ii.adb","147","Lemma_Total_Mono (C.Take, I, C.N);","Lemma_Total_Mono (C.Take, I, A.N);","stillborn"
"misc/SPARK2/Ada-SPARK-Subsets-II","221980222","B","replace variable R -> XX","subsets_ii.adb","106","return R;","return XX;","stillborn"
"misc/SPARK2/Ada-SPARK-Subsets-II","221980222","B","replace variable I -> J","subsets_ii.adb","121","I := I + 1;","J := I + 1;","stillborn"
"misc/SPARK2/Ada-SPARK-Subsets-II","221980222","B","replace variable C -> Len","subsets_ii.adb","124","if I > C.N then","if I > Len.N then","stillborn"
"misc/SPARK2/Ada-SPARK-Subsets-II","221980222","B","replace variable R -> J","subsets_ii.adb","100","Lemma_Product_Step (Big (R), Total (C.Copies, I - 1), C.Copies (I));","Lemma_Product_Step (Big (J), Total (C.Copies, I - 1), C.Copies (I));","stillborn"
"misc/SPARK2/Ada-SPARK-Subsets-II","221980222","B","replace variable C -> XX","subsets_ii.adb","95","for I in 1 .. C.N loop","for I in 1 .. XX.N loop","stillborn"
"misc/SPARK2/Ada-SPARK-Subsets-II","221980222","B","replace variable T -> X","subsets_ii.adb","133","C := (N => C.N, Copies => C.Copies, Take => T);","C := (N => C.N, Copies => C.Copies, Take => X);","stillborn"
"misc/SPARK2/Ada-SPARK-Subsets-II","221980222","B","replace variable K -> Values","subsets_ii.adb","7","((for all K in 1 .. Max_Items => Pow2 (K) = 2 * Pow2 (K - 1))","((for all K in 1 .. Max_Items => Pow2 (K) = 2 * Pow2 (Values - 1))","stillborn"
"misc/SPARK2/Ada-SPARK-Subsets-II","221980222","B","replace variable K -> YY","subsets_ii.adb","61","if K > I then","if YY > I then","stillborn"
"misc/SPARK2/Ada-SPARK-Subsets-II","221980222","B","replace variable P -> J","subsets_ii.adb","76","Lemma_Mul_Mono (P, Big (Pow2 (T)), Big (C + 1), Big (Pow2 (C)));","Lemma_Mul_Mono (J, Big (Pow2 (T)), Big (C + 1), Big (Pow2 (C)));","stillborn"
"misc/SPARK2/Ada-SPARK-Subsets-II","221980222","B","replace variable B -> Values","subsets_ii.adb","34","Lemma_Pow2_Add (A, B - 1);","Lemma_Pow2_Add (A, Values - 1);","stillborn"
"misc/SPARK2/Ada-SPARK-Subsets-II","221980222","B","replace variable C -> K","subsets_ii.adb","100","Lemma_Product_Step (Big (R), Total (C.Copies, I - 1), C.Copies (I));","Lemma_Product_Step (Big (R), Total (K.Copies, I - 1), C.Copies (I));","stillborn"
"misc/SPARK2/Ada-SPARK-Subsets-II","221980222","B","replace variable Found -> Y","subsets_ii.adb","134","Found := True;","Y := True;","stillborn"
"misc/SPARK2/Ada-SPARK-Subsets-II","221980222","B","replace variable R -> K","subsets_ii.adb","106","return R;","return K;","stillborn"
"misc/SPARK2/Ada-SPARK-Subsets-II","221980222","B","replace variable I -> X","subsets_ii.adb","101","Lemma_Product_Unfold (C.Copies, I);","Lemma_Product_Unfold (C.Copies, X);","stillborn"
"misc/SPARK2/Ada-SPARK-Subsets-II","221980222","B","replace variable C -> Values","subsets_ii.adb","133","C := (N => C.N, Copies => C.Copies, Take => T);","C := (N => Values.N, Copies => C.Copies, Take => T);","stillborn"
"misc/SPARK2/Ada-SPARK-Subsets-II","221980222","B","replace variable Found -> YY","subsets_ii.adb","127","Found := False;","YY := False;","stillborn"
"misc/SPARK2/Ada-SPARK-Subsets-II","221980222","B","replace variable I -> Found","subsets_ii.adb","100","Lemma_Product_Step (Big (R), Total (C.Copies, I - 1), C.Copies (I));","Lemma_Product_Step (Big (R), Total (C.Copies, I - 1), C.Copies (Found));","stillborn"
"misc/SPARK2/Ada-SPARK-Subsets-II","221980222","B","replace variable K -> T","subsets_ii.adb","7","((for all K in 1 .. Max_Items => Pow2 (K) = 2 * Pow2 (K - 1))","((for all T in 1 .. Max_Items => Pow2 (K) = 2 * Pow2 (K - 1))","stillborn"
"misc/SPARK2/Ada-SPARK-Subsets-II","221980222","B","replace variable I -> Len","subsets_ii.adb","131","T (I) := T (I) + 1;","T (Len) := T (I) + 1;","stillborn"
"misc/SPARK2/Ada-SPARK-Subsets-II","221980222","B","replace variable P -> A","subsets_ii.adb","153","R (P + J) := Values (Values'First - 1 + I);","R (A + J) := Values (Values'First - 1 + I);","stillborn"
"misc/SPARK2/Ada-SPARK-Subsets-II","221980222","B","replace variable K -> XX","subsets_ii.adb","62","Lemma_Total_Mono (A, I, K - 1);","Lemma_Total_Mono (A, I, XX - 1);","stillborn"
"misc/SPARK2/Ada-SPARK-Subsets-II","221980222","B","replace variable I -> Values","subsets_ii.adb","157","P := P + C.Take (I);","P := P + C.Take (Values);","stillborn"
"misc/SPARK2/Ada-SPARK-Subsets-II","221980222","B","replace variable C -> Len","subsets_ii.adb","101","Lemma_Product_Unfold (C.Copies, I);","Lemma_Product_Unfold (Len.Copies, I);","stillborn"
"misc/SPARK2/Ada-SPARK-Subsets-II","221980222","B","replace variable C -> YY","subsets_ii.adb","133","C := (N => C.N, Copies => C.Copies, Take => T);","YY := (N => C.N, Copies => C.Copies, Take => T);","stillborn"
"misc/SPARK2/Ada-SPARK-Subsets-II","221980222","B","replace variable C -> J","subsets_ii.adb","133","C := (N => C.N, Copies => C.Copies, Take => T);","J := (N => C.N, Copies => C.Copies, Take => T);","stillborn"
"misc/SPARK2/Ada-SPARK-Subsets-II","221980222","B","replace variable I -> C","subsets_ii.adb","104","R := R * (C.Copies (I) + 1);","R := R * (C.Copies (C) + 1);","stillborn"
"misc/SPARK2/Ada-SPARK-Subsets-II","221980222","B","replace variable K -> Len","subsets_ii.adb","8","and then (for all K in Length => K + 1 <= Pow2 (K) and then Pow2 (K) <= Pow2 (Max_Items)))","and then (for all K in Length => K + 1 <= Pow2 (K) and then Pow2 (Len) <= Pow2 (Max_Items)))","stillborn"
"misc/SPARK2/Ada-SPARK-Subsets-II","221980222","B","replace variable C -> Len","subsets_ii.adb","126","C := (N => C.N, Copies => C.Copies, Take => T);","Len := (N => C.N, Copies => C.Copies, Take => T);","stillborn"
"misc/SPARK2/Ada-SPARK-Subsets-II","221980222","B","replace variable K -> Len","subsets_ii.adb","8","and then (for all K in Length => K + 1 <= Pow2 (K) and then Pow2 (K) <= Pow2 (Max_Items)))","and then (for all K in Length => Len + 1 <= Pow2 (K) and then Pow2 (K) <= Pow2 (Max_Items)))","stillborn"
"misc/SPARK2/Ada-SPARK-Subsets-II","221980222","B","replace variable C -> P","subsets_ii.adb","115","while I <= C.N and then T (I) = C.Copies (I) loop","while I <= C.N and then T (I) = P.Copies (I) loop","stillborn"
"misc/SPARK2/Ada-SPARK-Subsets-II","221980222","B","replace variable C -> P","subsets_ii.adb","133","C := (N => C.N, Copies => C.Copies, Take => T);","C := (N => C.N, Copies => P.Copies, Take => T);","stillborn"
"misc/SPARK2/Ada-SPARK-Subsets-II","221980222","B","replace variable T -> P","subsets_ii.adb","131","T (I) := T (I) + 1;","T (I) := P (I) + 1;","stillborn"
"misc/SPARK2/Ada-SPARK-Subsets-II","221980222","B","replace variable T -> J","subsets_ii.adb","126","C := (N => C.N, Copies => C.Copies, Take => T);","C := (N => C.N, Copies => C.Copies, Take => J);","stillborn"
"misc/SPARK2/Ada-SPARK-Subsets-II","221980222","B","replace variable C -> J","subsets_ii.adb","76","Lemma_Mul_Mono (P, Big (Pow2 (T)), Big (C + 1), Big (Pow2 (C)));","Lemma_Mul_Mono (P, Big (Pow2 (T)), Big (C + 1), Big (Pow2 (J)));","stillborn"
"misc/SPARK2/Ada-SPARK-Subsets-II","221980222","B","replace variable B -> I","subsets_ii.adb","34","Lemma_Pow2_Add (A, B - 1);","Lemma_Pow2_Add (A, I - 1);","stillborn"
"misc/SPARK2/Ada-SPARK-Subsets-II","221980222","B","replace variable I -> P","subsets_ii.adb","100","Lemma_Product_Step (Big (R), Total (C.Copies, I - 1), C.Copies (I));","Lemma_Product_Step (Big (R), Total (C.Copies, I - 1), C.Copies (P));","stillborn"
"misc/SPARK2/Ada-SPARK-Subsets-II","221980222","B","replace variable I -> C","subsets_ii.adb","101","Lemma_Product_Unfold (C.Copies, I);","Lemma_Product_Unfold (C.Copies, C);","stillborn"
"misc/SPARK2/Ada-SPARK-Subsets-II","221980222","B","replace variable I -> Found","subsets_ii.adb","157","P := P + C.Take (I);","P := P + C.Take (Found);","stillborn"
"misc/SPARK2/Ada-SPARK-Subsets-II","221980222","B","replace variable I -> R","subsets_ii.adb","121","I := I + 1;","R := I + 1;","stillborn"
"misc/SPARK2/Ada-SPARK-Subsets-II","221980222","B","replace variable I -> A","subsets_ii.adb","121","I := I + 1;","A := I + 1;","stillborn"
"misc/SPARK2/Ada-SPARK-Subsets-II","221980222","B","replace variable I -> J","subsets_ii.adb","104","R := R * (C.Copies (I) + 1);","R := R * (C.Copies (J) + 1);","stillborn"
"misc/SPARK2/Ada-SPARK-Subsets-II","221980222","B","replace variable Found -> XX","subsets_ii.adb","134","Found := True;","XX := True;","stillborn"
"misc/SPARK2/Ada-SPARK-Subsets-II","221980222","B","replace variable C -> P","subsets_ii.adb","115","while I <= C.N and then T (I) = C.Copies (I) loop","while I <= P.N and then T (I) = C.Copies (I) loop","stillborn"
"misc/SPARK2/Ada-SPARK-Subsets-II","221980222","B","replace variable K -> I","subsets_ii.adb","8","and then (for all K in Length => K + 1 <= Pow2 (K) and then Pow2 (K) <= Pow2 (Max_Items)))","and then (for all I in Length => K + 1 <= Pow2 (K) and then Pow2 (K) <= Pow2 (Max_Items)))","stillborn"
"misc/SPARK2/Ada-SPARK-Subsets-II","221980222","B","replace variable C -> B","subsets_ii.adb","104","R := R * (C.Copies (I) + 1);","R := R * (B.Copies (I) + 1);","stillborn"
"misc/SPARK2/Ada-SPARK-Subsets-II","221980222","B","replace variable K -> X","subsets_ii.adb","7","((for all K in 1 .. Max_Items => Pow2 (K) = 2 * Pow2 (K - 1))","((for all X in 1 .. Max_Items => Pow2 (K) = 2 * Pow2 (K - 1))","stillborn"
"misc/SPARK2/Ada-SPARK-Subsets-II","221980222","B","replace variable C -> Y","subsets_ii.adb","157","P := P + C.Take (I);","P := P + Y.Take (I);","stillborn"
"misc/SPARK2/Ada-SPARK-Subsets-II","221980222","B","replace variable K -> I","subsets_ii.adb","8","and then (for all K in Length => K + 1 <= Pow2 (K) and then Pow2 (K) <= Pow2 (Max_Items)))","and then (for all K in Length => I + 1 <= Pow2 (K) and then Pow2 (K) <= Pow2 (Max_Items)))","stillborn"
"misc/SPARK2/Ada-SPARK-Subsets-II","221980222","B","replace variable R -> A","subsets_ii.adb","104","R := R * (C.Copies (I) + 1);","R := A * (C.Copies (I) + 1);","stillborn"
"misc/SPARK2/Ada-SPARK-Subsets-II","221980222","B","replace variable C -> Values","subsets_ii.adb","100","Lemma_Product_Step (Big (R), Total (C.Copies, I - 1), C.Copies (I));","Lemma_Product_Step (Big (R), Total (Values.Copies, I - 1), C.Copies (I));","stillborn"
"misc/SPARK2/Ada-SPARK-Subsets-II","221980222","B","replace variable I -> Values","subsets_ii.adb","115","while I <= C.N and then T (I) = C.Copies (I) loop","while Values <= C.N and then T (I) = C.Copies (I) loop","stillborn"
"misc/SPARK2/Ada-SPARK-Subsets-II","221980222","B","replace variable Found -> V","subsets_ii.adb","134","Found := True;","V := True;","stillborn"
"misc/SPARK2/Ada-SPARK-Subsets-II","221980222","B","replace variable I -> YY","subsets_ii.adb","100","Lemma_Product_Step (Big (R), Total (C.Copies, I - 1), C.Copies (I));","Lemma_Product_Step (Big (R), Total (C.Copies, YY - 1), C.Copies (I));","stillborn"
"misc/SPARK2/Ada-SPARK-Subsets-II","221980222","B","replace variable I -> YY","subsets_ii.adb","157","P := P + C.Take (I);","P := P + C.Take (YY);","stillborn"
"misc/SPARK2/Ada-SPARK-Subsets-II","221980222","B","replace variable C -> X","subsets_ii.adb","126","C := (N => C.N, Copies => C.Copies, Take => T);","C := (N => C.N, Copies => X.Copies, Take => T);","stillborn"
"misc/SPARK2/Ada-SPARK-Subsets-II","221980222","B","replace variable R -> I","subsets_ii.adb","153","R (P + J) := Values (Values'First - 1 + I);","I (P + J) := Values (Values'First - 1 + I);","stillborn"
"misc/SPARK2/Ada-SPARK-Subsets-II","221980222","B","replace variable I -> V","subsets_ii.adb","149","for J in 1 .. C.Take (I) loop","for J in 1 .. C.Take (V) loop","stillborn"
"misc/SPARK2/Ada-SPARK-Subsets-II","221980222","B","replace variable I -> X","subsets_ii.adb","115","while I <= C.N and then T (I) = C.Copies (I) loop","while X <= C.N and then T (I) = C.Copies (I) loop","stillborn"
"misc/SPARK2/Ada-SPARK-Subsets-II","221980222","B","replace variable C -> A","subsets_ii.adb","99","Lemma_Total_Mono (C.Copies, I, C.N);","Lemma_Total_Mono (A.Copies, I, C.N);","stillborn"
"misc/SPARK2/Ada-SPARK-Subsets-II","221980222","B","replace variable T -> P","subsets_ii.adb","75","Lemma_Pow2_Add (T, C);","Lemma_Pow2_Add (P, C);","stillborn"
"misc/SPARK2/Ada-SPARK-Subsets-II","221980222","B","replace variable I -> P","subsets_ii.adb","131","T (I) := T (I) + 1;","T (I) := T (P) + 1;","stillborn"
"misc/SPARK2/Ada-SPARK-Subsets-II","221980222","B","replace variable C -> A","subsets_ii.adb","133","C := (N => C.N, Copies => C.Copies, Take => T);","A := (N => C.N, Copies => C.Copies, Take => T);","stillborn"
"misc/SPARK2/Ada-SPARK-Subsets-II","221980222","B","replace variable K -> V","subsets_ii.adb","62","Lemma_Total_Mono (A, I, K - 1);","Lemma_Total_Mono (A, I, V - 1);","stillborn"
"misc/SPARK2/Ada-SPARK-Subsets-II","221980222","B","replace variable T -> A","subsets_ii.adb","75","Lemma_Pow2_Add (T, C);","Lemma_Pow2_Add (A, C);","stillborn"
"misc/SPARK2/Ada-SPARK-Subsets-II","221980222","B","replace variable B -> C","subsets_ii.adb","33","if B > 0 then","if C > 0 then","stillborn"
"misc/SPARK2/Ada-SPARK-Subsets-II","221980222","B","replace variable K -> A","subsets_ii.adb","61","if K > I then","if A > I then","stillborn"
"misc/SPARK2/Ada-SPARK-Subsets-II","221980222","B","replace variable C -> V","subsets_ii.adb","157","P := P + C.Take (I);","P := P + V.Take (I);","stillborn"
"misc/SPARK2/Ada-SPARK-Subsets-II","221980222","B","replace variable C -> Found","subsets_ii.adb","100","Lemma_Product_Step (Big (R), Total (C.Copies, I - 1), C.Copies (I));","Lemma_Product_Step (Big (R), Total (Found.Copies, I - 1), C.Copies (I));","stillborn"
"misc/SPARK2/Ada-SPARK-Subsets-II","221980222","B","replace variable C -> N","subsets_ii.adb","115","while I <= C.N and then T (I) = C.Copies (I) loop","while I <= C.N and then T (I) = N.Copies (I) loop","stillborn"
"misc/SPARK2/Ada-SPARK-Subsets-II","221980222","B","replace variable C -> V","subsets_ii.adb","104","R := R * (C.Copies (I) + 1);","R := R * (V.Copies (I) + 1);","stillborn"
"misc/SPARK2/Ada-SPARK-Subsets-II","221980222","B","replace variable I -> K","subsets_ii.adb","104","R := R * (C.Copies (I) + 1);","R := R * (C.Copies (K) + 1);","stillborn"
"misc/SPARK2/Ada-SPARK-Subsets-II","221980222","B","replace variable C -> B","subsets_ii.adb","95","for I in 1 .. C.N loop","for I in 1 .. B.N loop","stillborn"
"misc/SPARK2/Ada-SPARK-Subsets-II","221980222","B","replace variable P -> YY","subsets_ii.adb","76","Lemma_Mul_Mono (P, Big (Pow2 (T)), Big (C + 1), Big (Pow2 (C)));","Lemma_Mul_Mono (YY, Big (Pow2 (T)), Big (C + 1), Big (Pow2 (C)));","stillborn"
"misc/SPARK2/Ada-SPARK-Subsets-II","221980222","B","replace variable C -> N","subsets_ii.adb","126","C := (N => C.N, Copies => C.Copies, Take => T);","N := (N => C.N, Copies => C.Copies, Take => T);","stillborn"
"misc/SPARK2/Ada-SPARK-Subsets-II","221980222","B","replace variable K -> Y","subsets_ii.adb","58","Subprogram_Variant => (Decreases => K);","Subprogram_Variant => (Decreases => Y);","stillborn"
"misc/SPARK2/Ada-SPARK-Subsets-II","221980222","B","replace variable I -> Found","subsets_ii.adb","131","T (I) := T (I) + 1;","T (Found) := T (I) + 1;","stillborn"
"misc/SPARK2/Ada-SPARK-Subsets-II","221980222","B","replace variable I -> J","subsets_ii.adb","101","Lemma_Product_Unfold (C.Copies, I);","Lemma_Product_Unfold (C.Copies, J);","stillborn"
"misc/SPARK2/Ada-SPARK-Subsets-II","221980222","B","loop direction forward -> reverse","subsets_ii.adb","15","for K in Length loop","for K in reverse Length loop","survived"
"misc/SPARK2/Ada-SPARK-Subsets-II","221980222","std","+ -> -","subsets_ii.adb","153","R (P + J) := Values (Values'First - 1 + I);","R (P - J) := Values (Values'First - 1 + I);","killed"
"misc/SPARK2/Ada-SPARK-Subsets-II","221980222","alt","constant 1 -> 2","subsets_ii.adb","131","T (I) := T (I) + 1;","T (I) := T (I) + 2;","killed"
"misc/SPARK2/Ada-SPARK-Subsets-II","221980222","ho","* -> + + > -> >=","subsets_ii.adb","104 124","R := R * (C.Copies (I) + 1); || if I > C.N then","R := R + (C.Copies (I) + 1); || if I >= C.N then","killed"
"misc/SPARK2/Ada-SPARK-Subsets-II","221980222","B","replace variable C -> K","subsets_ii.adb","149","for J in 1 .. C.Take (I) loop","for J in 1 .. K.Take (I) loop","stillborn"
"misc/SPARK2/Ada-SPARK-Subsets-II","221980222","C","actual off-by-one +1","subsets_ii.ads","107","(if K = 0 then To_Big_Integer (1) else Product (A, K - 1) * To_Big_Integer (A (A'First + (K - 1)) + ","(if K = 0 then To_Big_Integer (1 + 1) else Product (A, K - 1) * To_Big_Integer (A (A'First + (K - 1)","killed"
"misc/SPARK2/Ada-SPARK-Subsets-II","221980222","B","replace variable I -> B","subsets_ii.adb","157","P := P + C.Take (I);","P := P + C.Take (B);","stillborn"
"misc/SPARK2/Ada-SPARK-Subsets-II","221980222","B","replace variable C -> R","subsets_ii.adb","147","Lemma_Total_Mono (C.Take, I, C.N);","Lemma_Total_Mono (R.Take, I, C.N);","stillborn"
"misc/SPARK2/Ada-SPARK-Subsets-II","221980222","B","replace variable K -> Values","subsets_ii.adb","8","and then (for all K in Length => K + 1 <= Pow2 (K) and then Pow2 (K) <= Pow2 (Max_Items)))","and then (for all K in Length => Values + 1 <= Pow2 (K) and then Pow2 (K) <= Pow2 (Max_Items)))","stillborn"
"misc/SPARK2/Ada-SPARK-Subsets-II","221980222","B","replace variable I -> Values","subsets_ii.adb","100","Lemma_Product_Step (Big (R), Total (C.Copies, I - 1), C.Copies (I));","Lemma_Product_Step (Big (R), Total (C.Copies, Values - 1), C.Copies (I));","stillborn"
"misc/SPARK2/Ada-SPARK-Subsets-II","221980222","B","replace variable I -> Y","subsets_ii.adb","147","Lemma_Total_Mono (C.Take, I, C.N);","Lemma_Total_Mono (C.Take, Y, C.N);","stillborn"
"misc/SPARK2/Ada-SPARK-Subsets-II","221980222","B","replace variable C -> V","subsets_ii.adb","76","Lemma_Mul_Mono (P, Big (Pow2 (T)), Big (C + 1), Big (Pow2 (C)));","Lemma_Mul_Mono (P, Big (Pow2 (T)), Big (V + 1), Big (Pow2 (C)));","stillborn"
"misc/SPARK2/Ada-SPARK-Subsets-II","221980222","B","replace variable I -> Found","subsets_ii.adb","124","if I > C.N then","if Found > C.N then","stillborn"
"misc/SPARK2/Ada-SPARK-Subsets-II","221980222","B","replace variable C -> T","subsets_ii.adb","76","Lemma_Mul_Mono (P, Big (Pow2 (T)), Big (C + 1), Big (Pow2 (C)));","Lemma_Mul_Mono (P, Big (Pow2 (T)), Big (T + 1), Big (Pow2 (C)));","killed"
"misc/SPARK2/Ada-SPARK-Subsets-II","221980222","std","+ -> -","subsets_ii.adb","157","P := P + C.Take (I);","P := P - C.Take (I);","killed"
"misc/SPARK2/Ada-SPARK-Subsets-II","221980222","alt","constant 1 -> 2","subsets_ii.adb","95","for I in 1 .. C.N loop","for I in 2 .. C.N loop","killed"
"misc/SPARK2/Ada-SPARK-Subsets-II","221980222","ho","+ -> - + + 1 -> + 0","subsets_ii.adb","8 131","and then (for all K in Length => K + 1 <= Pow2 (K) and then Pow2 (K) <= Pow2 (Max_Items))) || T (I) := T (I) + 1;","and then (for all K in Length => K - 1 <= Pow2 (K) and then Pow2 (K) <= Pow2 (Max_Items))) || T (I) := T (I) + 0;","killed"
"misc/SPARK2/Ada-SPARK-Subsets-II","221980222","B","replace variable C -> B","subsets_ii.adb","133","C := (N => C.N, Copies => C.Copies, Take => T);","C := (N => B.N, Copies => C.Copies, Take => T);","stillborn"
"misc/SPARK2/Ada-SPARK-Subsets-II","221980222","C","actual off-by-one +1","subsets_ii.adb","100","Lemma_Product_Step (Big (R), Total (C.Copies, I - 1), C.Copies (I));","Lemma_Product_Step (Big (R + 1), Total (C.Copies, I - 1), C.Copies (I));","killed"
"misc/SPARK2/Ada-SPARK-Subsets-II","221980222","B","replace variable C -> Found","subsets_ii.adb","115","while I <= C.N and then T (I) = C.Copies (I) loop","while I <= C.N and then T (I) = Found.Copies (I) loop","stillborn"
"misc/SPARK2/Ada-SPARK-Subsets-II","221980222","B","replace variable I -> C","subsets_ii.adb","115","while I <= C.N and then T (I) = C.Copies (I) loop","while C <= C.N and then T (I) = C.Copies (I) loop","stillborn"
"misc/SPARK2/Ada-SPARK-Subsets-II","221980222","B","replace variable Found -> T","subsets_ii.adb","134","Found := True;","T := True;","stillborn"
"misc/SPARK2/Ada-SPARK-Subsets-II","221980222","B","replace variable I -> YY","subsets_ii.adb","149","for J in 1 .. C.Take (I) loop","for J in 1 .. C.Take (YY) loop","stillborn"
"misc/SPARK2/Ada-SPARK-Subsets-II","221980222","B","replace variable B -> A","subsets_ii.adb","34","Lemma_Pow2_Add (A, B - 1);","Lemma_Pow2_Add (A, A - 1);","killed"
"misc/SPARK2/Ada-SPARK-Subsets-II","221980222","std","+ -> -","subsets_ii.adb","76","Lemma_Mul_Mono (P, Big (Pow2 (T)), Big (C + 1), Big (Pow2 (C)));","Lemma_Mul_Mono (P, Big (Pow2 (T)), Big (C - 1), Big (Pow2 (C)));","killed"
"misc/SPARK2/Ada-SPARK-Subsets-II","221980222","alt","delete statement","subsets_ii.adb","153","R (P + J) := Values (Values'First - 1 + I);","null;","killed"
"misc/SPARK2/Ada-SPARK-Subsets-II","221980222","ho","= -> /= + + 1 -> + 0","subsets_ii.adb","7 8","((for all K in 1 .. Max_Items => Pow2 (K) = 2 * Pow2 (K - 1)) || and then (for all K in Length => K + 1 <= Pow2 (K) and then Pow2 (K) <= Pow2 (Max_Items)))","((for all K in 1 .. Max_Items => Pow2 (K) /= 2 * Pow2 (K - 1)) || and then (for all K in Length => K + 0 <= Pow2 (K) and then Pow2 (K) <= Pow2 (Max_Items)))","killed"
"misc/SPARK2/Ada-SPARK-Subsets-II","221980222","B","replace variable C -> N","subsets_ii.adb","124","if I > C.N then","if I > N.N then","stillborn"
"misc/SPARK2/Ada-SPARK-Subsets-II","221980222","C","actual off-by-one -1","subsets_ii.adb","62","Lemma_Total_Mono (A, I, K - 1);","Lemma_Total_Mono (A, I, K - 1 - 1);","killed"
"misc/SPARK2/Ada-SPARK-Subsets-II","221980222","B","replace variable K -> R","subsets_ii.adb","7","((for all K in 1 .. Max_Items => Pow2 (K) = 2 * Pow2 (K - 1))","((for all R in 1 .. Max_Items => Pow2 (K) = 2 * Pow2 (K - 1))","stillborn"
"misc/SPARK2/Ada-SPARK-Subsets-II","221980222","B","replace variable B -> N","subsets_ii.adb","30","Subprogram_Variant => (Decreases => B);","Subprogram_Variant => (Decreases => N);","stillborn"
"misc/SPARK2/Ada-SPARK-Subsets-II","221980222","B","replace variable C -> YY","subsets_ii.adb","133","C := (N => C.N, Copies => C.Copies, Take => T);","C := (N => YY.N, Copies => C.Copies, Take => T);","stillborn"
"misc/SPARK2/Ada-SPARK-Subsets-II","221980222","B","replace variable C -> Values","subsets_ii.adb","99","Lemma_Total_Mono (C.Copies, I, C.N);","Lemma_Total_Mono (C.Copies, I, Values.N);","stillborn"
"misc/SPARK2/Ada-SPARK-Subsets-II","221980222","B","replace variable C -> YY","subsets_ii.adb","147","Lemma_Total_Mono (C.Take, I, C.N);","Lemma_Total_Mono (C.Take, I, YY.N);","stillborn"
"misc/SPARK2/Ada-SPARK-Subsets-II","221980222","B","replace variable K -> Y","subsets_ii.adb","7","((for all K in 1 .. Max_Items => Pow2 (K) = 2 * Pow2 (K - 1))","((for all K in 1 .. Max_Items => Pow2 (Y) = 2 * Pow2 (K - 1))","stillborn"
"misc/SPARK2/Ada-SPARK-Subsets-II","221980222","B","replace variable T -> Found","subsets_ii.adb","115","while I <= C.N and then T (I) = C.Copies (I) loop","while I <= C.N and then Found (I) = C.Copies (I) loop","stillborn"
"misc/SPARK2/Ada-SPARK-Subsets-II","221980222","B","replace variable K -> C","subsets_ii.adb","61","if K > I then","if C > I then","stillborn"
"misc/SPARK2/Ada-SPARK-Subsets-II","221980222","B","replace variable A -> XX","subsets_ii.adb","62","Lemma_Total_Mono (A, I, K - 1);","Lemma_Total_Mono (XX, I, K - 1);","stillborn"
"misc/SPARK2/Ada-SPARK-Subsets-II","221980222","B","replace variable I -> V","subsets_ii.adb","115","while I <= C.N and then T (I) = C.Copies (I) loop","while V <= C.N and then T (I) = C.Copies (I) loop","stillborn"
"misc/SPARK2/Ada-SPARK-Subsets-II","221980222","B","replace variable C -> P","subsets_ii.adb","76","Lemma_Mul_Mono (P, Big (Pow2 (T)), Big (C + 1), Big (Pow2 (C)));","Lemma_Mul_Mono (P, Big (Pow2 (T)), Big (P + 1), Big (Pow2 (C)));","stillborn"
"misc/SPARK2/Ada-SPARK-Subsets-II","221980222","B","replace variable R -> J","subsets_ii.adb","104","R := R * (C.Copies (I) + 1);","J := R * (C.Copies (I) + 1);","stillborn"
"misc/SPARK2/Ada-SPARK-Subsets-II","221980222","B","replace variable I -> Y","subsets_ii.adb","115","while I <= C.N and then T (I) = C.Copies (I) loop","while I <= C.N and then T (I) = C.Copies (Y) loop","stillborn"
"misc/SPARK2/Ada-SPARK-Subsets-II","221980222","B","replace variable I -> XX","subsets_ii.adb","101","Lemma_Product_Unfold (C.Copies, I);","Lemma_Product_Unfold (C.Copies, XX);","stillborn"
"misc/SPARK2/Ada-SPARK-Subsets-II","221980222","B","replace variable B -> R","subsets_ii.adb","30","Subprogram_Variant => (Decreases => B);","Subprogram_Variant => (Decreases => R);","stillborn"
"misc/SPARK2/Ada-SPARK-Subsets-II","221980222","B","replace variable R -> J","subsets_ii.adb","153","R (P + J) := Values (Values'First - 1 + I);","J (P + J) := Values (Values'First - 1 + I);","stillborn"
"misc/SPARK2/Ada-SPARK-Subsets-II","221980222","B","replace variable I -> Y","subsets_ii.adb","149","for J in 1 .. C.Take (I) loop","for J in 1 .. C.Take (Y) loop","stillborn"
"misc/SPARK2/Ada-SPARK-Subsets-II","221980222","B","replace variable K -> Y","subsets_ii.adb","8","and then (for all K in Length => K + 1 <= Pow2 (K) and then Pow2 (K) <= Pow2 (Max_Items)))","and then (for all K in Length => Y + 1 <= Pow2 (K) and then Pow2 (K) <= Pow2 (Max_Items)))","stillborn"
"misc/SPARK2/Ada-SPARK-Subsets-II","221980222","B","replace variable C -> P","subsets_ii.adb","75","Lemma_Pow2_Add (T, C);","Lemma_Pow2_Add (T, P);","stillborn"
"misc/SPARK2/Ada-SPARK-Subsets-II","221980222","B","replace variable P -> N","subsets_ii.adb","157","P := P + C.Take (I);","P := N + C.Take (I);","stillborn"
"misc/SPARK2/Ada-SPARK-Subsets-II","221980222","B","replace variable T -> B","subsets_ii.adb","76","Lemma_Mul_Mono (P, Big (Pow2 (T)), Big (C + 1), Big (Pow2 (C)));","Lemma_Mul_Mono (P, Big (Pow2 (B)), Big (C + 1), Big (Pow2 (C)));","stillborn"
"misc/SPARK2/Ada-SPARK-Subsets-II","221980222","B","replace variable T -> J","subsets_ii.adb","76","Lemma_Mul_Mono (P, Big (Pow2 (T)), Big (C + 1), Big (Pow2 (C)));","Lemma_Mul_Mono (P, Big (Pow2 (J)), Big (C + 1), Big (Pow2 (C)));","stillborn"
"misc/SPARK2/Ada-SPARK-Subsets-II","221980222","B","replace variable C -> A","subsets_ii.adb","149","for J in 1 .. C.Take (I) loop","for J in 1 .. A.Take (I) loop","stillborn"
"misc/SPARK2/Ada-SPARK-Subsets-II","221980222","B","replace variable C -> A","subsets_ii.adb","126","C := (N => C.N, Copies => C.Copies, Take => T);","A := (N => C.N, Copies => C.Copies, Take => T);","stillborn"
"misc/SPARK2/Ada-SPARK-Subsets-II","221980222","B","replace variable C -> X","subsets_ii.adb","124","if I > C.N then","if I > X.N then","stillborn"
"misc/SPARK2/Ada-SPARK-Subsets-II","221980222","B","replace variable K -> V","subsets_ii.adb","8","and then (for all K in Length => K + 1 <= Pow2 (K) and then Pow2 (K) <= Pow2 (Max_Items)))","and then (for all K in Length => V + 1 <= Pow2 (K) and then Pow2 (K) <= Pow2 (Max_Items)))","stillborn"
"misc/SPARK2/Ada-SPARK-Subsets-II","221980222","B","replace variable I -> C","subsets_ii.adb","149","for J in 1 .. C.Take (I) loop","for J in 1 .. C.Take (C) loop","stillborn"
"misc/SPARK2/Ada-SPARK-Subsets-II","221980222","B","replace variable A -> R","subsets_ii.adb","34","Lemma_Pow2_Add (A, B - 1);","Lemma_Pow2_Add (R, B - 1);","stillborn"
"misc/SPARK2/Ada-SPARK-Subsets-II","221980222","B","replace variable C -> V","subsets_ii.adb","149","for J in 1 .. C.Take (I) loop","for J in 1 .. V.Take (I) loop","stillborn"
"misc/SPARK2/Ada-SPARK-Subsets-II","221980222","B","replace variable I -> B","subsets_ii.adb","115","while I <= C.N and then T (I) = C.Copies (I) loop","while B <= C.N and then T (I) = C.Copies (I) loop","stillborn"
"misc/SPARK2/Ada-SPARK-Subsets-II","221980222","B","replace variable T -> R","subsets_ii.adb","75","Lemma_Pow2_Add (T, C);","Lemma_Pow2_Add (R, C);","stillborn"
"misc/SPARK2/Ada-SPARK-Subsets-II","221980222","B","replace variable Found -> YY","subsets_ii.adb","134","Found := True;","YY := True;","stillborn"
"misc/SPARK2/Ada-SPARK-Subsets-II","221980222","B","replace variable R -> B","subsets_ii.adb","106","return R;","return B;","stillborn"
"misc/SPARK2/Ada-SPARK-Subsets-II","221980222","B","replace variable C -> Y","subsets_ii.adb","133","C := (N => C.N, Copies => C.Copies, Take => T);","C := (N => C.N, Copies => Y.Copies, Take => T);","stillborn"
"misc/SPARK2/Ada-SPARK-Subsets-II","221980222","B","replace variable K -> A","subsets_ii.adb","7","((for all K in 1 .. Max_Items => Pow2 (K) = 2 * Pow2 (K - 1))","((for all K in 1 .. Max_Items => Pow2 (A) = 2 * Pow2 (K - 1))","stillborn"
"misc/SPARK2/Ada-SPARK-Subsets-II","221980222","B","replace variable P -> B","subsets_ii.adb","76","Lemma_Mul_Mono (P, Big (Pow2 (T)), Big (C + 1), Big (Pow2 (C)));","Lemma_Mul_Mono (B, Big (Pow2 (T)), Big (C + 1), Big (Pow2 (C)));","stillborn"
"misc/SPARK2/Ada-SPARK-Subsets-II","221980222","B","replace variable T -> Y","subsets_ii.adb","133","C := (N => C.N, Copies => C.Copies, Take => T);","C := (N => C.N, Copies => C.Copies, Take => Y);","stillborn"
"misc/SPARK2/Ada-SPARK-Subsets-II","221980222","B","replace variable I -> X","subsets_ii.adb","120","T (I) := 0;","T (X) := 0;","stillborn"
"misc/SPARK2/Ada-SPARK-Subsets-II","221980222","B","replace variable Found -> J","subsets_ii.adb","134","Found := True;","J := True;","stillborn"
"misc/SPARK2/Ada-SPARK-Subsets-II","221980222","B","replace variable C -> Y","subsets_ii.adb","76","Lemma_Mul_Mono (P, Big (Pow2 (T)), Big (C + 1), Big (Pow2 (C)));","Lemma_Mul_Mono (P, Big (Pow2 (T)), Big (C + 1), Big (Pow2 (Y)));","stillborn"
"misc/SPARK2/Ada-SPARK-Subsets-II","221980222","B","replace variable C -> T","subsets_ii.adb","99","Lemma_Total_Mono (C.Copies, I, C.N);","Lemma_Total_Mono (T.Copies, I, C.N);","stillborn"
"misc/SPARK2/Ada-SPARK-Subsets-II","221980222","B","replace variable K -> YY","subsets_ii.adb","8","and then (for all K in Length => K + 1 <= Pow2 (K) and then Pow2 (K) <= Pow2 (Max_Items)))","and then (for all YY in Length => K + 1 <= Pow2 (K) and then Pow2 (K) <= Pow2 (Max_Items)))","stillborn"
"misc/SPARK2/Ada-SPARK-Subsets-II","221980222","B","replace variable T -> Len","subsets_ii.adb","131","T (I) := T (I) + 1;","T (I) := Len (I) + 1;","stillborn"
"misc/SPARK2/Ada-SPARK-Subsets-II","221980222","B","replace variable C -> J","subsets_ii.adb","149","for J in 1 .. C.Take (I) loop","for J in 1 .. J.Take (I) loop","stillborn"
"misc/SPARK2/Ada-SPARK-Subsets-II","221980222","B","replace variable C -> X","subsets_ii.adb","133","C := (N => C.N, Copies => C.Copies, Take => T);","C := (N => C.N, Copies => X.Copies, Take => T);","stillborn"
"misc/SPARK2/Ada-SPARK-Subsets-II","221980222","B","replace variable I -> V","subsets_ii.adb","115","while I <= C.N and then T (I) = C.Copies (I) loop","while I <= C.N and then T (V) = C.Copies (I) loop","stillborn"
"misc/SPARK2/Ada-SPARK-Subsets-II","221980222","B","replace variable C -> Y","subsets_ii.adb","126","C := (N => C.N, Copies => C.Copies, Take => T);","Y := (N => C.N, Copies => C.Copies, Take => T);","stillborn"
"misc/SPARK2/Ada-SPARK-Subsets-II","221980222","B","replace variable R -> T","subsets_ii.adb","159","return R;","return T;","stillborn"
"misc/SPARK2/Ada-SPARK-Subsets-II","221980222","B","replace variable I -> Y","subsets_ii.adb","100","Lemma_Product_Step (Big (R), Total (C.Copies, I - 1), C.Copies (I));","Lemma_Product_Step (Big (R), Total (C.Copies, Y - 1), C.Copies (I));","stillborn"
"misc/SPARK2/Ada-SPARK-Subsets-II","221980222","B","replace variable K -> X","subsets_ii.adb","58","Subprogram_Variant => (Decreases => K);","Subprogram_Variant => (Decreases => X);","stillborn"
"misc/SPARK2/Ada-SPARK-Subsets-II","221980222","B","replace variable I -> Values","subsets_ii.adb","124","if I > C.N then","if Values > C.N then","stillborn"
"misc/SPARK2/Ada-SPARK-Subsets-II","221980222","B","replace variable P -> K","subsets_ii.adb","153","R (P + J) := Values (Values'First - 1 + I);","R (K + J) := Values (Values'First - 1 + I);","stillborn"
"misc/SPARK2/Ada-SPARK-Subsets-II","221980222","B","replace variable T -> J","subsets_ii.adb","133","C := (N => C.N, Copies => C.Copies, Take => T);","C := (N => C.N, Copies => C.Copies, Take => J);","stillborn"
"misc/SPARK2/Ada-SPARK-Subsets-II","221980222","B","replace variable I -> Len","subsets_ii.adb","115","while I <= C.N and then T (I) = C.Copies (I) loop","while I <= C.N and then T (I) = C.Copies (Len) loop","stillborn"
"misc/SPARK2/Ada-SPARK-Subsets-II","221980222","B","replace variable C -> P","subsets_ii.adb","100","Lemma_Product_Step (Big (R), Total (C.Copies, I - 1), C.Copies (I));","Lemma_Product_Step (Big (R), Total (P.Copies, I - 1), C.Copies (I));","stillborn"
"misc/SPARK2/Ada-SPARK-Subsets-II","221980222","B","replace variable T -> C","subsets_ii.adb","120","T (I) := 0;","C (I) := 0;","stillborn"
"misc/SPARK2/Ada-SPARK-Subsets-II","221980222","B","replace variable I -> T","subsets_ii.adb","115","while I <= C.N and then T (I) = C.Copies (I) loop","while I <= C.N and then T (I) = C.Copies (T) loop","stillborn"
"misc/SPARK2/Ada-SPARK-Subsets-II","221980222","B","replace variable C -> A","subsets_ii.adb","133","C := (N => C.N, Copies => C.Copies, Take => T);","C := (N => A.N, Copies => C.Copies, Take => T);","stillborn"
"misc/SPARK2/Ada-SPARK-Subsets-II","221980222","B","replace variable T -> N","subsets_ii.adb","133","C := (N => C.N, Copies => C.Copies, Take => T);","C := (N => C.N, Copies => C.Copies, Take => N);","stillborn"
"misc/SPARK2/Ada-SPARK-Subsets-II","221980222","B","replace variable K -> R","subsets_ii.adb","8","and then (for all K in Length => K + 1 <= Pow2 (K) and then Pow2 (K) <= Pow2 (Max_Items)))","and then (for all K in Length => K + 1 <= Pow2 (R) and then Pow2 (K) <= Pow2 (Max_Items)))","stillborn"
"misc/SPARK2/Ada-SPARK-Subsets-II","221980222","B","replace variable C -> J","subsets_ii.adb","115","while I <= C.N and then T (I) = C.Copies (I) loop","while I <= J.N and then T (I) = C.Copies (I) loop","stillborn"
"misc/SPARK2/Ada-SPARK-Subsets-II","221980222","B","replace variable C -> B","subsets_ii.adb","126","C := (N => C.N, Copies => C.Copies, Take => T);","C := (N => B.N, Copies => C.Copies, Take => T);","stillborn"
"misc/SPARK2/Ada-SPARK-Subsets-II","221980222","B","replace variable I -> Len","subsets_ii.adb","149","for J in 1 .. C.Take (I) loop","for J in 1 .. C.Take (Len) loop","killed"
"misc/SPARK2/Ada-SPARK-Subsets-II","221980222","std","+ -> -","subsets_ii.adb","104","R := R * (C.Copies (I) + 1);","R := R * (C.Copies (I) - 1);","killed"
"misc/SPARK2/Ada-SPARK-Subsets-II","221980222","alt","constant 2 -> 0","subsets_ii.adb","7","((for all K in 1 .. Max_Items => Pow2 (K) = 2 * Pow2 (K - 1))","((for all K in 1 .. Max_Items => Pow2 (K) = 0 * Pow2 (K - 1))","killed"
"misc/SPARK2/Ada-SPARK-Subsets-II","221980222","ho","> -> >= + + -> -","subsets_ii.adb","33 131","if B > 0 then || T (I) := T (I) + 1;","if B >= 0 then || T (I) := T (I) - 1;","killed"
"misc/SPARK2/Ada-SPARK-Subsets-II","221980222","B","replace variable I -> C","subsets_ii.adb","61","if K > I then","if K > C then","stillborn"
"misc/SPARK2/Ada-SPARK-Subsets-II","221980222","C","actual off-by-one +1","subsets_ii.adb","101","Lemma_Product_Unfold (C.Copies, I);","Lemma_Product_Unfold (C.Copies + 1, I);","stillborn"
"misc/SPARK2/Ada-SPARK-House-Robber-III-Lite","243526438","std","= -> /=","house_robber_iii_lite.adb","82","(for all J in 1 .. T.N => (if J < I or else J > E then Chosen (J) = Chosen'Old (J))))","(for all J in 1 .. T.N => (if J < I or else J > E then Chosen (J) /= Chosen'Old (J))))","killed"
"misc/SPARK2/Ada-SPARK-House-Robber-III-Lite","243526438","alt","swap arguments","house_robber_iii_lite.adb","86","= (if Blocked then Plan (T, I).Skip else Best (Plan (T, I))),","= (if Blocked then Plan (I, T).Skip else Best (Plan (T, I))),","stillborn"
"misc/SPARK2/Ada-SPARK-House-Robber-III-Lite","243526438","ho","= -> /= + - -> +","house_robber_iii_lite.adb","23 62","PL : constant Pair := (if T.Left (I) = 0 then (0, 0) else Plan (T, T.Left (I))); || Subprogram_Variant => (Decreases => T.N - I);","PL : constant Pair := (if T.Left (I) /= 0 then (0, 0) else Plan (T, T.Left (I))); || Subprogram_Variant => (Decreases => T.N + I);","killed"
"misc/SPARK2/Ada-SPARK-House-Robber-III-Lite","243526438","B","replace variable S1 -> Chosen","house_robber_iii_lite.adb","70","Lemma_Loot_Frame (T, S1, S2, T.Right (I));","Lemma_Loot_Frame (T, Chosen, S2, T.Right (I));","stillborn"
"misc/SPARK2/Ada-SPARK-House-Robber-III-Lite","243526438","C","actual off-by-one -1","house_robber_iii_lite.ads","55","else Last_Of (T, I + 1) < T.N and then T.Right (I) = Last_Of (T, I + 1) + 1)))","else Last_Of (T, I + 1) < T.N and then T.Right (I - 1) = Last_Of (T, I + 1) + 1)))","killed"
"misc/SPARK2/Ada-SPARK-House-Robber-III-Lite","243526438","alt","constant 1 -> 0","house_robber_iii_lite.adb","82","(for all J in 1 .. T.N => (if J < I or else J > E then Chosen (J) = Chosen'Old (J))))","(for all J in 0 .. T.N => (if J < I or else J > E then Chosen (J) = Chosen'Old (J))))","killed"
"misc/SPARK2/Ada-SPARK-House-Robber-III-Lite","243526438","B","replace variable I -> E","house_robber_iii_lite.adb","40","(for all J in I .. E => T.Left (J) <= E and then T.Right (J) <= E)),","(for all J in E .. E => T.Left (J) <= E and then T.Right (J) <= E)),","survived"
"misc/SPARK2/Ada-SPARK-House-Robber-III-Lite","243526438","std","/= -> =","house_robber_iii_lite.adb","102","if R /= 0 then","if R = 0 then","stillborn"
"misc/SPARK2/Ada-SPARK-House-Robber-III-Lite","243526438","alt","constant 1 -> 2","house_robber_iii_lite.adb","116","Mark (T, 1, False, R);","Mark (T, 2, False, R);","killed"
"misc/SPARK2/Ada-SPARK-House-Robber-III-Lite","243526438","ho","* -> + + /= -> =","house_robber_iii_lite.adb","16 69","and then Plan'Result.Skip <= Max_Value * (Last_Of (T, I) - I + 1), || if T.Right (I) /= 0 then","and then Plan'Result.Skip <= Max_Value + (Last_Of (T, I) - I + 1), || if T.Right (I) = 0 then","killed"
"misc/SPARK2/Ada-SPARK-House-Robber-III-Lite","243526438","B","replace variable I -> PL","house_robber_iii_lite.adb","85","and then Loot (T, Chosen, I)","and then Loot (T, Chosen, PL)","stillborn"
"misc/SPARK2/Ada-SPARK-House-Robber-III-Lite","243526438","C","actual off-by-one +1","house_robber_iii_lite.ads","109","+ (if T.Right (I) = 0 then 0 else Loot (T, S, T.Right (I))));","+ (if T.Right (I + 1) = 0 then 0 else Loot (T, S, T.Right (I))));","killed"
"misc/SPARK2/Ada-SPARK-House-Robber-III-Lite","243526438","std","> -> >=","house_robber_iii_lite.adb","82","(for all J in 1 .. T.N => (if J < I or else J > E then Chosen (J) = Chosen'Old (J))))","(for all J in 1 .. T.N => (if J < I or else J >= E then Chosen (J) = Chosen'Old (J))))","killed"
"misc/SPARK2/Ada-SPARK-House-Robber-III-Lite","243526438","B","replace variable T -> PR","house_robber_iii_lite.adb","26","(Take => T.Value (I) + PL.Skip + PR.Skip, Skip => Best (PL) + Best (PR)));","(Take => PR.Value (I) + PL.Skip + PR.Skip, Skip => Best (PL) + Best (PR)));","stillborn"
"misc/SPARK2/Ada-SPARK-House-Robber-III-Lite","243526438","B","replace variable T -> S","house_robber_iii_lite.adb","87","Subprogram_Variant => (Decreases => T.N - I);","Subprogram_Variant => (Decreases => S.N - I);","stillborn"
"misc/SPARK2/Ada-SPARK-House-Robber-III-Lite","243526438","B","replace variable I -> E","house_robber_iii_lite.adb","60","and then (for all J in I .. Last_Of (T, I) => S1 (J) = S2 (J)),","and then (for all J in E .. Last_Of (T, I) => S1 (J) = S2 (J)),","stillborn"
"misc/SPARK2/Ada-SPARK-House-Robber-III-Lite","243526438","B","replace variable I -> T","house_robber_iii_lite.adb","59","and then I <= T.N","and then T <= T.N","stillborn"
"misc/SPARK2/Ada-SPARK-House-Robber-III-Lite","243526438","B","replace variable T -> PR","house_robber_iii_lite.adb","67","Lemma_Loot_Frame (T, S1, S2, T.Left (I));","Lemma_Loot_Frame (T, S1, S2, PR.Left (I));","stillborn"
"misc/SPARK2/Ada-SPARK-House-Robber-III-Lite","243526438","B","replace variable T -> I","house_robber_iii_lite.adb","137","if T.Right (I) /= 0 then","if I.Right (I) /= 0 then","stillborn"
"misc/SPARK2/Ada-SPARK-House-Robber-III-Lite","243526438","B","replace variable Chosen -> P","house_robber_iii_lite.adb","96","Mark (T, L, Chosen (I), Chosen);","Mark (T, L, Chosen (I), P);","stillborn"
"misc/SPARK2/Ada-SPARK-House-Robber-III-Lite","243526438","B","replace variable I -> P","house_robber_iii_lite.adb","46","Lemma_Closed (T, T.Left (I));","Lemma_Closed (T, T.Left (P));","stillborn"
"misc/SPARK2/Ada-SPARK-House-Robber-III-Lite","243526438","B","replace variable T -> L","house_robber_iii_lite.adb","41","Subprogram_Variant => (Decreases => T.N - I);","Subprogram_Variant => (Decreases => L.N - I);","stillborn"
"misc/SPARK2/Ada-SPARK-House-Robber-III-Lite","243526438","B","replace variable I -> E","house_robber_iii_lite.adb","41","Subprogram_Variant => (Decreases => T.N - I);","Subprogram_Variant => (Decreases => T.N - E);","stillborn"
"misc/SPARK2/Ada-SPARK-House-Robber-III-Lite","243526438","B","replace variable I -> Take","house_robber_iii_lite.adb","94","Chosen (I) := not Blocked and then P.Take >= P.Skip;","Chosen (Take) := not Blocked and then P.Take >= P.Skip;","stillborn"
"misc/SPARK2/Ada-SPARK-House-Robber-III-Lite","243526438","B","replace variable PL -> I","house_robber_iii_lite.adb","26","(Take => T.Value (I) + PL.Skip + PR.Skip, Skip => Best (PL) + Best (PR)));","(Take => T.Value (I) + PL.Skip + PR.Skip, Skip => Best (I) + Best (PR)));","stillborn"
"misc/SPARK2/Ada-SPARK-House-Robber-III-Lite","243526438","B","replace variable R -> I","house_robber_iii_lite.adb","118","return R;","return I;","stillborn"
"misc/SPARK2/Ada-SPARK-House-Robber-III-Lite","243526438","B","replace variable Blocked -> P","house_robber_iii_lite.adb","94","Chosen (I) := not Blocked and then P.Take >= P.Skip;","Chosen (I) := not P and then P.Take >= P.Skip;","stillborn"
"misc/SPARK2/Ada-SPARK-House-Robber-III-Lite","243526438","B","replace variable R -> PR","house_robber_iii_lite.adb","102","if R /= 0 then","if PR /= 0 then","stillborn"
"misc/SPARK2/Ada-SPARK-House-Robber-III-Lite","243526438","B","replace variable I -> P","house_robber_iii_lite.adb","26","(Take => T.Value (I) + PL.Skip + PR.Skip, Skip => Best (PL) + Best (PR)));","(Take => T.Value (P) + PL.Skip + PR.Skip, Skip => Best (PL) + Best (PR)));","stillborn"
"misc/SPARK2/Ada-SPARK-House-Robber-III-Lite","243526438","B","replace variable I -> Take","house_robber_iii_lite.adb","84","and then (for all J in I .. Last_Of (T, I) => Local (T, Chosen, J))","and then (for all J in I .. Last_Of (T, Take) => Local (T, Chosen, J))","stillborn"
"misc/SPARK2/Ada-SPARK-House-Robber-III-Lite","243526438","B","replace variable Chosen -> PL","house_robber_iii_lite.adb","103","Mark (T, R, Chosen (I), Chosen);","Mark (T, R, PL (I), Chosen);","stillborn"
"misc/SPARK2/Ada-SPARK-House-Robber-III-Lite","243526438","B","replace variable T -> Take","house_robber_iii_lite.adb","66","if T.Left (I) /= 0 then","if Take.Left (I) /= 0 then","stillborn"
"misc/SPARK2/Ada-SPARK-House-Robber-III-Lite","243526438","B","replace variable T -> Chosen","house_robber_iii_lite.adb","106","Lemma_Loot_Frame (T, Chosen, Mid, L);","Lemma_Loot_Frame (Chosen, Chosen, Mid, L);","stillborn"
"misc/SPARK2/Ada-SPARK-House-Robber-III-Lite","243526438","B","replace variable I -> PL","house_robber_iii_lite.adb","86","= (if Blocked then Plan (T, I).Skip else Best (Plan (T, I))),","= (if Blocked then Plan (T, I).Skip else Best (Plan (T, PL))),","stillborn"
"misc/SPARK2/Ada-SPARK-House-Robber-III-Lite","243526438","B","replace variable T -> P","house_robber_iii_lite.adb","82","(for all J in 1 .. T.N => (if J < I or else J > E then Chosen (J) = Chosen'Old (J))))","(for all J in 1 .. P.N => (if J < I or else J > E then Chosen (J) = Chosen'Old (J))))","stillborn"
"misc/SPARK2/Ada-SPARK-House-Robber-III-Lite","243526438","B","replace variable T -> PR","house_robber_iii_lite.adb","40","(for all J in I .. E => T.Left (J) <= E and then T.Right (J) <= E)),","(for all J in I .. E => PR.Left (J) <= E and then T.Right (J) <= E)),","stillborn"
"misc/SPARK2/Ada-SPARK-House-Robber-III-Lite","243526438","B","replace variable T -> P","house_robber_iii_lite.adb","129","Subprogram_Variant => (Decreases => T.N - I);","Subprogram_Variant => (Decreases => P.N - I);","stillborn"
"misc/SPARK2/Ada-SPARK-House-Robber-III-Lite","243526438","B","replace variable I -> PR","house_robber_iii_lite.adb","40","(for all J in I .. E => T.Left (J) <= E and then T.Right (J) <= E)),","(for all J in PR .. E => T.Left (J) <= E and then T.Right (J) <= E)),","stillborn"
"misc/SPARK2/Ada-SPARK-House-Robber-III-Lite","243526438","B","replace variable T -> E","house_robber_iii_lite.adb","45","if T.Left (I) /= 0 then","if E.Left (I) /= 0 then","stillborn"
"misc/SPARK2/Ada-SPARK-House-Robber-III-Lite","243526438","B","replace variable I -> Chosen","house_robber_iii_lite.adb","48","if T.Right (I) /= 0 then","if T.Right (Chosen) /= 0 then","stillborn"
"misc/SPARK2/Ada-SPARK-House-Robber-III-Lite","243526438","B","replace variable T -> Blocked","house_robber_iii_lite.adb","134","if T.Left (I) /= 0 then","if Blocked.Left (I) /= 0 then","stillborn"
"misc/SPARK2/Ada-SPARK-House-Robber-III-Lite","243526438","B","replace variable T -> P","house_robber_iii_lite.adb","59","and then I <= T.N","and then I <= P.N","stillborn"
"misc/SPARK2/Ada-SPARK-House-Robber-III-Lite","243526438","B","replace variable T -> E","house_robber_iii_lite.adb","49","Lemma_Closed (T, T.Right (I));","Lemma_Closed (T, E.Right (I));","stillborn"
"misc/SPARK2/Ada-SPARK-House-Robber-III-Lite","243526438","B","replace variable I -> R","house_robber_iii_lite.adb","96","Mark (T, L, Chosen (I), Chosen);","Mark (T, L, Chosen (R), Chosen);","killed"
"misc/SPARK2/Ada-SPARK-House-Robber-III-Lite","243526438","std","> -> >=","house_robber_iii_lite.adb","115","if T.N > 0 then","if T.N >= 0 then","killed"
"misc/SPARK2/Ada-SPARK-House-Robber-III-Lite","243526438","alt","swap arguments","house_robber_iii_lite.adb","97","Lemma_Closed (T, L);","Lemma_Closed (L, T);","stillborn"
"misc/SPARK2/Ada-SPARK-House-Robber-III-Lite","243526438","ho","+ 1 -> + 0 + <= -> <","house_robber_iii_lite.adb","16 59","and then Plan'Result.Skip <= Max_Value * (Last_Of (T, I) - I + 1), || and then I <= T.N","and then Plan'Result.Skip <= Max_Value * (Last_Of (T, I) - I + 0), || and then I < T.N","survived"
"misc/SPARK2/Ada-SPARK-House-Robber-III-Lite","243526438","B","replace variable S2 -> E","house_robber_iii_lite.adb","70","Lemma_Loot_Frame (T, S1, S2, T.Right (I));","Lemma_Loot_Frame (T, S1, E, T.Right (I));","stillborn"
"misc/SPARK2/Ada-SPARK-House-Robber-III-Lite","243526438","C","actual off-by-one -1","house_robber_iii_lite.adb","96","Mark (T, L, Chosen (I), Chosen);","Mark (T - 1, L, Chosen (I), Chosen);","stillborn"
"misc/SPARK2/Ada-SPARK-House-Robber-III-Lite","243526438","alt","delete statement","house_robber_iii_lite.adb","94","Chosen (I) := not Blocked and then P.Take >= P.Skip;","null;","killed"
"misc/SPARK2/Ada-SPARK-House-Robber-III-Lite","243526438","B","replace variable T -> PL","house_robber_iii_lite.adb","45","if T.Left (I) /= 0 then","if PL.Left (I) /= 0 then","stillborn"
"misc/SPARK2/Ada-SPARK-House-Robber-III-Lite","243526438","C","actual off-by-one -1","house_robber_iii_lite.adb","103","Mark (T, R, Chosen (I), Chosen);","Mark (T - 1, R, Chosen (I), Chosen);","stillborn"
"misc/SPARK2/Ada-SPARK-House-Robber-III-Lite","243526438","B","replace variable S1 -> E","house_robber_iii_lite.adb","70","Lemma_Loot_Frame (T, S1, S2, T.Right (I));","Lemma_Loot_Frame (T, E, S2, T.Right (I));","stillborn"
"misc/SPARK2/Ada-SPARK-House-Robber-III-Lite","243526438","C","actual off-by-one -1","house_robber_iii_lite.adb","144","Lemma_Opt_Node (T, S, 1);","Lemma_Opt_Node (T, S - 1, 1);","stillborn"
"misc/SPARK2/Ada-SPARK-House-Robber-III-Lite","243526438","B","replace variable T -> L","house_robber_iii_lite.adb","97","Lemma_Closed (T, L);","Lemma_Closed (L, L);","stillborn"
"misc/SPARK2/Ada-SPARK-House-Robber-III-Lite","243526438","C","actual off-by-one +1","house_robber_iii_lite.adb","46","Lemma_Closed (T, T.Left (I));","Lemma_Closed (T + 1, T.Left (I));","stillborn"
"misc/SPARK2/Ada-SPARK-House-Robber-III-Lite","243526438","B","replace variable T -> Take","house_robber_iii_lite.adb","103","Mark (T, R, Chosen (I), Chosen);","Mark (Take, R, Chosen (I), Chosen);","stillborn"
"misc/SPARK2/Ada-SPARK-House-Robber-III-Lite","243526438","C","actual off-by-one -1","house_robber_iii_lite.ads","100","and then (T.Right (J) = 0 or else not S (T.Right (J))))","and then (T.Right (J) = 0 or else not S (T.Right (J - 1))))","killed"
"misc/SPARK2/Ada-SPARK-House-Robber-III-Lite","243526438","B","replace variable I -> S2","house_robber_iii_lite.adb","69","if T.Right (I) /= 0 then","if T.Right (S2) /= 0 then","stillborn"
"misc/SPARK2/Ada-SPARK-House-Robber-III-Lite","243526438","B","replace variable T -> Take","house_robber_iii_lite.adb","85","and then Loot (T, Chosen, I)","and then Loot (Take, Chosen, I)","stillborn"
"misc/SPARK2/Ada-SPARK-House-Robber-III-Lite","243526438","B","replace variable T -> S2","house_robber_iii_lite.adb","49","Lemma_Closed (T, T.Right (I));","Lemma_Closed (S2, T.Right (I));","stillborn"
"misc/SPARK2/Ada-SPARK-House-Robber-III-Lite","243526438","B","replace variable R -> Chosen","house_robber_iii_lite.adb","116","Mark (T, 1, False, R);","Mark (T, 1, False, Chosen);","stillborn"
"misc/SPARK2/Ada-SPARK-House-Robber-III-Lite","243526438","B","replace variable I -> L","house_robber_iii_lite.adb","85","and then Loot (T, Chosen, I)","and then Loot (T, Chosen, L)","stillborn"
"misc/SPARK2/Ada-SPARK-House-Robber-III-Lite","243526438","B","replace variable T -> P","house_robber_iii_lite.adb","70","Lemma_Loot_Frame (T, S1, S2, T.Right (I));","Lemma_Loot_Frame (T, S1, S2, P.Right (I));","stillborn"
"misc/SPARK2/Ada-SPARK-House-Robber-III-Lite","243526438","B","replace variable I -> S","house_robber_iii_lite.adb","17","Subprogram_Variant => (Decreases => T.N - I);","Subprogram_Variant => (Decreases => T.N - S);","stillborn"
"misc/SPARK2/Ada-SPARK-House-Robber-III-Lite","243526438","B","replace variable Chosen -> Skip","house_robber_iii_lite.adb","106","Lemma_Loot_Frame (T, Chosen, Mid, L);","Lemma_Loot_Frame (T, Skip, Mid, L);","stillborn"
"misc/SPARK2/Ada-SPARK-House-Robber-III-Lite","243526438","B","replace variable S2 -> Blocked","house_robber_iii_lite.adb","70","Lemma_Loot_Frame (T, S1, S2, T.Right (I));","Lemma_Loot_Frame (T, S1, Blocked, T.Right (I));","stillborn"
"misc/SPARK2/Ada-SPARK-House-Robber-III-Lite","243526438","B","replace variable T -> L","house_robber_iii_lite.adb","26","(Take => T.Value (I) + PL.Skip + PR.Skip, Skip => Best (PL) + Best (PR)));","(Take => L.Value (I) + PL.Skip + PR.Skip, Skip => Best (PL) + Best (PR)));","stillborn"
"misc/SPARK2/Ada-SPARK-House-Robber-III-Lite","243526438","B","replace variable I -> T","house_robber_iii_lite.adb","94","Chosen (I) := not Blocked and then P.Take >= P.Skip;","Chosen (T) := not Blocked and then P.Take >= P.Skip;","stillborn"
"misc/SPARK2/Ada-SPARK-House-Robber-III-Lite","243526438","B","replace variable I -> Chosen","house_robber_iii_lite.adb","137","if T.Right (I) /= 0 then","if T.Right (Chosen) /= 0 then","stillborn"
"misc/SPARK2/Ada-SPARK-House-Robber-III-Lite","243526438","B","replace variable S2 -> L","house_robber_iii_lite.adb","60","and then (for all J in I .. Last_Of (T, I) => S1 (J) = S2 (J)),","and then (for all J in I .. Last_Of (T, I) => S1 (J) = L (J)),","stillborn"
"misc/SPARK2/Ada-SPARK-House-Robber-III-Lite","243526438","B","replace variable S -> Blocked","house_robber_iii_lite.adb","144","Lemma_Opt_Node (T, S, 1);","Lemma_Opt_Node (T, Blocked, 1);","stillborn"
"misc/SPARK2/Ada-SPARK-House-Robber-III-Lite","243526438","B","replace variable T -> L","house_robber_iii_lite.adb","138","Lemma_Opt_Node (T, S, T.Right (I));","Lemma_Opt_Node (T, S, L.Right (I));","stillborn"
"misc/SPARK2/Ada-SPARK-House-Robber-III-Lite","243526438","B","replace variable T -> S","house_robber_iii_lite.adb","40","(for all J in I .. E => T.Left (J) <= E and then T.Right (J) <= E)),","(for all J in I .. E => S.Left (J) <= E and then T.Right (J) <= E)),","stillborn"
"misc/SPARK2/Ada-SPARK-House-Robber-III-Lite","243526438","B","replace variable I -> L","house_robber_iii_lite.adb","82","(for all J in 1 .. T.N => (if J < I or else J > E then Chosen (J) = Chosen'Old (J))))","(for all J in 1 .. T.N => (if J < L or else J > E then Chosen (J) = Chosen'Old (J))))","stillborn"
"misc/SPARK2/Ada-SPARK-House-Robber-III-Lite","243526438","B","replace variable L -> E","house_robber_iii_lite.adb","97","Lemma_Closed (T, L);","Lemma_Closed (T, E);","stillborn"
"misc/SPARK2/Ada-SPARK-House-Robber-III-Lite","243526438","B","replace variable T -> Take","house_robber_iii_lite.adb","116","Mark (T, 1, False, R);","Mark (Take, 1, False, R);","stillborn"
"misc/SPARK2/Ada-SPARK-House-Robber-III-Lite","243526438","B","replace variable T -> Take","house_robber_iii_lite.adb","134","if T.Left (I) /= 0 then","if Take.Left (I) /= 0 then","stillborn"
"misc/SPARK2/Ada-SPARK-House-Robber-III-Lite","243526438","B","replace variable Blocked -> S","house_robber_iii_lite.adb","86","= (if Blocked then Plan (T, I).Skip else Best (Plan (T, I))),","= (if S then Plan (T, I).Skip else Best (Plan (T, I))),","stillborn"
"misc/SPARK2/Ada-SPARK-House-Robber-III-Lite","243526438","B","replace variable T -> L","house_robber_iii_lite.adb","96","Mark (T, L, Chosen (I), Chosen);","Mark (L, L, Chosen (I), Chosen);","stillborn"
"misc/SPARK2/Ada-SPARK-House-Robber-III-Lite","243526438","B","replace variable T -> P","house_robber_iii_lite.adb","40","(for all J in I .. E => T.Left (J) <= E and then T.Right (J) <= E)),","(for all J in I .. E => T.Left (J) <= E and then P.Right (J) <= E)),","stillborn"
"misc/SPARK2/Ada-SPARK-House-Robber-III-Lite","243526438","B","replace variable I -> E","house_robber_iii_lite.adb","129","Subprogram_Variant => (Decreases => T.N - I);","Subprogram_Variant => (Decreases => T.N - E);","stillborn"
"misc/SPARK2/Ada-SPARK-House-Robber-III-Lite","243526438","B","replace variable Chosen -> S1","house_robber_iii_lite.adb","82","(for all J in 1 .. T.N => (if J < I or else J > E then Chosen (J) = Chosen'Old (J))))","(for all J in 1 .. T.N => (if J < I or else J > E then S1 (J) = Chosen'Old (J))))","stillborn"
"misc/SPARK2/Ada-SPARK-House-Robber-III-Lite","243526438","B","replace variable I -> Take","house_robber_iii_lite.adb","60","and then (for all J in I .. Last_Of (T, I) => S1 (J) = S2 (J)),","and then (for all J in Take .. Last_Of (T, I) => S1 (J) = S2 (J)),","stillborn"
"misc/SPARK2/Ada-SPARK-House-Robber-III-Lite","243526438","B","replace variable Chosen -> Skip","house_robber_iii_lite.adb","103","Mark (T, R, Chosen (I), Chosen);","Mark (T, R, Chosen (I), Skip);","stillborn"
"misc/SPARK2/Ada-SPARK-House-Robber-III-Lite","243526438","B","replace variable S1 -> T","house_robber_iii_lite.adb","70","Lemma_Loot_Frame (T, S1, S2, T.Right (I));","Lemma_Loot_Frame (T, T, S2, T.Right (I));","stillborn"
"misc/SPARK2/Ada-SPARK-House-Robber-III-Lite","243526438","B","replace variable L -> S","house_robber_iii_lite.adb","96","Mark (T, L, Chosen (I), Chosen);","Mark (T, S, Chosen (I), Chosen);","stillborn"
"misc/SPARK2/Ada-SPARK-House-Robber-III-Lite","243526438","B","replace variable Chosen -> E","house_robber_iii_lite.adb","83","and then (if Blocked then not Chosen (I))","and then (if Blocked then not E (I))","stillborn"
"misc/SPARK2/Ada-SPARK-House-Robber-III-Lite","243526438","B","replace variable E -> I","house_robber_iii_lite.adb","40","(for all J in I .. E => T.Left (J) <= E and then T.Right (J) <= E)),","(for all J in I .. E => T.Left (J) <= I and then T.Right (J) <= E)),","killed"
"misc/SPARK2/Ada-SPARK-House-Robber-III-Lite","243526438","std","= -> /=","house_robber_iii_lite.adb","29","(if T.N = 0 then 0 else Best (Plan (T, 1)));","(if T.N /= 0 then 0 else Best (Plan (T, 1)));","killed"
"misc/SPARK2/Ada-SPARK-House-Robber-III-Lite","243526438","alt","constant 1 -> 2","house_robber_iii_lite.adb","113","R : One_Based_Choice (1 .. T.N) := [others => False];","R : One_Based_Choice (2 .. T.N) := [others => False];","killed"
"misc/SPARK2/Ada-SPARK-House-Robber-III-Lite","243526438","ho","+ -> - + /= -> =","house_robber_iii_lite.adb","26 45","(Take => T.Value (I) + PL.Skip + PR.Skip, Skip => Best (PL) + Best (PR))); || if T.Left (I) /= 0 then","(Take => T.Value (I) + PL.Skip - PR.Skip, Skip => Best (PL) + Best (PR))); || if T.Left (I) = 0 then","killed"
"misc/SPARK2/Ada-SPARK-House-Robber-III-Lite","243526438","B","replace variable T -> P","house_robber_iii_lite.adb","67","Lemma_Loot_Frame (T, S1, S2, T.Left (I));","Lemma_Loot_Frame (P, S1, S2, T.Left (I));","stillborn"
"misc/SPARK2/Ada-SPARK-House-Robber-III-Lite","243526438","C","actual off-by-one -1","house_robber_iii_lite.ads","108","+ (if T.Left (I) = 0 then 0 else Loot (T, S, T.Left (I)))","+ (if T.Left (I) = 0 then 0 else Loot (T - 1, S, T.Left (I)))","stillborn"
"misc/SPARK2/Ada-SPARK-House-Robber-III-Lite","243526438","B","replace variable T -> I","house_robber_iii_lite.adb","48","if T.Right (I) /= 0 then","if I.Right (I) /= 0 then","stillborn"
"misc/SPARK2/Ada-SPARK-House-Robber-III-Lite","243526438","C","actual off-by-one +1","house_robber_iii_lite.adb","70","Lemma_Loot_Frame (T, S1, S2, T.Right (I));","Lemma_Loot_Frame (T, S1, S2, T.Right (I + 1));","killed"
"misc/SPARK2/Ada-SPARK-House-Robber-III-Lite","243526438","B","replace variable Chosen -> Skip","house_robber_iii_lite.adb","96","Mark (T, L, Chosen (I), Chosen);","Mark (T, L, Chosen (I), Skip);","stillborn"
"misc/SPARK2/Ada-SPARK-House-Robber-III-Lite","243526438","B","replace variable T -> Skip","house_robber_iii_lite.adb","46","Lemma_Closed (T, T.Left (I));","Lemma_Closed (T, Skip.Left (I));","stillborn"
"misc/SPARK2/Ada-SPARK-House-Robber-III-Lite","243526438","B","replace variable R -> PL","house_robber_iii_lite.adb","103","Mark (T, R, Chosen (I), Chosen);","Mark (T, PL, Chosen (I), Chosen);","stillborn"
"misc/SPARK2/Ada-SPARK-House-Robber-III-Lite","243526438","B","replace variable L -> T","house_robber_iii_lite.adb","95","if L /= 0 then","if T /= 0 then","stillborn"
"misc/SPARK2/Ada-SPARK-House-Robber-III-Lite","243526438","B","replace variable T -> S","house_robber_iii_lite.adb","70","Lemma_Loot_Frame (T, S1, S2, T.Right (I));","Lemma_Loot_Frame (T, S1, S2, S.Right (I));","stillborn"
"misc/SPARK2/Ada-SPARK-House-Robber-III-Lite","243526438","B","replace variable I -> E","house_robber_iii_lite.adb","16","and then Plan'Result.Skip <= Max_Value * (Last_Of (T, I) - I + 1),","and then Plan'Result.Skip <= Max_Value * (Last_Of (T, I) - E + 1),","stillborn"
"misc/SPARK2/Ada-SPARK-House-Robber-III-Lite","243526438","B","replace variable I -> T","house_robber_iii_lite.adb","17","Subprogram_Variant => (Decreases => T.N - I);","Subprogram_Variant => (Decreases => T.N - T);","stillborn"
"misc/SPARK2/Ada-SPARK-House-Robber-III-Lite","243526438","B","replace variable T -> P","house_robber_iii_lite.adb","135","Lemma_Opt_Node (T, S, T.Left (I));","Lemma_Opt_Node (P, S, T.Left (I));","stillborn"
"misc/SPARK2/Ada-SPARK-House-Robber-III-Lite","243526438","B","replace variable S2 -> I","house_robber_iii_lite.adb","67","Lemma_Loot_Frame (T, S1, S2, T.Left (I));","Lemma_Loot_Frame (T, S1, I, T.Left (I));","stillborn"
"misc/SPARK2/Ada-SPARK-House-Robber-III-Lite","243526438","B","replace variable T -> S","house_robber_iii_lite.adb","129","Subprogram_Variant => (Decreases => T.N - I);","Subprogram_Variant => (Decreases => S.N - I);","stillborn"
"misc/SPARK2/Ada-SPARK-House-Robber-III-Lite","243526438","B","replace variable Chosen -> E","house_robber_iii_lite.adb","103","Mark (T, R, Chosen (I), Chosen);","Mark (T, R, Chosen (I), E);","stillborn"
"misc/SPARK2/Ada-SPARK-House-Robber-III-Lite","243526438","B","replace variable Chosen -> Skip","house_robber_iii_lite.adb","83","and then (if Blocked then not Chosen (I))","and then (if Blocked then not Skip (I))","stillborn"
"misc/SPARK2/Ada-SPARK-House-Robber-III-Lite","243526438","B","replace variable I -> S","house_robber_iii_lite.adb","62","Subprogram_Variant => (Decreases => T.N - I);","Subprogram_Variant => (Decreases => T.N - S);","stillborn"
"misc/SPARK2/Ada-SPARK-House-Robber-III-Lite","243526438","B","replace variable I -> S","house_robber_iii_lite.adb","16","and then Plan'Result.Skip <= Max_Value * (Last_Of (T, I) - I + 1),","and then Plan'Result.Skip <= Max_Value * (Last_Of (T, I) - S + 1),","stillborn"
"misc/SPARK2/Ada-SPARK-House-Robber-III-Lite","243526438","B","replace variable I -> S2","house_robber_iii_lite.adb","41","Subprogram_Variant => (Decreases => T.N - I);","Subprogram_Variant => (Decreases => T.N - S2);","stillborn"
"misc/SPARK2/Ada-SPARK-House-Robber-III-Lite","243526438","B","replace variable Chosen -> R","house_robber_iii_lite.adb","83","and then (if Blocked then not Chosen (I))","and then (if Blocked then not R (I))","stillborn"
"misc/SPARK2/Ada-SPARK-House-Robber-III-Lite","243526438","B","replace variable R -> S2","house_robber_iii_lite.adb","118","return R;","return S2;","stillborn"
"misc/SPARK2/Ada-SPARK-House-Robber-III-Lite","243526438","B","replace variable S2 -> Take","house_robber_iii_lite.adb","70","Lemma_Loot_Frame (T, S1, S2, T.Right (I));","Lemma_Loot_Frame (T, S1, Take, T.Right (I));","stillborn"
"misc/SPARK2/Ada-SPARK-House-Robber-III-Lite","243526438","B","replace variable T -> Chosen","house_robber_iii_lite.adb","82","(for all J in 1 .. T.N => (if J < I or else J > E then Chosen (J) = Chosen'Old (J))))","(for all J in 1 .. Chosen.N => (if J < I or else J > E then Chosen (J) = Chosen'Old (J))))","stillborn"
"misc/SPARK2/Ada-SPARK-House-Robber-III-Lite","243526438","B","replace variable T -> Skip","house_robber_iii_lite.adb","70","Lemma_Loot_Frame (T, S1, S2, T.Right (I));","Lemma_Loot_Frame (T, S1, S2, Skip.Right (I));","stillborn"
"misc/SPARK2/Ada-SPARK-House-Robber-III-Lite","243526438","B","replace variable I -> E","house_robber_iii_lite.adb","94","Chosen (I) := not Blocked and then P.Take >= P.Skip;","Chosen (E) := not Blocked and then P.Take >= P.Skip;","stillborn"
"misc/SPARK2/Ada-SPARK-House-Robber-III-Lite","243526438","B","replace variable I -> Chosen","house_robber_iii_lite.adb","103","Mark (T, R, Chosen (I), Chosen);","Mark (T, R, Chosen (Chosen), Chosen);","stillborn"
"misc/SPARK2/Ada-SPARK-House-Robber-III-Lite","243526438","B","replace variable T -> S2","house_robber_iii_lite.adb","86","= (if Blocked then Plan (T, I).Skip else Best (Plan (T, I))),","= (if Blocked then Plan (T, I).Skip else Best (Plan (S2, I))),","stillborn"
"misc/SPARK2/Ada-SPARK-House-Robber-III-Lite","243526438","B","replace variable I -> R","house_robber_iii_lite.adb","59","and then I <= T.N","and then R <= T.N","stillborn"
"misc/SPARK2/Ada-SPARK-House-Robber-III-Lite","243526438","B","replace variable T -> S","house_robber_iii_lite.adb","46","Lemma_Closed (T, T.Left (I));","Lemma_Closed (T, S.Left (I));","stillborn"
"misc/SPARK2/Ada-SPARK-House-Robber-III-Lite","243526438","B","replace variable Chosen -> Skip","house_robber_iii_lite.adb","84","and then (for all J in I .. Last_Of (T, I) => Local (T, Chosen, J))","and then (for all J in I .. Last_Of (T, I) => Local (T, Skip, J))","stillborn"
"misc/SPARK2/Ada-SPARK-House-Robber-III-Lite","243526438","B","replace variable T -> Skip","house_robber_iii_lite.adb","106","Lemma_Loot_Frame (T, Chosen, Mid, L);","Lemma_Loot_Frame (Skip, Chosen, Mid, L);","stillborn"
"misc/SPARK2/Ada-SPARK-House-Robber-III-Lite","243526438","B","replace variable I -> Take","house_robber_iii_lite.adb","41","Subprogram_Variant => (Decreases => T.N - I);","Subprogram_Variant => (Decreases => T.N - Take);","stillborn"
"misc/SPARK2/Ada-SPARK-House-Robber-III-Lite","243526438","B","replace variable I -> P","house_robber_iii_lite.adb","82","(for all J in 1 .. T.N => (if J < I or else J > E then Chosen (J) = Chosen'Old (J))))","(for all J in 1 .. T.N => (if J < P or else J > E then Chosen (J) = Chosen'Old (J))))","stillborn"
"misc/SPARK2/Ada-SPARK-House-Robber-III-Lite","243526438","B","replace variable R -> Blocked","house_robber_iii_lite.adb","116","Mark (T, 1, False, R);","Mark (T, 1, False, Blocked);","stillborn"
"misc/SPARK2/Ada-SPARK-House-Robber-III-Lite","243526438","B","replace variable T -> Skip","house_robber_iii_lite.adb","135","Lemma_Opt_Node (T, S, T.Left (I));","Lemma_Opt_Node (T, S, Skip.Left (I));","stillborn"
"misc/SPARK2/Ada-SPARK-House-Robber-III-Lite","243526438","B","replace variable T -> S","house_robber_iii_lite.adb","26","(Take => T.Value (I) + PL.Skip + PR.Skip, Skip => Best (PL) + Best (PR)));","(Take => S.Value (I) + PL.Skip + PR.Skip, Skip => Best (PL) + Best (PR)));","stillborn"
"misc/SPARK2/Ada-SPARK-House-Robber-III-Lite","243526438","B","replace variable I -> Take","house_robber_iii_lite.adb","86","= (if Blocked then Plan (T, I).Skip else Best (Plan (T, I))),","= (if Blocked then Plan (T, Take).Skip else Best (Plan (T, I))),","stillborn"
"misc/SPARK2/Ada-SPARK-House-Robber-III-Lite","243526438","B","replace variable I -> Skip","house_robber_iii_lite.adb","49","Lemma_Closed (T, T.Right (I));","Lemma_Closed (T, T.Right (Skip));","stillborn"
"misc/SPARK2/Ada-SPARK-House-Robber-III-Lite","243526438","B","replace variable R -> Skip","house_robber_iii_lite.adb","103","Mark (T, R, Chosen (I), Chosen);","Mark (T, Skip, Chosen (I), Chosen);","stillborn"
"misc/SPARK2/Ada-SPARK-House-Robber-III-Lite","243526438","B","replace variable T -> PR","house_robber_iii_lite.adb","29","(if T.N = 0 then 0 else Best (Plan (T, 1)));","(if T.N = 0 then 0 else Best (Plan (PR, 1)));","stillborn"
"misc/SPARK2/Ada-SPARK-House-Robber-III-Lite","243526438","B","replace variable Chosen -> T","house_robber_iii_lite.adb","83","and then (if Blocked then not Chosen (I))","and then (if Blocked then not T (I))","stillborn"
"misc/SPARK2/Ada-SPARK-House-Robber-III-Lite","243526438","B","replace variable I -> T","house_robber_iii_lite.adb","41","Subprogram_Variant => (Decreases => T.N - I);","Subprogram_Variant => (Decreases => T.N - T);","stillborn"
"misc/SPARK2/Ada-SPARK-House-Robber-III-Lite","243526438","B","replace variable S -> PL","house_robber_iii_lite.adb","144","Lemma_Opt_Node (T, S, 1);","Lemma_Opt_Node (T, PL, 1);","stillborn"
"misc/SPARK2/Ada-SPARK-House-Robber-III-Lite","243526438","B","replace variable PR -> Blocked","house_robber_iii_lite.adb","26","(Take => T.Value (I) + PL.Skip + PR.Skip, Skip => Best (PL) + Best (PR)));","(Take => T.Value (I) + PL.Skip + PR.Skip, Skip => Best (PL) + Best (Blocked)));","stillborn"
"misc/SPARK2/Ada-SPARK-House-Robber-III-Lite","243526438","B","replace variable T -> Take","house_robber_iii_lite.adb","135","Lemma_Opt_Node (T, S, T.Left (I));","Lemma_Opt_Node (Take, S, T.Left (I));","stillborn"
"misc/SPARK2/Ada-SPARK-House-Robber-III-Lite","243526438","B","replace variable T -> Blocked","house_robber_iii_lite.adb","49","Lemma_Closed (T, T.Right (I));","Lemma_Closed (Blocked, T.Right (I));","stillborn"
"misc/SPARK2/Ada-SPARK-House-Robber-III-Lite","243526438","B","replace variable L -> I","house_robber_iii_lite.adb","104","if L /= 0 then","if I /= 0 then","killed"
"misc/SPARK2/Ada-SPARK-House-Robber-III-Lite","243526438","std","and then -> or else","house_robber_iii_lite.adb","84","and then (for all J in I .. Last_Of (T, I) => Local (T, Chosen, J))","or else (for all J in I .. Last_Of (T, I) => Local (T, Chosen, J))","stillborn"
"misc/SPARK2/Ada-SPARK-House-Robber-III-Lite","243526438","alt","constant 1 -> 2","house_robber_iii_lite.adb","144","Lemma_Opt_Node (T, S, 1);","Lemma_Opt_Node (T, S, 2);","killed"
"misc/SPARK2/Ada-SPARK-House-Robber-III-Lite","243526438","ho","* -> + + and then -> or else","house_robber_iii_lite.adb","16 60","and then Plan'Result.Skip <= Max_Value * (Last_Of (T, I) - I + 1), || and then (for all J in I .. Last_Of (T, I) => S1 (J) = S2 (J)),","and then Plan'Result.Skip <= Max_Value + (Last_Of (T, I) - I + 1), || or else (for all J in I .. Last_Of (T, I) => S1 (J) = S2 (J)),","stillborn"
"misc/SPARK2/Ada-SPARK-House-Robber-III-Lite","243526438","B","replace variable I -> PR","house_robber_iii_lite.adb","59","and then I <= T.N","and then PR <= T.N","stillborn"
"misc/SPARK2/Ada-SPARK-House-Robber-III-Lite","243526438","C","actual off-by-one -1","house_robber_iii_lite.adb","29","(if T.N = 0 then 0 else Best (Plan (T, 1)));","(if T.N = 0 then 0 else Best (Plan (T, 1) - 1));","stillborn"
"misc/SPARK2/Ada-SPARK-House-Robber-III-Lite","243526438","std","= -> /=","house_robber_iii_lite.adb","86","= (if Blocked then Plan (T, I).Skip else Best (Plan (T, I))),","/= (if Blocked then Plan (T, I).Skip else Best (Plan (T, I))),","killed"
"misc/SPARK2/Ada-SPARK-House-Robber-III-Lite","243526438","ho","= -> /= + = -> /=","house_robber_iii_lite.adb","24 29","PR : constant Pair := (if T.Right (I) = 0 then (0, 0) else Plan (T, T.Right (I))); || (if T.N = 0 then 0 else Best (Plan (T, 1)));","PR : constant Pair := (if T.Right (I) /= 0 then (0, 0) else Plan (T, T.Right (I))); || (if T.N /= 0 then 0 else Best (Plan (T, 1)));","killed"
"misc/SPARK2/Ada-SPARK-House-Robber-III-Lite","243526438","B","replace variable I -> L","house_robber_iii_lite.adb","59","and then I <= T.N","and then L <= T.N","stillborn"
"misc/SPARK2/Ada-SPARK-House-Robber-III-Lite","243526438","C","actual off-by-one +1","house_robber_iii_lite.adb","70","Lemma_Loot_Frame (T, S1, S2, T.Right (I));","Lemma_Loot_Frame (T, S1, S2 + 1, T.Right (I));","stillborn"
"misc/SPARK2/Ada-SPARK-House-Robber-III-Lite","243526438","B","replace variable I -> L","house_robber_iii_lite.adb","16","and then Plan'Result.Skip <= Max_Value * (Last_Of (T, I) - I + 1),","and then Plan'Result.Skip <= Max_Value * (Last_Of (T, L) - I + 1),","stillborn"
"misc/SPARK2/Ada-SPARK-House-Robber-III-Lite","243526438","C","swap first two actuals","house_robber_iii_lite.ads","94","(if T.Right (I) in I + 1 .. T.N then Last_Of (T, T.Right (I))","(if T.Right (I) in I + 1 .. T.N then Last_Of (T.Right (I), T)","stillborn"
"misc/SPARK2/Ada-SPARK-House-Robber-III-Lite","243526438","B","replace variable T -> Take","house_robber_iii_lite.adb","67","Lemma_Loot_Frame (T, S1, S2, T.Left (I));","Lemma_Loot_Frame (T, S1, S2, Take.Left (I));","stillborn"
"misc/SPARK2/Ada-SPARK-House-Robber-III-Lite","243526438","C","actual off-by-one +1","house_robber_iii_lite.adb","40","(for all J in I .. E => T.Left (J) <= E and then T.Right (J) <= E)),","(for all J in I .. E => T.Left (J) <= E and then T.Right (J + 1) <= E)),","killed"
"misc/SPARK2/Ada-SPARK-House-Robber-III-Lite","243526438","B","replace variable Chosen -> Take","house_robber_iii_lite.adb","96","Mark (T, L, Chosen (I), Chosen);","Mark (T, L, Chosen (I), Take);","stillborn"
"misc/SPARK2/Ada-SPARK-House-Robber-III-Lite","243526438","B","replace variable T -> P","house_robber_iii_lite.adb","144","Lemma_Opt_Node (T, S, 1);","Lemma_Opt_Node (P, S, 1);","stillborn"
"misc/SPARK2/Ada-SPARK-House-Robber-III-Lite","243526438","B","replace variable T -> PR","house_robber_iii_lite.adb","70","Lemma_Loot_Frame (T, S1, S2, T.Right (I));","Lemma_Loot_Frame (T, S1, S2, PR.Right (I));","stillborn"
"misc/SPARK2/Ada-SPARK-House-Robber-III-Lite","243526438","B","replace variable T -> E","house_robber_iii_lite.adb","66","if T.Left (I) /= 0 then","if E.Left (I) /= 0 then","stillborn"
"misc/SPARK2/Ada-SPARK-House-Robber-III-Lite","243526438","B","replace variable T -> P","house_robber_iii_lite.adb","16","and then Plan'Result.Skip <= Max_Value * (Last_Of (T, I) - I + 1),","and then Plan'Result.Skip <= Max_Value * (Last_Of (P, I) - I + 1),","stillborn"
"misc/SPARK2/Ada-SPARK-House-Robber-III-Lite","243526438","B","replace variable Chosen -> I","house_robber_iii_lite.adb","84","and then (for all J in I .. Last_Of (T, I) => Local (T, Chosen, J))","and then (for all J in I .. Last_Of (T, I) => Local (T, I, J))","stillborn"
"misc/SPARK2/Ada-SPARK-House-Robber-III-Lite","243526438","B","replace variable P -> R","house_robber_iii_lite.adb","94","Chosen (I) := not Blocked and then P.Take >= P.Skip;","Chosen (I) := not Blocked and then P.Take >= R.Skip;","stillborn"
"misc/SPARK2/Ada-SPARK-House-Robber-III-Lite","243526438","B","replace variable T -> PL","house_robber_iii_lite.adb","67","Lemma_Loot_Frame (T, S1, S2, T.Left (I));","Lemma_Loot_Frame (T, S1, S2, PL.Left (I));","stillborn"
"misc/SPARK2/Ada-SPARK-House-Robber-III-Lite","243526438","B","replace variable T -> S","house_robber_iii_lite.adb","45","if T.Left (I) /= 0 then","if S.Left (I) /= 0 then","stillborn"
"misc/SPARK2/Ada-SPARK-House-Robber-III-Lite","243526438","B","replace variable T -> R","house_robber_iii_lite.adb","46","Lemma_Closed (T, T.Left (I));","Lemma_Closed (T, R.Left (I));","stillborn"
"misc/SPARK2/Ada-SPARK-House-Robber-III-Lite","243526438","B","replace variable PR -> P","house_robber_iii_lite.adb","26","(Take => T.Value (I) + PL.Skip + PR.Skip, Skip => Best (PL) + Best (PR)));","(Take => T.Value (I) + PL.Skip + PR.Skip, Skip => Best (PL) + Best (P)));","stillborn"
"misc/SPARK2/Ada-SPARK-House-Robber-III-Lite","243526438","B","replace variable I -> S2","house_robber_iii_lite.adb","94","Chosen (I) := not Blocked and then P.Take >= P.Skip;","Chosen (S2) := not Blocked and then P.Take >= P.Skip;","stillborn"
"misc/SPARK2/Ada-SPARK-House-Robber-III-Lite","243526438","B","replace variable I -> P","house_robber_iii_lite.adb","84","and then (for all J in I .. Last_Of (T, I) => Local (T, Chosen, J))","and then (for all J in P .. Last_Of (T, I) => Local (T, Chosen, J))","stillborn"
"misc/SPARK2/Ada-SPARK-House-Robber-III-Lite","243526438","B","replace variable T -> L","house_robber_iii_lite.adb","17","Subprogram_Variant => (Decreases => T.N - I);","Subprogram_Variant => (Decreases => L.N - I);","stillborn"
"misc/SPARK2/Ada-SPARK-House-Robber-III-Lite","243526438","B","replace variable T -> L","house_robber_iii_lite.adb","16","and then Plan'Result.Skip <= Max_Value * (Last_Of (T, I) - I + 1),","and then Plan'Result.Skip <= Max_Value * (Last_Of (L, I) - I + 1),","stillborn"
"misc/SPARK2/Ada-SPARK-House-Robber-III-Lite","243526438","B","replace variable P -> PL","house_robber_iii_lite.adb","94","Chosen (I) := not Blocked and then P.Take >= P.Skip;","Chosen (I) := not Blocked and then PL.Take >= P.Skip;","stillborn"
"misc/SPARK2/Ada-SPARK-House-Robber-III-Lite","243526438","B","replace variable T -> Take","house_robber_iii_lite.adb","97","Lemma_Closed (T, L);","Lemma_Closed (Take, L);","stillborn"
"misc/SPARK2/Ada-SPARK-House-Robber-III-Lite","243526438","B","replace variable I -> S2","house_robber_iii_lite.adb","49","Lemma_Closed (T, T.Right (I));","Lemma_Closed (T, T.Right (S2));","stillborn"
"misc/SPARK2/Ada-SPARK-House-Robber-III-Lite","243526438","B","replace variable Chosen -> L","house_robber_iii_lite.adb","96","Mark (T, L, Chosen (I), Chosen);","Mark (T, L, Chosen (I), L);","stillborn"
"misc/SPARK2/Ada-SPARK-House-Robber-III-Lite","243526438","B","replace variable S -> R","house_robber_iii_lite.adb","135","Lemma_Opt_Node (T, S, T.Left (I));","Lemma_Opt_Node (T, R, T.Left (I));","stillborn"
"misc/SPARK2/Ada-SPARK-House-Robber-III-Lite","243526438","B","replace variable I -> R","house_robber_iii_lite.adb","49","Lemma_Closed (T, T.Right (I));","Lemma_Closed (T, T.Right (R));","stillborn"
"misc/SPARK2/Ada-SPARK-House-Robber-III-Lite","243526438","B","replace variable T -> S","house_robber_iii_lite.adb","17","Subprogram_Variant => (Decreases => T.N - I);","Subprogram_Variant => (Decreases => S.N - I);","stillborn"
"misc/SPARK2/Ada-SPARK-House-Robber-III-Lite","243526438","B","replace variable PL -> P","house_robber_iii_lite.adb","26","(Take => T.Value (I) + PL.Skip + PR.Skip, Skip => Best (PL) + Best (PR)));","(Take => T.Value (I) + PL.Skip + PR.Skip, Skip => Best (P) + Best (PR)));","stillborn"
"misc/SPARK2/Ada-SPARK-House-Robber-III-Lite","243526438","B","replace variable I -> L","house_robber_iii_lite.adb","86","= (if Blocked then Plan (T, I).Skip else Best (Plan (T, I))),","= (if Blocked then Plan (T, I).Skip else Best (Plan (T, L))),","stillborn"
"misc/SPARK2/Ada-SPARK-House-Robber-III-Lite","243526438","B","replace variable Blocked -> I","house_robber_iii_lite.adb","83","and then (if Blocked then not Chosen (I))","and then (if I then not Chosen (I))","stillborn"
"misc/SPARK2/Ada-SPARK-House-Robber-III-Lite","243526438","B","replace variable S2 -> E","house_robber_iii_lite.adb","67","Lemma_Loot_Frame (T, S1, S2, T.Left (I));","Lemma_Loot_Frame (T, S1, E, T.Left (I));","stillborn"
"misc/SPARK2/Ada-SPARK-House-Robber-III-Lite","243526438","B","replace variable T -> S1","house_robber_iii_lite.adb","45","if T.Left (I) /= 0 then","if S1.Left (I) /= 0 then","stillborn"
"misc/SPARK2/Ada-SPARK-House-Robber-III-Lite","243526438","B","replace variable Chosen -> Take","house_robber_iii_lite.adb","103","Mark (T, R, Chosen (I), Chosen);","Mark (T, R, Chosen (I), Take);","stillborn"
"misc/SPARK2/Ada-SPARK-House-Robber-III-Lite","243526438","B","replace variable T -> Take","house_robber_iii_lite.adb","41","Subprogram_Variant => (Decreases => T.N - I);","Subprogram_Variant => (Decreases => Take.N - I);","stillborn"
"misc/SPARK2/Ada-SPARK-House-Robber-III-Lite","243526438","B","replace variable T -> I","house_robber_iii_lite.adb","85","and then Loot (T, Chosen, I)","and then Loot (I, Chosen, I)","stillborn"
"misc/SPARK2/Ada-SPARK-House-Robber-III-Lite","243526438","B","replace variable L -> Take","house_robber_iii_lite.adb","95","if L /= 0 then","if Take /= 0 then","stillborn"
"misc/SPARK2/Ada-SPARK-House-Robber-III-Lite","243526438","B","replace variable Chosen -> T","house_robber_iii_lite.adb","96","Mark (T, L, Chosen (I), Chosen);","Mark (T, L, Chosen (I), T);","stillborn"
"misc/SPARK2/Ada-SPARK-House-Robber-III-Lite","243526438","B","replace variable Blocked -> S1","house_robber_iii_lite.adb","94","Chosen (I) := not Blocked and then P.Take >= P.Skip;","Chosen (I) := not S1 and then P.Take >= P.Skip;","stillborn"
"misc/SPARK2/Ada-SPARK-House-Robber-III-Lite","243526438","B","replace variable T -> E","house_robber_iii_lite.adb","26","(Take => T.Value (I) + PL.Skip + PR.Skip, Skip => Best (PL) + Best (PR)));","(Take => E.Value (I) + PL.Skip + PR.Skip, Skip => Best (PL) + Best (PR)));","stillborn"
"misc/SPARK2/Ada-SPARK-House-Robber-III-Lite","243526438","B","replace variable T -> E","house_robber_iii_lite.adb","29","(if T.N = 0 then 0 else Best (Plan (T, 1)));","(if T.N = 0 then 0 else Best (Plan (E, 1)));","stillborn"
"misc/SPARK2/Ada-SPARK-House-Robber-III-Lite","243526438","B","replace variable T -> S1","house_robber_iii_lite.adb","138","Lemma_Opt_Node (T, S, T.Right (I));","Lemma_Opt_Node (S1, S, T.Right (I));","stillborn"
"misc/SPARK2/Ada-SPARK-House-Robber-III-Lite","243526438","B","return value + 1","house_robber_iii_lite.adb","118","return R;","return R + 1;","stillborn"
"misc/SPARK2/Ada-SPARK-House-Robber-III-Lite","243526438","B","replace variable L -> Take","house_robber_iii_lite.adb","96","Mark (T, L, Chosen (I), Chosen);","Mark (T, Take, Chosen (I), Chosen);","stillborn"
"misc/SPARK2/Ada-SPARK-House-Robber-III-Lite","243526438","B","replace variable T -> S2","house_robber_iii_lite.adb","138","Lemma_Opt_Node (T, S, T.Right (I));","Lemma_Opt_Node (S2, S, T.Right (I));","stillborn"
"misc/SPARK2/Ada-SPARK-House-Robber-III-Lite","243526438","B","replace variable I -> E","house_robber_iii_lite.adb","85","and then Loot (T, Chosen, I)","and then Loot (T, Chosen, E)","stillborn"
"misc/SPARK2/Ada-SPARK-House-Robber-III-Lite","243526438","B","replace variable PL -> Take","house_robber_iii_lite.adb","26","(Take => T.Value (I) + PL.Skip + PR.Skip, Skip => Best (PL) + Best (PR)));","(Take => T.Value (I) + PL.Skip + PR.Skip, Skip => Best (Take) + Best (PR)));","stillborn"
"misc/SPARK2/Ada-SPARK-House-Robber-III-Lite","243526438","B","replace variable I -> S","house_robber_iii_lite.adb","26","(Take => T.Value (I) + PL.Skip + PR.Skip, Skip => Best (PL) + Best (PR)));","(Take => T.Value (S) + PL.Skip + PR.Skip, Skip => Best (PL) + Best (PR)));","stillborn"
"misc/SPARK2/Ada-SPARK-House-Robber-III-Lite","243526438","B","replace variable I -> P","house_robber_iii_lite.adb","16","and then Plan'Result.Skip <= Max_Value * (Last_Of (T, I) - I + 1),","and then Plan'Result.Skip <= Max_Value * (Last_Of (T, P) - I + 1),","stillborn"
"misc/SPARK2/Ada-SPARK-House-Robber-III-Lite","243526438","B","replace variable R -> P","house_robber_iii_lite.adb","118","return R;","return P;","stillborn"
"misc/SPARK2/Ada-SPARK-House-Robber-III-Lite","243526438","B","replace variable I -> P","house_robber_iii_lite.adb","86","= (if Blocked then Plan (T, I).Skip else Best (Plan (T, I))),","= (if Blocked then Plan (T, P).Skip else Best (Plan (T, I))),","stillborn"
"misc/SPARK2/Ada-SPARK-House-Robber-III-Lite","243526438","B","replace variable S2 -> Skip","house_robber_iii_lite.adb","70","Lemma_Loot_Frame (T, S1, S2, T.Right (I));","Lemma_Loot_Frame (T, S1, Skip, T.Right (I));","stillborn"
"misc/SPARK2/Ada-SPARK-House-Robber-III-Lite","243526438","B","replace variable Chosen -> Blocked","house_robber_iii_lite.adb","84","and then (for all J in I .. Last_Of (T, I) => Local (T, Chosen, J))","and then (for all J in I .. Last_Of (T, I) => Local (T, Blocked, J))","stillborn"
"misc/SPARK2/Ada-SPARK-House-Robber-III-Lite","243526438","B","replace variable L -> T","house_robber_iii_lite.adb","104","if L /= 0 then","if T /= 0 then","stillborn"
"misc/SPARK2/Ada-SPARK-House-Robber-III-Lite","243526438","B","replace variable I -> Skip","house_robber_iii_lite.adb","94","Chosen (I) := not Blocked and then P.Take >= P.Skip;","Chosen (Skip) := not Blocked and then P.Take >= P.Skip;","stillborn"
"misc/SPARK2/Ada-SPARK-House-Robber-III-Lite","243526438","B","replace variable Chosen -> R","house_robber_iii_lite.adb","106","Lemma_Loot_Frame (T, Chosen, Mid, L);","Lemma_Loot_Frame (T, R, Mid, L);","stillborn"
"misc/SPARK2/Ada-SPARK-House-Robber-III-Lite","243526438","B","replace variable T -> Take","house_robber_iii_lite.adb","129","Subprogram_Variant => (Decreases => T.N - I);","Subprogram_Variant => (Decreases => Take.N - I);","stillborn"
"misc/SPARK2/Ada-SPARK-House-Robber-III-Lite","243526438","B","replace variable I -> T","house_robber_iii_lite.adb","129","Subprogram_Variant => (Decreases => T.N - I);","Subprogram_Variant => (Decreases => T.N - T);","stillborn"
"misc/SPARK2/Ada-SPARK-House-Robber-III-Lite","243526438","B","replace variable I -> PL","house_robber_iii_lite.adb","103","Mark (T, R, Chosen (I), Chosen);","Mark (T, R, Chosen (PL), Chosen);","stillborn"
"misc/SPARK2/Ada-SPARK-House-Robber-III-Lite","243526438","B","replace variable T -> Chosen","house_robber_iii_lite.adb","86","= (if Blocked then Plan (T, I).Skip else Best (Plan (T, I))),","= (if Blocked then Plan (Chosen, I).Skip else Best (Plan (T, I))),","stillborn"
"misc/SPARK2/Ada-SPARK-House-Robber-III-Lite","243526438","B","replace variable R -> L","house_robber_iii_lite.adb","118","return R;","return L;","stillborn"
"misc/SPARK2/Ada-SPARK-House-Robber-III-Lite","243526438","B","replace variable I -> Blocked","house_robber_iii_lite.adb","59","and then I <= T.N","and then Blocked <= T.N","stillborn"
"misc/SPARK2/Ada-SPARK-House-Robber-III-Lite","243526438","B","replace variable S -> L","house_robber_iii_lite.adb","144","Lemma_Opt_Node (T, S, 1);","Lemma_Opt_Node (T, L, 1);","stillborn"
"misc/SPARK2/Ada-SPARK-House-Robber-III-Lite","243526438","B","replace variable I -> Blocked","house_robber_iii_lite.adb","66","if T.Left (I) /= 0 then","if T.Left (Blocked) /= 0 then","stillborn"
"misc/SPARK2/Ada-SPARK-House-Robber-III-Lite","243526438","B","replace variable PL -> Chosen","house_robber_iii_lite.adb","26","(Take => T.Value (I) + PL.Skip + PR.Skip, Skip => Best (PL) + Best (PR)));","(Take => T.Value (I) + Chosen.Skip + PR.Skip, Skip => Best (PL) + Best (PR)));","stillborn"
"misc/SPARK2/Ada-SPARK-House-Robber-III-Lite","243526438","B","replace variable T -> S1","house_robber_iii_lite.adb","26","(Take => T.Value (I) + PL.Skip + PR.Skip, Skip => Best (PL) + Best (PR)));","(Take => S1.Value (I) + PL.Skip + PR.Skip, Skip => Best (PL) + Best (PR)));","stillborn"
"misc/SPARK2/Ada-SPARK-House-Robber-III-Lite","243526438","B","replace variable I -> S1","house_robber_iii_lite.adb","94","Chosen (I) := not Blocked and then P.Take >= P.Skip;","Chosen (S1) := not Blocked and then P.Take >= P.Skip;","stillborn"
"misc/SPARK2/Ada-SPARK-House-Robber-III-Lite","243526438","B","replace variable T -> S1","house_robber_iii_lite.adb","66","if T.Left (I) /= 0 then","if S1.Left (I) /= 0 then","stillborn"
"misc/SPARK2/Ada-SPARK-House-Robber-III-Lite","243526438","B","replace variable T -> Skip","house_robber_iii_lite.adb","97","Lemma_Closed (T, L);","Lemma_Closed (Skip, L);","stillborn"
"misc/SPARK2/Ada-SPARK-House-Robber-III-Lite","243526438","B","replace variable T -> E","house_robber_iii_lite.adb","29","(if T.N = 0 then 0 else Best (Plan (T, 1)));","(if E.N = 0 then 0 else Best (Plan (T, 1)));","stillborn"
"misc/SPARK2/Ada-SPARK-House-Robber-III-Lite","243526438","B","replace variable I -> S1","house_robber_iii_lite.adb","87","Subprogram_Variant => (Decreases => T.N - I);","Subprogram_Variant => (Decreases => T.N - S1);","stillborn"
"misc/SPARK2/Ada-SPARK-House-Robber-III-Lite","243526438","B","replace variable L -> PR","house_robber_iii_lite.adb","104","if L /= 0 then","if PR /= 0 then","stillborn"
"misc/SPARK2/Ada-SPARK-House-Robber-III-Lite","243526438","B","replace variable T -> Chosen","house_robber_iii_lite.adb","103","Mark (T, R, Chosen (I), Chosen);","Mark (Chosen, R, Chosen (I), Chosen);","stillborn"
"misc/SPARK2/Ada-SPARK-House-Robber-III-Lite","243526438","B","replace variable Blocked -> PR","house_robber_iii_lite.adb","83","and then (if Blocked then not Chosen (I))","and then (if PR then not Chosen (I))","stillborn"
"misc/SPARK2/Ada-SPARK-House-Robber-III-Lite","243526438","B","replace variable P -> L","house_robber_iii_lite.adb","94","Chosen (I) := not Blocked and then P.Take >= P.Skip;","Chosen (I) := not Blocked and then L.Take >= P.Skip;","stillborn"
"misc/SPARK2/Ada-SPARK-House-Robber-III-Lite","243526438","B","replace variable PL -> Blocked","house_robber_iii_lite.adb","26","(Take => T.Value (I) + PL.Skip + PR.Skip, Skip => Best (PL) + Best (PR)));","(Take => T.Value (I) + Blocked.Skip + PR.Skip, Skip => Best (PL) + Best (PR)));","stillborn"
"misc/SPARK2/Ada-SPARK-House-Robber-III-Lite","243526438","B","replace variable E -> Blocked","house_robber_iii_lite.adb","40","(for all J in I .. E => T.Left (J) <= E and then T.Right (J) <= E)),","(for all J in I .. E => T.Left (J) <= Blocked and then T.Right (J) <= E)),","stillborn"
"misc/SPARK2/Ada-SPARK-House-Robber-III-Lite","243526438","B","replace variable T -> Take","house_robber_iii_lite.adb","26","(Take => T.Value (I) + PL.Skip + PR.Skip, Skip => Best (PL) + Best (PR)));","(Take => Take.Value (I) + PL.Skip + PR.Skip, Skip => Best (PL) + Best (PR)));","stillborn"
"misc/SPARK2/Ada-SPARK-House-Robber-III-Lite","243526438","B","replace variable T -> S1","house_robber_iii_lite.adb","70","Lemma_Loot_Frame (T, S1, S2, T.Right (I));","Lemma_Loot_Frame (T, S1, S2, S1.Right (I));","stillborn"
"misc/SPARK2/Ada-SPARK-House-Robber-III-Lite","243526438","B","replace variable T -> P","house_robber_iii_lite.adb","97","Lemma_Closed (T, L);","Lemma_Closed (P, L);","stillborn"
"misc/SPARK2/Ada-SPARK-House-Robber-III-Lite","243526438","B","replace variable T -> S2","house_robber_iii_lite.adb","106","Lemma_Loot_Frame (T, Chosen, Mid, L);","Lemma_Loot_Frame (S2, Chosen, Mid, L);","stillborn"
"misc/SPARK2/Ada-SPARK-House-Robber-III-Lite","243526438","B","replace variable Chosen -> S","house_robber_iii_lite.adb","82","(for all J in 1 .. T.N => (if J < I or else J > E then Chosen (J) = Chosen'Old (J))))","(for all J in 1 .. T.N => (if J < I or else J > E then S (J) = Chosen'Old (J))))","stillborn"
"misc/SPARK2/Ada-SPARK-House-Robber-III-Lite","243526438","B","replace variable Chosen -> L","house_robber_iii_lite.adb","82","(for all J in 1 .. T.N => (if J < I or else J > E then Chosen (J) = Chosen'Old (J))))","(for all J in 1 .. T.N => (if J < I or else J > E then L (J) = Chosen'Old (J))))","stillborn"
"misc/SPARK2/Ada-SPARK-House-Robber-III-Lite","243526438","B","replace variable Chosen -> S2","house_robber_iii_lite.adb","106","Lemma_Loot_Frame (T, Chosen, Mid, L);","Lemma_Loot_Frame (T, S2, Mid, L);","stillborn"
"misc/SPARK2/Ada-SPARK-House-Robber-III-Lite","243526438","B","replace variable Chosen -> S","house_robber_iii_lite.adb","83","and then (if Blocked then not Chosen (I))","and then (if Blocked then not S (I))","stillborn"
"misc/SPARK2/Ada-SPARK-House-Robber-III-Lite","243526438","B","replace variable T -> S","house_robber_iii_lite.adb","16","and then Plan'Result.Skip <= Max_Value * (Last_Of (T, I) - I + 1),","and then Plan'Result.Skip <= Max_Value * (Last_Of (S, I) - I + 1),","stillborn"
"misc/SPARK2/Ada-SPARK-House-Robber-III-Lite","243526438","B","replace variable T -> Chosen","house_robber_iii_lite.adb","85","and then Loot (T, Chosen, I)","and then Loot (Chosen, Chosen, I)","stillborn"
"misc/SPARK2/Ada-SPARK-House-Robber-III-Lite","243526438","B","replace variable I -> S2","house_robber_iii_lite.adb","62","Subprogram_Variant => (Decreases => T.N - I);","Subprogram_Variant => (Decreases => T.N - S2);","stillborn"
"misc/SPARK2/Ada-SPARK-House-Robber-III-Lite","243526438","B","replace variable I -> PR","house_robber_iii_lite.adb","94","Chosen (I) := not Blocked and then P.Take >= P.Skip;","Chosen (PR) := not Blocked and then P.Take >= P.Skip;","stillborn"
"misc/SPARK2/Ada-SPARK-House-Robber-III-Lite","243526438","B","replace variable T -> L","house_robber_iii_lite.adb","29","(if T.N = 0 then 0 else Best (Plan (T, 1)));","(if L.N = 0 then 0 else Best (Plan (T, 1)));","stillborn"
"misc/SPARK2/Ada-SPARK-House-Robber-III-Lite","243526438","B","replace variable T -> Chosen","house_robber_iii_lite.adb","29","(if T.N = 0 then 0 else Best (Plan (T, 1)));","(if Chosen.N = 0 then 0 else Best (Plan (T, 1)));","stillborn"
"misc/SPARK2/Ada-SPARK-House-Robber-III-Lite","243526438","B","replace variable I -> Chosen","house_robber_iii_lite.adb","86","= (if Blocked then Plan (T, I).Skip else Best (Plan (T, I))),","= (if Blocked then Plan (T, Chosen).Skip else Best (Plan (T, I))),","stillborn"
"misc/SPARK2/Ada-SPARK-House-Robber-III-Lite","243526438","B","replace variable Chosen -> S1","house_robber_iii_lite.adb","103","Mark (T, R, Chosen (I), Chosen);","Mark (T, R, S1 (I), Chosen);","stillborn"
"misc/SPARK2/Ada-SPARK-House-Robber-III-Lite","243526438","B","replace variable T -> S","house_robber_iii_lite.adb","86","= (if Blocked then Plan (T, I).Skip else Best (Plan (T, I))),","= (if Blocked then Plan (T, I).Skip else Best (Plan (S, I))),","stillborn"
"misc/SPARK2/Ada-SPARK-House-Robber-III-Lite","243526438","B","replace variable I -> Blocked","house_robber_iii_lite.adb","16","and then Plan'Result.Skip <= Max_Value * (Last_Of (T, I) - I + 1),","and then Plan'Result.Skip <= Max_Value * (Last_Of (T, Blocked) - I + 1),","stillborn"
"misc/SPARK2/Ada-SPARK-House-Robber-III-Lite","243526438","B","replace variable T -> Skip","house_robber_iii_lite.adb","115","if T.N > 0 then","if Skip.N > 0 then","stillborn"
"misc/SPARK2/Ada-SPARK-House-Robber-III-Lite","243526438","B","replace variable T -> Blocked","house_robber_iii_lite.adb","67","Lemma_Loot_Frame (T, S1, S2, T.Left (I));","Lemma_Loot_Frame (T, S1, S2, Blocked.Left (I));","stillborn"
"misc/SPARK2/Ada-SPARK-House-Robber-III-Lite","243526438","B","replace variable P -> PL","house_robber_iii_lite.adb","94","Chosen (I) := not Blocked and then P.Take >= P.Skip;","Chosen (I) := not Blocked and then P.Take >= PL.Skip;","stillborn"
"misc/SPARK2/Ada-SPARK-House-Robber-III-Lite","243526438","B","replace variable I -> Skip","house_robber_iii_lite.adb","70","Lemma_Loot_Frame (T, S1, S2, T.Right (I));","Lemma_Loot_Frame (T, S1, S2, T.Right (Skip));","stillborn"
"misc/SPARK2/Ada-SPARK-House-Robber-III-Lite","243526438","B","replace variable S1 -> PR","house_robber_iii_lite.adb","67","Lemma_Loot_Frame (T, S1, S2, T.Left (I));","Lemma_Loot_Frame (T, PR, S2, T.Left (I));","stillborn"
"misc/SPARK2/Ada-SPARK-House-Robber-III-Lite","243526438","B","replace variable T -> S","house_robber_iii_lite.adb","106","Lemma_Loot_Frame (T, Chosen, Mid, L);","Lemma_Loot_Frame (S, Chosen, Mid, L);","stillborn"
"misc/SPARK2/Ada-SPARK-House-Robber-III-Lite","243526438","B","replace variable I -> Skip","house_robber_iii_lite.adb","84","and then (for all J in I .. Last_Of (T, I) => Local (T, Chosen, J))","and then (for all J in Skip .. Last_Of (T, I) => Local (T, Chosen, J))","stillborn"
"misc/SPARK2/Ada-SPARK-House-Robber-III-Lite","243526438","B","replace variable I -> R","house_robber_iii_lite.adb","137","if T.Right (I) /= 0 then","if T.Right (R) /= 0 then","stillborn"
"misc/SPARK2/Ada-SPARK-House-Robber-III-Lite","243526438","B","replace variable I -> Take","house_robber_iii_lite.adb","87","Subprogram_Variant => (Decreases => T.N - I);","Subprogram_Variant => (Decreases => T.N - Take);","stillborn"
"misc/SPARK2/Ada-SPARK-House-Robber-III-Lite","243526438","B","replace variable T -> S1","house_robber_iii_lite.adb","97","Lemma_Closed (T, L);","Lemma_Closed (S1, L);","stillborn"
"misc/SPARK2/Ada-SPARK-House-Robber-III-Lite","243526438","B","replace variable R -> Chosen","house_robber_iii_lite.adb","103","Mark (T, R, Chosen (I), Chosen);","Mark (T, Chosen, Chosen (I), Chosen);","stillborn"
"misc/SPARK2/Ada-SPARK-House-Robber-III-Lite","243526438","B","replace variable T -> S2","house_robber_iii_lite.adb","103","Mark (T, R, Chosen (I), Chosen);","Mark (S2, R, Chosen (I), Chosen);","stillborn"
"misc/SPARK2/Ada-SPARK-House-Robber-III-Lite","243526438","B","replace variable S1 -> Take","house_robber_iii_lite.adb","67","Lemma_Loot_Frame (T, S1, S2, T.Left (I));","Lemma_Loot_Frame (T, Take, S2, T.Left (I));","stillborn"
"misc/SPARK2/Ada-SPARK-House-Robber-III-Lite","243526438","B","replace variable T -> E","house_robber_iii_lite.adb","84","and then (for all J in I .. Last_Of (T, I) => Local (T, Chosen, J))","and then (for all J in I .. Last_Of (T, I) => Local (E, Chosen, J))","stillborn"
"misc/SPARK2/Ada-SPARK-House-Robber-III-Lite","243526438","B","replace variable S1 -> PR","house_robber_iii_lite.adb","60","and then (for all J in I .. Last_Of (T, I) => S1 (J) = S2 (J)),","and then (for all J in I .. Last_Of (T, I) => PR (J) = S2 (J)),","stillborn"
"misc/SPARK2/Ada-SPARK-House-Robber-III-Lite","243526438","B","replace variable I -> PR","house_robber_iii_lite.adb","138","Lemma_Opt_Node (T, S, T.Right (I));","Lemma_Opt_Node (T, S, T.Right (PR));","stillborn"
"misc/SPARK2/Ada-SPARK-House-Robber-III-Lite","243526438","B","replace variable S1 -> T","house_robber_iii_lite.adb","67","Lemma_Loot_Frame (T, S1, S2, T.Left (I));","Lemma_Loot_Frame (T, T, S2, T.Left (I));","stillborn"
"misc/SPARK2/Ada-SPARK-House-Robber-III-Lite","243526438","B","replace variable I -> Chosen","house_robber_iii_lite.adb","94","Chosen (I) := not Blocked and then P.Take >= P.Skip;","Chosen (Chosen) := not Blocked and then P.Take >= P.Skip;","stillborn"
"misc/SPARK2/Ada-SPARK-House-Robber-III-Lite","243526438","B","replace variable I -> S","house_robber_iii_lite.adb","69","if T.Right (I) /= 0 then","if T.Right (S) /= 0 then","stillborn"
"misc/SPARK2/Ada-SPARK-House-Robber-III-Lite","243526438","B","replace variable R -> Skip","house_robber_iii_lite.adb","102","if R /= 0 then","if Skip /= 0 then","stillborn"
"misc/SPARK2/Ada-SPARK-House-Robber-III-Lite","243526438","B","replace variable T -> S1","house_robber_iii_lite.adb","103","Mark (T, R, Chosen (I), Chosen);","Mark (S1, R, Chosen (I), Chosen);","stillborn"
"misc/SPARK2/Ada-SPARK-House-Robber-III-Lite","243526438","B","replace variable T -> L","house_robber_iii_lite.adb","129","Subprogram_Variant => (Decreases => T.N - I);","Subprogram_Variant => (Decreases => L.N - I);","stillborn"
"misc/SPARK2/Ada-SPARK-House-Robber-III-Lite","243526438","B","replace variable T -> Skip","house_robber_iii_lite.adb","103","Mark (T, R, Chosen (I), Chosen);","Mark (Skip, R, Chosen (I), Chosen);","stillborn"
"misc/SPARK2/Ada-SPARK-House-Robber-III-Lite","243526438","B","replace variable Chosen -> E","house_robber_iii_lite.adb","96","Mark (T, L, Chosen (I), Chosen);","Mark (T, L, Chosen (I), E);","stillborn"
"misc/SPARK2/Ada-SPARK-House-Robber-III-Lite","243526438","B","replace variable T -> S","house_robber_iii_lite.adb","135","Lemma_Opt_Node (T, S, T.Left (I));","Lemma_Opt_Node (T, S, S.Left (I));","stillborn"
"misc/SPARK2/Ada-SPARK-House-Robber-III-Lite","243526438","B","replace variable E -> Take","house_robber_iii_lite.adb","40","(for all J in I .. E => T.Left (J) <= E and then T.Right (J) <= E)),","(for all J in I .. E => T.Left (J) <= E and then T.Right (J) <= Take)),","stillborn"
"misc/SPARK2/Ada-SPARK-House-Robber-III-Lite","243526438","B","replace variable T -> I","house_robber_iii_lite.adb","46","Lemma_Closed (T, T.Left (I));","Lemma_Closed (I, T.Left (I));","stillborn"
"misc/SPARK2/Ada-SPARK-House-Robber-III-Lite","243526438","B","replace variable I -> Skip","house_robber_iii_lite.adb","60","and then (for all J in I .. Last_Of (T, I) => S1 (J) = S2 (J)),","and then (for all J in Skip .. Last_Of (T, I) => S1 (J) = S2 (J)),","stillborn"
"misc/SPARK2/Ada-SPARK-House-Robber-III-Lite","243526438","B","replace variable T -> S1","house_robber_iii_lite.adb","60","and then (for all J in I .. Last_Of (T, I) => S1 (J) = S2 (J)),","and then (for all J in I .. Last_Of (S1, I) => S1 (J) = S2 (J)),","stillborn"
"misc/SPARK2/Ada-SPARK-House-Robber-III-Lite","243526438","B","replace variable I -> S1","house_robber_iii_lite.adb","103","Mark (T, R, Chosen (I), Chosen);","Mark (T, R, Chosen (S1), Chosen);","stillborn"
"misc/SPARK2/Ada-SPARK-House-Robber-III-Lite","243526438","B","replace variable E -> S1","house_robber_iii_lite.adb","82","(for all J in 1 .. T.N => (if J < I or else J > E then Chosen (J) = Chosen'Old (J))))","(for all J in 1 .. T.N => (if J < I or else J > S1 then Chosen (J) = Chosen'Old (J))))","stillborn"
"misc/SPARK2/Ada-SPARK-House-Robber-III-Lite","243526438","B","replace variable S -> L","house_robber_iii_lite.adb","138","Lemma_Opt_Node (T, S, T.Right (I));","Lemma_Opt_Node (T, L, T.Right (I));","stillborn"
"misc/SPARK2/Ada-SPARK-House-Robber-III-Lite","243526438","B","replace variable Chosen -> T","house_robber_iii_lite.adb","103","Mark (T, R, Chosen (I), Chosen);","Mark (T, R, T (I), Chosen);","stillborn"
"misc/SPARK2/Ada-SPARK-House-Robber-III-Lite","243526438","B","replace variable I -> P","house_robber_iii_lite.adb","40","(for all J in I .. E => T.Left (J) <= E and then T.Right (J) <= E)),","(for all J in P .. E => T.Left (J) <= E and then T.Right (J) <= E)),","stillborn"
"misc/SPARK2/Ada-SPARK-House-Robber-III-Lite","243526438","B","replace variable T -> PL","house_robber_iii_lite.adb","41","Subprogram_Variant => (Decreases => T.N - I);","Subprogram_Variant => (Decreases => PL.N - I);","stillborn"
"misc/SPARK2/Ada-SPARK-House-Robber-III-Lite","243526438","B","replace variable L -> I","house_robber_iii_lite.adb","97","Lemma_Closed (T, L);","Lemma_Closed (T, I);","survived"
"misc/SPARK2/Ada-SPARK-House-Robber-III-Lite","243526438","std","or else -> and then","house_robber_iii_lite.adb","82","(for all J in 1 .. T.N => (if J < I or else J > E then Chosen (J) = Chosen'Old (J))))","(for all J in 1 .. T.N => (if J < I and then J > E then Chosen (J) = Chosen'Old (J))))","survived"
"misc/SPARK2/Ada-SPARK-House-Robber-III-Lite","243526438","alt","constant 1 -> 0","house_robber_iii_lite.adb","29","(if T.N = 0 then 0 else Best (Plan (T, 1)));","(if T.N = 0 then 0 else Best (Plan (T, 0)));","stillborn"
"misc/SPARK2/Ada-SPARK-House-Robber-III-Lite","243526438","ho","= -> /= + - -> +","house_robber_iii_lite.adb","86 87","= (if Blocked then Plan (T, I).Skip else Best (Plan (T, I))), || Subprogram_Variant => (Decreases => T.N - I);","/= (if Blocked then Plan (T, I).Skip else Best (Plan (T, I))), || Subprogram_Variant => (Decreases => T.N + I);","killed"
"misc/SPARK2/Ada-SPARK-House-Robber-III-Lite","243526438","B","replace variable Chosen -> I","house_robber_iii_lite.adb","82","(for all J in 1 .. T.N => (if J < I or else J > E then Chosen (J) = Chosen'Old (J))))","(for all J in 1 .. T.N => (if J < I or else J > E then I (J) = Chosen'Old (J))))","stillborn"
"misc/SPARK2/Ada-SPARK-House-Robber-III-Lite","243526438","C","actual off-by-one -1","house_robber_iii_lite.adb","48","if T.Right (I) /= 0 then","if T.Right (I - 1) /= 0 then","killed"
"misc/SPARK2/Ada-SPARK-House-Robber-III-Lite","243526438","alt","constant 0 -> 1","house_robber_iii_lite.adb","104","if L /= 0 then","if L /= 1 then","killed"
"misc/SPARK2/Ada-SPARK-House-Robber-III-Lite","243526438","B","replace variable S -> T","house_robber_iii_lite.adb","144","Lemma_Opt_Node (T, S, 1);","Lemma_Opt_Node (T, T, 1);","stillborn"
"misc/SPARK2/Ada-SPARK-House-Robber-III-Lite","243526438","B","replace variable Chosen -> I","house_robber_iii_lite.adb","94","Chosen (I) := not Blocked and then P.Take >= P.Skip;","I (I) := not Blocked and then P.Take >= P.Skip;","stillborn"
"misc/SPARK2/Ada-SPARK-House-Robber-III-Lite","243526438","B","replace variable I -> E","house_robber_iii_lite.adb","67","Lemma_Loot_Frame (T, S1, S2, T.Left (I));","Lemma_Loot_Frame (T, S1, S2, T.Left (E));","stillborn"
"misc/SPARK2/Ada-SPARK-House-Robber-III-Lite","243526438","B","replace variable T -> PL","house_robber_iii_lite.adb","85","and then Loot (T, Chosen, I)","and then Loot (PL, Chosen, I)","stillborn"
"misc/SPARK2/Ada-SPARK-House-Robber-III-Lite","243526438","B","replace variable I -> Chosen","house_robber_iii_lite.adb","84","and then (for all J in I .. Last_Of (T, I) => Local (T, Chosen, J))","and then (for all J in Chosen .. Last_Of (T, I) => Local (T, Chosen, J))","stillborn"
"misc/SPARK2/Ada-SPARK-House-Robber-III-Lite","243526438","B","replace variable T -> PR","house_robber_iii_lite.adb","70","Lemma_Loot_Frame (T, S1, S2, T.Right (I));","Lemma_Loot_Frame (PR, S1, S2, T.Right (I));","stillborn"
"misc/SPARK2/Ada-SPARK-House-Robber-III-Lite","243526438","B","replace variable I -> S","house_robber_iii_lite.adb","85","and then Loot (T, Chosen, I)","and then Loot (T, Chosen, S)","stillborn"
"misc/SPARK2/Ada-SPARK-House-Robber-III-Lite","243526438","B","replace variable T -> P","house_robber_iii_lite.adb","115","if T.N > 0 then","if P.N > 0 then","stillborn"
"misc/SPARK2/Ada-SPARK-House-Robber-III-Lite","243526438","B","replace variable I -> S2","house_robber_iii_lite.adb","59","and then I <= T.N","and then S2 <= T.N","stillborn"
"misc/SPARK2/Ada-SPARK-House-Robber-III-Lite","243526438","B","replace variable T -> S1","house_robber_iii_lite.adb","96","Mark (T, L, Chosen (I), Chosen);","Mark (S1, L, Chosen (I), Chosen);","stillborn"
"misc/SPARK2/Ada-SPARK-House-Robber-III-Lite","243526438","B","replace variable S1 -> Blocked","house_robber_iii_lite.adb","67","Lemma_Loot_Frame (T, S1, S2, T.Left (I));","Lemma_Loot_Frame (T, Blocked, S2, T.Left (I));","stillborn"
"misc/SPARK2/Ada-SPARK-House-Robber-III-Lite","243526438","B","replace variable I -> E","house_robber_iii_lite.adb","83","and then (if Blocked then not Chosen (I))","and then (if Blocked then not Chosen (E))","stillborn"
"misc/SPARK2/Ada-SPARK-House-Robber-III-Lite","243526438","B","replace variable T -> PR","house_robber_iii_lite.adb","96","Mark (T, L, Chosen (I), Chosen);","Mark (PR, L, Chosen (I), Chosen);","stillborn"
"misc/SPARK2/Ada-SPARK-House-Robber-III-Lite","243526438","B","replace variable I -> Blocked","house_robber_iii_lite.adb","96","Mark (T, L, Chosen (I), Chosen);","Mark (T, L, Chosen (Blocked), Chosen);","stillborn"
"misc/SPARK2/Ada-SPARK-House-Robber-III-Lite","243526438","B","replace variable PR -> L","house_robber_iii_lite.adb","26","(Take => T.Value (I) + PL.Skip + PR.Skip, Skip => Best (PL) + Best (PR)));","(Take => T.Value (I) + PL.Skip + L.Skip, Skip => Best (PL) + Best (PR)));","stillborn"
"misc/SPARK2/Ada-SPARK-House-Robber-III-Lite","243526438","B","replace variable Chosen -> S2","house_robber_iii_lite.adb","84","and then (for all J in I .. Last_Of (T, I) => Local (T, Chosen, J))","and then (for all J in I .. Last_Of (T, I) => Local (T, S2, J))","stillborn"
"misc/SPARK2/Ada-SPARK-House-Robber-III-Lite","243526438","B","replace variable S -> Skip","house_robber_iii_lite.adb","135","Lemma_Opt_Node (T, S, T.Left (I));","Lemma_Opt_Node (T, Skip, T.Left (I));","stillborn"
"misc/SPARK2/Ada-SPARK-House-Robber-III-Lite","243526438","B","replace variable I -> S","house_robber_iii_lite.adb","16","and then Plan'Result.Skip <= Max_Value * (Last_Of (T, I) - I + 1),","and then Plan'Result.Skip <= Max_Value * (Last_Of (T, S) - I + 1),","stillborn"
"misc/SPARK2/Ada-SPARK-House-Robber-III-Lite","243526438","B","replace variable Chosen -> I","house_robber_iii_lite.adb","96","Mark (T, L, Chosen (I), Chosen);","Mark (T, L, Chosen (I), I);","stillborn"
"misc/SPARK2/Ada-SPARK-House-Robber-III-Lite","243526438","B","replace variable I -> R","house_robber_iii_lite.adb","86","= (if Blocked then Plan (T, I).Skip else Best (Plan (T, I))),","= (if Blocked then Plan (T, R).Skip else Best (Plan (T, I))),","stillborn"
"misc/SPARK2/Ada-SPARK-House-Robber-III-Lite","243526438","B","replace variable I -> Take","house_robber_iii_lite.adb","96","Mark (T, L, Chosen (I), Chosen);","Mark (T, L, Chosen (Take), Chosen);","stillborn"
"misc/SPARK2/Ada-SPARK-House-Robber-III-Lite","243526438","B","replace variable T -> S2","house_robber_iii_lite.adb","59","and then I <= T.N","and then I <= S2.N","stillborn"
"misc/SPARK2/Ada-SPARK-House-Robber-III-Lite","243526438","B","replace variable I -> R","house_robber_iii_lite.adb","60","and then (for all J in I .. Last_Of (T, I) => S1 (J) = S2 (J)),","and then (for all J in R .. Last_Of (T, I) => S1 (J) = S2 (J)),","stillborn"
"misc/SPARK2/Ada-SPARK-House-Robber-III-Lite","243526438","B","replace variable Chosen -> P","house_robber_iii_lite.adb","103","Mark (T, R, Chosen (I), Chosen);","Mark (T, R, Chosen (I), P);","stillborn"
"misc/SPARK2/Ada-SPARK-House-Robber-III-Lite","243526438","B","replace variable T -> Skip","house_robber_iii_lite.adb","82","(for all J in 1 .. T.N => (if J < I or else J > E then Chosen (J) = Chosen'Old (J))))","(for all J in 1 .. Skip.N => (if J < I or else J > E then Chosen (J) = Chosen'Old (J))))","stillborn"
"misc/SPARK2/Ada-SPARK-House-Robber-III-Lite","243526438","B","replace variable R -> S1","house_robber_iii_lite.adb","102","if R /= 0 then","if S1 /= 0 then","stillborn"
"misc/SPARK2/Ada-SPARK-House-Robber-III-Lite","243526438","B","replace variable T -> Skip","house_robber_iii_lite.adb","66","if T.Left (I) /= 0 then","if Skip.Left (I) /= 0 then","stillborn"
"misc/SPARK2/Ada-SPARK-House-Robber-III-Lite","243526438","B","replace variable I -> PR","house_robber_iii_lite.adb","96","Mark (T, L, Chosen (I), Chosen);","Mark (T, L, Chosen (PR), Chosen);","stillborn"
"misc/SPARK2/Ada-SPARK-House-Robber-III-Lite","243526438","B","replace variable T -> Take","house_robber_iii_lite.adb","40","(for all J in I .. E => T.Left (J) <= E and then T.Right (J) <= E)),","(for all J in I .. E => Take.Left (J) <= E and then T.Right (J) <= E)),","stillborn"
"misc/SPARK2/Ada-SPARK-House-Robber-III-Lite","243526438","B","replace variable I -> Blocked","house_robber_iii_lite.adb","84","and then (for all J in I .. Last_Of (T, I) => Local (T, Chosen, J))","and then (for all J in I .. Last_Of (T, Blocked) => Local (T, Chosen, J))","stillborn"
"misc/SPARK2/Ada-SPARK-House-Robber-III-Lite","243526438","B","replace variable I -> PL","house_robber_iii_lite.adb","137","if T.Right (I) /= 0 then","if T.Right (PL) /= 0 then","stillborn"
"misc/SPARK2/Ada-SPARK-House-Robber-III-Lite","243526438","B","replace variable T -> S1","house_robber_iii_lite.adb","62","Subprogram_Variant => (Decreases => T.N - I);","Subprogram_Variant => (Decreases => S1.N - I);","stillborn"
"misc/SPARK2/Ada-SPARK-House-Robber-III-Lite","243526438","B","replace variable T -> S","house_robber_iii_lite.adb","144","Lemma_Opt_Node (T, S, 1);","Lemma_Opt_Node (S, S, 1);","stillborn"
"misc/SPARK2/Ada-SPARK-House-Robber-III-Lite","243526438","B","replace variable T -> L","house_robber_iii_lite.adb","87","Subprogram_Variant => (Decreases => T.N - I);","Subprogram_Variant => (Decreases => L.N - I);","stillborn"
"misc/SPARK2/Ada-SPARK-House-Robber-III-Lite","243526438","B","replace variable Chosen -> S","house_robber_iii_lite.adb","84","and then (for all J in I .. Last_Of (T, I) => Local (T, Chosen, J))","and then (for all J in I .. Last_Of (T, I) => Local (T, S, J))","stillborn"
"misc/SPARK2/Ada-SPARK-House-Robber-III-Lite","243526438","B","replace variable Chosen -> T","house_robber_iii_lite.adb","106","Lemma_Loot_Frame (T, Chosen, Mid, L);","Lemma_Loot_Frame (T, T, Mid, L);","stillborn"
"misc/SPARK2/Ada-SPARK-House-Robber-III-Lite","243526438","B","replace variable T -> Skip","house_robber_iii_lite.adb","40","(for all J in I .. E => T.Left (J) <= E and then T.Right (J) <= E)),","(for all J in I .. E => T.Left (J) <= E and then Skip.Right (J) <= E)),","stillborn"
"misc/SPARK2/Ada-SPARK-House-Robber-III-Lite","243526438","B","replace variable I -> PL","house_robber_iii_lite.adb","82","(for all J in 1 .. T.N => (if J < I or else J > E then Chosen (J) = Chosen'Old (J))))","(for all J in 1 .. T.N => (if J < PL or else J > E then Chosen (J) = Chosen'Old (J))))","stillborn"
"misc/SPARK2/Ada-SPARK-House-Robber-III-Lite","243526438","B","replace variable L -> I","house_robber_iii_lite.adb","106","Lemma_Loot_Frame (T, Chosen, Mid, L);","Lemma_Loot_Frame (T, Chosen, Mid, I);","killed"
"misc/SPARK2/Ada-SPARK-House-Robber-III-Lite","243526438","std","<= -> <","house_robber_iii_lite.adb","59","and then I <= T.N","and then I < T.N","survived"
"misc/SPARK2/Ada-SPARK-House-Robber-III-Lite","243526438","alt","swap arguments","house_robber_iii_lite.adb","16","and then Plan'Result.Skip <= Max_Value * (Last_Of (T, I) - I + 1),","and then Plan'Result.Skip <= Max_Value * (Last_Of (I, T) - I + 1),","stillborn"
"misc/SPARK2/Ada-SPARK-House-Robber-III-Lite","243526438","ho","and then -> or else + = -> /=","house_robber_iii_lite.adb","85 86","and then Loot (T, Chosen, I) || = (if Blocked then Plan (T, I).Skip else Best (Plan (T, I))),","or else Loot (T, Chosen, I) || /= (if Blocked then Plan (T, I).Skip else Best (Plan (T, I))),","stillborn"
"misc/SPARK2/Ada-SPARK-House-Robber-III-Lite","243526438","B","replace variable L -> PL","house_robber_iii_lite.adb","104","if L /= 0 then","if PL /= 0 then","stillborn"
"misc/SPARK2/Ada-SPARK-House-Robber-III-Lite","243526438","C","actual off-by-one +1","house_robber_iii_lite.adb","84","and then (for all J in I .. Last_Of (T, I) => Local (T, Chosen, J))","and then (for all J in I .. Last_Of (T, I) => Local (T, Chosen, J + 1))","killed"
"misc/SPARK2/Ada-SPARK-House-Robber-III-Lite","243526438","alt","constant 0 -> 1","house_robber_iii_lite.adb","95","if L /= 0 then","if L /= 1 then","killed"
"misc/SPARK2/Ada-SPARK-House-Robber-III-Lite","243526438","ho","- -> + + /= -> =","house_robber_iii_lite.adb","17 69","Subprogram_Variant => (Decreases => T.N - I); || if T.Right (I) /= 0 then","Subprogram_Variant => (Decreases => T.N + I); || if T.Right (I) = 0 then","killed"
"misc/SPARK2/Ada-SPARK-House-Robber-III-Lite","243526438","B","replace variable I -> Blocked","house_robber_iii_lite.adb","86","= (if Blocked then Plan (T, I).Skip else Best (Plan (T, I))),","= (if Blocked then Plan (T, Blocked).Skip else Best (Plan (T, I))),","stillborn"
"misc/SPARK2/Ada-SPARK-House-Robber-III-Lite","243526438","B","replace variable Blocked -> PR","house_robber_iii_lite.adb","86","= (if Blocked then Plan (T, I).Skip else Best (Plan (T, I))),","= (if PR then Plan (T, I).Skip else Best (Plan (T, I))),","stillborn"
"misc/SPARK2/Ada-SPARK-House-Robber-III-Lite","243526438","B","replace variable E -> Take","house_robber_iii_lite.adb","40","(for all J in I .. E => T.Left (J) <= E and then T.Right (J) <= E)),","(for all J in I .. E => T.Left (J) <= Take and then T.Right (J) <= E)),","stillborn"
"misc/SPARK2/Ada-SPARK-House-Robber-III-Lite","243526438","B","replace variable Chosen -> P","house_robber_iii_lite.adb","83","and then (if Blocked then not Chosen (I))","and then (if Blocked then not P (I))","stillborn"
"misc/SPARK2/Ada-SPARK-House-Robber-III-Lite","243526438","B","replace variable T -> P","house_robber_iii_lite.adb","66","if T.Left (I) /= 0 then","if P.Left (I) /= 0 then","stillborn"
"misc/SPARK2/Ada-SPARK-House-Robber-III-Lite","243526438","B","replace variable Chosen -> S1","house_robber_iii_lite.adb","106","Lemma_Loot_Frame (T, Chosen, Mid, L);","Lemma_Loot_Frame (T, S1, Mid, L);","stillborn"
"misc/SPARK2/Ada-SPARK-House-Robber-III-Lite","243526438","B","replace variable R -> S1","house_robber_iii_lite.adb","116","Mark (T, 1, False, R);","Mark (T, 1, False, S1);","stillborn"
"misc/SPARK2/Ada-SPARK-House-Robber-III-Lite","243526438","B","replace variable T -> Skip","house_robber_iii_lite.adb","85","and then Loot (T, Chosen, I)","and then Loot (Skip, Chosen, I)","stillborn"
"misc/SPARK2/Ada-SPARK-House-Robber-III-Lite","243526438","B","replace variable I -> Take","house_robber_iii_lite.adb","138","Lemma_Opt_Node (T, S, T.Right (I));","Lemma_Opt_Node (T, S, T.Right (Take));","stillborn"
"misc/SPARK2/Ada-SPARK-House-Robber-III-Lite","243526438","B","replace variable L -> Blocked","house_robber_iii_lite.adb","95","if L /= 0 then","if Blocked /= 0 then","stillborn"
"misc/SPARK2/Ada-SPARK-House-Robber-III-Lite","243526438","B","replace variable I -> Take","house_robber_iii_lite.adb","129","Subprogram_Variant => (Decreases => T.N - I);","Subprogram_Variant => (Decreases => T.N - Take);","stillborn"
"misc/SPARK2/Ada-SPARK-House-Robber-III-Lite","243526438","B","replace variable S -> P","house_robber_iii_lite.adb","135","Lemma_Opt_Node (T, S, T.Left (I));","Lemma_Opt_Node (T, P, T.Left (I));","stillborn"
"misc/SPARK2/Ada-SPARK-House-Robber-III-Lite","243526438","B","replace variable I -> T","house_robber_iii_lite.adb","85","and then Loot (T, Chosen, I)","and then Loot (T, Chosen, T)","stillborn"
"misc/SPARK2/Ada-SPARK-House-Robber-III-Lite","243526438","B","replace variable P -> I","house_robber_iii_lite.adb","94","Chosen (I) := not Blocked and then P.Take >= P.Skip;","Chosen (I) := not Blocked and then I.Take >= P.Skip;","stillborn"
"misc/SPARK2/Ada-SPARK-House-Robber-III-Lite","243526438","B","replace variable T -> R","house_robber_iii_lite.adb","40","(for all J in I .. E => T.Left (J) <= E and then T.Right (J) <= E)),","(for all J in I .. E => T.Left (J) <= E and then R.Right (J) <= E)),","stillborn"
"misc/SPARK2/Ada-SPARK-House-Robber-III-Lite","243526438","B","replace variable R -> PL","house_robber_iii_lite.adb","118","return R;","return PL;","stillborn"
"misc/SPARK2/Ada-SPARK-House-Robber-III-Lite","243526438","B","replace variable T -> PL","house_robber_iii_lite.adb","46","Lemma_Closed (T, T.Left (I));","Lemma_Closed (T, PL.Left (I));","stillborn"
"misc/SPARK2/Ada-SPARK-House-Robber-III-Lite","243526438","B","replace variable L -> I","house_robber_iii_lite.adb","95","if L /= 0 then","if I /= 0 then","killed"
"misc/SPARK2/Ada-SPARK-House-Robber-III-Lite","243526438","std","= -> /=","house_robber_iii_lite.adb","60","and then (for all J in I .. Last_Of (T, I) => S1 (J) = S2 (J)),","and then (for all J in I .. Last_Of (T, I) => S1 (J) /= S2 (J)),","killed"
"misc/SPARK2/Ada-SPARK-House-Robber-III-Lite","243526438","alt","constant 1 -> 0","house_robber_iii_lite.adb","113","R : One_Based_Choice (1 .. T.N) := [others => False];","R : One_Based_Choice (0 .. T.N) := [others => False];","killed"
"misc/SPARK2/Ada-SPARK-House-Robber-III-Lite","243526438","ho","- -> + + /= -> =","house_robber_iii_lite.adb","62 104","Subprogram_Variant => (Decreases => T.N - I); || if L /= 0 then","Subprogram_Variant => (Decreases => T.N + I); || if L = 0 then","killed"
"misc/SPARK2/Ada-SPARK-House-Robber-III-Lite","243526438","B","replace variable I -> S","house_robber_iii_lite.adb","87","Subprogram_Variant => (Decreases => T.N - I);","Subprogram_Variant => (Decreases => T.N - S);","stillborn"
"misc/SPARK2/Ada-SPARK-House-Robber-III-Lite","243526438","C","actual off-by-one -1","house_robber_iii_lite.adb","135","Lemma_Opt_Node (T, S, T.Left (I));","Lemma_Opt_Node (T, S, T.Left (I) - 1);","killed"
"misc/SPARK2/Ada-SPARK-House-Robber-III-Lite","243526438","B","replace variable T -> R","house_robber_iii_lite.adb","26","(Take => T.Value (I) + PL.Skip + PR.Skip, Skip => Best (PL) + Best (PR)));","(Take => R.Value (I) + PL.Skip + PR.Skip, Skip => Best (PL) + Best (PR)));","stillborn"
"misc/SPARK2/Ada-SPARK-House-Robber-III-Lite","243526438","B","replace variable Chosen -> P","house_robber_iii_lite.adb","96","Mark (T, L, Chosen (I), Chosen);","Mark (T, L, P (I), Chosen);","stillborn"
"misc/SPARK2/Ada-SPARK-House-Robber-III-Lite","243526438","B","replace variable Chosen -> Take","house_robber_iii_lite.adb","103","Mark (T, R, Chosen (I), Chosen);","Mark (T, R, Take (I), Chosen);","stillborn"
"misc/SPARK2/Ada-SPARK-House-Robber-III-Lite","243526438","B","replace variable I -> PR","house_robber_iii_lite.adb","84","and then (for all J in I .. Last_Of (T, I) => Local (T, Chosen, J))","and then (for all J in I .. Last_Of (T, PR) => Local (T, Chosen, J))","stillborn"
"misc/SPARK2/Ada-SPARK-House-Robber-III-Lite","243526438","B","replace variable T -> Chosen","house_robber_iii_lite.adb","138","Lemma_Opt_Node (T, S, T.Right (I));","Lemma_Opt_Node (T, S, Chosen.Right (I));","stillborn"
"misc/SPARK2/Ada-SPARK-House-Robber-III-Lite","243526438","B","replace variable I -> PL","house_robber_iii_lite.adb","66","if T.Left (I) /= 0 then","if T.Left (PL) /= 0 then","stillborn"
"misc/SPARK2/Ada-SPARK-House-Robber-III-Lite","243526438","B","replace variable I -> Blocked","house_robber_iii_lite.adb","60","and then (for all J in I .. Last_Of (T, I) => S1 (J) = S2 (J)),","and then (for all J in I .. Last_Of (T, Blocked) => S1 (J) = S2 (J)),","stillborn"
"misc/SPARK2/Ada-SPARK-House-Robber-III-Lite","243526438","B","replace variable T -> R","house_robber_iii_lite.adb","86","= (if Blocked then Plan (T, I).Skip else Best (Plan (T, I))),","= (if Blocked then Plan (T, I).Skip else Best (Plan (R, I))),","stillborn"
"misc/SPARK2/Ada-SPARK-House-Robber-III-Lite","243526438","B","replace variable I -> S","house_robber_iii_lite.adb","46","Lemma_Closed (T, T.Left (I));","Lemma_Closed (T, T.Left (S));","stillborn"
"misc/SPARK2/Ada-SPARK-House-Robber-III-Lite","243526438","B","replace variable T -> Blocked","house_robber_iii_lite.adb","45","if T.Left (I) /= 0 then","if Blocked.Left (I) /= 0 then","stillborn"
"misc/SPARK2/Ada-SPARK-House-Robber-III-Lite","243526438","B","replace variable I -> Blocked","house_robber_iii_lite.adb","70","Lemma_Loot_Frame (T, S1, S2, T.Right (I));","Lemma_Loot_Frame (T, S1, S2, T.Right (Blocked));","stillborn"
"misc/SPARK2/Ada-SPARK-House-Robber-III-Lite","243526438","B","replace variable P -> S","house_robber_iii_lite.adb","94","Chosen (I) := not Blocked and then P.Take >= P.Skip;","Chosen (I) := not Blocked and then S.Take >= P.Skip;","stillborn"
"misc/SPARK2/Ada-SPARK-House-Robber-III-Lite","243526438","B","replace variable S2 -> Chosen","house_robber_iii_lite.adb","60","and then (for all J in I .. Last_Of (T, I) => S1 (J) = S2 (J)),","and then (for all J in I .. Last_Of (T, I) => S1 (J) = Chosen (J)),","stillborn"
"misc/SPARK2/Ada-SPARK-House-Robber-III-Lite","243526438","B","replace variable Blocked -> PL","house_robber_iii_lite.adb","83","and then (if Blocked then not Chosen (I))","and then (if PL then not Chosen (I))","stillborn"
"misc/SPARK2/Ada-SPARK-House-Robber-III-Lite","243526438","B","replace variable L -> PL","house_robber_iii_lite.adb","95","if L /= 0 then","if PL /= 0 then","stillborn"
"misc/SPARK2/Ada-SPARK-House-Robber-III-Lite","243526438","B","replace variable R -> PR","house_robber_iii_lite.adb","118","return R;","return PR;","stillborn"
"misc/SPARK2/Ada-SPARK-House-Robber-III-Lite","243526438","B","replace variable Chosen -> Take","house_robber_iii_lite.adb","82","(for all J in 1 .. T.N => (if J < I or else J > E then Chosen (J) = Chosen'Old (J))))","(for all J in 1 .. T.N => (if J < I or else J > E then Take (J) = Chosen'Old (J))))","stillborn"
"misc/SPARK2/Ada-SPARK-House-Robber-III-Lite","243526438","B","replace variable I -> R","house_robber_iii_lite.adb","94","Chosen (I) := not Blocked and then P.Take >= P.Skip;","Chosen (R) := not Blocked and then P.Take >= P.Skip;","killed"
"misc/SPARK2/Ada-SPARK-House-Robber-III-Lite","243526438","std","+ -> -","house_robber_iii_lite.adb","16","and then Plan'Result.Skip <= Max_Value * (Last_Of (T, I) - I + 1),","and then Plan'Result.Skip <= Max_Value * (Last_Of (T, I) - I - 1),","killed"
"misc/SPARK2/Ada-SPARK-House-Robber-III-Lite","243526438","alt","constant 1 -> 0","house_robber_iii_lite.adb","144","Lemma_Opt_Node (T, S, 1);","Lemma_Opt_Node (T, S, 0);","stillborn"
"misc/SPARK2/Ada-SPARK-House-Robber-III-Lite","243526438","ho","or else -> and then + and then -> or else","house_robber_iii_lite.adb","82 94","(for all J in 1 .. T.N => (if J < I or else J > E then Chosen (J) = Chosen'Old (J)))) || Chosen (I) := not Blocked and then P.Take >= P.Skip;","(for all J in 1 .. T.N => (if J < I and then J > E then Chosen (J) = Chosen'Old (J)))) || Chosen (I) := not Blocked or else P.Take >= P.Skip;","killed"
"misc/SPARK2/Ada-SPARK-House-Robber-III-Lite","243526438","B","replace variable T -> S","house_robber_iii_lite.adb","67","Lemma_Loot_Frame (T, S1, S2, T.Left (I));","Lemma_Loot_Frame (T, S1, S2, S.Left (I));","stillborn"
"misc/SPARK2/Ada-SPARK-House-Robber-III-Lite","243526438","C","actual off-by-one +1","house_robber_iii_lite.adb","83","and then (if Blocked then not Chosen (I))","and then (if Blocked then not Chosen (I + 1))","killed"
"misc/SPARK2/Ada-SPARK-House-Robber-III-Lite","243526438","alt","constant 1 -> 2","house_robber_iii_lite.adb","29","(if T.N = 0 then 0 else Best (Plan (T, 1)));","(if T.N = 0 then 0 else Best (Plan (T, 2)));","killed"
"misc/SPARK2/Ada-SPARK-House-Robber-III-Lite","243526438","B","replace variable S -> S1","house_robber_iii_lite.adb","135","Lemma_Opt_Node (T, S, T.Left (I));","Lemma_Opt_Node (T, S1, T.Left (I));","stillborn"
"misc/SPARK2/Ada-SPARK-House-Robber-III-Lite","243526438","B","replace variable I -> S2","house_robber_iii_lite.adb","16","and then Plan'Result.Skip <= Max_Value * (Last_Of (T, I) - I + 1),","and then Plan'Result.Skip <= Max_Value * (Last_Of (T, I) - S2 + 1),","stillborn"
"misc/SPARK2/Ada-SPARK-House-Robber-III-Lite","243526438","B","replace variable T -> PR","house_robber_iii_lite.adb","87","Subprogram_Variant => (Decreases => T.N - I);","Subprogram_Variant => (Decreases => PR.N - I);","stillborn"
"misc/SPARK2/Ada-SPARK-House-Robber-III-Lite","243526438","B","replace variable T -> PR","house_robber_iii_lite.adb","135","Lemma_Opt_Node (T, S, T.Left (I));","Lemma_Opt_Node (PR, S, T.Left (I));","stillborn"
"misc/SPARK2/Ada-SPARK-House-Robber-III-Lite","243526438","B","replace variable T -> L","house_robber_iii_lite.adb","62","Subprogram_Variant => (Decreases => T.N - I);","Subprogram_Variant => (Decreases => L.N - I);","stillborn"
"misc/SPARK2/Ada-SPARK-House-Robber-III-Lite","243526438","B","replace variable Chosen -> P","house_robber_iii_lite.adb","85","and then Loot (T, Chosen, I)","and then Loot (T, P, I)","stillborn"
"misc/SPARK2/Ada-SPARK-House-Robber-III-Lite","243526438","B","replace variable T -> Blocked","house_robber_iii_lite.adb","40","(for all J in I .. E => T.Left (J) <= E and then T.Right (J) <= E)),","(for all J in I .. E => T.Left (J) <= E and then Blocked.Right (J) <= E)),","stillborn"
"misc/SPARK2/Ada-SPARK-House-Robber-III-Lite","243526438","B","replace variable Chosen -> Skip","house_robber_iii_lite.adb","85","and then Loot (T, Chosen, I)","and then Loot (T, Skip, I)","stillborn"
"misc/SPARK2/Ada-SPARK-House-Robber-III-Lite","243526438","B","replace variable T -> Blocked","house_robber_iii_lite.adb","66","if T.Left (I) /= 0 then","if Blocked.Left (I) /= 0 then","stillborn"
"misc/SPARK2/Ada-SPARK-House-Robber-III-Lite","243526438","B","replace variable I -> T","house_robber_iii_lite.adb","84","and then (for all J in I .. Last_Of (T, I) => Local (T, Chosen, J))","and then (for all J in T .. Last_Of (T, I) => Local (T, Chosen, J))","stillborn"
"misc/SPARK2/Ada-SPARK-House-Robber-III-Lite","243526438","B","replace variable I -> Skip","house_robber_iii_lite.adb","66","if T.Left (I) /= 0 then","if T.Left (Skip) /= 0 then","stillborn"
"misc/SPARK2/Ada-SPARK-House-Robber-III-Lite","243526438","B","replace variable I -> PL","house_robber_iii_lite.adb","59","and then I <= T.N","and then PL <= T.N","stillborn"
"misc/SPARK2/Ada-SPARK-House-Robber-III-Lite","243526438","B","replace variable R -> T","house_robber_iii_lite.adb","118","return R;","return T;","stillborn"
"misc/SPARK2/Ada-SPARK-House-Robber-III-Lite","243526438","B","replace variable I -> Blocked","house_robber_iii_lite.adb","16","and then Plan'Result.Skip <= Max_Value * (Last_Of (T, I) - I + 1),","and then Plan'Result.Skip <= Max_Value * (Last_Of (T, I) - Blocked + 1),","stillborn"
"misc/SPARK2/Ada-SPARK-House-Robber-III-Lite","243526438","B","replace variable I -> E","house_robber_iii_lite.adb","69","if T.Right (I) /= 0 then","if T.Right (E) /= 0 then","stillborn"
"misc/SPARK2/Ada-SPARK-House-Robber-III-Lite","243526438","B","replace variable T -> Chosen","house_robber_iii_lite.adb","46","Lemma_Closed (T, T.Left (I));","Lemma_Closed (Chosen, T.Left (I));","stillborn"
"misc/SPARK2/Ada-SPARK-House-Robber-III-Lite","243526438","B","replace variable Chosen -> S","house_robber_iii_lite.adb","85","and then Loot (T, Chosen, I)","and then Loot (T, S, I)","stillborn"
"misc/SPARK2/Ada-SPARK-House-Robber-III-Lite","243526438","B","replace variable PL -> Skip","house_robber_iii_lite.adb","26","(Take => T.Value (I) + PL.Skip + PR.Skip, Skip => Best (PL) + Best (PR)));","(Take => T.Value (I) + PL.Skip + PR.Skip, Skip => Best (Skip) + Best (PR)));","stillborn"
"misc/SPARK2/Ada-SPARK-House-Robber-III-Lite","243526438","B","replace variable I -> S1","house_robber_iii_lite.adb","16","and then Plan'Result.Skip <= Max_Value * (Last_Of (T, I) - I + 1),","and then Plan'Result.Skip <= Max_Value * (Last_Of (T, I) - S1 + 1),","stillborn"
"misc/SPARK2/Ada-SPARK-House-Robber-III-Lite","243526438","B","replace variable T -> S","house_robber_iii_lite.adb","40","(for all J in I .. E => T.Left (J) <= E and then T.Right (J) <= E)),","(for all J in I .. E => T.Left (J) <= E and then S.Right (J) <= E)),","stillborn"
"misc/SPARK2/Ada-SPARK-House-Robber-III-Lite","243526438","B","replace variable I -> PR","house_robber_iii_lite.adb","86","= (if Blocked then Plan (T, I).Skip else Best (Plan (T, I))),","= (if Blocked then Plan (T, PR).Skip else Best (Plan (T, I))),","stillborn"
"misc/SPARK2/Ada-SPARK-House-Robber-III-Lite","243526438","B","replace variable I -> Chosen","house_robber_iii_lite.adb","83","and then (if Blocked then not Chosen (I))","and then (if Blocked then not Chosen (Chosen))","stillborn"
"misc/SPARK2/Ada-SPARK-House-Robber-III-Lite","243526438","B","replace variable T -> PR","house_robber_iii_lite.adb","59","and then I <= T.N","and then I <= PR.N","stillborn"
"misc/SPARK2/Ada-SPARK-House-Robber-III-Lite","243526438","B","replace variable T -> Take","house_robber_iii_lite.adb","87","Subprogram_Variant => (Decreases => T.N - I);","Subprogram_Variant => (Decreases => Take.N - I);","stillborn"
"misc/SPARK2/Ada-SPARK-House-Robber-III-Lite","243526438","B","replace variable Chosen -> Take","house_robber_iii_lite.adb","84","and then (for all J in I .. Last_Of (T, I) => Local (T, Chosen, J))","and then (for all J in I .. Last_Of (T, I) => Local (T, Take, J))","stillborn"
"misc/SPARK2/Ada-SPARK-House-Robber-III-Lite","243526438","B","replace variable T -> R","house_robber_iii_lite.adb","96","Mark (T, L, Chosen (I), Chosen);","Mark (R, L, Chosen (I), Chosen);","stillborn"
"misc/SPARK2/Ada-SPARK-House-Robber-III-Lite","243526438","B","replace variable Chosen -> L","house_robber_iii_lite.adb","96","Mark (T, L, Chosen (I), Chosen);","Mark (T, L, L (I), Chosen);","stillborn"
"misc/SPARK2/Ada-SPARK-House-Robber-III-Lite","243526438","B","replace variable I -> Blocked","house_robber_iii_lite.adb","82","(for all J in 1 .. T.N => (if J < I or else J > E then Chosen (J) = Chosen'Old (J))))","(for all J in 1 .. T.N => (if J < Blocked or else J > E then Chosen (J) = Chosen'Old (J))))","stillborn"
"misc/SPARK2/Ada-SPARK-House-Robber-III-Lite","243526438","B","replace variable S -> E","house_robber_iii_lite.adb","138","Lemma_Opt_Node (T, S, T.Right (I));","Lemma_Opt_Node (T, E, T.Right (I));","stillborn"
"misc/SPARK2/Ada-SPARK-House-Robber-III-Lite","243526438","B","replace variable Chosen -> S1","house_robber_iii_lite.adb","96","Mark (T, L, Chosen (I), Chosen);","Mark (T, L, S1 (I), Chosen);","stillborn"
"misc/SPARK2/Ada-SPARK-House-Robber-III-Lite","243526438","B","replace variable T -> E","house_robber_iii_lite.adb","138","Lemma_Opt_Node (T, S, T.Right (I));","Lemma_Opt_Node (E, S, T.Right (I));","stillborn"
"misc/SPARK2/Ada-SPARK-House-Robber-III-Lite","243526438","B","replace variable Chosen -> P","house_robber_iii_lite.adb","106","Lemma_Loot_Frame (T, Chosen, Mid, L);","Lemma_Loot_Frame (T, P, Mid, L);","stillborn"
"misc/SPARK2/Ada-SPARK-House-Robber-III-Lite","243526438","B","replace variable I -> Skip","house_robber_iii_lite.adb","134","if T.Left (I) /= 0 then","if T.Left (Skip) /= 0 then","stillborn"
"misc/SPARK2/Ada-SPARK-House-Robber-III-Lite","243526438","B","replace variable S2 -> S1","house_robber_iii_lite.adb","70","Lemma_Loot_Frame (T, S1, S2, T.Right (I));","Lemma_Loot_Frame (T, S1, S1, T.Right (I));","survived"
"misc/SPARK2/Ada-SPARK-House-Robber-III-Lite","243526438","std","and then -> or else","house_robber_iii_lite.adb","59","and then I <= T.N","or else I <= T.N","stillborn"
"misc/SPARK2/Ada-SPARK-House-Robber-III-Lite","243526438","alt","constant 1 -> 2","house_robber_iii_lite.adb","82","(for all J in 1 .. T.N => (if J < I or else J > E then Chosen (J) = Chosen'Old (J))))","(for all J in 2 .. T.N => (if J < I or else J > E then Chosen (J) = Chosen'Old (J))))","survived"
"misc/SPARK2/Ada-SPARK-House-Robber-III-Lite","243526438","ho","- -> + + and then -> or else","house_robber_iii_lite.adb","41 85","Subprogram_Variant => (Decreases => T.N - I); || and then Loot (T, Chosen, I)","Subprogram_Variant => (Decreases => T.N + I); || or else Loot (T, Chosen, I)","stillborn"
"misc/SPARK2/Ada-SPARK-House-Robber-III-Lite","243526438","B","replace variable I -> Take","house_robber_iii_lite.adb","62","Subprogram_Variant => (Decreases => T.N - I);","Subprogram_Variant => (Decreases => T.N - Take);","stillborn"
"misc/SPARK2/Ada-SPARK-House-Robber-III-Lite","243526438","C","actual off-by-one +1","house_robber_iii_lite.adb","46","Lemma_Closed (T, T.Left (I));","Lemma_Closed (T, T.Left (I) + 1);","killed"
"misc/SPARK2/Ada-SPARK-House-Robber-III-Lite","243526438","std","* -> +","house_robber_iii_lite.adb","16","and then Plan'Result.Skip <= Max_Value * (Last_Of (T, I) - I + 1),","and then Plan'Result.Skip <= Max_Value + (Last_Of (T, I) - I + 1),","killed"
"misc/SPARK2/Ada-SPARK-House-Robber-III-Lite","243526438","ho","* -> + + <= -> <","house_robber_iii_lite.adb","16 59","and then Plan'Result.Skip <= Max_Value * (Last_Of (T, I) - I + 1), || and then I <= T.N","and then Plan'Result.Skip <= Max_Value + (Last_Of (T, I) - I + 1), || and then I < T.N","killed"
"misc/SPARK2/Ada-SPARK-House-Robber-III-Lite","243526438","B","replace variable I -> S1","house_robber_iii_lite.adb","129","Subprogram_Variant => (Decreases => T.N - I);","Subprogram_Variant => (Decreases => T.N - S1);","stillborn"
"misc/SPARK2/Ada-SPARK-Integer-Break","58147699","std","= -> /=","integer_break.adb","823","and then (for all I in 1 .. J => P1 (I) = P2 (I)),","and then (for all I in 1 .. J => P1 (I) /= P2 (I)),","killed"
"misc/SPARK2/Ada-SPARK-Integer-Break","58147699","alt","constant 1 -> 0","integer_break.adb","529","for K in 1 .. 53 loop","for K in 0 .. 53 loop","killed"
"misc/SPARK2/Ada-SPARK-Integer-Break","58147699","ho","and then -> or else + + -> -","integer_break.adb","841 914","and then Product_To (P, J) = Product_To (P, J - 1) * To_Big_Integer (P (P'First + (J - 1))); || Lemma_Mul_Eq (Product_To (R, Count + 1), Old_P * To_Big_Integer (K),","or else Product_To (P, J) = Product_To (P, J - 1) * To_Big_Integer (P (P'First + (J - 1))); || Lemma_Mul_Eq (Product_To (R, Count - 1), Old_P * To_Big_Integer (K),","killed"
"misc/SPARK2/Ada-SPARK-Integer-Break","58147699","B","replace variable Count -> N","integer_break.adb","929","Lemma_Step (R, Count + 1);","Lemma_Step (R, N + 1);","killed"
"misc/SPARK2/Ada-SPARK-Integer-Break","58147699","C","actual off-by-one -1","integer_break.adb","830","Lemma_Prefix_Frame (P1, P2, J - 1);","Lemma_Prefix_Frame (P1, P2, J - 1 - 1);","killed"
"misc/SPARK2/Ada-SPARK-Integer-Break","58147699","std","+ -> -","integer_break.adb","929","Lemma_Step (R, Count + 1);","Lemma_Step (R, Count - 1);","killed"
"misc/SPARK2/Ada-SPARK-Integer-Break","58147699","alt","constant 1 -> 0","integer_break.adb","169","for K in 1 .. 17 loop","for K in 0 .. 17 loop","killed"
"misc/SPARK2/Ada-SPARK-Integer-Break","58147699","ho","- -> + + + -> -","integer_break.adb","783 929","for K in 1 .. M - 1 loop || Lemma_Step (R, Count + 1);","for K in 1 .. M + 1 loop || Lemma_Step (R, Count - 1);","killed"
"misc/SPARK2/Ada-SPARK-Integer-Break","58147699","B","replace variable P -> M","integer_break.adb","968","Lemma_Mul_Mono (Product_To (P, J - 1), Big (Whole_Or_Split (S1)), To_Big_Integer (X));","Lemma_Mul_Mono (Product_To (M, J - 1), Big (Whole_Or_Split (S1)), To_Big_Integer (X));","stillborn"
"misc/SPARK2/Ada-SPARK-Integer-Break","58147699","C","actual off-by-one -1","integer_break.adb","934","Lemma_Mul_Eq (Product_To (R, Count), Old_P, To_Big_Integer (R (Count + 1)), To_Big_Integer (M));","Lemma_Mul_Eq (Product_To (R, Count), Old_P - 1, To_Big_Integer (R (Count + 1)), To_Big_Integer (M));","killed"
"misc/SPARK2/Ada-SPARK-Integer-Break","58147699","B","replace variable P -> X","integer_break.adb","963","Lemma_Opt_Prefix (P, J - 1);","Lemma_Opt_Prefix (X, J - 1);","stillborn"
"misc/SPARK2/Ada-SPARK-Integer-Break","58147699","B","replace variable S1 -> Choice","integer_break.adb","987","Lemma_Mul_Mono (Product_To (P, J - 1), Big (Whole_Or_Split (S1)), To_Big_Integer (X));","Lemma_Mul_Mono (Product_To (P, J - 1), Big (Whole_Or_Split (Choice)), To_Big_Integer (X));","stillborn"
"misc/SPARK2/Ada-SPARK-Integer-Break","58147699","B","replace variable P -> Count","integer_break.adb","841","and then Product_To (P, J) = Product_To (P, J - 1) * To_Big_Integer (P (P'First + (J - 1)));","and then Product_To (P, J) = Product_To (P, J - 1) * To_Big_Integer (Count (P'First + (J - 1)));","stillborn"
"misc/SPARK2/Ada-SPARK-Integer-Break","58147699","B","replace variable N -> Y","integer_break.adb","811","Lemma_Row (N);","Lemma_Row (Y);","stillborn"
"misc/SPARK2/Ada-SPARK-Integer-Break","58147699","B","replace variable R -> Cur","integer_break.adb","928","Lemma_Prefix_Frame (R, Old_R, Count);","Lemma_Prefix_Frame (Cur, Old_R, Count);","stillborn"
"misc/SPARK2/Ada-SPARK-Integer-Break","58147699","B","replace variable K -> Choice","integer_break.adb","913","Lemma_Assoc (Old_P, To_Big_Integer (K), Big (Whole_Or_Split (M - K)));","Lemma_Assoc (Old_P, To_Big_Integer (K), Big (Whole_Or_Split (M - Choice)));","stillborn"
"misc/SPARK2/Ada-SPARK-Integer-Break","58147699","B","replace variable R -> K","integer_break.adb","901","R (Count + 1) := K;","K (Count + 1) := K;","stillborn"
"misc/SPARK2/Ada-SPARK-Integer-Break","58147699","B","replace variable P2 -> P","integer_break.adb","830","Lemma_Prefix_Frame (P1, P2, J - 1);","Lemma_Prefix_Frame (P1, P, J - 1);","stillborn"
"misc/SPARK2/Ada-SPARK-Integer-Break","58147699","B","replace variable K -> X","integer_break.adb","913","Lemma_Assoc (Old_P, To_Big_Integer (K), Big (Whole_Or_Split (M - K)));","Lemma_Assoc (Old_P, To_Big_Integer (K), Big (Whole_Or_Split (M - X)));","stillborn"
"misc/SPARK2/Ada-SPARK-Integer-Break","58147699","B","replace variable M -> S","integer_break.adb","767","and then Best (M) = Cand (M, Solve'Result.C (M)));","and then Best (S) = Cand (M, Solve'Result.C (M)));","stillborn"
"misc/SPARK2/Ada-SPARK-Integer-Break","58147699","B","replace variable M -> Choice","integer_break.adb","915","Big (Whole_Or_Split (M - K)), Big (Whole_Or_Split (M - K)));","Big (Whole_Or_Split (Choice - K)), Big (Whole_Or_Split (M - K)));","stillborn"
"misc/SPARK2/Ada-SPARK-Integer-Break","58147699","B","replace variable P1 -> V","integer_break.adb","823","and then (for all I in 1 .. J => P1 (I) = P2 (I)),","and then (for all I in 1 .. J => V (I) = P2 (I)),","stillborn"
"misc/SPARK2/Ada-SPARK-Integer-Break","58147699","B","replace variable K -> S","integer_break.adb","794","if Long_Long_Integer (K) * Rest > Cur then","if Long_Long_Integer (S) * Rest > Cur then","stillborn"
"misc/SPARK2/Ada-SPARK-Integer-Break","58147699","B","replace variable K -> P1","integer_break.adb","913","Lemma_Assoc (Old_P, To_Big_Integer (K), Big (Whole_Or_Split (M - K)));","Lemma_Assoc (Old_P, To_Big_Integer (P1), Big (Whole_Or_Split (M - K)));","stillborn"
"misc/SPARK2/Ada-SPARK-Integer-Break","58147699","B","replace variable J -> Result","integer_break.adb","982","Lemma_Opt_Prefix (P, J - 1);","Lemma_Opt_Prefix (P, Result - 1);","stillborn"
"misc/SPARK2/Ada-SPARK-Integer-Break","58147699","B","replace variable M -> Cur","integer_break.adb","920","M := M - K;","Cur := M - K;","stillborn"
"misc/SPARK2/Ada-SPARK-Integer-Break","58147699","B","replace variable M -> Cur","integer_break.adb","895","exit when Long_Long_Integer (M) >= B (M);","exit when Long_Long_Integer (Cur) >= B (M);","stillborn"
"misc/SPARK2/Ada-SPARK-Integer-Break","58147699","B","replace variable J -> Choice","integer_break.adb","962","if J > 1 then","if Choice > 1 then","stillborn"
"misc/SPARK2/Ada-SPARK-Integer-Break","58147699","B","replace variable M -> P","integer_break.adb","766","Solve'Result.C (M) < M","Solve'Result.C (M) < P","stillborn"
"misc/SPARK2/Ada-SPARK-Integer-Break","58147699","B","replace variable R -> S1","integer_break.adb","927","R (Count + 1) := M;","S1 (Count + 1) := M;","stillborn"
"misc/SPARK2/Ada-SPARK-Integer-Break","58147699","B","loop direction forward -> reverse","integer_break.adb","339","for K in 1 .. 34 loop","for K in reverse 1 .. 34 loop","survived"
"misc/SPARK2/Ada-SPARK-Integer-Break","58147699","std","+ -> -","integer_break.adb","942","Result : constant Part_List := R (1 .. Count + 1);","Result : constant Part_List := R (1 .. Count - 1);","killed"
"misc/SPARK2/Ada-SPARK-Integer-Break","58147699","alt","constant 1 -> 2","integer_break.adb","499","for K in 1 .. 50 loop","for K in 2 .. 50 loop","survived"
"misc/SPARK2/Ada-SPARK-Integer-Break","58147699","ho","* -> + + and then -> or else","integer_break.adb","795 823","Cur := Long_Long_Integer (K) * Rest; || and then (for all I in 1 .. J => P1 (I) = P2 (I)),","Cur := Long_Long_Integer (K) + Rest; || or else (for all I in 1 .. J => P1 (I) = P2 (I)),","stillborn"
"misc/SPARK2/Ada-SPARK-Integer-Break","58147699","B","replace variable C -> Count","integer_break.adb","887","R (1) := C (N);","R (1) := Count (N);","stillborn"
"misc/SPARK2/Ada-SPARK-Integer-Break","58147699","C","actual off-by-one -1","integer_break.ads","46","and then Best (M) = Cand (M, Arg (M)))","and then Best (M) = Cand (M, Arg (M) - 1))","killed"
"misc/SPARK2/Ada-SPARK-Integer-Break","58147699","ho","+ 1 -> + 0 + + 1 -> + 0","integer_break.adb","919 942","Count := Count + 1; || Result : constant Part_List := R (1 .. Count + 1);","Count := Count + 0; || Result : constant Part_List := R (1 .. Count + 0);","killed"
"misc/SPARK2/Ada-SPARK-Integer-Break","58147699","B","replace variable J -> YY","integer_break.adb","841","and then Product_To (P, J) = Product_To (P, J - 1) * To_Big_Integer (P (P'First + (J - 1)));","and then Product_To (P, J) = Product_To (P, YY - 1) * To_Big_Integer (P (P'First + (J - 1)));","stillborn"
"misc/SPARK2/Ada-SPARK-Integer-Break","58147699","B","replace variable C -> Rest","integer_break.adb","888","M := N - C (N);","M := N - Rest (N);","stillborn"
"misc/SPARK2/Ada-SPARK-Integer-Break","58147699","B","replace variable J -> R","integer_break.adb","825","Subprogram_Variant => (Decreases => J);","Subprogram_Variant => (Decreases => R);","stillborn"
"misc/SPARK2/Ada-SPARK-Integer-Break","58147699","B","replace variable N -> M","integer_break.adb","888","M := N - C (N);","M := N - C (M);","killed"
"misc/SPARK2/Ada-SPARK-Integer-Break","58147699","std","+ -> -","integer_break.adb","980","X  : constant Part := P (P'First + (J - 1));   --  the last part","X  : constant Part := P (P'First - (J - 1));   --  the last part","killed"
"misc/SPARK2/Ada-SPARK-Integer-Break","58147699","alt","constant 16 -> 0","integer_break.adb","159","for K in 1 .. 16 loop","for K in 1 .. 0 loop","survived"
"misc/SPARK2/Ada-SPARK-Integer-Break","58147699","ho","* -> + + - -> +","integer_break.adb","795 965","Cur := Long_Long_Integer (K) * Rest; || S1 : constant Part := To_Integer (Sum_To (P, J - 1)) with Ghost;","Cur := Long_Long_Integer (K) + Rest; || S1 : constant Part := To_Integer (Sum_To (P, J + 1)) with Ghost;","killed"
"misc/SPARK2/Ada-SPARK-Integer-Break","58147699","B","replace variable Count -> YY","integer_break.adb","944","Lemma_Prefix_Frame (Result, R, Count + 1);","Lemma_Prefix_Frame (Result, R, YY + 1);","stillborn"
"misc/SPARK2/Ada-SPARK-Integer-Break","58147699","C","actual off-by-one -1","integer_break.adb","927","R (Count + 1) := M;","R (Count + 1 - 1) := M;","killed"
"misc/SPARK2/Ada-SPARK-Integer-Break","58147699","B","replace variable J -> M","integer_break.adb","841","and then Product_To (P, J) = Product_To (P, J - 1) * To_Big_Integer (P (P'First + (J - 1)));","and then Product_To (P, J) = Product_To (P, J - 1) * To_Big_Integer (P (P'First + (M - 1)));","stillborn"
"misc/SPARK2/Ada-SPARK-Integer-Break","58147699","B","replace variable Rest -> Choice","integer_break.adb","794","if Long_Long_Integer (K) * Rest > Cur then","if Long_Long_Integer (K) * Choice > Cur then","stillborn"
"misc/SPARK2/Ada-SPARK-Integer-Break","58147699","B","replace variable N -> P2","integer_break.adb","887","R (1) := C (N);","R (1) := C (P2);","stillborn"
"misc/SPARK2/Ada-SPARK-Integer-Break","58147699","B","replace variable B -> P","integer_break.adb","805","return (B => B, C => C);","return (B => P, C => C);","stillborn"
"misc/SPARK2/Ada-SPARK-Integer-Break","58147699","B","replace variable B -> M","integer_break.adb","801","B (M) := Cur;","M (M) := Cur;","stillborn"
"misc/SPARK2/Ada-SPARK-Integer-Break","58147699","B","replace variable J -> Choice","integer_break.adb","841","and then Product_To (P, J) = Product_To (P, J - 1) * To_Big_Integer (P (P'First + (J - 1)));","and then Product_To (P, J) = Product_To (P, J - 1) * To_Big_Integer (P (P'First + (Choice - 1)));","stillborn"
"misc/SPARK2/Ada-SPARK-Integer-Break","58147699","B","replace variable M -> Choice","integer_break.adb","895","exit when Long_Long_Integer (M) >= B (M);","exit when Long_Long_Integer (Choice) >= B (M);","stillborn"
"misc/SPARK2/Ada-SPARK-Integer-Break","58147699","B","replace variable Count -> V","integer_break.adb","928","Lemma_Prefix_Frame (R, Old_R, Count);","Lemma_Prefix_Frame (R, Old_R, V);","stillborn"
"misc/SPARK2/Ada-SPARK-Integer-Break","58147699","B","replace variable K -> Count","integer_break.adb","915","Big (Whole_Or_Split (M - K)), Big (Whole_Or_Split (M - K)));","Big (Whole_Or_Split (M - Count)), Big (Whole_Or_Split (M - K)));","killed"
"misc/SPARK2/Ada-SPARK-Integer-Break","58147699","std","* -> +","integer_break.adb","914","Lemma_Mul_Eq (Product_To (R, Count + 1), Old_P * To_Big_Integer (K),","Lemma_Mul_Eq (Product_To (R, Count + 1), Old_P + To_Big_Integer (K),","killed"
"misc/SPARK2/Ada-SPARK-Integer-Break","58147699","alt","constant 8 -> 9","integer_break.adb","79","for K in 1 .. 8 loop","for K in 1 .. 9 loop","killed"
"misc/SPARK2/Ada-SPARK-Integer-Break","58147699","ho","- 1 -> - 0 + - 1 -> - 0","integer_break.adb","960 963","X : constant Part := P (P'First + (J - 1)) with Ghost;   --  the J-th part || Lemma_Opt_Prefix (P, J - 1);","X : constant Part := P (P'First + (J - 0)) with Ghost;   --  the J-th part || Lemma_Opt_Prefix (P, J - 0);","killed"
"misc/SPARK2/Ada-SPARK-Integer-Break","58147699","B","replace variable Cur -> YY","integer_break.adb","801","B (M) := Cur;","B (M) := YY;","stillborn"
"misc/SPARK2/Ada-SPARK-Integer-Break","58147699","C","actual off-by-one +1","integer_break.adb","938","Lemma_Conv (Maximum (N));","Lemma_Conv (Maximum (N) + 1);","survived"
"misc/SPARK2/Ada-SPARK-Integer-Break","58147699","B","replace variable M -> V","integer_break.adb","895","exit when Long_Long_Integer (M) >= B (M);","exit when Long_Long_Integer (M) >= B (V);","stillborn"
"misc/SPARK2/Ada-SPARK-Integer-Break","58147699","B","replace variable M -> R","integer_break.adb","767","and then Best (M) = Cand (M, Solve'Result.C (M)));","and then Best (R) = Cand (M, Solve'Result.C (M)));","stillborn"
"misc/SPARK2/Ada-SPARK-Integer-Break","58147699","B","replace variable N -> Count","integer_break.adb","813","return Positive (S.B (N));","return Positive (S.B (Count));","stillborn"
"misc/SPARK2/Ada-SPARK-Integer-Break","58147699","B","replace variable Count -> XX","integer_break.adb","928","Lemma_Prefix_Frame (R, Old_R, Count);","Lemma_Prefix_Frame (R, Old_R, XX);","stillborn"
"misc/SPARK2/Ada-SPARK-Integer-Break","58147699","B","replace variable X -> B","integer_break.adb","968","Lemma_Mul_Mono (Product_To (P, J - 1), Big (Whole_Or_Split (S1)), To_Big_Integer (X));","Lemma_Mul_Mono (Product_To (P, J - 1), Big (Whole_Or_Split (S1)), To_Big_Integer (B));","stillborn"
"misc/SPARK2/Ada-SPARK-Integer-Break","58147699","B","replace variable X -> K","integer_break.adb","968","Lemma_Mul_Mono (Product_To (P, J - 1), Big (Whole_Or_Split (S1)), To_Big_Integer (X));","Lemma_Mul_Mono (Product_To (P, J - 1), Big (Whole_Or_Split (S1)), To_Big_Integer (K));","stillborn"
"misc/SPARK2/Ada-SPARK-Integer-Break","58147699","B","replace variable N -> P","integer_break.adb","938","Lemma_Conv (Maximum (N));","Lemma_Conv (Maximum (P));","stillborn"
"misc/SPARK2/Ada-SPARK-Integer-Break","58147699","B","replace variable M -> X","integer_break.adb","915","Big (Whole_Or_Split (M - K)), Big (Whole_Or_Split (M - K)));","Big (Whole_Or_Split (X - K)), Big (Whole_Or_Split (M - K)));","stillborn"
"misc/SPARK2/Ada-SPARK-Integer-Break","58147699","B","replace variable M -> Rest","integer_break.adb","767","and then Best (M) = Cand (M, Solve'Result.C (M)));","and then Best (Rest) = Cand (M, Solve'Result.C (M)));","stillborn"
"misc/SPARK2/Ada-SPARK-Integer-Break","58147699","B","replace variable M -> Rest","integer_break.adb","915","Big (Whole_Or_Split (M - K)), Big (Whole_Or_Split (M - K)));","Big (Whole_Or_Split (Rest - K)), Big (Whole_Or_Split (M - K)));","stillborn"
"misc/SPARK2/Ada-SPARK-Integer-Break","58147699","B","replace variable M -> N","integer_break.adb","577","case M is","case N is","stillborn"
"misc/SPARK2/Ada-SPARK-Integer-Break","58147699","B","replace variable P -> S","integer_break.adb","968","Lemma_Mul_Mono (Product_To (P, J - 1), Big (Whole_Or_Split (S1)), To_Big_Integer (X));","Lemma_Mul_Mono (Product_To (S, J - 1), Big (Whole_Or_Split (S1)), To_Big_Integer (X));","stillborn"
"misc/SPARK2/Ada-SPARK-Integer-Break","58147699","B","replace variable M -> K","integer_break.adb","801","B (M) := Cur;","B (K) := Cur;","stillborn"
"misc/SPARK2/Ada-SPARK-Integer-Break","58147699","B","replace variable R -> S1","integer_break.adb","944","Lemma_Prefix_Frame (Result, R, Count + 1);","Lemma_Prefix_Frame (Result, S1, Count + 1);","stillborn"
"misc/SPARK2/Ada-SPARK-Integer-Break","58147699","B","replace variable M -> Choice","integer_break.adb","915","Big (Whole_Or_Split (M - K)), Big (Whole_Or_Split (M - K)));","Big (Whole_Or_Split (M - K)), Big (Whole_Or_Split (Choice - K)));","stillborn"
"misc/SPARK2/Ada-SPARK-Integer-Break","58147699","B","replace variable M -> Result","integer_break.adb","920","M := M - K;","M := Result - K;","stillborn"
"misc/SPARK2/Ada-SPARK-Integer-Break","58147699","B","replace variable Count -> K","integer_break.adb","934","Lemma_Mul_Eq (Product_To (R, Count), Old_P, To_Big_Integer (R (Count + 1)), To_Big_Integer (M));","Lemma_Mul_Eq (Product_To (R, K), Old_P, To_Big_Integer (R (Count + 1)), To_Big_Integer (M));","stillborn"
"misc/SPARK2/Ada-SPARK-Integer-Break","58147699","B","replace variable M -> Z","integer_break.adb","895","exit when Long_Long_Integer (M) >= B (M);","exit when Long_Long_Integer (M) >= B (Z);","stillborn"
"misc/SPARK2/Ada-SPARK-Integer-Break","58147699","B","replace variable N -> Count","integer_break.adb","988","Lemma_Row (N);","Lemma_Row (Count);","stillborn"
"misc/SPARK2/Ada-SPARK-Integer-Break","58147699","B","replace variable M -> XX","integer_break.adb","913","Lemma_Assoc (Old_P, To_Big_Integer (K), Big (Whole_Or_Split (M - K)));","Lemma_Assoc (Old_P, To_Big_Integer (K), Big (Whole_Or_Split (XX - K)));","stillborn"
"misc/SPARK2/Ada-SPARK-Integer-Break","58147699","B","replace variable P1 -> C","integer_break.adb","830","Lemma_Prefix_Frame (P1, P2, J - 1);","Lemma_Prefix_Frame (C, P2, J - 1);","stillborn"
"misc/SPARK2/Ada-SPARK-Integer-Break","58147699","B","replace variable X -> Cur","integer_break.adb","987","Lemma_Mul_Mono (Product_To (P, J - 1), Big (Whole_Or_Split (S1)), To_Big_Integer (X));","Lemma_Mul_Mono (Product_To (P, J - 1), Big (Whole_Or_Split (S1)), To_Big_Integer (Cur));","stillborn"
"misc/SPARK2/Ada-SPARK-Integer-Break","58147699","B","replace variable P -> M","integer_break.adb","987","Lemma_Mul_Mono (Product_To (P, J - 1), Big (Whole_Or_Split (S1)), To_Big_Integer (X));","Lemma_Mul_Mono (Product_To (M, J - 1), Big (Whole_Or_Split (S1)), To_Big_Integer (X));","stillborn"
"misc/SPARK2/Ada-SPARK-Integer-Break","58147699","B","replace variable Count -> N","integer_break.adb","927","R (Count + 1) := M;","R (N + 1) := M;","killed"
"misc/SPARK2/Ada-SPARK-Integer-Break","58147699","std","and then -> or else","integer_break.adb","767","and then Best (M) = Cand (M, Solve'Result.C (M)));","or else Best (M) = Cand (M, Solve'Result.C (M)));","survived"
"misc/SPARK2/Ada-SPARK-Integer-Break","58147699","alt","constant 4 -> 5","integer_break.adb","39","for K in 1 .. 4 loop","for K in 1 .. 5 loop","killed"
"misc/SPARK2/Ada-SPARK-Integer-Break","58147699","ho","and then -> or else + - -> +","integer_break.adb","767 830","and then Best (M) = Cand (M, Solve'Result.C (M))); || Lemma_Prefix_Frame (P1, P2, J - 1);","or else Best (M) = Cand (M, Solve'Result.C (M))); || Lemma_Prefix_Frame (P1, P2, J + 1);","killed"
"misc/SPARK2/Ada-SPARK-Integer-Break","58147699","B","replace variable Choice -> C","integer_break.adb","796","Choice := K;","C := K;","stillborn"
"misc/SPARK2/Ada-SPARK-Integer-Break","58147699","C","actual off-by-one -1","integer_break.adb","913","Lemma_Assoc (Old_P, To_Big_Integer (K), Big (Whole_Or_Split (M - K)));","Lemma_Assoc (Old_P, To_Big_Integer (K - 1), Big (Whole_Or_Split (M - K)));","survived"
"misc/SPARK2/Ada-SPARK-Integer-Break","58147699","B","replace variable M -> P2","integer_break.adb","927","R (Count + 1) := M;","R (Count + 1) := P2;","stillborn"
"misc/SPARK2/Ada-SPARK-Integer-Break","58147699","B","replace variable M -> YY","integer_break.adb","888","M := N - C (N);","YY := N - C (N);","stillborn"
"misc/SPARK2/Ada-SPARK-Integer-Break","58147699","B","replace variable X -> C","integer_break.adb","991","Lemma_Conv (X);","Lemma_Conv (C);","stillborn"
"misc/SPARK2/Ada-SPARK-Integer-Break","58147699","B","replace variable Cur -> N","integer_break.adb","795","Cur := Long_Long_Integer (K) * Rest;","N := Long_Long_Integer (K) * Rest;","stillborn"
"misc/SPARK2/Ada-SPARK-Integer-Break","58147699","B","replace variable M -> X","integer_break.adb","783","for K in 1 .. M - 1 loop","for K in 1 .. X - 1 loop","stillborn"
"misc/SPARK2/Ada-SPARK-Integer-Break","58147699","B","replace variable R -> M","integer_break.adb","927","R (Count + 1) := M;","M (Count + 1) := M;","stillborn"
"misc/SPARK2/Ada-SPARK-Integer-Break","58147699","B","replace variable Rest -> S","integer_break.adb","795","Cur := Long_Long_Integer (K) * Rest;","Cur := Long_Long_Integer (K) * S;","stillborn"
"misc/SPARK2/Ada-SPARK-Integer-Break","58147699","B","replace variable P -> Result","integer_break.adb","963","Lemma_Opt_Prefix (P, J - 1);","Lemma_Opt_Prefix (Result, J - 1);","stillborn"
"misc/SPARK2/Ada-SPARK-Integer-Break","58147699","B","replace variable M -> S1","integer_break.adb","920","M := M - K;","S1 := M - K;","stillborn"
"misc/SPARK2/Ada-SPARK-Integer-Break","58147699","B","replace variable Count -> Rest","integer_break.adb","944","Lemma_Prefix_Frame (Result, R, Count + 1);","Lemma_Prefix_Frame (Result, R, Rest + 1);","stillborn"
"misc/SPARK2/Ada-SPARK-Integer-Break","58147699","B","replace variable M -> Count","integer_break.adb","767","and then Best (M) = Cand (M, Solve'Result.C (M)));","and then Best (M) = Cand (Count, Solve'Result.C (M)));","stillborn"
"misc/SPARK2/Ada-SPARK-Integer-Break","58147699","B","replace variable J -> P2","integer_break.adb","962","if J > 1 then","if P2 > 1 then","stillborn"
"misc/SPARK2/Ada-SPARK-Integer-Break","58147699","B","replace variable M -> P","integer_break.adb","913","Lemma_Assoc (Old_P, To_Big_Integer (K), Big (Whole_Or_Split (M - K)));","Lemma_Assoc (Old_P, To_Big_Integer (K), Big (Whole_Or_Split (P - K)));","stillborn"
"misc/SPARK2/Ada-SPARK-Integer-Break","58147699","B","replace variable K -> S","integer_break.adb","915","Big (Whole_Or_Split (M - K)), Big (Whole_Or_Split (M - K)));","Big (Whole_Or_Split (M - S)), Big (Whole_Or_Split (M - K)));","stillborn"
"misc/SPARK2/Ada-SPARK-Integer-Break","58147699","B","replace variable Result -> Rest","integer_break.adb","944","Lemma_Prefix_Frame (Result, R, Count + 1);","Lemma_Prefix_Frame (Rest, R, Count + 1);","stillborn"
"misc/SPARK2/Ada-SPARK-Integer-Break","58147699","B","replace variable K -> N","integer_break.adb","913","Lemma_Assoc (Old_P, To_Big_Integer (K), Big (Whole_Or_Split (M - K)));","Lemma_Assoc (Old_P, To_Big_Integer (K), Big (Whole_Or_Split (M - N)));","killed"
"misc/SPARK2/Ada-SPARK-Integer-Break","58147699","std","- 1 -> - 0","integer_break.adb","841","and then Product_To (P, J) = Product_To (P, J - 1) * To_Big_Integer (P (P'First + (J - 1)));","and then Product_To (P, J) = Product_To (P, J - 0) * To_Big_Integer (P (P'First + (J - 1)));","killed"
"misc/SPARK2/Ada-SPARK-Integer-Break","58147699","alt","constant 1 -> 2","integer_break.adb","179","for K in 1 .. 18 loop","for K in 2 .. 18 loop","survived"
"misc/SPARK2/Ada-SPARK-Integer-Break","58147699","ho","- -> + + - 1 -> - 0","integer_break.adb","888 960","M := N - C (N); || X : constant Part := P (P'First + (J - 1)) with Ghost;   --  the J-th part","M := N + C (N); || X : constant Part := P (P'First + (J - 0)) with Ghost;   --  the J-th part","killed"
"misc/SPARK2/Ada-SPARK-Integer-Break","58147699","B","replace variable M -> Rest","integer_break.adb","766","Solve'Result.C (M) < M","Solve'Result.C (Rest) < M","stillborn"
"misc/SPARK2/Ada-SPARK-Integer-Break","58147699","C","actual off-by-one -1","integer_break.ads","46","and then Best (M) = Cand (M, Arg (M)))","and then Best (M - 1) = Cand (M, Arg (M)))","killed"
"misc/SPARK2/Ada-SPARK-Integer-Break","58147699","B","replace variable M -> Cur","integer_break.adb","766","Solve'Result.C (M) < M","Solve'Result.C (Cur) < M","stillborn"
"misc/SPARK2/Ada-SPARK-Integer-Break","58147699","B","loop direction forward -> reverse","integer_break.adb","19","for K in 1 .. 2 loop","for K in reverse 1 .. 2 loop","survived"
"misc/SPARK2/Ada-SPARK-Integer-Break","58147699","std","> -> >=","integer_break.adb","829","if J > 0 then","if J >= 0 then","killed"
"misc/SPARK2/Ada-SPARK-Integer-Break","58147699","alt","constant 1 -> 2","integer_break.adb","39","for K in 1 .. 4 loop","for K in 2 .. 4 loop","survived"
"misc/SPARK2/Ada-SPARK-Integer-Break","58147699","ho","> -> >= + - 1 -> - 0","integer_break.adb","829 960","if J > 0 then || X : constant Part := P (P'First + (J - 1)) with Ghost;   --  the J-th part","if J >= 0 then || X : constant Part := P (P'First + (J - 0)) with Ghost;   --  the J-th part","killed"
"misc/SPARK2/Ada-SPARK-Integer-Break","58147699","B","replace variable Rest -> Cur","integer_break.adb","794","if Long_Long_Integer (K) * Rest > Cur then","if Long_Long_Integer (K) * Cur > Cur then","killed"
"misc/SPARK2/Ada-SPARK-Integer-Break","58147699","C","actual off-by-one +1","integer_break.adb","914","Lemma_Mul_Eq (Product_To (R, Count + 1), Old_P * To_Big_Integer (K),","Lemma_Mul_Eq (Product_To (R, Count + 1), Old_P * To_Big_Integer (K + 1),","killed"
"misc/SPARK2/Ada-SPARK-Integer-Break","58147699","std","* -> +","integer_break.adb","841","and then Product_To (P, J) = Product_To (P, J - 1) * To_Big_Integer (P (P'First + (J - 1)));","and then Product_To (P, J) = Product_To (P, J - 1) + To_Big_Integer (P (P'First + (J - 1)));","killed"
"misc/SPARK2/Ada-SPARK-Integer-Break","58147699","alt","constant 1 -> 2","integer_break.adb","379","for K in 1 .. 38 loop","for K in 2 .. 38 loop","survived"
"misc/SPARK2/Ada-SPARK-Integer-Break","58147699","ho","- -> + + - 1 -> - 0","integer_break.adb","888 963","M := N - C (N); || Lemma_Opt_Prefix (P, J - 1);","M := N + C (N); || Lemma_Opt_Prefix (P, J - 0);","killed"
"misc/SPARK2/Ada-SPARK-Integer-Break","58147699","B","replace variable Count -> Choice","integer_break.adb","919","Count := Count + 1;","Choice := Count + 1;","stillborn"
"misc/SPARK2/Ada-SPARK-Integer-Break","58147699","C","actual off-by-one +1","integer_break.adb","929","Lemma_Step (R, Count + 1);","Lemma_Step (R, Count + 1 + 1);","killed"
"misc/SPARK2/Ada-SPARK-Integer-Break","58147699","B","replace variable R -> Cur","integer_break.adb","944","Lemma_Prefix_Frame (Result, R, Count + 1);","Lemma_Prefix_Frame (Result, Cur, Count + 1);","stillborn"
"misc/SPARK2/Ada-SPARK-Integer-Break","58147699","B","replace variable J -> Cur","integer_break.adb","982","Lemma_Opt_Prefix (P, J - 1);","Lemma_Opt_Prefix (P, Cur - 1);","stillborn"
"misc/SPARK2/Ada-SPARK-Integer-Break","58147699","B","replace variable R -> S1","integer_break.adb","914","Lemma_Mul_Eq (Product_To (R, Count + 1), Old_P * To_Big_Integer (K),","Lemma_Mul_Eq (Product_To (S1, Count + 1), Old_P * To_Big_Integer (K),","stillborn"
"misc/SPARK2/Ada-SPARK-Integer-Break","58147699","B","replace variable Count -> K","integer_break.adb","914","Lemma_Mul_Eq (Product_To (R, Count + 1), Old_P * To_Big_Integer (K),","Lemma_Mul_Eq (Product_To (R, K + 1), Old_P * To_Big_Integer (K),","killed"
"misc/SPARK2/Ada-SPARK-Integer-Break","58147699","std","- 1 -> - 0","integer_break.adb","841","and then Product_To (P, J) = Product_To (P, J - 1) * To_Big_Integer (P (P'First + (J - 1)));","and then Product_To (P, J) = Product_To (P, J - 1) * To_Big_Integer (P (P'First + (J - 0)));","killed"
"misc/SPARK2/Ada-SPARK-Integer-Break","58147699","alt","constant 1 -> 2","integer_break.adb","489","for K in 1 .. 49 loop","for K in 2 .. 49 loop","survived"
"misc/SPARK2/Ada-SPARK-Integer-Break","58147699","ho","- -> + + - 1 -> - 0","integer_break.adb","915 968","Big (Whole_Or_Split (M - K)), Big (Whole_Or_Split (M - K))); || Lemma_Mul_Mono (Product_To (P, J - 1), Big (Whole_Or_Split (S1)), To_Big_Integer (X));","Big (Whole_Or_Split (M + K)), Big (Whole_Or_Split (M - K))); || Lemma_Mul_Mono (Product_To (P, J - 0), Big (Whole_Or_Split (S1)), To_Big_Integer (X));","killed"
"misc/SPARK2/Ada-SPARK-Integer-Break","58147699","B","replace variable C -> Rest","integer_break.adb","802","C (M) := Choice;","Rest (M) := Choice;","stillborn"
"misc/SPARK2/Ada-SPARK-Integer-Break","58147699","C","actual off-by-one -1","integer_break.adb","913","Lemma_Assoc (Old_P, To_Big_Integer (K), Big (Whole_Or_Split (M - K)));","Lemma_Assoc (Old_P, To_Big_Integer (K), Big (Whole_Or_Split (M - K - 1)));","survived"
