folder,seed,index,family,op,line,result,kill_kind,proof
numerical/SPARK4/Ada-SPARK-Extended-Euclidean-Algorithm,20264001,0,std,-,hidden,killed,,
numerical/SPARK4/Ada-SPARK-Extended-Euclidean-Algorithm,20264001,1,alt,delete statement,hidden,killed,,
numerical/SPARK4/Ada-SPARK-Extended-Euclidean-Algorithm,20264001,2,ho,std pair,hidden,killed,,
numerical/SPARK4/Ada-SPARK-Extended-Euclidean-Algorithm,20264001,3,B,replace variable Quotient,hidden,killed,,
numerical/SPARK4/Ada-SPARK-Extended-Euclidean-Algorithm,20264001,4,C,actual off-by-one +1,hidden,killed,,
numerical/SPARK4/Ada-SPARK-Extended-Euclidean-Algorithm,20264001,5,alt,constant 1,hidden,equivalent,,proved
numerical/SPARK4/Ada-SPARK-Extended-Euclidean-Algorithm,20264001,6,ho,std pair,hidden,killed,,
numerical/SPARK4/Ada-SPARK-Extended-Euclidean-Algorithm,20264001,7,B,replace variable U,hidden,stillborn,,
numerical/SPARK4/Ada-SPARK-Extended-Euclidean-Algorithm,20264001,8,C,actual off-by-one -1,hidden,killed,,
numerical/SPARK4/Ada-SPARK-Extended-Euclidean-Algorithm,20264001,9,B,replace variable V,hidden,killed,,
numerical/SPARK4/Ada-SPARK-Extended-Euclidean-Algorithm,20264001,10,alt,constant 0,hidden,equivalent,,proved
numerical/SPARK4/Ada-SPARK-Extended-Euclidean-Algorithm,20264001,11,ho,std pair,hidden,killed,,
numerical/SPARK4/Ada-SPARK-Extended-Euclidean-Algorithm,20264001,12,B,replace variable Inv,hidden,stillborn,,
numerical/SPARK4/Ada-SPARK-Extended-Euclidean-Algorithm,20264001,13,C,actual off-by-one +1,hidden,killed,proof,proof_fail
numerical/SPARK4/Ada-SPARK-Extended-Euclidean-Algorithm,20264001,14,B,replace variable A,hidden,stillborn,,
numerical/SPARK4/Ada-SPARK-Extended-Euclidean-Algorithm,20264001,15,B,replace variable Old_R,hidden,killed,,
numerical/SPARK4/Ada-SPARK-Extended-Euclidean-Algorithm,20264001,16,alt,delete statement,hidden,killed,,
numerical/SPARK4/Ada-SPARK-Extended-Euclidean-Algorithm,20264001,17,ho,std pair,hidden,killed,,
numerical/SPARK4/Ada-SPARK-Extended-Euclidean-Algorithm,20264001,18,B,replace variable U,hidden,killed,,
numerical/SPARK4/Ada-SPARK-Extended-Euclidean-Algorithm,20264001,19,C,actual off-by-one -1,hidden,killed,,
numerical/SPARK4/Ada-SPARK-Extended-Euclidean-Algorithm,20264001,20,alt,delete statement,hidden,killed,,
numerical/SPARK4/Ada-SPARK-Extended-Euclidean-Algorithm,20264001,21,ho,std pair,hidden,killed,,
numerical/SPARK4/Ada-SPARK-Extended-Euclidean-Algorithm,20264001,22,B,replace variable Old_S,hidden,stillborn,,
numerical/SPARK4/Ada-SPARK-Extended-Euclidean-Algorithm,20264001,23,C,actual off-by-one -1,hidden,equivalent,,proved
numerical/SPARK4/Ada-SPARK-Extended-Euclidean-Algorithm,20264001,24,B,replace variable T,hidden,stillborn,,
numerical/SPARK4/Ada-SPARK-Extended-Euclidean-Algorithm,20264001,25,B,replace variable S,hidden,stillborn,,
numerical/SPARK4/Ada-SPARK-Extended-Euclidean-Algorithm,20264001,26,B,replace variable A,hidden,stillborn,,
numerical/SPARK4/Ada-SPARK-Extended-Euclidean-Algorithm,20264001,27,B,replace variable Old_R,hidden,killed,,
numerical/SPARK4/Ada-SPARK-Extended-Euclidean-Algorithm,20264001,28,alt,delete statement,hidden,killed,,
numerical/SPARK4/Ada-SPARK-Extended-Euclidean-Algorithm,20264001,29,ho,std pair,hidden,killed,,
numerical/SPARK4/Ada-SPARK-Extended-Euclidean-Algorithm,20264001,30,B,replace variable Prov,hidden,killed,,
numerical/SPARK4/Ada-SPARK-Extended-Euclidean-Algorithm,20264001,31,C,rem,hidden,equivalent,,proved
numerical/SPARK4/Ada-SPARK-Extended-Euclidean-Algorithm,20264001,32,alt,delete statement,hidden,equivalent,,proved
numerical/SPARK4/Ada-SPARK-Extended-Euclidean-Algorithm,20264001,33,ho,std pair,hidden,killed,,
numerical/SPARK4/Ada-SPARK-Extended-Euclidean-Algorithm,20264001,34,B,replace variable A,hidden,stillborn,,
numerical/SPARK4/Ada-SPARK-Extended-Euclidean-Algorithm,20264001,35,C,actual off-by-one -1,hidden,killed,,
numerical/SPARK4/Ada-SPARK-Extended-Euclidean-Algorithm,20264001,36,B,replace variable A,hidden,killed,,
numerical/SPARK4/Ada-SPARK-Extended-Euclidean-Algorithm,20264001,37,alt,constant 0,hidden,equivalent,,proved
numerical/SPARK4/Ada-SPARK-Extended-Euclidean-Algorithm,20264001,38,ho,std pair,hidden,killed,,
numerical/SPARK4/Ada-SPARK-Extended-Euclidean-Algorithm,20264001,39,B,replace variable Next_T,hidden,stillborn,,
numerical/SPARK4/Ada-SPARK-Extended-Euclidean-Algorithm,20264001,40,C,actual off-by-one +1,hidden,killed,proof,proof_fail
numerical/SPARK4/Ada-SPARK-Extended-Euclidean-Algorithm,20264001,41,B,return value + 1,hidden,stillborn,,
numerical/SPARK4/Ada-SPARK-Extended-Euclidean-Algorithm,20264001,42,B,replace variable R,hidden,stillborn,,
numerical/SPARK4/Ada-SPARK-Extended-Euclidean-Algorithm,20264001,43,B,replace variable R,hidden,stillborn,,
numerical/SPARK4/Ada-SPARK-Extended-Euclidean-Algorithm,20264001,44,B,replace variable G,hidden,stillborn,,
numerical/SPARK4/Ada-SPARK-Extended-Euclidean-Algorithm,20264001,45,B,replace variable Old,hidden,stillborn,,
numerical/SPARK4/Ada-SPARK-Extended-Euclidean-Algorithm,20264001,46,B,replace variable Res,hidden,stillborn,,
numerical/SPARK4/Ada-SPARK-Extended-Euclidean-Algorithm,20264001,47,B,replace variable Prov,hidden,stillborn,,
numerical/SPARK4/Ada-SPARK-Extended-Euclidean-Algorithm,20264001,48,B,replace variable U,hidden,stillborn,,
numerical/SPARK4/Ada-SPARK-Extended-Euclidean-Algorithm,20264001,49,B,replace variable R,hidden,stillborn,,
numerical/SPARK4/Ada-SPARK-Extended-Euclidean-Algorithm,20264001,50,B,replace variable Inv,hidden,stillborn,,
numerical/SPARK4/Ada-SPARK-Extended-Euclidean-Algorithm,20264001,51,B,replace variable Quotient,hidden,killed,,
numerical/SPARK4/Ada-SPARK-Extended-Euclidean-Algorithm,20264001,52,alt,delete statement,hidden,killed,,
numerical/SPARK4/Ada-SPARK-Extended-Euclidean-Algorithm,20264001,53,ho,std pair,hidden,killed,,
numerical/SPARK4/Ada-SPARK-Extended-Euclidean-Algorithm,20264001,54,B,return value + 1,hidden,stillborn,,
numerical/SPARK4/Ada-SPARK-Extended-Euclidean-Algorithm,20264001,55,C,actual off-by-one -1,hidden,equivalent,,proved
numerical/SPARK4/Ada-SPARK-Extended-Euclidean-Algorithm,20264001,56,B,replace variable A,hidden,stillborn,,
numerical/SPARK4/Ada-SPARK-Extended-Euclidean-Algorithm,20264001,57,B,replace variable T,hidden,stillborn,,
numerical/SPARK4/Ada-SPARK-Extended-Euclidean-Algorithm,20264001,58,B,replace variable R,hidden,killed,,
numerical/SPARK4/Ada-SPARK-Extended-Euclidean-Algorithm,20264001,59,alt,constant 0,hidden,killed,,
numerical/SPARK4/Ada-SPARK-Extended-Euclidean-Algorithm,20264001,60,ho,std pair,hidden,killed,,
numerical/SPARK4/Ada-SPARK-Extended-Euclidean-Algorithm,20264001,61,B,replace variable A,hidden,stillborn,,
numerical/SPARK4/Ada-SPARK-Extended-Euclidean-Algorithm,20264001,62,C,actual off-by-one -1,hidden,equivalent,,proved
numerical/SPARK4/Ada-SPARK-Extended-Euclidean-Algorithm,20264001,63,B,replace variable R,hidden,stillborn,,
numerical/SPARK4/Ada-SPARK-Extended-Euclidean-Algorithm,20264001,64,B,replace variable U,hidden,stillborn,,
numerical/SPARK4/Ada-SPARK-Extended-Euclidean-Algorithm,20264001,65,B,replace variable T,hidden,stillborn,,
numerical/SPARK4/Ada-SPARK-Extended-Euclidean-Algorithm,20264001,66,B,replace variable A,hidden,stillborn,,
numerical/SPARK4/Ada-SPARK-Extended-Euclidean-Algorithm,20264001,67,B,replace variable Inv,hidden,stillborn,,
numerical/SPARK4/Ada-SPARK-Extended-Euclidean-Algorithm,20264001,68,B,replace variable A,hidden,stillborn,,
numerical/SPARK4/Ada-SPARK-Extended-Euclidean-Algorithm,20264001,69,B,replace variable Prov,hidden,killed,,
numerical/SPARK4/Ada-SPARK-Extended-Euclidean-Algorithm,20264001,70,alt,delete statement,hidden,killed,,
numerical/SPARK4/Ada-SPARK-Extended-Euclidean-Algorithm,20264001,71,ho,std pair,hidden,killed,,
numerical/SPARK4/Ada-SPARK-Extended-Euclidean-Algorithm,20264001,72,B,replace variable B,hidden,stillborn,,
numerical/SPARK4/Ada-SPARK-Extended-Euclidean-Algorithm,20264001,73,C,actual off-by-one -1,hidden,killed,,
numerical/SPARK4/Ada-SPARK-Extended-Euclidean-Algorithm,20264001,74,B,replace variable B,hidden,killed,,
numerical/SPARK4/Ada-SPARK-Extended-Euclidean-Algorithm,20264001,75,alt,constant 0,hidden,killed,,
numerical/SPARK4/Ada-SPARK-Extended-Euclidean-Algorithm,20264001,76,ho,std pair,hidden,killed,,
numerical/SPARK4/Ada-SPARK-Extended-Euclidean-Algorithm,20264001,77,B,replace variable V,hidden,stillborn,,
numerical/SPARK4/Ada-SPARK-Extended-Euclidean-Algorithm,20264001,78,C,actual off-by-one +1,hidden,killed,,
compression/SPARK2/Ada-SPARK-Interleaving-String,20264002,0,alt,swap arguments,hidden,killed,,
compression/SPARK2/Ada-SPARK-Interleaving-String,20264002,1,ho,std pair,hidden,stillborn,,
compression/SPARK2/Ada-SPARK-Interleaving-String,20264002,2,B,replace variable D,hidden,stillborn,,
compression/SPARK2/Ada-SPARK-Interleaving-String,20264002,3,C,actual off-by-one +1,hidden,killed,,
compression/SPARK2/Ada-SPARK-Interleaving-String,20264002,4,ho,std pair,hidden,killed,,
compression/SPARK2/Ada-SPARK-Interleaving-String,20264002,5,B,replace variable J,hidden,killed,,
compression/SPARK2/Ada-SPARK-Interleaving-String,20264002,6,alt,swap arguments,hidden,killed,,
compression/SPARK2/Ada-SPARK-Interleaving-String,20264002,7,ho,std pair,hidden,killed,,
compression/SPARK2/Ada-SPARK-Interleaving-String,20264002,8,B,replace variable J,hidden,killed,,
compression/SPARK2/Ada-SPARK-Interleaving-String,20264002,9,C,actual off-by-one -1,hidden,stillborn,,
compression/SPARK2/Ada-SPARK-Interleaving-String,20264002,10,C,actual off-by-one -1,hidden,killed,,
compression/SPARK2/Ada-SPARK-Interleaving-String,20264002,11,alt,swap arguments,hidden,killed,,
compression/SPARK2/Ada-SPARK-Interleaving-String,20264002,12,ho,std pair,hidden,killed,,
compression/SPARK2/Ada-SPARK-Interleaving-String,20264002,13,B,replace variable J,hidden,stillborn,,
compression/SPARK2/Ada-SPARK-Interleaving-String,20264002,14,C,actual off-by-one +1,hidden,killed,,
compression/SPARK2/Ada-SPARK-Interleaving-String,20264002,15,B,replace variable D,hidden,stillborn,,
compression/SPARK2/Ada-SPARK-Interleaving-String,20264002,16,B,replace variable K,hidden,killed,,
compression/SPARK2/Ada-SPARK-Interleaving-String,20264002,17,alt,constant 0,hidden,killed,,
compression/SPARK2/Ada-SPARK-Interleaving-String,20264002,18,ho,std pair,hidden,stillborn,,
compression/SPARK2/Ada-SPARK-Interleaving-String,20264002,19,B,replace variable J,hidden,stillborn,,
compression/SPARK2/Ada-SPARK-Interleaving-String,20264002,20,C,actual off-by-one -1,hidden,killed,,
compression/SPARK2/Ada-SPARK-Interleaving-String,20264002,21,ho,std pair,hidden,stillborn,,
compression/SPARK2/Ada-SPARK-Interleaving-String,20264002,22,B,replace variable I,hidden,killed,,
compression/SPARK2/Ada-SPARK-Interleaving-String,20264002,23,ho,std pair,hidden,killed,,
compression/SPARK2/Ada-SPARK-Interleaving-String,20264002,24,alt,constant 0,hidden,killed,,
compression/SPARK2/Ada-SPARK-Interleaving-String,20264002,25,ho,std pair,hidden,stillborn,,
compression/SPARK2/Ada-SPARK-Interleaving-String,20264002,26,B,replace variable D,hidden,stillborn,,
compression/SPARK2/Ada-SPARK-Interleaving-String,20264002,27,C,actual off-by-one +1,hidden,killed,,
compression/SPARK2/Ada-SPARK-Interleaving-String,20264002,28,ho,std pair,hidden,killed,,
compression/SPARK2/Ada-SPARK-Interleaving-String,20264002,29,B,replace variable K,hidden,killed,,
compression/SPARK2/Ada-SPARK-Interleaving-String,20264002,30,alt,constant 0,hidden,killed,,
compression/SPARK2/Ada-SPARK-Interleaving-String,20264002,31,ho,std pair,hidden,killed,,
compression/SPARK2/Ada-SPARK-Interleaving-String,20264002,32,B,replace variable D,hidden,stillborn,,
compression/SPARK2/Ada-SPARK-Interleaving-String,20264002,33,C,actual off-by-one +1,hidden,killed,,
compression/SPARK2/Ada-SPARK-Interleaving-String,20264002,34,B,replace variable D,hidden,stillborn,,
compression/SPARK2/Ada-SPARK-Interleaving-String,20264002,35,B,return value + 1,hidden,killed,,
compression/SPARK2/Ada-SPARK-Interleaving-String,20264002,36,alt,constant 1,hidden,killed,,
compression/SPARK2/Ada-SPARK-Interleaving-String,20264002,37,ho,std pair,hidden,killed,,
compression/SPARK2/Ada-SPARK-Interleaving-String,20264002,38,B,replace variable J,hidden,killed,,
compression/SPARK2/Ada-SPARK-Interleaving-String,20264002,39,C,actual off-by-one +1,hidden,killed,,
compression/SPARK2/Ada-SPARK-Interleaving-String,20264002,40,alt,constant 0,hidden,killed,,
compression/SPARK2/Ada-SPARK-Interleaving-String,20264002,41,ho,std pair,hidden,killed,,
compression/SPARK2/Ada-SPARK-Interleaving-String,20264002,42,B,replace variable K,hidden,stillborn,,
compression/SPARK2/Ada-SPARK-Interleaving-String,20264002,43,C,actual off-by-one +1,hidden,killed,,
compression/SPARK2/Ada-SPARK-Interleaving-String,20264002,44,B,replace variable J,hidden,killed,,
compression/SPARK2/Ada-SPARK-Interleaving-String,20264002,45,alt,constant 0,hidden,killed,,
compression/SPARK2/Ada-SPARK-Interleaving-String,20264002,46,ho,std pair,hidden,stillborn,,
compression/SPARK2/Ada-SPARK-Interleaving-String,20264002,47,B,replace variable J,hidden,killed,,
compression/SPARK2/Ada-SPARK-Interleaving-String,20264002,48,C,actual off-by-one +1,hidden,killed,,
compression/SPARK2/Ada-SPARK-Interleaving-String,20264002,49,ho,std pair,hidden,killed,,
compression/SPARK2/Ada-SPARK-Interleaving-String,20264002,50,ho,std pair,hidden,stillborn,,
compression/SPARK2/Ada-SPARK-Interleaving-String,20264002,51,B,replace variable J,hidden,killed,,
compression/SPARK2/Ada-SPARK-Interleaving-String,20264002,52,C,actual off-by-one -1,hidden,killed,,
compression/SPARK2/Ada-SPARK-Interleaving-String,20264002,53,ho,std pair,hidden,stillborn,,
compression/SPARK2/Ada-SPARK-Interleaving-String,20264002,54,ho,std pair,hidden,killed,,
compression/SPARK2/Ada-SPARK-Interleaving-String,20264002,55,ho,std pair,hidden,killed,,
compression/SPARK2/Ada-SPARK-Interleaving-String,20264002,56,B,replace variable K,hidden,killed,,
compression/SPARK2/Ada-SPARK-Interleaving-String,20264002,57,C,actual off-by-one -1,hidden,killed,,
compression/SPARK2/Ada-SPARK-Interleaving-String,20264002,58,ho,std pair,hidden,killed,,
compression/SPARK2/Ada-SPARK-Interleaving-String,20264002,59,B,replace variable I,hidden,killed,,
compression/SPARK2/Ada-SPARK-Interleaving-String,20264002,60,C,swap first two actuals,hidden,killed,,
compression/SPARK2/Ada-SPARK-Interleaving-String,20264002,61,ho,std pair,hidden,stillborn,,
compression/SPARK2/Ada-SPARK-Interleaving-String,20264002,62,B,replace variable I,hidden,stillborn,,
compression/SPARK2/Ada-SPARK-Interleaving-String,20264002,63,ho,std pair,hidden,killed,,
compression/SPARK2/Ada-SPARK-Interleaving-String,20264002,64,B,replace variable D,hidden,stillborn,,
compression/SPARK2/Ada-SPARK-Interleaving-String,20264002,65,B,replace variable D,hidden,stillborn,,
compression/SPARK2/Ada-SPARK-Interleaving-String,20264002,66,B,replace variable I,hidden,killed,,
compression/SPARK2/Ada-SPARK-Interleaving-String,20264002,67,ho,std pair,hidden,stillborn,,
compression/SPARK2/Ada-SPARK-Interleaving-String,20264002,68,B,replace variable K,hidden,stillborn,,
compression/SPARK2/Ada-SPARK-Interleaving-String,20264002,69,ho,std pair,hidden,stillborn,,
compression/SPARK2/Ada-SPARK-Interleaving-String,20264002,70,B,replace variable K,hidden,stillborn,,
compression/SPARK2/Ada-SPARK-Interleaving-String,20264002,71,ho,std pair,hidden,killed,,
compression/SPARK2/Ada-SPARK-Interleaving-String,20264002,72,B,replace variable I,hidden,killed,,
misc/SPARK2/Ada-SPARK-Add-Binary,20264008,0,alt,constant 1,hidden,killed,,
misc/SPARK2/Ada-SPARK-Add-Binary,20264008,1,ho,std pair,hidden,killed,,
misc/SPARK2/Ada-SPARK-Add-Binary,20264008,2,B,replace variable Sum,hidden,stillborn,,
misc/SPARK2/Ada-SPARK-Add-Binary,20264008,3,C,actual off-by-one +1,hidden,killed,,
misc/SPARK2/Ada-SPARK-Add-Binary,20264008,4,B,replace variable Result,hidden,stillborn,,
misc/SPARK2/Ada-SPARK-Add-Binary,20264008,5,B,replace variable Sum,hidden,killed,,
misc/SPARK2/Ada-SPARK-Add-Binary,20264008,6,alt,constant 2,hidden,killed,,
misc/SPARK2/Ada-SPARK-Add-Binary,20264008,7,ho,std pair,hidden,killed,,
misc/SPARK2/Ada-SPARK-Add-Binary,20264008,8,B,replace variable Sum,hidden,stillborn,,
misc/SPARK2/Ada-SPARK-Add-Binary,20264008,9,C,actual off-by-one -1,hidden,killed,,
misc/SPARK2/Ada-SPARK-Add-Binary,20264008,10,B,replace variable Offset,hidden,killed,,
misc/SPARK2/Ada-SPARK-Add-Binary,20264008,11,alt,constant 2,hidden,killed,,
misc/SPARK2/Ada-SPARK-Add-Binary,20264008,12,ho,std pair,hidden,killed,,
misc/SPARK2/Ada-SPARK-Add-Binary,20264008,13,B,replace variable Carry,hidden,killed,,
misc/SPARK2/Ada-SPARK-Add-Binary,20264008,14,C,actual off-by-one +1,hidden,killed,,
misc/SPARK2/Ada-SPARK-Add-Binary,20264008,15,alt,constant 1,hidden,killed,,
misc/SPARK2/Ada-SPARK-Add-Binary,20264008,16,ho,std pair,hidden,killed,,
misc/SPARK2/Ada-SPARK-Add-Binary,20264008,17,B,replace variable Position,hidden,stillborn,,
misc/SPARK2/Ada-SPARK-Add-Binary,20264008,18,C,'Last +-1,hidden,killed,,
misc/SPARK2/Ada-SPARK-Add-Binary,20264008,19,B,replace variable Position,hidden,killed,,
misc/SPARK2/Ada-SPARK-Add-Binary,20264008,20,alt,constant 2,hidden,killed,,
misc/SPARK2/Ada-SPARK-Add-Binary,20264008,21,ho,std pair,hidden,killed,,
misc/SPARK2/Ada-SPARK-Add-Binary,20264008,22,B,replace variable Position,hidden,stillborn,,
misc/SPARK2/Ada-SPARK-Add-Binary,20264008,23,B,replace variable Carry,hidden,killed,,
misc/SPARK2/Ada-SPARK-Add-Binary,20264008,24,alt,delete statement,hidden,killed,,
misc/SPARK2/Ada-SPARK-Add-Binary,20264008,25,ho,std pair,hidden,killed,,
misc/SPARK2/Ada-SPARK-Add-Binary,20264008,26,B,replace variable Offset,hidden,killed,,
misc/SPARK2/Ada-SPARK-Add-Binary,20264008,27,ho,std pair,hidden,killed,,
misc/SPARK2/Ada-SPARK-Add-Binary,20264008,28,B,replace variable Sum,hidden,killed,,
misc/SPARK2/Ada-SPARK-Add-Binary,20264008,29,ho,std pair,hidden,killed,,
misc/SPARK2/Ada-SPARK-Add-Binary,20264008,30,B,replace variable Sum,hidden,stillborn,,
misc/SPARK2/Ada-SPARK-Add-Binary,20264008,31,B,replace variable Result,hidden,stillborn,,
misc/SPARK2/Ada-SPARK-Add-Binary,20264008,32,B,replace variable Position,hidden,killed,,
misc/SPARK2/Ada-SPARK-Add-Binary,20264008,33,ho,std pair,hidden,killed,,
misc/SPARK2/Ada-SPARK-Add-Binary,20264008,34,B,replace variable Carry,hidden,stillborn,,
misc/SPARK2/Ada-SPARK-Add-Binary,20264008,35,B,replace variable Position,hidden,killed,,
misc/SPARK2/Ada-SPARK-Add-Binary,20264008,36,ho,std pair,hidden,killed,,
misc/SPARK2/Ada-SPARK-Add-Binary,20264008,37,B,replace variable Sum,hidden,killed,,
misc/SPARK2/Ada-SPARK-Add-Binary,20264008,38,ho,std pair,hidden,killed,,
misc/SPARK2/Ada-SPARK-Add-Binary,20264008,39,B,replace variable Left,hidden,killed,,
misc/SPARK2/Ada-SPARK-Add-Binary,20264008,40,ho,std pair,hidden,killed,,
misc/SPARK2/Ada-SPARK-Add-Binary,20264008,41,B,replace variable Offset,hidden,killed,,
misc/SPARK2/Ada-SPARK-Add-Binary,20264008,42,ho,std pair,hidden,killed,,
misc/SPARK2/Ada-SPARK-Add-Binary,20264008,43,B,replace variable Result,hidden,killed,,
misc/SPARK2/Ada-SPARK-Add-Binary,20264008,44,ho,std pair,hidden,killed,,
misc/SPARK2/Ada-SPARK-Add-Binary,20264008,45,B,replace variable Sum,hidden,stillborn,,
misc/SPARK2/Ada-SPARK-Add-Binary,20264008,46,B,replace variable Carry,hidden,killed,,
misc/SPARK2/Ada-SPARK-Add-Binary,20264008,47,ho,std pair,hidden,killed,,
misc/SPARK2/Ada-SPARK-Add-Binary,20264008,48,B,replace variable Sum,hidden,killed,,
misc/SPARK2/Ada-SPARK-Add-Binary,20264008,49,ho,std pair,hidden,killed,,
misc/SPARK2/Ada-SPARK-Add-Binary,20264008,50,B,replace variable Sum,hidden,stillborn,,
misc/SPARK2/Ada-SPARK-Add-Binary,20264008,51,B,replace variable Position,hidden,stillborn,,
misc/SPARK2/Ada-SPARK-Add-Binary,20264008,52,B,replace variable Carry,hidden,stillborn,,
misc/SPARK2/Ada-SPARK-Add-Binary,20264008,53,B,replace variable Sum,hidden,stillborn,,
misc/SPARK2/Ada-SPARK-Add-Binary,20264008,54,B,replace variable Carry,hidden,killed,,
misc/SPARK2/Ada-SPARK-Add-Binary,20264008,55,ho,std pair,hidden,stillborn,,
misc/SPARK2/Ada-SPARK-Add-Binary,20264008,56,B,replace variable Result,hidden,stillborn,,
misc/SPARK2/Ada-SPARK-Add-Binary,20264008,57,ho,std pair,hidden,killed,,
misc/SPARK2/Ada-SPARK-Add-Binary,20264008,58,B,replace variable Position,hidden,killed,,
misc/SPARK2/Ada-SPARK-Add-Binary,20264008,59,ho,std pair,hidden,killed,,
misc/SPARK2/Ada-SPARK-Add-Binary,20264008,60,B,replace variable Right,hidden,killed,,
misc/SPARK2/Ada-SPARK-Add-Binary,20264008,61,B,replace variable Right,hidden,stillborn,,
misc/SPARK2/Ada-SPARK-Add-Binary,20264008,62,B,replace variable Left,hidden,stillborn,,
misc/SPARK2/Ada-SPARK-Add-Binary,20264008,63,B,replace variable Result,hidden,stillborn,,
misc/SPARK2/Ada-SPARK-Add-Binary,20264008,64,B,replace variable Sum,hidden,killed,,
misc/SPARK2/Ada-SPARK-Add-Binary,20264008,65,B,replace variable Offset,hidden,stillborn,,
misc/SPARK2/Ada-SPARK-Add-Binary,20264008,66,B,replace variable Sum,hidden,stillborn,,
misc/SPARK2/Ada-SPARK-Add-Binary,20264008,67,B,replace variable Position,hidden,stillborn,,
misc/SPARK2/Ada-SPARK-Add-Binary,20264008,68,B,replace variable Left,hidden,stillborn,,
misc/SPARK2/Ada-SPARK-Add-Binary,20264008,69,B,replace variable Sum,hidden,killed,,
misc/SPARK2/Ada-SPARK-Add-Without-Plus,20264009,0,alt,delete statement,hidden,killed,,
misc/SPARK2/Ada-SPARK-Add-Without-Plus,20264009,1,ho,std pair,hidden,killed,,
misc/SPARK2/Ada-SPARK-Add-Without-Plus,20264009,2,B,replace variable Result,hidden,killed,,
misc/SPARK2/Ada-SPARK-Add-Without-Plus,20264009,3,alt,constant 1,hidden,killed,,
misc/SPARK2/Ada-SPARK-Add-Without-Plus,20264009,4,ho,std pair,hidden,killed,,
misc/SPARK2/Ada-SPARK-Add-Without-Plus,20264009,5,B,replace variable Right,hidden,killed,,
misc/SPARK2/Ada-SPARK-Add-Without-Plus,20264009,6,alt,delete statement,hidden,killed,,
misc/SPARK2/Ada-SPARK-Add-Without-Plus,20264009,7,ho,std pair,hidden,killed,,
misc/SPARK2/Ada-SPARK-Add-Without-Plus,20264009,8,B,replace variable Right,hidden,killed,,
misc/SPARK2/Ada-SPARK-Add-Without-Plus,20264009,9,ho,std pair,hidden,killed,,
misc/SPARK2/Ada-SPARK-Add-Without-Plus,20264009,10,B,replace variable Result,hidden,killed,,
misc/SPARK2/Ada-SPARK-Add-Without-Plus,20264009,11,ho,std pair,hidden,killed,,
misc/SPARK2/Ada-SPARK-Add-Without-Plus,20264009,12,B,replace variable Remaining,hidden,stillborn,,
misc/SPARK2/Ada-SPARK-Add-Without-Plus,20264009,13,B,replace variable Remaining,hidden,killed,,
misc/SPARK2/Ada-SPARK-Add-Without-Plus,20264009,14,ho,std pair,hidden,killed,,
misc/SPARK2/Ada-SPARK-Add-Without-Plus,20264009,15,B,replace variable Right,hidden,killed,,
misc/SPARK2/Ada-SPARK-Add-Without-Plus,20264009,16,ho,std pair,hidden,killed,,
misc/SPARK2/Ada-SPARK-Add-Without-Plus,20264009,17,B,replace variable Remaining,hidden,killed,,
misc/SPARK2/Ada-SPARK-Add-Without-Plus,20264009,18,ho,std pair,hidden,killed,,
misc/SPARK2/Ada-SPARK-Add-Without-Plus,20264009,19,B,replace variable Right,hidden,killed,,
misc/SPARK2/Ada-SPARK-Add-Without-Plus,20264009,20,ho,std pair,hidden,killed,,
misc/SPARK2/Ada-SPARK-Add-Without-Plus,20264009,21,B,replace variable Remaining,hidden,killed,,
misc/SPARK2/Ada-SPARK-Add-Without-Plus,20264009,22,ho,std pair,hidden,killed,,
misc/SPARK2/Ada-SPARK-Add-Without-Plus,20264009,23,B,replace variable Right,hidden,killed,,
misc/SPARK2/Ada-SPARK-Add-Without-Plus,20264009,24,ho,std pair,hidden,killed,,
misc/SPARK2/Ada-SPARK-Add-Without-Plus,20264009,25,B,replace variable Remaining,hidden,killed,,
misc/SPARK2/Ada-SPARK-Add-Without-Plus,20264009,26,ho,std pair,hidden,killed,,
misc/SPARK2/Ada-SPARK-Add-Without-Plus,20264009,27,B,replace variable Right,hidden,killed,,
misc/SPARK2/Ada-SPARK-Add-Without-Plus,20264009,28,ho,std pair,hidden,killed,,
misc/SPARK2/Ada-SPARK-Add-Without-Plus,20264009,29,B,replace variable Remaining,hidden,killed,,
misc/SPARK2/Ada-SPARK-Add-Without-Plus,20264009,30,ho,std pair,hidden,killed,,
misc/SPARK2/Ada-SPARK-Add-Without-Plus,20264009,31,B,replace variable Result,hidden,killed,,
misc/SPARK2/Ada-SPARK-Add-Without-Plus,20264009,32,ho,std pair,hidden,killed,,
misc/SPARK2/Ada-SPARK-Add-Without-Plus,20264009,33,B,replace variable Result,hidden,killed,,
misc/SPARK2/Ada-SPARK-Add-Without-Plus,20264009,34,ho,std pair,hidden,killed,,
misc/SPARK2/Ada-SPARK-Add-Without-Plus,20264009,35,B,replace variable Result,hidden,stillborn,,
misc/SPARK2/Ada-SPARK-Add-Without-Plus,20264009,36,B,replace variable Result,hidden,stillborn,,
misc/SPARK2/Ada-SPARK-Add-Without-Plus,20264009,37,B,replace variable Result,hidden,killed,,
misc/SPARK2/Ada-SPARK-Add-Without-Plus,20264009,38,ho,std pair,hidden,killed,,
misc/SPARK2/Ada-SPARK-Add-Without-Plus,20264009,39,B,replace variable Remaining,hidden,killed,,
misc/SPARK2/Ada-SPARK-Add-Without-Plus,20264009,40,ho,std pair,hidden,killed,,
misc/SPARK2/Ada-SPARK-Add-Without-Plus,20264009,41,B,replace variable Remaining,hidden,killed,,
misc/SPARK2/Ada-SPARK-Add-Without-Plus,20264009,42,ho,std pair,hidden,killed,,
misc/SPARK2/Ada-SPARK-Add-Without-Plus,20264009,43,B,replace variable Remaining,hidden,killed,,
misc/SPARK2/Ada-SPARK-Add-Without-Plus,20264009,44,ho,std pair,hidden,killed,,
misc/SPARK2/Ada-SPARK-Add-Without-Plus,20264009,45,B,replace variable Result,hidden,killed,,
misc/SPARK2/Ada-SPARK-Add-Without-Plus,20264009,46,ho,std pair,hidden,killed,,
misc/SPARK2/Ada-SPARK-Add-Without-Plus,20264009,47,B,return value + 1,hidden,killed,,
misc/SPARK2/Ada-SPARK-Add-Without-Plus,20264009,48,ho,std pair,hidden,killed,,
misc/SPARK2/Ada-SPARK-Add-Without-Plus,20264009,49,B,replace variable Remaining,hidden,killed,,
misc/SPARK2/Ada-SPARK-Add-Without-Plus,20264009,50,B,replace variable Remaining,hidden,killed,,
misc/SPARK2/Ada-SPARK-Best-Time-To-Buy-And-Sell-Stock,20264011,0,alt,delete statement,hidden,killed,,
misc/SPARK2/Ada-SPARK-Best-Time-To-Buy-And-Sell-Stock,20264011,1,ho,std pair,hidden,killed,,
misc/SPARK2/Ada-SPARK-Best-Time-To-Buy-And-Sell-Stock,20264011,2,B,replace variable I,hidden,killed,,
misc/SPARK2/Ada-SPARK-Best-Time-To-Buy-And-Sell-Stock,20264011,3,C,'Last +-1,hidden,killed,,
misc/SPARK2/Ada-SPARK-Best-Time-To-Buy-And-Sell-Stock,20264011,4,alt,delete statement,hidden,killed,,
misc/SPARK2/Ada-SPARK-Best-Time-To-Buy-And-Sell-Stock,20264011,5,B,replace variable I,hidden,killed,,
misc/SPARK2/Ada-SPARK-Best-Time-To-Buy-And-Sell-Stock,20264011,6,C,actual off-by-one -1,hidden,killed,,
misc/SPARK2/Ada-SPARK-Best-Time-To-Buy-And-Sell-Stock,20264011,7,B,replace variable Today,hidden,killed,,
misc/SPARK2/Ada-SPARK-Best-Time-To-Buy-And-Sell-Stock,20264011,8,C,actual off-by-one -1,hidden,killed,,
misc/SPARK2/Ada-SPARK-Best-Time-To-Buy-And-Sell-Stock,20264011,9,B,replace variable I,hidden,stillborn,,
misc/SPARK2/Ada-SPARK-Best-Time-To-Buy-And-Sell-Stock,20264011,10,C,actual off-by-one +1,hidden,killed,,
misc/SPARK2/Ada-SPARK-Best-Time-To-Buy-And-Sell-Stock,20264011,11,B,replace variable Minimum,hidden,stillborn,,
misc/SPARK2/Ada-SPARK-Best-Time-To-Buy-And-Sell-Stock,20264011,12,B,replace variable I,hidden,killed,,
misc/SPARK2/Ada-SPARK-Best-Time-To-Buy-And-Sell-Stock,20264011,13,B,replace variable Input,hidden,stillborn,,
misc/SPARK2/Ada-SPARK-Best-Time-To-Buy-And-Sell-Stock,20264011,14,C,actual off-by-one -1,hidden,killed,,
misc/SPARK2/Ada-SPARK-Best-Time-To-Buy-And-Sell-Stock,20264011,15,B,replace variable Minimum,hidden,stillborn,,
misc/SPARK2/Ada-SPARK-Best-Time-To-Buy-And-Sell-Stock,20264011,16,B,replace variable Minimum,hidden,killed,,
misc/SPARK2/Ada-SPARK-Best-Time-To-Buy-And-Sell-Stock,20264011,17,B,replace variable Best,hidden,killed,,
misc/SPARK2/Ada-SPARK-Best-Time-To-Buy-And-Sell-Stock,20264011,18,B,replace variable Today,hidden,killed,,
misc/SPARK2/Ada-SPARK-Best-Time-To-Buy-And-Sell-Stock,20264011,19,B,replace variable Minimum,hidden,killed,,
misc/SPARK2/Ada-SPARK-Best-Time-To-Buy-And-Sell-Stock,20264011,20,B,replace variable I,hidden,killed,,
misc/SPARK2/Ada-SPARK-Best-Time-To-Buy-And-Sell-Stock,20264011,21,B,replace variable Today,hidden,killed,,
misc/SPARK2/Ada-SPARK-Best-Time-To-Buy-And-Sell-Stock,20264011,22,B,replace variable Minimum,hidden,killed,,
misc/SPARK2/Ada-SPARK-Best-Time-To-Buy-And-Sell-Stock,20264011,23,B,replace variable Best,hidden,stillborn,,
misc/SPARK2/Ada-SPARK-Best-Time-To-Buy-And-Sell-Stock,20264011,24,B,replace variable Input,hidden,stillborn,,
misc/SPARK2/Ada-SPARK-Best-Time-To-Buy-And-Sell-Stock,20264011,25,B,replace variable Best,hidden,killed,,
misc/SPARK2/Ada-SPARK-Best-Time-To-Buy-And-Sell-Stock,20264011,26,B,replace variable Best,hidden,stillborn,,
misc/SPARK2/Ada-SPARK-Best-Time-To-Buy-And-Sell-Stock,20264011,27,B,replace variable Today,hidden,stillborn,,
misc/SPARK2/Ada-SPARK-Best-Time-To-Buy-And-Sell-Stock,20264011,28,B,replace variable Today,hidden,killed,,
misc/SPARK2/Ada-SPARK-Best-Time-To-Buy-And-Sell-Stock,20264011,29,B,replace variable Today,hidden,killed,,
misc/SPARK2/Ada-SPARK-Best-Time-To-Buy-And-Sell-Stock,20264011,30,B,replace variable Input,hidden,stillborn,,
misc/SPARK2/Ada-SPARK-Best-Time-To-Buy-And-Sell-Stock,20264011,31,B,replace variable Input,hidden,stillborn,,
misc/SPARK2/Ada-SPARK-Best-Time-To-Buy-And-Sell-Stock,20264011,32,B,replace variable I,hidden,killed,,
misc/SPARK2/Ada-SPARK-Best-Time-To-Buy-And-Sell-Stock,20264011,33,B,return value + 1,hidden,killed,,
misc/SPARK2/Ada-SPARK-Best-Time-To-Buy-And-Sell-Stock,20264011,34,B,replace variable I,hidden,killed,,
misc/SPARK2/Ada-SPARK-Best-Time-To-Buy-And-Sell-Stock,20264011,35,B,replace variable Best,hidden,killed,,
misc/SPARK2/Ada-SPARK-Best-Time-To-Buy-And-Sell-Stock,20264011,36,B,replace variable Input,hidden,stillborn,,
misc/SPARK2/Ada-SPARK-Best-Time-To-Buy-And-Sell-Stock,20264011,37,B,replace variable I,hidden,killed,,
misc/SPARK2/Ada-SPARK-Covariance,20264017,0,alt,constant 3,hidden,killed,,
misc/SPARK2/Ada-SPARK-Covariance,20264017,1,ho,std pair,hidden,killed,,
misc/SPARK2/Ada-SPARK-Covariance,20264017,2,B,replace variable Sum_B,hidden,stillborn,,
misc/SPARK2/Ada-SPARK-Covariance,20264017,3,B,replace variable Sum_B,hidden,stillborn,,
misc/SPARK2/Ada-SPARK-Covariance,20264017,4,alt,constant 9,hidden,killed,,
misc/SPARK2/Ada-SPARK-Covariance,20264017,5,ho,std pair,hidden,killed,,
misc/SPARK2/Ada-SPARK-Covariance,20264017,6,alt,constant 3,hidden,killed,,
misc/SPARK2/Ada-SPARK-Covariance,20264017,7,ho,std pair,hidden,killed,,
misc/SPARK2/Ada-SPARK-Covariance,20264017,8,alt,constant 9,hidden,killed,,
misc/SPARK2/Ada-SPARK-Covariance,20264017,9,ho,std pair,hidden,killed,,
misc/SPARK2/Ada-SPARK-Covariance,20264017,10,ho,std pair,hidden,killed,,
misc/SPARK2/Ada-SPARK-Covariance,20264017,11,ho,std pair,hidden,killed,,
misc/SPARK2/Ada-SPARK-Covariance,20264017,12,ho,std pair,hidden,killed,,
misc/SPARK2/Ada-SPARK-Covariance,20264017,13,ho,std pair,hidden,killed,,
misc/SPARK2/Ada-SPARK-Covariance,20264017,14,ho,std pair,hidden,killed,,
misc/SPARK2/Ada-SPARK-Covariance,20264017,15,ho,std pair,hidden,killed,,
misc/SPARK2/Ada-SPARK-Covariance,20264017,16,ho,std pair,hidden,killed,,
misc/SPARK2/Ada-SPARK-Covariance,20264017,17,ho,std pair,hidden,killed,,
misc/SPARK2/Ada-SPARK-Covariance,20264017,18,ho,std pair,hidden,killed,,
misc/SPARK2/Ada-SPARK-Covariance,20264017,19,ho,std pair,hidden,killed,,
misc/SPARK2/Ada-SPARK-Covariance,20264017,20,ho,std pair,hidden,killed,,
misc/SPARK2/Ada-SPARK-Covariance,20264017,21,ho,std pair,hidden,killed,,
misc/SPARK2/Ada-SPARK-Covariance,20264017,22,ho,std pair,hidden,killed,,
misc/SPARK2/Ada-SPARK-Covariance,20264017,23,ho,std pair,hidden,killed,,
misc/SPARK2/Ada-SPARK-Covariance,20264017,24,ho,std pair,hidden,killed,,
misc/SPARK2/Ada-SPARK-Covariance,20264017,25,ho,std pair,hidden,killed,,
misc/SPARK2/Ada-SPARK-Covariance,20264017,26,ho,std pair,hidden,killed,,
misc/SPARK2/Ada-SPARK-Covariance,20264017,27,ho,std pair,hidden,killed,,
misc/SPARK2/Ada-SPARK-Decode-Ways,20264018,0,alt,constant 0,hidden,killed,,
misc/SPARK2/Ada-SPARK-Decode-Ways,20264018,1,ho,std pair,hidden,killed,,
misc/SPARK2/Ada-SPARK-Decode-Ways,20264018,2,B,replace variable Before,hidden,killed,,
misc/SPARK2/Ada-SPARK-Decode-Ways,20264018,3,C,actual off-by-one -1,hidden,killed,,
misc/SPARK2/Ada-SPARK-Decode-Ways,20264018,4,alt,constant 1,hidden,stillborn,,
misc/SPARK2/Ada-SPARK-Decode-Ways,20264018,5,ho,std pair,hidden,killed,,
misc/SPARK2/Ada-SPARK-Decode-Ways,20264018,6,B,replace variable Previous,hidden,stillborn,,
misc/SPARK2/Ada-SPARK-Decode-Ways,20264018,7,C,actual off-by-one +1,hidden,killed,,
misc/SPARK2/Ada-SPARK-Decode-Ways,20264018,8,alt,constant 2,hidden,killed,,
misc/SPARK2/Ada-SPARK-Decode-Ways,20264018,9,B,replace variable Before,hidden,stillborn,,
misc/SPARK2/Ada-SPARK-Decode-Ways,20264018,10,B,replace variable Previous,hidden,killed,,
misc/SPARK2/Ada-SPARK-Decode-Ways,20264018,11,alt,constant 1,hidden,killed,,
misc/SPARK2/Ada-SPARK-Decode-Ways,20264018,12,ho,std pair,hidden,killed,,
misc/SPARK2/Ada-SPARK-Decode-Ways,20264018,13,B,replace variable Previous,hidden,killed,,
misc/SPARK2/Ada-SPARK-Decode-Ways,20264018,14,C,actual off-by-one +1,hidden,killed,,
misc/SPARK2/Ada-SPARK-Decode-Ways,20264018,15,alt,constant 1,hidden,killed,,
misc/SPARK2/Ada-SPARK-Decode-Ways,20264018,16,B,replace variable Data,hidden,stillborn,,
misc/SPARK2/Ada-SPARK-Decode-Ways,20264018,17,C,actual off-by-one +1,hidden,killed,,
misc/SPARK2/Ada-SPARK-Decode-Ways,20264018,18,B,replace variable I,hidden,killed,,
misc/SPARK2/Ada-SPARK-Decode-Ways,20264018,19,alt,constant 1,hidden,killed,,
misc/SPARK2/Ada-SPARK-Decode-Ways,20264018,20,B,replace variable Current,hidden,killed,,
misc/SPARK2/Ada-SPARK-Decode-Ways,20264018,21,C,actual off-by-one +1,hidden,killed,,
misc/SPARK2/Ada-SPARK-Decode-Ways,20264018,22,alt,delete statement,hidden,killed,,
misc/SPARK2/Ada-SPARK-Decode-Ways,20264018,23,B,replace variable Previous,hidden,killed,,
misc/SPARK2/Ada-SPARK-Decode-Ways,20264018,24,C,actual off-by-one +1,hidden,killed,,
misc/SPARK2/Ada-SPARK-Decode-Ways,20264018,25,alt,constant 2,hidden,killed,,
misc/SPARK2/Ada-SPARK-Decode-Ways,20264018,26,B,replace variable I,hidden,killed,,
misc/SPARK2/Ada-SPARK-Decode-Ways,20264018,27,C,actual off-by-one -1,hidden,stillborn,,
misc/SPARK2/Ada-SPARK-Decode-Ways,20264018,28,C,actual off-by-one -1,hidden,killed,,
misc/SPARK2/Ada-SPARK-Decode-Ways,20264018,29,alt,constant 2,hidden,killed,,
misc/SPARK2/Ada-SPARK-Decode-Ways,20264018,30,B,replace variable Data,hidden,stillborn,,
misc/SPARK2/Ada-SPARK-Decode-Ways,20264018,31,C,actual off-by-one -1,hidden,killed,,
misc/SPARK2/Ada-SPARK-Decode-Ways,20264018,32,B,replace variable Previous,hidden,killed,,
misc/SPARK2/Ada-SPARK-Decode-Ways,20264018,33,alt,constant 1,hidden,killed,,
misc/SPARK2/Ada-SPARK-Decode-Ways,20264018,34,B,replace variable I,hidden,killed,,
misc/SPARK2/Ada-SPARK-Decode-Ways,20264018,35,C,actual off-by-one -1,hidden,stillborn,,
misc/SPARK2/Ada-SPARK-Decode-Ways,20264018,36,C,actual off-by-one -1,hidden,killed,,
misc/SPARK2/Ada-SPARK-Decode-Ways,20264018,37,B,replace variable I,hidden,killed,,
misc/SPARK2/Ada-SPARK-Decode-Ways,20264018,38,C,actual off-by-one +1,hidden,killed,,
misc/SPARK2/Ada-SPARK-Decode-Ways,20264018,39,B,replace variable Data,hidden,stillborn,,
misc/SPARK2/Ada-SPARK-Decode-Ways,20264018,40,C,swap first two actuals,hidden,killed,,
misc/SPARK2/Ada-SPARK-Decode-Ways,20264018,41,B,replace variable Data,hidden,stillborn,,
misc/SPARK2/Ada-SPARK-Decode-Ways,20264018,42,B,replace variable Previous,hidden,stillborn,,
misc/SPARK2/Ada-SPARK-Decode-Ways,20264018,43,B,replace variable Previous,hidden,stillborn,,
misc/SPARK2/Ada-SPARK-Decode-Ways,20264018,44,B,replace variable Current,hidden,killed,,
misc/SPARK2/Ada-SPARK-Decode-Ways,20264018,45,B,replace variable Current,hidden,stillborn,,
misc/SPARK2/Ada-SPARK-Decode-Ways,20264018,46,C,actual off-by-one -1,hidden,killed,,
misc/SPARK2/Ada-SPARK-Decode-Ways,20264018,47,B,replace variable Before,hidden,killed,,
misc/SPARK2/Ada-SPARK-Decode-Ways,20264018,48,B,replace variable Data,hidden,stillborn,,
misc/SPARK2/Ada-SPARK-Decode-Ways,20264018,49,C,actual off-by-one -1,hidden,killed,,
misc/SPARK2/Ada-SPARK-Decode-Ways,20264018,50,B,replace variable I,hidden,stillborn,,
misc/SPARK2/Ada-SPARK-Decode-Ways,20264018,51,B,replace variable Previous,hidden,killed,,
misc/SPARK2/Ada-SPARK-Decode-Ways,20264018,52,B,replace variable Current,hidden,killed,,
misc/SPARK2/Ada-SPARK-Decode-Ways,20264018,53,C,actual off-by-one +1,hidden,killed,,
misc/SPARK2/Ada-SPARK-Decode-Ways,20264018,54,B,replace variable Data,hidden,stillborn,,
misc/SPARK2/Ada-SPARK-Decode-Ways,20264018,55,C,swap first two actuals,hidden,stillborn,,
misc/SPARK2/Ada-SPARK-Decode-Ways,20264018,56,B,replace variable Length,hidden,killed,,
misc/SPARK2/Ada-SPARK-Decode-Ways,20264018,57,C,actual off-by-one -1,hidden,killed,,
misc/SPARK2/Ada-SPARK-Decode-Ways,20264018,58,B,replace variable I,hidden,killed,,
misc/SPARK2/Ada-SPARK-Decode-Ways,20264018,59,B,replace variable I,hidden,killed,,
misc/SPARK2/Ada-SPARK-Decode-Ways,20264018,60,B,replace variable Length,hidden,stillborn,,
misc/SPARK2/Ada-SPARK-Decode-Ways,20264018,61,B,replace variable I,hidden,killed,,
misc/SPARK2/Ada-SPARK-Decode-Ways,20264018,62,B,replace variable Previous,hidden,killed,,
misc/SPARK2/Ada-SPARK-Decode-Ways,20264018,63,B,replace variable Before,hidden,stillborn,,
misc/SPARK2/Ada-SPARK-Decode-Ways,20264018,64,B,replace variable Length,hidden,stillborn,,
misc/SPARK2/Ada-SPARK-Decode-Ways,20264018,65,B,replace variable Previous,hidden,killed,,
misc/SPARK2/Ada-SPARK-Decode-Ways,20264018,66,B,replace variable Before,hidden,stillborn,,
misc/SPARK2/Ada-SPARK-Decode-Ways,20264018,67,B,replace variable Before,hidden,stillborn,,
misc/SPARK2/Ada-SPARK-Decode-Ways,20264018,68,B,replace variable Data,hidden,stillborn,,
misc/SPARK2/Ada-SPARK-Decode-Ways,20264018,69,B,replace variable Before,hidden,killed,,
compression/SPARK2/Ada-SPARK-String-Compression,20264003,0,alt,delete statement,hidden,killed,,
compression/SPARK2/Ada-SPARK-String-Compression,20264003,1,ho,std pair,hidden,killed,,
compression/SPARK2/Ada-SPARK-String-Compression,20264003,2,B,replace variable Output,hidden,stillborn,,
compression/SPARK2/Ada-SPARK-String-Compression,20264003,3,C,actual off-by-one -1,hidden,killed,,
compression/SPARK2/Ada-SPARK-String-Compression,20264003,4,B,replace variable Output,hidden,stillborn,,
compression/SPARK2/Ada-SPARK-String-Compression,20264003,5,B,replace variable Write,hidden,stillborn,,
compression/SPARK2/Ada-SPARK-String-Compression,20264003,6,B,replace variable Counts,hidden,stillborn,,
compression/SPARK2/Ada-SPARK-String-Compression,20264003,7,B,replace variable Input,hidden,stillborn,,
compression/SPARK2/Ada-SPARK-String-Compression,20264003,8,B,replace variable Write,hidden,stillborn,,
compression/SPARK2/Ada-SPARK-String-Compression,20264003,9,B,replace variable Counts,hidden,stillborn,,
compression/SPARK2/Ada-SPARK-String-Compression,20264003,10,B,replace variable Write,hidden,stillborn,,
compression/SPARK2/Ada-SPARK-String-Compression,20264003,11,B,replace variable Input,hidden,stillborn,,
compression/SPARK2/Ada-SPARK-String-Compression,20264003,12,B,replace variable Counts,hidden,stillborn,,
compression/SPARK2/Ada-SPARK-String-Compression,20264003,13,B,replace variable Write,hidden,killed,,
compression/SPARK2/Ada-SPARK-String-Compression,20264003,14,alt,constant 32,hidden,killed,proof,proof_fail
compression/SPARK2/Ada-SPARK-String-Compression,20264003,15,ho,std pair,hidden,killed,,
compression/SPARK2/Ada-SPARK-String-Compression,20264003,16,B,replace variable Counts,hidden,stillborn,,
compression/SPARK2/Ada-SPARK-String-Compression,20264003,17,C,actual off-by-one +1,hidden,killed,,
compression/SPARK2/Ada-SPARK-String-Compression,20264003,18,B,replace variable Write,hidden,stillborn,,
compression/SPARK2/Ada-SPARK-String-Compression,20264003,19,B,replace variable I,hidden,stillborn,,
compression/SPARK2/Ada-SPARK-String-Compression,20264003,20,B,replace variable Write,hidden,stillborn,,
compression/SPARK2/Ada-SPARK-String-Compression,20264003,21,B,replace variable Output,hidden,stillborn,,
compression/SPARK2/Ada-SPARK-String-Compression,20264003,22,B,replace variable Counts,hidden,stillborn,,
compression/SPARK2/Ada-SPARK-String-Compression,20264003,23,B,replace variable Input,hidden,stillborn,,
compression/SPARK2/Ada-SPARK-String-Compression,20264003,24,B,replace variable Write,hidden,killed,,
compression/SPARK2/Ada-SPARK-String-Compression,20264003,25,alt,delete statement,hidden,killed,,
compression/SPARK2/Ada-SPARK-String-Compression,20264003,26,ho,std pair,hidden,killed,,
compression/SPARK2/Ada-SPARK-String-Compression,20264003,27,B,replace variable Output,hidden,stillborn,,
compression/SPARK2/Ada-SPARK-String-Compression,20264003,28,C,actual off-by-one -1,hidden,killed,,
compression/SPARK2/Ada-SPARK-String-Compression,20264003,29,B,replace variable Write,hidden,stillborn,,
compression/SPARK2/Ada-SPARK-String-Compression,20264003,30,B,replace variable Counts,hidden,stillborn,,
compression/SPARK2/Ada-SPARK-String-Compression,20264003,31,B,replace variable Counts,hidden,stillborn,,
compression/SPARK2/Ada-SPARK-String-Compression,20264003,32,B,replace variable Write,hidden,stillborn,,
compression/SPARK2/Ada-SPARK-String-Compression,20264003,33,B,replace variable Write,hidden,stillborn,,
compression/SPARK2/Ada-SPARK-String-Compression,20264003,34,B,replace variable Input,hidden,stillborn,,
compression/SPARK2/Ada-SPARK-String-Compression,20264003,35,B,replace variable Counts,hidden,stillborn,,
compression/SPARK2/Ada-SPARK-String-Compression,20264003,36,B,replace variable I,hidden,stillborn,,
compression/SPARK2/Ada-SPARK-String-Compression,20264003,37,B,replace variable Length,hidden,stillborn,,
compression/SPARK2/Ada-SPARK-String-Compression,20264003,38,B,replace variable I,hidden,killed,,
compression/SPARK2/Ada-SPARK-String-Compression,20264003,39,alt,delete statement,hidden,killed,,
compression/SPARK2/Ada-SPARK-String-Compression,20264003,40,ho,std pair,hidden,killed,,
compression/SPARK2/Ada-SPARK-String-Compression,20264003,41,B,replace variable Counts,hidden,stillborn,,
compression/SPARK2/Ada-SPARK-String-Compression,20264003,42,C,actual off-by-one +1,hidden,killed,,
compression/SPARK2/Ada-SPARK-String-Compression,20264003,43,B,replace variable Write,hidden,killed,proof,proof_fail
compression/SPARK2/Ada-SPARK-String-Compression,20264003,44,alt,delete statement,hidden,killed,proof,proof_fail
compression/SPARK2/Ada-SPARK-String-Compression,20264003,45,ho,std pair,hidden,killed,,
compression/SPARK2/Ada-SPARK-String-Compression,20264003,46,B,replace variable Write,hidden,killed,,
compression/SPARK2/Ada-SPARK-String-Compression,20264003,47,C,actual off-by-one +1,hidden,killed,,
compression/SPARK2/Ada-SPARK-String-Compression,20264003,48,alt,constant 0,hidden,equivalent,,proved
compression/SPARK2/Ada-SPARK-String-Compression,20264003,49,ho,std pair,hidden,killed,,
compression/SPARK2/Ada-SPARK-String-Compression,20264003,50,B,replace variable I,hidden,stillborn,,
compression/SPARK2/Ada-SPARK-String-Compression,20264003,51,C,actual off-by-one +1,hidden,killed,,
compression/SPARK2/Ada-SPARK-String-Compression,20264003,52,B,replace variable Write,hidden,stillborn,,
compression/SPARK2/Ada-SPARK-String-Compression,20264003,53,B,replace variable Length,hidden,stillborn,,
compression/SPARK2/Ada-SPARK-String-Compression,20264003,54,B,replace variable Output,hidden,stillborn,,
compression/SPARK2/Ada-SPARK-String-Compression,20264003,55,B,replace variable Write,hidden,stillborn,,
compression/SPARK2/Ada-SPARK-String-Compression,20264003,56,B,replace variable Write,hidden,killed,,
compression/SPARK2/Ada-SPARK-String-Compression,20264003,57,alt,delete statement,hidden,killed,,
compression/SPARK2/Ada-SPARK-String-Compression,20264003,58,ho,std pair,hidden,killed,,
compression/SPARK2/Ada-SPARK-String-Compression,20264003,59,B,replace variable Output,hidden,stillborn,,
compression/SPARK2/Ada-SPARK-String-Compression,20264003,60,C,actual off-by-one +1,hidden,killed,,
compression/SPARK2/Ada-SPARK-String-Compression,20264003,61,B,replace variable Write,hidden,stillborn,,
compression/SPARK2/Ada-SPARK-String-Compression,20264003,62,B,replace variable Counts,hidden,stillborn,,
compression/SPARK2/Ada-SPARK-String-Compression,20264003,63,B,replace variable Output,hidden,stillborn,,
compression/SPARK2/Ada-SPARK-String-Compression,20264003,64,B,replace variable Counts,hidden,stillborn,,
compression/SPARK2/Ada-SPARK-String-Compression,20264003,65,B,replace variable Write,hidden,stillborn,,
compression/SPARK2/Ada-SPARK-String-Compression,20264003,66,B,replace variable Write,hidden,stillborn,,
compression/SPARK2/Ada-SPARK-String-Compression,20264003,67,B,replace variable Write,hidden,stillborn,,
compression/SPARK2/Ada-SPARK-String-Compression,20264003,68,B,replace variable Write,hidden,stillborn,,
compression/SPARK2/Ada-SPARK-String-Compression,20264003,69,B,replace variable Write,hidden,stillborn,,
compression/SPARK2/Ada-SPARK-String-Compression,20264003,70,B,replace variable Counts,hidden,stillborn,,
compression/SPARK2/Ada-SPARK-String-Compression,20264003,71,B,replace variable I,hidden,stillborn,,
compression/SPARK2/Ada-SPARK-String-Compression,20264003,72,B,replace variable Write,hidden,stillborn,,
compression/SPARK2/Ada-SPARK-String-Compression,20264003,73,B,replace variable Input,hidden,equivalent,,proved
compression/SPARK2/Ada-SPARK-String-Compression,20264003,74,alt,constant 1,hidden,killed,,
compression/SPARK2/Ada-SPARK-String-Compression,20264003,75,ho,std pair,hidden,killed,,
compression/SPARK2/Ada-SPARK-String-Compression,20264003,76,B,replace variable I,hidden,killed,,
compression/SPARK2/Ada-SPARK-String-Compression,20264003,77,C,actual off-by-one -1,hidden,killed,,
compression/SPARK2/Ada-SPARK-String-Compression,20264003,78,alt,constant 1,hidden,killed,,
compression/SPARK2/Ada-SPARK-String-Compression,20264003,79,ho,std pair,hidden,killed,,
compression/SPARK2/Ada-SPARK-String-Compression,20264003,80,B,replace variable Counts,hidden,stillborn,,
compression/SPARK2/Ada-SPARK-String-Compression,20264003,81,C,actual off-by-one -1,hidden,killed,,
compression/SPARK2/Ada-SPARK-String-Compression,20264003,82,B,replace variable Input,hidden,stillborn,,
compression/SPARK2/Ada-SPARK-String-Compression,20264003,83,B,replace variable I,hidden,killed,,
compression/SPARK2/Ada-SPARK-String-Compression,20264003,84,alt,constant 32,hidden,killed,,
compression/SPARK2/Ada-SPARK-String-Compression,20264003,85,ho,std pair,hidden,killed,proof,proof_fail
compression/SPARK2/Ada-SPARK-String-Compression,20264003,86,B,replace variable Length,hidden,stillborn,,
compression/SPARK2/Ada-SPARK-String-Compression,20264003,87,C,actual off-by-one -1,hidden,killed,,
compression/SPARK2/Ada-SPARK-String-Compression,20264003,88,B,replace variable Counts,hidden,stillborn,,
compression/SPARK2/Ada-SPARK-String-Compression,20264003,89,B,replace variable Input,hidden,stillborn,,
compression/SPARK2/Ada-SPARK-String-Compression,20264003,90,B,replace variable Input,hidden,stillborn,,
compression/SPARK2/Ada-SPARK-String-Compression,20264003,91,B,replace variable I,hidden,killed,,
compression/SPARK2/Ada-SPARK-String-Compression,20264003,92,alt,constant 1,hidden,killed,,
compression/SPARK2/Ada-SPARK-String-Compression,20264003,93,ho,std pair,hidden,killed,,
compression/SPARK2/Ada-SPARK-String-Compression,20264003,94,C,actual off-by-one -1,hidden,killed,,
compression/SPARK2/Ada-SPARK-String-Compression,20264003,95,ho,std pair,hidden,killed,,
compression/SPARK2/Ada-SPARK-String-Compression,20264003,96,C,actual off-by-one -1,hidden,killed,,
compression/SPARK2/Ada-SPARK-String-Compression,20264003,97,ho,std pair,hidden,killed,,
compression/SPARK2/Ada-SPARK-String-Compression,20264003,98,C,actual off-by-one -1,hidden,killed,,
compression/SPARK2/Ada-SPARK-String-Compression,20264003,99,ho,std pair,hidden,killed,,
compression/SPARK2/Ada-SPARK-String-Compression,20264003,100,C,actual off-by-one +1,hidden,killed,,
compression/SPARK2/Burrows-Wheeler-Transform,20264004,0,alt,constant 1,hidden,killed,,
compression/SPARK2/Burrows-Wheeler-Transform,20264004,1,ho,std pair,hidden,killed,,
compression/SPARK2/Burrows-Wheeler-Transform,20264004,2,B,replace variable Position,hidden,stillborn,,
compression/SPARK2/Burrows-Wheeler-Transform,20264004,3,C,'First +-1,hidden,killed,,
compression/SPARK2/Burrows-Wheeler-Transform,20264004,4,B,replace variable R,hidden,stillborn,,
compression/SPARK2/Burrows-Wheeler-Transform,20264004,5,B,replace variable Input,hidden,stillborn,,
compression/SPARK2/Burrows-Wheeler-Transform,20264004,6,B,replace variable Position,hidden,stillborn,,
compression/SPARK2/Burrows-Wheeler-Transform,20264004,7,B,replace variable Decided,hidden,stillborn,,
compression/SPARK2/Burrows-Wheeler-Transform,20264004,8,B,replace variable Input,hidden,stillborn,,
compression/SPARK2/Burrows-Wheeler-Transform,20264004,9,B,replace variable Input,hidden,stillborn,,
compression/SPARK2/Burrows-Wheeler-Transform,20264004,10,B,replace variable R,hidden,stillborn,,
compression/SPARK2/Burrows-Wheeler-Transform,20264004,11,B,replace variable Offset,hidden,stillborn,,
compression/SPARK2/Burrows-Wheeler-Transform,20264004,12,B,replace variable Position,hidden,stillborn,,
compression/SPARK2/Burrows-Wheeler-Transform,20264004,13,B,replace variable Less,hidden,stillborn,,
compression/SPARK2/Burrows-Wheeler-Transform,20264004,14,B,replace variable R,hidden,stillborn,,
compression/SPARK2/Burrows-Wheeler-Transform,20264004,15,B,replace variable Position,hidden,stillborn,,
compression/SPARK2/Burrows-Wheeler-Transform,20264004,16,B,replace variable Position,hidden,stillborn,,
compression/SPARK2/Burrows-Wheeler-Transform,20264004,17,B,replace variable Position,hidden,stillborn,,
compression/SPARK2/Burrows-Wheeler-Transform,20264004,18,B,replace variable Position,hidden,stillborn,,
compression/SPARK2/Burrows-Wheeler-Transform,20264004,19,B,replace variable L,hidden,stillborn,,
compression/SPARK2/Burrows-Wheeler-Transform,20264004,20,B,replace variable Decided,hidden,stillborn,,
compression/SPARK2/Burrows-Wheeler-Transform,20264004,21,B,replace variable R,hidden,stillborn,,
compression/SPARK2/Burrows-Wheeler-Transform,20264004,22,B,replace variable L,hidden,stillborn,,
compression/SPARK2/Burrows-Wheeler-Transform,20264004,23,B,replace variable Input,hidden,stillborn,,
compression/SPARK2/Burrows-Wheeler-Transform,20264004,24,B,replace variable Input,hidden,stillborn,,
compression/SPARK2/Burrows-Wheeler-Transform,20264004,25,B,replace variable L,hidden,stillborn,,
compression/SPARK2/Burrows-Wheeler-Transform,20264004,26,B,replace variable Position,hidden,stillborn,,
compression/SPARK2/Burrows-Wheeler-Transform,20264004,27,B,replace variable R,hidden,killed,,
compression/SPARK2/Burrows-Wheeler-Transform,20264004,28,alt,constant 0,hidden,killed,,
compression/SPARK2/Burrows-Wheeler-Transform,20264004,29,ho,std pair,hidden,killed,,
compression/SPARK2/Burrows-Wheeler-Transform,20264004,30,B,replace variable L,hidden,stillborn,,
compression/SPARK2/Burrows-Wheeler-Transform,20264004,31,C,actual off-by-one +1,hidden,killed,,
compression/SPARK2/Burrows-Wheeler-Transform,20264004,32,B,replace variable Offset,hidden,stillborn,,
compression/SPARK2/Burrows-Wheeler-Transform,20264004,33,B,replace variable L,hidden,stillborn,,
compression/SPARK2/Burrows-Wheeler-Transform,20264004,34,B,replace variable Input,hidden,stillborn,,
compression/SPARK2/Burrows-Wheeler-Transform,20264004,35,B,replace variable Offset,hidden,stillborn,,
compression/SPARK2/Burrows-Wheeler-Transform,20264004,36,B,replace variable Less,hidden,stillborn,,
compression/SPARK2/Burrows-Wheeler-Transform,20264004,37,B,replace variable Less,hidden,stillborn,,
compression/SPARK2/Burrows-Wheeler-Transform,20264004,38,B,replace variable Less,hidden,killed,,
compression/SPARK2/Burrows-Wheeler-Transform,20264004,39,alt,constant 1,hidden,killed,,
compression/SPARK2/Burrows-Wheeler-Transform,20264004,40,ho,std pair,hidden,killed,,
compression/SPARK2/Burrows-Wheeler-Transform,20264004,41,B,replace variable L,hidden,killed,,
compression/SPARK2/Burrows-Wheeler-Transform,20264004,42,alt,delete statement,hidden,killed,,
compression/SPARK2/Burrows-Wheeler-Transform,20264004,43,ho,std pair,hidden,killed,,
compression/SPARK2/Burrows-Wheeler-Transform,20264004,44,B,replace variable L,hidden,stillborn,,
compression/SPARK2/Burrows-Wheeler-Transform,20264004,45,B,replace variable Less,hidden,killed,,
compression/SPARK2/Burrows-Wheeler-Transform,20264004,46,alt,constant 1,hidden,equivalent,,proved
compression/SPARK2/Burrows-Wheeler-Transform,20264004,47,ho,std pair,hidden,killed,,
compression/SPARK2/Burrows-Wheeler-Transform,20264004,48,B,replace variable Offset,hidden,stillborn,,
compression/SPARK2/Burrows-Wheeler-Transform,20264004,49,B,replace variable Position,hidden,stillborn,,
compression/SPARK2/Burrows-Wheeler-Transform,20264004,50,B,replace variable Position,hidden,stillborn,,
compression/SPARK2/Burrows-Wheeler-Transform,20264004,51,B,replace variable Offset,hidden,stillborn,,
compression/SPARK2/Burrows-Wheeler-Transform,20264004,52,B,replace variable Decided,hidden,stillborn,,
compression/SPARK2/Burrows-Wheeler-Transform,20264004,53,B,replace variable Decided,hidden,stillborn,,
compression/SPARK2/Burrows-Wheeler-Transform,20264004,54,B,replace variable Position,hidden,stillborn,,
compression/SPARK2/Burrows-Wheeler-Transform,20264004,55,B,replace variable L,hidden,stillborn,,
compression/SPARK2/Burrows-Wheeler-Transform,20264004,56,B,replace variable Position,hidden,stillborn,,
compression/SPARK2/Burrows-Wheeler-Transform,20264004,57,B,replace variable Position,hidden,stillborn,,
compression/SPARK2/Burrows-Wheeler-Transform,20264004,58,B,replace variable Input,hidden,stillborn,,
compression/SPARK2/Burrows-Wheeler-Transform,20264004,59,B,replace variable Input,hidden,stillborn,,
compression/SPARK2/Burrows-Wheeler-Transform,20264004,60,B,replace variable Offset,hidden,stillborn,,
compression/SPARK2/Burrows-Wheeler-Transform,20264004,61,B,replace variable Offset,hidden,killed,,
compression/SPARK2/Burrows-Wheeler-Transform,20264004,62,alt,delete statement,hidden,equivalent,,proved
compression/SPARK2/Burrows-Wheeler-Transform,20264004,63,ho,std pair,hidden,killed,,
compression/SPARK2/Burrows-Wheeler-Transform,20264004,64,B,replace variable Decided,hidden,stillborn,,
compression/SPARK2/Burrows-Wheeler-Transform,20264004,65,B,return value + 1,hidden,stillborn,,
compression/SPARK2/Burrows-Wheeler-Transform,20264004,66,B,replace variable R,hidden,stillborn,,
compression/SPARK2/Burrows-Wheeler-Transform,20264004,67,B,replace variable Decided,hidden,stillborn,,
compression/SPARK2/Burrows-Wheeler-Transform,20264004,68,B,replace variable Offset,hidden,stillborn,,
compression/SPARK2/Burrows-Wheeler-Transform,20264004,69,B,replace variable Decided,hidden,stillborn,,
compression/SPARK2/Burrows-Wheeler-Transform,20264004,70,B,replace variable L,hidden,stillborn,,
compression/SPARK2/Burrows-Wheeler-Transform,20264004,71,B,replace variable Input,hidden,stillborn,,
compression/SPARK2/Burrows-Wheeler-Transform,20264004,72,B,replace variable Less,hidden,stillborn,,
compression/SPARK2/Burrows-Wheeler-Transform,20264004,73,B,replace variable Offset,hidden,stillborn,,
compression/SPARK2/Burrows-Wheeler-Transform,20264004,74,B,replace variable Position,hidden,stillborn,,
compression/SPARK2/Burrows-Wheeler-Transform,20264004,75,B,replace variable Position,hidden,stillborn,,
compression/SPARK2/Burrows-Wheeler-Transform,20264004,76,B,replace variable Offset,hidden,stillborn,,
compression/SPARK2/Burrows-Wheeler-Transform,20264004,77,B,replace variable Position,hidden,stillborn,,
compression/SPARK2/Burrows-Wheeler-Transform,20264004,78,B,replace variable Position,hidden,stillborn,,
compression/SPARK2/Burrows-Wheeler-Transform,20264004,79,B,replace variable Position,hidden,stillborn,,
compression/SPARK2/Burrows-Wheeler-Transform,20264004,80,B,replace variable Less,hidden,stillborn,,
compression/SPARK2/Burrows-Wheeler-Transform,20264004,81,B,replace variable R,hidden,stillborn,,
compression/SPARK2/Burrows-Wheeler-Transform,20264004,82,B,replace variable Less,hidden,stillborn,,
compression/SPARK2/Burrows-Wheeler-Transform,20264004,83,B,replace variable Position,hidden,stillborn,,
compression/SPARK2/Burrows-Wheeler-Transform,20264004,84,B,replace variable R,hidden,stillborn,,
compression/SPARK2/Burrows-Wheeler-Transform,20264004,85,B,replace variable Position,hidden,stillborn,,
compression/SPARK2/Burrows-Wheeler-Transform,20264004,86,B,replace variable Decided,hidden,stillborn,,
compression/SPARK2/Burrows-Wheeler-Transform,20264004,87,B,replace variable Decided,hidden,stillborn,,
compression/SPARK2/Burrows-Wheeler-Transform,20264004,88,B,replace variable Decided,hidden,stillborn,,
compression/SPARK2/Burrows-Wheeler-Transform,20264004,89,B,replace variable Less,hidden,stillborn,,
compression/SPARK2/Burrows-Wheeler-Transform,20264004,90,B,replace variable Input,hidden,stillborn,,
compression/SPARK2/Burrows-Wheeler-Transform,20264004,91,B,replace variable Position,hidden,stillborn,,
compression/SPARK2/Burrows-Wheeler-Transform,20264004,92,alt,delete statement,hidden,killed,,
compression/SPARK2/Burrows-Wheeler-Transform,20264004,93,ho,std pair,hidden,killed,,
compression/SPARK2/Burrows-Wheeler-Transform,20264004,94,alt,delete statement,hidden,killed,,
compression/SPARK2/Burrows-Wheeler-Transform,20264004,95,alt,constant 1,hidden,killed,,
geometry/SPARK2/Ada-SPARK-Convex-Hull-Graham,20264005,0,alt,constant 1,hidden,killed,,
geometry/SPARK2/Ada-SPARK-Convex-Hull-Graham,20264005,1,ho,std pair,hidden,killed,,
geometry/SPARK2/Ada-SPARK-Convex-Hull-Graham,20264005,2,B,replace variable Top,hidden,stillborn,,
geometry/SPARK2/Ada-SPARK-Convex-Hull-Graham,20264005,3,C,actual off-by-one -1,hidden,killed,,
geometry/SPARK2/Ada-SPARK-Convex-Hull-Graham,20264005,4,B,replace variable A,hidden,killed,,
geometry/SPARK2/Ada-SPARK-Convex-Hull-Graham,20264005,5,alt,constant 1,hidden,killed,,
geometry/SPARK2/Ada-SPARK-Convex-Hull-Graham,20264005,6,ho,std pair,hidden,killed,,
geometry/SPARK2/Ada-SPARK-Convex-Hull-Graham,20264005,7,B,replace variable Top,hidden,stillborn,,
geometry/SPARK2/Ada-SPARK-Convex-Hull-Graham,20264005,8,C,actual off-by-one +1,hidden,stillborn,,
geometry/SPARK2/Ada-SPARK-Convex-Hull-Graham,20264005,9,B,replace variable Hull,hidden,stillborn,,
geometry/SPARK2/Ada-SPARK-Convex-Hull-Graham,20264005,10,C,actual off-by-one +1,hidden,killed,,
geometry/SPARK2/Ada-SPARK-Convex-Hull-Graham,20264005,11,B,replace variable Top,hidden,stillborn,,
geometry/SPARK2/Ada-SPARK-Convex-Hull-Graham,20264005,12,B,replace variable I,hidden,stillborn,,
geometry/SPARK2/Ada-SPARK-Convex-Hull-Graham,20264005,13,B,replace variable Top,hidden,killed,,
geometry/SPARK2/Ada-SPARK-Convex-Hull-Graham,20264005,14,alt,constant 0,hidden,equivalent,,proved
geometry/SPARK2/Ada-SPARK-Convex-Hull-Graham,20264005,15,ho,std pair,hidden,killed,,
geometry/SPARK2/Ada-SPARK-Convex-Hull-Graham,20264005,16,B,replace variable Top,hidden,stillborn,,
geometry/SPARK2/Ada-SPARK-Convex-Hull-Graham,20264005,17,C,actual off-by-one +1,hidden,killed,,
geometry/SPARK2/Ada-SPARK-Convex-Hull-Graham,20264005,18,B,replace variable Top,hidden,stillborn,,
geometry/SPARK2/Ada-SPARK-Convex-Hull-Graham,20264005,19,B,replace variable Top,hidden,killed,,
geometry/SPARK2/Ada-SPARK-Convex-Hull-Graham,20264005,20,alt,delete statement,hidden,killed,,
geometry/SPARK2/Ada-SPARK-Convex-Hull-Graham,20264005,21,ho,std pair,hidden,killed,,
geometry/SPARK2/Ada-SPARK-Convex-Hull-Graham,20264005,22,B,replace variable Points,hidden,stillborn,,
geometry/SPARK2/Ada-SPARK-Convex-Hull-Graham,20264005,23,C,actual off-by-one -1,hidden,killed,,
geometry/SPARK2/Ada-SPARK-Convex-Hull-Graham,20264005,24,B,replace variable Hull,hidden,stillborn,,
geometry/SPARK2/Ada-SPARK-Convex-Hull-Graham,20264005,25,B,replace variable Top,hidden,stillborn,,
geometry/SPARK2/Ada-SPARK-Convex-Hull-Graham,20264005,26,B,replace variable Top,hidden,stillborn,,
geometry/SPARK2/Ada-SPARK-Convex-Hull-Graham,20264005,27,B,replace variable A,hidden,stillborn,,
geometry/SPARK2/Ada-SPARK-Convex-Hull-Graham,20264005,28,B,replace variable I,hidden,stillborn,,
geometry/SPARK2/Ada-SPARK-Convex-Hull-Graham,20264005,29,B,replace variable Top,hidden,stillborn,,
geometry/SPARK2/Ada-SPARK-Convex-Hull-Graham,20264005,30,B,replace variable Points,hidden,stillborn,,
geometry/SPARK2/Ada-SPARK-Convex-Hull-Graham,20264005,31,B,replace variable I,hidden,stillborn,,
geometry/SPARK2/Ada-SPARK-Convex-Hull-Graham,20264005,32,B,replace variable I,hidden,stillborn,,
geometry/SPARK2/Ada-SPARK-Convex-Hull-Graham,20264005,33,B,replace variable Top,hidden,killed,,
geometry/SPARK2/Ada-SPARK-Convex-Hull-Graham,20264005,34,alt,constant 0,hidden,equivalent,,proved
geometry/SPARK2/Ada-SPARK-Convex-Hull-Graham,20264005,35,ho,std pair,hidden,killed,,
geometry/SPARK2/Ada-SPARK-Convex-Hull-Graham,20264005,36,B,replace variable Top,hidden,killed,,
geometry/SPARK2/Ada-SPARK-Convex-Hull-Graham,20264005,37,C,actual off-by-one -1,hidden,stillborn,,
geometry/SPARK2/Ada-SPARK-Convex-Hull-Graham,20264005,38,C,actual off-by-one -1,hidden,stillborn,,
geometry/SPARK2/Ada-SPARK-Convex-Hull-Graham,20264005,39,C,swap first two actuals,hidden,killed,,
geometry/SPARK2/Ada-SPARK-Convex-Hull-Graham,20264005,40,alt,constant 1,hidden,killed,,
geometry/SPARK2/Ada-SPARK-Convex-Hull-Graham,20264005,41,ho,std pair,hidden,killed,,
geometry/SPARK2/Ada-SPARK-Convex-Hull-Graham,20264005,42,B,replace variable I,hidden,stillborn,,
geometry/SPARK2/Ada-SPARK-Convex-Hull-Graham,20264005,43,C,actual off-by-one +1,hidden,stillborn,,
geometry/SPARK2/Ada-SPARK-Convex-Hull-Graham,20264005,44,B,replace variable Hull,hidden,stillborn,,
geometry/SPARK2/Ada-SPARK-Convex-Hull-Graham,20264005,45,C,actual off-by-one -1,hidden,killed,,
geometry/SPARK2/Ada-SPARK-Convex-Hull-Graham,20264005,46,B,replace variable C,hidden,stillborn,,
geometry/SPARK2/Ada-SPARK-Convex-Hull-Graham,20264005,47,B,replace variable Top,hidden,stillborn,,
geometry/SPARK2/Ada-SPARK-Convex-Hull-Graham,20264005,48,B,replace variable B,hidden,stillborn,,
geometry/SPARK2/Ada-SPARK-Convex-Hull-Graham,20264005,49,B,replace variable Number_Of_Points,hidden,stillborn,,
geometry/SPARK2/Ada-SPARK-Convex-Hull-Graham,20264005,50,B,replace variable A,hidden,stillborn,,
geometry/SPARK2/Ada-SPARK-Convex-Hull-Graham,20264005,51,B,replace variable Top,hidden,killed,,
geometry/SPARK2/Ada-SPARK-Convex-Hull-Graham,20264005,52,alt,delete statement,hidden,killed,,
geometry/SPARK2/Ada-SPARK-Convex-Hull-Graham,20264005,53,ho,std pair,hidden,killed,,
geometry/SPARK2/Ada-SPARK-Convex-Hull-Graham,20264005,54,B,replace variable Hull,hidden,stillborn,,
geometry/SPARK2/Ada-SPARK-Convex-Hull-Graham,20264005,55,B,replace variable A,hidden,stillborn,,
geometry/SPARK2/Ada-SPARK-Convex-Hull-Graham,20264005,56,B,replace variable Hull,hidden,stillborn,,
geometry/SPARK2/Ada-SPARK-Convex-Hull-Graham,20264005,57,B,replace variable A,hidden,stillborn,,
geometry/SPARK2/Ada-SPARK-Convex-Hull-Graham,20264005,58,B,replace variable Hull,hidden,stillborn,,
geometry/SPARK2/Ada-SPARK-Convex-Hull-Graham,20264005,59,B,replace variable I,hidden,killed,,
geometry/SPARK2/Ada-SPARK-Convex-Hull-Graham,20264005,60,ho,std pair,hidden,killed,,
geometry/SPARK2/Ada-SPARK-Convex-Hull-Graham,20264005,61,B,replace variable Top,hidden,stillborn,,
geometry/SPARK2/Ada-SPARK-Convex-Hull-Graham,20264005,62,B,replace variable Top,hidden,stillborn,,
geometry/SPARK2/Ada-SPARK-Convex-Hull-Graham,20264005,63,B,replace variable Points,hidden,killed,,
geometry/SPARK2/Ada-SPARK-Convex-Hull-Graham,20264005,64,ho,std pair,hidden,killed,,
geometry/SPARK2/Ada-SPARK-Convex-Hull-Graham,20264005,65,B,replace variable Top,hidden,stillborn,,
geometry/SPARK2/Ada-SPARK-Convex-Hull-Graham,20264005,66,B,replace variable Hull,hidden,stillborn,,
geometry/SPARK2/Ada-SPARK-Convex-Hull-Graham,20264005,67,B,replace variable A,hidden,stillborn,,
geometry/SPARK2/Ada-SPARK-Convex-Hull-Graham,20264005,68,B,replace variable Top,hidden,stillborn,,
geometry/SPARK2/Ada-SPARK-Convex-Hull-Graham,20264005,69,B,replace variable Points,hidden,stillborn,,
geometry/SPARK2/Ada-SPARK-Convex-Hull-Graham,20264005,70,B,replace variable Points,hidden,stillborn,,
geometry/SPARK2/Ada-SPARK-Convex-Hull-Graham,20264005,71,B,replace variable Hull,hidden,stillborn,,
geometry/SPARK2/Ada-SPARK-Convex-Hull-Graham,20264005,72,B,replace variable C,hidden,stillborn,,
geometry/SPARK2/Ada-SPARK-Convex-Hull-Graham,20264005,73,B,replace variable Top,hidden,killed,,
geometry/SPARK2/Ada-SPARK-Convex-Hull-Graham,20264005,74,ho,std pair,hidden,killed,,
geometry/SPARK2/Ada-SPARK-Convex-Hull-Graham,20264005,75,B,replace variable Hull,hidden,stillborn,,
geometry/SPARK2/Ada-SPARK-Convex-Hull-Graham,20264005,76,B,replace variable A,hidden,stillborn,,
geometry/SPARK2/Ada-SPARK-Convex-Hull-Graham,20264005,77,B,replace variable I,hidden,stillborn,,
geometry/SPARK2/Ada-SPARK-Convex-Hull-Graham,20264005,78,B,replace variable Points,hidden,stillborn,,
geometry/SPARK2/Ada-SPARK-Convex-Hull-Graham,20264005,79,B,replace variable Top,hidden,stillborn,,
geometry/SPARK2/Ada-SPARK-Convex-Hull-Graham,20264005,80,B,replace variable Points,hidden,stillborn,,
geometry/SPARK2/Ada-SPARK-Convex-Hull-Graham,20264005,81,B,replace variable Top,hidden,stillborn,,
geometry/SPARK2/Ada-SPARK-Convex-Hull-Graham,20264005,82,B,replace variable Top,hidden,stillborn,,
geometry/SPARK2/Ada-SPARK-Convex-Hull-Graham,20264005,83,B,replace variable Top,hidden,stillborn,,
geometry/SPARK2/Ada-SPARK-Convex-Hull-Graham,20264005,84,B,replace variable Hull,hidden,stillborn,,
geometry/SPARK2/Ada-SPARK-Convex-Hull-Graham,20264005,85,B,replace variable C,hidden,stillborn,,
geometry/SPARK2/Ada-SPARK-Convex-Hull-Graham,20264005,86,B,replace variable Top,hidden,killed,,
geometry/SPARK2/Ada-SPARK-Convex-Hull-Graham,20264005,87,ho,std pair,hidden,killed,,
geometry/SPARK2/Ada-SPARK-Convex-Hull-Graham,20264005,88,B,replace variable Hull,hidden,stillborn,,
geometry/SPARK2/Ada-SPARK-Convex-Hull-Graham,20264005,89,B,replace variable A,hidden,killed,,
geometry/SPARK2/Ada-SPARK-Convex-Hull-Graham,20264005,90,ho,std pair,hidden,killed,,
geometry/SPARK2/Ada-SPARK-Convex-Hull-Graham,20264005,91,B,replace variable Top,hidden,stillborn,,
geometry/SPARK2/Ada-SPARK-Convex-Hull-Graham,20264005,92,B,replace variable C,hidden,killed,,
geometry/SPARK2/Ada-SPARK-Convex-Hull-Graham,20264005,93,ho,std pair,hidden,killed,,
geometry/SPARK2/Ada-SPARK-Convex-Hull-Graham,20264005,94,B,replace variable Top,hidden,stillborn,,
geometry/SPARK2/Ada-SPARK-Convex-Hull-Graham,20264005,95,B,replace variable Hull,hidden,killed,,
geometry/SPARK2/Ada-SPARK-Convex-Hull-Graham,20264005,96,ho,std pair,hidden,killed,,
geometry/SPARK2/Ada-SPARK-Convex-Hull-Graham,20264005,97,B,replace variable Points,hidden,stillborn,,
geometry/SPARK2/Ada-SPARK-Convex-Hull-Graham,20264005,98,B,replace variable Top,hidden,stillborn,,
geometry/SPARK2/Ada-SPARK-Convex-Hull-Graham,20264005,99,B,replace variable I,hidden,killed,,
geometry/SPARK2/Ada-SPARK-Convex-Hull-Graham,20264005,100,ho,std pair,hidden,killed,,
geometry/SPARK2/Ada-SPARK-Convex-Hull-Graham,20264005,101,B,replace variable B,hidden,killed,,
geometry/SPARK2/Ada-SPARK-Convex-Hull-Graham,20264005,102,ho,std pair,hidden,killed,,
geometry/SPARK2/Ada-SPARK-Convex-Hull-Graham,20264005,103,B,replace variable Number_Of_Points,hidden,killed,,
geometry/SPARK2/Ada-SPARK-Convex-Hull-Graham,20264005,104,ho,std pair,hidden,killed,,
geometry/SPARK2/Ada-SPARK-Convex-Hull-Graham,20264005,105,B,replace variable A,hidden,stillborn,,
geometry/SPARK2/Ada-SPARK-Convex-Hull-Graham,20264005,106,B,replace variable C,hidden,stillborn,,
geometry/SPARK2/Ada-SPARK-Convex-Hull-Graham,20264005,107,B,replace variable A,hidden,stillborn,,
geometry/SPARK2/Ada-SPARK-Convex-Hull-Graham,20264005,108,B,replace variable B,hidden,stillborn,,
geometry/SPARK2/Ada-SPARK-Convex-Hull-Graham,20264005,109,B,replace variable B,hidden,stillborn,,
geometry/SPARK2/Ada-SPARK-Convex-Hull-Graham,20264005,110,B,replace variable Hull,hidden,stillborn,,
geometry/SPARK2/Ada-SPARK-Convex-Hull-Graham,20264005,111,B,replace variable Number_Of_Points,hidden,stillborn,,
geometry/SPARK2/Ada-SPARK-Convex-Hull-Graham,20264005,112,B,replace variable Points,hidden,killed,,
geometry/SPARK2/Ada-SPARK-Convex-Hull-Graham,20264005,113,ho,std pair,hidden,killed,,
geometry/SPARK2/Ada-SPARK-Convex-Hull-Graham,20264005,114,B,replace variable A,hidden,stillborn,,
graphs/SPARK2/Ada-SPARK-Number-Of-Islands-DFS,20264006,0,std,+,hidden,killed,,
graphs/SPARK2/Ada-SPARK-Number-Of-Islands-DFS,20264006,1,alt,constant 2,hidden,killed,,
graphs/SPARK2/Ada-SPARK-Number-Of-Islands-DFS,20264006,2,ho,std pair,hidden,stillborn,,
graphs/SPARK2/Ada-SPARK-Number-Of-Islands-DFS,20264006,3,B,replace variable Top,hidden,killed,,
graphs/SPARK2/Ada-SPARK-Number-Of-Islands-DFS,20264006,4,C,actual off-by-one +1,hidden,killed,,
graphs/SPARK2/Ada-SPARK-Number-Of-Islands-DFS,20264006,5,ho,std pair,hidden,killed,,
graphs/SPARK2/Ada-SPARK-Number-Of-Islands-DFS,20264006,6,std,-,hidden,killed,,
graphs/SPARK2/Ada-SPARK-Number-Of-Islands-DFS,20264006,7,alt,constant 2,hidden,killed,,
graphs/SPARK2/Ada-SPARK-Number-Of-Islands-DFS,20264006,8,ho,std pair,hidden,stillborn,,
graphs/SPARK2/Ada-SPARK-Number-Of-Islands-DFS,20264006,9,B,replace variable Stack_Size,hidden,killed,,
graphs/SPARK2/Ada-SPARK-Number-Of-Islands-DFS,20264006,10,C,swap first two actuals,hidden,killed,,
graphs/SPARK2/Ada-SPARK-Number-Of-Islands-DFS,20264006,11,ho,std pair,hidden,killed,,
graphs/SPARK2/Ada-SPARK-Number-Of-Islands-DFS,20264006,12,std,and then,hidden,killed,,
graphs/SPARK2/Ada-SPARK-Number-Of-Islands-DFS,20264006,13,alt,constant 3,hidden,killed,,
graphs/SPARK2/Ada-SPARK-Number-Of-Islands-DFS,20264006,14,ho,std pair,hidden,stillborn,,
graphs/SPARK2/Ada-SPARK-Number-Of-Islands-DFS,20264006,15,B,replace variable C,hidden,stillborn,,
graphs/SPARK2/Ada-SPARK-Number-Of-Islands-DFS,20264006,16,C,actual off-by-one +1,hidden,killed,,
graphs/SPARK2/Ada-SPARK-Number-Of-Islands-DFS,20264006,17,ho,std pair,hidden,stillborn,,
graphs/SPARK2/Ada-SPARK-Number-Of-Islands-DFS,20264006,18,B,replace variable C,hidden,killed,,
graphs/SPARK2/Ada-SPARK-Number-Of-Islands-DFS,20264006,19,ho,std pair,hidden,killed,,
graphs/SPARK2/Ada-SPARK-Number-Of-Islands-DFS,20264006,20,std,+ 1,hidden,killed,,
graphs/SPARK2/Ada-SPARK-Number-Of-Islands-DFS,20264006,21,alt,constant 2,hidden,killed,,
graphs/SPARK2/Ada-SPARK-Number-Of-Islands-DFS,20264006,22,ho,std pair,hidden,killed,,
graphs/SPARK2/Ada-SPARK-Number-Of-Islands-DFS,20264006,23,B,replace variable C,hidden,stillborn,,
graphs/SPARK2/Ada-SPARK-Number-Of-Islands-DFS,20264006,24,C,actual off-by-one -1,hidden,killed,,
graphs/SPARK2/Ada-SPARK-Number-Of-Islands-DFS,20264006,25,B,replace variable R,hidden,killed,,
graphs/SPARK2/Ada-SPARK-Number-Of-Islands-DFS,20264006,26,std,>,hidden,killed,,
graphs/SPARK2/Ada-SPARK-Number-Of-Islands-DFS,20264006,27,alt,constant 2,hidden,killed,,
graphs/SPARK2/Ada-SPARK-Number-Of-Islands-DFS,20264006,28,ho,std pair,hidden,stillborn,,
graphs/SPARK2/Ada-SPARK-Number-Of-Islands-DFS,20264006,29,B,replace variable R,hidden,stillborn,,
graphs/SPARK2/Ada-SPARK-Number-Of-Islands-DFS,20264006,30,C,actual off-by-one -1,hidden,killed,,
graphs/SPARK2/Ada-SPARK-Number-Of-Islands-DFS,20264006,31,ho,std pair,hidden,killed,,
graphs/SPARK2/Ada-SPARK-Number-Of-Islands-DFS,20264006,32,B,replace variable Stack_Size,hidden,stillborn,,
graphs/SPARK2/Ada-SPARK-Number-Of-Islands-DFS,20264006,33,B,replace variable Seen,hidden,stillborn,,
graphs/SPARK2/Ada-SPARK-Number-Of-Islands-DFS,20264006,34,B,replace variable Seen,hidden,stillborn,,
graphs/SPARK2/Ada-SPARK-Number-Of-Islands-DFS,20264006,35,B,replace variable R,hidden,killed,,
graphs/SPARK2/Ada-SPARK-Number-Of-Islands-DFS,20264006,36,std,- 1,hidden,killed,,
graphs/SPARK2/Ada-SPARK-Number-Of-Islands-DFS,20264006,37,alt,constant 1,hidden,equivalent,,proved
graphs/SPARK2/Ada-SPARK-Number-Of-Islands-DFS,20264006,38,ho,std pair,hidden,killed,,
graphs/SPARK2/Ada-SPARK-Number-Of-Islands-DFS,20264006,39,B,replace variable Total,hidden,stillborn,,
graphs/SPARK2/Ada-SPARK-Number-Of-Islands-DFS,20264006,40,C,actual off-by-one -1,hidden,killed,,
graphs/SPARK2/Ada-SPARK-Number-Of-Islands-DFS,20264006,41,B,replace variable Seen,hidden,stillborn,,
graphs/SPARK2/Ada-SPARK-Number-Of-Islands-DFS,20264006,42,B,replace variable Start_R,hidden,stillborn,,
graphs/SPARK2/Ada-SPARK-Number-Of-Islands-DFS,20264006,43,B,replace variable Top,hidden,stillborn,,
graphs/SPARK2/Ada-SPARK-Number-Of-Islands-DFS,20264006,44,B,replace variable Seen,hidden,stillborn,,
graphs/SPARK2/Ada-SPARK-Number-Of-Islands-DFS,20264006,45,B,replace variable Rows,hidden,stillborn,,
graphs/SPARK2/Ada-SPARK-Number-Of-Islands-DFS,20264006,46,B,replace variable Top,hidden,equivalent,,proved
graphs/SPARK2/Ada-SPARK-Number-Of-Islands-DFS,20264006,47,std,- 1,hidden,killed,,
graphs/SPARK2/Ada-SPARK-Number-Of-Islands-DFS,20264006,48,alt,constant 0,hidden,killed,,
graphs/SPARK2/Ada-SPARK-Number-Of-Islands-DFS,20264006,49,ho,std pair,hidden,killed,,
graphs/SPARK2/Ada-SPARK-Number-Of-Islands-DFS,20264006,50,B,replace variable R,hidden,stillborn,,
graphs/SPARK2/Ada-SPARK-Number-Of-Islands-DFS,20264006,51,C,actual off-by-one -1,hidden,killed,,
graphs/SPARK2/Ada-SPARK-Number-Of-Islands-DFS,20264006,52,B,replace variable C,hidden,killed,,
graphs/SPARK2/Ada-SPARK-Number-Of-Islands-DFS,20264006,53,std,- 1,hidden,killed,,
graphs/SPARK2/Ada-SPARK-Number-Of-Islands-DFS,20264006,54,alt,constant 4,hidden,killed,,
graphs/SPARK2/Ada-SPARK-Number-Of-Islands-DFS,20264006,55,ho,std pair,hidden,killed,,
graphs/SPARK2/Ada-SPARK-Number-Of-Islands-DFS,20264006,56,B,replace variable R,hidden,stillborn,,
graphs/SPARK2/Ada-SPARK-Number-Of-Islands-DFS,20264006,57,C,actual off-by-one -1,hidden,killed,,
graphs/SPARK2/Ada-SPARK-Number-Of-Islands-DFS,20264006,58,B,replace variable C,hidden,killed,,
graphs/SPARK2/Ada-SPARK-Number-Of-Islands-DFS,20264006,59,std,+ 1,hidden,killed,,
graphs/SPARK2/Ada-SPARK-Number-Of-Islands-DFS,20264006,60,alt,constant 1,hidden,killed,,
graphs/SPARK2/Ada-SPARK-Number-Of-Islands-DFS,20264006,61,ho,std pair,hidden,killed,,
graphs/SPARK2/Ada-SPARK-Number-Of-Islands-DFS,20264006,62,B,replace variable Top,hidden,stillborn,,
graphs/SPARK2/Ada-SPARK-Number-Of-Islands-DFS,20264006,63,C,actual off-by-one +1,hidden,killed,,
graphs/SPARK2/Ada-SPARK-Number-Of-Islands-DFS,20264006,64,B,replace variable C,hidden,stillborn,,
graphs/SPARK2/Ada-SPARK-Number-Of-Islands-DFS,20264006,65,B,replace variable Rows,hidden,stillborn,,
graphs/SPARK2/Ada-SPARK-Number-Of-Islands-DFS,20264006,66,B,replace variable R,hidden,killed,,
graphs/SPARK2/Ada-SPARK-Number-Of-Islands-DFS,20264006,67,std,+ 1,hidden,killed,,
graphs/SPARK2/Ada-SPARK-Number-Of-Islands-DFS,20264006,68,alt,constant 4,hidden,stillborn,,
graphs/SPARK2/Ada-SPARK-Number-Of-Islands-DFS,20264006,69,ho,std pair,hidden,stillborn,,
graphs/SPARK2/Ada-SPARK-Number-Of-Islands-DFS,20264006,70,B,replace variable Stack_Size,hidden,killed,,
graphs/SPARK2/Ada-SPARK-Number-Of-Islands-DFS,20264006,71,C,actual off-by-one +1,hidden,killed,,
matrices/SPARK2/Ada-SPARK-Gaussian-Elimination,20264007,0,alt,constant 2,hidden,killed,,
matrices/SPARK2/Ada-SPARK-Gaussian-Elimination,20264007,1,ho,std pair,hidden,killed,,
matrices/SPARK2/Ada-SPARK-Gaussian-Elimination,20264007,2,B,replace variable Augmented,hidden,stillborn,,
matrices/SPARK2/Ada-SPARK-Gaussian-Elimination,20264007,3,C,actual off-by-one -1,hidden,killed,,
matrices/SPARK2/Ada-SPARK-Gaussian-Elimination,20264007,4,B,replace variable Result,hidden,stillborn,,
matrices/SPARK2/Ada-SPARK-Gaussian-Elimination,20264007,5,B,replace variable Result,hidden,stillborn,,
matrices/SPARK2/Ada-SPARK-Gaussian-Elimination,20264007,6,B,replace variable Result,hidden,stillborn,,
matrices/SPARK2/Ada-SPARK-Gaussian-Elimination,20264007,7,B,replace variable Augmented,hidden,stillborn,,
matrices/SPARK2/Ada-SPARK-Gaussian-Elimination,20264007,8,B,replace variable Result,hidden,stillborn,,
matrices/SPARK2/Ada-SPARK-Gaussian-Elimination,20264007,9,B,replace variable Result,hidden,stillborn,,
matrices/SPARK2/Ada-SPARK-Gaussian-Elimination,20264007,10,B,replace variable Result,hidden,stillborn,,
matrices/SPARK2/Ada-SPARK-Gaussian-Elimination,20264007,11,B,replace variable Result,hidden,stillborn,,
matrices/SPARK2/Ada-SPARK-Gaussian-Elimination,20264007,12,B,replace variable C,hidden,killed,,
matrices/SPARK2/Ada-SPARK-Gaussian-Elimination,20264007,13,alt,constant 0,hidden,killed,,
matrices/SPARK2/Ada-SPARK-Gaussian-Elimination,20264007,14,ho,std pair,hidden,killed,,
matrices/SPARK2/Ada-SPARK-Gaussian-Elimination,20264007,15,B,replace variable Result,hidden,stillborn,,
matrices/SPARK2/Ada-SPARK-Gaussian-Elimination,20264007,16,C,actual off-by-one -1,hidden,killed,,
matrices/SPARK2/Ada-SPARK-Gaussian-Elimination,20264007,17,B,replace variable Result,hidden,stillborn,,
matrices/SPARK2/Ada-SPARK-Gaussian-Elimination,20264007,18,B,replace variable C,hidden,stillborn,,
matrices/SPARK2/Ada-SPARK-Gaussian-Elimination,20264007,19,B,replace variable C,hidden,stillborn,,
matrices/SPARK2/Ada-SPARK-Gaussian-Elimination,20264007,20,B,replace variable Result,hidden,stillborn,,
matrices/SPARK2/Ada-SPARK-Gaussian-Elimination,20264007,21,B,loop direction forward,hidden,equivalent,,proved
matrices/SPARK2/Ada-SPARK-Gaussian-Elimination,20264007,22,alt,constant 1,hidden,stillborn,,
matrices/SPARK2/Ada-SPARK-Gaussian-Elimination,20264007,23,ho,std pair,hidden,killed,,
matrices/SPARK2/Ada-SPARK-Gaussian-Elimination,20264007,24,B,replace variable C,hidden,killed,,
matrices/SPARK2/Ada-SPARK-Gaussian-Elimination,20264007,25,C,actual off-by-one -1,hidden,killed,,
matrices/SPARK2/Ada-SPARK-Gaussian-Elimination,20264007,26,alt,constant 1,hidden,stillborn,,
matrices/SPARK2/Ada-SPARK-Gaussian-Elimination,20264007,27,alt,constant 1,hidden,equivalent,,proved
matrices/SPARK2/Ada-SPARK-Gaussian-Elimination,20264007,28,alt,constant 2,hidden,killed,,
matrices/SPARK2/Ada-SPARK-Gaussian-Elimination,20264007,29,ho,std pair,hidden,killed,,
matrices/SPARK2/Ada-SPARK-Gaussian-Elimination,20264007,30,B,replace variable Result,hidden,stillborn,,
matrices/SPARK2/Ada-SPARK-Gaussian-Elimination,20264007,31,C,actual off-by-one +1,hidden,stillborn,,
matrices/SPARK2/Ada-SPARK-Gaussian-Elimination,20264007,32,B,replace variable C,hidden,stillborn,,
matrices/SPARK2/Ada-SPARK-Gaussian-Elimination,20264007,33,C,actual off-by-one -1,hidden,killed,,
matrices/SPARK2/Ada-SPARK-Gaussian-Elimination,20264007,34,B,loop direction forward,hidden,equivalent,,proved
matrices/SPARK2/Ada-SPARK-Gaussian-Elimination,20264007,35,alt,delete statement,hidden,killed,,
matrices/SPARK2/Ada-SPARK-Gaussian-Elimination,20264007,36,ho,std pair,hidden,killed,,
matrices/SPARK2/Ada-SPARK-Gaussian-Elimination,20264007,37,B,replace variable Pivot,hidden,stillborn,,
matrices/SPARK2/Ada-SPARK-Gaussian-Elimination,20264007,38,C,actual off-by-one -1,hidden,killed,,
matrices/SPARK2/Ada-SPARK-Gaussian-Elimination,20264007,39,B,replace variable C,hidden,killed,,
matrices/SPARK2/Ada-SPARK-Gaussian-Elimination,20264007,40,alt,constant 2,hidden,equivalent,,proved
matrices/SPARK2/Ada-SPARK-Gaussian-Elimination,20264007,41,ho,std pair,hidden,killed,,
matrices/SPARK2/Ada-SPARK-Gaussian-Elimination,20264007,42,B,replace variable C,hidden,stillborn,,
matrices/SPARK2/Ada-SPARK-Gaussian-Elimination,20264007,43,C,actual off-by-one +1,hidden,killed,,
matrices/SPARK2/Ada-SPARK-Gaussian-Elimination,20264007,44,B,replace variable C,hidden,stillborn,,
matrices/SPARK2/Ada-SPARK-Gaussian-Elimination,20264007,45,B,loop direction forward,hidden,equivalent,,proved
matrices/SPARK2/Ada-SPARK-Gaussian-Elimination,20264007,46,alt,swap arguments,hidden,killed,,
matrices/SPARK2/Ada-SPARK-Gaussian-Elimination,20264007,47,ho,std pair,hidden,killed,,
matrices/SPARK2/Ada-SPARK-Gaussian-Elimination,20264007,48,B,replace variable C,hidden,killed,,
matrices/SPARK2/Ada-SPARK-Gaussian-Elimination,20264007,49,C,actual off-by-one +1,hidden,killed,,
matrices/SPARK2/Ada-SPARK-Gaussian-Elimination,20264007,50,alt,constant 2,hidden,stillborn,,
matrices/SPARK2/Ada-SPARK-Gaussian-Elimination,20264007,51,B,replace variable C,hidden,stillborn,,
matrices/SPARK2/Ada-SPARK-Gaussian-Elimination,20264007,52,C,actual off-by-one +1,hidden,killed,,
matrices/SPARK2/Ada-SPARK-Gaussian-Elimination,20264007,53,alt,constant 2,hidden,stillborn,,
matrices/SPARK2/Ada-SPARK-Gaussian-Elimination,20264007,54,B,replace variable Augmented,hidden,stillborn,,
matrices/SPARK2/Ada-SPARK-Gaussian-Elimination,20264007,55,alt,constant 1,hidden,killed,,
matrices/SPARK2/Ada-SPARK-Gaussian-Elimination,20264007,56,B,replace variable Pivot,hidden,stillborn,,
matrices/SPARK2/Ada-SPARK-Gaussian-Elimination,20264007,57,B,replace variable Top,hidden,killed,,
matrices/SPARK2/Ada-SPARK-Gaussian-Elimination,20264007,58,B,replace variable Bottom,hidden,stillborn,,
matrices/SPARK2/Ada-SPARK-Gaussian-Elimination,20264007,59,C,actual off-by-one -1,hidden,killed,,
matrices/SPARK2/Ada-SPARK-Gaussian-Elimination,20264007,60,B,replace variable C,hidden,stillborn,,
matrices/SPARK2/Ada-SPARK-Gaussian-Elimination,20264007,61,B,replace variable Augmented,hidden,stillborn,,
matrices/SPARK2/Ada-SPARK-Gaussian-Elimination,20264007,62,B,replace variable C,hidden,stillborn,,
matrices/SPARK2/Ada-SPARK-Gaussian-Elimination,20264007,63,B,replace variable C,hidden,stillborn,,
matrices/SPARK2/Ada-SPARK-Gaussian-Elimination,20264007,64,B,replace variable Factor,hidden,stillborn,,
matrices/SPARK2/Ada-SPARK-Gaussian-Elimination,20264007,65,B,replace variable Result,hidden,stillborn,,
matrices/SPARK2/Ada-SPARK-Gaussian-Elimination,20264007,66,B,replace variable C,hidden,killed,,
matrices/SPARK2/Ada-SPARK-Gaussian-Elimination,20264007,67,B,replace variable Bottom,hidden,killed,,
matrices/SPARK2/Ada-SPARK-Gaussian-Elimination,20264007,68,C,actual off-by-one -1,hidden,killed,,
matrices/SPARK2/Ada-SPARK-Gaussian-Elimination,20264007,69,B,replace variable C,hidden,stillborn,,
matrices/SPARK2/Ada-SPARK-Gaussian-Elimination,20264007,70,C,actual off-by-one +1,hidden,killed,,
matrices/SPARK2/Ada-SPARK-Gaussian-Elimination,20264007,71,B,replace variable Augmented,hidden,stillborn,,
matrices/SPARK2/Ada-SPARK-Gaussian-Elimination,20264007,72,B,replace variable Augmented,hidden,stillborn,,
matrices/SPARK2/Ada-SPARK-Gaussian-Elimination,20264007,73,B,replace variable C,hidden,stillborn,,
matrices/SPARK2/Ada-SPARK-Gaussian-Elimination,20264007,74,B,replace variable Factor,hidden,stillborn,,
matrices/SPARK2/Ada-SPARK-Gaussian-Elimination,20264007,75,B,replace variable Result,hidden,stillborn,,
matrices/SPARK2/Ada-SPARK-Gaussian-Elimination,20264007,76,B,replace variable Augmented,hidden,stillborn,,
matrices/SPARK2/Ada-SPARK-Gaussian-Elimination,20264007,77,B,replace variable Result,hidden,stillborn,,
matrices/SPARK2/Ada-SPARK-Gaussian-Elimination,20264007,78,B,replace variable C,hidden,killed,,
matrices/SPARK2/Ada-SPARK-Gaussian-Elimination,20264007,79,B,replace variable Top,hidden,stillborn,,
matrices/SPARK2/Ada-SPARK-Gaussian-Elimination,20264007,80,C,actual off-by-one -1,hidden,killed,,
matrices/SPARK2/Ada-SPARK-Gaussian-Elimination,20264007,81,B,replace variable C,hidden,stillborn,,
matrices/SPARK2/Ada-SPARK-Gaussian-Elimination,20264007,82,B,replace variable Pivot,hidden,killed,,
matrices/SPARK2/Ada-SPARK-Gaussian-Elimination,20264007,83,B,replace variable Top,hidden,stillborn,,
matrices/SPARK2/Ada-SPARK-Gaussian-Elimination,20264007,84,C,swap first two actuals,hidden,killed,,
matrices/SPARK2/Ada-SPARK-Gaussian-Elimination,20264007,85,B,replace variable Factor,hidden,killed,,
matrices/SPARK2/Ada-SPARK-Gaussian-Elimination,20264007,86,B,replace variable Augmented,hidden,stillborn,,
matrices/SPARK2/Ada-SPARK-Gaussian-Elimination,20264007,87,C,actual off-by-one +1,hidden,stillborn,,
matrices/SPARK2/Ada-SPARK-Gaussian-Elimination,20264007,88,B,replace variable Factor,hidden,stillborn,,
matrices/SPARK2/Ada-SPARK-Gaussian-Elimination,20264007,89,C,swap first two actuals,hidden,killed,,
matrices/SPARK2/Ada-SPARK-Gaussian-Elimination,20264007,90,B,replace variable Bottom,hidden,killed,,
matrices/SPARK2/Ada-SPARK-Gaussian-Elimination,20264007,91,B,replace variable Result,hidden,stillborn,,
matrices/SPARK2/Ada-SPARK-Gaussian-Elimination,20264007,92,C,actual off-by-one -1,hidden,killed,,
matrices/SPARK2/Ada-SPARK-Gaussian-Elimination,20264007,93,B,replace variable Bottom,hidden,stillborn,,
matrices/SPARK2/Ada-SPARK-Gaussian-Elimination,20264007,94,B,replace variable Bottom,hidden,killed,,
matrices/SPARK2/Ada-SPARK-Gaussian-Elimination,20264007,95,B,replace variable Augmented,hidden,stillborn,,
matrices/SPARK2/Ada-SPARK-Gaussian-Elimination,20264007,96,C,actual off-by-one -1,hidden,killed,,
matrices/SPARK2/Ada-SPARK-Gaussian-Elimination,20264007,97,B,replace variable Augmented,hidden,killed,,
matrices/SPARK2/Ada-SPARK-Gaussian-Elimination,20264007,98,B,replace variable C,hidden,stillborn,,
matrices/SPARK2/Ada-SPARK-Gaussian-Elimination,20264007,99,C,actual off-by-one -1,hidden,killed,,
misc/SPARK2/Ada-SPARK-Beautiful-Arrangement,20264010,0,alt,constant 0,hidden,killed,,
misc/SPARK2/Ada-SPARK-Beautiful-Arrangement,20264010,1,ho,std pair,hidden,killed,,
misc/SPARK2/Ada-SPARK-Beautiful-Arrangement,20264010,2,B,replace variable I,hidden,killed,,
misc/SPARK2/Ada-SPARK-Beautiful-Arrangement,20264010,3,C,actual off-by-one -1,hidden,killed,,
misc/SPARK2/Ada-SPARK-Beautiful-Arrangement,20264010,4,alt,constant 0,hidden,killed,,
misc/SPARK2/Ada-SPARK-Beautiful-Arrangement,20264010,5,ho,std pair,hidden,killed,,
misc/SPARK2/Ada-SPARK-Beautiful-Arrangement,20264010,6,B,replace variable I,hidden,stillborn,,
misc/SPARK2/Ada-SPARK-Beautiful-Arrangement,20264010,7,C,actual off-by-one +1,hidden,killed,,
misc/SPARK2/Ada-SPARK-Beautiful-Arrangement,20264010,8,B,replace variable A,hidden,stillborn,,
misc/SPARK2/Ada-SPARK-Beautiful-Arrangement,20264010,9,B,replace variable N,hidden,stillborn,,
misc/SPARK2/Ada-SPARK-Beautiful-Arrangement,20264010,10,B,replace variable I,hidden,stillborn,,
misc/SPARK2/Ada-SPARK-Beautiful-Arrangement,20264010,11,B,return value + 1,hidden,stillborn,,
misc/SPARK2/Ada-SPARK-Beautiful-Arrangement,20264010,12,B,replace variable N,hidden,killed,,
misc/SPARK2/Ada-SPARK-Beautiful-Arrangement,20264010,13,ho,std pair,hidden,killed,,
misc/SPARK2/Ada-SPARK-Beautiful-Arrangement,20264010,14,B,replace variable A,hidden,stillborn,,
misc/SPARK2/Ada-SPARK-Beautiful-Arrangement,20264010,15,C,actual off-by-one +1,hidden,killed,,
misc/SPARK2/Ada-SPARK-Beautiful-Arrangement,20264010,16,B,replace variable N,hidden,stillborn,,
misc/SPARK2/Ada-SPARK-Beautiful-Arrangement,20264010,17,B,return value + 1,hidden,stillborn,,
misc/SPARK2/Ada-SPARK-Beautiful-Arrangement,20264010,18,B,replace variable A,hidden,stillborn,,
misc/SPARK2/Ada-SPARK-Beautiful-Arrangement,20264010,19,B,replace variable I,hidden,killed,,
misc/SPARK2/Ada-SPARK-Beautiful-Arrangement,20264010,20,ho,std pair,hidden,killed,,
misc/SPARK2/Ada-SPARK-Beautiful-Arrangement,20264010,21,B,replace variable I,hidden,stillborn,,
misc/SPARK2/Ada-SPARK-Beautiful-Arrangement,20264010,22,C,mod,hidden,equivalent,,proved
misc/SPARK2/Ada-SPARK-Beautiful-Arrangement,20264010,23,B,replace variable I,hidden,killed,,
misc/SPARK2/Ada-SPARK-Beautiful-Arrangement,20264010,24,ho,std pair,hidden,killed,,
misc/SPARK2/Ada-SPARK-Beautiful-Arrangement,20264010,25,B,loop direction forward,hidden,equivalent,,proved
misc/SPARK2/Ada-SPARK-Beautiful-Arrangement,20264010,26,C,actual off-by-one -1,hidden,killed,,
misc/SPARK2/Ada-SPARK-Beautiful-Arrangement,20264010,27,ho,std pair,hidden,killed,,
misc/SPARK2/Ada-SPARK-Beautiful-Arrangement,20264010,28,B,replace variable A,hidden,stillborn,,
misc/SPARK2/Ada-SPARK-Beautiful-Arrangement,20264010,29,B,replace variable N,hidden,stillborn,,
misc/SPARK2/Ada-SPARK-Beautiful-Arrangement,20264010,30,B,replace variable N,hidden,stillborn,,
misc/SPARK2/Ada-SPARK-Beautiful-Arrangement,20264010,31,B,replace variable I,hidden,stillborn,,
misc/SPARK2/Ada-SPARK-Beautiful-Arrangement,20264010,32,B,replace variable A,hidden,stillborn,,
misc/SPARK2/Ada-SPARK-Beautiful-Arrangement,20264010,33,B,replace variable I,hidden,killed,,
misc/SPARK2/Ada-SPARK-Beautiful-Arrangement,20264010,34,ho,std pair,hidden,killed,,
misc/SPARK2/Ada-SPARK-Beautiful-Arrangement,20264010,35,B,return value + 1,hidden,stillborn,,
misc/SPARK2/Ada-SPARK-Beautiful-Arrangement,20264010,36,B,replace variable A,hidden,stillborn,,
misc/SPARK2/Ada-SPARK-Beautiful-Arrangement,20264010,37,B,replace variable A,hidden,stillborn,,
misc/SPARK2/Ada-SPARK-Beautiful-Arrangement,20264010,38,B,return value + 1,hidden,stillborn,,
misc/SPARK2/Ada-SPARK-Beautiful-Arrangement,20264010,39,B,replace variable I,hidden,stillborn,,
misc/SPARK2/Ada-SPARK-Beautiful-Arrangement,20264010,40,B,replace variable I,hidden,stillborn,,
misc/SPARK2/Ada-SPARK-Beautiful-Arrangement,20264010,41,B,replace variable A,hidden,stillborn,,
misc/SPARK2/Ada-SPARK-Beautiful-Arrangement,20264010,42,B,replace variable I,hidden,killed,,
misc/SPARK2/Ada-SPARK-Beautiful-Arrangement,20264010,43,ho,std pair,hidden,killed,,
misc/SPARK2/Ada-SPARK-Beautiful-Arrangement,20264010,44,B,replace variable I,hidden,killed,,
misc/SPARK2/Ada-SPARK-Beautiful-Arrangement,20264010,45,ho,std pair,hidden,killed,,
misc/SPARK2/Ada-SPARK-Beautiful-Arrangement,20264010,46,B,replace variable A,hidden,stillborn,,
misc/SPARK2/Ada-SPARK-Beautiful-Arrangement,20264010,47,B,replace variable I,hidden,stillborn,,
misc/SPARK2/Ada-SPARK-Beautiful-Arrangement,20264010,48,ho,std pair,hidden,killed,,
misc/SPARK2/Ada-SPARK-Beautiful-Arrangement,20264010,49,ho,std pair,hidden,killed,,
misc/SPARK2/Ada-SPARK-Beautiful-Arrangement,20264010,50,ho,std pair,hidden,killed,,
misc/SPARK2/Ada-SPARK-Beautiful-Arrangement,20264010,51,ho,std pair,hidden,killed,,
misc/SPARK2/Ada-SPARK-Beautiful-Arrangement,20264010,52,ho,std pair,hidden,killed,,
misc/SPARK2/Ada-SPARK-Broken-Calculator,20264012,0,alt,constant 2,hidden,killed,,
misc/SPARK2/Ada-SPARK-Broken-Calculator,20264012,1,ho,std pair,hidden,killed,,
misc/SPARK2/Ada-SPARK-Broken-Calculator,20264012,2,B,replace variable T,hidden,stillborn,,
misc/SPARK2/Ada-SPARK-Broken-Calculator,20264012,3,C,mod,hidden,equivalent,,proved
misc/SPARK2/Ada-SPARK-Broken-Calculator,20264012,4,B,replace variable Ops,hidden,killed,,
misc/SPARK2/Ada-SPARK-Broken-Calculator,20264012,5,alt,constant 2,hidden,killed,,
misc/SPARK2/Ada-SPARK-Broken-Calculator,20264012,6,ho,std pair,hidden,killed,,
misc/SPARK2/Ada-SPARK-Broken-Calculator,20264012,7,B,replace variable T,hidden,killed,,
misc/SPARK2/Ada-SPARK-Broken-Calculator,20264012,8,alt,constant 1,hidden,killed,,
misc/SPARK2/Ada-SPARK-Broken-Calculator,20264012,9,ho,std pair,hidden,killed,,
misc/SPARK2/Ada-SPARK-Broken-Calculator,20264012,10,B,replace variable Start,hidden,killed,,
misc/SPARK2/Ada-SPARK-Broken-Calculator,20264012,11,alt,constant 2,hidden,killed,,
misc/SPARK2/Ada-SPARK-Broken-Calculator,20264012,12,ho,std pair,hidden,killed,,
misc/SPARK2/Ada-SPARK-Broken-Calculator,20264012,13,B,replace variable T,hidden,killed,,
misc/SPARK2/Ada-SPARK-Broken-Calculator,20264012,14,alt,constant 1,hidden,killed,,
misc/SPARK2/Ada-SPARK-Broken-Calculator,20264012,15,ho,std pair,hidden,killed,,
misc/SPARK2/Ada-SPARK-Broken-Calculator,20264012,16,B,replace variable T,hidden,killed,,
misc/SPARK2/Ada-SPARK-Broken-Calculator,20264012,17,alt,constant 2,hidden,killed,,
misc/SPARK2/Ada-SPARK-Broken-Calculator,20264012,18,ho,std pair,hidden,killed,,
misc/SPARK2/Ada-SPARK-Broken-Calculator,20264012,19,B,replace variable T,hidden,killed,,
misc/SPARK2/Ada-SPARK-Broken-Calculator,20264012,20,alt,delete statement,hidden,killed,,
misc/SPARK2/Ada-SPARK-Broken-Calculator,20264012,21,ho,std pair,hidden,killed,,
misc/SPARK2/Ada-SPARK-Broken-Calculator,20264012,22,B,replace variable Start,hidden,killed,,
misc/SPARK2/Ada-SPARK-Broken-Calculator,20264012,23,alt,delete statement,hidden,killed,,
misc/SPARK2/Ada-SPARK-Broken-Calculator,20264012,24,ho,std pair,hidden,killed,,
misc/SPARK2/Ada-SPARK-Broken-Calculator,20264012,25,B,replace variable Ops,hidden,killed,,
misc/SPARK2/Ada-SPARK-Broken-Calculator,20264012,26,alt,delete statement,hidden,killed,,
misc/SPARK2/Ada-SPARK-Broken-Calculator,20264012,27,ho,std pair,hidden,killed,,
misc/SPARK2/Ada-SPARK-Broken-Calculator,20264012,28,B,replace variable T,hidden,stillborn,,
misc/SPARK2/Ada-SPARK-Broken-Calculator,20264012,29,B,replace variable T,hidden,killed,,
misc/SPARK2/Ada-SPARK-Broken-Calculator,20264012,30,alt,delete statement,hidden,killed,,
misc/SPARK2/Ada-SPARK-Broken-Calculator,20264012,31,ho,std pair,hidden,killed,,
misc/SPARK2/Ada-SPARK-Broken-Calculator,20264012,32,B,replace variable T,hidden,stillborn,,
misc/SPARK2/Ada-SPARK-Broken-Calculator,20264012,33,B,replace variable T,hidden,killed,,
misc/SPARK2/Ada-SPARK-Broken-Calculator,20264012,34,ho,std pair,hidden,killed,,
misc/SPARK2/Ada-SPARK-Broken-Calculator,20264012,35,B,replace variable Start,hidden,killed,,
misc/SPARK2/Ada-SPARK-Broken-Calculator,20264012,36,ho,std pair,hidden,killed,,
misc/SPARK2/Ada-SPARK-Broken-Calculator,20264012,37,B,replace variable T,hidden,killed,,
misc/SPARK2/Ada-SPARK-Broken-Calculator,20264012,38,ho,std pair,hidden,killed,,
misc/SPARK2/Ada-SPARK-Broken-Calculator,20264012,39,B,replace variable T,hidden,stillborn,,
misc/SPARK2/Ada-SPARK-Broken-Calculator,20264012,40,B,replace variable T,hidden,killed,,
misc/SPARK2/Ada-SPARK-Broken-Calculator,20264012,41,ho,std pair,hidden,killed,,
misc/SPARK2/Ada-SPARK-Broken-Calculator,20264012,42,B,replace variable T,hidden,stillborn,,
misc/SPARK2/Ada-SPARK-Broken-Calculator,20264012,43,B,replace variable T,hidden,killed,,
misc/SPARK2/Ada-SPARK-Broken-Calculator,20264012,44,ho,std pair,hidden,killed,,
misc/SPARK2/Ada-SPARK-Broken-Calculator,20264012,45,B,replace variable T,hidden,stillborn,,
misc/SPARK2/Ada-SPARK-Broken-Calculator,20264012,46,B,replace variable Start,hidden,killed,,
misc/SPARK2/Ada-SPARK-Broken-Calculator,20264012,47,ho,std pair,hidden,killed,,
misc/SPARK2/Ada-SPARK-Broken-Calculator,20264012,48,B,replace variable Ops,hidden,stillborn,,
misc/SPARK2/Ada-SPARK-Broken-Calculator,20264012,49,B,replace variable Ops,hidden,stillborn,,
misc/SPARK2/Ada-SPARK-Broken-Calculator,20264012,50,B,replace variable Start,hidden,killed,,
misc/SPARK2/Ada-SPARK-Broken-Calculator,20264012,51,ho,std pair,hidden,killed,,
misc/SPARK2/Ada-SPARK-Broken-Calculator,20264012,52,B,replace variable Ops,hidden,stillborn,,
misc/SPARK2/Ada-SPARK-Broken-Calculator,20264012,53,B,replace variable T,hidden,killed,,
misc/SPARK2/Ada-SPARK-Broken-Calculator,20264012,54,ho,std pair,hidden,killed,,
misc/SPARK2/Ada-SPARK-Broken-Calculator,20264012,55,B,replace variable T,hidden,stillborn,,
misc/SPARK2/Ada-SPARK-Broken-Calculator,20264012,56,B,replace variable Ops,hidden,killed,,
misc/SPARK2/Ada-SPARK-Broken-Calculator,20264012,57,ho,std pair,hidden,killed,,
misc/SPARK2/Ada-SPARK-Broken-Calculator,20264012,58,B,replace variable Ops,hidden,killed,,
misc/SPARK2/Ada-SPARK-Coin-Change-II,20264013,0,alt,constant 1,hidden,killed,,
misc/SPARK2/Ada-SPARK-Coin-Change-II,20264013,1,ho,std pair,hidden,killed,,
misc/SPARK2/Ada-SPARK-Coin-Change-II,20264013,2,B,return value + 1,hidden,stillborn,,
misc/SPARK2/Ada-SPARK-Coin-Change-II,20264013,3,C,swap first two actuals,hidden,equivalent,,proved
misc/SPARK2/Ada-SPARK-Coin-Change-II,20264013,4,B,replace variable W,hidden,stillborn,,
misc/SPARK2/Ada-SPARK-Coin-Change-II,20264013,5,B,return value + 1,hidden,killed,,
misc/SPARK2/Ada-SPARK-Coin-Change-II,20264013,6,alt,constant 1,hidden,killed,,
misc/SPARK2/Ada-SPARK-Coin-Change-II,20264013,7,ho,std pair,hidden,killed,,
misc/SPARK2/Ada-SPARK-Coin-Change-II,20264013,8,B,replace variable Right,hidden,stillborn,,
misc/SPARK2/Ada-SPARK-Coin-Change-II,20264013,9,C,actual off-by-one +1,hidden,killed,,
misc/SPARK2/Ada-SPARK-Coin-Change-II,20264013,10,B,replace variable W,hidden,stillborn,,
misc/SPARK2/Ada-SPARK-Coin-Change-II,20264013,11,B,replace variable Right,hidden,stillborn,,
misc/SPARK2/Ada-SPARK-Coin-Change-II,20264013,12,B,replace variable C,hidden,stillborn,,
misc/SPARK2/Ada-SPARK-Coin-Change-II,20264013,13,B,replace variable Left,hidden,killed,,
misc/SPARK2/Ada-SPARK-Coin-Change-II,20264013,14,alt,delete statement,hidden,killed,,
misc/SPARK2/Ada-SPARK-Coin-Change-II,20264013,15,ho,std pair,hidden,killed,,
misc/SPARK2/Ada-SPARK-Coin-Change-II,20264013,16,B,replace variable C,hidden,stillborn,,
misc/SPARK2/Ada-SPARK-Coin-Change-II,20264013,17,C,actual off-by-one -1,hidden,killed,,
misc/SPARK2/Ada-SPARK-Coin-Change-II,20264013,18,B,replace variable W,hidden,stillborn,,
misc/SPARK2/Ada-SPARK-Coin-Change-II,20264013,19,B,replace variable Right,hidden,stillborn,,
misc/SPARK2/Ada-SPARK-Coin-Change-II,20264013,20,B,replace variable Left,hidden,stillborn,,
misc/SPARK2/Ada-SPARK-Coin-Change-II,20264013,21,B,replace variable W,hidden,stillborn,,
misc/SPARK2/Ada-SPARK-Coin-Change-II,20264013,22,B,replace variable W,hidden,stillborn,,
misc/SPARK2/Ada-SPARK-Coin-Change-II,20264013,23,B,replace variable V,hidden,stillborn,,
misc/SPARK2/Ada-SPARK-Coin-Change-II,20264013,24,B,replace variable V,hidden,stillborn,,
misc/SPARK2/Ada-SPARK-Coin-Change-II,20264013,25,B,replace variable W,hidden,stillborn,,
misc/SPARK2/Ada-SPARK-Coin-Change-II,20264013,26,B,replace variable V,hidden,stillborn,,
misc/SPARK2/Ada-SPARK-Coin-Change-II,20264013,27,B,replace variable Right,hidden,stillborn,,
misc/SPARK2/Ada-SPARK-Coin-Change-II,20264013,28,B,replace variable C,hidden,stillborn,,
misc/SPARK2/Ada-SPARK-Coin-Change-II,20264013,29,B,replace variable W,hidden,stillborn,,
misc/SPARK2/Ada-SPARK-Coin-Change-II,20264013,30,B,replace variable W,hidden,stillborn,,
misc/SPARK2/Ada-SPARK-Coin-Change-II,20264013,31,B,replace variable Left,hidden,stillborn,,
misc/SPARK2/Ada-SPARK-Coin-Change-II,20264013,32,B,replace variable C,hidden,stillborn,,
misc/SPARK2/Ada-SPARK-Coin-Change-II,20264013,33,B,replace variable V,hidden,stillborn,,
misc/SPARK2/Ada-SPARK-Coin-Change-II,20264013,34,B,replace variable V,hidden,stillborn,,
misc/SPARK2/Ada-SPARK-Coin-Change-II,20264013,35,alt,constant 1,hidden,killed,,
misc/SPARK2/Ada-SPARK-Coin-Change-II,20264013,36,C,actual off-by-one +1,hidden,killed,,
misc/SPARK2/Ada-SPARK-Coin-Change-II,20264013,37,alt,constant 0,hidden,killed,,
misc/SPARK2/Ada-SPARK-Coin-Change-II,20264013,38,C,actual off-by-one +1,hidden,killed,,
misc/SPARK2/Ada-SPARK-Coin-Change-II,20264013,39,C,actual off-by-one -1,hidden,killed,,
misc/SPARK2/Ada-SPARK-Coin-Change-II,20264013,40,C,actual off-by-one -1,hidden,killed,,
misc/SPARK2/Ada-SPARK-Coin-Change-II,20264013,41,C,actual off-by-one +1,hidden,killed,,
misc/SPARK2/Ada-SPARK-Coin-Change-II,20264013,42,C,actual off-by-one -1,hidden,killed,,
misc/SPARK2/Ada-SPARK-Coin-Change-II,20264013,43,C,actual off-by-one -1,hidden,killed,,
misc/SPARK2/Ada-SPARK-Coin-Change-II,20264013,44,C,actual off-by-one +1,hidden,killed,,
misc/SPARK2/Ada-SPARK-Coin-Change-II,20264013,45,C,actual off-by-one -1,hidden,killed,,
misc/SPARK2/Ada-SPARK-Coin-Change-II,20264013,46,C,'Last +-1,hidden,equivalent,,proved
misc/SPARK2/Ada-SPARK-Coin-Change-II,20264013,47,C,actual off-by-one +1,hidden,killed,,
misc/SPARK2/Ada-SPARK-Coin-Change-II,20264013,48,C,actual off-by-one +1,hidden,killed,,
misc/SPARK2/Ada-SPARK-Combination-Sum-III,20264014,0,alt,delete statement,hidden,killed,,
misc/SPARK2/Ada-SPARK-Combination-Sum-III,20264014,1,ho,std pair,hidden,killed,,
misc/SPARK2/Ada-SPARK-Combination-Sum-III,20264014,2,B,replace variable Bits,hidden,stillborn,,
misc/SPARK2/Ada-SPARK-Combination-Sum-III,20264014,3,B,replace variable Minimum,hidden,stillborn,,
misc/SPARK2/Ada-SPARK-Combination-Sum-III,20264014,4,B,replace variable Mask,hidden,stillborn,,
misc/SPARK2/Ada-SPARK-Combination-Sum-III,20264014,5,B,replace variable Sum,hidden,killed,,
misc/SPARK2/Ada-SPARK-Combination-Sum-III,20264014,6,alt,constant 0,hidden,killed,,
misc/SPARK2/Ada-SPARK-Combination-Sum-III,20264014,7,ho,std pair,hidden,killed,,
misc/SPARK2/Ada-SPARK-Combination-Sum-III,20264014,8,B,replace variable Found,hidden,killed,,
misc/SPARK2/Ada-SPARK-Combination-Sum-III,20264014,9,alt,constant 1,hidden,killed,,
misc/SPARK2/Ada-SPARK-Combination-Sum-III,20264014,10,ho,std pair,hidden,killed,,
misc/SPARK2/Ada-SPARK-Combination-Sum-III,20264014,11,B,replace variable D,hidden,killed,,
misc/SPARK2/Ada-SPARK-Combination-Sum-III,20264014,12,alt,constant 1,hidden,killed,,
misc/SPARK2/Ada-SPARK-Combination-Sum-III,20264014,13,ho,std pair,hidden,killed,,
misc/SPARK2/Ada-SPARK-Combination-Sum-III,20264014,14,B,replace variable N,hidden,stillborn,,
misc/SPARK2/Ada-SPARK-Combination-Sum-III,20264014,15,B,replace variable Size,hidden,stillborn,,
misc/SPARK2/Ada-SPARK-Combination-Sum-III,20264014,16,B,replace variable Bits,hidden,killed,,
misc/SPARK2/Ada-SPARK-Combination-Sum-III,20264014,17,alt,constant 2,hidden,killed,,
misc/SPARK2/Ada-SPARK-Combination-Sum-III,20264014,18,ho,std pair,hidden,killed,,
misc/SPARK2/Ada-SPARK-Combination-Sum-III,20264014,19,B,replace variable Sum,hidden,stillborn,,
misc/SPARK2/Ada-SPARK-Combination-Sum-III,20264014,20,B,replace variable Found,hidden,stillborn,,
misc/SPARK2/Ada-SPARK-Combination-Sum-III,20264014,21,B,replace variable Size,hidden,killed,,
misc/SPARK2/Ada-SPARK-Combination-Sum-III,20264014,22,alt,constant 9,hidden,killed,,
misc/SPARK2/Ada-SPARK-Combination-Sum-III,20264014,23,ho,std pair,hidden,killed,,
misc/SPARK2/Ada-SPARK-Combination-Sum-III,20264014,24,B,replace variable N,hidden,killed,,
misc/SPARK2/Ada-SPARK-Combination-Sum-III,20264014,25,alt,constant 9,hidden,killed,proof,proof_fail
misc/SPARK2/Ada-SPARK-Combination-Sum-III,20264014,26,ho,std pair,hidden,killed,,
misc/SPARK2/Ada-SPARK-Combination-Sum-III,20264014,27,B,replace variable Size,hidden,killed,,
misc/SPARK2/Ada-SPARK-Combination-Sum-III,20264014,28,alt,delete statement,hidden,killed,,
misc/SPARK2/Ada-SPARK-Combination-Sum-III,20264014,29,ho,std pair,hidden,killed,,
misc/SPARK2/Ada-SPARK-Combination-Sum-III,20264014,30,B,replace variable Found,hidden,killed,,
misc/SPARK2/Ada-SPARK-Combination-Sum-III,20264014,31,alt,constant 0,hidden,killed,,
misc/SPARK2/Ada-SPARK-Combination-Sum-III,20264014,32,ho,std pair,hidden,killed,,
misc/SPARK2/Ada-SPARK-Combination-Sum-III,20264014,33,B,replace variable Size,hidden,killed,,
misc/SPARK2/Ada-SPARK-Combination-Sum-III,20264014,34,alt,constant 2,hidden,killed,,
misc/SPARK2/Ada-SPARK-Combination-Sum-III,20264014,35,ho,std pair,hidden,killed,,
misc/SPARK2/Ada-SPARK-Combination-Sum-III,20264014,36,B,replace variable Size,hidden,stillborn,,
misc/SPARK2/Ada-SPARK-Combination-Sum-III,20264014,37,B,replace variable D,hidden,stillborn,,
misc/SPARK2/Ada-SPARK-Combination-Sum-III,20264014,38,B,loop direction forward,hidden,killed,,
misc/SPARK2/Ada-SPARK-Combination-Sum-III,20264014,39,alt,constant 511,hidden,killed,,
misc/SPARK2/Ada-SPARK-Combination-Sum-III,20264014,40,ho,std pair,hidden,killed,,
misc/SPARK2/Ada-SPARK-Combination-Sum-III,20264014,41,B,replace variable Mask,hidden,killed,,
misc/SPARK2/Ada-SPARK-Combination-Sum-III,20264014,42,alt,constant 1,hidden,killed,,
misc/SPARK2/Ada-SPARK-Combination-Sum-III,20264014,43,ho,std pair,hidden,killed,,
misc/SPARK2/Ada-SPARK-Combination-Sum-III,20264014,44,B,replace variable N,hidden,stillborn,,
misc/SPARK2/Ada-SPARK-Combination-Sum-III,20264014,45,B,replace variable N,hidden,stillborn,,
misc/SPARK2/Ada-SPARK-Combination-Sum-III,20264014,46,B,replace variable Sum,hidden,stillborn,,
misc/SPARK2/Ada-SPARK-Combination-Sum-III,20264014,47,B,replace variable Sum,hidden,stillborn,,
misc/SPARK2/Ada-SPARK-Combination-Sum-III,20264014,48,B,replace variable Maximum,hidden,killed,,
misc/SPARK2/Ada-SPARK-Combination-Sum-III,20264014,49,alt,constant 2,hidden,killed,,
misc/SPARK2/Ada-SPARK-Combination-Sum-III,20264014,50,ho,std pair,hidden,killed,,
misc/SPARK2/Ada-SPARK-Combination-Sum-III,20264014,51,B,replace variable Size,hidden,killed,,
misc/SPARK2/Ada-SPARK-Combination-Sum-III,20264014,52,ho,std pair,hidden,killed,,
misc/SPARK2/Ada-SPARK-Combination-Sum-III,20264014,53,B,replace variable Bits,hidden,killed,,
misc/SPARK2/Ada-SPARK-Combination-Sum-III,20264014,54,ho,std pair,hidden,killed,,
misc/SPARK2/Ada-SPARK-Combination-Sum-III,20264014,55,B,replace variable N,hidden,killed,,
misc/SPARK2/Ada-SPARK-Combination-Sum-III,20264014,56,ho,std pair,hidden,killed,,
misc/SPARK2/Ada-SPARK-Combination-Sum-III,20264014,57,B,replace variable Found,hidden,killed,,
misc/SPARK2/Ada-SPARK-Combination-Sum-III,20264014,58,ho,std pair,hidden,killed,,
misc/SPARK2/Ada-SPARK-Combination-Sum-III,20264014,59,B,replace variable Found,hidden,killed,,
misc/SPARK2/Ada-SPARK-Combination-Sum-III,20264014,60,ho,std pair,hidden,killed,,
misc/SPARK2/Ada-SPARK-Combination-Sum-III,20264014,61,B,replace variable N,hidden,stillborn,,
misc/SPARK2/Ada-SPARK-Combination-Sum-IV,20264015,0,alt,constant 3,hidden,killed,,
misc/SPARK2/Ada-SPARK-Combination-Sum-IV,20264015,1,ho,std pair,hidden,killed,,
misc/SPARK2/Ada-SPARK-Combination-Sum-IV,20264015,2,B,replace variable T,hidden,stillborn,,
misc/SPARK2/Ada-SPARK-Combination-Sum-IV,20264015,3,C,actual off-by-one -1,hidden,killed,,
misc/SPARK2/Ada-SPARK-Combination-Sum-IV,20264015,4,B,replace variable T,hidden,killed,,
misc/SPARK2/Ada-SPARK-Combination-Sum-IV,20264015,5,alt,constant 3,hidden,killed,,
misc/SPARK2/Ada-SPARK-Combination-Sum-IV,20264015,6,ho,std pair,hidden,killed,,
misc/SPARK2/Ada-SPARK-Combination-Sum-IV,20264015,7,B,replace variable Ways,hidden,stillborn,,
misc/SPARK2/Ada-SPARK-Combination-Sum-IV,20264015,8,C,actual off-by-one -1,hidden,killed,,
misc/SPARK2/Ada-SPARK-Combination-Sum-IV,20264015,9,B,replace variable T,hidden,stillborn,,
misc/SPARK2/Ada-SPARK-Combination-Sum-IV,20264015,10,B,replace variable Ways,hidden,stillborn,,
misc/SPARK2/Ada-SPARK-Combination-Sum-IV,20264015,11,B,replace variable T,hidden,killed,,
misc/SPARK2/Ada-SPARK-Combination-Sum-IV,20264015,12,alt,constant 2,hidden,killed,,
misc/SPARK2/Ada-SPARK-Combination-Sum-IV,20264015,13,ho,std pair,hidden,killed,,
misc/SPARK2/Ada-SPARK-Combination-Sum-IV,20264015,14,B,replace variable N,hidden,stillborn,,
misc/SPARK2/Ada-SPARK-Combination-Sum-IV,20264015,15,C,actual off-by-one -1,hidden,killed,,
misc/SPARK2/Ada-SPARK-Combination-Sum-IV,20264015,16,B,replace variable T,hidden,killed,,
misc/SPARK2/Ada-SPARK-Combination-Sum-IV,20264015,17,alt,constant 2,hidden,killed,,
misc/SPARK2/Ada-SPARK-Combination-Sum-IV,20264015,18,ho,std pair,hidden,killed,,
misc/SPARK2/Ada-SPARK-Combination-Sum-IV,20264015,19,B,replace variable N,hidden,stillborn,,
misc/SPARK2/Ada-SPARK-Combination-Sum-IV,20264015,20,C,actual off-by-one +1,hidden,killed,,
misc/SPARK2/Ada-SPARK-Combination-Sum-IV,20264015,21,B,replace variable T,hidden,stillborn,,
misc/SPARK2/Ada-SPARK-Combination-Sum-IV,20264015,22,B,replace variable N,hidden,stillborn,,
misc/SPARK2/Ada-SPARK-Combination-Sum-IV,20264015,23,B,replace variable Ways,hidden,stillborn,,
misc/SPARK2/Ada-SPARK-Combination-Sum-IV,20264015,24,B,replace variable Ways,hidden,stillborn,,
misc/SPARK2/Ada-SPARK-Combination-Sum-IV,20264015,25,B,replace variable Ways,hidden,stillborn,,
misc/SPARK2/Ada-SPARK-Combination-Sum-IV,20264015,26,B,replace variable Ways,hidden,stillborn,,
misc/SPARK2/Ada-SPARK-Combination-Sum-IV,20264015,27,B,replace variable Ways,hidden,stillborn,,
misc/SPARK2/Ada-SPARK-Combination-Sum-IV,20264015,28,B,replace variable Ways,hidden,stillborn,,
misc/SPARK2/Ada-SPARK-Combination-Sum-IV,20264015,29,B,replace variable Ways,hidden,stillborn,,
misc/SPARK2/Ada-SPARK-Combination-Sum-IV,20264015,30,B,replace variable Ways,hidden,stillborn,,
misc/SPARK2/Ada-SPARK-Combination-Sum-IV,20264015,31,B,replace variable T,hidden,stillborn,,
misc/SPARK2/Ada-SPARK-Combination-Sum-IV,20264015,32,B,replace variable T,hidden,killed,,
misc/SPARK2/Ada-SPARK-Combination-Sum-IV,20264015,33,alt,constant 2,hidden,killed,,
misc/SPARK2/Ada-SPARK-Combination-Sum-IV,20264015,34,ho,std pair,hidden,killed,,
misc/SPARK2/Ada-SPARK-Combination-Sum-IV,20264015,35,B,loop direction forward,hidden,killed,,
misc/SPARK2/Ada-SPARK-Combination-Sum-IV,20264015,36,C,actual off-by-one -1,hidden,killed,,
misc/SPARK2/Ada-SPARK-Combination-Sum-IV,20264015,37,alt,constant 1,hidden,killed,,
misc/SPARK2/Ada-SPARK-Combination-Sum-IV,20264015,38,ho,std pair,hidden,killed,,
misc/SPARK2/Ada-SPARK-Combination-Sum-IV,20264015,39,C,actual off-by-one -1,hidden,equivalent,,proved
misc/SPARK2/Ada-SPARK-Combination-Sum-IV,20264015,40,alt,constant 3,hidden,killed,,
misc/SPARK2/Ada-SPARK-Combination-Sum-IV,20264015,41,ho,std pair,hidden,killed,,
misc/SPARK2/Ada-SPARK-Combination-Sum-IV,20264015,42,C,actual off-by-one +1,hidden,killed,,
misc/SPARK2/Ada-SPARK-Combination-Sum-IV,20264015,43,alt,constant 2,hidden,killed,,
misc/SPARK2/Ada-SPARK-Combination-Sum-IV,20264015,44,ho,std pair,hidden,killed,,
misc/SPARK2/Ada-SPARK-Combination-Sum-IV,20264015,45,alt,constant 3,hidden,killed,,
misc/SPARK2/Ada-SPARK-Combination-Sum-IV,20264015,46,ho,std pair,hidden,killed,,
misc/SPARK2/Ada-SPARK-Combination-Sum-IV,20264015,47,alt,constant 2,hidden,killed,,
misc/SPARK2/Ada-SPARK-Combination-Sum-IV,20264015,48,ho,std pair,hidden,killed,,
misc/SPARK2/Ada-SPARK-Combination-Sum-IV,20264015,49,alt,constant 3,hidden,killed,,
misc/SPARK2/Ada-SPARK-Combination-Sum-IV,20264015,50,ho,std pair,hidden,killed,,
misc/SPARK2/Ada-SPARK-Combination-Sum-IV,20264015,51,alt,constant 1,hidden,equivalent,,proved
misc/SPARK2/Ada-SPARK-Combination-Sum-IV,20264015,52,ho,std pair,hidden,killed,,
misc/SPARK2/Ada-SPARK-Combination-Sum-IV,20264015,53,alt,constant 1,hidden,killed,,
misc/SPARK2/Ada-SPARK-Combination-Sum-IV,20264015,54,ho,std pair,hidden,killed,,
misc/SPARK2/Ada-SPARK-Combination-Sum-IV,20264015,55,alt,delete statement,hidden,killed,,
misc/SPARK2/Ada-SPARK-Combination-Sum-IV,20264015,56,ho,std pair,hidden,killed,,
misc/SPARK2/Ada-SPARK-Combination-Sum-IV,20264015,57,ho,std pair,hidden,killed,,
misc/SPARK2/Ada-SPARK-Combination-Sum-IV,20264015,58,ho,std pair,hidden,killed,,
misc/SPARK2/Ada-SPARK-Combination-Sum-IV,20264015,59,ho,std pair,hidden,killed,,
misc/SPARK2/Ada-SPARK-Container-With-Most-Water,20264016,0,alt,delete statement,hidden,killed,,
misc/SPARK2/Ada-SPARK-Container-With-Most-Water,20264016,1,ho,std pair,hidden,equivalent,,proved
misc/SPARK2/Ada-SPARK-Container-With-Most-Water,20264016,2,B,replace variable I,hidden,killed,,
misc/SPARK2/Ada-SPARK-Container-With-Most-Water,20264016,3,C,actual off-by-one +1,hidden,killed,,
misc/SPARK2/Ada-SPARK-Container-With-Most-Water,20264016,4,ho,std pair,hidden,killed,,
misc/SPARK2/Ada-SPARK-Container-With-Most-Water,20264016,5,B,replace variable Length,hidden,killed,,
misc/SPARK2/Ada-SPARK-Container-With-Most-Water,20264016,6,C,actual off-by-one -1,hidden,killed,,
misc/SPARK2/Ada-SPARK-Container-With-Most-Water,20264016,7,ho,std pair,hidden,equivalent,,proved
misc/SPARK2/Ada-SPARK-Container-With-Most-Water,20264016,8,B,replace variable Length,hidden,killed,,
misc/SPARK2/Ada-SPARK-Container-With-Most-Water,20264016,9,C,actual off-by-one -1,hidden,killed,,
misc/SPARK2/Ada-SPARK-Container-With-Most-Water,20264016,10,ho,std pair,hidden,killed,,
misc/SPARK2/Ada-SPARK-Container-With-Most-Water,20264016,11,B,replace variable Best,hidden,killed,,
misc/SPARK2/Ada-SPARK-Container-With-Most-Water,20264016,12,C,actual off-by-one -1,hidden,killed,,
misc/SPARK2/Ada-SPARK-Container-With-Most-Water,20264016,13,ho,std pair,hidden,killed,,
misc/SPARK2/Ada-SPARK-Container-With-Most-Water,20264016,14,B,replace variable Low,hidden,killed,,
misc/SPARK2/Ada-SPARK-Container-With-Most-Water,20264016,15,C,actual off-by-one -1,hidden,killed,,
misc/SPARK2/Ada-SPARK-Container-With-Most-Water,20264016,16,ho,std pair,hidden,killed,,
misc/SPARK2/Ada-SPARK-Container-With-Most-Water,20264016,17,B,replace variable Best,hidden,killed,,
misc/SPARK2/Ada-SPARK-Container-With-Most-Water,20264016,18,C,actual off-by-one +1,hidden,killed,,
misc/SPARK2/Ada-SPARK-Container-With-Most-Water,20264016,19,B,replace variable Width,hidden,killed,,
misc/SPARK2/Ada-SPARK-Container-With-Most-Water,20264016,20,C,actual off-by-one +1,hidden,killed,,
misc/SPARK2/Ada-SPARK-Container-With-Most-Water,20264016,21,B,replace variable Data,hidden,stillborn,,
misc/SPARK2/Ada-SPARK-Container-With-Most-Water,20264016,22,B,replace variable Best,hidden,killed,,
misc/SPARK2/Ada-SPARK-Container-With-Most-Water,20264016,23,B,replace variable Low,hidden,killed,,
misc/SPARK2/Ada-SPARK-Container-With-Most-Water,20264016,24,B,replace variable I,hidden,killed,,
misc/SPARK2/Ada-SPARK-Container-With-Most-Water,20264016,25,B,replace variable Length,hidden,killed,,
misc/SPARK2/Ada-SPARK-Container-With-Most-Water,20264016,26,B,replace variable Data,hidden,stillborn,,
misc/SPARK2/Ada-SPARK-Container-With-Most-Water,20264016,27,B,replace variable J,hidden,killed,,
misc/SPARK2/Ada-SPARK-Container-With-Most-Water,20264016,28,B,replace variable Best,hidden,killed,,
misc/SPARK2/Ada-SPARK-Container-With-Most-Water,20264016,29,B,replace variable I,hidden,stillborn,,
misc/SPARK2/Ada-SPARK-Container-With-Most-Water,20264016,30,B,replace variable I,hidden,killed,,
misc/SPARK2/Ada-SPARK-Container-With-Most-Water,20264016,31,B,replace variable I,hidden,killed,,
misc/SPARK2/Ada-SPARK-Container-With-Most-Water,20264016,32,B,replace variable Data,hidden,stillborn,,
misc/SPARK2/Ada-SPARK-Container-With-Most-Water,20264016,33,B,replace variable J,hidden,killed,,
misc/SPARK2/Ada-SPARK-Container-With-Most-Water,20264016,34,B,replace variable Width,hidden,stillborn,,
misc/SPARK2/Ada-SPARK-Container-With-Most-Water,20264016,35,B,replace variable Candidate,hidden,killed,,
misc/SPARK2/Ada-SPARK-Container-With-Most-Water,20264016,36,B,replace variable Candidate,hidden,killed,,
misc/SPARK2/Ada-SPARK-Container-With-Most-Water,20264016,37,B,replace variable Best,hidden,killed,,
misc/SPARK2/Ada-SPARK-Container-With-Most-Water,20264016,38,B,replace variable Width,hidden,killed,,
misc/SPARK2/Ada-SPARK-Container-With-Most-Water,20264016,39,B,replace variable Best,hidden,stillborn,,
misc/SPARK2/Ada-SPARK-Container-With-Most-Water,20264016,40,B,loop direction forward,hidden,killed,,
misc/SPARK2/Ada-SPARK-Container-With-Most-Water,20264016,41,B,replace variable J,hidden,killed,,
misc/SPARK2/Ada-SPARK-Container-With-Most-Water,20264016,42,B,replace variable J,hidden,stillborn,,
misc/SPARK2/Ada-SPARK-Container-With-Most-Water,20264016,43,B,replace variable J,hidden,killed,,
misc/SPARK2/Ada-SPARK-Container-With-Most-Water,20264016,44,B,replace variable J,hidden,killed,,
misc/SPARK2/Ada-SPARK-Container-With-Most-Water,20264016,45,B,replace variable Candidate,hidden,killed,,
misc/SPARK2/Ada-SPARK-Container-With-Most-Water,20264016,46,B,replace variable Data,hidden,stillborn,,
misc/SPARK2/Ada-SPARK-Container-With-Most-Water,20264016,47,B,replace variable I,hidden,stillborn,,
misc/SPARK2/Ada-SPARK-Container-With-Most-Water,20264016,48,B,replace variable Length,hidden,killed,,
misc/SPARK2/Ada-SPARK-Container-With-Most-Water,20264016,49,B,replace variable Candidate,hidden,killed,,
misc/SPARK2/Ada-SPARK-Container-With-Most-Water,20264016,50,B,replace variable Best,hidden,killed,,
misc/SPARK2/Ada-SPARK-Container-With-Most-Water,20264016,51,B,replace variable J,hidden,killed,,
misc/SPARK2/Ada-SPARK-Container-With-Most-Water,20264016,52,B,replace variable Candidate,hidden,killed,,
misc/SPARK2/Ada-SPARK-Container-With-Most-Water,20264016,53,B,replace variable I,hidden,killed,,
misc/SPARK2/Ada-SPARK-Container-With-Most-Water,20264016,54,B,replace variable Data,hidden,stillborn,,
misc/SPARK2/Ada-SPARK-Container-With-Most-Water,20264016,55,B,replace variable Low,hidden,killed,,
misc/SPARK2/Ada-SPARK-Container-With-Most-Water,20264016,56,B,replace variable Width,hidden,stillborn,,
misc/SPARK2/Ada-SPARK-Container-With-Most-Water,20264016,57,B,replace variable Length,hidden,stillborn,,
misc/SPARK2/Ada-SPARK-Container-With-Most-Water,20264016,58,B,replace variable Data,hidden,stillborn,,
misc/SPARK2/Ada-SPARK-Container-With-Most-Water,20264016,59,B,replace variable J,hidden,killed,,
misc/SPARK2/Ada-SPARK-Container-With-Most-Water,20264016,60,B,replace variable Candidate,hidden,killed,,
misc/SPARK2/Ada-SPARK-Design-Underground-System-Lite,20264019,0,alt,delete statement,hidden,killed,,
misc/SPARK2/Ada-SPARK-Design-Underground-System-Lite,20264019,1,ho,std pair,hidden,killed,,
misc/SPARK2/Ada-SPARK-Design-Underground-System-Lite,20264019,2,B,replace variable Total,hidden,killed,,
misc/SPARK2/Ada-SPARK-Design-Underground-System-Lite,20264019,3,C,actual off-by-one -1,hidden,killed,,
misc/SPARK2/Ada-SPARK-Design-Underground-System-Lite,20264019,4,alt,constant 1,hidden,killed,,
misc/SPARK2/Ada-SPARK-Design-Underground-System-Lite,20264019,5,ho,std pair,hidden,stillborn,,
misc/SPARK2/Ada-SPARK-Design-Underground-System-Lite,20264019,6,B,replace variable Total,hidden,killed,,
misc/SPARK2/Ada-SPARK-Design-Underground-System-Lite,20264019,7,C,actual off-by-one -1,hidden,killed,,
misc/SPARK2/Ada-SPARK-Design-Underground-System-Lite,20264019,8,ho,std pair,hidden,killed,,
misc/SPARK2/Ada-SPARK-Design-Underground-System-Lite,20264019,9,ho,std pair,hidden,stillborn,,
misc/SPARK2/Ada-SPARK-Design-Underground-System-Lite,20264019,10,B,replace variable Matches,hidden,equivalent,,proved
misc/SPARK2/Ada-SPARK-Design-Underground-System-Lite,20264019,11,C,actual off-by-one -1,hidden,killed,,
misc/SPARK2/Ada-SPARK-Design-Underground-System-Lite,20264019,12,ho,std pair,hidden,killed,,
misc/SPARK2/Ada-SPARK-Design-Underground-System-Lite,20264019,13,ho,std pair,hidden,killed,,
misc/SPARK2/Ada-SPARK-Design-Underground-System-Lite,20264019,14,B,replace variable Total,hidden,killed,,
misc/SPARK2/Ada-SPARK-Design-Underground-System-Lite,20264019,15,ho,std pair,hidden,stillborn,,
misc/SPARK2/Ada-SPARK-Design-Underground-System-Lite,20264019,16,B,replace variable Matches,hidden,killed,,
misc/SPARK2/Ada-SPARK-Design-Underground-System-Lite,20264019,17,ho,std pair,hidden,killed,,
misc/SPARK2/Ada-SPARK-Design-Underground-System-Lite,20264019,18,ho,std pair,hidden,stillborn,,
misc/SPARK2/Ada-SPARK-Design-Underground-System-Lite,20264019,19,B,replace variable From,hidden,killed,,
misc/SPARK2/Ada-SPARK-Design-Underground-System-Lite,20264019,20,ho,std pair,hidden,killed,,
misc/SPARK2/Ada-SPARK-Design-Underground-System-Lite,20264019,21,ho,std pair,hidden,killed,,
misc/SPARK2/Ada-SPARK-Design-Underground-System-Lite,20264019,22,B,replace variable Matches,hidden,stillborn,,
misc/SPARK2/Ada-SPARK-Design-Underground-System-Lite,20264019,23,B,return value + 1,hidden,killed,,
misc/SPARK2/Ada-SPARK-Design-Underground-System-Lite,20264019,24,ho,std pair,hidden,killed,,
misc/SPARK2/Ada-SPARK-Design-Underground-System-Lite,20264019,25,B,replace variable Total,hidden,killed,,
misc/SPARK2/Ada-SPARK-Design-Underground-System-Lite,20264019,26,ho,std pair,hidden,stillborn,,
misc/SPARK2/Ada-SPARK-Design-Underground-System-Lite,20264019,27,B,replace variable I,hidden,killed,,
misc/SPARK2/Ada-SPARK-Design-Underground-System-Lite,20264019,28,ho,std pair,hidden,killed,,
misc/SPARK2/Ada-SPARK-Design-Underground-System-Lite,20264019,29,B,replace variable I,hidden,killed,,
misc/SPARK2/Ada-SPARK-Design-Underground-System-Lite,20264019,30,B,replace variable Matches,hidden,stillborn,,
misc/SPARK2/Ada-SPARK-Dutch-National-Flag,20264020,0,alt,delete statement,hidden,killed,,
misc/SPARK2/Ada-SPARK-Dutch-National-Flag,20264020,1,ho,std pair,hidden,killed,proof,proof_fail
misc/SPARK2/Ada-SPARK-Dutch-National-Flag,20264020,2,B,replace variable Result,hidden,stillborn,,
misc/SPARK2/Ada-SPARK-Dutch-National-Flag,20264020,3,C,actual off-by-one -1,hidden,killed,,
misc/SPARK2/Ada-SPARK-Dutch-National-Flag,20264020,4,B,replace variable Left,hidden,killed,,
misc/SPARK2/Ada-SPARK-Dutch-National-Flag,20264020,5,alt,delete statement,hidden,killed,,
misc/SPARK2/Ada-SPARK-Dutch-National-Flag,20264020,6,ho,std pair,hidden,killed,,
misc/SPARK2/Ada-SPARK-Dutch-National-Flag,20264020,7,B,replace variable Left,hidden,stillborn,,
misc/SPARK2/Ada-SPARK-Dutch-National-Flag,20264020,8,C,actual off-by-one +1,hidden,killed,,
misc/SPARK2/Ada-SPARK-Dutch-National-Flag,20264020,9,B,replace variable Left,hidden,stillborn,,
misc/SPARK2/Ada-SPARK-Dutch-National-Flag,20264020,10,B,replace variable J,hidden,stillborn,,
misc/SPARK2/Ada-SPARK-Dutch-National-Flag,20264020,11,B,replace variable I,hidden,stillborn,,
misc/SPARK2/Ada-SPARK-Dutch-National-Flag,20264020,12,B,replace variable I,hidden,stillborn,,
misc/SPARK2/Ada-SPARK-Dutch-National-Flag,20264020,13,B,replace variable Left,hidden,stillborn,,
misc/SPARK2/Ada-SPARK-Dutch-National-Flag,20264020,14,B,replace variable Temporary,hidden,stillborn,,
misc/SPARK2/Ada-SPARK-Dutch-National-Flag,20264020,15,B,replace variable I,hidden,stillborn,,
misc/SPARK2/Ada-SPARK-Dutch-National-Flag,20264020,16,B,replace variable Left,hidden,killed,,
misc/SPARK2/Ada-SPARK-Dutch-National-Flag,20264020,17,alt,delete statement,hidden,killed,,
misc/SPARK2/Ada-SPARK-Dutch-National-Flag,20264020,18,B,replace variable Result,hidden,stillborn,,
misc/SPARK2/Ada-SPARK-Dutch-National-Flag,20264020,19,C,actual off-by-one +1,hidden,killed,,
misc/SPARK2/Ada-SPARK-Dutch-National-Flag,20264020,20,B,replace variable Temporary,hidden,stillborn,,
misc/SPARK2/Ada-SPARK-Dutch-National-Flag,20264020,21,B,replace variable Right,hidden,stillborn,,
misc/SPARK2/Ada-SPARK-Dutch-National-Flag,20264020,22,B,replace variable Temporary,hidden,stillborn,,
misc/SPARK2/Ada-SPARK-Dutch-National-Flag,20264020,23,B,replace variable Result,hidden,stillborn,,
misc/SPARK2/Ada-SPARK-Dutch-National-Flag,20264020,24,B,replace variable Result,hidden,stillborn,,
misc/SPARK2/Ada-SPARK-Dutch-National-Flag,20264020,25,B,replace variable Result,hidden,stillborn,,
misc/SPARK2/Ada-SPARK-Dutch-National-Flag,20264020,26,B,replace variable J,hidden,stillborn,,
misc/SPARK2/Ada-SPARK-Dutch-National-Flag,20264020,27,B,replace variable Right,hidden,stillborn,,
misc/SPARK2/Ada-SPARK-Dutch-National-Flag,20264020,28,B,replace variable Temporary,hidden,stillborn,,
misc/SPARK2/Ada-SPARK-Dutch-National-Flag,20264020,29,B,replace variable Result,hidden,stillborn,,
misc/SPARK2/Ada-SPARK-Dutch-National-Flag,20264020,30,B,replace variable Result,hidden,stillborn,,
misc/SPARK2/Ada-SPARK-Dutch-National-Flag,20264020,31,B,replace variable Result,hidden,stillborn,,
misc/SPARK2/Ada-SPARK-Dutch-National-Flag,20264020,32,B,replace variable J,hidden,killed,,
misc/SPARK2/Ada-SPARK-Dutch-National-Flag,20264020,33,B,replace variable Result,hidden,stillborn,,
misc/SPARK2/Ada-SPARK-Dutch-National-Flag,20264020,34,C,actual off-by-one +1,hidden,killed,,
misc/SPARK2/Ada-SPARK-Dutch-National-Flag,20264020,35,B,replace variable J,hidden,stillborn,,
misc/SPARK2/Ada-SPARK-Dutch-National-Flag,20264020,36,B,replace variable Right,hidden,killed,,
misc/SPARK2/Ada-SPARK-Dutch-National-Flag,20264020,37,B,replace variable I,hidden,stillborn,,
misc/SPARK2/Ada-SPARK-Dutch-National-Flag,20264020,38,C,swap first two actuals,hidden,equivalent,,proved
misc/SPARK2/Ada-SPARK-Dutch-National-Flag,20264020,39,B,replace variable J,hidden,stillborn,,
misc/SPARK2/Ada-SPARK-Dutch-National-Flag,20264020,40,B,replace variable Result,hidden,stillborn,,
misc/SPARK2/Ada-SPARK-Dutch-National-Flag,20264020,41,B,replace variable Right,hidden,stillborn,,
misc/SPARK2/Ada-SPARK-Dutch-National-Flag,20264020,42,B,replace variable I,hidden,stillborn,,
misc/SPARK2/Ada-SPARK-Dutch-National-Flag,20264020,43,B,replace variable Left,hidden,stillborn,,
misc/SPARK2/Ada-SPARK-Dutch-National-Flag,20264020,44,B,replace variable Temporary,hidden,stillborn,,
misc/SPARK2/Ada-SPARK-Dutch-National-Flag,20264020,45,B,replace variable Result,hidden,killed,,
misc/SPARK2/Ada-SPARK-Dutch-National-Flag,20264020,46,B,loop direction forward,hidden,killed,,
misc/SPARK2/Ada-SPARK-Dutch-National-Flag,20264020,47,C,actual off-by-one -1,hidden,stillborn,,
misc/SPARK2/Ada-SPARK-Dutch-National-Flag,20264020,48,C,actual off-by-one -1,hidden,killed,,
misc/SPARK2/Ada-SPARK-Dutch-National-Flag,20264020,49,B,replace variable Result,hidden,stillborn,,
misc/SPARK2/Ada-SPARK-Dutch-National-Flag,20264020,50,C,actual off-by-one -1,hidden,killed,,
misc/SPARK2/Ada-SPARK-Dutch-National-Flag,20264020,51,B,replace variable I,hidden,stillborn,,
misc/SPARK2/Ada-SPARK-Dutch-National-Flag,20264020,52,B,replace variable I,hidden,stillborn,,
misc/SPARK2/Ada-SPARK-Dutch-National-Flag,20264020,53,B,replace variable Result,hidden,stillborn,,
misc/SPARK2/Ada-SPARK-Dutch-National-Flag,20264020,54,B,replace variable I,hidden,stillborn,,
misc/SPARK2/Ada-SPARK-Dutch-National-Flag,20264020,55,B,replace variable Right,hidden,killed,,
misc/SPARK2/Ada-SPARK-Dutch-National-Flag,20264020,56,B,replace variable Temporary,hidden,stillborn,,
misc/SPARK2/Ada-SPARK-Dutch-National-Flag,20264020,57,B,replace variable Result,hidden,stillborn,,
misc/SPARK2/Ada-SPARK-Dutch-National-Flag,20264020,58,B,replace variable Result,hidden,stillborn,,
misc/SPARK2/Ada-SPARK-Dutch-National-Flag,20264020,59,B,replace variable Result,hidden,stillborn,,
misc/SPARK2/Ada-SPARK-Dutch-National-Flag,20264020,60,B,replace variable Right,hidden,killed,,
misc/SPARK2/Ada-SPARK-Dutch-National-Flag,20264020,61,B,loop direction forward,hidden,equivalent,,proved
misc/SPARK2/Ada-SPARK-Dutch-National-Flag,20264020,62,B,replace variable I,hidden,stillborn,,
misc/SPARK2/Ada-SPARK-Dutch-National-Flag,20264020,63,B,replace variable Temporary,hidden,killed,,
