folder,seed,variant,index,family,recorded,recorded_kill_kind,tests_result,mode,thin_stats
compression/SPARK2/Ada-SPARK-Interleaving-String,,full,0,alt,killed,,killed,test_check,
compression/SPARK2/Ada-SPARK-Interleaving-String,,full,3,C,killed,,killed,contract,
compression/SPARK2/Ada-SPARK-Interleaving-String,,full,4,ho,killed,,killed,runtime_error,
compression/SPARK2/Ada-SPARK-Interleaving-String,,full,5,B,killed,,killed,contract,
compression/SPARK2/Ada-SPARK-Interleaving-String,,full,6,alt,killed,,killed,test_check,
compression/SPARK2/Ada-SPARK-Interleaving-String,,full,7,ho,killed,,killed,runtime_error,
compression/SPARK2/Ada-SPARK-Interleaving-String,,full,8,B,killed,,killed,runtime_error,
compression/SPARK2/Ada-SPARK-Interleaving-String,,full,10,C,killed,,killed,runtime_error,
compression/SPARK2/Ada-SPARK-Interleaving-String,,full,11,alt,killed,,killed,contract,
compression/SPARK2/Ada-SPARK-Interleaving-String,,full,12,ho,killed,,killed,runtime_error,
compression/SPARK2/Ada-SPARK-Interleaving-String,,full,14,C,killed,,killed,contract,
compression/SPARK2/Ada-SPARK-Interleaving-String,,full,16,B,killed,,killed,contract,
compression/SPARK2/Ada-SPARK-Interleaving-String,,full,17,alt,killed,,killed,contract,
compression/SPARK2/Ada-SPARK-Interleaving-String,,full,20,C,killed,,killed,runtime_error,
compression/SPARK2/Ada-SPARK-Interleaving-String,,full,22,B,killed,,killed,contract,
compression/SPARK2/Ada-SPARK-Interleaving-String,,full,23,ho,killed,,killed,contract,
compression/SPARK2/Ada-SPARK-Interleaving-String,,full,24,alt,killed,,killed,contract,
compression/SPARK2/Ada-SPARK-Interleaving-String,,full,27,C,killed,,killed,contract,
compression/SPARK2/Ada-SPARK-Interleaving-String,,full,28,ho,killed,,killed,runtime_error,
compression/SPARK2/Ada-SPARK-Interleaving-String,,full,29,B,killed,,killed,contract,
compression/SPARK2/Ada-SPARK-Interleaving-String,,full,30,alt,killed,,killed,test_check,
compression/SPARK2/Ada-SPARK-Interleaving-String,,full,31,ho,killed,,killed,runtime_error,
compression/SPARK2/Ada-SPARK-Interleaving-String,,full,33,C,killed,,killed,contract,
compression/SPARK2/Ada-SPARK-Interleaving-String,,full,35,B,killed,,killed,contract,
compression/SPARK2/Ada-SPARK-Interleaving-String,,full,36,alt,killed,,killed,runtime_error,
compression/SPARK2/Ada-SPARK-Interleaving-String,,full,37,ho,killed,,killed,runtime_error,
compression/SPARK2/Ada-SPARK-Interleaving-String,,full,38,B,killed,,killed,contract,
compression/SPARK2/Ada-SPARK-Interleaving-String,,full,39,C,killed,,killed,contract,
compression/SPARK2/Ada-SPARK-Interleaving-String,,full,40,alt,killed,,killed,contract,
compression/SPARK2/Ada-SPARK-Interleaving-String,,full,41,ho,killed,,killed,contract,
compression/SPARK2/Ada-SPARK-Interleaving-String,,full,43,C,killed,,killed,contract,
compression/SPARK2/Ada-SPARK-Interleaving-String,,full,44,B,killed,,killed,runtime_error,
compression/SPARK2/Ada-SPARK-Interleaving-String,,full,45,alt,killed,,killed,contract,
compression/SPARK2/Ada-SPARK-Interleaving-String,,full,47,B,killed,,killed,runtime_error,
compression/SPARK2/Ada-SPARK-Interleaving-String,,full,48,C,killed,,killed,contract,
compression/SPARK2/Ada-SPARK-Interleaving-String,,full,49,ho,killed,,killed,contract,
compression/SPARK2/Ada-SPARK-Interleaving-String,,full,51,B,killed,,killed,runtime_error,
compression/SPARK2/Ada-SPARK-Interleaving-String,,full,52,C,killed,,killed,runtime_error,
compression/SPARK2/Ada-SPARK-Interleaving-String,,full,54,ho,killed,,killed,contract,
compression/SPARK2/Ada-SPARK-Interleaving-String,,full,55,ho,killed,,killed,contract,
compression/SPARK2/Ada-SPARK-Interleaving-String,,full,56,B,killed,,killed,runtime_error,
compression/SPARK2/Ada-SPARK-Interleaving-String,,full,57,C,killed,,killed,runtime_error,
compression/SPARK2/Ada-SPARK-Interleaving-String,,full,58,ho,killed,,killed,runtime_error,
compression/SPARK2/Ada-SPARK-Interleaving-String,,full,59,B,killed,,killed,contract,
compression/SPARK2/Ada-SPARK-Interleaving-String,,full,60,C,killed,,killed,test_check,
compression/SPARK2/Ada-SPARK-Interleaving-String,,full,63,ho,killed,,killed,contract,
compression/SPARK2/Ada-SPARK-Interleaving-String,,full,66,B,killed,,killed,contract,
compression/SPARK2/Ada-SPARK-Interleaving-String,,full,71,ho,killed,,killed,runtime_error,
compression/SPARK2/Ada-SPARK-Interleaving-String,,full,72,B,killed,,killed,test_check,
compression/SPARK2/Ada-SPARK-Interleaving-String,,thinned,0,alt,killed,,killed,test_check,"{""tests.adb"": [1, 2, 0], ""own_checks.adb"": [1, 0, 0]}"
compression/SPARK2/Ada-SPARK-Interleaving-String,,thinned,3,C,killed,,killed,test_check,"{""tests.adb"": [1, 2, 0], ""own_checks.adb"": [1, 0, 0]}"
compression/SPARK2/Ada-SPARK-Interleaving-String,,thinned,4,ho,killed,,killed,runtime_error,"{""tests.adb"": [1, 2, 0], ""own_checks.adb"": [1, 0, 0]}"
compression/SPARK2/Ada-SPARK-Interleaving-String,,thinned,5,B,killed,,killed,contract,"{""tests.adb"": [1, 2, 0], ""own_checks.adb"": [1, 0, 0]}"
compression/SPARK2/Ada-SPARK-Interleaving-String,,thinned,6,alt,killed,,killed,test_check,"{""tests.adb"": [1, 2, 0], ""own_checks.adb"": [1, 0, 0]}"
compression/SPARK2/Ada-SPARK-Interleaving-String,,thinned,7,ho,killed,,killed,runtime_error,"{""tests.adb"": [1, 2, 0], ""own_checks.adb"": [1, 0, 0]}"
compression/SPARK2/Ada-SPARK-Interleaving-String,,thinned,8,B,killed,,killed,runtime_error,"{""tests.adb"": [1, 2, 0], ""own_checks.adb"": [1, 0, 0]}"
compression/SPARK2/Ada-SPARK-Interleaving-String,,thinned,10,C,killed,,killed,runtime_error,"{""tests.adb"": [1, 2, 0], ""own_checks.adb"": [1, 0, 0]}"
compression/SPARK2/Ada-SPARK-Interleaving-String,,thinned,11,alt,killed,,killed,contract,"{""tests.adb"": [1, 2, 0], ""own_checks.adb"": [1, 0, 0]}"
compression/SPARK2/Ada-SPARK-Interleaving-String,,thinned,12,ho,killed,,killed,runtime_error,"{""tests.adb"": [1, 2, 0], ""own_checks.adb"": [1, 0, 0]}"
compression/SPARK2/Ada-SPARK-Interleaving-String,,thinned,14,C,killed,,killed,contract,"{""tests.adb"": [1, 2, 0], ""own_checks.adb"": [1, 0, 0]}"
compression/SPARK2/Ada-SPARK-Interleaving-String,,thinned,16,B,killed,,killed,contract,"{""tests.adb"": [1, 2, 0], ""own_checks.adb"": [1, 0, 0]}"
compression/SPARK2/Ada-SPARK-Interleaving-String,,thinned,17,alt,killed,,killed,contract,"{""tests.adb"": [1, 2, 0], ""own_checks.adb"": [1, 0, 0]}"
compression/SPARK2/Ada-SPARK-Interleaving-String,,thinned,20,C,killed,,killed,runtime_error,"{""tests.adb"": [1, 2, 0], ""own_checks.adb"": [1, 0, 0]}"
compression/SPARK2/Ada-SPARK-Interleaving-String,,thinned,22,B,killed,,killed,contract,"{""tests.adb"": [1, 2, 0], ""own_checks.adb"": [1, 0, 0]}"
compression/SPARK2/Ada-SPARK-Interleaving-String,,thinned,23,ho,killed,,killed,contract,"{""tests.adb"": [1, 2, 0], ""own_checks.adb"": [1, 0, 0]}"
compression/SPARK2/Ada-SPARK-Interleaving-String,,thinned,24,alt,killed,,killed,contract,"{""tests.adb"": [1, 2, 0], ""own_checks.adb"": [1, 0, 0]}"
compression/SPARK2/Ada-SPARK-Interleaving-String,,thinned,27,C,killed,,killed,contract,"{""tests.adb"": [1, 2, 0], ""own_checks.adb"": [1, 0, 0]}"
compression/SPARK2/Ada-SPARK-Interleaving-String,,thinned,28,ho,killed,,killed,runtime_error,"{""tests.adb"": [1, 2, 0], ""own_checks.adb"": [1, 0, 0]}"
compression/SPARK2/Ada-SPARK-Interleaving-String,,thinned,29,B,killed,,killed,contract,"{""tests.adb"": [1, 2, 0], ""own_checks.adb"": [1, 0, 0]}"
compression/SPARK2/Ada-SPARK-Interleaving-String,,thinned,30,alt,killed,,killed,test_check,"{""tests.adb"": [1, 2, 0], ""own_checks.adb"": [1, 0, 0]}"
compression/SPARK2/Ada-SPARK-Interleaving-String,,thinned,31,ho,killed,,killed,runtime_error,"{""tests.adb"": [1, 2, 0], ""own_checks.adb"": [1, 0, 0]}"
compression/SPARK2/Ada-SPARK-Interleaving-String,,thinned,33,C,killed,,killed,contract,"{""tests.adb"": [1, 2, 0], ""own_checks.adb"": [1, 0, 0]}"
compression/SPARK2/Ada-SPARK-Interleaving-String,,thinned,35,B,killed,,killed,contract,"{""tests.adb"": [1, 2, 0], ""own_checks.adb"": [1, 0, 0]}"
compression/SPARK2/Ada-SPARK-Interleaving-String,,thinned,36,alt,killed,,killed,runtime_error,"{""tests.adb"": [1, 2, 0], ""own_checks.adb"": [1, 0, 0]}"
compression/SPARK2/Ada-SPARK-Interleaving-String,,thinned,37,ho,killed,,killed,runtime_error,"{""tests.adb"": [1, 2, 0], ""own_checks.adb"": [1, 0, 0]}"
compression/SPARK2/Ada-SPARK-Interleaving-String,,thinned,38,B,killed,,killed,contract,"{""tests.adb"": [1, 2, 0], ""own_checks.adb"": [1, 0, 0]}"
compression/SPARK2/Ada-SPARK-Interleaving-String,,thinned,39,C,killed,,killed,contract,"{""tests.adb"": [1, 2, 0], ""own_checks.adb"": [1, 0, 0]}"
compression/SPARK2/Ada-SPARK-Interleaving-String,,thinned,40,alt,killed,,killed,contract,"{""tests.adb"": [1, 2, 0], ""own_checks.adb"": [1, 0, 0]}"
compression/SPARK2/Ada-SPARK-Interleaving-String,,thinned,41,ho,killed,,killed,test_check,"{""tests.adb"": [1, 2, 0], ""own_checks.adb"": [1, 0, 0]}"
compression/SPARK2/Ada-SPARK-Interleaving-String,,thinned,43,C,killed,,killed,contract,"{""tests.adb"": [1, 2, 0], ""own_checks.adb"": [1, 0, 0]}"
compression/SPARK2/Ada-SPARK-Interleaving-String,,thinned,44,B,killed,,killed,runtime_error,"{""tests.adb"": [1, 2, 0], ""own_checks.adb"": [1, 0, 0]}"
compression/SPARK2/Ada-SPARK-Interleaving-String,,thinned,45,alt,killed,,killed,contract,"{""tests.adb"": [1, 2, 0], ""own_checks.adb"": [1, 0, 0]}"
compression/SPARK2/Ada-SPARK-Interleaving-String,,thinned,47,B,killed,,killed,runtime_error,"{""tests.adb"": [1, 2, 0], ""own_checks.adb"": [1, 0, 0]}"
compression/SPARK2/Ada-SPARK-Interleaving-String,,thinned,48,C,killed,,killed,contract,"{""tests.adb"": [1, 2, 0], ""own_checks.adb"": [1, 0, 0]}"
compression/SPARK2/Ada-SPARK-Interleaving-String,,thinned,49,ho,killed,,killed,contract,"{""tests.adb"": [1, 2, 0], ""own_checks.adb"": [1, 0, 0]}"
compression/SPARK2/Ada-SPARK-Interleaving-String,,thinned,51,B,killed,,killed,runtime_error,"{""tests.adb"": [1, 2, 0], ""own_checks.adb"": [1, 0, 0]}"
compression/SPARK2/Ada-SPARK-Interleaving-String,,thinned,52,C,killed,,killed,runtime_error,"{""tests.adb"": [1, 2, 0], ""own_checks.adb"": [1, 0, 0]}"
compression/SPARK2/Ada-SPARK-Interleaving-String,,thinned,54,ho,killed,,killed,contract,"{""tests.adb"": [1, 2, 0], ""own_checks.adb"": [1, 0, 0]}"
compression/SPARK2/Ada-SPARK-Interleaving-String,,thinned,55,ho,killed,,killed,contract,"{""tests.adb"": [1, 2, 0], ""own_checks.adb"": [1, 0, 0]}"
compression/SPARK2/Ada-SPARK-Interleaving-String,,thinned,56,B,killed,,killed,runtime_error,"{""tests.adb"": [1, 2, 0], ""own_checks.adb"": [1, 0, 0]}"
compression/SPARK2/Ada-SPARK-Interleaving-String,,thinned,57,C,killed,,killed,runtime_error,"{""tests.adb"": [1, 2, 0], ""own_checks.adb"": [1, 0, 0]}"
compression/SPARK2/Ada-SPARK-Interleaving-String,,thinned,58,ho,killed,,killed,runtime_error,"{""tests.adb"": [1, 2, 0], ""own_checks.adb"": [1, 0, 0]}"
compression/SPARK2/Ada-SPARK-Interleaving-String,,thinned,59,B,killed,,killed,contract,"{""tests.adb"": [1, 2, 0], ""own_checks.adb"": [1, 0, 0]}"
compression/SPARK2/Ada-SPARK-Interleaving-String,,thinned,60,C,killed,,killed,test_check,"{""tests.adb"": [1, 2, 0], ""own_checks.adb"": [1, 0, 0]}"
compression/SPARK2/Ada-SPARK-Interleaving-String,,thinned,63,ho,killed,,killed,test_check,"{""tests.adb"": [1, 2, 0], ""own_checks.adb"": [1, 0, 0]}"
compression/SPARK2/Ada-SPARK-Interleaving-String,,thinned,66,B,killed,,killed,contract,"{""tests.adb"": [1, 2, 0], ""own_checks.adb"": [1, 0, 0]}"
compression/SPARK2/Ada-SPARK-Interleaving-String,,thinned,71,ho,killed,,killed,runtime_error,"{""tests.adb"": [1, 2, 0], ""own_checks.adb"": [1, 0, 0]}"
compression/SPARK2/Ada-SPARK-Interleaving-String,,thinned,72,B,killed,,killed,test_check,"{""tests.adb"": [1, 2, 0], ""own_checks.adb"": [1, 0, 0]}"
compression/SPARK2/Ada-SPARK-String-Compression,,full,0,alt,killed,,killed,runtime_error,
compression/SPARK2/Ada-SPARK-String-Compression,,full,1,ho,killed,,killed,runtime_error,
compression/SPARK2/Ada-SPARK-String-Compression,,full,3,C,killed,,killed,runtime_error,
compression/SPARK2/Ada-SPARK-String-Compression,,full,13,B,killed,,killed,runtime_error,
compression/SPARK2/Ada-SPARK-String-Compression,,full,14,alt,killed,proof,survived,,
compression/SPARK2/Ada-SPARK-String-Compression,,full,15,ho,killed,,killed,runtime_error,
compression/SPARK2/Ada-SPARK-String-Compression,,full,17,C,killed,,killed,contract,
compression/SPARK2/Ada-SPARK-String-Compression,,full,24,B,killed,,killed,contract,
compression/SPARK2/Ada-SPARK-String-Compression,,full,25,alt,killed,,killed,contract,
compression/SPARK2/Ada-SPARK-String-Compression,,full,26,ho,killed,,killed,runtime_error,
compression/SPARK2/Ada-SPARK-String-Compression,,full,28,C,killed,,killed,runtime_error,
compression/SPARK2/Ada-SPARK-String-Compression,,full,38,B,killed,,killed,contract,
compression/SPARK2/Ada-SPARK-String-Compression,,full,39,alt,killed,,killed,contract,
compression/SPARK2/Ada-SPARK-String-Compression,,full,40,ho,killed,,killed,runtime_error,
compression/SPARK2/Ada-SPARK-String-Compression,,full,42,C,killed,,killed,contract,
compression/SPARK2/Ada-SPARK-String-Compression,,full,43,B,killed,proof,survived,,
compression/SPARK2/Ada-SPARK-String-Compression,,full,44,alt,killed,proof,survived,,
compression/SPARK2/Ada-SPARK-String-Compression,,full,45,ho,killed,,killed,runtime_error,
compression/SPARK2/Ada-SPARK-String-Compression,,full,46,B,killed,,killed,contract,
compression/SPARK2/Ada-SPARK-String-Compression,,full,47,C,killed,,killed,contract,
compression/SPARK2/Ada-SPARK-String-Compression,,full,49,ho,killed,,killed,runtime_error,
compression/SPARK2/Ada-SPARK-String-Compression,,full,51,C,killed,,killed,contract,
compression/SPARK2/Ada-SPARK-String-Compression,,full,56,B,killed,,killed,contract,
compression/SPARK2/Ada-SPARK-String-Compression,,full,57,alt,killed,,killed,contract,
compression/SPARK2/Ada-SPARK-String-Compression,,full,58,ho,killed,,killed,runtime_error,
compression/SPARK2/Ada-SPARK-String-Compression,,full,60,C,killed,,killed,contract,
compression/SPARK2/Ada-SPARK-String-Compression,,full,74,alt,killed,,killed,contract,
compression/SPARK2/Ada-SPARK-String-Compression,,full,75,ho,killed,,killed,runtime_error,
compression/SPARK2/Ada-SPARK-String-Compression,,full,76,B,killed,,killed,contract,
compression/SPARK2/Ada-SPARK-String-Compression,,full,77,C,killed,,killed,runtime_error,
compression/SPARK2/Ada-SPARK-String-Compression,,full,78,alt,killed,,killed,runtime_error,
compression/SPARK2/Ada-SPARK-String-Compression,,full,79,ho,killed,,killed,runtime_error,
compression/SPARK2/Ada-SPARK-String-Compression,,full,81,C,killed,,killed,contract,
compression/SPARK2/Ada-SPARK-String-Compression,,full,83,B,killed,,killed,contract,
compression/SPARK2/Ada-SPARK-String-Compression,,full,84,alt,killed,,killed,contract,
compression/SPARK2/Ada-SPARK-String-Compression,,full,85,ho,killed,proof,survived,,
compression/SPARK2/Ada-SPARK-String-Compression,,full,87,C,killed,,killed,runtime_error,
compression/SPARK2/Ada-SPARK-String-Compression,,full,91,B,killed,,killed,contract,
compression/SPARK2/Ada-SPARK-String-Compression,,full,92,alt,killed,,killed,contract,
compression/SPARK2/Ada-SPARK-String-Compression,,full,93,ho,killed,,killed,runtime_error,
compression/SPARK2/Ada-SPARK-String-Compression,,full,94,C,killed,,killed,runtime_error,
compression/SPARK2/Ada-SPARK-String-Compression,,full,95,ho,killed,,killed,runtime_error,
compression/SPARK2/Ada-SPARK-String-Compression,,full,96,C,killed,,killed,runtime_error,
compression/SPARK2/Ada-SPARK-String-Compression,,full,97,ho,killed,,killed,contract,
compression/SPARK2/Ada-SPARK-String-Compression,,full,98,C,killed,,killed,runtime_error,
compression/SPARK2/Ada-SPARK-String-Compression,,full,99,ho,killed,,killed,runtime_error,
compression/SPARK2/Ada-SPARK-String-Compression,,full,100,C,killed,,killed,contract,
compression/SPARK2/Ada-SPARK-String-Compression,,thinned,0,alt,killed,,killed,runtime_error,"{""tests.adb"": [1, 2, 0], ""own_checks.adb"": [4, 0, 3]}"
compression/SPARK2/Ada-SPARK-String-Compression,,thinned,1,ho,killed,,killed,runtime_error,"{""tests.adb"": [1, 2, 0], ""own_checks.adb"": [4, 0, 3]}"
compression/SPARK2/Ada-SPARK-String-Compression,,thinned,3,C,killed,,killed,runtime_error,"{""tests.adb"": [1, 2, 0], ""own_checks.adb"": [4, 0, 3]}"
compression/SPARK2/Ada-SPARK-String-Compression,,thinned,13,B,killed,,killed,runtime_error,"{""tests.adb"": [1, 2, 0], ""own_checks.adb"": [4, 0, 3]}"
compression/SPARK2/Ada-SPARK-String-Compression,,thinned,14,alt,killed,proof,survived,,"{""tests.adb"": [1, 2, 0], ""own_checks.adb"": [4, 0, 3]}"
compression/SPARK2/Ada-SPARK-String-Compression,,thinned,15,ho,killed,,killed,runtime_error,"{""tests.adb"": [1, 2, 0], ""own_checks.adb"": [4, 0, 3]}"
compression/SPARK2/Ada-SPARK-String-Compression,,thinned,17,C,killed,,killed,test_check,"{""tests.adb"": [1, 2, 0], ""own_checks.adb"": [4, 0, 3]}"
compression/SPARK2/Ada-SPARK-String-Compression,,thinned,24,B,killed,,killed,contract,"{""tests.adb"": [1, 2, 0], ""own_checks.adb"": [4, 0, 3]}"
compression/SPARK2/Ada-SPARK-String-Compression,,thinned,25,alt,killed,,killed,contract,"{""tests.adb"": [1, 2, 0], ""own_checks.adb"": [4, 0, 3]}"
compression/SPARK2/Ada-SPARK-String-Compression,,thinned,26,ho,killed,,killed,runtime_error,"{""tests.adb"": [1, 2, 0], ""own_checks.adb"": [4, 0, 3]}"
compression/SPARK2/Ada-SPARK-String-Compression,,thinned,28,C,killed,,killed,runtime_error,"{""tests.adb"": [1, 2, 0], ""own_checks.adb"": [4, 0, 3]}"
compression/SPARK2/Ada-SPARK-String-Compression,,thinned,38,B,killed,,killed,test_check,"{""tests.adb"": [1, 2, 0], ""own_checks.adb"": [4, 0, 3]}"
compression/SPARK2/Ada-SPARK-String-Compression,,thinned,39,alt,killed,,killed,test_check,"{""tests.adb"": [1, 2, 0], ""own_checks.adb"": [4, 0, 3]}"
compression/SPARK2/Ada-SPARK-String-Compression,,thinned,40,ho,killed,,killed,runtime_error,"{""tests.adb"": [1, 2, 0], ""own_checks.adb"": [4, 0, 3]}"
compression/SPARK2/Ada-SPARK-String-Compression,,thinned,42,C,killed,,killed,contract,"{""tests.adb"": [1, 2, 0], ""own_checks.adb"": [4, 0, 3]}"
compression/SPARK2/Ada-SPARK-String-Compression,,thinned,43,B,killed,proof,survived,,"{""tests.adb"": [1, 2, 0], ""own_checks.adb"": [4, 0, 3]}"
compression/SPARK2/Ada-SPARK-String-Compression,,thinned,44,alt,killed,proof,survived,,"{""tests.adb"": [1, 2, 0], ""own_checks.adb"": [4, 0, 3]}"
compression/SPARK2/Ada-SPARK-String-Compression,,thinned,45,ho,killed,,killed,runtime_error,"{""tests.adb"": [1, 2, 0], ""own_checks.adb"": [4, 0, 3]}"
compression/SPARK2/Ada-SPARK-String-Compression,,thinned,46,B,killed,,killed,contract,"{""tests.adb"": [1, 2, 0], ""own_checks.adb"": [4, 0, 3]}"
compression/SPARK2/Ada-SPARK-String-Compression,,thinned,47,C,killed,,killed,test_check,"{""tests.adb"": [1, 2, 0], ""own_checks.adb"": [4, 0, 3]}"
compression/SPARK2/Ada-SPARK-String-Compression,,thinned,49,ho,killed,,killed,runtime_error,"{""tests.adb"": [1, 2, 0], ""own_checks.adb"": [4, 0, 3]}"
compression/SPARK2/Ada-SPARK-String-Compression,,thinned,51,C,killed,,killed,contract,"{""tests.adb"": [1, 2, 0], ""own_checks.adb"": [4, 0, 3]}"
compression/SPARK2/Ada-SPARK-String-Compression,,thinned,56,B,killed,,killed,test_check,"{""tests.adb"": [1, 2, 0], ""own_checks.adb"": [4, 0, 3]}"
compression/SPARK2/Ada-SPARK-String-Compression,,thinned,57,alt,killed,,killed,test_check,"{""tests.adb"": [1, 2, 0], ""own_checks.adb"": [4, 0, 3]}"
compression/SPARK2/Ada-SPARK-String-Compression,,thinned,58,ho,killed,,killed,runtime_error,"{""tests.adb"": [1, 2, 0], ""own_checks.adb"": [4, 0, 3]}"
compression/SPARK2/Ada-SPARK-String-Compression,,thinned,60,C,killed,,killed,test_check,"{""tests.adb"": [1, 2, 0], ""own_checks.adb"": [4, 0, 3]}"
compression/SPARK2/Ada-SPARK-String-Compression,,thinned,74,alt,killed,,killed,test_check,"{""tests.adb"": [1, 2, 0], ""own_checks.adb"": [4, 0, 3]}"
compression/SPARK2/Ada-SPARK-String-Compression,,thinned,75,ho,killed,,killed,runtime_error,"{""tests.adb"": [1, 2, 0], ""own_checks.adb"": [4, 0, 3]}"
compression/SPARK2/Ada-SPARK-String-Compression,,thinned,76,B,killed,,killed,contract,"{""tests.adb"": [1, 2, 0], ""own_checks.adb"": [4, 0, 3]}"
compression/SPARK2/Ada-SPARK-String-Compression,,thinned,77,C,killed,,killed,runtime_error,"{""tests.adb"": [1, 2, 0], ""own_checks.adb"": [4, 0, 3]}"
compression/SPARK2/Ada-SPARK-String-Compression,,thinned,78,alt,killed,,killed,runtime_error,"{""tests.adb"": [1, 2, 0], ""own_checks.adb"": [4, 0, 3]}"
compression/SPARK2/Ada-SPARK-String-Compression,,thinned,79,ho,killed,,killed,runtime_error,"{""tests.adb"": [1, 2, 0], ""own_checks.adb"": [4, 0, 3]}"
compression/SPARK2/Ada-SPARK-String-Compression,,thinned,81,C,killed,,killed,contract,"{""tests.adb"": [1, 2, 0], ""own_checks.adb"": [4, 0, 3]}"
compression/SPARK2/Ada-SPARK-String-Compression,,thinned,83,B,killed,,killed,contract,"{""tests.adb"": [1, 2, 0], ""own_checks.adb"": [4, 0, 3]}"
compression/SPARK2/Ada-SPARK-String-Compression,,thinned,84,alt,killed,,killed,contract,"{""tests.adb"": [1, 2, 0], ""own_checks.adb"": [4, 0, 3]}"
compression/SPARK2/Ada-SPARK-String-Compression,,thinned,85,ho,killed,proof,survived,,"{""tests.adb"": [1, 2, 0], ""own_checks.adb"": [4, 0, 3]}"
compression/SPARK2/Ada-SPARK-String-Compression,,thinned,87,C,killed,,killed,runtime_error,"{""tests.adb"": [1, 2, 0], ""own_checks.adb"": [4, 0, 3]}"
compression/SPARK2/Ada-SPARK-String-Compression,,thinned,91,B,killed,,killed,contract,"{""tests.adb"": [1, 2, 0], ""own_checks.adb"": [4, 0, 3]}"
compression/SPARK2/Ada-SPARK-String-Compression,,thinned,92,alt,killed,,killed,contract,"{""tests.adb"": [1, 2, 0], ""own_checks.adb"": [4, 0, 3]}"
compression/SPARK2/Ada-SPARK-String-Compression,,thinned,93,ho,killed,,killed,runtime_error,"{""tests.adb"": [1, 2, 0], ""own_checks.adb"": [4, 0, 3]}"
compression/SPARK2/Ada-SPARK-String-Compression,,thinned,94,C,killed,,killed,runtime_error,"{""tests.adb"": [1, 2, 0], ""own_checks.adb"": [4, 0, 3]}"
compression/SPARK2/Ada-SPARK-String-Compression,,thinned,95,ho,killed,,killed,runtime_error,"{""tests.adb"": [1, 2, 0], ""own_checks.adb"": [4, 0, 3]}"
compression/SPARK2/Ada-SPARK-String-Compression,,thinned,96,C,killed,,killed,runtime_error,"{""tests.adb"": [1, 2, 0], ""own_checks.adb"": [4, 0, 3]}"
compression/SPARK2/Ada-SPARK-String-Compression,,thinned,97,ho,killed,,killed,test_check,"{""tests.adb"": [1, 2, 0], ""own_checks.adb"": [4, 0, 3]}"
compression/SPARK2/Ada-SPARK-String-Compression,,thinned,98,C,killed,,killed,runtime_error,"{""tests.adb"": [1, 2, 0], ""own_checks.adb"": [4, 0, 3]}"
compression/SPARK2/Ada-SPARK-String-Compression,,thinned,99,ho,killed,,killed,runtime_error,"{""tests.adb"": [1, 2, 0], ""own_checks.adb"": [4, 0, 3]}"
compression/SPARK2/Ada-SPARK-String-Compression,,thinned,100,C,killed,,killed,contract,"{""tests.adb"": [1, 2, 0], ""own_checks.adb"": [4, 0, 3]}"
compression/SPARK2/Burrows-Wheeler-Transform,,full,0,alt,killed,,killed,runtime_error,
compression/SPARK2/Burrows-Wheeler-Transform,,full,1,ho,killed,,killed,test_check,
compression/SPARK2/Burrows-Wheeler-Transform,,full,3,C,killed,,killed,test_check,
compression/SPARK2/Burrows-Wheeler-Transform,,full,27,B,killed,,killed,test_check,
compression/SPARK2/Burrows-Wheeler-Transform,,full,28,alt,killed,,killed,test_check,
compression/SPARK2/Burrows-Wheeler-Transform,,full,29,ho,killed,,killed,test_check,
compression/SPARK2/Burrows-Wheeler-Transform,,full,31,C,killed,,killed,test_check,
compression/SPARK2/Burrows-Wheeler-Transform,,full,38,B,killed,,killed,test_check,
compression/SPARK2/Burrows-Wheeler-Transform,,full,39,alt,killed,,killed,test_check,
compression/SPARK2/Burrows-Wheeler-Transform,,full,40,ho,killed,,killed,test_check,
compression/SPARK2/Burrows-Wheeler-Transform,,full,41,B,killed,,killed,test_check,
compression/SPARK2/Burrows-Wheeler-Transform,,full,42,alt,killed,,killed,test_check,
compression/SPARK2/Burrows-Wheeler-Transform,,full,43,ho,killed,,killed,test_check,
compression/SPARK2/Burrows-Wheeler-Transform,,full,45,B,killed,,killed,test_check,
compression/SPARK2/Burrows-Wheeler-Transform,,full,47,ho,killed,,killed,test_check,
compression/SPARK2/Burrows-Wheeler-Transform,,full,61,B,killed,,killed,test_check,
compression/SPARK2/Burrows-Wheeler-Transform,,full,63,ho,killed,,killed,test_check,
compression/SPARK2/Burrows-Wheeler-Transform,,full,92,alt,killed,,killed,test_check,
compression/SPARK2/Burrows-Wheeler-Transform,,full,93,ho,killed,,killed,test_check,
compression/SPARK2/Burrows-Wheeler-Transform,,full,94,alt,killed,,killed,test_check,
compression/SPARK2/Burrows-Wheeler-Transform,,full,95,alt,killed,,killed,test_check,
compression/SPARK2/Burrows-Wheeler-Transform,,thinned,0,alt,killed,,killed,runtime_error,"{""tests.adb"": [1, 3, 0], ""own_checks.adb"": [2, 0, 0]}"
compression/SPARK2/Burrows-Wheeler-Transform,,thinned,1,ho,killed,,killed,test_check,"{""tests.adb"": [1, 3, 0], ""own_checks.adb"": [2, 0, 0]}"
compression/SPARK2/Burrows-Wheeler-Transform,,thinned,3,C,killed,,killed,test_check,"{""tests.adb"": [1, 3, 0], ""own_checks.adb"": [2, 0, 0]}"
compression/SPARK2/Burrows-Wheeler-Transform,,thinned,27,B,killed,,killed,test_check,"{""tests.adb"": [1, 3, 0], ""own_checks.adb"": [2, 0, 0]}"
compression/SPARK2/Burrows-Wheeler-Transform,,thinned,28,alt,killed,,killed,test_check,"{""tests.adb"": [1, 3, 0], ""own_checks.adb"": [2, 0, 0]}"
compression/SPARK2/Burrows-Wheeler-Transform,,thinned,29,ho,killed,,killed,test_check,"{""tests.adb"": [1, 3, 0], ""own_checks.adb"": [2, 0, 0]}"
compression/SPARK2/Burrows-Wheeler-Transform,,thinned,31,C,killed,,killed,test_check,"{""tests.adb"": [1, 3, 0], ""own_checks.adb"": [2, 0, 0]}"
compression/SPARK2/Burrows-Wheeler-Transform,,thinned,38,B,killed,,killed,test_check,"{""tests.adb"": [1, 3, 0], ""own_checks.adb"": [2, 0, 0]}"
compression/SPARK2/Burrows-Wheeler-Transform,,thinned,39,alt,killed,,killed,test_check,"{""tests.adb"": [1, 3, 0], ""own_checks.adb"": [2, 0, 0]}"
compression/SPARK2/Burrows-Wheeler-Transform,,thinned,40,ho,killed,,killed,test_check,"{""tests.adb"": [1, 3, 0], ""own_checks.adb"": [2, 0, 0]}"
compression/SPARK2/Burrows-Wheeler-Transform,,thinned,41,B,killed,,killed,test_check,"{""tests.adb"": [1, 3, 0], ""own_checks.adb"": [2, 0, 0]}"
compression/SPARK2/Burrows-Wheeler-Transform,,thinned,42,alt,killed,,killed,test_check,"{""tests.adb"": [1, 3, 0], ""own_checks.adb"": [2, 0, 0]}"
compression/SPARK2/Burrows-Wheeler-Transform,,thinned,43,ho,killed,,killed,test_check,"{""tests.adb"": [1, 3, 0], ""own_checks.adb"": [2, 0, 0]}"
compression/SPARK2/Burrows-Wheeler-Transform,,thinned,45,B,killed,,killed,test_check,"{""tests.adb"": [1, 3, 0], ""own_checks.adb"": [2, 0, 0]}"
compression/SPARK2/Burrows-Wheeler-Transform,,thinned,47,ho,killed,,killed,runtime_error,"{""tests.adb"": [1, 3, 0], ""own_checks.adb"": [2, 0, 0]}"
compression/SPARK2/Burrows-Wheeler-Transform,,thinned,61,B,killed,,killed,test_check,"{""tests.adb"": [1, 3, 0], ""own_checks.adb"": [2, 0, 0]}"
compression/SPARK2/Burrows-Wheeler-Transform,,thinned,63,ho,killed,,killed,runtime_error,"{""tests.adb"": [1, 3, 0], ""own_checks.adb"": [2, 0, 0]}"
compression/SPARK2/Burrows-Wheeler-Transform,,thinned,92,alt,killed,,killed,test_check,"{""tests.adb"": [1, 3, 0], ""own_checks.adb"": [2, 0, 0]}"
compression/SPARK2/Burrows-Wheeler-Transform,,thinned,93,ho,killed,,killed,test_check,"{""tests.adb"": [1, 3, 0], ""own_checks.adb"": [2, 0, 0]}"
compression/SPARK2/Burrows-Wheeler-Transform,,thinned,94,alt,killed,,killed,test_check,"{""tests.adb"": [1, 3, 0], ""own_checks.adb"": [2, 0, 0]}"
compression/SPARK2/Burrows-Wheeler-Transform,,thinned,95,alt,killed,,killed,test_check,"{""tests.adb"": [1, 3, 0], ""own_checks.adb"": [2, 0, 0]}"
geometry/SPARK2/Ada-SPARK-Convex-Hull-Graham,,full,0,alt,killed,,killed,test_check,
geometry/SPARK2/Ada-SPARK-Convex-Hull-Graham,,full,1,ho,killed,,killed,test_check,
geometry/SPARK2/Ada-SPARK-Convex-Hull-Graham,,full,3,C,killed,,killed,test_check,
geometry/SPARK2/Ada-SPARK-Convex-Hull-Graham,,full,4,B,killed,,killed,test_check,
geometry/SPARK2/Ada-SPARK-Convex-Hull-Graham,,full,5,alt,killed,,killed,runtime_error,
geometry/SPARK2/Ada-SPARK-Convex-Hull-Graham,,full,6,ho,killed,,killed,test_check,
geometry/SPARK2/Ada-SPARK-Convex-Hull-Graham,,full,10,C,killed,,killed,test_check,
geometry/SPARK2/Ada-SPARK-Convex-Hull-Graham,,full,13,B,killed,,killed,test_check,
geometry/SPARK2/Ada-SPARK-Convex-Hull-Graham,,full,15,ho,killed,,killed,runtime_error,
geometry/SPARK2/Ada-SPARK-Convex-Hull-Graham,,full,17,C,killed,,killed,test_check,
geometry/SPARK2/Ada-SPARK-Convex-Hull-Graham,,full,19,B,killed,,killed,test_check,
geometry/SPARK2/Ada-SPARK-Convex-Hull-Graham,,full,20,alt,killed,,killed,test_check,
geometry/SPARK2/Ada-SPARK-Convex-Hull-Graham,,full,21,ho,killed,,killed,test_check,
geometry/SPARK2/Ada-SPARK-Convex-Hull-Graham,,full,23,C,killed,,killed,test_check,
geometry/SPARK2/Ada-SPARK-Convex-Hull-Graham,,full,33,B,killed,,killed,runtime_error,
geometry/SPARK2/Ada-SPARK-Convex-Hull-Graham,,full,35,ho,killed,,killed,test_check,
geometry/SPARK2/Ada-SPARK-Convex-Hull-Graham,,full,36,B,killed,,killed,test_check,
geometry/SPARK2/Ada-SPARK-Convex-Hull-Graham,,full,39,C,killed,,killed,test_check,
geometry/SPARK2/Ada-SPARK-Convex-Hull-Graham,,full,40,alt,killed,,killed,contract,
geometry/SPARK2/Ada-SPARK-Convex-Hull-Graham,,full,41,ho,killed,,killed,test_check,
geometry/SPARK2/Ada-SPARK-Convex-Hull-Graham,,full,45,C,killed,,killed,test_check,
geometry/SPARK2/Ada-SPARK-Convex-Hull-Graham,,full,51,B,killed,,killed,test_check,
geometry/SPARK2/Ada-SPARK-Convex-Hull-Graham,,full,52,alt,killed,,killed,runtime_error,
geometry/SPARK2/Ada-SPARK-Convex-Hull-Graham,,full,53,ho,killed,,killed,test_check,
geometry/SPARK2/Ada-SPARK-Convex-Hull-Graham,,full,59,B,killed,,killed,test_check,
geometry/SPARK2/Ada-SPARK-Convex-Hull-Graham,,full,60,ho,killed,,killed,runtime_error,
geometry/SPARK2/Ada-SPARK-Convex-Hull-Graham,,full,63,B,killed,,killed,test_check,
geometry/SPARK2/Ada-SPARK-Convex-Hull-Graham,,full,64,ho,killed,,killed,runtime_error,
geometry/SPARK2/Ada-SPARK-Convex-Hull-Graham,,full,73,B,killed,,killed,runtime_error,
geometry/SPARK2/Ada-SPARK-Convex-Hull-Graham,,full,74,ho,killed,,killed,runtime_error,
geometry/SPARK2/Ada-SPARK-Convex-Hull-Graham,,full,86,B,killed,,killed,test_check,
geometry/SPARK2/Ada-SPARK-Convex-Hull-Graham,,full,87,ho,killed,,killed,runtime_error,
geometry/SPARK2/Ada-SPARK-Convex-Hull-Graham,,full,89,B,killed,,killed,test_check,
geometry/SPARK2/Ada-SPARK-Convex-Hull-Graham,,full,90,ho,killed,,killed,test_check,
geometry/SPARK2/Ada-SPARK-Convex-Hull-Graham,,full,92,B,killed,,killed,test_check,
geometry/SPARK2/Ada-SPARK-Convex-Hull-Graham,,full,93,ho,killed,,killed,test_check,
geometry/SPARK2/Ada-SPARK-Convex-Hull-Graham,,full,95,B,killed,,killed,test_check,
geometry/SPARK2/Ada-SPARK-Convex-Hull-Graham,,full,96,ho,killed,,killed,contract,
geometry/SPARK2/Ada-SPARK-Convex-Hull-Graham,,full,99,B,killed,,killed,test_check,
geometry/SPARK2/Ada-SPARK-Convex-Hull-Graham,,full,100,ho,killed,,killed,test_check,
geometry/SPARK2/Ada-SPARK-Convex-Hull-Graham,,full,101,B,killed,,killed,test_check,
geometry/SPARK2/Ada-SPARK-Convex-Hull-Graham,,full,102,ho,killed,,killed,test_check,
geometry/SPARK2/Ada-SPARK-Convex-Hull-Graham,,full,103,B,killed,,killed,test_check,
geometry/SPARK2/Ada-SPARK-Convex-Hull-Graham,,full,104,ho,killed,,killed,runtime_error,
geometry/SPARK2/Ada-SPARK-Convex-Hull-Graham,,full,112,B,killed,,killed,test_check,
geometry/SPARK2/Ada-SPARK-Convex-Hull-Graham,,full,113,ho,killed,,killed,test_check,
geometry/SPARK2/Ada-SPARK-Convex-Hull-Graham,,thinned,0,alt,killed,,killed,test_check,"{""tests.adb"": [1, 0, 0], ""own_checks.adb"": [3, 2, 1]}"
geometry/SPARK2/Ada-SPARK-Convex-Hull-Graham,,thinned,1,ho,killed,,killed,test_check,"{""tests.adb"": [1, 0, 0], ""own_checks.adb"": [3, 2, 1]}"
geometry/SPARK2/Ada-SPARK-Convex-Hull-Graham,,thinned,3,C,killed,,killed,test_check,"{""tests.adb"": [1, 0, 0], ""own_checks.adb"": [3, 2, 1]}"
geometry/SPARK2/Ada-SPARK-Convex-Hull-Graham,,thinned,4,B,killed,,killed,test_check,"{""tests.adb"": [1, 0, 0], ""own_checks.adb"": [3, 2, 1]}"
geometry/SPARK2/Ada-SPARK-Convex-Hull-Graham,,thinned,5,alt,killed,,killed,runtime_error,"{""tests.adb"": [1, 0, 0], ""own_checks.adb"": [3, 2, 1]}"
geometry/SPARK2/Ada-SPARK-Convex-Hull-Graham,,thinned,6,ho,killed,,killed,test_check,"{""tests.adb"": [1, 0, 0], ""own_checks.adb"": [3, 2, 1]}"
geometry/SPARK2/Ada-SPARK-Convex-Hull-Graham,,thinned,10,C,killed,,killed,test_check,"{""tests.adb"": [1, 0, 0], ""own_checks.adb"": [3, 2, 1]}"
geometry/SPARK2/Ada-SPARK-Convex-Hull-Graham,,thinned,13,B,killed,,killed,test_check,"{""tests.adb"": [1, 0, 0], ""own_checks.adb"": [3, 2, 1]}"
geometry/SPARK2/Ada-SPARK-Convex-Hull-Graham,,thinned,15,ho,killed,,killed,runtime_error,"{""tests.adb"": [1, 0, 0], ""own_checks.adb"": [3, 2, 1]}"
geometry/SPARK2/Ada-SPARK-Convex-Hull-Graham,,thinned,17,C,killed,,killed,test_check,"{""tests.adb"": [1, 0, 0], ""own_checks.adb"": [3, 2, 1]}"
geometry/SPARK2/Ada-SPARK-Convex-Hull-Graham,,thinned,19,B,killed,,killed,test_check,"{""tests.adb"": [1, 0, 0], ""own_checks.adb"": [3, 2, 1]}"
geometry/SPARK2/Ada-SPARK-Convex-Hull-Graham,,thinned,20,alt,killed,,killed,test_check,"{""tests.adb"": [1, 0, 0], ""own_checks.adb"": [3, 2, 1]}"
geometry/SPARK2/Ada-SPARK-Convex-Hull-Graham,,thinned,21,ho,killed,,killed,test_check,"{""tests.adb"": [1, 0, 0], ""own_checks.adb"": [3, 2, 1]}"
geometry/SPARK2/Ada-SPARK-Convex-Hull-Graham,,thinned,23,C,killed,,killed,test_check,"{""tests.adb"": [1, 0, 0], ""own_checks.adb"": [3, 2, 1]}"
geometry/SPARK2/Ada-SPARK-Convex-Hull-Graham,,thinned,33,B,killed,,killed,runtime_error,"{""tests.adb"": [1, 0, 0], ""own_checks.adb"": [3, 2, 1]}"
geometry/SPARK2/Ada-SPARK-Convex-Hull-Graham,,thinned,35,ho,killed,,killed,test_check,"{""tests.adb"": [1, 0, 0], ""own_checks.adb"": [3, 2, 1]}"
geometry/SPARK2/Ada-SPARK-Convex-Hull-Graham,,thinned,36,B,killed,,killed,test_check,"{""tests.adb"": [1, 0, 0], ""own_checks.adb"": [3, 2, 1]}"
geometry/SPARK2/Ada-SPARK-Convex-Hull-Graham,,thinned,39,C,killed,,killed,test_check,"{""tests.adb"": [1, 0, 0], ""own_checks.adb"": [3, 2, 1]}"
geometry/SPARK2/Ada-SPARK-Convex-Hull-Graham,,thinned,40,alt,killed,,killed,contract,"{""tests.adb"": [1, 0, 0], ""own_checks.adb"": [3, 2, 1]}"
geometry/SPARK2/Ada-SPARK-Convex-Hull-Graham,,thinned,41,ho,killed,,killed,test_check,"{""tests.adb"": [1, 0, 0], ""own_checks.adb"": [3, 2, 1]}"
geometry/SPARK2/Ada-SPARK-Convex-Hull-Graham,,thinned,45,C,killed,,killed,test_check,"{""tests.adb"": [1, 0, 0], ""own_checks.adb"": [3, 2, 1]}"
geometry/SPARK2/Ada-SPARK-Convex-Hull-Graham,,thinned,51,B,killed,,killed,test_check,"{""tests.adb"": [1, 0, 0], ""own_checks.adb"": [3, 2, 1]}"
geometry/SPARK2/Ada-SPARK-Convex-Hull-Graham,,thinned,52,alt,killed,,killed,runtime_error,"{""tests.adb"": [1, 0, 0], ""own_checks.adb"": [3, 2, 1]}"
geometry/SPARK2/Ada-SPARK-Convex-Hull-Graham,,thinned,53,ho,killed,,killed,test_check,"{""tests.adb"": [1, 0, 0], ""own_checks.adb"": [3, 2, 1]}"
geometry/SPARK2/Ada-SPARK-Convex-Hull-Graham,,thinned,59,B,killed,,killed,test_check,"{""tests.adb"": [1, 0, 0], ""own_checks.adb"": [3, 2, 1]}"
geometry/SPARK2/Ada-SPARK-Convex-Hull-Graham,,thinned,60,ho,killed,,killed,runtime_error,"{""tests.adb"": [1, 0, 0], ""own_checks.adb"": [3, 2, 1]}"
geometry/SPARK2/Ada-SPARK-Convex-Hull-Graham,,thinned,63,B,killed,,killed,test_check,"{""tests.adb"": [1, 0, 0], ""own_checks.adb"": [3, 2, 1]}"
geometry/SPARK2/Ada-SPARK-Convex-Hull-Graham,,thinned,64,ho,killed,,killed,runtime_error,"{""tests.adb"": [1, 0, 0], ""own_checks.adb"": [3, 2, 1]}"
geometry/SPARK2/Ada-SPARK-Convex-Hull-Graham,,thinned,73,B,killed,,killed,runtime_error,"{""tests.adb"": [1, 0, 0], ""own_checks.adb"": [3, 2, 1]}"
geometry/SPARK2/Ada-SPARK-Convex-Hull-Graham,,thinned,74,ho,killed,,killed,runtime_error,"{""tests.adb"": [1, 0, 0], ""own_checks.adb"": [3, 2, 1]}"
geometry/SPARK2/Ada-SPARK-Convex-Hull-Graham,,thinned,86,B,killed,,killed,test_check,"{""tests.adb"": [1, 0, 0], ""own_checks.adb"": [3, 2, 1]}"
geometry/SPARK2/Ada-SPARK-Convex-Hull-Graham,,thinned,87,ho,killed,,killed,runtime_error,"{""tests.adb"": [1, 0, 0], ""own_checks.adb"": [3, 2, 1]}"
geometry/SPARK2/Ada-SPARK-Convex-Hull-Graham,,thinned,89,B,killed,,killed,test_check,"{""tests.adb"": [1, 0, 0], ""own_checks.adb"": [3, 2, 1]}"
geometry/SPARK2/Ada-SPARK-Convex-Hull-Graham,,thinned,90,ho,killed,,killed,test_check,"{""tests.adb"": [1, 0, 0], ""own_checks.adb"": [3, 2, 1]}"
geometry/SPARK2/Ada-SPARK-Convex-Hull-Graham,,thinned,92,B,killed,,killed,test_check,"{""tests.adb"": [1, 0, 0], ""own_checks.adb"": [3, 2, 1]}"
geometry/SPARK2/Ada-SPARK-Convex-Hull-Graham,,thinned,93,ho,killed,,killed,test_check,"{""tests.adb"": [1, 0, 0], ""own_checks.adb"": [3, 2, 1]}"
geometry/SPARK2/Ada-SPARK-Convex-Hull-Graham,,thinned,95,B,killed,,killed,test_check,"{""tests.adb"": [1, 0, 0], ""own_checks.adb"": [3, 2, 1]}"
geometry/SPARK2/Ada-SPARK-Convex-Hull-Graham,,thinned,96,ho,killed,,killed,contract,"{""tests.adb"": [1, 0, 0], ""own_checks.adb"": [3, 2, 1]}"
geometry/SPARK2/Ada-SPARK-Convex-Hull-Graham,,thinned,99,B,killed,,killed,test_check,"{""tests.adb"": [1, 0, 0], ""own_checks.adb"": [3, 2, 1]}"
geometry/SPARK2/Ada-SPARK-Convex-Hull-Graham,,thinned,100,ho,killed,,killed,test_check,"{""tests.adb"": [1, 0, 0], ""own_checks.adb"": [3, 2, 1]}"
geometry/SPARK2/Ada-SPARK-Convex-Hull-Graham,,thinned,101,B,killed,,killed,test_check,"{""tests.adb"": [1, 0, 0], ""own_checks.adb"": [3, 2, 1]}"
geometry/SPARK2/Ada-SPARK-Convex-Hull-Graham,,thinned,102,ho,killed,,killed,test_check,"{""tests.adb"": [1, 0, 0], ""own_checks.adb"": [3, 2, 1]}"
geometry/SPARK2/Ada-SPARK-Convex-Hull-Graham,,thinned,103,B,killed,,killed,test_check,"{""tests.adb"": [1, 0, 0], ""own_checks.adb"": [3, 2, 1]}"
geometry/SPARK2/Ada-SPARK-Convex-Hull-Graham,,thinned,104,ho,killed,,killed,runtime_error,"{""tests.adb"": [1, 0, 0], ""own_checks.adb"": [3, 2, 1]}"
geometry/SPARK2/Ada-SPARK-Convex-Hull-Graham,,thinned,112,B,killed,,killed,test_check,"{""tests.adb"": [1, 0, 0], ""own_checks.adb"": [3, 2, 1]}"
geometry/SPARK2/Ada-SPARK-Convex-Hull-Graham,,thinned,113,ho,killed,,killed,test_check,"{""tests.adb"": [1, 0, 0], ""own_checks.adb"": [3, 2, 1]}"
graphs/SPARK2/Ada-SPARK-Number-Of-Islands-DFS,,full,0,std,killed,,killed,runtime_error,
graphs/SPARK2/Ada-SPARK-Number-Of-Islands-DFS,,full,1,alt,killed,,killed,test_check,
graphs/SPARK2/Ada-SPARK-Number-Of-Islands-DFS,,full,3,B,killed,,killed,test_check,
graphs/SPARK2/Ada-SPARK-Number-Of-Islands-DFS,,full,4,C,killed,,killed,runtime_error,
graphs/SPARK2/Ada-SPARK-Number-Of-Islands-DFS,,full,5,ho,killed,,killed,test_check,
graphs/SPARK2/Ada-SPARK-Number-Of-Islands-DFS,,full,6,std,killed,,killed,runtime_error,
graphs/SPARK2/Ada-SPARK-Number-Of-Islands-DFS,,full,7,alt,killed,,killed,test_check,
graphs/SPARK2/Ada-SPARK-Number-Of-Islands-DFS,,full,9,B,killed,,killed,test_check,
graphs/SPARK2/Ada-SPARK-Number-Of-Islands-DFS,,full,10,C,killed,,killed,test_check,
graphs/SPARK2/Ada-SPARK-Number-Of-Islands-DFS,,full,11,ho,killed,,killed,runtime_error,
graphs/SPARK2/Ada-SPARK-Number-Of-Islands-DFS,,full,12,std,killed,,killed,contract,
graphs/SPARK2/Ada-SPARK-Number-Of-Islands-DFS,,full,13,alt,killed,,killed,test_check,
graphs/SPARK2/Ada-SPARK-Number-Of-Islands-DFS,,full,16,C,killed,,killed,test_check,
graphs/SPARK2/Ada-SPARK-Number-Of-Islands-DFS,,full,18,B,killed,,killed,test_check,
graphs/SPARK2/Ada-SPARK-Number-Of-Islands-DFS,,full,19,ho,killed,,killed,runtime_error,
graphs/SPARK2/Ada-SPARK-Number-Of-Islands-DFS,,full,20,std,killed,,killed,test_check,
graphs/SPARK2/Ada-SPARK-Number-Of-Islands-DFS,,full,21,alt,killed,,killed,test_check,
graphs/SPARK2/Ada-SPARK-Number-Of-Islands-DFS,,full,22,ho,killed,,killed,runtime_error,
graphs/SPARK2/Ada-SPARK-Number-Of-Islands-DFS,,full,24,C,killed,,killed,test_check,
graphs/SPARK2/Ada-SPARK-Number-Of-Islands-DFS,,full,25,B,killed,,killed,test_check,
graphs/SPARK2/Ada-SPARK-Number-Of-Islands-DFS,,full,26,std,killed,,killed,runtime_error,
graphs/SPARK2/Ada-SPARK-Number-Of-Islands-DFS,,full,27,alt,killed,,killed,test_check,
graphs/SPARK2/Ada-SPARK-Number-Of-Islands-DFS,,full,30,C,killed,,killed,runtime_error,
graphs/SPARK2/Ada-SPARK-Number-Of-Islands-DFS,,full,31,ho,killed,,killed,runtime_error,
graphs/SPARK2/Ada-SPARK-Number-Of-Islands-DFS,,full,35,B,killed,,killed,runtime_error,
graphs/SPARK2/Ada-SPARK-Number-Of-Islands-DFS,,full,36,std,killed,,killed,test_check,
graphs/SPARK2/Ada-SPARK-Number-Of-Islands-DFS,,full,38,ho,killed,,killed,runtime_error,
graphs/SPARK2/Ada-SPARK-Number-Of-Islands-DFS,,full,40,C,killed,,killed,test_check,
graphs/SPARK2/Ada-SPARK-Number-Of-Islands-DFS,,full,47,std,killed,,killed,test_check,
graphs/SPARK2/Ada-SPARK-Number-Of-Islands-DFS,,full,48,alt,killed,,killed,test_check,
graphs/SPARK2/Ada-SPARK-Number-Of-Islands-DFS,,full,49,ho,killed,,killed,runtime_error,
graphs/SPARK2/Ada-SPARK-Number-Of-Islands-DFS,,full,51,C,killed,,killed,runtime_error,
graphs/SPARK2/Ada-SPARK-Number-Of-Islands-DFS,,full,52,B,killed,,killed,test_check,
graphs/SPARK2/Ada-SPARK-Number-Of-Islands-DFS,,full,53,std,killed,,killed,test_check,
graphs/SPARK2/Ada-SPARK-Number-Of-Islands-DFS,,full,54,alt,killed,,killed,test_check,
graphs/SPARK2/Ada-SPARK-Number-Of-Islands-DFS,,full,55,ho,killed,,killed,runtime_error,
graphs/SPARK2/Ada-SPARK-Number-Of-Islands-DFS,,full,57,C,killed,,killed,runtime_error,
graphs/SPARK2/Ada-SPARK-Number-Of-Islands-DFS,,full,58,B,killed,,killed,runtime_error,
graphs/SPARK2/Ada-SPARK-Number-Of-Islands-DFS,,full,59,std,killed,,killed,test_check,
graphs/SPARK2/Ada-SPARK-Number-Of-Islands-DFS,,full,60,alt,killed,,killed,test_check,
graphs/SPARK2/Ada-SPARK-Number-Of-Islands-DFS,,full,61,ho,killed,,killed,runtime_error,
graphs/SPARK2/Ada-SPARK-Number-Of-Islands-DFS,,full,63,C,killed,,killed,test_check,
graphs/SPARK2/Ada-SPARK-Number-Of-Islands-DFS,,full,66,B,killed,,killed,test_check,
graphs/SPARK2/Ada-SPARK-Number-Of-Islands-DFS,,full,67,std,killed,,killed,runtime_error,
graphs/SPARK2/Ada-SPARK-Number-Of-Islands-DFS,,full,70,B,killed,,killed,test_check,
graphs/SPARK2/Ada-SPARK-Number-Of-Islands-DFS,,full,71,C,killed,,killed,test_check,
graphs/SPARK2/Ada-SPARK-Number-Of-Islands-DFS,,thinned,0,std,killed,,killed,runtime_error,"{""tests.adb"": [1, 2, 0], ""own_checks.adb"": [1, 0, 0]}"
graphs/SPARK2/Ada-SPARK-Number-Of-Islands-DFS,,thinned,1,alt,killed,,killed,test_check,"{""tests.adb"": [1, 2, 0], ""own_checks.adb"": [1, 0, 0]}"
graphs/SPARK2/Ada-SPARK-Number-Of-Islands-DFS,,thinned,3,B,killed,,killed,test_check,"{""tests.adb"": [1, 2, 0], ""own_checks.adb"": [1, 0, 0]}"
graphs/SPARK2/Ada-SPARK-Number-Of-Islands-DFS,,thinned,4,C,killed,,killed,runtime_error,"{""tests.adb"": [1, 2, 0], ""own_checks.adb"": [1, 0, 0]}"
graphs/SPARK2/Ada-SPARK-Number-Of-Islands-DFS,,thinned,5,ho,killed,,killed,test_check,"{""tests.adb"": [1, 2, 0], ""own_checks.adb"": [1, 0, 0]}"
graphs/SPARK2/Ada-SPARK-Number-Of-Islands-DFS,,thinned,6,std,killed,,killed,runtime_error,"{""tests.adb"": [1, 2, 0], ""own_checks.adb"": [1, 0, 0]}"
graphs/SPARK2/Ada-SPARK-Number-Of-Islands-DFS,,thinned,7,alt,killed,,killed,test_check,"{""tests.adb"": [1, 2, 0], ""own_checks.adb"": [1, 0, 0]}"
graphs/SPARK2/Ada-SPARK-Number-Of-Islands-DFS,,thinned,9,B,killed,,killed,test_check,"{""tests.adb"": [1, 2, 0], ""own_checks.adb"": [1, 0, 0]}"
graphs/SPARK2/Ada-SPARK-Number-Of-Islands-DFS,,thinned,10,C,killed,,killed,test_check,"{""tests.adb"": [1, 2, 0], ""own_checks.adb"": [1, 0, 0]}"
graphs/SPARK2/Ada-SPARK-Number-Of-Islands-DFS,,thinned,11,ho,killed,,killed,runtime_error,"{""tests.adb"": [1, 2, 0], ""own_checks.adb"": [1, 0, 0]}"
graphs/SPARK2/Ada-SPARK-Number-Of-Islands-DFS,,thinned,12,std,killed,,killed,contract,"{""tests.adb"": [1, 2, 0], ""own_checks.adb"": [1, 0, 0]}"
graphs/SPARK2/Ada-SPARK-Number-Of-Islands-DFS,,thinned,13,alt,killed,,killed,test_check,"{""tests.adb"": [1, 2, 0], ""own_checks.adb"": [1, 0, 0]}"
graphs/SPARK2/Ada-SPARK-Number-Of-Islands-DFS,,thinned,16,C,killed,,killed,test_check,"{""tests.adb"": [1, 2, 0], ""own_checks.adb"": [1, 0, 0]}"
graphs/SPARK2/Ada-SPARK-Number-Of-Islands-DFS,,thinned,18,B,killed,,killed,test_check,"{""tests.adb"": [1, 2, 0], ""own_checks.adb"": [1, 0, 0]}"
graphs/SPARK2/Ada-SPARK-Number-Of-Islands-DFS,,thinned,19,ho,killed,,killed,test_check,"{""tests.adb"": [1, 2, 0], ""own_checks.adb"": [1, 0, 0]}"
graphs/SPARK2/Ada-SPARK-Number-Of-Islands-DFS,,thinned,20,std,killed,,killed,test_check,"{""tests.adb"": [1, 2, 0], ""own_checks.adb"": [1, 0, 0]}"
graphs/SPARK2/Ada-SPARK-Number-Of-Islands-DFS,,thinned,21,alt,killed,,killed,test_check,"{""tests.adb"": [1, 2, 0], ""own_checks.adb"": [1, 0, 0]}"
graphs/SPARK2/Ada-SPARK-Number-Of-Islands-DFS,,thinned,22,ho,killed,,killed,runtime_error,"{""tests.adb"": [1, 2, 0], ""own_checks.adb"": [1, 0, 0]}"
graphs/SPARK2/Ada-SPARK-Number-Of-Islands-DFS,,thinned,24,C,killed,,killed,test_check,"{""tests.adb"": [1, 2, 0], ""own_checks.adb"": [1, 0, 0]}"
graphs/SPARK2/Ada-SPARK-Number-Of-Islands-DFS,,thinned,25,B,killed,,killed,test_check,"{""tests.adb"": [1, 2, 0], ""own_checks.adb"": [1, 0, 0]}"
graphs/SPARK2/Ada-SPARK-Number-Of-Islands-DFS,,thinned,26,std,killed,,killed,runtime_error,"{""tests.adb"": [1, 2, 0], ""own_checks.adb"": [1, 0, 0]}"
graphs/SPARK2/Ada-SPARK-Number-Of-Islands-DFS,,thinned,27,alt,killed,,killed,test_check,"{""tests.adb"": [1, 2, 0], ""own_checks.adb"": [1, 0, 0]}"
graphs/SPARK2/Ada-SPARK-Number-Of-Islands-DFS,,thinned,30,C,killed,,killed,runtime_error,"{""tests.adb"": [1, 2, 0], ""own_checks.adb"": [1, 0, 0]}"
graphs/SPARK2/Ada-SPARK-Number-Of-Islands-DFS,,thinned,31,ho,killed,,killed,runtime_error,"{""tests.adb"": [1, 2, 0], ""own_checks.adb"": [1, 0, 0]}"
graphs/SPARK2/Ada-SPARK-Number-Of-Islands-DFS,,thinned,35,B,killed,,killed,runtime_error,"{""tests.adb"": [1, 2, 0], ""own_checks.adb"": [1, 0, 0]}"
graphs/SPARK2/Ada-SPARK-Number-Of-Islands-DFS,,thinned,36,std,killed,,killed,test_check,"{""tests.adb"": [1, 2, 0], ""own_checks.adb"": [1, 0, 0]}"
graphs/SPARK2/Ada-SPARK-Number-Of-Islands-DFS,,thinned,38,ho,killed,,killed,test_check,"{""tests.adb"": [1, 2, 0], ""own_checks.adb"": [1, 0, 0]}"
graphs/SPARK2/Ada-SPARK-Number-Of-Islands-DFS,,thinned,40,C,killed,,killed,test_check,"{""tests.adb"": [1, 2, 0], ""own_checks.adb"": [1, 0, 0]}"
graphs/SPARK2/Ada-SPARK-Number-Of-Islands-DFS,,thinned,47,std,killed,,killed,test_check,"{""tests.adb"": [1, 2, 0], ""own_checks.adb"": [1, 0, 0]}"
graphs/SPARK2/Ada-SPARK-Number-Of-Islands-DFS,,thinned,48,alt,killed,,killed,test_check,"{""tests.adb"": [1, 2, 0], ""own_checks.adb"": [1, 0, 0]}"
graphs/SPARK2/Ada-SPARK-Number-Of-Islands-DFS,,thinned,49,ho,killed,,killed,runtime_error,"{""tests.adb"": [1, 2, 0], ""own_checks.adb"": [1, 0, 0]}"
graphs/SPARK2/Ada-SPARK-Number-Of-Islands-DFS,,thinned,51,C,killed,,killed,runtime_error,"{""tests.adb"": [1, 2, 0], ""own_checks.adb"": [1, 0, 0]}"
graphs/SPARK2/Ada-SPARK-Number-Of-Islands-DFS,,thinned,52,B,killed,,killed,test_check,"{""tests.adb"": [1, 2, 0], ""own_checks.adb"": [1, 0, 0]}"
graphs/SPARK2/Ada-SPARK-Number-Of-Islands-DFS,,thinned,53,std,killed,,killed,test_check,"{""tests.adb"": [1, 2, 0], ""own_checks.adb"": [1, 0, 0]}"
graphs/SPARK2/Ada-SPARK-Number-Of-Islands-DFS,,thinned,54,alt,killed,,killed,test_check,"{""tests.adb"": [1, 2, 0], ""own_checks.adb"": [1, 0, 0]}"
graphs/SPARK2/Ada-SPARK-Number-Of-Islands-DFS,,thinned,55,ho,killed,,killed,runtime_error,"{""tests.adb"": [1, 2, 0], ""own_checks.adb"": [1, 0, 0]}"
graphs/SPARK2/Ada-SPARK-Number-Of-Islands-DFS,,thinned,57,C,killed,,killed,runtime_error,"{""tests.adb"": [1, 2, 0], ""own_checks.adb"": [1, 0, 0]}"
graphs/SPARK2/Ada-SPARK-Number-Of-Islands-DFS,,thinned,58,B,killed,,killed,runtime_error,"{""tests.adb"": [1, 2, 0], ""own_checks.adb"": [1, 0, 0]}"
graphs/SPARK2/Ada-SPARK-Number-Of-Islands-DFS,,thinned,59,std,killed,,killed,test_check,"{""tests.adb"": [1, 2, 0], ""own_checks.adb"": [1, 0, 0]}"
graphs/SPARK2/Ada-SPARK-Number-Of-Islands-DFS,,thinned,60,alt,killed,,killed,test_check,"{""tests.adb"": [1, 2, 0], ""own_checks.adb"": [1, 0, 0]}"
graphs/SPARK2/Ada-SPARK-Number-Of-Islands-DFS,,thinned,61,ho,killed,,killed,runtime_error,"{""tests.adb"": [1, 2, 0], ""own_checks.adb"": [1, 0, 0]}"
graphs/SPARK2/Ada-SPARK-Number-Of-Islands-DFS,,thinned,63,C,killed,,killed,test_check,"{""tests.adb"": [1, 2, 0], ""own_checks.adb"": [1, 0, 0]}"
graphs/SPARK2/Ada-SPARK-Number-Of-Islands-DFS,,thinned,66,B,killed,,killed,test_check,"{""tests.adb"": [1, 2, 0], ""own_checks.adb"": [1, 0, 0]}"
graphs/SPARK2/Ada-SPARK-Number-Of-Islands-DFS,,thinned,67,std,killed,,killed,runtime_error,"{""tests.adb"": [1, 2, 0], ""own_checks.adb"": [1, 0, 0]}"
graphs/SPARK2/Ada-SPARK-Number-Of-Islands-DFS,,thinned,70,B,killed,,killed,test_check,"{""tests.adb"": [1, 2, 0], ""own_checks.adb"": [1, 0, 0]}"
graphs/SPARK2/Ada-SPARK-Number-Of-Islands-DFS,,thinned,71,C,killed,,killed,test_check,"{""tests.adb"": [1, 2, 0], ""own_checks.adb"": [1, 0, 0]}"
matrices/SPARK2/Ada-SPARK-Gaussian-Elimination,,full,0,alt,killed,,killed,test_check,
matrices/SPARK2/Ada-SPARK-Gaussian-Elimination,,full,1,ho,killed,,killed,test_check,
matrices/SPARK2/Ada-SPARK-Gaussian-Elimination,,full,3,C,killed,,killed,test_check,
matrices/SPARK2/Ada-SPARK-Gaussian-Elimination,,full,12,B,killed,,killed,contract,
matrices/SPARK2/Ada-SPARK-Gaussian-Elimination,,full,13,alt,killed,,killed,contract,
matrices/SPARK2/Ada-SPARK-Gaussian-Elimination,,full,14,ho,killed,,killed,test_check,
matrices/SPARK2/Ada-SPARK-Gaussian-Elimination,,full,16,C,killed,,killed,test_check,
matrices/SPARK2/Ada-SPARK-Gaussian-Elimination,,full,23,ho,killed,,killed,contract,
matrices/SPARK2/Ada-SPARK-Gaussian-Elimination,,full,24,B,killed,,killed,test_check,
matrices/SPARK2/Ada-SPARK-Gaussian-Elimination,,full,25,C,killed,,killed,runtime_error,
matrices/SPARK2/Ada-SPARK-Gaussian-Elimination,,full,28,alt,killed,,killed,runtime_error,
matrices/SPARK2/Ada-SPARK-Gaussian-Elimination,,full,29,ho,killed,,killed,test_check,
matrices/SPARK2/Ada-SPARK-Gaussian-Elimination,,full,33,C,killed,,killed,test_check,
matrices/SPARK2/Ada-SPARK-Gaussian-Elimination,,full,35,alt,killed,,killed,test_check,
matrices/SPARK2/Ada-SPARK-Gaussian-Elimination,,full,36,ho,killed,,killed,test_check,
matrices/SPARK2/Ada-SPARK-Gaussian-Elimination,,full,38,C,killed,,killed,test_check,
matrices/SPARK2/Ada-SPARK-Gaussian-Elimination,,full,39,B,killed,,killed,test_check,
matrices/SPARK2/Ada-SPARK-Gaussian-Elimination,,full,41,ho,killed,,killed,contract,
matrices/SPARK2/Ada-SPARK-Gaussian-Elimination,,full,43,C,killed,,killed,contract,
matrices/SPARK2/Ada-SPARK-Gaussian-Elimination,,full,46,alt,killed,,killed,runtime_error,
matrices/SPARK2/Ada-SPARK-Gaussian-Elimination,,full,47,ho,killed,,killed,test_check,
matrices/SPARK2/Ada-SPARK-Gaussian-Elimination,,full,48,B,killed,,killed,test_check,
matrices/SPARK2/Ada-SPARK-Gaussian-Elimination,,full,49,C,killed,,killed,runtime_error,
matrices/SPARK2/Ada-SPARK-Gaussian-Elimination,,full,52,C,killed,,killed,test_check,
matrices/SPARK2/Ada-SPARK-Gaussian-Elimination,,full,55,alt,killed,,killed,test_check,
matrices/SPARK2/Ada-SPARK-Gaussian-Elimination,,full,57,B,killed,,killed,test_check,
matrices/SPARK2/Ada-SPARK-Gaussian-Elimination,,full,59,C,killed,,killed,runtime_error,
matrices/SPARK2/Ada-SPARK-Gaussian-Elimination,,full,66,B,killed,,killed,test_check,
matrices/SPARK2/Ada-SPARK-Gaussian-Elimination,,full,67,B,killed,,killed,test_check,
matrices/SPARK2/Ada-SPARK-Gaussian-Elimination,,full,68,C,killed,,killed,test_check,
matrices/SPARK2/Ada-SPARK-Gaussian-Elimination,,full,70,C,killed,,killed,test_check,
matrices/SPARK2/Ada-SPARK-Gaussian-Elimination,,full,78,B,killed,,killed,test_check,
matrices/SPARK2/Ada-SPARK-Gaussian-Elimination,,full,80,C,killed,,killed,contract,
matrices/SPARK2/Ada-SPARK-Gaussian-Elimination,,full,82,B,killed,,killed,test_check,
matrices/SPARK2/Ada-SPARK-Gaussian-Elimination,,full,84,C,killed,,killed,runtime_error,
matrices/SPARK2/Ada-SPARK-Gaussian-Elimination,,full,85,B,killed,,killed,test_check,
matrices/SPARK2/Ada-SPARK-Gaussian-Elimination,,full,89,C,killed,,killed,runtime_error,
matrices/SPARK2/Ada-SPARK-Gaussian-Elimination,,full,90,B,killed,,killed,test_check,
matrices/SPARK2/Ada-SPARK-Gaussian-Elimination,,full,92,C,killed,,killed,runtime_error,
matrices/SPARK2/Ada-SPARK-Gaussian-Elimination,,full,94,B,killed,,killed,runtime_error,
matrices/SPARK2/Ada-SPARK-Gaussian-Elimination,,full,96,C,killed,,killed,contract,
matrices/SPARK2/Ada-SPARK-Gaussian-Elimination,,full,97,B,killed,,killed,test_check,
matrices/SPARK2/Ada-SPARK-Gaussian-Elimination,,full,99,C,killed,,killed,runtime_error,
matrices/SPARK2/Ada-SPARK-Gaussian-Elimination,,thinned,0,alt,killed,,killed,test_check,"{""tests.adb"": [3, 3, 3], ""own_checks.adb"": [3, 1, 1]}"
matrices/SPARK2/Ada-SPARK-Gaussian-Elimination,,thinned,1,ho,killed,,killed,contract,"{""tests.adb"": [3, 3, 3], ""own_checks.adb"": [3, 1, 1]}"
matrices/SPARK2/Ada-SPARK-Gaussian-Elimination,,thinned,3,C,killed,,survived,,"{""tests.adb"": [3, 3, 3], ""own_checks.adb"": [3, 1, 1]}"
matrices/SPARK2/Ada-SPARK-Gaussian-Elimination,,thinned,12,B,killed,,killed,contract,"{""tests.adb"": [3, 3, 3], ""own_checks.adb"": [3, 1, 1]}"
matrices/SPARK2/Ada-SPARK-Gaussian-Elimination,,thinned,13,alt,killed,,killed,contract,"{""tests.adb"": [3, 3, 3], ""own_checks.adb"": [3, 1, 1]}"
matrices/SPARK2/Ada-SPARK-Gaussian-Elimination,,thinned,14,ho,killed,,killed,test_check,"{""tests.adb"": [3, 3, 3], ""own_checks.adb"": [3, 1, 1]}"
matrices/SPARK2/Ada-SPARK-Gaussian-Elimination,,thinned,16,C,killed,,survived,,"{""tests.adb"": [3, 3, 3], ""own_checks.adb"": [3, 1, 1]}"
matrices/SPARK2/Ada-SPARK-Gaussian-Elimination,,thinned,23,ho,killed,,killed,contract,"{""tests.adb"": [3, 3, 3], ""own_checks.adb"": [3, 1, 1]}"
matrices/SPARK2/Ada-SPARK-Gaussian-Elimination,,thinned,24,B,killed,,survived,,"{""tests.adb"": [3, 3, 3], ""own_checks.adb"": [3, 1, 1]}"
matrices/SPARK2/Ada-SPARK-Gaussian-Elimination,,thinned,25,C,killed,,killed,runtime_error,"{""tests.adb"": [3, 3, 3], ""own_checks.adb"": [3, 1, 1]}"
matrices/SPARK2/Ada-SPARK-Gaussian-Elimination,,thinned,28,alt,killed,,killed,runtime_error,"{""tests.adb"": [3, 3, 3], ""own_checks.adb"": [3, 1, 1]}"
matrices/SPARK2/Ada-SPARK-Gaussian-Elimination,,thinned,29,ho,killed,,survived,,"{""tests.adb"": [3, 3, 3], ""own_checks.adb"": [3, 1, 1]}"
matrices/SPARK2/Ada-SPARK-Gaussian-Elimination,,thinned,33,C,killed,,killed,test_check,"{""tests.adb"": [3, 3, 3], ""own_checks.adb"": [3, 1, 1]}"
matrices/SPARK2/Ada-SPARK-Gaussian-Elimination,,thinned,35,alt,killed,,killed,test_check,"{""tests.adb"": [3, 3, 3], ""own_checks.adb"": [3, 1, 1]}"
matrices/SPARK2/Ada-SPARK-Gaussian-Elimination,,thinned,36,ho,killed,,killed,contract,"{""tests.adb"": [3, 3, 3], ""own_checks.adb"": [3, 1, 1]}"
matrices/SPARK2/Ada-SPARK-Gaussian-Elimination,,thinned,38,C,killed,,survived,,"{""tests.adb"": [3, 3, 3], ""own_checks.adb"": [3, 1, 1]}"
matrices/SPARK2/Ada-SPARK-Gaussian-Elimination,,thinned,39,B,killed,,survived,,"{""tests.adb"": [3, 3, 3], ""own_checks.adb"": [3, 1, 1]}"
matrices/SPARK2/Ada-SPARK-Gaussian-Elimination,,thinned,41,ho,killed,,killed,contract,"{""tests.adb"": [3, 3, 3], ""own_checks.adb"": [3, 1, 1]}"
matrices/SPARK2/Ada-SPARK-Gaussian-Elimination,,thinned,43,C,killed,,killed,contract,"{""tests.adb"": [3, 3, 3], ""own_checks.adb"": [3, 1, 1]}"
matrices/SPARK2/Ada-SPARK-Gaussian-Elimination,,thinned,46,alt,killed,,killed,runtime_error,"{""tests.adb"": [3, 3, 3], ""own_checks.adb"": [3, 1, 1]}"
matrices/SPARK2/Ada-SPARK-Gaussian-Elimination,,thinned,47,ho,killed,,killed,test_check,"{""tests.adb"": [3, 3, 3], ""own_checks.adb"": [3, 1, 1]}"
matrices/SPARK2/Ada-SPARK-Gaussian-Elimination,,thinned,48,B,killed,,survived,,"{""tests.adb"": [3, 3, 3], ""own_checks.adb"": [3, 1, 1]}"
matrices/SPARK2/Ada-SPARK-Gaussian-Elimination,,thinned,49,C,killed,,killed,runtime_error,"{""tests.adb"": [3, 3, 3], ""own_checks.adb"": [3, 1, 1]}"
matrices/SPARK2/Ada-SPARK-Gaussian-Elimination,,thinned,52,C,killed,,killed,test_check,"{""tests.adb"": [3, 3, 3], ""own_checks.adb"": [3, 1, 1]}"
matrices/SPARK2/Ada-SPARK-Gaussian-Elimination,,thinned,55,alt,killed,,killed,test_check,"{""tests.adb"": [3, 3, 3], ""own_checks.adb"": [3, 1, 1]}"
matrices/SPARK2/Ada-SPARK-Gaussian-Elimination,,thinned,57,B,killed,,survived,,"{""tests.adb"": [3, 3, 3], ""own_checks.adb"": [3, 1, 1]}"
matrices/SPARK2/Ada-SPARK-Gaussian-Elimination,,thinned,59,C,killed,,killed,runtime_error,"{""tests.adb"": [3, 3, 3], ""own_checks.adb"": [3, 1, 1]}"
matrices/SPARK2/Ada-SPARK-Gaussian-Elimination,,thinned,66,B,killed,,killed,test_check,"{""tests.adb"": [3, 3, 3], ""own_checks.adb"": [3, 1, 1]}"
matrices/SPARK2/Ada-SPARK-Gaussian-Elimination,,thinned,67,B,killed,,survived,,"{""tests.adb"": [3, 3, 3], ""own_checks.adb"": [3, 1, 1]}"
matrices/SPARK2/Ada-SPARK-Gaussian-Elimination,,thinned,68,C,killed,,survived,,"{""tests.adb"": [3, 3, 3], ""own_checks.adb"": [3, 1, 1]}"
matrices/SPARK2/Ada-SPARK-Gaussian-Elimination,,thinned,70,C,killed,,killed,test_check,"{""tests.adb"": [3, 3, 3], ""own_checks.adb"": [3, 1, 1]}"
matrices/SPARK2/Ada-SPARK-Gaussian-Elimination,,thinned,78,B,killed,,killed,test_check,"{""tests.adb"": [3, 3, 3], ""own_checks.adb"": [3, 1, 1]}"
matrices/SPARK2/Ada-SPARK-Gaussian-Elimination,,thinned,80,C,killed,,killed,contract,"{""tests.adb"": [3, 3, 3], ""own_checks.adb"": [3, 1, 1]}"
matrices/SPARK2/Ada-SPARK-Gaussian-Elimination,,thinned,82,B,killed,,survived,,"{""tests.adb"": [3, 3, 3], ""own_checks.adb"": [3, 1, 1]}"
matrices/SPARK2/Ada-SPARK-Gaussian-Elimination,,thinned,84,C,killed,,killed,runtime_error,"{""tests.adb"": [3, 3, 3], ""own_checks.adb"": [3, 1, 1]}"
matrices/SPARK2/Ada-SPARK-Gaussian-Elimination,,thinned,85,B,killed,,survived,,"{""tests.adb"": [3, 3, 3], ""own_checks.adb"": [3, 1, 1]}"
matrices/SPARK2/Ada-SPARK-Gaussian-Elimination,,thinned,89,C,killed,,killed,runtime_error,"{""tests.adb"": [3, 3, 3], ""own_checks.adb"": [3, 1, 1]}"
matrices/SPARK2/Ada-SPARK-Gaussian-Elimination,,thinned,90,B,killed,,survived,,"{""tests.adb"": [3, 3, 3], ""own_checks.adb"": [3, 1, 1]}"
matrices/SPARK2/Ada-SPARK-Gaussian-Elimination,,thinned,92,C,killed,,killed,runtime_error,"{""tests.adb"": [3, 3, 3], ""own_checks.adb"": [3, 1, 1]}"
matrices/SPARK2/Ada-SPARK-Gaussian-Elimination,,thinned,94,B,killed,,killed,runtime_error,"{""tests.adb"": [3, 3, 3], ""own_checks.adb"": [3, 1, 1]}"
matrices/SPARK2/Ada-SPARK-Gaussian-Elimination,,thinned,96,C,killed,,killed,contract,"{""tests.adb"": [3, 3, 3], ""own_checks.adb"": [3, 1, 1]}"
matrices/SPARK2/Ada-SPARK-Gaussian-Elimination,,thinned,97,B,killed,,survived,,"{""tests.adb"": [3, 3, 3], ""own_checks.adb"": [3, 1, 1]}"
matrices/SPARK2/Ada-SPARK-Gaussian-Elimination,,thinned,99,C,killed,,killed,runtime_error,"{""tests.adb"": [3, 3, 3], ""own_checks.adb"": [3, 1, 1]}"
misc/SPARK2/Ada-SPARK-Add-Binary,,full,0,alt,killed,,killed,runtime_error,
misc/SPARK2/Ada-SPARK-Add-Binary,,full,1,ho,killed,,killed,runtime_error,
misc/SPARK2/Ada-SPARK-Add-Binary,,full,3,C,killed,,killed,runtime_error,
misc/SPARK2/Ada-SPARK-Add-Binary,,full,5,B,killed,,killed,runtime_error,
misc/SPARK2/Ada-SPARK-Add-Binary,,full,6,alt,killed,,killed,contract,
misc/SPARK2/Ada-SPARK-Add-Binary,,full,7,ho,killed,,killed,runtime_error,
misc/SPARK2/Ada-SPARK-Add-Binary,,full,9,C,killed,,killed,runtime_error,
misc/SPARK2/Ada-SPARK-Add-Binary,,full,10,B,killed,,killed,runtime_error,
misc/SPARK2/Ada-SPARK-Add-Binary,,full,11,alt,killed,,killed,runtime_error,
misc/SPARK2/Ada-SPARK-Add-Binary,,full,12,ho,killed,,killed,contract,
misc/SPARK2/Ada-SPARK-Add-Binary,,full,13,B,killed,,killed,runtime_error,
misc/SPARK2/Ada-SPARK-Add-Binary,,full,14,C,killed,,killed,runtime_error,
misc/SPARK2/Ada-SPARK-Add-Binary,,full,15,alt,killed,,killed,contract,
misc/SPARK2/Ada-SPARK-Add-Binary,,full,16,ho,killed,,killed,runtime_error,
misc/SPARK2/Ada-SPARK-Add-Binary,,full,18,C,killed,,killed,runtime_error,
misc/SPARK2/Ada-SPARK-Add-Binary,,full,19,B,killed,,killed,runtime_error,
misc/SPARK2/Ada-SPARK-Add-Binary,,full,20,alt,killed,,killed,test_check,
misc/SPARK2/Ada-SPARK-Add-Binary,,full,21,ho,killed,,killed,runtime_error,
misc/SPARK2/Ada-SPARK-Add-Binary,,full,23,B,killed,,killed,runtime_error,
misc/SPARK2/Ada-SPARK-Add-Binary,,full,24,alt,killed,,killed,contract,
misc/SPARK2/Ada-SPARK-Add-Binary,,full,25,ho,killed,,killed,runtime_error,
misc/SPARK2/Ada-SPARK-Add-Binary,,full,26,B,killed,,killed,runtime_error,
misc/SPARK2/Ada-SPARK-Add-Binary,,full,27,ho,killed,,killed,runtime_error,
misc/SPARK2/Ada-SPARK-Add-Binary,,full,28,B,killed,,killed,runtime_error,
misc/SPARK2/Ada-SPARK-Add-Binary,,full,29,ho,killed,,killed,runtime_error,
misc/SPARK2/Ada-SPARK-Add-Binary,,full,32,B,killed,,killed,runtime_error,
misc/SPARK2/Ada-SPARK-Add-Binary,,full,33,ho,killed,,killed,runtime_error,
misc/SPARK2/Ada-SPARK-Add-Binary,,full,35,B,killed,,killed,runtime_error,
misc/SPARK2/Ada-SPARK-Add-Binary,,full,36,ho,killed,,killed,contract,
misc/SPARK2/Ada-SPARK-Add-Binary,,full,37,B,killed,,killed,contract,
misc/SPARK2/Ada-SPARK-Add-Binary,,full,38,ho,killed,,killed,runtime_error,
misc/SPARK2/Ada-SPARK-Add-Binary,,full,39,B,killed,,killed,contract,
misc/SPARK2/Ada-SPARK-Add-Binary,,full,40,ho,killed,,killed,runtime_error,
misc/SPARK2/Ada-SPARK-Add-Binary,,full,41,B,killed,,killed,runtime_error,
misc/SPARK2/Ada-SPARK-Add-Binary,,full,42,ho,killed,,killed,contract,
misc/SPARK2/Ada-SPARK-Add-Binary,,full,43,B,killed,,killed,contract,
misc/SPARK2/Ada-SPARK-Add-Binary,,full,44,ho,killed,,killed,runtime_error,
misc/SPARK2/Ada-SPARK-Add-Binary,,full,46,B,killed,,killed,runtime_error,
misc/SPARK2/Ada-SPARK-Add-Binary,,full,47,ho,killed,,killed,runtime_error,
misc/SPARK2/Ada-SPARK-Add-Binary,,full,48,B,killed,,killed,contract,
misc/SPARK2/Ada-SPARK-Add-Binary,,full,49,ho,killed,,killed,runtime_error,
misc/SPARK2/Ada-SPARK-Add-Binary,,full,54,B,killed,,killed,runtime_error,
misc/SPARK2/Ada-SPARK-Add-Binary,,full,57,ho,killed,,killed,contract,
misc/SPARK2/Ada-SPARK-Add-Binary,,full,58,B,killed,,killed,runtime_error,
misc/SPARK2/Ada-SPARK-Add-Binary,,full,59,ho,killed,,killed,runtime_error,
misc/SPARK2/Ada-SPARK-Add-Binary,,full,60,B,killed,,killed,contract,
misc/SPARK2/Ada-SPARK-Add-Binary,,full,64,B,killed,,killed,runtime_error,
misc/SPARK2/Ada-SPARK-Add-Binary,,full,69,B,killed,,killed,contract,
misc/SPARK2/Ada-SPARK-Add-Binary,,thinned,0,alt,killed,,killed,runtime_error,"{""tests.adb"": [1, 2, 0], ""own_checks.adb"": [1, 0, 0]}"
misc/SPARK2/Ada-SPARK-Add-Binary,,thinned,1,ho,killed,,killed,runtime_error,"{""tests.adb"": [1, 2, 0], ""own_checks.adb"": [1, 0, 0]}"
misc/SPARK2/Ada-SPARK-Add-Binary,,thinned,3,C,killed,,killed,runtime_error,"{""tests.adb"": [1, 2, 0], ""own_checks.adb"": [1, 0, 0]}"
misc/SPARK2/Ada-SPARK-Add-Binary,,thinned,5,B,killed,,killed,runtime_error,"{""tests.adb"": [1, 2, 0], ""own_checks.adb"": [1, 0, 0]}"
misc/SPARK2/Ada-SPARK-Add-Binary,,thinned,6,alt,killed,,killed,contract,"{""tests.adb"": [1, 2, 0], ""own_checks.adb"": [1, 0, 0]}"
misc/SPARK2/Ada-SPARK-Add-Binary,,thinned,7,ho,killed,,killed,runtime_error,"{""tests.adb"": [1, 2, 0], ""own_checks.adb"": [1, 0, 0]}"
misc/SPARK2/Ada-SPARK-Add-Binary,,thinned,9,C,killed,,killed,runtime_error,"{""tests.adb"": [1, 2, 0], ""own_checks.adb"": [1, 0, 0]}"
misc/SPARK2/Ada-SPARK-Add-Binary,,thinned,10,B,killed,,killed,runtime_error,"{""tests.adb"": [1, 2, 0], ""own_checks.adb"": [1, 0, 0]}"
misc/SPARK2/Ada-SPARK-Add-Binary,,thinned,11,alt,killed,,killed,runtime_error,"{""tests.adb"": [1, 2, 0], ""own_checks.adb"": [1, 0, 0]}"
misc/SPARK2/Ada-SPARK-Add-Binary,,thinned,12,ho,killed,,killed,contract,"{""tests.adb"": [1, 2, 0], ""own_checks.adb"": [1, 0, 0]}"
misc/SPARK2/Ada-SPARK-Add-Binary,,thinned,13,B,killed,,killed,runtime_error,"{""tests.adb"": [1, 2, 0], ""own_checks.adb"": [1, 0, 0]}"
misc/SPARK2/Ada-SPARK-Add-Binary,,thinned,14,C,killed,,killed,runtime_error,"{""tests.adb"": [1, 2, 0], ""own_checks.adb"": [1, 0, 0]}"
misc/SPARK2/Ada-SPARK-Add-Binary,,thinned,15,alt,killed,,killed,contract,"{""tests.adb"": [1, 2, 0], ""own_checks.adb"": [1, 0, 0]}"
misc/SPARK2/Ada-SPARK-Add-Binary,,thinned,16,ho,killed,,killed,runtime_error,"{""tests.adb"": [1, 2, 0], ""own_checks.adb"": [1, 0, 0]}"
misc/SPARK2/Ada-SPARK-Add-Binary,,thinned,18,C,killed,,killed,runtime_error,"{""tests.adb"": [1, 2, 0], ""own_checks.adb"": [1, 0, 0]}"
misc/SPARK2/Ada-SPARK-Add-Binary,,thinned,19,B,killed,,killed,runtime_error,"{""tests.adb"": [1, 2, 0], ""own_checks.adb"": [1, 0, 0]}"
misc/SPARK2/Ada-SPARK-Add-Binary,,thinned,20,alt,killed,,killed,test_check,"{""tests.adb"": [1, 2, 0], ""own_checks.adb"": [1, 0, 0]}"
misc/SPARK2/Ada-SPARK-Add-Binary,,thinned,21,ho,killed,,killed,runtime_error,"{""tests.adb"": [1, 2, 0], ""own_checks.adb"": [1, 0, 0]}"
misc/SPARK2/Ada-SPARK-Add-Binary,,thinned,23,B,killed,,killed,runtime_error,"{""tests.adb"": [1, 2, 0], ""own_checks.adb"": [1, 0, 0]}"
misc/SPARK2/Ada-SPARK-Add-Binary,,thinned,24,alt,killed,,killed,contract,"{""tests.adb"": [1, 2, 0], ""own_checks.adb"": [1, 0, 0]}"
misc/SPARK2/Ada-SPARK-Add-Binary,,thinned,25,ho,killed,,killed,runtime_error,"{""tests.adb"": [1, 2, 0], ""own_checks.adb"": [1, 0, 0]}"
misc/SPARK2/Ada-SPARK-Add-Binary,,thinned,26,B,killed,,killed,runtime_error,"{""tests.adb"": [1, 2, 0], ""own_checks.adb"": [1, 0, 0]}"
misc/SPARK2/Ada-SPARK-Add-Binary,,thinned,27,ho,killed,,killed,runtime_error,"{""tests.adb"": [1, 2, 0], ""own_checks.adb"": [1, 0, 0]}"
misc/SPARK2/Ada-SPARK-Add-Binary,,thinned,28,B,killed,,killed,runtime_error,"{""tests.adb"": [1, 2, 0], ""own_checks.adb"": [1, 0, 0]}"
misc/SPARK2/Ada-SPARK-Add-Binary,,thinned,29,ho,killed,,killed,runtime_error,"{""tests.adb"": [1, 2, 0], ""own_checks.adb"": [1, 0, 0]}"
misc/SPARK2/Ada-SPARK-Add-Binary,,thinned,32,B,killed,,killed,runtime_error,"{""tests.adb"": [1, 2, 0], ""own_checks.adb"": [1, 0, 0]}"
misc/SPARK2/Ada-SPARK-Add-Binary,,thinned,33,ho,killed,,killed,runtime_error,"{""tests.adb"": [1, 2, 0], ""own_checks.adb"": [1, 0, 0]}"
misc/SPARK2/Ada-SPARK-Add-Binary,,thinned,35,B,killed,,killed,runtime_error,"{""tests.adb"": [1, 2, 0], ""own_checks.adb"": [1, 0, 0]}"
misc/SPARK2/Ada-SPARK-Add-Binary,,thinned,36,ho,killed,,killed,contract,"{""tests.adb"": [1, 2, 0], ""own_checks.adb"": [1, 0, 0]}"
misc/SPARK2/Ada-SPARK-Add-Binary,,thinned,37,B,killed,,killed,contract,"{""tests.adb"": [1, 2, 0], ""own_checks.adb"": [1, 0, 0]}"
misc/SPARK2/Ada-SPARK-Add-Binary,,thinned,38,ho,killed,,killed,runtime_error,"{""tests.adb"": [1, 2, 0], ""own_checks.adb"": [1, 0, 0]}"
misc/SPARK2/Ada-SPARK-Add-Binary,,thinned,39,B,killed,,killed,contract,"{""tests.adb"": [1, 2, 0], ""own_checks.adb"": [1, 0, 0]}"
misc/SPARK2/Ada-SPARK-Add-Binary,,thinned,40,ho,killed,,killed,runtime_error,"{""tests.adb"": [1, 2, 0], ""own_checks.adb"": [1, 0, 0]}"
misc/SPARK2/Ada-SPARK-Add-Binary,,thinned,41,B,killed,,killed,runtime_error,"{""tests.adb"": [1, 2, 0], ""own_checks.adb"": [1, 0, 0]}"
misc/SPARK2/Ada-SPARK-Add-Binary,,thinned,42,ho,killed,,killed,contract,"{""tests.adb"": [1, 2, 0], ""own_checks.adb"": [1, 0, 0]}"
misc/SPARK2/Ada-SPARK-Add-Binary,,thinned,43,B,killed,,killed,contract,"{""tests.adb"": [1, 2, 0], ""own_checks.adb"": [1, 0, 0]}"
misc/SPARK2/Ada-SPARK-Add-Binary,,thinned,44,ho,killed,,killed,runtime_error,"{""tests.adb"": [1, 2, 0], ""own_checks.adb"": [1, 0, 0]}"
misc/SPARK2/Ada-SPARK-Add-Binary,,thinned,46,B,killed,,killed,runtime_error,"{""tests.adb"": [1, 2, 0], ""own_checks.adb"": [1, 0, 0]}"
misc/SPARK2/Ada-SPARK-Add-Binary,,thinned,47,ho,killed,,killed,runtime_error,"{""tests.adb"": [1, 2, 0], ""own_checks.adb"": [1, 0, 0]}"
misc/SPARK2/Ada-SPARK-Add-Binary,,thinned,48,B,killed,,killed,contract,"{""tests.adb"": [1, 2, 0], ""own_checks.adb"": [1, 0, 0]}"
misc/SPARK2/Ada-SPARK-Add-Binary,,thinned,49,ho,killed,,killed,runtime_error,"{""tests.adb"": [1, 2, 0], ""own_checks.adb"": [1, 0, 0]}"
misc/SPARK2/Ada-SPARK-Add-Binary,,thinned,54,B,killed,,killed,runtime_error,"{""tests.adb"": [1, 2, 0], ""own_checks.adb"": [1, 0, 0]}"
misc/SPARK2/Ada-SPARK-Add-Binary,,thinned,57,ho,killed,,killed,contract,"{""tests.adb"": [1, 2, 0], ""own_checks.adb"": [1, 0, 0]}"
misc/SPARK2/Ada-SPARK-Add-Binary,,thinned,58,B,killed,,killed,runtime_error,"{""tests.adb"": [1, 2, 0], ""own_checks.adb"": [1, 0, 0]}"
misc/SPARK2/Ada-SPARK-Add-Binary,,thinned,59,ho,killed,,killed,runtime_error,"{""tests.adb"": [1, 2, 0], ""own_checks.adb"": [1, 0, 0]}"
misc/SPARK2/Ada-SPARK-Add-Binary,,thinned,60,B,killed,,killed,contract,"{""tests.adb"": [1, 2, 0], ""own_checks.adb"": [1, 0, 0]}"
misc/SPARK2/Ada-SPARK-Add-Binary,,thinned,64,B,killed,,killed,runtime_error,"{""tests.adb"": [1, 2, 0], ""own_checks.adb"": [1, 0, 0]}"
misc/SPARK2/Ada-SPARK-Add-Binary,,thinned,69,B,killed,,killed,contract,"{""tests.adb"": [1, 2, 0], ""own_checks.adb"": [1, 0, 0]}"
misc/SPARK2/Ada-SPARK-Add-Without-Plus,,full,0,alt,killed,,killed,contract,
misc/SPARK2/Ada-SPARK-Add-Without-Plus,,full,1,ho,killed,,killed,contract,
misc/SPARK2/Ada-SPARK-Add-Without-Plus,,full,2,B,killed,,killed,contract,
misc/SPARK2/Ada-SPARK-Add-Without-Plus,,full,3,alt,killed,,killed,contract,
misc/SPARK2/Ada-SPARK-Add-Without-Plus,,full,4,ho,killed,,killed,contract,
misc/SPARK2/Ada-SPARK-Add-Without-Plus,,full,5,B,killed,,killed,runtime_error,
misc/SPARK2/Ada-SPARK-Add-Without-Plus,,full,6,alt,killed,,killed,contract,
misc/SPARK2/Ada-SPARK-Add-Without-Plus,,full,7,ho,killed,,killed,contract,
misc/SPARK2/Ada-SPARK-Add-Without-Plus,,full,8,B,killed,,killed,runtime_error,
misc/SPARK2/Ada-SPARK-Add-Without-Plus,,full,9,ho,killed,,killed,runtime_error,
misc/SPARK2/Ada-SPARK-Add-Without-Plus,,full,10,B,killed,,killed,contract,
misc/SPARK2/Ada-SPARK-Add-Without-Plus,,full,11,ho,killed,,killed,contract,
misc/SPARK2/Ada-SPARK-Add-Without-Plus,,full,13,B,killed,,killed,contract,
misc/SPARK2/Ada-SPARK-Add-Without-Plus,,full,14,ho,killed,,killed,contract,
misc/SPARK2/Ada-SPARK-Add-Without-Plus,,full,15,B,killed,,killed,runtime_error,
misc/SPARK2/Ada-SPARK-Add-Without-Plus,,full,16,ho,killed,,killed,runtime_error,
misc/SPARK2/Ada-SPARK-Add-Without-Plus,,full,17,B,killed,,killed,contract,
misc/SPARK2/Ada-SPARK-Add-Without-Plus,,full,18,ho,killed,,killed,runtime_error,
misc/SPARK2/Ada-SPARK-Add-Without-Plus,,full,19,B,killed,,killed,runtime_error,
misc/SPARK2/Ada-SPARK-Add-Without-Plus,,full,20,ho,killed,,killed,contract,
misc/SPARK2/Ada-SPARK-Add-Without-Plus,,full,21,B,killed,,killed,contract,
misc/SPARK2/Ada-SPARK-Add-Without-Plus,,full,22,ho,killed,,killed,contract,
misc/SPARK2/Ada-SPARK-Add-Without-Plus,,full,23,B,killed,,killed,contract,
misc/SPARK2/Ada-SPARK-Add-Without-Plus,,full,24,ho,killed,,killed,contract,
misc/SPARK2/Ada-SPARK-Add-Without-Plus,,full,25,B,killed,,killed,contract,
misc/SPARK2/Ada-SPARK-Add-Without-Plus,,full,26,ho,killed,,killed,contract,
misc/SPARK2/Ada-SPARK-Add-Without-Plus,,full,27,B,killed,,killed,runtime_error,
misc/SPARK2/Ada-SPARK-Add-Without-Plus,,full,28,ho,killed,,killed,contract,
misc/SPARK2/Ada-SPARK-Add-Without-Plus,,full,29,B,killed,,killed,contract,
misc/SPARK2/Ada-SPARK-Add-Without-Plus,,full,30,ho,killed,,killed,contract,
misc/SPARK2/Ada-SPARK-Add-Without-Plus,,full,31,B,killed,,killed,contract,
misc/SPARK2/Ada-SPARK-Add-Without-Plus,,full,32,ho,killed,,killed,contract,
misc/SPARK2/Ada-SPARK-Add-Without-Plus,,full,33,B,killed,,killed,contract,
misc/SPARK2/Ada-SPARK-Add-Without-Plus,,full,34,ho,killed,,killed,runtime_error,
misc/SPARK2/Ada-SPARK-Add-Without-Plus,,full,37,B,killed,,killed,contract,
misc/SPARK2/Ada-SPARK-Add-Without-Plus,,full,38,ho,killed,,killed,contract,
misc/SPARK2/Ada-SPARK-Add-Without-Plus,,full,39,B,killed,,killed,runtime_error,
misc/SPARK2/Ada-SPARK-Add-Without-Plus,,full,40,ho,killed,,killed,runtime_error,
misc/SPARK2/Ada-SPARK-Add-Without-Plus,,full,41,B,killed,,killed,contract,
misc/SPARK2/Ada-SPARK-Add-Without-Plus,,full,42,ho,killed,,killed,contract,
misc/SPARK2/Ada-SPARK-Add-Without-Plus,,full,43,B,killed,,killed,contract,
misc/SPARK2/Ada-SPARK-Add-Without-Plus,,full,44,ho,killed,,killed,runtime_error,
misc/SPARK2/Ada-SPARK-Add-Without-Plus,,full,45,B,killed,,killed,contract,
misc/SPARK2/Ada-SPARK-Add-Without-Plus,,full,46,ho,killed,,killed,contract,
misc/SPARK2/Ada-SPARK-Add-Without-Plus,,full,47,B,killed,,killed,contract,
misc/SPARK2/Ada-SPARK-Add-Without-Plus,,full,48,ho,killed,,killed,contract,
misc/SPARK2/Ada-SPARK-Add-Without-Plus,,full,49,B,killed,,killed,runtime_error,
misc/SPARK2/Ada-SPARK-Add-Without-Plus,,full,50,B,killed,,killed,contract,
misc/SPARK2/Ada-SPARK-Add-Without-Plus,,thinned,0,alt,killed,,killed,test_check,"{""tests.adb"": [1, 4, 0], ""own_checks.adb"": [1, 0, 0]}"
misc/SPARK2/Ada-SPARK-Add-Without-Plus,,thinned,1,ho,killed,,killed,contract,"{""tests.adb"": [1, 4, 0], ""own_checks.adb"": [1, 0, 0]}"
misc/SPARK2/Ada-SPARK-Add-Without-Plus,,thinned,2,B,killed,,killed,runtime_error,"{""tests.adb"": [1, 4, 0], ""own_checks.adb"": [1, 0, 0]}"
misc/SPARK2/Ada-SPARK-Add-Without-Plus,,thinned,3,alt,killed,,killed,test_check,"{""tests.adb"": [1, 4, 0], ""own_checks.adb"": [1, 0, 0]}"
misc/SPARK2/Ada-SPARK-Add-Without-Plus,,thinned,4,ho,killed,,killed,contract,"{""tests.adb"": [1, 4, 0], ""own_checks.adb"": [1, 0, 0]}"
misc/SPARK2/Ada-SPARK-Add-Without-Plus,,thinned,5,B,killed,,killed,runtime_error,"{""tests.adb"": [1, 4, 0], ""own_checks.adb"": [1, 0, 0]}"
misc/SPARK2/Ada-SPARK-Add-Without-Plus,,thinned,6,alt,killed,,killed,contract,"{""tests.adb"": [1, 4, 0], ""own_checks.adb"": [1, 0, 0]}"
misc/SPARK2/Ada-SPARK-Add-Without-Plus,,thinned,7,ho,killed,,killed,contract,"{""tests.adb"": [1, 4, 0], ""own_checks.adb"": [1, 0, 0]}"
misc/SPARK2/Ada-SPARK-Add-Without-Plus,,thinned,8,B,killed,,killed,runtime_error,"{""tests.adb"": [1, 4, 0], ""own_checks.adb"": [1, 0, 0]}"
misc/SPARK2/Ada-SPARK-Add-Without-Plus,,thinned,9,ho,killed,,killed,runtime_error,"{""tests.adb"": [1, 4, 0], ""own_checks.adb"": [1, 0, 0]}"
misc/SPARK2/Ada-SPARK-Add-Without-Plus,,thinned,10,B,killed,,killed,test_check,"{""tests.adb"": [1, 4, 0], ""own_checks.adb"": [1, 0, 0]}"
misc/SPARK2/Ada-SPARK-Add-Without-Plus,,thinned,11,ho,killed,,killed,runtime_error,"{""tests.adb"": [1, 4, 0], ""own_checks.adb"": [1, 0, 0]}"
misc/SPARK2/Ada-SPARK-Add-Without-Plus,,thinned,13,B,killed,,killed,runtime_error,"{""tests.adb"": [1, 4, 0], ""own_checks.adb"": [1, 0, 0]}"
misc/SPARK2/Ada-SPARK-Add-Without-Plus,,thinned,14,ho,killed,,killed,contract,"{""tests.adb"": [1, 4, 0], ""own_checks.adb"": [1, 0, 0]}"
misc/SPARK2/Ada-SPARK-Add-Without-Plus,,thinned,15,B,killed,,killed,contract,"{""tests.adb"": [1, 4, 0], ""own_checks.adb"": [1, 0, 0]}"
misc/SPARK2/Ada-SPARK-Add-Without-Plus,,thinned,16,ho,killed,,killed,runtime_error,"{""tests.adb"": [1, 4, 0], ""own_checks.adb"": [1, 0, 0]}"
misc/SPARK2/Ada-SPARK-Add-Without-Plus,,thinned,17,B,killed,,killed,contract,"{""tests.adb"": [1, 4, 0], ""own_checks.adb"": [1, 0, 0]}"
misc/SPARK2/Ada-SPARK-Add-Without-Plus,,thinned,18,ho,killed,,killed,runtime_error,"{""tests.adb"": [1, 4, 0], ""own_checks.adb"": [1, 0, 0]}"
misc/SPARK2/Ada-SPARK-Add-Without-Plus,,thinned,19,B,killed,,killed,contract,"{""tests.adb"": [1, 4, 0], ""own_checks.adb"": [1, 0, 0]}"
misc/SPARK2/Ada-SPARK-Add-Without-Plus,,thinned,20,ho,killed,,killed,test_check,"{""tests.adb"": [1, 4, 0], ""own_checks.adb"": [1, 0, 0]}"
misc/SPARK2/Ada-SPARK-Add-Without-Plus,,thinned,21,B,killed,,killed,runtime_error,"{""tests.adb"": [1, 4, 0], ""own_checks.adb"": [1, 0, 0]}"
misc/SPARK2/Ada-SPARK-Add-Without-Plus,,thinned,22,ho,killed,,killed,contract,"{""tests.adb"": [1, 4, 0], ""own_checks.adb"": [1, 0, 0]}"
misc/SPARK2/Ada-SPARK-Add-Without-Plus,,thinned,23,B,killed,,killed,runtime_error,"{""tests.adb"": [1, 4, 0], ""own_checks.adb"": [1, 0, 0]}"
misc/SPARK2/Ada-SPARK-Add-Without-Plus,,thinned,24,ho,killed,,killed,contract,"{""tests.adb"": [1, 4, 0], ""own_checks.adb"": [1, 0, 0]}"
misc/SPARK2/Ada-SPARK-Add-Without-Plus,,thinned,25,B,killed,,killed,contract,"{""tests.adb"": [1, 4, 0], ""own_checks.adb"": [1, 0, 0]}"
misc/SPARK2/Ada-SPARK-Add-Without-Plus,,thinned,26,ho,killed,,killed,contract,"{""tests.adb"": [1, 4, 0], ""own_checks.adb"": [1, 0, 0]}"
misc/SPARK2/Ada-SPARK-Add-Without-Plus,,thinned,27,B,killed,,killed,runtime_error,"{""tests.adb"": [1, 4, 0], ""own_checks.adb"": [1, 0, 0]}"
misc/SPARK2/Ada-SPARK-Add-Without-Plus,,thinned,28,ho,killed,,killed,contract,"{""tests.adb"": [1, 4, 0], ""own_checks.adb"": [1, 0, 0]}"
misc/SPARK2/Ada-SPARK-Add-Without-Plus,,thinned,29,B,killed,,killed,runtime_error,"{""tests.adb"": [1, 4, 0], ""own_checks.adb"": [1, 0, 0]}"
misc/SPARK2/Ada-SPARK-Add-Without-Plus,,thinned,30,ho,killed,,killed,contract,"{""tests.adb"": [1, 4, 0], ""own_checks.adb"": [1, 0, 0]}"
misc/SPARK2/Ada-SPARK-Add-Without-Plus,,thinned,31,B,killed,,killed,contract,"{""tests.adb"": [1, 4, 0], ""own_checks.adb"": [1, 0, 0]}"
misc/SPARK2/Ada-SPARK-Add-Without-Plus,,thinned,32,ho,killed,,killed,contract,"{""tests.adb"": [1, 4, 0], ""own_checks.adb"": [1, 0, 0]}"
misc/SPARK2/Ada-SPARK-Add-Without-Plus,,thinned,33,B,killed,,killed,contract,"{""tests.adb"": [1, 4, 0], ""own_checks.adb"": [1, 0, 0]}"
misc/SPARK2/Ada-SPARK-Add-Without-Plus,,thinned,34,ho,killed,,killed,runtime_error,"{""tests.adb"": [1, 4, 0], ""own_checks.adb"": [1, 0, 0]}"
misc/SPARK2/Ada-SPARK-Add-Without-Plus,,thinned,37,B,killed,,killed,test_check,"{""tests.adb"": [1, 4, 0], ""own_checks.adb"": [1, 0, 0]}"
misc/SPARK2/Ada-SPARK-Add-Without-Plus,,thinned,38,ho,killed,,killed,contract,"{""tests.adb"": [1, 4, 0], ""own_checks.adb"": [1, 0, 0]}"
misc/SPARK2/Ada-SPARK-Add-Without-Plus,,thinned,39,B,killed,,killed,test_check,"{""tests.adb"": [1, 4, 0], ""own_checks.adb"": [1, 0, 0]}"
misc/SPARK2/Ada-SPARK-Add-Without-Plus,,thinned,40,ho,killed,,killed,runtime_error,"{""tests.adb"": [1, 4, 0], ""own_checks.adb"": [1, 0, 0]}"
misc/SPARK2/Ada-SPARK-Add-Without-Plus,,thinned,41,B,killed,,killed,contract,"{""tests.adb"": [1, 4, 0], ""own_checks.adb"": [1, 0, 0]}"
misc/SPARK2/Ada-SPARK-Add-Without-Plus,,thinned,42,ho,killed,,killed,runtime_error,"{""tests.adb"": [1, 4, 0], ""own_checks.adb"": [1, 0, 0]}"
misc/SPARK2/Ada-SPARK-Add-Without-Plus,,thinned,43,B,killed,,killed,runtime_error,"{""tests.adb"": [1, 4, 0], ""own_checks.adb"": [1, 0, 0]}"
misc/SPARK2/Ada-SPARK-Add-Without-Plus,,thinned,44,ho,killed,,killed,runtime_error,"{""tests.adb"": [1, 4, 0], ""own_checks.adb"": [1, 0, 0]}"
misc/SPARK2/Ada-SPARK-Add-Without-Plus,,thinned,45,B,killed,,killed,test_check,"{""tests.adb"": [1, 4, 0], ""own_checks.adb"": [1, 0, 0]}"
misc/SPARK2/Ada-SPARK-Add-Without-Plus,,thinned,46,ho,killed,,killed,runtime_error,"{""tests.adb"": [1, 4, 0], ""own_checks.adb"": [1, 0, 0]}"
misc/SPARK2/Ada-SPARK-Add-Without-Plus,,thinned,47,B,killed,,killed,contract,"{""tests.adb"": [1, 4, 0], ""own_checks.adb"": [1, 0, 0]}"
misc/SPARK2/Ada-SPARK-Add-Without-Plus,,thinned,48,ho,killed,,killed,contract,"{""tests.adb"": [1, 4, 0], ""own_checks.adb"": [1, 0, 0]}"
misc/SPARK2/Ada-SPARK-Add-Without-Plus,,thinned,49,B,killed,,killed,test_check,"{""tests.adb"": [1, 4, 0], ""own_checks.adb"": [1, 0, 0]}"
misc/SPARK2/Ada-SPARK-Add-Without-Plus,,thinned,50,B,killed,,killed,contract,"{""tests.adb"": [1, 4, 0], ""own_checks.adb"": [1, 0, 0]}"
misc/SPARK2/Ada-SPARK-Beautiful-Arrangement,,full,0,alt,killed,,killed,test_check,
misc/SPARK2/Ada-SPARK-Beautiful-Arrangement,,full,1,ho,killed,,killed,contract,
misc/SPARK2/Ada-SPARK-Beautiful-Arrangement,,full,2,B,killed,,killed,contract,
misc/SPARK2/Ada-SPARK-Beautiful-Arrangement,,full,3,C,killed,,killed,runtime_error,
misc/SPARK2/Ada-SPARK-Beautiful-Arrangement,,full,4,alt,killed,,killed,test_check,
misc/SPARK2/Ada-SPARK-Beautiful-Arrangement,,full,5,ho,killed,,killed,contract,
misc/SPARK2/Ada-SPARK-Beautiful-Arrangement,,full,7,C,killed,,killed,contract,
misc/SPARK2/Ada-SPARK-Beautiful-Arrangement,,full,12,B,killed,,killed,test_check,
misc/SPARK2/Ada-SPARK-Beautiful-Arrangement,,full,13,ho,killed,,killed,contract,
misc/SPARK2/Ada-SPARK-Beautiful-Arrangement,,full,15,C,killed,,killed,test_check,
misc/SPARK2/Ada-SPARK-Beautiful-Arrangement,,full,19,B,killed,,killed,test_check,
misc/SPARK2/Ada-SPARK-Beautiful-Arrangement,,full,20,ho,killed,,killed,contract,
misc/SPARK2/Ada-SPARK-Beautiful-Arrangement,,full,23,B,killed,,killed,test_check,
misc/SPARK2/Ada-SPARK-Beautiful-Arrangement,,full,24,ho,killed,,killed,runtime_error,
misc/SPARK2/Ada-SPARK-Beautiful-Arrangement,,full,26,C,killed,,killed,runtime_error,
misc/SPARK2/Ada-SPARK-Beautiful-Arrangement,,full,27,ho,killed,,killed,contract,
misc/SPARK2/Ada-SPARK-Beautiful-Arrangement,,full,33,B,killed,,killed,runtime_error,
misc/SPARK2/Ada-SPARK-Beautiful-Arrangement,,full,34,ho,killed,,killed,contract,
misc/SPARK2/Ada-SPARK-Beautiful-Arrangement,,full,42,B,killed,,killed,contract,
misc/SPARK2/Ada-SPARK-Beautiful-Arrangement,,full,43,ho,killed,,killed,contract,
misc/SPARK2/Ada-SPARK-Beautiful-Arrangement,,full,44,B,killed,,killed,contract,
misc/SPARK2/Ada-SPARK-Beautiful-Arrangement,,full,45,ho,killed,,killed,contract,
misc/SPARK2/Ada-SPARK-Beautiful-Arrangement,,full,48,ho,killed,,killed,contract,
misc/SPARK2/Ada-SPARK-Beautiful-Arrangement,,full,49,ho,killed,,killed,contract,
misc/SPARK2/Ada-SPARK-Beautiful-Arrangement,,full,50,ho,killed,,killed,contract,
misc/SPARK2/Ada-SPARK-Beautiful-Arrangement,,full,51,ho,killed,,killed,contract,
misc/SPARK2/Ada-SPARK-Beautiful-Arrangement,,full,52,ho,killed,,killed,contract,
misc/SPARK2/Ada-SPARK-Beautiful-Arrangement,,thinned,0,alt,killed,,killed,test_check,"{""tests.adb"": [1, 1, 0], ""own_checks.adb"": [2, 0, 0]}"
misc/SPARK2/Ada-SPARK-Beautiful-Arrangement,,thinned,1,ho,killed,,killed,contract,"{""tests.adb"": [1, 1, 0], ""own_checks.adb"": [2, 0, 0]}"
misc/SPARK2/Ada-SPARK-Beautiful-Arrangement,,thinned,2,B,killed,,killed,test_check,"{""tests.adb"": [1, 1, 0], ""own_checks.adb"": [2, 0, 0]}"
misc/SPARK2/Ada-SPARK-Beautiful-Arrangement,,thinned,3,C,killed,,killed,runtime_error,"{""tests.adb"": [1, 1, 0], ""own_checks.adb"": [2, 0, 0]}"
misc/SPARK2/Ada-SPARK-Beautiful-Arrangement,,thinned,4,alt,killed,,killed,test_check,"{""tests.adb"": [1, 1, 0], ""own_checks.adb"": [2, 0, 0]}"
misc/SPARK2/Ada-SPARK-Beautiful-Arrangement,,thinned,5,ho,killed,,killed,contract,"{""tests.adb"": [1, 1, 0], ""own_checks.adb"": [2, 0, 0]}"
misc/SPARK2/Ada-SPARK-Beautiful-Arrangement,,thinned,7,C,killed,,killed,contract,"{""tests.adb"": [1, 1, 0], ""own_checks.adb"": [2, 0, 0]}"
misc/SPARK2/Ada-SPARK-Beautiful-Arrangement,,thinned,12,B,killed,,killed,test_check,"{""tests.adb"": [1, 1, 0], ""own_checks.adb"": [2, 0, 0]}"
misc/SPARK2/Ada-SPARK-Beautiful-Arrangement,,thinned,13,ho,killed,,killed,contract,"{""tests.adb"": [1, 1, 0], ""own_checks.adb"": [2, 0, 0]}"
misc/SPARK2/Ada-SPARK-Beautiful-Arrangement,,thinned,15,C,killed,,killed,test_check,"{""tests.adb"": [1, 1, 0], ""own_checks.adb"": [2, 0, 0]}"
misc/SPARK2/Ada-SPARK-Beautiful-Arrangement,,thinned,19,B,killed,,killed,test_check,"{""tests.adb"": [1, 1, 0], ""own_checks.adb"": [2, 0, 0]}"
misc/SPARK2/Ada-SPARK-Beautiful-Arrangement,,thinned,20,ho,killed,,killed,contract,"{""tests.adb"": [1, 1, 0], ""own_checks.adb"": [2, 0, 0]}"
misc/SPARK2/Ada-SPARK-Beautiful-Arrangement,,thinned,23,B,killed,,killed,test_check,"{""tests.adb"": [1, 1, 0], ""own_checks.adb"": [2, 0, 0]}"
misc/SPARK2/Ada-SPARK-Beautiful-Arrangement,,thinned,24,ho,killed,,killed,runtime_error,"{""tests.adb"": [1, 1, 0], ""own_checks.adb"": [2, 0, 0]}"
misc/SPARK2/Ada-SPARK-Beautiful-Arrangement,,thinned,26,C,killed,,killed,runtime_error,"{""tests.adb"": [1, 1, 0], ""own_checks.adb"": [2, 0, 0]}"
misc/SPARK2/Ada-SPARK-Beautiful-Arrangement,,thinned,27,ho,killed,,killed,contract,"{""tests.adb"": [1, 1, 0], ""own_checks.adb"": [2, 0, 0]}"
misc/SPARK2/Ada-SPARK-Beautiful-Arrangement,,thinned,33,B,killed,,killed,runtime_error,"{""tests.adb"": [1, 1, 0], ""own_checks.adb"": [2, 0, 0]}"
misc/SPARK2/Ada-SPARK-Beautiful-Arrangement,,thinned,34,ho,killed,,killed,contract,"{""tests.adb"": [1, 1, 0], ""own_checks.adb"": [2, 0, 0]}"
misc/SPARK2/Ada-SPARK-Beautiful-Arrangement,,thinned,42,B,killed,,killed,contract,"{""tests.adb"": [1, 1, 0], ""own_checks.adb"": [2, 0, 0]}"
misc/SPARK2/Ada-SPARK-Beautiful-Arrangement,,thinned,43,ho,killed,,killed,contract,"{""tests.adb"": [1, 1, 0], ""own_checks.adb"": [2, 0, 0]}"
misc/SPARK2/Ada-SPARK-Beautiful-Arrangement,,thinned,44,B,killed,,killed,contract,"{""tests.adb"": [1, 1, 0], ""own_checks.adb"": [2, 0, 0]}"
misc/SPARK2/Ada-SPARK-Beautiful-Arrangement,,thinned,45,ho,killed,,killed,contract,"{""tests.adb"": [1, 1, 0], ""own_checks.adb"": [2, 0, 0]}"
misc/SPARK2/Ada-SPARK-Beautiful-Arrangement,,thinned,48,ho,killed,,killed,contract,"{""tests.adb"": [1, 1, 0], ""own_checks.adb"": [2, 0, 0]}"
misc/SPARK2/Ada-SPARK-Beautiful-Arrangement,,thinned,49,ho,killed,,killed,contract,"{""tests.adb"": [1, 1, 0], ""own_checks.adb"": [2, 0, 0]}"
misc/SPARK2/Ada-SPARK-Beautiful-Arrangement,,thinned,50,ho,killed,,killed,contract,"{""tests.adb"": [1, 1, 0], ""own_checks.adb"": [2, 0, 0]}"
misc/SPARK2/Ada-SPARK-Beautiful-Arrangement,,thinned,51,ho,killed,,killed,contract,"{""tests.adb"": [1, 1, 0], ""own_checks.adb"": [2, 0, 0]}"
misc/SPARK2/Ada-SPARK-Beautiful-Arrangement,,thinned,52,ho,killed,,killed,contract,"{""tests.adb"": [1, 1, 0], ""own_checks.adb"": [2, 0, 0]}"
misc/SPARK2/Ada-SPARK-Best-Time-To-Buy-And-Sell-Stock,,full,0,alt,killed,,killed,test_check,
misc/SPARK2/Ada-SPARK-Best-Time-To-Buy-And-Sell-Stock,,full,1,ho,killed,,killed,test_check,
misc/SPARK2/Ada-SPARK-Best-Time-To-Buy-And-Sell-Stock,,full,2,B,killed,,killed,runtime_error,
misc/SPARK2/Ada-SPARK-Best-Time-To-Buy-And-Sell-Stock,,full,3,C,killed,,killed,test_check,
misc/SPARK2/Ada-SPARK-Best-Time-To-Buy-And-Sell-Stock,,full,4,alt,killed,,killed,test_check,
misc/SPARK2/Ada-SPARK-Best-Time-To-Buy-And-Sell-Stock,,full,5,B,killed,,killed,runtime_error,
misc/SPARK2/Ada-SPARK-Best-Time-To-Buy-And-Sell-Stock,,full,6,C,killed,,killed,test_check,
misc/SPARK2/Ada-SPARK-Best-Time-To-Buy-And-Sell-Stock,,full,7,B,killed,,killed,runtime_error,
misc/SPARK2/Ada-SPARK-Best-Time-To-Buy-And-Sell-Stock,,full,8,C,killed,,killed,test_check,
misc/SPARK2/Ada-SPARK-Best-Time-To-Buy-And-Sell-Stock,,full,10,C,killed,,killed,test_check,
misc/SPARK2/Ada-SPARK-Best-Time-To-Buy-And-Sell-Stock,,full,12,B,killed,,killed,runtime_error,
misc/SPARK2/Ada-SPARK-Best-Time-To-Buy-And-Sell-Stock,,full,14,C,killed,,killed,test_check,
misc/SPARK2/Ada-SPARK-Best-Time-To-Buy-And-Sell-Stock,,full,16,B,killed,,killed,test_check,
misc/SPARK2/Ada-SPARK-Best-Time-To-Buy-And-Sell-Stock,,full,17,B,killed,,killed,test_check,
misc/SPARK2/Ada-SPARK-Best-Time-To-Buy-And-Sell-Stock,,full,18,B,killed,,killed,test_check,
misc/SPARK2/Ada-SPARK-Best-Time-To-Buy-And-Sell-Stock,,full,19,B,killed,,killed,test_check,
misc/SPARK2/Ada-SPARK-Best-Time-To-Buy-And-Sell-Stock,,full,20,B,killed,,killed,runtime_error,
misc/SPARK2/Ada-SPARK-Best-Time-To-Buy-And-Sell-Stock,,full,21,B,killed,,killed,test_check,
misc/SPARK2/Ada-SPARK-Best-Time-To-Buy-And-Sell-Stock,,full,22,B,killed,,killed,runtime_error,
misc/SPARK2/Ada-SPARK-Best-Time-To-Buy-And-Sell-Stock,,full,25,B,killed,,killed,test_check,
misc/SPARK2/Ada-SPARK-Best-Time-To-Buy-And-Sell-Stock,,full,28,B,killed,,killed,test_check,
misc/SPARK2/Ada-SPARK-Best-Time-To-Buy-And-Sell-Stock,,full,29,B,killed,,killed,runtime_error,
misc/SPARK2/Ada-SPARK-Best-Time-To-Buy-And-Sell-Stock,,full,32,B,killed,,killed,runtime_error,
misc/SPARK2/Ada-SPARK-Best-Time-To-Buy-And-Sell-Stock,,full,33,B,killed,,killed,test_check,
misc/SPARK2/Ada-SPARK-Best-Time-To-Buy-And-Sell-Stock,,full,34,B,killed,,killed,test_check,
misc/SPARK2/Ada-SPARK-Best-Time-To-Buy-And-Sell-Stock,,full,35,B,killed,,killed,test_check,
misc/SPARK2/Ada-SPARK-Best-Time-To-Buy-And-Sell-Stock,,full,37,B,killed,,killed,runtime_error,
misc/SPARK2/Ada-SPARK-Best-Time-To-Buy-And-Sell-Stock,,thinned,0,alt,killed,,killed,test_check,"{""tests.adb"": [1, 0, 0], ""own_checks.adb"": [2, 0, 0]}"
misc/SPARK2/Ada-SPARK-Best-Time-To-Buy-And-Sell-Stock,,thinned,1,ho,killed,,killed,test_check,"{""tests.adb"": [1, 0, 0], ""own_checks.adb"": [2, 0, 0]}"
misc/SPARK2/Ada-SPARK-Best-Time-To-Buy-And-Sell-Stock,,thinned,2,B,killed,,killed,runtime_error,"{""tests.adb"": [1, 0, 0], ""own_checks.adb"": [2, 0, 0]}"
misc/SPARK2/Ada-SPARK-Best-Time-To-Buy-And-Sell-Stock,,thinned,3,C,killed,,killed,test_check,"{""tests.adb"": [1, 0, 0], ""own_checks.adb"": [2, 0, 0]}"
misc/SPARK2/Ada-SPARK-Best-Time-To-Buy-And-Sell-Stock,,thinned,4,alt,killed,,killed,test_check,"{""tests.adb"": [1, 0, 0], ""own_checks.adb"": [2, 0, 0]}"
misc/SPARK2/Ada-SPARK-Best-Time-To-Buy-And-Sell-Stock,,thinned,5,B,killed,,killed,runtime_error,"{""tests.adb"": [1, 0, 0], ""own_checks.adb"": [2, 0, 0]}"
misc/SPARK2/Ada-SPARK-Best-Time-To-Buy-And-Sell-Stock,,thinned,6,C,killed,,killed,test_check,"{""tests.adb"": [1, 0, 0], ""own_checks.adb"": [2, 0, 0]}"
misc/SPARK2/Ada-SPARK-Best-Time-To-Buy-And-Sell-Stock,,thinned,7,B,killed,,killed,runtime_error,"{""tests.adb"": [1, 0, 0], ""own_checks.adb"": [2, 0, 0]}"
misc/SPARK2/Ada-SPARK-Best-Time-To-Buy-And-Sell-Stock,,thinned,8,C,killed,,killed,test_check,"{""tests.adb"": [1, 0, 0], ""own_checks.adb"": [2, 0, 0]}"
misc/SPARK2/Ada-SPARK-Best-Time-To-Buy-And-Sell-Stock,,thinned,10,C,killed,,killed,test_check,"{""tests.adb"": [1, 0, 0], ""own_checks.adb"": [2, 0, 0]}"
misc/SPARK2/Ada-SPARK-Best-Time-To-Buy-And-Sell-Stock,,thinned,12,B,killed,,killed,runtime_error,"{""tests.adb"": [1, 0, 0], ""own_checks.adb"": [2, 0, 0]}"
misc/SPARK2/Ada-SPARK-Best-Time-To-Buy-And-Sell-Stock,,thinned,14,C,killed,,killed,test_check,"{""tests.adb"": [1, 0, 0], ""own_checks.adb"": [2, 0, 0]}"
misc/SPARK2/Ada-SPARK-Best-Time-To-Buy-And-Sell-Stock,,thinned,16,B,killed,,killed,test_check,"{""tests.adb"": [1, 0, 0], ""own_checks.adb"": [2, 0, 0]}"
misc/SPARK2/Ada-SPARK-Best-Time-To-Buy-And-Sell-Stock,,thinned,17,B,killed,,killed,test_check,"{""tests.adb"": [1, 0, 0], ""own_checks.adb"": [2, 0, 0]}"
misc/SPARK2/Ada-SPARK-Best-Time-To-Buy-And-Sell-Stock,,thinned,18,B,killed,,killed,test_check,"{""tests.adb"": [1, 0, 0], ""own_checks.adb"": [2, 0, 0]}"
misc/SPARK2/Ada-SPARK-Best-Time-To-Buy-And-Sell-Stock,,thinned,19,B,killed,,killed,test_check,"{""tests.adb"": [1, 0, 0], ""own_checks.adb"": [2, 0, 0]}"
misc/SPARK2/Ada-SPARK-Best-Time-To-Buy-And-Sell-Stock,,thinned,20,B,killed,,killed,runtime_error,"{""tests.adb"": [1, 0, 0], ""own_checks.adb"": [2, 0, 0]}"
misc/SPARK2/Ada-SPARK-Best-Time-To-Buy-And-Sell-Stock,,thinned,21,B,killed,,killed,test_check,"{""tests.adb"": [1, 0, 0], ""own_checks.adb"": [2, 0, 0]}"
misc/SPARK2/Ada-SPARK-Best-Time-To-Buy-And-Sell-Stock,,thinned,22,B,killed,,killed,runtime_error,"{""tests.adb"": [1, 0, 0], ""own_checks.adb"": [2, 0, 0]}"
misc/SPARK2/Ada-SPARK-Best-Time-To-Buy-And-Sell-Stock,,thinned,25,B,killed,,killed,test_check,"{""tests.adb"": [1, 0, 0], ""own_checks.adb"": [2, 0, 0]}"
misc/SPARK2/Ada-SPARK-Best-Time-To-Buy-And-Sell-Stock,,thinned,28,B,killed,,killed,test_check,"{""tests.adb"": [1, 0, 0], ""own_checks.adb"": [2, 0, 0]}"
misc/SPARK2/Ada-SPARK-Best-Time-To-Buy-And-Sell-Stock,,thinned,29,B,killed,,killed,runtime_error,"{""tests.adb"": [1, 0, 0], ""own_checks.adb"": [2, 0, 0]}"
misc/SPARK2/Ada-SPARK-Best-Time-To-Buy-And-Sell-Stock,,thinned,32,B,killed,,killed,runtime_error,"{""tests.adb"": [1, 0, 0], ""own_checks.adb"": [2, 0, 0]}"
misc/SPARK2/Ada-SPARK-Best-Time-To-Buy-And-Sell-Stock,,thinned,33,B,killed,,killed,test_check,"{""tests.adb"": [1, 0, 0], ""own_checks.adb"": [2, 0, 0]}"
misc/SPARK2/Ada-SPARK-Best-Time-To-Buy-And-Sell-Stock,,thinned,34,B,killed,,killed,test_check,"{""tests.adb"": [1, 0, 0], ""own_checks.adb"": [2, 0, 0]}"
misc/SPARK2/Ada-SPARK-Best-Time-To-Buy-And-Sell-Stock,,thinned,35,B,killed,,killed,test_check,"{""tests.adb"": [1, 0, 0], ""own_checks.adb"": [2, 0, 0]}"
misc/SPARK2/Ada-SPARK-Best-Time-To-Buy-And-Sell-Stock,,thinned,37,B,killed,,killed,runtime_error,"{""tests.adb"": [1, 0, 0], ""own_checks.adb"": [2, 0, 0]}"
misc/SPARK2/Ada-SPARK-Broken-Calculator,,full,0,alt,killed,,killed,runtime_error,
misc/SPARK2/Ada-SPARK-Broken-Calculator,,full,1,ho,killed,,killed,test_check,
misc/SPARK2/Ada-SPARK-Broken-Calculator,,full,4,B,killed,,killed,test_check,
misc/SPARK2/Ada-SPARK-Broken-Calculator,,full,5,alt,killed,,killed,runtime_error,
misc/SPARK2/Ada-SPARK-Broken-Calculator,,full,6,ho,killed,,killed,test_check,
misc/SPARK2/Ada-SPARK-Broken-Calculator,,full,7,B,killed,,killed,contract,
misc/SPARK2/Ada-SPARK-Broken-Calculator,,full,8,alt,killed,,killed,runtime_error,
misc/SPARK2/Ada-SPARK-Broken-Calculator,,full,9,ho,killed,,killed,test_check,
misc/SPARK2/Ada-SPARK-Broken-Calculator,,full,10,B,killed,,killed,contract,
misc/SPARK2/Ada-SPARK-Broken-Calculator,,full,11,alt,killed,,killed,test_check,
misc/SPARK2/Ada-SPARK-Broken-Calculator,,full,12,ho,killed,,killed,test_check,
misc/SPARK2/Ada-SPARK-Broken-Calculator,,full,13,B,killed,,killed,test_check,
misc/SPARK2/Ada-SPARK-Broken-Calculator,,full,14,alt,killed,,killed,test_check,
misc/SPARK2/Ada-SPARK-Broken-Calculator,,full,15,ho,killed,,killed,test_check,
misc/SPARK2/Ada-SPARK-Broken-Calculator,,full,16,B,killed,,killed,test_check,
misc/SPARK2/Ada-SPARK-Broken-Calculator,,full,17,alt,killed,,killed,test_check,
misc/SPARK2/Ada-SPARK-Broken-Calculator,,full,18,ho,killed,,killed,test_check,
misc/SPARK2/Ada-SPARK-Broken-Calculator,,full,19,B,killed,,killed,test_check,
misc/SPARK2/Ada-SPARK-Broken-Calculator,,full,20,alt,killed,,killed,test_check,
misc/SPARK2/Ada-SPARK-Broken-Calculator,,full,21,ho,killed,,killed,runtime_error,
misc/SPARK2/Ada-SPARK-Broken-Calculator,,full,22,B,killed,,killed,test_check,
misc/SPARK2/Ada-SPARK-Broken-Calculator,,full,23,alt,killed,,killed,test_check,
misc/SPARK2/Ada-SPARK-Broken-Calculator,,full,24,ho,killed,,killed,runtime_error,
misc/SPARK2/Ada-SPARK-Broken-Calculator,,full,25,B,killed,,killed,contract,
misc/SPARK2/Ada-SPARK-Broken-Calculator,,full,26,alt,killed,,killed,contract,
misc/SPARK2/Ada-SPARK-Broken-Calculator,,full,27,ho,killed,,killed,test_check,
misc/SPARK2/Ada-SPARK-Broken-Calculator,,full,29,B,killed,,killed,test_check,
misc/SPARK2/Ada-SPARK-Broken-Calculator,,full,30,alt,killed,,killed,test_check,
misc/SPARK2/Ada-SPARK-Broken-Calculator,,full,31,ho,killed,,killed,runtime_error,
misc/SPARK2/Ada-SPARK-Broken-Calculator,,full,33,B,killed,,killed,contract,
misc/SPARK2/Ada-SPARK-Broken-Calculator,,full,34,ho,killed,,killed,runtime_error,
misc/SPARK2/Ada-SPARK-Broken-Calculator,,full,35,B,killed,,killed,contract,
misc/SPARK2/Ada-SPARK-Broken-Calculator,,full,36,ho,killed,,killed,test_check,
misc/SPARK2/Ada-SPARK-Broken-Calculator,,full,37,B,killed,,killed,runtime_error,
misc/SPARK2/Ada-SPARK-Broken-Calculator,,full,38,ho,killed,,killed,test_check,
misc/SPARK2/Ada-SPARK-Broken-Calculator,,full,40,B,killed,,killed,contract,
misc/SPARK2/Ada-SPARK-Broken-Calculator,,full,41,ho,killed,,killed,contract,
misc/SPARK2/Ada-SPARK-Broken-Calculator,,full,43,B,killed,,killed,test_check,
misc/SPARK2/Ada-SPARK-Broken-Calculator,,full,44,ho,killed,,killed,runtime_error,
misc/SPARK2/Ada-SPARK-Broken-Calculator,,full,46,B,killed,,killed,runtime_error,
misc/SPARK2/Ada-SPARK-Broken-Calculator,,full,47,ho,killed,,killed,test_check,
misc/SPARK2/Ada-SPARK-Broken-Calculator,,full,50,B,killed,,killed,contract,
misc/SPARK2/Ada-SPARK-Broken-Calculator,,full,51,ho,killed,,killed,test_check,
misc/SPARK2/Ada-SPARK-Broken-Calculator,,full,53,B,killed,,killed,test_check,
misc/SPARK2/Ada-SPARK-Broken-Calculator,,full,54,ho,killed,,killed,test_check,
misc/SPARK2/Ada-SPARK-Broken-Calculator,,full,56,B,killed,,killed,contract,
misc/SPARK2/Ada-SPARK-Broken-Calculator,,full,57,ho,killed,,killed,runtime_error,
misc/SPARK2/Ada-SPARK-Broken-Calculator,,full,58,B,killed,,killed,test_check,
misc/SPARK2/Ada-SPARK-Broken-Calculator,,thinned,0,alt,killed,,killed,runtime_error,"{""tests.adb"": [1, 1, 0], ""own_checks.adb"": [1, 0, 0]}"
misc/SPARK2/Ada-SPARK-Broken-Calculator,,thinned,1,ho,killed,,killed,test_check,"{""tests.adb"": [1, 1, 0], ""own_checks.adb"": [1, 0, 0]}"
misc/SPARK2/Ada-SPARK-Broken-Calculator,,thinned,4,B,killed,,killed,test_check,"{""tests.adb"": [1, 1, 0], ""own_checks.adb"": [1, 0, 0]}"
misc/SPARK2/Ada-SPARK-Broken-Calculator,,thinned,5,alt,killed,,killed,runtime_error,"{""tests.adb"": [1, 1, 0], ""own_checks.adb"": [1, 0, 0]}"
misc/SPARK2/Ada-SPARK-Broken-Calculator,,thinned,6,ho,killed,,killed,test_check,"{""tests.adb"": [1, 1, 0], ""own_checks.adb"": [1, 0, 0]}"
misc/SPARK2/Ada-SPARK-Broken-Calculator,,thinned,7,B,killed,,killed,contract,"{""tests.adb"": [1, 1, 0], ""own_checks.adb"": [1, 0, 0]}"
misc/SPARK2/Ada-SPARK-Broken-Calculator,,thinned,8,alt,killed,,killed,runtime_error,"{""tests.adb"": [1, 1, 0], ""own_checks.adb"": [1, 0, 0]}"
misc/SPARK2/Ada-SPARK-Broken-Calculator,,thinned,9,ho,killed,,killed,test_check,"{""tests.adb"": [1, 1, 0], ""own_checks.adb"": [1, 0, 0]}"
misc/SPARK2/Ada-SPARK-Broken-Calculator,,thinned,10,B,killed,,killed,contract,"{""tests.adb"": [1, 1, 0], ""own_checks.adb"": [1, 0, 0]}"
misc/SPARK2/Ada-SPARK-Broken-Calculator,,thinned,11,alt,killed,,killed,test_check,"{""tests.adb"": [1, 1, 0], ""own_checks.adb"": [1, 0, 0]}"
misc/SPARK2/Ada-SPARK-Broken-Calculator,,thinned,12,ho,killed,,killed,runtime_error,"{""tests.adb"": [1, 1, 0], ""own_checks.adb"": [1, 0, 0]}"
misc/SPARK2/Ada-SPARK-Broken-Calculator,,thinned,13,B,killed,,killed,test_check,"{""tests.adb"": [1, 1, 0], ""own_checks.adb"": [1, 0, 0]}"
misc/SPARK2/Ada-SPARK-Broken-Calculator,,thinned,14,alt,killed,,killed,test_check,"{""tests.adb"": [1, 1, 0], ""own_checks.adb"": [1, 0, 0]}"
misc/SPARK2/Ada-SPARK-Broken-Calculator,,thinned,15,ho,killed,,killed,test_check,"{""tests.adb"": [1, 1, 0], ""own_checks.adb"": [1, 0, 0]}"
misc/SPARK2/Ada-SPARK-Broken-Calculator,,thinned,16,B,killed,,killed,test_check,"{""tests.adb"": [1, 1, 0], ""own_checks.adb"": [1, 0, 0]}"
misc/SPARK2/Ada-SPARK-Broken-Calculator,,thinned,17,alt,killed,,killed,runtime_error,"{""tests.adb"": [1, 1, 0], ""own_checks.adb"": [1, 0, 0]}"
misc/SPARK2/Ada-SPARK-Broken-Calculator,,thinned,18,ho,killed,,killed,test_check,"{""tests.adb"": [1, 1, 0], ""own_checks.adb"": [1, 0, 0]}"
misc/SPARK2/Ada-SPARK-Broken-Calculator,,thinned,19,B,killed,,killed,test_check,"{""tests.adb"": [1, 1, 0], ""own_checks.adb"": [1, 0, 0]}"
misc/SPARK2/Ada-SPARK-Broken-Calculator,,thinned,20,alt,killed,,killed,test_check,"{""tests.adb"": [1, 1, 0], ""own_checks.adb"": [1, 0, 0]}"
misc/SPARK2/Ada-SPARK-Broken-Calculator,,thinned,21,ho,killed,,killed,runtime_error,"{""tests.adb"": [1, 1, 0], ""own_checks.adb"": [1, 0, 0]}"
misc/SPARK2/Ada-SPARK-Broken-Calculator,,thinned,22,B,killed,,killed,test_check,"{""tests.adb"": [1, 1, 0], ""own_checks.adb"": [1, 0, 0]}"
misc/SPARK2/Ada-SPARK-Broken-Calculator,,thinned,23,alt,killed,,killed,test_check,"{""tests.adb"": [1, 1, 0], ""own_checks.adb"": [1, 0, 0]}"
misc/SPARK2/Ada-SPARK-Broken-Calculator,,thinned,24,ho,killed,,killed,runtime_error,"{""tests.adb"": [1, 1, 0], ""own_checks.adb"": [1, 0, 0]}"
misc/SPARK2/Ada-SPARK-Broken-Calculator,,thinned,25,B,killed,,killed,contract,"{""tests.adb"": [1, 1, 0], ""own_checks.adb"": [1, 0, 0]}"
misc/SPARK2/Ada-SPARK-Broken-Calculator,,thinned,26,alt,killed,,killed,contract,"{""tests.adb"": [1, 1, 0], ""own_checks.adb"": [1, 0, 0]}"
misc/SPARK2/Ada-SPARK-Broken-Calculator,,thinned,27,ho,killed,,killed,test_check,"{""tests.adb"": [1, 1, 0], ""own_checks.adb"": [1, 0, 0]}"
misc/SPARK2/Ada-SPARK-Broken-Calculator,,thinned,29,B,killed,,killed,test_check,"{""tests.adb"": [1, 1, 0], ""own_checks.adb"": [1, 0, 0]}"
misc/SPARK2/Ada-SPARK-Broken-Calculator,,thinned,30,alt,killed,,killed,test_check,"{""tests.adb"": [1, 1, 0], ""own_checks.adb"": [1, 0, 0]}"
misc/SPARK2/Ada-SPARK-Broken-Calculator,,thinned,31,ho,killed,,killed,runtime_error,"{""tests.adb"": [1, 1, 0], ""own_checks.adb"": [1, 0, 0]}"
misc/SPARK2/Ada-SPARK-Broken-Calculator,,thinned,33,B,killed,,killed,contract,"{""tests.adb"": [1, 1, 0], ""own_checks.adb"": [1, 0, 0]}"
misc/SPARK2/Ada-SPARK-Broken-Calculator,,thinned,34,ho,killed,,killed,runtime_error,"{""tests.adb"": [1, 1, 0], ""own_checks.adb"": [1, 0, 0]}"
misc/SPARK2/Ada-SPARK-Broken-Calculator,,thinned,35,B,killed,,killed,contract,"{""tests.adb"": [1, 1, 0], ""own_checks.adb"": [1, 0, 0]}"
misc/SPARK2/Ada-SPARK-Broken-Calculator,,thinned,36,ho,killed,,killed,test_check,"{""tests.adb"": [1, 1, 0], ""own_checks.adb"": [1, 0, 0]}"
misc/SPARK2/Ada-SPARK-Broken-Calculator,,thinned,37,B,killed,,killed,runtime_error,"{""tests.adb"": [1, 1, 0], ""own_checks.adb"": [1, 0, 0]}"
misc/SPARK2/Ada-SPARK-Broken-Calculator,,thinned,38,ho,killed,,killed,runtime_error,"{""tests.adb"": [1, 1, 0], ""own_checks.adb"": [1, 0, 0]}"
misc/SPARK2/Ada-SPARK-Broken-Calculator,,thinned,40,B,killed,,killed,contract,"{""tests.adb"": [1, 1, 0], ""own_checks.adb"": [1, 0, 0]}"
misc/SPARK2/Ada-SPARK-Broken-Calculator,,thinned,41,ho,killed,,killed,runtime_error,"{""tests.adb"": [1, 1, 0], ""own_checks.adb"": [1, 0, 0]}"
misc/SPARK2/Ada-SPARK-Broken-Calculator,,thinned,43,B,killed,,killed,test_check,"{""tests.adb"": [1, 1, 0], ""own_checks.adb"": [1, 0, 0]}"
misc/SPARK2/Ada-SPARK-Broken-Calculator,,thinned,44,ho,killed,,killed,runtime_error,"{""tests.adb"": [1, 1, 0], ""own_checks.adb"": [1, 0, 0]}"
misc/SPARK2/Ada-SPARK-Broken-Calculator,,thinned,46,B,killed,,killed,runtime_error,"{""tests.adb"": [1, 1, 0], ""own_checks.adb"": [1, 0, 0]}"
misc/SPARK2/Ada-SPARK-Broken-Calculator,,thinned,47,ho,killed,,killed,test_check,"{""tests.adb"": [1, 1, 0], ""own_checks.adb"": [1, 0, 0]}"
misc/SPARK2/Ada-SPARK-Broken-Calculator,,thinned,50,B,killed,,killed,contract,"{""tests.adb"": [1, 1, 0], ""own_checks.adb"": [1, 0, 0]}"
misc/SPARK2/Ada-SPARK-Broken-Calculator,,thinned,51,ho,killed,,killed,runtime_error,"{""tests.adb"": [1, 1, 0], ""own_checks.adb"": [1, 0, 0]}"
misc/SPARK2/Ada-SPARK-Broken-Calculator,,thinned,53,B,killed,,killed,test_check,"{""tests.adb"": [1, 1, 0], ""own_checks.adb"": [1, 0, 0]}"
misc/SPARK2/Ada-SPARK-Broken-Calculator,,thinned,54,ho,killed,,killed,test_check,"{""tests.adb"": [1, 1, 0], ""own_checks.adb"": [1, 0, 0]}"
misc/SPARK2/Ada-SPARK-Broken-Calculator,,thinned,56,B,killed,,killed,test_check,"{""tests.adb"": [1, 1, 0], ""own_checks.adb"": [1, 0, 0]}"
misc/SPARK2/Ada-SPARK-Broken-Calculator,,thinned,57,ho,killed,,killed,runtime_error,"{""tests.adb"": [1, 1, 0], ""own_checks.adb"": [1, 0, 0]}"
misc/SPARK2/Ada-SPARK-Broken-Calculator,,thinned,58,B,killed,,killed,test_check,"{""tests.adb"": [1, 1, 0], ""own_checks.adb"": [1, 0, 0]}"
misc/SPARK2/Ada-SPARK-Coin-Change-II,,full,0,alt,killed,,killed,contract,
misc/SPARK2/Ada-SPARK-Coin-Change-II,,full,1,ho,killed,,killed,runtime_error,
misc/SPARK2/Ada-SPARK-Coin-Change-II,,full,5,B,killed,,killed,contract,
misc/SPARK2/Ada-SPARK-Coin-Change-II,,full,6,alt,killed,,killed,contract,
misc/SPARK2/Ada-SPARK-Coin-Change-II,,full,7,ho,killed,,killed,runtime_error,
misc/SPARK2/Ada-SPARK-Coin-Change-II,,full,9,C,killed,,killed,contract,
misc/SPARK2/Ada-SPARK-Coin-Change-II,,full,13,B,killed,,killed,contract,
misc/SPARK2/Ada-SPARK-Coin-Change-II,,full,14,alt,killed,,killed,contract,
misc/SPARK2/Ada-SPARK-Coin-Change-II,,full,15,ho,killed,,killed,runtime_error,
misc/SPARK2/Ada-SPARK-Coin-Change-II,,full,17,C,killed,,killed,runtime_error,
misc/SPARK2/Ada-SPARK-Coin-Change-II,,full,35,alt,killed,,killed,runtime_error,
misc/SPARK2/Ada-SPARK-Coin-Change-II,,full,36,C,killed,,killed,contract,
misc/SPARK2/Ada-SPARK-Coin-Change-II,,full,37,alt,killed,,killed,contract,
misc/SPARK2/Ada-SPARK-Coin-Change-II,,full,38,C,killed,,killed,runtime_error,
misc/SPARK2/Ada-SPARK-Coin-Change-II,,full,39,C,killed,,killed,runtime_error,
misc/SPARK2/Ada-SPARK-Coin-Change-II,,full,40,C,killed,,killed,runtime_error,
misc/SPARK2/Ada-SPARK-Coin-Change-II,,full,41,C,killed,,killed,runtime_error,
misc/SPARK2/Ada-SPARK-Coin-Change-II,,full,42,C,killed,,killed,contract,
misc/SPARK2/Ada-SPARK-Coin-Change-II,,full,43,C,killed,,killed,runtime_error,
misc/SPARK2/Ada-SPARK-Coin-Change-II,,full,44,C,killed,,killed,runtime_error,
misc/SPARK2/Ada-SPARK-Coin-Change-II,,full,45,C,killed,,killed,contract,
misc/SPARK2/Ada-SPARK-Coin-Change-II,,full,47,C,killed,,killed,runtime_error,
misc/SPARK2/Ada-SPARK-Coin-Change-II,,full,48,C,killed,,killed,contract,
misc/SPARK2/Ada-SPARK-Coin-Change-II,,thinned,0,alt,killed,,killed,contract,"{""tests.adb"": [1, 2, 0], ""own_checks.adb"": [1, 0, 0]}"
misc/SPARK2/Ada-SPARK-Coin-Change-II,,thinned,1,ho,killed,,killed,runtime_error,"{""tests.adb"": [1, 2, 0], ""own_checks.adb"": [1, 0, 0]}"
misc/SPARK2/Ada-SPARK-Coin-Change-II,,thinned,5,B,killed,,killed,contract,"{""tests.adb"": [1, 2, 0], ""own_checks.adb"": [1, 0, 0]}"
misc/SPARK2/Ada-SPARK-Coin-Change-II,,thinned,6,alt,killed,,killed,test_check,"{""tests.adb"": [1, 2, 0], ""own_checks.adb"": [1, 0, 0]}"
misc/SPARK2/Ada-SPARK-Coin-Change-II,,thinned,7,ho,killed,,killed,test_check,"{""tests.adb"": [1, 2, 0], ""own_checks.adb"": [1, 0, 0]}"
misc/SPARK2/Ada-SPARK-Coin-Change-II,,thinned,9,C,killed,,killed,contract,"{""tests.adb"": [1, 2, 0], ""own_checks.adb"": [1, 0, 0]}"
misc/SPARK2/Ada-SPARK-Coin-Change-II,,thinned,13,B,killed,,killed,test_check,"{""tests.adb"": [1, 2, 0], ""own_checks.adb"": [1, 0, 0]}"
misc/SPARK2/Ada-SPARK-Coin-Change-II,,thinned,14,alt,killed,,killed,contract,"{""tests.adb"": [1, 2, 0], ""own_checks.adb"": [1, 0, 0]}"
misc/SPARK2/Ada-SPARK-Coin-Change-II,,thinned,15,ho,killed,,killed,test_check,"{""tests.adb"": [1, 2, 0], ""own_checks.adb"": [1, 0, 0]}"
misc/SPARK2/Ada-SPARK-Coin-Change-II,,thinned,17,C,killed,,killed,runtime_error,"{""tests.adb"": [1, 2, 0], ""own_checks.adb"": [1, 0, 0]}"
misc/SPARK2/Ada-SPARK-Coin-Change-II,,thinned,35,alt,killed,,killed,runtime_error,"{""tests.adb"": [1, 2, 0], ""own_checks.adb"": [1, 0, 0]}"
misc/SPARK2/Ada-SPARK-Coin-Change-II,,thinned,36,C,killed,,killed,test_check,"{""tests.adb"": [1, 2, 0], ""own_checks.adb"": [1, 0, 0]}"
misc/SPARK2/Ada-SPARK-Coin-Change-II,,thinned,37,alt,killed,,killed,test_check,"{""tests.adb"": [1, 2, 0], ""own_checks.adb"": [1, 0, 0]}"
misc/SPARK2/Ada-SPARK-Coin-Change-II,,thinned,38,C,killed,,killed,runtime_error,"{""tests.adb"": [1, 2, 0], ""own_checks.adb"": [1, 0, 0]}"
misc/SPARK2/Ada-SPARK-Coin-Change-II,,thinned,39,C,killed,,killed,runtime_error,"{""tests.adb"": [1, 2, 0], ""own_checks.adb"": [1, 0, 0]}"
misc/SPARK2/Ada-SPARK-Coin-Change-II,,thinned,40,C,killed,,killed,test_check,"{""tests.adb"": [1, 2, 0], ""own_checks.adb"": [1, 0, 0]}"
misc/SPARK2/Ada-SPARK-Coin-Change-II,,thinned,41,C,killed,,killed,test_check,"{""tests.adb"": [1, 2, 0], ""own_checks.adb"": [1, 0, 0]}"
misc/SPARK2/Ada-SPARK-Coin-Change-II,,thinned,42,C,killed,,killed,test_check,"{""tests.adb"": [1, 2, 0], ""own_checks.adb"": [1, 0, 0]}"
misc/SPARK2/Ada-SPARK-Coin-Change-II,,thinned,43,C,killed,,killed,runtime_error,"{""tests.adb"": [1, 2, 0], ""own_checks.adb"": [1, 0, 0]}"
misc/SPARK2/Ada-SPARK-Coin-Change-II,,thinned,44,C,killed,,killed,runtime_error,"{""tests.adb"": [1, 2, 0], ""own_checks.adb"": [1, 0, 0]}"
misc/SPARK2/Ada-SPARK-Coin-Change-II,,thinned,45,C,killed,,killed,test_check,"{""tests.adb"": [1, 2, 0], ""own_checks.adb"": [1, 0, 0]}"
misc/SPARK2/Ada-SPARK-Coin-Change-II,,thinned,47,C,killed,,killed,runtime_error,"{""tests.adb"": [1, 2, 0], ""own_checks.adb"": [1, 0, 0]}"
misc/SPARK2/Ada-SPARK-Coin-Change-II,,thinned,48,C,killed,,killed,contract,"{""tests.adb"": [1, 2, 0], ""own_checks.adb"": [1, 0, 0]}"
misc/SPARK2/Ada-SPARK-Combination-Sum-III,,full,0,alt,killed,,killed,contract,
misc/SPARK2/Ada-SPARK-Combination-Sum-III,,full,1,ho,killed,,killed,contract,
misc/SPARK2/Ada-SPARK-Combination-Sum-III,,full,5,B,killed,,killed,contract,
misc/SPARK2/Ada-SPARK-Combination-Sum-III,,full,6,alt,killed,,killed,test_check,
misc/SPARK2/Ada-SPARK-Combination-Sum-III,,full,7,ho,killed,,killed,contract,
misc/SPARK2/Ada-SPARK-Combination-Sum-III,,full,8,B,killed,,killed,contract,
misc/SPARK2/Ada-SPARK-Combination-Sum-III,,full,9,alt,killed,,killed,contract,
misc/SPARK2/Ada-SPARK-Combination-Sum-III,,full,10,ho,killed,,killed,runtime_error,
misc/SPARK2/Ada-SPARK-Combination-Sum-III,,full,11,B,killed,,killed,contract,
misc/SPARK2/Ada-SPARK-Combination-Sum-III,,full,12,alt,killed,,killed,contract,
misc/SPARK2/Ada-SPARK-Combination-Sum-III,,full,13,ho,killed,,killed,contract,
misc/SPARK2/Ada-SPARK-Combination-Sum-III,,full,16,B,killed,,killed,contract,
misc/SPARK2/Ada-SPARK-Combination-Sum-III,,full,17,alt,killed,,killed,contract,
misc/SPARK2/Ada-SPARK-Combination-Sum-III,,full,18,ho,killed,,killed,contract,
misc/SPARK2/Ada-SPARK-Combination-Sum-III,,full,21,B,killed,,killed,contract,
misc/SPARK2/Ada-SPARK-Combination-Sum-III,,full,22,alt,killed,,killed,contract,
misc/SPARK2/Ada-SPARK-Combination-Sum-III,,full,23,ho,killed,,killed,contract,
misc/SPARK2/Ada-SPARK-Combination-Sum-III,,full,24,B,killed,,killed,contract,
misc/SPARK2/Ada-SPARK-Combination-Sum-III,,full,25,alt,killed,proof,survived,,
misc/SPARK2/Ada-SPARK-Combination-Sum-III,,full,26,ho,killed,,killed,contract,
misc/SPARK2/Ada-SPARK-Combination-Sum-III,,full,27,B,killed,,killed,contract,
misc/SPARK2/Ada-SPARK-Combination-Sum-III,,full,28,alt,killed,,killed,contract,
misc/SPARK2/Ada-SPARK-Combination-Sum-III,,full,29,ho,killed,,killed,runtime_error,
misc/SPARK2/Ada-SPARK-Combination-Sum-III,,full,30,B,killed,,killed,contract,
misc/SPARK2/Ada-SPARK-Combination-Sum-III,,full,31,alt,killed,,killed,contract,
misc/SPARK2/Ada-SPARK-Combination-Sum-III,,full,32,ho,killed,,killed,runtime_error,
misc/SPARK2/Ada-SPARK-Combination-Sum-III,,full,33,B,killed,,killed,contract,
misc/SPARK2/Ada-SPARK-Combination-Sum-III,,full,34,alt,killed,,killed,contract,
misc/SPARK2/Ada-SPARK-Combination-Sum-III,,full,35,ho,killed,,killed,runtime_error,
misc/SPARK2/Ada-SPARK-Combination-Sum-III,,full,38,B,killed,,killed,contract,
misc/SPARK2/Ada-SPARK-Combination-Sum-III,,full,39,alt,killed,,killed,runtime_error,
misc/SPARK2/Ada-SPARK-Combination-Sum-III,,full,40,ho,killed,,killed,contract,
misc/SPARK2/Ada-SPARK-Combination-Sum-III,,full,41,B,killed,,killed,contract,
misc/SPARK2/Ada-SPARK-Combination-Sum-III,,full,42,alt,killed,,killed,contract,
misc/SPARK2/Ada-SPARK-Combination-Sum-III,,full,43,ho,killed,,killed,contract,
misc/SPARK2/Ada-SPARK-Combination-Sum-III,,full,48,B,killed,,killed,contract,
misc/SPARK2/Ada-SPARK-Combination-Sum-III,,full,49,alt,killed,,killed,runtime_error,
misc/SPARK2/Ada-SPARK-Combination-Sum-III,,full,50,ho,killed,,killed,contract,
misc/SPARK2/Ada-SPARK-Combination-Sum-III,,full,51,B,killed,,killed,runtime_error,
misc/SPARK2/Ada-SPARK-Combination-Sum-III,,full,52,ho,killed,,killed,contract,
misc/SPARK2/Ada-SPARK-Combination-Sum-III,,full,53,B,killed,,killed,contract,
misc/SPARK2/Ada-SPARK-Combination-Sum-III,,full,54,ho,killed,,killed,runtime_error,
misc/SPARK2/Ada-SPARK-Combination-Sum-III,,full,55,B,killed,,killed,contract,
misc/SPARK2/Ada-SPARK-Combination-Sum-III,,full,56,ho,killed,,killed,contract,
misc/SPARK2/Ada-SPARK-Combination-Sum-III,,full,57,B,killed,,killed,contract,
misc/SPARK2/Ada-SPARK-Combination-Sum-III,,full,58,ho,killed,,killed,contract,
misc/SPARK2/Ada-SPARK-Combination-Sum-III,,full,59,B,killed,,killed,contract,
misc/SPARK2/Ada-SPARK-Combination-Sum-III,,full,60,ho,killed,,killed,contract,
misc/SPARK2/Ada-SPARK-Combination-Sum-III,,thinned,0,alt,killed,,survived,,"{""tests.adb"": [1, 3, 0], ""own_checks.adb"": [1, 1, 0]}"
misc/SPARK2/Ada-SPARK-Combination-Sum-III,,thinned,1,ho,killed,,killed,test_check,"{""tests.adb"": [1, 3, 0], ""own_checks.adb"": [1, 1, 0]}"
misc/SPARK2/Ada-SPARK-Combination-Sum-III,,thinned,5,B,killed,,survived,,"{""tests.adb"": [1, 3, 0], ""own_checks.adb"": [1, 1, 0]}"
misc/SPARK2/Ada-SPARK-Combination-Sum-III,,thinned,6,alt,killed,,survived,,"{""tests.adb"": [1, 3, 0], ""own_checks.adb"": [1, 1, 0]}"
misc/SPARK2/Ada-SPARK-Combination-Sum-III,,thinned,7,ho,killed,,killed,test_check,"{""tests.adb"": [1, 3, 0], ""own_checks.adb"": [1, 1, 0]}"
misc/SPARK2/Ada-SPARK-Combination-Sum-III,,thinned,8,B,killed,,survived,,"{""tests.adb"": [1, 3, 0], ""own_checks.adb"": [1, 1, 0]}"
misc/SPARK2/Ada-SPARK-Combination-Sum-III,,thinned,9,alt,killed,,survived,,"{""tests.adb"": [1, 3, 0], ""own_checks.adb"": [1, 1, 0]}"
misc/SPARK2/Ada-SPARK-Combination-Sum-III,,thinned,10,ho,killed,,survived,,"{""tests.adb"": [1, 3, 0], ""own_checks.adb"": [1, 1, 0]}"
misc/SPARK2/Ada-SPARK-Combination-Sum-III,,thinned,11,B,killed,,survived,,"{""tests.adb"": [1, 3, 0], ""own_checks.adb"": [1, 1, 0]}"
misc/SPARK2/Ada-SPARK-Combination-Sum-III,,thinned,12,alt,killed,,survived,,"{""tests.adb"": [1, 3, 0], ""own_checks.adb"": [1, 1, 0]}"
misc/SPARK2/Ada-SPARK-Combination-Sum-III,,thinned,13,ho,killed,,killed,test_check,"{""tests.adb"": [1, 3, 0], ""own_checks.adb"": [1, 1, 0]}"
misc/SPARK2/Ada-SPARK-Combination-Sum-III,,thinned,16,B,killed,,survived,,"{""tests.adb"": [1, 3, 0], ""own_checks.adb"": [1, 1, 0]}"
misc/SPARK2/Ada-SPARK-Combination-Sum-III,,thinned,17,alt,killed,,survived,,"{""tests.adb"": [1, 3, 0], ""own_checks.adb"": [1, 1, 0]}"
misc/SPARK2/Ada-SPARK-Combination-Sum-III,,thinned,18,ho,killed,,survived,,"{""tests.adb"": [1, 3, 0], ""own_checks.adb"": [1, 1, 0]}"
misc/SPARK2/Ada-SPARK-Combination-Sum-III,,thinned,21,B,killed,,survived,,"{""tests.adb"": [1, 3, 0], ""own_checks.adb"": [1, 1, 0]}"
misc/SPARK2/Ada-SPARK-Combination-Sum-III,,thinned,22,alt,killed,,survived,,"{""tests.adb"": [1, 3, 0], ""own_checks.adb"": [1, 1, 0]}"
misc/SPARK2/Ada-SPARK-Combination-Sum-III,,thinned,23,ho,killed,,killed,test_check,"{""tests.adb"": [1, 3, 0], ""own_checks.adb"": [1, 1, 0]}"
misc/SPARK2/Ada-SPARK-Combination-Sum-III,,thinned,24,B,killed,,survived,,"{""tests.adb"": [1, 3, 0], ""own_checks.adb"": [1, 1, 0]}"
misc/SPARK2/Ada-SPARK-Combination-Sum-III,,thinned,25,alt,killed,proof,survived,,"{""tests.adb"": [1, 3, 0], ""own_checks.adb"": [1, 1, 0]}"
misc/SPARK2/Ada-SPARK-Combination-Sum-III,,thinned,26,ho,killed,,killed,test_check,"{""tests.adb"": [1, 3, 0], ""own_checks.adb"": [1, 1, 0]}"
misc/SPARK2/Ada-SPARK-Combination-Sum-III,,thinned,27,B,killed,,survived,,"{""tests.adb"": [1, 3, 0], ""own_checks.adb"": [1, 1, 0]}"
misc/SPARK2/Ada-SPARK-Combination-Sum-III,,thinned,28,alt,killed,,survived,,"{""tests.adb"": [1, 3, 0], ""own_checks.adb"": [1, 1, 0]}"
misc/SPARK2/Ada-SPARK-Combination-Sum-III,,thinned,29,ho,killed,,killed,test_check,"{""tests.adb"": [1, 3, 0], ""own_checks.adb"": [1, 1, 0]}"
misc/SPARK2/Ada-SPARK-Combination-Sum-III,,thinned,30,B,killed,,survived,,"{""tests.adb"": [1, 3, 0], ""own_checks.adb"": [1, 1, 0]}"
misc/SPARK2/Ada-SPARK-Combination-Sum-III,,thinned,31,alt,killed,,survived,,"{""tests.adb"": [1, 3, 0], ""own_checks.adb"": [1, 1, 0]}"
misc/SPARK2/Ada-SPARK-Combination-Sum-III,,thinned,32,ho,killed,,survived,,"{""tests.adb"": [1, 3, 0], ""own_checks.adb"": [1, 1, 0]}"
misc/SPARK2/Ada-SPARK-Combination-Sum-III,,thinned,33,B,killed,,survived,,"{""tests.adb"": [1, 3, 0], ""own_checks.adb"": [1, 1, 0]}"
misc/SPARK2/Ada-SPARK-Combination-Sum-III,,thinned,34,alt,killed,,survived,,"{""tests.adb"": [1, 3, 0], ""own_checks.adb"": [1, 1, 0]}"
misc/SPARK2/Ada-SPARK-Combination-Sum-III,,thinned,35,ho,killed,,survived,,"{""tests.adb"": [1, 3, 0], ""own_checks.adb"": [1, 1, 0]}"
misc/SPARK2/Ada-SPARK-Combination-Sum-III,,thinned,38,B,killed,,survived,,"{""tests.adb"": [1, 3, 0], ""own_checks.adb"": [1, 1, 0]}"
misc/SPARK2/Ada-SPARK-Combination-Sum-III,,thinned,39,alt,killed,,survived,,"{""tests.adb"": [1, 3, 0], ""own_checks.adb"": [1, 1, 0]}"
misc/SPARK2/Ada-SPARK-Combination-Sum-III,,thinned,40,ho,killed,,killed,test_check,"{""tests.adb"": [1, 3, 0], ""own_checks.adb"": [1, 1, 0]}"
misc/SPARK2/Ada-SPARK-Combination-Sum-III,,thinned,41,B,killed,,survived,,"{""tests.adb"": [1, 3, 0], ""own_checks.adb"": [1, 1, 0]}"
misc/SPARK2/Ada-SPARK-Combination-Sum-III,,thinned,42,alt,killed,,survived,,"{""tests.adb"": [1, 3, 0], ""own_checks.adb"": [1, 1, 0]}"
misc/SPARK2/Ada-SPARK-Combination-Sum-III,,thinned,43,ho,killed,,killed,test_check,"{""tests.adb"": [1, 3, 0], ""own_checks.adb"": [1, 1, 0]}"
misc/SPARK2/Ada-SPARK-Combination-Sum-III,,thinned,48,B,killed,,killed,contract,"{""tests.adb"": [1, 3, 0], ""own_checks.adb"": [1, 1, 0]}"
misc/SPARK2/Ada-SPARK-Combination-Sum-III,,thinned,49,alt,killed,,survived,,"{""tests.adb"": [1, 3, 0], ""own_checks.adb"": [1, 1, 0]}"
misc/SPARK2/Ada-SPARK-Combination-Sum-III,,thinned,50,ho,killed,,killed,test_check,"{""tests.adb"": [1, 3, 0], ""own_checks.adb"": [1, 1, 0]}"
misc/SPARK2/Ada-SPARK-Combination-Sum-III,,thinned,51,B,killed,,survived,,"{""tests.adb"": [1, 3, 0], ""own_checks.adb"": [1, 1, 0]}"
misc/SPARK2/Ada-SPARK-Combination-Sum-III,,thinned,52,ho,killed,,killed,test_check,"{""tests.adb"": [1, 3, 0], ""own_checks.adb"": [1, 1, 0]}"
misc/SPARK2/Ada-SPARK-Combination-Sum-III,,thinned,53,B,killed,,survived,,"{""tests.adb"": [1, 3, 0], ""own_checks.adb"": [1, 1, 0]}"
misc/SPARK2/Ada-SPARK-Combination-Sum-III,,thinned,54,ho,killed,,survived,,"{""tests.adb"": [1, 3, 0], ""own_checks.adb"": [1, 1, 0]}"
misc/SPARK2/Ada-SPARK-Combination-Sum-III,,thinned,55,B,killed,,killed,test_check,"{""tests.adb"": [1, 3, 0], ""own_checks.adb"": [1, 1, 0]}"
misc/SPARK2/Ada-SPARK-Combination-Sum-III,,thinned,56,ho,killed,,killed,test_check,"{""tests.adb"": [1, 3, 0], ""own_checks.adb"": [1, 1, 0]}"
misc/SPARK2/Ada-SPARK-Combination-Sum-III,,thinned,57,B,killed,,survived,,"{""tests.adb"": [1, 3, 0], ""own_checks.adb"": [1, 1, 0]}"
misc/SPARK2/Ada-SPARK-Combination-Sum-III,,thinned,58,ho,killed,,killed,test_check,"{""tests.adb"": [1, 3, 0], ""own_checks.adb"": [1, 1, 0]}"
misc/SPARK2/Ada-SPARK-Combination-Sum-III,,thinned,59,B,killed,,survived,,"{""tests.adb"": [1, 3, 0], ""own_checks.adb"": [1, 1, 0]}"
misc/SPARK2/Ada-SPARK-Combination-Sum-III,,thinned,60,ho,killed,,killed,test_check,"{""tests.adb"": [1, 3, 0], ""own_checks.adb"": [1, 1, 0]}"
misc/SPARK2/Ada-SPARK-Combination-Sum-IV,,full,0,alt,killed,,killed,runtime_error,
misc/SPARK2/Ada-SPARK-Combination-Sum-IV,,full,1,ho,killed,,killed,contract,
misc/SPARK2/Ada-SPARK-Combination-Sum-IV,,full,3,C,killed,,killed,contract,
misc/SPARK2/Ada-SPARK-Combination-Sum-IV,,full,4,B,killed,,killed,runtime_error,
misc/SPARK2/Ada-SPARK-Combination-Sum-IV,,full,5,alt,killed,,killed,runtime_error,
misc/SPARK2/Ada-SPARK-Combination-Sum-IV,,full,6,ho,killed,,killed,runtime_error,
misc/SPARK2/Ada-SPARK-Combination-Sum-IV,,full,8,C,killed,,killed,runtime_error,
misc/SPARK2/Ada-SPARK-Combination-Sum-IV,,full,11,B,killed,,killed,runtime_error,
misc/SPARK2/Ada-SPARK-Combination-Sum-IV,,full,12,alt,killed,,killed,runtime_error,
misc/SPARK2/Ada-SPARK-Combination-Sum-IV,,full,13,ho,killed,,killed,runtime_error,
misc/SPARK2/Ada-SPARK-Combination-Sum-IV,,full,15,C,killed,,killed,contract,
misc/SPARK2/Ada-SPARK-Combination-Sum-IV,,full,16,B,killed,,killed,contract,
misc/SPARK2/Ada-SPARK-Combination-Sum-IV,,full,17,alt,killed,,killed,contract,
misc/SPARK2/Ada-SPARK-Combination-Sum-IV,,full,18,ho,killed,,killed,runtime_error,
misc/SPARK2/Ada-SPARK-Combination-Sum-IV,,full,20,C,killed,,killed,contract,
misc/SPARK2/Ada-SPARK-Combination-Sum-IV,,full,32,B,killed,,killed,contract,
misc/SPARK2/Ada-SPARK-Combination-Sum-IV,,full,33,alt,killed,,killed,contract,
misc/SPARK2/Ada-SPARK-Combination-Sum-IV,,full,34,ho,killed,,killed,contract,
misc/SPARK2/Ada-SPARK-Combination-Sum-IV,,full,35,B,killed,,killed,contract,
misc/SPARK2/Ada-SPARK-Combination-Sum-IV,,full,36,C,killed,,killed,runtime_error,
misc/SPARK2/Ada-SPARK-Combination-Sum-IV,,full,37,alt,killed,,killed,runtime_error,
misc/SPARK2/Ada-SPARK-Combination-Sum-IV,,full,38,ho,killed,,killed,runtime_error,
misc/SPARK2/Ada-SPARK-Combination-Sum-IV,,full,40,alt,killed,,killed,runtime_error,
misc/SPARK2/Ada-SPARK-Combination-Sum-IV,,full,41,ho,killed,,killed,contract,
misc/SPARK2/Ada-SPARK-Combination-Sum-IV,,full,42,C,killed,,killed,contract,
misc/SPARK2/Ada-SPARK-Combination-Sum-IV,,full,43,alt,killed,,killed,runtime_error,
misc/SPARK2/Ada-SPARK-Combination-Sum-IV,,full,44,ho,killed,,killed,contract,
misc/SPARK2/Ada-SPARK-Combination-Sum-IV,,full,45,alt,killed,,killed,contract,
misc/SPARK2/Ada-SPARK-Combination-Sum-IV,,full,46,ho,killed,,killed,contract,
misc/SPARK2/Ada-SPARK-Combination-Sum-IV,,full,47,alt,killed,,killed,runtime_error,
misc/SPARK2/Ada-SPARK-Combination-Sum-IV,,full,48,ho,killed,,killed,contract,
misc/SPARK2/Ada-SPARK-Combination-Sum-IV,,full,49,alt,killed,,killed,contract,
misc/SPARK2/Ada-SPARK-Combination-Sum-IV,,full,50,ho,killed,,killed,runtime_error,
misc/SPARK2/Ada-SPARK-Combination-Sum-IV,,full,52,ho,killed,,killed,runtime_error,
misc/SPARK2/Ada-SPARK-Combination-Sum-IV,,full,53,alt,killed,,killed,test_check,
misc/SPARK2/Ada-SPARK-Combination-Sum-IV,,full,54,ho,killed,,killed,runtime_error,
misc/SPARK2/Ada-SPARK-Combination-Sum-IV,,full,55,alt,killed,,killed,contract,
misc/SPARK2/Ada-SPARK-Combination-Sum-IV,,full,56,ho,killed,,killed,contract,
misc/SPARK2/Ada-SPARK-Combination-Sum-IV,,full,57,ho,killed,,killed,contract,
misc/SPARK2/Ada-SPARK-Combination-Sum-IV,,full,58,ho,killed,,killed,contract,
misc/SPARK2/Ada-SPARK-Combination-Sum-IV,,full,59,ho,killed,,killed,contract,
misc/SPARK2/Ada-SPARK-Combination-Sum-IV,,thinned,0,alt,killed,,killed,runtime_error,"{""tests.adb"": [1, 2, 0], ""own_checks.adb"": [1, 0, 0]}"
misc/SPARK2/Ada-SPARK-Combination-Sum-IV,,thinned,1,ho,killed,,killed,test_check,"{""tests.adb"": [1, 2, 0], ""own_checks.adb"": [1, 0, 0]}"
misc/SPARK2/Ada-SPARK-Combination-Sum-IV,,thinned,3,C,killed,,killed,test_check,"{""tests.adb"": [1, 2, 0], ""own_checks.adb"": [1, 0, 0]}"
misc/SPARK2/Ada-SPARK-Combination-Sum-IV,,thinned,4,B,killed,,killed,runtime_error,"{""tests.adb"": [1, 2, 0], ""own_checks.adb"": [1, 0, 0]}"
misc/SPARK2/Ada-SPARK-Combination-Sum-IV,,thinned,5,alt,killed,,killed,runtime_error,"{""tests.adb"": [1, 2, 0], ""own_checks.adb"": [1, 0, 0]}"
misc/SPARK2/Ada-SPARK-Combination-Sum-IV,,thinned,6,ho,killed,,killed,test_check,"{""tests.adb"": [1, 2, 0], ""own_checks.adb"": [1, 0, 0]}"
misc/SPARK2/Ada-SPARK-Combination-Sum-IV,,thinned,8,C,killed,,killed,runtime_error,"{""tests.adb"": [1, 2, 0], ""own_checks.adb"": [1, 0, 0]}"
misc/SPARK2/Ada-SPARK-Combination-Sum-IV,,thinned,11,B,killed,,killed,runtime_error,"{""tests.adb"": [1, 2, 0], ""own_checks.adb"": [1, 0, 0]}"
misc/SPARK2/Ada-SPARK-Combination-Sum-IV,,thinned,12,alt,killed,,killed,runtime_error,"{""tests.adb"": [1, 2, 0], ""own_checks.adb"": [1, 0, 0]}"
misc/SPARK2/Ada-SPARK-Combination-Sum-IV,,thinned,13,ho,killed,,killed,test_check,"{""tests.adb"": [1, 2, 0], ""own_checks.adb"": [1, 0, 0]}"
misc/SPARK2/Ada-SPARK-Combination-Sum-IV,,thinned,15,C,killed,,killed,test_check,"{""tests.adb"": [1, 2, 0], ""own_checks.adb"": [1, 0, 0]}"
misc/SPARK2/Ada-SPARK-Combination-Sum-IV,,thinned,16,B,killed,,killed,test_check,"{""tests.adb"": [1, 2, 0], ""own_checks.adb"": [1, 0, 0]}"
misc/SPARK2/Ada-SPARK-Combination-Sum-IV,,thinned,17,alt,killed,,killed,test_check,"{""tests.adb"": [1, 2, 0], ""own_checks.adb"": [1, 0, 0]}"
misc/SPARK2/Ada-SPARK-Combination-Sum-IV,,thinned,18,ho,killed,,killed,test_check,"{""tests.adb"": [1, 2, 0], ""own_checks.adb"": [1, 0, 0]}"
misc/SPARK2/Ada-SPARK-Combination-Sum-IV,,thinned,20,C,killed,,killed,test_check,"{""tests.adb"": [1, 2, 0], ""own_checks.adb"": [1, 0, 0]}"
misc/SPARK2/Ada-SPARK-Combination-Sum-IV,,thinned,32,B,killed,,killed,test_check,"{""tests.adb"": [1, 2, 0], ""own_checks.adb"": [1, 0, 0]}"
misc/SPARK2/Ada-SPARK-Combination-Sum-IV,,thinned,33,alt,killed,,killed,test_check,"{""tests.adb"": [1, 2, 0], ""own_checks.adb"": [1, 0, 0]}"
misc/SPARK2/Ada-SPARK-Combination-Sum-IV,,thinned,34,ho,killed,,killed,test_check,"{""tests.adb"": [1, 2, 0], ""own_checks.adb"": [1, 0, 0]}"
misc/SPARK2/Ada-SPARK-Combination-Sum-IV,,thinned,35,B,killed,,killed,test_check,"{""tests.adb"": [1, 2, 0], ""own_checks.adb"": [1, 0, 0]}"
misc/SPARK2/Ada-SPARK-Combination-Sum-IV,,thinned,36,C,killed,,killed,runtime_error,"{""tests.adb"": [1, 2, 0], ""own_checks.adb"": [1, 0, 0]}"
misc/SPARK2/Ada-SPARK-Combination-Sum-IV,,thinned,37,alt,killed,,killed,runtime_error,"{""tests.adb"": [1, 2, 0], ""own_checks.adb"": [1, 0, 0]}"
misc/SPARK2/Ada-SPARK-Combination-Sum-IV,,thinned,38,ho,killed,,killed,test_check,"{""tests.adb"": [1, 2, 0], ""own_checks.adb"": [1, 0, 0]}"
misc/SPARK2/Ada-SPARK-Combination-Sum-IV,,thinned,40,alt,killed,,killed,runtime_error,"{""tests.adb"": [1, 2, 0], ""own_checks.adb"": [1, 0, 0]}"
misc/SPARK2/Ada-SPARK-Combination-Sum-IV,,thinned,41,ho,killed,,killed,test_check,"{""tests.adb"": [1, 2, 0], ""own_checks.adb"": [1, 0, 0]}"
misc/SPARK2/Ada-SPARK-Combination-Sum-IV,,thinned,42,C,killed,,killed,contract,"{""tests.adb"": [1, 2, 0], ""own_checks.adb"": [1, 0, 0]}"
misc/SPARK2/Ada-SPARK-Combination-Sum-IV,,thinned,43,alt,killed,,killed,runtime_error,"{""tests.adb"": [1, 2, 0], ""own_checks.adb"": [1, 0, 0]}"
misc/SPARK2/Ada-SPARK-Combination-Sum-IV,,thinned,44,ho,killed,,killed,test_check,"{""tests.adb"": [1, 2, 0], ""own_checks.adb"": [1, 0, 0]}"
misc/SPARK2/Ada-SPARK-Combination-Sum-IV,,thinned,45,alt,killed,,killed,test_check,"{""tests.adb"": [1, 2, 0], ""own_checks.adb"": [1, 0, 0]}"
misc/SPARK2/Ada-SPARK-Combination-Sum-IV,,thinned,46,ho,killed,,killed,test_check,"{""tests.adb"": [1, 2, 0], ""own_checks.adb"": [1, 0, 0]}"
misc/SPARK2/Ada-SPARK-Combination-Sum-IV,,thinned,47,alt,killed,,killed,runtime_error,"{""tests.adb"": [1, 2, 0], ""own_checks.adb"": [1, 0, 0]}"
misc/SPARK2/Ada-SPARK-Combination-Sum-IV,,thinned,48,ho,killed,,killed,test_check,"{""tests.adb"": [1, 2, 0], ""own_checks.adb"": [1, 0, 0]}"
misc/SPARK2/Ada-SPARK-Combination-Sum-IV,,thinned,49,alt,killed,,killed,test_check,"{""tests.adb"": [1, 2, 0], ""own_checks.adb"": [1, 0, 0]}"
misc/SPARK2/Ada-SPARK-Combination-Sum-IV,,thinned,50,ho,killed,,killed,test_check,"{""tests.adb"": [1, 2, 0], ""own_checks.adb"": [1, 0, 0]}"
misc/SPARK2/Ada-SPARK-Combination-Sum-IV,,thinned,52,ho,killed,,killed,test_check,"{""tests.adb"": [1, 2, 0], ""own_checks.adb"": [1, 0, 0]}"
misc/SPARK2/Ada-SPARK-Combination-Sum-IV,,thinned,53,alt,killed,,killed,test_check,"{""tests.adb"": [1, 2, 0], ""own_checks.adb"": [1, 0, 0]}"
misc/SPARK2/Ada-SPARK-Combination-Sum-IV,,thinned,54,ho,killed,,killed,test_check,"{""tests.adb"": [1, 2, 0], ""own_checks.adb"": [1, 0, 0]}"
misc/SPARK2/Ada-SPARK-Combination-Sum-IV,,thinned,55,alt,killed,,killed,test_check,"{""tests.adb"": [1, 2, 0], ""own_checks.adb"": [1, 0, 0]}"
misc/SPARK2/Ada-SPARK-Combination-Sum-IV,,thinned,56,ho,killed,,killed,test_check,"{""tests.adb"": [1, 2, 0], ""own_checks.adb"": [1, 0, 0]}"
misc/SPARK2/Ada-SPARK-Combination-Sum-IV,,thinned,57,ho,killed,,killed,test_check,"{""tests.adb"": [1, 2, 0], ""own_checks.adb"": [1, 0, 0]}"
misc/SPARK2/Ada-SPARK-Combination-Sum-IV,,thinned,58,ho,killed,,killed,test_check,"{""tests.adb"": [1, 2, 0], ""own_checks.adb"": [1, 0, 0]}"
misc/SPARK2/Ada-SPARK-Combination-Sum-IV,,thinned,59,ho,killed,,killed,test_check,"{""tests.adb"": [1, 2, 0], ""own_checks.adb"": [1, 0, 0]}"
misc/SPARK2/Ada-SPARK-Covariance,,full,0,alt,killed,,killed,test_check,
misc/SPARK2/Ada-SPARK-Covariance,,full,1,ho,killed,,killed,test_check,
misc/SPARK2/Ada-SPARK-Covariance,,full,4,alt,killed,,killed,test_check,
misc/SPARK2/Ada-SPARK-Covariance,,full,5,ho,killed,,killed,test_check,
misc/SPARK2/Ada-SPARK-Covariance,,full,6,alt,killed,,killed,test_check,
misc/SPARK2/Ada-SPARK-Covariance,,full,7,ho,killed,,killed,test_check,
misc/SPARK2/Ada-SPARK-Covariance,,full,8,alt,killed,,killed,runtime_error,
misc/SPARK2/Ada-SPARK-Covariance,,full,9,ho,killed,,killed,test_check,
misc/SPARK2/Ada-SPARK-Covariance,,full,10,ho,killed,,killed,test_check,
misc/SPARK2/Ada-SPARK-Covariance,,full,11,ho,killed,,killed,test_check,
misc/SPARK2/Ada-SPARK-Covariance,,full,12,ho,killed,,killed,test_check,
misc/SPARK2/Ada-SPARK-Covariance,,full,13,ho,killed,,killed,test_check,
misc/SPARK2/Ada-SPARK-Covariance,,full,14,ho,killed,,killed,test_check,
misc/SPARK2/Ada-SPARK-Covariance,,full,15,ho,killed,,killed,test_check,
misc/SPARK2/Ada-SPARK-Covariance,,full,16,ho,killed,,killed,test_check,
misc/SPARK2/Ada-SPARK-Covariance,,full,17,ho,killed,,killed,test_check,
misc/SPARK2/Ada-SPARK-Covariance,,full,18,ho,killed,,killed,test_check,
misc/SPARK2/Ada-SPARK-Covariance,,full,19,ho,killed,,killed,test_check,
misc/SPARK2/Ada-SPARK-Covariance,,full,20,ho,killed,,killed,test_check,
misc/SPARK2/Ada-SPARK-Covariance,,full,21,ho,killed,,killed,test_check,
misc/SPARK2/Ada-SPARK-Covariance,,full,22,ho,killed,,killed,test_check,
misc/SPARK2/Ada-SPARK-Covariance,,full,23,ho,killed,,killed,test_check,
misc/SPARK2/Ada-SPARK-Covariance,,full,24,ho,killed,,killed,test_check,
misc/SPARK2/Ada-SPARK-Covariance,,full,25,ho,killed,,killed,test_check,
misc/SPARK2/Ada-SPARK-Covariance,,full,26,ho,killed,,killed,test_check,
misc/SPARK2/Ada-SPARK-Covariance,,full,27,ho,killed,,killed,test_check,
misc/SPARK2/Ada-SPARK-Covariance,,thinned,0,alt,killed,,killed,test_check,"{""tests.adb"": [1, 2, 0], ""own_checks.adb"": [1, 0, 0]}"
misc/SPARK2/Ada-SPARK-Covariance,,thinned,1,ho,killed,,killed,test_check,"{""tests.adb"": [1, 2, 0], ""own_checks.adb"": [1, 0, 0]}"
misc/SPARK2/Ada-SPARK-Covariance,,thinned,4,alt,killed,,killed,test_check,"{""tests.adb"": [1, 2, 0], ""own_checks.adb"": [1, 0, 0]}"
misc/SPARK2/Ada-SPARK-Covariance,,thinned,5,ho,killed,,killed,test_check,"{""tests.adb"": [1, 2, 0], ""own_checks.adb"": [1, 0, 0]}"
misc/SPARK2/Ada-SPARK-Covariance,,thinned,6,alt,killed,,killed,test_check,"{""tests.adb"": [1, 2, 0], ""own_checks.adb"": [1, 0, 0]}"
misc/SPARK2/Ada-SPARK-Covariance,,thinned,7,ho,killed,,killed,test_check,"{""tests.adb"": [1, 2, 0], ""own_checks.adb"": [1, 0, 0]}"
misc/SPARK2/Ada-SPARK-Covariance,,thinned,8,alt,killed,,killed,runtime_error,"{""tests.adb"": [1, 2, 0], ""own_checks.adb"": [1, 0, 0]}"
misc/SPARK2/Ada-SPARK-Covariance,,thinned,9,ho,killed,,killed,test_check,"{""tests.adb"": [1, 2, 0], ""own_checks.adb"": [1, 0, 0]}"
misc/SPARK2/Ada-SPARK-Covariance,,thinned,10,ho,killed,,killed,test_check,"{""tests.adb"": [1, 2, 0], ""own_checks.adb"": [1, 0, 0]}"
misc/SPARK2/Ada-SPARK-Covariance,,thinned,11,ho,killed,,killed,test_check,"{""tests.adb"": [1, 2, 0], ""own_checks.adb"": [1, 0, 0]}"
misc/SPARK2/Ada-SPARK-Covariance,,thinned,12,ho,killed,,killed,test_check,"{""tests.adb"": [1, 2, 0], ""own_checks.adb"": [1, 0, 0]}"
misc/SPARK2/Ada-SPARK-Covariance,,thinned,13,ho,killed,,killed,test_check,"{""tests.adb"": [1, 2, 0], ""own_checks.adb"": [1, 0, 0]}"
misc/SPARK2/Ada-SPARK-Covariance,,thinned,14,ho,killed,,killed,test_check,"{""tests.adb"": [1, 2, 0], ""own_checks.adb"": [1, 0, 0]}"
misc/SPARK2/Ada-SPARK-Covariance,,thinned,15,ho,killed,,killed,test_check,"{""tests.adb"": [1, 2, 0], ""own_checks.adb"": [1, 0, 0]}"
misc/SPARK2/Ada-SPARK-Covariance,,thinned,16,ho,killed,,killed,test_check,"{""tests.adb"": [1, 2, 0], ""own_checks.adb"": [1, 0, 0]}"
misc/SPARK2/Ada-SPARK-Covariance,,thinned,17,ho,killed,,killed,test_check,"{""tests.adb"": [1, 2, 0], ""own_checks.adb"": [1, 0, 0]}"
misc/SPARK2/Ada-SPARK-Covariance,,thinned,18,ho,killed,,killed,test_check,"{""tests.adb"": [1, 2, 0], ""own_checks.adb"": [1, 0, 0]}"
misc/SPARK2/Ada-SPARK-Covariance,,thinned,19,ho,killed,,killed,test_check,"{""tests.adb"": [1, 2, 0], ""own_checks.adb"": [1, 0, 0]}"
misc/SPARK2/Ada-SPARK-Covariance,,thinned,20,ho,killed,,killed,test_check,"{""tests.adb"": [1, 2, 0], ""own_checks.adb"": [1, 0, 0]}"
misc/SPARK2/Ada-SPARK-Covariance,,thinned,21,ho,killed,,killed,test_check,"{""tests.adb"": [1, 2, 0], ""own_checks.adb"": [1, 0, 0]}"
misc/SPARK2/Ada-SPARK-Covariance,,thinned,22,ho,killed,,killed,test_check,"{""tests.adb"": [1, 2, 0], ""own_checks.adb"": [1, 0, 0]}"
misc/SPARK2/Ada-SPARK-Covariance,,thinned,23,ho,killed,,killed,test_check,"{""tests.adb"": [1, 2, 0], ""own_checks.adb"": [1, 0, 0]}"
misc/SPARK2/Ada-SPARK-Covariance,,thinned,24,ho,killed,,killed,test_check,"{""tests.adb"": [1, 2, 0], ""own_checks.adb"": [1, 0, 0]}"
misc/SPARK2/Ada-SPARK-Covariance,,thinned,25,ho,killed,,killed,test_check,"{""tests.adb"": [1, 2, 0], ""own_checks.adb"": [1, 0, 0]}"
misc/SPARK2/Ada-SPARK-Covariance,,thinned,26,ho,killed,,killed,test_check,"{""tests.adb"": [1, 2, 0], ""own_checks.adb"": [1, 0, 0]}"
misc/SPARK2/Ada-SPARK-Covariance,,thinned,27,ho,killed,,killed,test_check,"{""tests.adb"": [1, 2, 0], ""own_checks.adb"": [1, 0, 0]}"
misc/SPARK2/Ada-SPARK-Decode-Ways,,full,0,alt,killed,,killed,contract,
misc/SPARK2/Ada-SPARK-Decode-Ways,,full,1,ho,killed,,killed,runtime_error,
misc/SPARK2/Ada-SPARK-Decode-Ways,,full,2,B,killed,,killed,contract,
misc/SPARK2/Ada-SPARK-Decode-Ways,,full,3,C,killed,,killed,runtime_error,
misc/SPARK2/Ada-SPARK-Decode-Ways,,full,5,ho,killed,,killed,contract,
misc/SPARK2/Ada-SPARK-Decode-Ways,,full,7,C,killed,,killed,contract,
misc/SPARK2/Ada-SPARK-Decode-Ways,,full,8,alt,killed,,killed,runtime_error,
misc/SPARK2/Ada-SPARK-Decode-Ways,,full,10,B,killed,,killed,contract,
misc/SPARK2/Ada-SPARK-Decode-Ways,,full,11,alt,killed,,killed,runtime_error,
misc/SPARK2/Ada-SPARK-Decode-Ways,,full,12,ho,killed,,killed,contract,
misc/SPARK2/Ada-SPARK-Decode-Ways,,full,13,B,killed,,killed,contract,
misc/SPARK2/Ada-SPARK-Decode-Ways,,full,14,C,killed,,killed,contract,
misc/SPARK2/Ada-SPARK-Decode-Ways,,full,15,alt,killed,,killed,contract,
misc/SPARK2/Ada-SPARK-Decode-Ways,,full,17,C,killed,,killed,contract,
misc/SPARK2/Ada-SPARK-Decode-Ways,,full,18,B,killed,,killed,runtime_error,
misc/SPARK2/Ada-SPARK-Decode-Ways,,full,19,alt,killed,,killed,contract,
misc/SPARK2/Ada-SPARK-Decode-Ways,,full,20,B,killed,,killed,contract,
misc/SPARK2/Ada-SPARK-Decode-Ways,,full,21,C,killed,,killed,contract,
misc/SPARK2/Ada-SPARK-Decode-Ways,,full,22,alt,killed,,killed,contract,
misc/SPARK2/Ada-SPARK-Decode-Ways,,full,23,B,killed,,killed,contract,
misc/SPARK2/Ada-SPARK-Decode-Ways,,full,24,C,killed,,killed,runtime_error,
misc/SPARK2/Ada-SPARK-Decode-Ways,,full,25,alt,killed,,killed,contract,
misc/SPARK2/Ada-SPARK-Decode-Ways,,full,26,B,killed,,killed,contract,
misc/SPARK2/Ada-SPARK-Decode-Ways,,full,28,C,killed,,killed,runtime_error,
misc/SPARK2/Ada-SPARK-Decode-Ways,,full,29,alt,killed,,killed,runtime_error,
misc/SPARK2/Ada-SPARK-Decode-Ways,,full,31,C,killed,,killed,contract,
misc/SPARK2/Ada-SPARK-Decode-Ways,,full,32,B,killed,,killed,contract,
misc/SPARK2/Ada-SPARK-Decode-Ways,,full,33,alt,killed,,killed,contract,
misc/SPARK2/Ada-SPARK-Decode-Ways,,full,34,B,killed,,killed,runtime_error,
misc/SPARK2/Ada-SPARK-Decode-Ways,,full,36,C,killed,,killed,runtime_error,
misc/SPARK2/Ada-SPARK-Decode-Ways,,full,37,B,killed,,killed,contract,
misc/SPARK2/Ada-SPARK-Decode-Ways,,full,38,C,killed,,killed,contract,
misc/SPARK2/Ada-SPARK-Decode-Ways,,full,40,C,killed,,killed,contract,
misc/SPARK2/Ada-SPARK-Decode-Ways,,full,44,B,killed,,killed,contract,
misc/SPARK2/Ada-SPARK-Decode-Ways,,full,46,C,killed,,killed,contract,
misc/SPARK2/Ada-SPARK-Decode-Ways,,full,47,B,killed,,killed,contract,
misc/SPARK2/Ada-SPARK-Decode-Ways,,full,49,C,killed,,killed,runtime_error,
misc/SPARK2/Ada-SPARK-Decode-Ways,,full,51,B,killed,,killed,contract,
misc/SPARK2/Ada-SPARK-Decode-Ways,,full,52,B,killed,,killed,contract,
misc/SPARK2/Ada-SPARK-Decode-Ways,,full,53,C,killed,,killed,contract,
misc/SPARK2/Ada-SPARK-Decode-Ways,,full,56,B,killed,,killed,contract,
misc/SPARK2/Ada-SPARK-Decode-Ways,,full,57,C,killed,,killed,runtime_error,
misc/SPARK2/Ada-SPARK-Decode-Ways,,full,58,B,killed,,killed,contract,
misc/SPARK2/Ada-SPARK-Decode-Ways,,full,59,B,killed,,killed,contract,
misc/SPARK2/Ada-SPARK-Decode-Ways,,full,61,B,killed,,killed,runtime_error,
misc/SPARK2/Ada-SPARK-Decode-Ways,,full,62,B,killed,,killed,contract,
misc/SPARK2/Ada-SPARK-Decode-Ways,,full,65,B,killed,,killed,contract,
misc/SPARK2/Ada-SPARK-Decode-Ways,,full,69,B,killed,,killed,contract,
misc/SPARK2/Ada-SPARK-Decode-Ways,,thinned,0,alt,killed,,killed,contract,"{""tests.adb"": [1, 0, 1], ""own_checks.adb"": [2, 0, 0]}"
misc/SPARK2/Ada-SPARK-Decode-Ways,,thinned,1,ho,killed,,killed,runtime_error,"{""tests.adb"": [1, 0, 1], ""own_checks.adb"": [2, 0, 0]}"
misc/SPARK2/Ada-SPARK-Decode-Ways,,thinned,2,B,killed,,killed,contract,"{""tests.adb"": [1, 0, 1], ""own_checks.adb"": [2, 0, 0]}"
misc/SPARK2/Ada-SPARK-Decode-Ways,,thinned,3,C,killed,,killed,runtime_error,"{""tests.adb"": [1, 0, 1], ""own_checks.adb"": [2, 0, 0]}"
misc/SPARK2/Ada-SPARK-Decode-Ways,,thinned,5,ho,killed,,killed,contract,"{""tests.adb"": [1, 0, 1], ""own_checks.adb"": [2, 0, 0]}"
misc/SPARK2/Ada-SPARK-Decode-Ways,,thinned,7,C,killed,,killed,contract,"{""tests.adb"": [1, 0, 1], ""own_checks.adb"": [2, 0, 0]}"
misc/SPARK2/Ada-SPARK-Decode-Ways,,thinned,8,alt,killed,,killed,runtime_error,"{""tests.adb"": [1, 0, 1], ""own_checks.adb"": [2, 0, 0]}"
misc/SPARK2/Ada-SPARK-Decode-Ways,,thinned,10,B,killed,,killed,contract,"{""tests.adb"": [1, 0, 1], ""own_checks.adb"": [2, 0, 0]}"
misc/SPARK2/Ada-SPARK-Decode-Ways,,thinned,11,alt,killed,,killed,runtime_error,"{""tests.adb"": [1, 0, 1], ""own_checks.adb"": [2, 0, 0]}"
misc/SPARK2/Ada-SPARK-Decode-Ways,,thinned,12,ho,killed,,killed,contract,"{""tests.adb"": [1, 0, 1], ""own_checks.adb"": [2, 0, 0]}"
misc/SPARK2/Ada-SPARK-Decode-Ways,,thinned,13,B,killed,,killed,contract,"{""tests.adb"": [1, 0, 1], ""own_checks.adb"": [2, 0, 0]}"
misc/SPARK2/Ada-SPARK-Decode-Ways,,thinned,14,C,killed,,killed,contract,"{""tests.adb"": [1, 0, 1], ""own_checks.adb"": [2, 0, 0]}"
misc/SPARK2/Ada-SPARK-Decode-Ways,,thinned,15,alt,killed,,killed,contract,"{""tests.adb"": [1, 0, 1], ""own_checks.adb"": [2, 0, 0]}"
misc/SPARK2/Ada-SPARK-Decode-Ways,,thinned,17,C,killed,,killed,contract,"{""tests.adb"": [1, 0, 1], ""own_checks.adb"": [2, 0, 0]}"
misc/SPARK2/Ada-SPARK-Decode-Ways,,thinned,18,B,killed,,killed,runtime_error,"{""tests.adb"": [1, 0, 1], ""own_checks.adb"": [2, 0, 0]}"
misc/SPARK2/Ada-SPARK-Decode-Ways,,thinned,19,alt,killed,,killed,contract,"{""tests.adb"": [1, 0, 1], ""own_checks.adb"": [2, 0, 0]}"
misc/SPARK2/Ada-SPARK-Decode-Ways,,thinned,20,B,killed,,killed,contract,"{""tests.adb"": [1, 0, 1], ""own_checks.adb"": [2, 0, 0]}"
misc/SPARK2/Ada-SPARK-Decode-Ways,,thinned,21,C,killed,,killed,contract,"{""tests.adb"": [1, 0, 1], ""own_checks.adb"": [2, 0, 0]}"
misc/SPARK2/Ada-SPARK-Decode-Ways,,thinned,22,alt,killed,,killed,contract,"{""tests.adb"": [1, 0, 1], ""own_checks.adb"": [2, 0, 0]}"
misc/SPARK2/Ada-SPARK-Decode-Ways,,thinned,23,B,killed,,killed,contract,"{""tests.adb"": [1, 0, 1], ""own_checks.adb"": [2, 0, 0]}"
misc/SPARK2/Ada-SPARK-Decode-Ways,,thinned,24,C,killed,,killed,runtime_error,"{""tests.adb"": [1, 0, 1], ""own_checks.adb"": [2, 0, 0]}"
misc/SPARK2/Ada-SPARK-Decode-Ways,,thinned,25,alt,killed,,killed,contract,"{""tests.adb"": [1, 0, 1], ""own_checks.adb"": [2, 0, 0]}"
misc/SPARK2/Ada-SPARK-Decode-Ways,,thinned,26,B,killed,,killed,contract,"{""tests.adb"": [1, 0, 1], ""own_checks.adb"": [2, 0, 0]}"
misc/SPARK2/Ada-SPARK-Decode-Ways,,thinned,28,C,killed,,killed,runtime_error,"{""tests.adb"": [1, 0, 1], ""own_checks.adb"": [2, 0, 0]}"
misc/SPARK2/Ada-SPARK-Decode-Ways,,thinned,29,alt,killed,,killed,runtime_error,"{""tests.adb"": [1, 0, 1], ""own_checks.adb"": [2, 0, 0]}"
misc/SPARK2/Ada-SPARK-Decode-Ways,,thinned,31,C,killed,,killed,contract,"{""tests.adb"": [1, 0, 1], ""own_checks.adb"": [2, 0, 0]}"
misc/SPARK2/Ada-SPARK-Decode-Ways,,thinned,32,B,killed,,killed,contract,"{""tests.adb"": [1, 0, 1], ""own_checks.adb"": [2, 0, 0]}"
misc/SPARK2/Ada-SPARK-Decode-Ways,,thinned,33,alt,killed,,killed,contract,"{""tests.adb"": [1, 0, 1], ""own_checks.adb"": [2, 0, 0]}"
misc/SPARK2/Ada-SPARK-Decode-Ways,,thinned,34,B,killed,,killed,runtime_error,"{""tests.adb"": [1, 0, 1], ""own_checks.adb"": [2, 0, 0]}"
misc/SPARK2/Ada-SPARK-Decode-Ways,,thinned,36,C,killed,,killed,runtime_error,"{""tests.adb"": [1, 0, 1], ""own_checks.adb"": [2, 0, 0]}"
misc/SPARK2/Ada-SPARK-Decode-Ways,,thinned,37,B,killed,,killed,contract,"{""tests.adb"": [1, 0, 1], ""own_checks.adb"": [2, 0, 0]}"
misc/SPARK2/Ada-SPARK-Decode-Ways,,thinned,38,C,killed,,killed,contract,"{""tests.adb"": [1, 0, 1], ""own_checks.adb"": [2, 0, 0]}"
misc/SPARK2/Ada-SPARK-Decode-Ways,,thinned,40,C,killed,,killed,contract,"{""tests.adb"": [1, 0, 1], ""own_checks.adb"": [2, 0, 0]}"
misc/SPARK2/Ada-SPARK-Decode-Ways,,thinned,44,B,killed,,killed,contract,"{""tests.adb"": [1, 0, 1], ""own_checks.adb"": [2, 0, 0]}"
misc/SPARK2/Ada-SPARK-Decode-Ways,,thinned,46,C,killed,,killed,contract,"{""tests.adb"": [1, 0, 1], ""own_checks.adb"": [2, 0, 0]}"
misc/SPARK2/Ada-SPARK-Decode-Ways,,thinned,47,B,killed,,killed,contract,"{""tests.adb"": [1, 0, 1], ""own_checks.adb"": [2, 0, 0]}"
misc/SPARK2/Ada-SPARK-Decode-Ways,,thinned,49,C,killed,,killed,runtime_error,"{""tests.adb"": [1, 0, 1], ""own_checks.adb"": [2, 0, 0]}"
misc/SPARK2/Ada-SPARK-Decode-Ways,,thinned,51,B,killed,,killed,contract,"{""tests.adb"": [1, 0, 1], ""own_checks.adb"": [2, 0, 0]}"
misc/SPARK2/Ada-SPARK-Decode-Ways,,thinned,52,B,killed,,killed,contract,"{""tests.adb"": [1, 0, 1], ""own_checks.adb"": [2, 0, 0]}"
misc/SPARK2/Ada-SPARK-Decode-Ways,,thinned,53,C,killed,,killed,contract,"{""tests.adb"": [1, 0, 1], ""own_checks.adb"": [2, 0, 0]}"
misc/SPARK2/Ada-SPARK-Decode-Ways,,thinned,56,B,killed,,killed,contract,"{""tests.adb"": [1, 0, 1], ""own_checks.adb"": [2, 0, 0]}"
misc/SPARK2/Ada-SPARK-Decode-Ways,,thinned,57,C,killed,,killed,runtime_error,"{""tests.adb"": [1, 0, 1], ""own_checks.adb"": [2, 0, 0]}"
misc/SPARK2/Ada-SPARK-Decode-Ways,,thinned,58,B,killed,,killed,contract,"{""tests.adb"": [1, 0, 1], ""own_checks.adb"": [2, 0, 0]}"
misc/SPARK2/Ada-SPARK-Decode-Ways,,thinned,59,B,killed,,killed,contract,"{""tests.adb"": [1, 0, 1], ""own_checks.adb"": [2, 0, 0]}"
misc/SPARK2/Ada-SPARK-Decode-Ways,,thinned,61,B,killed,,killed,runtime_error,"{""tests.adb"": [1, 0, 1], ""own_checks.adb"": [2, 0, 0]}"
misc/SPARK2/Ada-SPARK-Decode-Ways,,thinned,62,B,killed,,killed,contract,"{""tests.adb"": [1, 0, 1], ""own_checks.adb"": [2, 0, 0]}"
misc/SPARK2/Ada-SPARK-Decode-Ways,,thinned,65,B,killed,,killed,contract,"{""tests.adb"": [1, 0, 1], ""own_checks.adb"": [2, 0, 0]}"
misc/SPARK2/Ada-SPARK-Decode-Ways,,thinned,69,B,killed,,killed,contract,"{""tests.adb"": [1, 0, 1], ""own_checks.adb"": [2, 0, 0]}"
misc/SPARK2/Ada-SPARK-Design-Underground-System-Lite,,full,0,alt,killed,,killed,contract,
misc/SPARK2/Ada-SPARK-Design-Underground-System-Lite,,full,1,ho,killed,,killed,contract,
misc/SPARK2/Ada-SPARK-Design-Underground-System-Lite,,full,2,B,killed,,killed,contract,
misc/SPARK2/Ada-SPARK-Design-Underground-System-Lite,,full,3,C,killed,,killed,runtime_error,
misc/SPARK2/Ada-SPARK-Design-Underground-System-Lite,,full,4,alt,killed,,killed,contract,
misc/SPARK2/Ada-SPARK-Design-Underground-System-Lite,,full,6,B,killed,,killed,contract,
misc/SPARK2/Ada-SPARK-Design-Underground-System-Lite,,full,7,C,killed,,killed,contract,
misc/SPARK2/Ada-SPARK-Design-Underground-System-Lite,,full,8,ho,killed,,killed,contract,
misc/SPARK2/Ada-SPARK-Design-Underground-System-Lite,,full,11,C,killed,,killed,runtime_error,
misc/SPARK2/Ada-SPARK-Design-Underground-System-Lite,,full,12,ho,killed,,killed,runtime_error,
misc/SPARK2/Ada-SPARK-Design-Underground-System-Lite,,full,13,ho,killed,,killed,contract,
misc/SPARK2/Ada-SPARK-Design-Underground-System-Lite,,full,14,B,killed,,killed,contract,
misc/SPARK2/Ada-SPARK-Design-Underground-System-Lite,,full,16,B,killed,,killed,contract,
misc/SPARK2/Ada-SPARK-Design-Underground-System-Lite,,full,17,ho,killed,,killed,contract,
misc/SPARK2/Ada-SPARK-Design-Underground-System-Lite,,full,19,B,killed,,killed,contract,
misc/SPARK2/Ada-SPARK-Design-Underground-System-Lite,,full,20,ho,killed,,killed,contract,
misc/SPARK2/Ada-SPARK-Design-Underground-System-Lite,,full,21,ho,killed,,killed,contract,
misc/SPARK2/Ada-SPARK-Design-Underground-System-Lite,,full,23,B,killed,,killed,contract,
misc/SPARK2/Ada-SPARK-Design-Underground-System-Lite,,full,24,ho,killed,,killed,contract,
misc/SPARK2/Ada-SPARK-Design-Underground-System-Lite,,full,25,B,killed,,killed,contract,
misc/SPARK2/Ada-SPARK-Design-Underground-System-Lite,,full,27,B,killed,,killed,contract,
misc/SPARK2/Ada-SPARK-Design-Underground-System-Lite,,full,28,ho,killed,,killed,contract,
misc/SPARK2/Ada-SPARK-Design-Underground-System-Lite,,full,29,B,killed,,killed,runtime_error,
misc/SPARK2/Ada-SPARK-Design-Underground-System-Lite,,thinned,0,alt,killed,,killed,contract,"{""tests.adb"": [1, 2, 0], ""own_checks.adb"": [1, 0, 0]}"
misc/SPARK2/Ada-SPARK-Design-Underground-System-Lite,,thinned,1,ho,killed,,killed,contract,"{""tests.adb"": [1, 2, 0], ""own_checks.adb"": [1, 0, 0]}"
misc/SPARK2/Ada-SPARK-Design-Underground-System-Lite,,thinned,2,B,killed,,killed,contract,"{""tests.adb"": [1, 2, 0], ""own_checks.adb"": [1, 0, 0]}"
misc/SPARK2/Ada-SPARK-Design-Underground-System-Lite,,thinned,3,C,killed,,killed,runtime_error,"{""tests.adb"": [1, 2, 0], ""own_checks.adb"": [1, 0, 0]}"
misc/SPARK2/Ada-SPARK-Design-Underground-System-Lite,,thinned,4,alt,killed,,killed,contract,"{""tests.adb"": [1, 2, 0], ""own_checks.adb"": [1, 0, 0]}"
misc/SPARK2/Ada-SPARK-Design-Underground-System-Lite,,thinned,6,B,killed,,killed,contract,"{""tests.adb"": [1, 2, 0], ""own_checks.adb"": [1, 0, 0]}"
misc/SPARK2/Ada-SPARK-Design-Underground-System-Lite,,thinned,7,C,killed,,killed,contract,"{""tests.adb"": [1, 2, 0], ""own_checks.adb"": [1, 0, 0]}"
misc/SPARK2/Ada-SPARK-Design-Underground-System-Lite,,thinned,8,ho,killed,,killed,contract,"{""tests.adb"": [1, 2, 0], ""own_checks.adb"": [1, 0, 0]}"
misc/SPARK2/Ada-SPARK-Design-Underground-System-Lite,,thinned,11,C,killed,,killed,runtime_error,"{""tests.adb"": [1, 2, 0], ""own_checks.adb"": [1, 0, 0]}"
misc/SPARK2/Ada-SPARK-Design-Underground-System-Lite,,thinned,12,ho,killed,,killed,runtime_error,"{""tests.adb"": [1, 2, 0], ""own_checks.adb"": [1, 0, 0]}"
misc/SPARK2/Ada-SPARK-Design-Underground-System-Lite,,thinned,13,ho,killed,,killed,contract,"{""tests.adb"": [1, 2, 0], ""own_checks.adb"": [1, 0, 0]}"
misc/SPARK2/Ada-SPARK-Design-Underground-System-Lite,,thinned,14,B,killed,,killed,contract,"{""tests.adb"": [1, 2, 0], ""own_checks.adb"": [1, 0, 0]}"
misc/SPARK2/Ada-SPARK-Design-Underground-System-Lite,,thinned,16,B,killed,,killed,contract,"{""tests.adb"": [1, 2, 0], ""own_checks.adb"": [1, 0, 0]}"
misc/SPARK2/Ada-SPARK-Design-Underground-System-Lite,,thinned,17,ho,killed,,killed,contract,"{""tests.adb"": [1, 2, 0], ""own_checks.adb"": [1, 0, 0]}"
misc/SPARK2/Ada-SPARK-Design-Underground-System-Lite,,thinned,19,B,killed,,killed,contract,"{""tests.adb"": [1, 2, 0], ""own_checks.adb"": [1, 0, 0]}"
misc/SPARK2/Ada-SPARK-Design-Underground-System-Lite,,thinned,20,ho,killed,,killed,contract,"{""tests.adb"": [1, 2, 0], ""own_checks.adb"": [1, 0, 0]}"
misc/SPARK2/Ada-SPARK-Design-Underground-System-Lite,,thinned,21,ho,killed,,killed,contract,"{""tests.adb"": [1, 2, 0], ""own_checks.adb"": [1, 0, 0]}"
misc/SPARK2/Ada-SPARK-Design-Underground-System-Lite,,thinned,23,B,killed,,killed,test_check,"{""tests.adb"": [1, 2, 0], ""own_checks.adb"": [1, 0, 0]}"
misc/SPARK2/Ada-SPARK-Design-Underground-System-Lite,,thinned,24,ho,killed,,killed,contract,"{""tests.adb"": [1, 2, 0], ""own_checks.adb"": [1, 0, 0]}"
misc/SPARK2/Ada-SPARK-Design-Underground-System-Lite,,thinned,25,B,killed,,killed,contract,"{""tests.adb"": [1, 2, 0], ""own_checks.adb"": [1, 0, 0]}"
misc/SPARK2/Ada-SPARK-Design-Underground-System-Lite,,thinned,27,B,killed,,killed,contract,"{""tests.adb"": [1, 2, 0], ""own_checks.adb"": [1, 0, 0]}"
misc/SPARK2/Ada-SPARK-Design-Underground-System-Lite,,thinned,28,ho,killed,,killed,contract,"{""tests.adb"": [1, 2, 0], ""own_checks.adb"": [1, 0, 0]}"
misc/SPARK2/Ada-SPARK-Design-Underground-System-Lite,,thinned,29,B,killed,,killed,runtime_error,"{""tests.adb"": [1, 2, 0], ""own_checks.adb"": [1, 0, 0]}"
misc/SPARK2/Ada-SPARK-Dutch-National-Flag,,full,0,alt,killed,,killed,test_check,
misc/SPARK2/Ada-SPARK-Dutch-National-Flag,,full,1,ho,killed,proof,survived,,
misc/SPARK2/Ada-SPARK-Dutch-National-Flag,,full,3,C,killed,,killed,test_check,
misc/SPARK2/Ada-SPARK-Dutch-National-Flag,,full,4,B,killed,,killed,test_check,
misc/SPARK2/Ada-SPARK-Dutch-National-Flag,,full,5,alt,killed,,killed,test_check,
misc/SPARK2/Ada-SPARK-Dutch-National-Flag,,full,6,ho,killed,,killed,runtime_error,
misc/SPARK2/Ada-SPARK-Dutch-National-Flag,,full,8,C,killed,,killed,runtime_error,
misc/SPARK2/Ada-SPARK-Dutch-National-Flag,,full,16,B,killed,,killed,test_check,
misc/SPARK2/Ada-SPARK-Dutch-National-Flag,,full,17,alt,killed,,killed,test_check,
misc/SPARK2/Ada-SPARK-Dutch-National-Flag,,full,19,C,killed,,killed,test_check,
misc/SPARK2/Ada-SPARK-Dutch-National-Flag,,full,32,B,killed,,killed,test_check,
misc/SPARK2/Ada-SPARK-Dutch-National-Flag,,full,34,C,killed,,killed,test_check,
misc/SPARK2/Ada-SPARK-Dutch-National-Flag,,full,36,B,killed,,killed,test_check,
misc/SPARK2/Ada-SPARK-Dutch-National-Flag,,full,45,B,killed,,killed,test_check,
misc/SPARK2/Ada-SPARK-Dutch-National-Flag,,full,46,B,killed,,killed,test_check,
misc/SPARK2/Ada-SPARK-Dutch-National-Flag,,full,48,C,killed,,killed,test_check,
misc/SPARK2/Ada-SPARK-Dutch-National-Flag,,full,50,C,killed,,killed,runtime_error,
misc/SPARK2/Ada-SPARK-Dutch-National-Flag,,full,55,B,killed,,killed,test_check,
misc/SPARK2/Ada-SPARK-Dutch-National-Flag,,full,60,B,killed,,killed,test_check,
misc/SPARK2/Ada-SPARK-Dutch-National-Flag,,full,63,B,killed,,killed,test_check,
misc/SPARK2/Ada-SPARK-Dutch-National-Flag,,thinned,0,alt,killed,,killed,test_check,"{""tests.adb"": [1, 0, 0], ""own_checks.adb"": [1, 0, 1]}"
misc/SPARK2/Ada-SPARK-Dutch-National-Flag,,thinned,1,ho,killed,proof,survived,,"{""tests.adb"": [1, 0, 0], ""own_checks.adb"": [1, 0, 1]}"
misc/SPARK2/Ada-SPARK-Dutch-National-Flag,,thinned,3,C,killed,,killed,test_check,"{""tests.adb"": [1, 0, 0], ""own_checks.adb"": [1, 0, 1]}"
misc/SPARK2/Ada-SPARK-Dutch-National-Flag,,thinned,4,B,killed,,killed,test_check,"{""tests.adb"": [1, 0, 0], ""own_checks.adb"": [1, 0, 1]}"
misc/SPARK2/Ada-SPARK-Dutch-National-Flag,,thinned,5,alt,killed,,killed,test_check,"{""tests.adb"": [1, 0, 0], ""own_checks.adb"": [1, 0, 1]}"
misc/SPARK2/Ada-SPARK-Dutch-National-Flag,,thinned,6,ho,killed,,killed,runtime_error,"{""tests.adb"": [1, 0, 0], ""own_checks.adb"": [1, 0, 1]}"
misc/SPARK2/Ada-SPARK-Dutch-National-Flag,,thinned,8,C,killed,,killed,runtime_error,"{""tests.adb"": [1, 0, 0], ""own_checks.adb"": [1, 0, 1]}"
misc/SPARK2/Ada-SPARK-Dutch-National-Flag,,thinned,16,B,killed,,killed,test_check,"{""tests.adb"": [1, 0, 0], ""own_checks.adb"": [1, 0, 1]}"
misc/SPARK2/Ada-SPARK-Dutch-National-Flag,,thinned,17,alt,killed,,killed,test_check,"{""tests.adb"": [1, 0, 0], ""own_checks.adb"": [1, 0, 1]}"
misc/SPARK2/Ada-SPARK-Dutch-National-Flag,,thinned,19,C,killed,,killed,test_check,"{""tests.adb"": [1, 0, 0], ""own_checks.adb"": [1, 0, 1]}"
misc/SPARK2/Ada-SPARK-Dutch-National-Flag,,thinned,32,B,killed,,killed,test_check,"{""tests.adb"": [1, 0, 0], ""own_checks.adb"": [1, 0, 1]}"
misc/SPARK2/Ada-SPARK-Dutch-National-Flag,,thinned,34,C,killed,,killed,test_check,"{""tests.adb"": [1, 0, 0], ""own_checks.adb"": [1, 0, 1]}"
misc/SPARK2/Ada-SPARK-Dutch-National-Flag,,thinned,36,B,killed,,killed,test_check,"{""tests.adb"": [1, 0, 0], ""own_checks.adb"": [1, 0, 1]}"
misc/SPARK2/Ada-SPARK-Dutch-National-Flag,,thinned,45,B,killed,,killed,test_check,"{""tests.adb"": [1, 0, 0], ""own_checks.adb"": [1, 0, 1]}"
misc/SPARK2/Ada-SPARK-Dutch-National-Flag,,thinned,46,B,killed,,killed,test_check,"{""tests.adb"": [1, 0, 0], ""own_checks.adb"": [1, 0, 1]}"
misc/SPARK2/Ada-SPARK-Dutch-National-Flag,,thinned,48,C,killed,,killed,test_check,"{""tests.adb"": [1, 0, 0], ""own_checks.adb"": [1, 0, 1]}"
misc/SPARK2/Ada-SPARK-Dutch-National-Flag,,thinned,50,C,killed,,killed,runtime_error,"{""tests.adb"": [1, 0, 0], ""own_checks.adb"": [1, 0, 1]}"
misc/SPARK2/Ada-SPARK-Dutch-National-Flag,,thinned,55,B,killed,,killed,test_check,"{""tests.adb"": [1, 0, 0], ""own_checks.adb"": [1, 0, 1]}"
misc/SPARK2/Ada-SPARK-Dutch-National-Flag,,thinned,60,B,killed,,killed,test_check,"{""tests.adb"": [1, 0, 0], ""own_checks.adb"": [1, 0, 1]}"
misc/SPARK2/Ada-SPARK-Dutch-National-Flag,,thinned,63,B,killed,,killed,test_check,"{""tests.adb"": [1, 0, 0], ""own_checks.adb"": [1, 0, 1]}"
numerical/SPARK4/Ada-SPARK-Extended-Euclidean-Algorithm,,full,0,std,killed,,killed,contract,
numerical/SPARK4/Ada-SPARK-Extended-Euclidean-Algorithm,,full,1,alt,killed,,killed,contract,
numerical/SPARK4/Ada-SPARK-Extended-Euclidean-Algorithm,,full,2,ho,killed,,killed,test_check,
numerical/SPARK4/Ada-SPARK-Extended-Euclidean-Algorithm,,full,3,B,killed,,killed,runtime_error,
numerical/SPARK4/Ada-SPARK-Extended-Euclidean-Algorithm,,full,4,C,killed,,killed,contract,
numerical/SPARK4/Ada-SPARK-Extended-Euclidean-Algorithm,,full,6,ho,killed,,killed,contract,
numerical/SPARK4/Ada-SPARK-Extended-Euclidean-Algorithm,,full,8,C,killed,,killed,test_check,
numerical/SPARK4/Ada-SPARK-Extended-Euclidean-Algorithm,,full,9,B,killed,,killed,test_check,
numerical/SPARK4/Ada-SPARK-Extended-Euclidean-Algorithm,,full,11,ho,killed,,killed,contract,
numerical/SPARK4/Ada-SPARK-Extended-Euclidean-Algorithm,,full,13,C,killed,proof,survived,,
numerical/SPARK4/Ada-SPARK-Extended-Euclidean-Algorithm,,full,15,B,killed,,killed,runtime_error,
numerical/SPARK4/Ada-SPARK-Extended-Euclidean-Algorithm,,full,16,alt,killed,,killed,test_check,
numerical/SPARK4/Ada-SPARK-Extended-Euclidean-Algorithm,,full,17,ho,killed,,killed,test_check,
numerical/SPARK4/Ada-SPARK-Extended-Euclidean-Algorithm,,full,18,B,killed,,killed,contract,
numerical/SPARK4/Ada-SPARK-Extended-Euclidean-Algorithm,,full,19,C,killed,,killed,test_check,
numerical/SPARK4/Ada-SPARK-Extended-Euclidean-Algorithm,,full,20,alt,killed,,killed,test_check,
numerical/SPARK4/Ada-SPARK-Extended-Euclidean-Algorithm,,full,21,ho,killed,,killed,test_check,
numerical/SPARK4/Ada-SPARK-Extended-Euclidean-Algorithm,,full,27,B,killed,,killed,test_check,
numerical/SPARK4/Ada-SPARK-Extended-Euclidean-Algorithm,,full,28,alt,killed,,killed,test_check,
numerical/SPARK4/Ada-SPARK-Extended-Euclidean-Algorithm,,full,29,ho,killed,,killed,contract,
numerical/SPARK4/Ada-SPARK-Extended-Euclidean-Algorithm,,full,30,B,killed,,killed,contract,
numerical/SPARK4/Ada-SPARK-Extended-Euclidean-Algorithm,,full,33,ho,killed,,killed,contract,
numerical/SPARK4/Ada-SPARK-Extended-Euclidean-Algorithm,,full,35,C,killed,,killed,test_check,
numerical/SPARK4/Ada-SPARK-Extended-Euclidean-Algorithm,,full,36,B,killed,,killed,contract,
numerical/SPARK4/Ada-SPARK-Extended-Euclidean-Algorithm,,full,38,ho,killed,,killed,test_check,
numerical/SPARK4/Ada-SPARK-Extended-Euclidean-Algorithm,,full,40,C,killed,proof,survived,,
numerical/SPARK4/Ada-SPARK-Extended-Euclidean-Algorithm,,full,51,B,killed,,killed,runtime_error,
numerical/SPARK4/Ada-SPARK-Extended-Euclidean-Algorithm,,full,52,alt,killed,,killed,test_check,
numerical/SPARK4/Ada-SPARK-Extended-Euclidean-Algorithm,,full,53,ho,killed,,killed,test_check,
numerical/SPARK4/Ada-SPARK-Extended-Euclidean-Algorithm,,full,58,B,killed,,killed,contract,
numerical/SPARK4/Ada-SPARK-Extended-Euclidean-Algorithm,,full,59,alt,killed,,killed,contract,
numerical/SPARK4/Ada-SPARK-Extended-Euclidean-Algorithm,,full,60,ho,killed,,killed,contract,
numerical/SPARK4/Ada-SPARK-Extended-Euclidean-Algorithm,,full,69,B,killed,,killed,contract,
numerical/SPARK4/Ada-SPARK-Extended-Euclidean-Algorithm,,full,70,alt,killed,,killed,test_check,
numerical/SPARK4/Ada-SPARK-Extended-Euclidean-Algorithm,,full,71,ho,killed,,killed,contract,
numerical/SPARK4/Ada-SPARK-Extended-Euclidean-Algorithm,,full,73,C,killed,,killed,test_check,
numerical/SPARK4/Ada-SPARK-Extended-Euclidean-Algorithm,,full,74,B,killed,,killed,contract,
numerical/SPARK4/Ada-SPARK-Extended-Euclidean-Algorithm,,full,75,alt,killed,,killed,test_check,
numerical/SPARK4/Ada-SPARK-Extended-Euclidean-Algorithm,,full,76,ho,killed,,killed,test_check,
numerical/SPARK4/Ada-SPARK-Extended-Euclidean-Algorithm,,full,78,C,killed,,killed,test_check,
numerical/SPARK4/Ada-SPARK-Extended-Euclidean-Algorithm,,thinned,0,std,killed,,killed,contract,"{""tests.adb"": [34, 41, 8], ""own_checks.adb"": [4, 5, 1]}"
numerical/SPARK4/Ada-SPARK-Extended-Euclidean-Algorithm,,thinned,1,alt,killed,,killed,contract,"{""tests.adb"": [34, 41, 8], ""own_checks.adb"": [4, 5, 1]}"
numerical/SPARK4/Ada-SPARK-Extended-Euclidean-Algorithm,,thinned,2,ho,killed,,killed,test_check,"{""tests.adb"": [34, 41, 8], ""own_checks.adb"": [4, 5, 1]}"
numerical/SPARK4/Ada-SPARK-Extended-Euclidean-Algorithm,,thinned,3,B,killed,,killed,runtime_error,"{""tests.adb"": [34, 41, 8], ""own_checks.adb"": [4, 5, 1]}"
numerical/SPARK4/Ada-SPARK-Extended-Euclidean-Algorithm,,thinned,4,C,killed,,killed,contract,"{""tests.adb"": [34, 41, 8], ""own_checks.adb"": [4, 5, 1]}"
numerical/SPARK4/Ada-SPARK-Extended-Euclidean-Algorithm,,thinned,6,ho,killed,,killed,test_check,"{""tests.adb"": [34, 41, 8], ""own_checks.adb"": [4, 5, 1]}"
numerical/SPARK4/Ada-SPARK-Extended-Euclidean-Algorithm,,thinned,8,C,killed,,killed,test_check,"{""tests.adb"": [34, 41, 8], ""own_checks.adb"": [4, 5, 1]}"
numerical/SPARK4/Ada-SPARK-Extended-Euclidean-Algorithm,,thinned,9,B,killed,,killed,test_check,"{""tests.adb"": [34, 41, 8], ""own_checks.adb"": [4, 5, 1]}"
numerical/SPARK4/Ada-SPARK-Extended-Euclidean-Algorithm,,thinned,11,ho,killed,,killed,contract,"{""tests.adb"": [34, 41, 8], ""own_checks.adb"": [4, 5, 1]}"
numerical/SPARK4/Ada-SPARK-Extended-Euclidean-Algorithm,,thinned,13,C,killed,proof,survived,,"{""tests.adb"": [34, 41, 8], ""own_checks.adb"": [4, 5, 1]}"
numerical/SPARK4/Ada-SPARK-Extended-Euclidean-Algorithm,,thinned,15,B,killed,,killed,runtime_error,"{""tests.adb"": [34, 41, 8], ""own_checks.adb"": [4, 5, 1]}"
numerical/SPARK4/Ada-SPARK-Extended-Euclidean-Algorithm,,thinned,16,alt,killed,,killed,test_check,"{""tests.adb"": [34, 41, 8], ""own_checks.adb"": [4, 5, 1]}"
numerical/SPARK4/Ada-SPARK-Extended-Euclidean-Algorithm,,thinned,17,ho,killed,,killed,test_check,"{""tests.adb"": [34, 41, 8], ""own_checks.adb"": [4, 5, 1]}"
numerical/SPARK4/Ada-SPARK-Extended-Euclidean-Algorithm,,thinned,18,B,killed,,killed,contract,"{""tests.adb"": [34, 41, 8], ""own_checks.adb"": [4, 5, 1]}"
numerical/SPARK4/Ada-SPARK-Extended-Euclidean-Algorithm,,thinned,19,C,killed,,killed,test_check,"{""tests.adb"": [34, 41, 8], ""own_checks.adb"": [4, 5, 1]}"
numerical/SPARK4/Ada-SPARK-Extended-Euclidean-Algorithm,,thinned,20,alt,killed,,killed,test_check,"{""tests.adb"": [34, 41, 8], ""own_checks.adb"": [4, 5, 1]}"
numerical/SPARK4/Ada-SPARK-Extended-Euclidean-Algorithm,,thinned,21,ho,killed,,killed,test_check,"{""tests.adb"": [34, 41, 8], ""own_checks.adb"": [4, 5, 1]}"
numerical/SPARK4/Ada-SPARK-Extended-Euclidean-Algorithm,,thinned,27,B,killed,,killed,test_check,"{""tests.adb"": [34, 41, 8], ""own_checks.adb"": [4, 5, 1]}"
numerical/SPARK4/Ada-SPARK-Extended-Euclidean-Algorithm,,thinned,28,alt,killed,,killed,test_check,"{""tests.adb"": [34, 41, 8], ""own_checks.adb"": [4, 5, 1]}"
numerical/SPARK4/Ada-SPARK-Extended-Euclidean-Algorithm,,thinned,29,ho,killed,,killed,test_check,"{""tests.adb"": [34, 41, 8], ""own_checks.adb"": [4, 5, 1]}"
numerical/SPARK4/Ada-SPARK-Extended-Euclidean-Algorithm,,thinned,30,B,killed,,killed,contract,"{""tests.adb"": [34, 41, 8], ""own_checks.adb"": [4, 5, 1]}"
numerical/SPARK4/Ada-SPARK-Extended-Euclidean-Algorithm,,thinned,33,ho,killed,,killed,contract,"{""tests.adb"": [34, 41, 8], ""own_checks.adb"": [4, 5, 1]}"
numerical/SPARK4/Ada-SPARK-Extended-Euclidean-Algorithm,,thinned,35,C,killed,,killed,runtime_error,"{""tests.adb"": [34, 41, 8], ""own_checks.adb"": [4, 5, 1]}"
numerical/SPARK4/Ada-SPARK-Extended-Euclidean-Algorithm,,thinned,36,B,killed,,killed,contract,"{""tests.adb"": [34, 41, 8], ""own_checks.adb"": [4, 5, 1]}"
numerical/SPARK4/Ada-SPARK-Extended-Euclidean-Algorithm,,thinned,38,ho,killed,,killed,test_check,"{""tests.adb"": [34, 41, 8], ""own_checks.adb"": [4, 5, 1]}"
numerical/SPARK4/Ada-SPARK-Extended-Euclidean-Algorithm,,thinned,40,C,killed,proof,survived,,"{""tests.adb"": [34, 41, 8], ""own_checks.adb"": [4, 5, 1]}"
numerical/SPARK4/Ada-SPARK-Extended-Euclidean-Algorithm,,thinned,51,B,killed,,killed,runtime_error,"{""tests.adb"": [34, 41, 8], ""own_checks.adb"": [4, 5, 1]}"
numerical/SPARK4/Ada-SPARK-Extended-Euclidean-Algorithm,,thinned,52,alt,killed,,killed,test_check,"{""tests.adb"": [34, 41, 8], ""own_checks.adb"": [4, 5, 1]}"
numerical/SPARK4/Ada-SPARK-Extended-Euclidean-Algorithm,,thinned,53,ho,killed,,killed,test_check,"{""tests.adb"": [34, 41, 8], ""own_checks.adb"": [4, 5, 1]}"
numerical/SPARK4/Ada-SPARK-Extended-Euclidean-Algorithm,,thinned,58,B,killed,,killed,contract,"{""tests.adb"": [34, 41, 8], ""own_checks.adb"": [4, 5, 1]}"
numerical/SPARK4/Ada-SPARK-Extended-Euclidean-Algorithm,,thinned,59,alt,killed,,killed,contract,"{""tests.adb"": [34, 41, 8], ""own_checks.adb"": [4, 5, 1]}"
numerical/SPARK4/Ada-SPARK-Extended-Euclidean-Algorithm,,thinned,60,ho,killed,,killed,test_check,"{""tests.adb"": [34, 41, 8], ""own_checks.adb"": [4, 5, 1]}"
numerical/SPARK4/Ada-SPARK-Extended-Euclidean-Algorithm,,thinned,69,B,killed,,killed,contract,"{""tests.adb"": [34, 41, 8], ""own_checks.adb"": [4, 5, 1]}"
numerical/SPARK4/Ada-SPARK-Extended-Euclidean-Algorithm,,thinned,70,alt,killed,,killed,test_check,"{""tests.adb"": [34, 41, 8], ""own_checks.adb"": [4, 5, 1]}"
numerical/SPARK4/Ada-SPARK-Extended-Euclidean-Algorithm,,thinned,71,ho,killed,,killed,test_check,"{""tests.adb"": [34, 41, 8], ""own_checks.adb"": [4, 5, 1]}"
numerical/SPARK4/Ada-SPARK-Extended-Euclidean-Algorithm,,thinned,73,C,killed,,killed,test_check,"{""tests.adb"": [34, 41, 8], ""own_checks.adb"": [4, 5, 1]}"
numerical/SPARK4/Ada-SPARK-Extended-Euclidean-Algorithm,,thinned,74,B,killed,,killed,contract,"{""tests.adb"": [34, 41, 8], ""own_checks.adb"": [4, 5, 1]}"
numerical/SPARK4/Ada-SPARK-Extended-Euclidean-Algorithm,,thinned,75,alt,killed,,killed,test_check,"{""tests.adb"": [34, 41, 8], ""own_checks.adb"": [4, 5, 1]}"
numerical/SPARK4/Ada-SPARK-Extended-Euclidean-Algorithm,,thinned,76,ho,killed,,killed,test_check,"{""tests.adb"": [34, 41, 8], ""own_checks.adb"": [4, 5, 1]}"
numerical/SPARK4/Ada-SPARK-Extended-Euclidean-Algorithm,,thinned,78,C,killed,,killed,test_check,"{""tests.adb"": [34, 41, 8], ""own_checks.adb"": [4, 5, 1]}"
misc/SPARK2/Ada-SPARK-Container-With-Most-Water,,full,0,alt,killed,,killed,contract,
misc/SPARK2/Ada-SPARK-Container-With-Most-Water,,full,2,B,killed,proof,killed,contract,
misc/SPARK2/Ada-SPARK-Container-With-Most-Water,,full,3,C,killed,,killed,contract,
misc/SPARK2/Ada-SPARK-Container-With-Most-Water,,full,4,ho,killed,,killed,contract,
misc/SPARK2/Ada-SPARK-Container-With-Most-Water,,full,5,B,killed,,killed,contract,
misc/SPARK2/Ada-SPARK-Container-With-Most-Water,,full,6,C,killed,,killed,test_check,
misc/SPARK2/Ada-SPARK-Container-With-Most-Water,,full,8,B,killed,,killed,contract,
misc/SPARK2/Ada-SPARK-Container-With-Most-Water,,full,9,C,killed,,killed,runtime_error,
misc/SPARK2/Ada-SPARK-Container-With-Most-Water,,full,10,ho,killed,,killed,contract,
misc/SPARK2/Ada-SPARK-Container-With-Most-Water,,full,11,B,killed,,killed,contract,
misc/SPARK2/Ada-SPARK-Container-With-Most-Water,,full,12,C,killed,,killed,runtime_error,
misc/SPARK2/Ada-SPARK-Container-With-Most-Water,,full,13,ho,killed,,killed,contract,
misc/SPARK2/Ada-SPARK-Container-With-Most-Water,,full,14,B,killed,,killed,contract,
misc/SPARK2/Ada-SPARK-Container-With-Most-Water,,full,15,C,killed,,killed,contract,
misc/SPARK2/Ada-SPARK-Container-With-Most-Water,,full,16,ho,killed,,killed,contract,
misc/SPARK2/Ada-SPARK-Container-With-Most-Water,,full,17,B,killed,,killed,contract,
misc/SPARK2/Ada-SPARK-Container-With-Most-Water,,full,18,C,killed,,killed,contract,
misc/SPARK2/Ada-SPARK-Container-With-Most-Water,,full,19,B,killed,,killed,runtime_error,
misc/SPARK2/Ada-SPARK-Container-With-Most-Water,,full,20,C,killed,,killed,contract,
misc/SPARK2/Ada-SPARK-Container-With-Most-Water,,full,22,B,killed,,killed,contract,
misc/SPARK2/Ada-SPARK-Container-With-Most-Water,,full,23,B,killed,,killed,contract,
misc/SPARK2/Ada-SPARK-Container-With-Most-Water,,full,24,B,killed,,killed,contract,
misc/SPARK2/Ada-SPARK-Container-With-Most-Water,,full,25,B,killed,,killed,contract,
misc/SPARK2/Ada-SPARK-Container-With-Most-Water,,full,27,B,killed,,killed,contract,
misc/SPARK2/Ada-SPARK-Container-With-Most-Water,,full,28,B,killed,,killed,contract,
misc/SPARK2/Ada-SPARK-Container-With-Most-Water,,full,30,B,killed,,killed,runtime_error,
misc/SPARK2/Ada-SPARK-Container-With-Most-Water,,full,31,B,killed,,killed,contract,
misc/SPARK2/Ada-SPARK-Container-With-Most-Water,,full,33,B,killed,,killed,test_check,
misc/SPARK2/Ada-SPARK-Container-With-Most-Water,,full,35,B,killed,,killed,contract,
misc/SPARK2/Ada-SPARK-Container-With-Most-Water,,full,36,B,killed,,killed,contract,
misc/SPARK2/Ada-SPARK-Container-With-Most-Water,,full,37,B,killed,,killed,contract,
misc/SPARK2/Ada-SPARK-Container-With-Most-Water,,full,38,B,killed,,killed,runtime_error,
misc/SPARK2/Ada-SPARK-Container-With-Most-Water,,full,40,B,killed,,killed,contract,
misc/SPARK2/Ada-SPARK-Container-With-Most-Water,,full,41,B,killed,,killed,contract,
misc/SPARK2/Ada-SPARK-Container-With-Most-Water,,full,43,B,killed,,killed,contract,
misc/SPARK2/Ada-SPARK-Container-With-Most-Water,,full,44,B,killed,,killed,contract,
misc/SPARK2/Ada-SPARK-Container-With-Most-Water,,full,45,B,killed,,killed,contract,
misc/SPARK2/Ada-SPARK-Container-With-Most-Water,,full,48,B,killed,,killed,contract,
misc/SPARK2/Ada-SPARK-Container-With-Most-Water,,full,49,B,killed,,killed,contract,
misc/SPARK2/Ada-SPARK-Container-With-Most-Water,,full,50,B,killed,,killed,contract,
misc/SPARK2/Ada-SPARK-Container-With-Most-Water,,full,51,B,killed,,killed,runtime_error,
misc/SPARK2/Ada-SPARK-Container-With-Most-Water,,full,52,B,killed,,killed,contract,
misc/SPARK2/Ada-SPARK-Container-With-Most-Water,,full,53,B,killed,,killed,contract,
misc/SPARK2/Ada-SPARK-Container-With-Most-Water,,full,55,B,killed,,killed,contract,
misc/SPARK2/Ada-SPARK-Container-With-Most-Water,,full,59,B,killed,,killed,contract,
misc/SPARK2/Ada-SPARK-Container-With-Most-Water,,full,60,B,killed,,killed,contract,
misc/SPARK2/Ada-SPARK-Container-With-Most-Water,,thinned,0,alt,killed,,killed,contract,"{""tests.adb"": [1, 1, 0], ""own_checks.adb"": [1, 0, 0]}"
misc/SPARK2/Ada-SPARK-Container-With-Most-Water,,thinned,2,B,killed,proof,survived,,"{""tests.adb"": [1, 1, 0], ""own_checks.adb"": [1, 0, 0]}"
misc/SPARK2/Ada-SPARK-Container-With-Most-Water,,thinned,3,C,killed,,killed,contract,"{""tests.adb"": [1, 1, 0], ""own_checks.adb"": [1, 0, 0]}"
misc/SPARK2/Ada-SPARK-Container-With-Most-Water,,thinned,4,ho,killed,,killed,contract,"{""tests.adb"": [1, 1, 0], ""own_checks.adb"": [1, 0, 0]}"
misc/SPARK2/Ada-SPARK-Container-With-Most-Water,,thinned,5,B,killed,,killed,contract,"{""tests.adb"": [1, 1, 0], ""own_checks.adb"": [1, 0, 0]}"
misc/SPARK2/Ada-SPARK-Container-With-Most-Water,,thinned,6,C,killed,,killed,test_check,"{""tests.adb"": [1, 1, 0], ""own_checks.adb"": [1, 0, 0]}"
misc/SPARK2/Ada-SPARK-Container-With-Most-Water,,thinned,8,B,killed,,killed,contract,"{""tests.adb"": [1, 1, 0], ""own_checks.adb"": [1, 0, 0]}"
misc/SPARK2/Ada-SPARK-Container-With-Most-Water,,thinned,9,C,killed,,killed,runtime_error,"{""tests.adb"": [1, 1, 0], ""own_checks.adb"": [1, 0, 0]}"
misc/SPARK2/Ada-SPARK-Container-With-Most-Water,,thinned,10,ho,killed,,killed,contract,"{""tests.adb"": [1, 1, 0], ""own_checks.adb"": [1, 0, 0]}"
misc/SPARK2/Ada-SPARK-Container-With-Most-Water,,thinned,11,B,killed,,killed,contract,"{""tests.adb"": [1, 1, 0], ""own_checks.adb"": [1, 0, 0]}"
misc/SPARK2/Ada-SPARK-Container-With-Most-Water,,thinned,12,C,killed,,killed,runtime_error,"{""tests.adb"": [1, 1, 0], ""own_checks.adb"": [1, 0, 0]}"
misc/SPARK2/Ada-SPARK-Container-With-Most-Water,,thinned,13,ho,killed,,killed,contract,"{""tests.adb"": [1, 1, 0], ""own_checks.adb"": [1, 0, 0]}"
misc/SPARK2/Ada-SPARK-Container-With-Most-Water,,thinned,14,B,killed,,killed,contract,"{""tests.adb"": [1, 1, 0], ""own_checks.adb"": [1, 0, 0]}"
misc/SPARK2/Ada-SPARK-Container-With-Most-Water,,thinned,15,C,killed,,killed,contract,"{""tests.adb"": [1, 1, 0], ""own_checks.adb"": [1, 0, 0]}"
misc/SPARK2/Ada-SPARK-Container-With-Most-Water,,thinned,16,ho,killed,,killed,contract,"{""tests.adb"": [1, 1, 0], ""own_checks.adb"": [1, 0, 0]}"
misc/SPARK2/Ada-SPARK-Container-With-Most-Water,,thinned,17,B,killed,,killed,contract,"{""tests.adb"": [1, 1, 0], ""own_checks.adb"": [1, 0, 0]}"
misc/SPARK2/Ada-SPARK-Container-With-Most-Water,,thinned,18,C,killed,,killed,contract,"{""tests.adb"": [1, 1, 0], ""own_checks.adb"": [1, 0, 0]}"
misc/SPARK2/Ada-SPARK-Container-With-Most-Water,,thinned,19,B,killed,,killed,runtime_error,"{""tests.adb"": [1, 1, 0], ""own_checks.adb"": [1, 0, 0]}"
misc/SPARK2/Ada-SPARK-Container-With-Most-Water,,thinned,20,C,killed,,killed,contract,"{""tests.adb"": [1, 1, 0], ""own_checks.adb"": [1, 0, 0]}"
misc/SPARK2/Ada-SPARK-Container-With-Most-Water,,thinned,22,B,killed,,killed,contract,"{""tests.adb"": [1, 1, 0], ""own_checks.adb"": [1, 0, 0]}"
misc/SPARK2/Ada-SPARK-Container-With-Most-Water,,thinned,23,B,killed,,killed,contract,"{""tests.adb"": [1, 1, 0], ""own_checks.adb"": [1, 0, 0]}"
misc/SPARK2/Ada-SPARK-Container-With-Most-Water,,thinned,24,B,killed,,killed,test_check,"{""tests.adb"": [1, 1, 0], ""own_checks.adb"": [1, 0, 0]}"
misc/SPARK2/Ada-SPARK-Container-With-Most-Water,,thinned,25,B,killed,,killed,contract,"{""tests.adb"": [1, 1, 0], ""own_checks.adb"": [1, 0, 0]}"
misc/SPARK2/Ada-SPARK-Container-With-Most-Water,,thinned,27,B,killed,,killed,contract,"{""tests.adb"": [1, 1, 0], ""own_checks.adb"": [1, 0, 0]}"
misc/SPARK2/Ada-SPARK-Container-With-Most-Water,,thinned,28,B,killed,,killed,contract,"{""tests.adb"": [1, 1, 0], ""own_checks.adb"": [1, 0, 0]}"
misc/SPARK2/Ada-SPARK-Container-With-Most-Water,,thinned,30,B,killed,,killed,runtime_error,"{""tests.adb"": [1, 1, 0], ""own_checks.adb"": [1, 0, 0]}"
misc/SPARK2/Ada-SPARK-Container-With-Most-Water,,thinned,31,B,killed,,killed,contract,"{""tests.adb"": [1, 1, 0], ""own_checks.adb"": [1, 0, 0]}"
misc/SPARK2/Ada-SPARK-Container-With-Most-Water,,thinned,33,B,killed,,killed,test_check,"{""tests.adb"": [1, 1, 0], ""own_checks.adb"": [1, 0, 0]}"
misc/SPARK2/Ada-SPARK-Container-With-Most-Water,,thinned,35,B,killed,,killed,contract,"{""tests.adb"": [1, 1, 0], ""own_checks.adb"": [1, 0, 0]}"
misc/SPARK2/Ada-SPARK-Container-With-Most-Water,,thinned,36,B,killed,,killed,contract,"{""tests.adb"": [1, 1, 0], ""own_checks.adb"": [1, 0, 0]}"
misc/SPARK2/Ada-SPARK-Container-With-Most-Water,,thinned,37,B,killed,,killed,contract,"{""tests.adb"": [1, 1, 0], ""own_checks.adb"": [1, 0, 0]}"
misc/SPARK2/Ada-SPARK-Container-With-Most-Water,,thinned,38,B,killed,,killed,runtime_error,"{""tests.adb"": [1, 1, 0], ""own_checks.adb"": [1, 0, 0]}"
misc/SPARK2/Ada-SPARK-Container-With-Most-Water,,thinned,40,B,killed,,killed,contract,"{""tests.adb"": [1, 1, 0], ""own_checks.adb"": [1, 0, 0]}"
misc/SPARK2/Ada-SPARK-Container-With-Most-Water,,thinned,41,B,killed,,killed,contract,"{""tests.adb"": [1, 1, 0], ""own_checks.adb"": [1, 0, 0]}"
misc/SPARK2/Ada-SPARK-Container-With-Most-Water,,thinned,43,B,killed,,killed,contract,"{""tests.adb"": [1, 1, 0], ""own_checks.adb"": [1, 0, 0]}"
misc/SPARK2/Ada-SPARK-Container-With-Most-Water,,thinned,44,B,killed,,killed,contract,"{""tests.adb"": [1, 1, 0], ""own_checks.adb"": [1, 0, 0]}"
misc/SPARK2/Ada-SPARK-Container-With-Most-Water,,thinned,45,B,killed,,killed,contract,"{""tests.adb"": [1, 1, 0], ""own_checks.adb"": [1, 0, 0]}"
misc/SPARK2/Ada-SPARK-Container-With-Most-Water,,thinned,48,B,killed,,killed,contract,"{""tests.adb"": [1, 1, 0], ""own_checks.adb"": [1, 0, 0]}"
misc/SPARK2/Ada-SPARK-Container-With-Most-Water,,thinned,49,B,killed,,killed,contract,"{""tests.adb"": [1, 1, 0], ""own_checks.adb"": [1, 0, 0]}"
misc/SPARK2/Ada-SPARK-Container-With-Most-Water,,thinned,50,B,killed,,killed,contract,"{""tests.adb"": [1, 1, 0], ""own_checks.adb"": [1, 0, 0]}"
misc/SPARK2/Ada-SPARK-Container-With-Most-Water,,thinned,51,B,killed,,killed,runtime_error,"{""tests.adb"": [1, 1, 0], ""own_checks.adb"": [1, 0, 0]}"
misc/SPARK2/Ada-SPARK-Container-With-Most-Water,,thinned,52,B,killed,,killed,contract,"{""tests.adb"": [1, 1, 0], ""own_checks.adb"": [1, 0, 0]}"
misc/SPARK2/Ada-SPARK-Container-With-Most-Water,,thinned,53,B,killed,,killed,contract,"{""tests.adb"": [1, 1, 0], ""own_checks.adb"": [1, 0, 0]}"
misc/SPARK2/Ada-SPARK-Container-With-Most-Water,,thinned,55,B,killed,,killed,contract,"{""tests.adb"": [1, 1, 0], ""own_checks.adb"": [1, 0, 0]}"
misc/SPARK2/Ada-SPARK-Container-With-Most-Water,,thinned,59,B,killed,,killed,contract,"{""tests.adb"": [1, 1, 0], ""own_checks.adb"": [1, 0, 0]}"
misc/SPARK2/Ada-SPARK-Container-With-Most-Water,,thinned,60,B,killed,,killed,contract,"{""tests.adb"": [1, 1, 0], ""own_checks.adb"": [1, 0, 0]}"
misc/SPARK2/Ada-SPARK-Gray-Code,,full,0,alt,killed,,killed,test_check,
misc/SPARK2/Ada-SPARK-Gray-Code,,full,1,B,killed,,killed,test_check,
misc/SPARK2/Ada-SPARK-Gray-Code,,full,2,C,killed,,killed,test_check,
misc/SPARK2/Ada-SPARK-Gray-Code,,full,3,alt,killed,,killed,test_check,
misc/SPARK2/Ada-SPARK-Gray-Code,,full,5,C,killed,,killed,test_check,
misc/SPARK2/Ada-SPARK-Gray-Code,,full,6,B,killed,,killed,test_check,
misc/SPARK2/Ada-SPARK-Gray-Code,,full,7,alt,killed,,killed,test_check,
misc/SPARK2/Ada-SPARK-Gray-Code,,full,9,C,killed,,killed,test_check,
misc/SPARK2/Ada-SPARK-Gray-Code,,full,11,alt,killed,,killed,test_check,
misc/SPARK2/Ada-SPARK-Gray-Code,,full,12,B,killed,,killed,test_check,
misc/SPARK2/Ada-SPARK-Gray-Code,,full,13,C,killed,,killed,test_check,
misc/SPARK2/Ada-SPARK-Gray-Code,,full,14,alt,killed,,killed,test_check,
misc/SPARK2/Ada-SPARK-Gray-Code,,full,15,B,killed,,killed,test_check,
misc/SPARK2/Ada-SPARK-Gray-Code,,full,16,C,killed,,killed,test_check,
misc/SPARK2/Ada-SPARK-Gray-Code,,full,17,alt,killed,,killed,test_check,
misc/SPARK2/Ada-SPARK-Gray-Code,,full,19,C,killed,,killed,test_check,
misc/SPARK2/Ada-SPARK-Gray-Code,,full,20,alt,killed,,killed,test_check,
misc/SPARK2/Ada-SPARK-Gray-Code,,full,21,C,killed,,killed,test_check,
misc/SPARK2/Ada-SPARK-Gray-Code,,full,22,alt,killed,,killed,test_check,
misc/SPARK2/Ada-SPARK-Gray-Code,,full,23,C,killed,,killed,test_check,
misc/SPARK2/Ada-SPARK-Gray-Code,,full,25,C,killed,,killed,test_check,
misc/SPARK2/Ada-SPARK-Gray-Code,,thinned,0,alt,killed,,killed,test_check,"{""tests.adb"": [1, 3, 0], ""own_checks.adb"": [3, 2, 1]}"
misc/SPARK2/Ada-SPARK-Gray-Code,,thinned,1,B,killed,,killed,test_check,"{""tests.adb"": [1, 3, 0], ""own_checks.adb"": [3, 2, 1]}"
misc/SPARK2/Ada-SPARK-Gray-Code,,thinned,2,C,killed,,killed,test_check,"{""tests.adb"": [1, 3, 0], ""own_checks.adb"": [3, 2, 1]}"
misc/SPARK2/Ada-SPARK-Gray-Code,,thinned,3,alt,killed,,killed,test_check,"{""tests.adb"": [1, 3, 0], ""own_checks.adb"": [3, 2, 1]}"
misc/SPARK2/Ada-SPARK-Gray-Code,,thinned,5,C,killed,,killed,test_check,"{""tests.adb"": [1, 3, 0], ""own_checks.adb"": [3, 2, 1]}"
misc/SPARK2/Ada-SPARK-Gray-Code,,thinned,6,B,killed,,killed,test_check,"{""tests.adb"": [1, 3, 0], ""own_checks.adb"": [3, 2, 1]}"
misc/SPARK2/Ada-SPARK-Gray-Code,,thinned,7,alt,killed,,killed,test_check,"{""tests.adb"": [1, 3, 0], ""own_checks.adb"": [3, 2, 1]}"
misc/SPARK2/Ada-SPARK-Gray-Code,,thinned,9,C,killed,,killed,test_check,"{""tests.adb"": [1, 3, 0], ""own_checks.adb"": [3, 2, 1]}"
misc/SPARK2/Ada-SPARK-Gray-Code,,thinned,11,alt,killed,,killed,test_check,"{""tests.adb"": [1, 3, 0], ""own_checks.adb"": [3, 2, 1]}"
misc/SPARK2/Ada-SPARK-Gray-Code,,thinned,12,B,killed,,killed,test_check,"{""tests.adb"": [1, 3, 0], ""own_checks.adb"": [3, 2, 1]}"
misc/SPARK2/Ada-SPARK-Gray-Code,,thinned,13,C,killed,,killed,test_check,"{""tests.adb"": [1, 3, 0], ""own_checks.adb"": [3, 2, 1]}"
misc/SPARK2/Ada-SPARK-Gray-Code,,thinned,14,alt,killed,,killed,test_check,"{""tests.adb"": [1, 3, 0], ""own_checks.adb"": [3, 2, 1]}"
misc/SPARK2/Ada-SPARK-Gray-Code,,thinned,15,B,killed,,killed,test_check,"{""tests.adb"": [1, 3, 0], ""own_checks.adb"": [3, 2, 1]}"
misc/SPARK2/Ada-SPARK-Gray-Code,,thinned,16,C,killed,,killed,test_check,"{""tests.adb"": [1, 3, 0], ""own_checks.adb"": [3, 2, 1]}"
misc/SPARK2/Ada-SPARK-Gray-Code,,thinned,17,alt,killed,,killed,test_check,"{""tests.adb"": [1, 3, 0], ""own_checks.adb"": [3, 2, 1]}"
misc/SPARK2/Ada-SPARK-Gray-Code,,thinned,19,C,killed,,survived,,"{""tests.adb"": [1, 3, 0], ""own_checks.adb"": [3, 2, 1]}"
misc/SPARK2/Ada-SPARK-Gray-Code,,thinned,20,alt,killed,,killed,test_check,"{""tests.adb"": [1, 3, 0], ""own_checks.adb"": [3, 2, 1]}"
misc/SPARK2/Ada-SPARK-Gray-Code,,thinned,21,C,killed,,killed,test_check,"{""tests.adb"": [1, 3, 0], ""own_checks.adb"": [3, 2, 1]}"
misc/SPARK2/Ada-SPARK-Gray-Code,,thinned,22,alt,killed,,killed,test_check,"{""tests.adb"": [1, 3, 0], ""own_checks.adb"": [3, 2, 1]}"
misc/SPARK2/Ada-SPARK-Gray-Code,,thinned,23,C,killed,,killed,test_check,"{""tests.adb"": [1, 3, 0], ""own_checks.adb"": [3, 2, 1]}"
misc/SPARK2/Ada-SPARK-Gray-Code,,thinned,25,C,killed,,killed,test_check,"{""tests.adb"": [1, 3, 0], ""own_checks.adb"": [3, 2, 1]}"
numerical/SPARK2/Ada-SPARK-Sieve-Of-Eratosthenes,,full,0,alt,killed,,killed,contract,
numerical/SPARK2/Ada-SPARK-Sieve-Of-Eratosthenes,,full,1,ho,killed,,killed,contract,
numerical/SPARK2/Ada-SPARK-Sieve-Of-Eratosthenes,,full,3,C,killed,,killed,runtime_error,
numerical/SPARK2/Ada-SPARK-Sieve-Of-Eratosthenes,,full,5,B,killed,,killed,contract,
numerical/SPARK2/Ada-SPARK-Sieve-Of-Eratosthenes,,full,6,alt,killed,,killed,contract,
numerical/SPARK2/Ada-SPARK-Sieve-Of-Eratosthenes,,full,7,ho,killed,,killed,contract,
numerical/SPARK2/Ada-SPARK-Sieve-Of-Eratosthenes,,full,11,B,killed,,killed,contract,
numerical/SPARK2/Ada-SPARK-Sieve-Of-Eratosthenes,,full,12,alt,killed,,killed,test_check,
numerical/SPARK2/Ada-SPARK-Sieve-Of-Eratosthenes,,full,14,C,killed,,killed,runtime_error,
numerical/SPARK2/Ada-SPARK-Sieve-Of-Eratosthenes,,full,17,B,killed,,killed,contract,
numerical/SPARK2/Ada-SPARK-Sieve-Of-Eratosthenes,,thinned,0,alt,killed,,killed,contract,"{""tests.adb"": [1, 4, 0], ""own_checks.adb"": [1, 1, 0]}"
numerical/SPARK2/Ada-SPARK-Sieve-Of-Eratosthenes,,thinned,1,ho,killed,,killed,contract,"{""tests.adb"": [1, 4, 0], ""own_checks.adb"": [1, 1, 0]}"
numerical/SPARK2/Ada-SPARK-Sieve-Of-Eratosthenes,,thinned,3,C,killed,,killed,runtime_error,"{""tests.adb"": [1, 4, 0], ""own_checks.adb"": [1, 1, 0]}"
numerical/SPARK2/Ada-SPARK-Sieve-Of-Eratosthenes,,thinned,5,B,killed,,killed,test_check,"{""tests.adb"": [1, 4, 0], ""own_checks.adb"": [1, 1, 0]}"
numerical/SPARK2/Ada-SPARK-Sieve-Of-Eratosthenes,,thinned,6,alt,killed,,killed,test_check,"{""tests.adb"": [1, 4, 0], ""own_checks.adb"": [1, 1, 0]}"
numerical/SPARK2/Ada-SPARK-Sieve-Of-Eratosthenes,,thinned,7,ho,killed,,killed,test_check,"{""tests.adb"": [1, 4, 0], ""own_checks.adb"": [1, 1, 0]}"
numerical/SPARK2/Ada-SPARK-Sieve-Of-Eratosthenes,,thinned,11,B,killed,,killed,test_check,"{""tests.adb"": [1, 4, 0], ""own_checks.adb"": [1, 1, 0]}"
numerical/SPARK2/Ada-SPARK-Sieve-Of-Eratosthenes,,thinned,12,alt,killed,,killed,test_check,"{""tests.adb"": [1, 4, 0], ""own_checks.adb"": [1, 1, 0]}"
numerical/SPARK2/Ada-SPARK-Sieve-Of-Eratosthenes,,thinned,14,C,killed,,killed,runtime_error,"{""tests.adb"": [1, 4, 0], ""own_checks.adb"": [1, 1, 0]}"
numerical/SPARK2/Ada-SPARK-Sieve-Of-Eratosthenes,,thinned,17,B,killed,,killed,test_check,"{""tests.adb"": [1, 4, 0], ""own_checks.adb"": [1, 1, 0]}"
strings/SPARK2/Ada-SPARK-Hamming-Distance,,full,0,alt,killed,,killed,test_check,
strings/SPARK2/Ada-SPARK-Hamming-Distance,,full,1,ho,killed,,killed,test_check,
strings/SPARK2/Ada-SPARK-Hamming-Distance,,full,2,B,killed,,killed,test_check,
strings/SPARK2/Ada-SPARK-Hamming-Distance,,full,3,C,killed,,killed,test_check,
strings/SPARK2/Ada-SPARK-Hamming-Distance,,full,5,ho,killed,,killed,test_check,
strings/SPARK2/Ada-SPARK-Hamming-Distance,,full,6,B,killed,,killed,test_check,
strings/SPARK2/Ada-SPARK-Hamming-Distance,,full,7,C,killed,,killed,test_check,
strings/SPARK2/Ada-SPARK-Hamming-Distance,,full,8,alt,killed,,killed,test_check,
strings/SPARK2/Ada-SPARK-Hamming-Distance,,full,10,ho,killed,,killed,test_check,
strings/SPARK2/Ada-SPARK-Hamming-Distance,,full,11,C,killed,,killed,test_check,
strings/SPARK2/Ada-SPARK-Hamming-Distance,,full,12,alt,killed,,killed,test_check,
strings/SPARK2/Ada-SPARK-Hamming-Distance,,full,14,ho,killed,,killed,test_check,
strings/SPARK2/Ada-SPARK-Hamming-Distance,,full,16,alt,killed,,killed,test_check,
strings/SPARK2/Ada-SPARK-Hamming-Distance,,full,18,C,killed,,killed,test_check,
strings/SPARK2/Ada-SPARK-Hamming-Distance,,full,19,alt,killed,,killed,test_check,
strings/SPARK2/Ada-SPARK-Hamming-Distance,,full,20,ho,killed,,killed,test_check,
strings/SPARK2/Ada-SPARK-Hamming-Distance,,full,21,C,killed,,killed,test_check,
strings/SPARK2/Ada-SPARK-Hamming-Distance,,full,22,alt,killed,,killed,test_check,
strings/SPARK2/Ada-SPARK-Hamming-Distance,,full,23,ho,killed,,killed,test_check,
strings/SPARK2/Ada-SPARK-Hamming-Distance,,full,24,alt,killed,,killed,test_check,
strings/SPARK2/Ada-SPARK-Hamming-Distance,,full,25,alt,killed,,killed,test_check,
strings/SPARK2/Ada-SPARK-Hamming-Distance,,thinned,0,alt,killed,,killed,test_check,"{""tests.adb"": [1, 3, 0], ""own_checks.adb"": [1, 0, 0]}"
strings/SPARK2/Ada-SPARK-Hamming-Distance,,thinned,1,ho,killed,,killed,test_check,"{""tests.adb"": [1, 3, 0], ""own_checks.adb"": [1, 0, 0]}"
strings/SPARK2/Ada-SPARK-Hamming-Distance,,thinned,2,B,killed,,killed,test_check,"{""tests.adb"": [1, 3, 0], ""own_checks.adb"": [1, 0, 0]}"
strings/SPARK2/Ada-SPARK-Hamming-Distance,,thinned,3,C,killed,,killed,test_check,"{""tests.adb"": [1, 3, 0], ""own_checks.adb"": [1, 0, 0]}"
strings/SPARK2/Ada-SPARK-Hamming-Distance,,thinned,5,ho,killed,,killed,test_check,"{""tests.adb"": [1, 3, 0], ""own_checks.adb"": [1, 0, 0]}"
strings/SPARK2/Ada-SPARK-Hamming-Distance,,thinned,6,B,killed,,killed,test_check,"{""tests.adb"": [1, 3, 0], ""own_checks.adb"": [1, 0, 0]}"
strings/SPARK2/Ada-SPARK-Hamming-Distance,,thinned,7,C,killed,,killed,test_check,"{""tests.adb"": [1, 3, 0], ""own_checks.adb"": [1, 0, 0]}"
strings/SPARK2/Ada-SPARK-Hamming-Distance,,thinned,8,alt,killed,,killed,test_check,"{""tests.adb"": [1, 3, 0], ""own_checks.adb"": [1, 0, 0]}"
strings/SPARK2/Ada-SPARK-Hamming-Distance,,thinned,10,ho,killed,,killed,test_check,"{""tests.adb"": [1, 3, 0], ""own_checks.adb"": [1, 0, 0]}"
strings/SPARK2/Ada-SPARK-Hamming-Distance,,thinned,11,C,killed,,killed,test_check,"{""tests.adb"": [1, 3, 0], ""own_checks.adb"": [1, 0, 0]}"
strings/SPARK2/Ada-SPARK-Hamming-Distance,,thinned,12,alt,killed,,killed,test_check,"{""tests.adb"": [1, 3, 0], ""own_checks.adb"": [1, 0, 0]}"
strings/SPARK2/Ada-SPARK-Hamming-Distance,,thinned,14,ho,killed,,killed,test_check,"{""tests.adb"": [1, 3, 0], ""own_checks.adb"": [1, 0, 0]}"
strings/SPARK2/Ada-SPARK-Hamming-Distance,,thinned,16,alt,killed,,killed,test_check,"{""tests.adb"": [1, 3, 0], ""own_checks.adb"": [1, 0, 0]}"
strings/SPARK2/Ada-SPARK-Hamming-Distance,,thinned,18,C,killed,,killed,test_check,"{""tests.adb"": [1, 3, 0], ""own_checks.adb"": [1, 0, 0]}"
strings/SPARK2/Ada-SPARK-Hamming-Distance,,thinned,19,alt,killed,,killed,test_check,"{""tests.adb"": [1, 3, 0], ""own_checks.adb"": [1, 0, 0]}"
strings/SPARK2/Ada-SPARK-Hamming-Distance,,thinned,20,ho,killed,,killed,test_check,"{""tests.adb"": [1, 3, 0], ""own_checks.adb"": [1, 0, 0]}"
strings/SPARK2/Ada-SPARK-Hamming-Distance,,thinned,21,C,killed,,killed,test_check,"{""tests.adb"": [1, 3, 0], ""own_checks.adb"": [1, 0, 0]}"
strings/SPARK2/Ada-SPARK-Hamming-Distance,,thinned,22,alt,killed,,killed,test_check,"{""tests.adb"": [1, 3, 0], ""own_checks.adb"": [1, 0, 0]}"
strings/SPARK2/Ada-SPARK-Hamming-Distance,,thinned,23,ho,killed,,killed,test_check,"{""tests.adb"": [1, 3, 0], ""own_checks.adb"": [1, 0, 0]}"
strings/SPARK2/Ada-SPARK-Hamming-Distance,,thinned,24,alt,killed,,killed,test_check,"{""tests.adb"": [1, 3, 0], ""own_checks.adb"": [1, 0, 0]}"
strings/SPARK2/Ada-SPARK-Hamming-Distance,,thinned,25,alt,killed,,killed,test_check,"{""tests.adb"": [1, 3, 0], ""own_checks.adb"": [1, 0, 0]}"
misc/SPARK2/Ada-SPARK-Bulb-Switcher,,full,0,alt,killed,,killed,contract,
misc/SPARK2/Ada-SPARK-Bulb-Switcher,,full,1,ho,killed,,killed,runtime_error,
misc/SPARK2/Ada-SPARK-Bulb-Switcher,,full,2,B,killed,,killed,runtime_error,
misc/SPARK2/Ada-SPARK-Bulb-Switcher,,full,3,alt,killed,,killed,contract,
misc/SPARK2/Ada-SPARK-Bulb-Switcher,,full,4,ho,killed,,killed,contract,
misc/SPARK2/Ada-SPARK-Bulb-Switcher,,full,6,B,killed,,killed,runtime_error,
misc/SPARK2/Ada-SPARK-Bulb-Switcher,,full,8,ho,killed,,killed,runtime_error,
misc/SPARK2/Ada-SPARK-Bulb-Switcher,,full,9,B,killed,,killed,contract,
misc/SPARK2/Ada-SPARK-Bulb-Switcher,,full,10,alt,killed,,killed,contract,
misc/SPARK2/Ada-SPARK-Bulb-Switcher,,full,11,ho,killed,,killed,runtime_error,
misc/SPARK2/Ada-SPARK-Bulb-Switcher,,full,12,B,killed,,killed,contract,
misc/SPARK2/Ada-SPARK-Bulb-Switcher,,full,13,ho,killed,,killed,contract,
misc/SPARK2/Ada-SPARK-Bulb-Switcher,,full,14,B,killed,,killed,contract,
misc/SPARK2/Ada-SPARK-Bulb-Switcher,,full,15,ho,killed,,killed,contract,
misc/SPARK2/Ada-SPARK-Bulb-Switcher,,full,16,B,killed,,killed,contract,
misc/SPARK2/Ada-SPARK-Bulb-Switcher,,full,17,B,killed,,killed,runtime_error,
misc/SPARK2/Ada-SPARK-Bulb-Switcher,,full,18,B,killed,,killed,contract,
misc/SPARK2/Ada-SPARK-Bulb-Switcher,,full,19,B,killed,,killed,contract,
misc/SPARK2/Ada-SPARK-Bulb-Switcher,,full,20,B,killed,,killed,contract,
misc/SPARK2/Ada-SPARK-Bulb-Switcher,,full,21,B,killed,,killed,contract,
misc/SPARK2/Ada-SPARK-Bulb-Switcher,,full,22,B,killed,,killed,contract,
misc/SPARK2/Ada-SPARK-Bulb-Switcher,,full,23,B,killed,,killed,contract,
misc/SPARK2/Ada-SPARK-Bulb-Switcher,,full,24,B,killed,,killed,contract,
misc/SPARK2/Ada-SPARK-Bulb-Switcher,,full,25,B,killed,,killed,runtime_error,
misc/SPARK2/Ada-SPARK-Bulb-Switcher,,full,26,B,killed,,killed,runtime_error,
misc/SPARK2/Ada-SPARK-Bulb-Switcher,,full,27,B,killed,,killed,runtime_error,
misc/SPARK2/Ada-SPARK-Bulb-Switcher,,thinned,0,alt,killed,,timeout,,"{""tests.adb"": [1, 4, 0], ""own_checks.adb"": [7, 0, 1]}"
misc/SPARK2/Ada-SPARK-Bulb-Switcher,,thinned,1,ho,killed,,killed,runtime_error,"{""tests.adb"": [1, 4, 0], ""own_checks.adb"": [7, 0, 1]}"
misc/SPARK2/Ada-SPARK-Bulb-Switcher,,thinned,2,B,killed,,killed,runtime_error,"{""tests.adb"": [1, 4, 0], ""own_checks.adb"": [7, 0, 1]}"
misc/SPARK2/Ada-SPARK-Bulb-Switcher,,thinned,3,alt,killed,,killed,test_check,"{""tests.adb"": [1, 4, 0], ""own_checks.adb"": [7, 0, 1]}"
misc/SPARK2/Ada-SPARK-Bulb-Switcher,,thinned,4,ho,killed,,killed,test_check,"{""tests.adb"": [1, 4, 0], ""own_checks.adb"": [7, 0, 1]}"
misc/SPARK2/Ada-SPARK-Bulb-Switcher,,thinned,6,B,killed,,killed,runtime_error,"{""tests.adb"": [1, 4, 0], ""own_checks.adb"": [7, 0, 1]}"
misc/SPARK2/Ada-SPARK-Bulb-Switcher,,thinned,8,ho,killed,,killed,runtime_error,"{""tests.adb"": [1, 4, 0], ""own_checks.adb"": [7, 0, 1]}"
misc/SPARK2/Ada-SPARK-Bulb-Switcher,,thinned,9,B,killed,,killed,contract,"{""tests.adb"": [1, 4, 0], ""own_checks.adb"": [7, 0, 1]}"
misc/SPARK2/Ada-SPARK-Bulb-Switcher,,thinned,10,alt,killed,,killed,contract,"{""tests.adb"": [1, 4, 0], ""own_checks.adb"": [7, 0, 1]}"
misc/SPARK2/Ada-SPARK-Bulb-Switcher,,thinned,11,ho,killed,,killed,runtime_error,"{""tests.adb"": [1, 4, 0], ""own_checks.adb"": [7, 0, 1]}"
misc/SPARK2/Ada-SPARK-Bulb-Switcher,,thinned,12,B,killed,,killed,test_check,"{""tests.adb"": [1, 4, 0], ""own_checks.adb"": [7, 0, 1]}"
misc/SPARK2/Ada-SPARK-Bulb-Switcher,,thinned,13,ho,killed,,killed,contract,"{""tests.adb"": [1, 4, 0], ""own_checks.adb"": [7, 0, 1]}"
misc/SPARK2/Ada-SPARK-Bulb-Switcher,,thinned,14,B,killed,,killed,contract,"{""tests.adb"": [1, 4, 0], ""own_checks.adb"": [7, 0, 1]}"
misc/SPARK2/Ada-SPARK-Bulb-Switcher,,thinned,15,ho,killed,,killed,test_check,"{""tests.adb"": [1, 4, 0], ""own_checks.adb"": [7, 0, 1]}"
misc/SPARK2/Ada-SPARK-Bulb-Switcher,,thinned,16,B,killed,,killed,contract,"{""tests.adb"": [1, 4, 0], ""own_checks.adb"": [7, 0, 1]}"
misc/SPARK2/Ada-SPARK-Bulb-Switcher,,thinned,17,B,killed,,killed,runtime_error,"{""tests.adb"": [1, 4, 0], ""own_checks.adb"": [7, 0, 1]}"
misc/SPARK2/Ada-SPARK-Bulb-Switcher,,thinned,18,B,killed,,killed,test_check,"{""tests.adb"": [1, 4, 0], ""own_checks.adb"": [7, 0, 1]}"
misc/SPARK2/Ada-SPARK-Bulb-Switcher,,thinned,19,B,killed,,timeout,,"{""tests.adb"": [1, 4, 0], ""own_checks.adb"": [7, 0, 1]}"
misc/SPARK2/Ada-SPARK-Bulb-Switcher,,thinned,20,B,killed,,killed,test_check,"{""tests.adb"": [1, 4, 0], ""own_checks.adb"": [7, 0, 1]}"
misc/SPARK2/Ada-SPARK-Bulb-Switcher,,thinned,21,B,killed,,killed,contract,"{""tests.adb"": [1, 4, 0], ""own_checks.adb"": [7, 0, 1]}"
misc/SPARK2/Ada-SPARK-Bulb-Switcher,,thinned,22,B,killed,,killed,test_check,"{""tests.adb"": [1, 4, 0], ""own_checks.adb"": [7, 0, 1]}"
misc/SPARK2/Ada-SPARK-Bulb-Switcher,,thinned,23,B,killed,,killed,test_check,"{""tests.adb"": [1, 4, 0], ""own_checks.adb"": [7, 0, 1]}"
misc/SPARK2/Ada-SPARK-Bulb-Switcher,,thinned,24,B,killed,,killed,contract,"{""tests.adb"": [1, 4, 0], ""own_checks.adb"": [7, 0, 1]}"
misc/SPARK2/Ada-SPARK-Bulb-Switcher,,thinned,25,B,killed,,killed,runtime_error,"{""tests.adb"": [1, 4, 0], ""own_checks.adb"": [7, 0, 1]}"
misc/SPARK2/Ada-SPARK-Bulb-Switcher,,thinned,26,B,killed,,killed,runtime_error,"{""tests.adb"": [1, 4, 0], ""own_checks.adb"": [7, 0, 1]}"
misc/SPARK2/Ada-SPARK-Bulb-Switcher,,thinned,27,B,killed,,killed,runtime_error,"{""tests.adb"": [1, 4, 0], ""own_checks.adb"": [7, 0, 1]}"
misc/SPARK2/Ada-SPARK-Car-Pooling,,full,0,alt,killed,,killed,contract,
misc/SPARK2/Ada-SPARK-Car-Pooling,,full,1,ho,killed,,killed,contract,
misc/SPARK2/Ada-SPARK-Car-Pooling,,full,3,C,killed,,killed,runtime_error,
misc/SPARK2/Ada-SPARK-Car-Pooling,,full,4,B,killed,,killed,contract,
misc/SPARK2/Ada-SPARK-Car-Pooling,,full,5,alt,killed,,killed,contract,
misc/SPARK2/Ada-SPARK-Car-Pooling,,full,6,ho,killed,,killed,contract,
misc/SPARK2/Ada-SPARK-Car-Pooling,,full,7,B,killed,,killed,contract,
misc/SPARK2/Ada-SPARK-Car-Pooling,,full,8,C,killed,,killed,runtime_error,
misc/SPARK2/Ada-SPARK-Car-Pooling,,full,10,C,killed,,killed,runtime_error,
misc/SPARK2/Ada-SPARK-Car-Pooling,,full,12,B,killed,,killed,runtime_error,
misc/SPARK2/Ada-SPARK-Car-Pooling,,full,14,C,killed,,killed,runtime_error,
misc/SPARK2/Ada-SPARK-Car-Pooling,,full,15,B,killed,,killed,runtime_error,
misc/SPARK2/Ada-SPARK-Car-Pooling,,full,17,C,killed,,killed,runtime_error,
misc/SPARK2/Ada-SPARK-Car-Pooling,,full,19,B,killed,,killed,test_check,
misc/SPARK2/Ada-SPARK-Car-Pooling,,full,20,B,killed,,killed,contract,
misc/SPARK2/Ada-SPARK-Car-Pooling,,full,21,B,killed,,killed,runtime_error,
misc/SPARK2/Ada-SPARK-Car-Pooling,,full,22,B,killed,,killed,contract,
misc/SPARK2/Ada-SPARK-Car-Pooling,,full,26,B,killed,,killed,runtime_error,
misc/SPARK2/Ada-SPARK-Car-Pooling,,full,28,B,killed,,killed,test_check,
misc/SPARK2/Ada-SPARK-Car-Pooling,,full,29,B,killed,,killed,test_check,
misc/SPARK2/Ada-SPARK-Car-Pooling,,thinned,0,alt,killed,,killed,contract,"{""tests.adb"": [1, 1, 0], ""own_checks.adb"": [2, 0, 0]}"
misc/SPARK2/Ada-SPARK-Car-Pooling,,thinned,1,ho,killed,,killed,contract,"{""tests.adb"": [1, 1, 0], ""own_checks.adb"": [2, 0, 0]}"
misc/SPARK2/Ada-SPARK-Car-Pooling,,thinned,3,C,killed,,killed,runtime_error,"{""tests.adb"": [1, 1, 0], ""own_checks.adb"": [2, 0, 0]}"
misc/SPARK2/Ada-SPARK-Car-Pooling,,thinned,4,B,killed,,killed,contract,"{""tests.adb"": [1, 1, 0], ""own_checks.adb"": [2, 0, 0]}"
misc/SPARK2/Ada-SPARK-Car-Pooling,,thinned,5,alt,killed,,killed,test_check,"{""tests.adb"": [1, 1, 0], ""own_checks.adb"": [2, 0, 0]}"
misc/SPARK2/Ada-SPARK-Car-Pooling,,thinned,6,ho,killed,,killed,contract,"{""tests.adb"": [1, 1, 0], ""own_checks.adb"": [2, 0, 0]}"
misc/SPARK2/Ada-SPARK-Car-Pooling,,thinned,7,B,killed,,killed,contract,"{""tests.adb"": [1, 1, 0], ""own_checks.adb"": [2, 0, 0]}"
misc/SPARK2/Ada-SPARK-Car-Pooling,,thinned,8,C,killed,,killed,runtime_error,"{""tests.adb"": [1, 1, 0], ""own_checks.adb"": [2, 0, 0]}"
misc/SPARK2/Ada-SPARK-Car-Pooling,,thinned,10,C,killed,,killed,runtime_error,"{""tests.adb"": [1, 1, 0], ""own_checks.adb"": [2, 0, 0]}"
misc/SPARK2/Ada-SPARK-Car-Pooling,,thinned,12,B,killed,,killed,runtime_error,"{""tests.adb"": [1, 1, 0], ""own_checks.adb"": [2, 0, 0]}"
misc/SPARK2/Ada-SPARK-Car-Pooling,,thinned,14,C,killed,,killed,runtime_error,"{""tests.adb"": [1, 1, 0], ""own_checks.adb"": [2, 0, 0]}"
misc/SPARK2/Ada-SPARK-Car-Pooling,,thinned,15,B,killed,,killed,runtime_error,"{""tests.adb"": [1, 1, 0], ""own_checks.adb"": [2, 0, 0]}"
misc/SPARK2/Ada-SPARK-Car-Pooling,,thinned,17,C,killed,,killed,runtime_error,"{""tests.adb"": [1, 1, 0], ""own_checks.adb"": [2, 0, 0]}"
misc/SPARK2/Ada-SPARK-Car-Pooling,,thinned,19,B,killed,,killed,test_check,"{""tests.adb"": [1, 1, 0], ""own_checks.adb"": [2, 0, 0]}"
misc/SPARK2/Ada-SPARK-Car-Pooling,,thinned,20,B,killed,,killed,test_check,"{""tests.adb"": [1, 1, 0], ""own_checks.adb"": [2, 0, 0]}"
misc/SPARK2/Ada-SPARK-Car-Pooling,,thinned,21,B,killed,,killed,runtime_error,"{""tests.adb"": [1, 1, 0], ""own_checks.adb"": [2, 0, 0]}"
misc/SPARK2/Ada-SPARK-Car-Pooling,,thinned,22,B,killed,,killed,contract,"{""tests.adb"": [1, 1, 0], ""own_checks.adb"": [2, 0, 0]}"
misc/SPARK2/Ada-SPARK-Car-Pooling,,thinned,26,B,killed,,killed,runtime_error,"{""tests.adb"": [1, 1, 0], ""own_checks.adb"": [2, 0, 0]}"
misc/SPARK2/Ada-SPARK-Car-Pooling,,thinned,28,B,killed,,killed,test_check,"{""tests.adb"": [1, 1, 0], ""own_checks.adb"": [2, 0, 0]}"
misc/SPARK2/Ada-SPARK-Car-Pooling,,thinned,29,B,killed,,killed,test_check,"{""tests.adb"": [1, 1, 0], ""own_checks.adb"": [2, 0, 0]}"
misc/SPARK2/Ada-SPARK-Check-If-Number-Is-A-Sum-Of-Powers-Of-Three,,full,1,B,killed,,killed,contract,
misc/SPARK2/Ada-SPARK-Check-If-Number-Is-A-Sum-Of-Powers-Of-Three,,full,3,alt,killed,,killed,contract,
misc/SPARK2/Ada-SPARK-Check-If-Number-Is-A-Sum-Of-Powers-Of-Three,,full,5,B,killed,,killed,contract,
misc/SPARK2/Ada-SPARK-Check-If-Number-Is-A-Sum-Of-Powers-Of-Three,,full,7,B,killed,,killed,contract,
misc/SPARK2/Ada-SPARK-Check-If-Number-Is-A-Sum-Of-Powers-Of-Three,,full,8,alt,killed,,killed,contract,
misc/SPARK2/Ada-SPARK-Check-If-Number-Is-A-Sum-Of-Powers-Of-Three,,full,11,alt,killed,,killed,contract,
misc/SPARK2/Ada-SPARK-Check-If-Number-Is-A-Sum-Of-Powers-Of-Three,,full,12,B,killed,,killed,contract,
misc/SPARK2/Ada-SPARK-Check-If-Number-Is-A-Sum-Of-Powers-Of-Three,,full,13,alt,killed,,killed,contract,
misc/SPARK2/Ada-SPARK-Check-If-Number-Is-A-Sum-Of-Powers-Of-Three,,full,14,B,killed,,killed,contract,
misc/SPARK2/Ada-SPARK-Check-If-Number-Is-A-Sum-Of-Powers-Of-Three,,full,15,alt,killed,,killed,contract,
misc/SPARK2/Ada-SPARK-Check-If-Number-Is-A-Sum-Of-Powers-Of-Three,,full,17,B,killed,,killed,contract,
misc/SPARK2/Ada-SPARK-Check-If-Number-Is-A-Sum-Of-Powers-Of-Three,,thinned,1,B,killed,,killed,contract,"{""tests.adb"": [1, 4, 0], ""own_checks.adb"": [3, 0, 0]}"
misc/SPARK2/Ada-SPARK-Check-If-Number-Is-A-Sum-Of-Powers-Of-Three,,thinned,3,alt,killed,,killed,test_check,"{""tests.adb"": [1, 4, 0], ""own_checks.adb"": [3, 0, 0]}"
misc/SPARK2/Ada-SPARK-Check-If-Number-Is-A-Sum-Of-Powers-Of-Three,,thinned,5,B,killed,,killed,test_check,"{""tests.adb"": [1, 4, 0], ""own_checks.adb"": [3, 0, 0]}"
misc/SPARK2/Ada-SPARK-Check-If-Number-Is-A-Sum-Of-Powers-Of-Three,,thinned,7,B,killed,,killed,contract,"{""tests.adb"": [1, 4, 0], ""own_checks.adb"": [3, 0, 0]}"
misc/SPARK2/Ada-SPARK-Check-If-Number-Is-A-Sum-Of-Powers-Of-Three,,thinned,8,alt,killed,,killed,contract,"{""tests.adb"": [1, 4, 0], ""own_checks.adb"": [3, 0, 0]}"
misc/SPARK2/Ada-SPARK-Check-If-Number-Is-A-Sum-Of-Powers-Of-Three,,thinned,11,alt,killed,,killed,test_check,"{""tests.adb"": [1, 4, 0], ""own_checks.adb"": [3, 0, 0]}"
misc/SPARK2/Ada-SPARK-Check-If-Number-Is-A-Sum-Of-Powers-Of-Three,,thinned,12,B,killed,,killed,test_check,"{""tests.adb"": [1, 4, 0], ""own_checks.adb"": [3, 0, 0]}"
misc/SPARK2/Ada-SPARK-Check-If-Number-Is-A-Sum-Of-Powers-Of-Three,,thinned,13,alt,killed,,killed,test_check,"{""tests.adb"": [1, 4, 0], ""own_checks.adb"": [3, 0, 0]}"
misc/SPARK2/Ada-SPARK-Check-If-Number-Is-A-Sum-Of-Powers-Of-Three,,thinned,14,B,killed,,killed,contract,"{""tests.adb"": [1, 4, 0], ""own_checks.adb"": [3, 0, 0]}"
misc/SPARK2/Ada-SPARK-Check-If-Number-Is-A-Sum-Of-Powers-Of-Three,,thinned,15,alt,killed,,killed,runtime_error,"{""tests.adb"": [1, 4, 0], ""own_checks.adb"": [3, 0, 0]}"
misc/SPARK2/Ada-SPARK-Check-If-Number-Is-A-Sum-Of-Powers-Of-Three,,thinned,17,B,killed,,killed,test_check,"{""tests.adb"": [1, 4, 0], ""own_checks.adb"": [3, 0, 0]}"
misc/SPARK2/Ada-SPARK-Count-Odd-Numbers-In-An-Interval,,full,0,alt,killed,,killed,runtime_error,
misc/SPARK2/Ada-SPARK-Count-Odd-Numbers-In-An-Interval,,full,1,ho,killed,,killed,contract,
misc/SPARK2/Ada-SPARK-Count-Odd-Numbers-In-An-Interval,,full,3,B,killed,,killed,contract,
misc/SPARK2/Ada-SPARK-Count-Odd-Numbers-In-An-Interval,,full,4,alt,killed,,killed,test_check,
misc/SPARK2/Ada-SPARK-Count-Odd-Numbers-In-An-Interval,,full,5,ho,killed,,killed,contract,
misc/SPARK2/Ada-SPARK-Count-Odd-Numbers-In-An-Interval,,full,7,alt,killed,,killed,contract,
misc/SPARK2/Ada-SPARK-Count-Odd-Numbers-In-An-Interval,,full,9,B,killed,,killed,contract,
misc/SPARK2/Ada-SPARK-Count-Odd-Numbers-In-An-Interval,,full,10,alt,killed,,killed,contract,
misc/SPARK2/Ada-SPARK-Count-Odd-Numbers-In-An-Interval,,full,11,ho,killed,,killed,contract,
misc/SPARK2/Ada-SPARK-Count-Odd-Numbers-In-An-Interval,,full,12,B,killed,,killed,contract,
misc/SPARK2/Ada-SPARK-Count-Odd-Numbers-In-An-Interval,,full,13,alt,killed,,killed,runtime_error,
misc/SPARK2/Ada-SPARK-Count-Odd-Numbers-In-An-Interval,,full,14,ho,killed,,killed,contract,
misc/SPARK2/Ada-SPARK-Count-Odd-Numbers-In-An-Interval,,full,15,B,killed,,killed,contract,
misc/SPARK2/Ada-SPARK-Count-Odd-Numbers-In-An-Interval,,full,16,alt,killed,,killed,contract,
misc/SPARK2/Ada-SPARK-Count-Odd-Numbers-In-An-Interval,,full,17,B,killed,,killed,contract,
misc/SPARK2/Ada-SPARK-Count-Odd-Numbers-In-An-Interval,,full,18,alt,killed,,killed,contract,
misc/SPARK2/Ada-SPARK-Count-Odd-Numbers-In-An-Interval,,full,19,B,killed,,killed,contract,
misc/SPARK2/Ada-SPARK-Count-Odd-Numbers-In-An-Interval,,full,20,alt,killed,,killed,runtime_error,
misc/SPARK2/Ada-SPARK-Count-Odd-Numbers-In-An-Interval,,full,22,alt,killed,,killed,contract,
misc/SPARK2/Ada-SPARK-Count-Odd-Numbers-In-An-Interval,,full,23,alt,killed,,killed,contract,
misc/SPARK2/Ada-SPARK-Count-Odd-Numbers-In-An-Interval,,thinned,0,alt,killed,,killed,runtime_error,"{""tests.adb"": [1, 3, 0], ""own_checks.adb"": [3, 2, 1]}"
misc/SPARK2/Ada-SPARK-Count-Odd-Numbers-In-An-Interval,,thinned,1,ho,killed,,killed,contract,"{""tests.adb"": [1, 3, 0], ""own_checks.adb"": [3, 2, 1]}"
misc/SPARK2/Ada-SPARK-Count-Odd-Numbers-In-An-Interval,,thinned,3,B,killed,,killed,contract,"{""tests.adb"": [1, 3, 0], ""own_checks.adb"": [3, 2, 1]}"
misc/SPARK2/Ada-SPARK-Count-Odd-Numbers-In-An-Interval,,thinned,4,alt,killed,,killed,test_check,"{""tests.adb"": [1, 3, 0], ""own_checks.adb"": [3, 2, 1]}"
misc/SPARK2/Ada-SPARK-Count-Odd-Numbers-In-An-Interval,,thinned,5,ho,killed,,killed,contract,"{""tests.adb"": [1, 3, 0], ""own_checks.adb"": [3, 2, 1]}"
misc/SPARK2/Ada-SPARK-Count-Odd-Numbers-In-An-Interval,,thinned,7,alt,killed,,killed,contract,"{""tests.adb"": [1, 3, 0], ""own_checks.adb"": [3, 2, 1]}"
misc/SPARK2/Ada-SPARK-Count-Odd-Numbers-In-An-Interval,,thinned,9,B,killed,,killed,contract,"{""tests.adb"": [1, 3, 0], ""own_checks.adb"": [3, 2, 1]}"
misc/SPARK2/Ada-SPARK-Count-Odd-Numbers-In-An-Interval,,thinned,10,alt,killed,,killed,test_check,"{""tests.adb"": [1, 3, 0], ""own_checks.adb"": [3, 2, 1]}"
misc/SPARK2/Ada-SPARK-Count-Odd-Numbers-In-An-Interval,,thinned,11,ho,killed,,killed,test_check,"{""tests.adb"": [1, 3, 0], ""own_checks.adb"": [3, 2, 1]}"
misc/SPARK2/Ada-SPARK-Count-Odd-Numbers-In-An-Interval,,thinned,12,B,killed,,killed,contract,"{""tests.adb"": [1, 3, 0], ""own_checks.adb"": [3, 2, 1]}"
misc/SPARK2/Ada-SPARK-Count-Odd-Numbers-In-An-Interval,,thinned,13,alt,killed,,killed,runtime_error,"{""tests.adb"": [1, 3, 0], ""own_checks.adb"": [3, 2, 1]}"
misc/SPARK2/Ada-SPARK-Count-Odd-Numbers-In-An-Interval,,thinned,14,ho,killed,,killed,contract,"{""tests.adb"": [1, 3, 0], ""own_checks.adb"": [3, 2, 1]}"
misc/SPARK2/Ada-SPARK-Count-Odd-Numbers-In-An-Interval,,thinned,15,B,killed,,killed,test_check,"{""tests.adb"": [1, 3, 0], ""own_checks.adb"": [3, 2, 1]}"
misc/SPARK2/Ada-SPARK-Count-Odd-Numbers-In-An-Interval,,thinned,16,alt,killed,,killed,contract,"{""tests.adb"": [1, 3, 0], ""own_checks.adb"": [3, 2, 1]}"
misc/SPARK2/Ada-SPARK-Count-Odd-Numbers-In-An-Interval,,thinned,17,B,killed,,killed,contract,"{""tests.adb"": [1, 3, 0], ""own_checks.adb"": [3, 2, 1]}"
misc/SPARK2/Ada-SPARK-Count-Odd-Numbers-In-An-Interval,,thinned,18,alt,killed,,killed,contract,"{""tests.adb"": [1, 3, 0], ""own_checks.adb"": [3, 2, 1]}"
misc/SPARK2/Ada-SPARK-Count-Odd-Numbers-In-An-Interval,,thinned,19,B,killed,,killed,test_check,"{""tests.adb"": [1, 3, 0], ""own_checks.adb"": [3, 2, 1]}"
misc/SPARK2/Ada-SPARK-Count-Odd-Numbers-In-An-Interval,,thinned,20,alt,killed,,killed,runtime_error,"{""tests.adb"": [1, 3, 0], ""own_checks.adb"": [3, 2, 1]}"
misc/SPARK2/Ada-SPARK-Count-Odd-Numbers-In-An-Interval,,thinned,22,alt,killed,,killed,test_check,"{""tests.adb"": [1, 3, 0], ""own_checks.adb"": [3, 2, 1]}"
misc/SPARK2/Ada-SPARK-Count-Odd-Numbers-In-An-Interval,,thinned,23,alt,killed,,killed,contract,"{""tests.adb"": [1, 3, 0], ""own_checks.adb"": [3, 2, 1]}"
misc/SPARK2/Ada-SPARK-Counting-Bits,,full,0,alt,killed,,killed,contract,
misc/SPARK2/Ada-SPARK-Counting-Bits,,full,3,B,killed,,killed,contract,
misc/SPARK2/Ada-SPARK-Counting-Bits,,full,4,alt,killed,,killed,contract,
misc/SPARK2/Ada-SPARK-Counting-Bits,,full,5,B,killed,,killed,contract,
misc/SPARK2/Ada-SPARK-Counting-Bits,,full,6,alt,killed,,killed,contract,
misc/SPARK2/Ada-SPARK-Counting-Bits,,full,9,B,killed,,killed,contract,
misc/SPARK2/Ada-SPARK-Counting-Bits,,full,10,alt,killed,,killed,contract,
misc/SPARK2/Ada-SPARK-Counting-Bits,,full,11,B,killed,,killed,contract,
misc/SPARK2/Ada-SPARK-Counting-Bits,,full,12,alt,killed,,killed,contract,
misc/SPARK2/Ada-SPARK-Counting-Bits,,full,14,B,killed,,killed,contract,
misc/SPARK2/Ada-SPARK-Counting-Bits,,full,15,alt,killed,,killed,contract,
misc/SPARK2/Ada-SPARK-Counting-Bits,,full,16,B,killed,,killed,contract,
misc/SPARK2/Ada-SPARK-Counting-Bits,,full,17,alt,killed,,killed,contract,
misc/SPARK2/Ada-SPARK-Counting-Bits,,full,18,B,killed,,killed,contract,
misc/SPARK2/Ada-SPARK-Counting-Bits,,full,19,alt,killed,,killed,runtime_error,
misc/SPARK2/Ada-SPARK-Counting-Bits,,full,20,B,killed,,killed,contract,
misc/SPARK2/Ada-SPARK-Counting-Bits,,thinned,0,alt,killed,,killed,test_check,"{""tests.adb"": [1, 4, 0], ""own_checks.adb"": [4, 0, 0]}"
misc/SPARK2/Ada-SPARK-Counting-Bits,,thinned,3,B,killed,,killed,contract,"{""tests.adb"": [1, 4, 0], ""own_checks.adb"": [4, 0, 0]}"
misc/SPARK2/Ada-SPARK-Counting-Bits,,thinned,4,alt,killed,,killed,contract,"{""tests.adb"": [1, 4, 0], ""own_checks.adb"": [4, 0, 0]}"
misc/SPARK2/Ada-SPARK-Counting-Bits,,thinned,5,B,killed,,killed,test_check,"{""tests.adb"": [1, 4, 0], ""own_checks.adb"": [4, 0, 0]}"
misc/SPARK2/Ada-SPARK-Counting-Bits,,thinned,6,alt,killed,,killed,test_check,"{""tests.adb"": [1, 4, 0], ""own_checks.adb"": [4, 0, 0]}"
misc/SPARK2/Ada-SPARK-Counting-Bits,,thinned,9,B,killed,,killed,test_check,"{""tests.adb"": [1, 4, 0], ""own_checks.adb"": [4, 0, 0]}"
misc/SPARK2/Ada-SPARK-Counting-Bits,,thinned,10,alt,killed,,killed,contract,"{""tests.adb"": [1, 4, 0], ""own_checks.adb"": [4, 0, 0]}"
misc/SPARK2/Ada-SPARK-Counting-Bits,,thinned,11,B,killed,,killed,test_check,"{""tests.adb"": [1, 4, 0], ""own_checks.adb"": [4, 0, 0]}"
misc/SPARK2/Ada-SPARK-Counting-Bits,,thinned,12,alt,killed,,killed,test_check,"{""tests.adb"": [1, 4, 0], ""own_checks.adb"": [4, 0, 0]}"
misc/SPARK2/Ada-SPARK-Counting-Bits,,thinned,14,B,killed,,killed,test_check,"{""tests.adb"": [1, 4, 0], ""own_checks.adb"": [4, 0, 0]}"
misc/SPARK2/Ada-SPARK-Counting-Bits,,thinned,15,alt,killed,,killed,test_check,"{""tests.adb"": [1, 4, 0], ""own_checks.adb"": [4, 0, 0]}"
misc/SPARK2/Ada-SPARK-Counting-Bits,,thinned,16,B,killed,,killed,contract,"{""tests.adb"": [1, 4, 0], ""own_checks.adb"": [4, 0, 0]}"
misc/SPARK2/Ada-SPARK-Counting-Bits,,thinned,17,alt,killed,,killed,contract,"{""tests.adb"": [1, 4, 0], ""own_checks.adb"": [4, 0, 0]}"
misc/SPARK2/Ada-SPARK-Counting-Bits,,thinned,18,B,killed,,killed,contract,"{""tests.adb"": [1, 4, 0], ""own_checks.adb"": [4, 0, 0]}"
misc/SPARK2/Ada-SPARK-Counting-Bits,,thinned,19,alt,killed,,killed,runtime_error,"{""tests.adb"": [1, 4, 0], ""own_checks.adb"": [4, 0, 0]}"
misc/SPARK2/Ada-SPARK-Counting-Bits,,thinned,20,B,killed,,killed,test_check,"{""tests.adb"": [1, 4, 0], ""own_checks.adb"": [4, 0, 0]}"
misc/SPARK2/Ada-SPARK-Group-Anagrams,,full,1,ho,killed,,killed,runtime_error,
misc/SPARK2/Ada-SPARK-Group-Anagrams,,full,3,C,killed,,killed,runtime_error,
misc/SPARK2/Ada-SPARK-Group-Anagrams,,full,10,alt,killed,,killed,test_check,
misc/SPARK2/Ada-SPARK-Group-Anagrams,,full,13,B,killed,,killed,contract,
misc/SPARK2/Ada-SPARK-Group-Anagrams,,full,15,ho,killed,,killed,test_check,
misc/SPARK2/Ada-SPARK-Group-Anagrams,,full,16,B,killed,,killed,contract,
misc/SPARK2/Ada-SPARK-Group-Anagrams,,full,17,C,killed,,killed,test_check,
misc/SPARK2/Ada-SPARK-Group-Anagrams,,full,19,alt,killed,,killed,test_check,
misc/SPARK2/Ada-SPARK-Group-Anagrams,,full,21,ho,killed,,killed,contract,
misc/SPARK2/Ada-SPARK-Group-Anagrams,,full,24,alt,killed,,killed,test_check,
misc/SPARK2/Ada-SPARK-Group-Anagrams,,full,26,C,killed,,killed,test_check,
misc/SPARK2/Ada-SPARK-Group-Anagrams,,full,27,alt,killed,,killed,contract,
misc/SPARK2/Ada-SPARK-Group-Anagrams,,full,28,ho,killed,,killed,runtime_error,
misc/SPARK2/Ada-SPARK-Group-Anagrams,,full,33,B,killed,,killed,contract,
misc/SPARK2/Ada-SPARK-Group-Anagrams,,full,37,C,killed,,killed,contract,
misc/SPARK2/Ada-SPARK-Group-Anagrams,,full,39,ho,killed,,killed,runtime_error,
misc/SPARK2/Ada-SPARK-Group-Anagrams,,full,41,C,killed,,killed,contract,
misc/SPARK2/Ada-SPARK-Group-Anagrams,,full,42,alt,killed,,killed,test_check,
misc/SPARK2/Ada-SPARK-Group-Anagrams,,full,44,B,killed,,killed,contract,
misc/SPARK2/Ada-SPARK-Group-Anagrams,,full,45,alt,killed,,killed,test_check,
misc/SPARK2/Ada-SPARK-Group-Anagrams,,full,46,ho,killed,,killed,contract,
misc/SPARK2/Ada-SPARK-Group-Anagrams,,full,68,B,killed,,killed,contract,
misc/SPARK2/Ada-SPARK-Group-Anagrams,,full,69,alt,killed,,killed,test_check,
misc/SPARK2/Ada-SPARK-Group-Anagrams,,full,71,C,killed,,killed,test_check,
misc/SPARK2/Ada-SPARK-Group-Anagrams,,full,82,B,killed,,killed,test_check,
misc/SPARK2/Ada-SPARK-Group-Anagrams,,full,83,alt,killed,,killed,contract,
misc/SPARK2/Ada-SPARK-Group-Anagrams,,full,85,C,killed,,killed,contract,
misc/SPARK2/Ada-SPARK-Group-Anagrams,,full,88,B,killed,,killed,runtime_error,
misc/SPARK2/Ada-SPARK-Group-Anagrams,,full,91,C,killed,,killed,test_check,
misc/SPARK2/Ada-SPARK-Group-Anagrams,,full,92,alt,killed,,killed,contract,
misc/SPARK2/Ada-SPARK-Group-Anagrams,,full,94,alt,killed,,killed,test_check,
misc/SPARK2/Ada-SPARK-Group-Anagrams,,full,100,C,killed,,killed,test_check,
misc/SPARK2/Ada-SPARK-Group-Anagrams,,full,104,B,killed,,killed,runtime_error,
misc/SPARK2/Ada-SPARK-Group-Anagrams,,full,106,B,killed,,killed,contract,
misc/SPARK2/Ada-SPARK-Group-Anagrams,,full,108,alt,killed,,killed,test_check,
misc/SPARK2/Ada-SPARK-Group-Anagrams,,full,109,C,killed,,killed,runtime_error,
misc/SPARK2/Ada-SPARK-Group-Anagrams,,full,110,alt,killed,,killed,test_check,
misc/SPARK2/Ada-SPARK-Group-Anagrams,,full,112,C,killed,,killed,contract,
misc/SPARK2/Ada-SPARK-Group-Anagrams,,full,121,B,killed,,killed,runtime_error,
misc/SPARK2/Ada-SPARK-Group-Anagrams,,full,130,B,killed,,killed,contract,
misc/SPARK2/Ada-SPARK-Group-Anagrams,,full,132,C,killed,,killed,runtime_error,
misc/SPARK2/Ada-SPARK-Group-Anagrams,,full,135,B,killed,,killed,runtime_error,
misc/SPARK2/Ada-SPARK-Group-Anagrams,,full,137,C,killed,,killed,runtime_error,
misc/SPARK2/Ada-SPARK-Group-Anagrams,,full,146,B,killed,,killed,contract,
misc/SPARK2/Ada-SPARK-Group-Anagrams,,thinned,1,ho,killed,,killed,runtime_error,"{""tests.adb"": [1, 2, 0], ""own_checks.adb"": [1, 0, 0]}"
misc/SPARK2/Ada-SPARK-Group-Anagrams,,thinned,3,C,killed,,killed,runtime_error,"{""tests.adb"": [1, 2, 0], ""own_checks.adb"": [1, 0, 0]}"
misc/SPARK2/Ada-SPARK-Group-Anagrams,,thinned,10,alt,killed,,killed,test_check,"{""tests.adb"": [1, 2, 0], ""own_checks.adb"": [1, 0, 0]}"
misc/SPARK2/Ada-SPARK-Group-Anagrams,,thinned,13,B,killed,,killed,test_check,"{""tests.adb"": [1, 2, 0], ""own_checks.adb"": [1, 0, 0]}"
misc/SPARK2/Ada-SPARK-Group-Anagrams,,thinned,15,ho,killed,,killed,test_check,"{""tests.adb"": [1, 2, 0], ""own_checks.adb"": [1, 0, 0]}"
misc/SPARK2/Ada-SPARK-Group-Anagrams,,thinned,16,B,killed,,killed,test_check,"{""tests.adb"": [1, 2, 0], ""own_checks.adb"": [1, 0, 0]}"
misc/SPARK2/Ada-SPARK-Group-Anagrams,,thinned,17,C,killed,,killed,test_check,"{""tests.adb"": [1, 2, 0], ""own_checks.adb"": [1, 0, 0]}"
misc/SPARK2/Ada-SPARK-Group-Anagrams,,thinned,19,alt,killed,,killed,test_check,"{""tests.adb"": [1, 2, 0], ""own_checks.adb"": [1, 0, 0]}"
misc/SPARK2/Ada-SPARK-Group-Anagrams,,thinned,21,ho,killed,,killed,test_check,"{""tests.adb"": [1, 2, 0], ""own_checks.adb"": [1, 0, 0]}"
misc/SPARK2/Ada-SPARK-Group-Anagrams,,thinned,24,alt,killed,,killed,test_check,"{""tests.adb"": [1, 2, 0], ""own_checks.adb"": [1, 0, 0]}"
misc/SPARK2/Ada-SPARK-Group-Anagrams,,thinned,26,C,killed,,killed,test_check,"{""tests.adb"": [1, 2, 0], ""own_checks.adb"": [1, 0, 0]}"
misc/SPARK2/Ada-SPARK-Group-Anagrams,,thinned,27,alt,killed,,killed,runtime_error,"{""tests.adb"": [1, 2, 0], ""own_checks.adb"": [1, 0, 0]}"
misc/SPARK2/Ada-SPARK-Group-Anagrams,,thinned,28,ho,killed,,killed,runtime_error,"{""tests.adb"": [1, 2, 0], ""own_checks.adb"": [1, 0, 0]}"
misc/SPARK2/Ada-SPARK-Group-Anagrams,,thinned,33,B,killed,,killed,test_check,"{""tests.adb"": [1, 2, 0], ""own_checks.adb"": [1, 0, 0]}"
misc/SPARK2/Ada-SPARK-Group-Anagrams,,thinned,37,C,killed,,killed,test_check,"{""tests.adb"": [1, 2, 0], ""own_checks.adb"": [1, 0, 0]}"
misc/SPARK2/Ada-SPARK-Group-Anagrams,,thinned,39,ho,killed,,killed,runtime_error,"{""tests.adb"": [1, 2, 0], ""own_checks.adb"": [1, 0, 0]}"
misc/SPARK2/Ada-SPARK-Group-Anagrams,,thinned,41,C,killed,,killed,test_check,"{""tests.adb"": [1, 2, 0], ""own_checks.adb"": [1, 0, 0]}"
misc/SPARK2/Ada-SPARK-Group-Anagrams,,thinned,42,alt,killed,,killed,test_check,"{""tests.adb"": [1, 2, 0], ""own_checks.adb"": [1, 0, 0]}"
misc/SPARK2/Ada-SPARK-Group-Anagrams,,thinned,44,B,killed,,killed,test_check,"{""tests.adb"": [1, 2, 0], ""own_checks.adb"": [1, 0, 0]}"
misc/SPARK2/Ada-SPARK-Group-Anagrams,,thinned,45,alt,killed,,killed,test_check,"{""tests.adb"": [1, 2, 0], ""own_checks.adb"": [1, 0, 0]}"
misc/SPARK2/Ada-SPARK-Group-Anagrams,,thinned,46,ho,killed,,killed,test_check,"{""tests.adb"": [1, 2, 0], ""own_checks.adb"": [1, 0, 0]}"
misc/SPARK2/Ada-SPARK-Group-Anagrams,,thinned,68,B,killed,,killed,test_check,"{""tests.adb"": [1, 2, 0], ""own_checks.adb"": [1, 0, 0]}"
misc/SPARK2/Ada-SPARK-Group-Anagrams,,thinned,69,alt,killed,,killed,test_check,"{""tests.adb"": [1, 2, 0], ""own_checks.adb"": [1, 0, 0]}"
misc/SPARK2/Ada-SPARK-Group-Anagrams,,thinned,71,C,killed,,killed,test_check,"{""tests.adb"": [1, 2, 0], ""own_checks.adb"": [1, 0, 0]}"
misc/SPARK2/Ada-SPARK-Group-Anagrams,,thinned,82,B,killed,,killed,test_check,"{""tests.adb"": [1, 2, 0], ""own_checks.adb"": [1, 0, 0]}"
misc/SPARK2/Ada-SPARK-Group-Anagrams,,thinned,83,alt,killed,,killed,runtime_error,"{""tests.adb"": [1, 2, 0], ""own_checks.adb"": [1, 0, 0]}"
misc/SPARK2/Ada-SPARK-Group-Anagrams,,thinned,85,C,killed,,killed,test_check,"{""tests.adb"": [1, 2, 0], ""own_checks.adb"": [1, 0, 0]}"
misc/SPARK2/Ada-SPARK-Group-Anagrams,,thinned,88,B,killed,,killed,runtime_error,"{""tests.adb"": [1, 2, 0], ""own_checks.adb"": [1, 0, 0]}"
misc/SPARK2/Ada-SPARK-Group-Anagrams,,thinned,91,C,killed,,killed,test_check,"{""tests.adb"": [1, 2, 0], ""own_checks.adb"": [1, 0, 0]}"
misc/SPARK2/Ada-SPARK-Group-Anagrams,,thinned,92,alt,killed,,killed,test_check,"{""tests.adb"": [1, 2, 0], ""own_checks.adb"": [1, 0, 0]}"
misc/SPARK2/Ada-SPARK-Group-Anagrams,,thinned,94,alt,killed,,killed,test_check,"{""tests.adb"": [1, 2, 0], ""own_checks.adb"": [1, 0, 0]}"
misc/SPARK2/Ada-SPARK-Group-Anagrams,,thinned,100,C,killed,,killed,test_check,"{""tests.adb"": [1, 2, 0], ""own_checks.adb"": [1, 0, 0]}"
misc/SPARK2/Ada-SPARK-Group-Anagrams,,thinned,104,B,killed,,killed,runtime_error,"{""tests.adb"": [1, 2, 0], ""own_checks.adb"": [1, 0, 0]}"
misc/SPARK2/Ada-SPARK-Group-Anagrams,,thinned,106,B,killed,,killed,test_check,"{""tests.adb"": [1, 2, 0], ""own_checks.adb"": [1, 0, 0]}"
misc/SPARK2/Ada-SPARK-Group-Anagrams,,thinned,108,alt,killed,,killed,test_check,"{""tests.adb"": [1, 2, 0], ""own_checks.adb"": [1, 0, 0]}"
misc/SPARK2/Ada-SPARK-Group-Anagrams,,thinned,109,C,killed,,killed,runtime_error,"{""tests.adb"": [1, 2, 0], ""own_checks.adb"": [1, 0, 0]}"
misc/SPARK2/Ada-SPARK-Group-Anagrams,,thinned,110,alt,killed,,killed,test_check,"{""tests.adb"": [1, 2, 0], ""own_checks.adb"": [1, 0, 0]}"
misc/SPARK2/Ada-SPARK-Group-Anagrams,,thinned,112,C,killed,,killed,test_check,"{""tests.adb"": [1, 2, 0], ""own_checks.adb"": [1, 0, 0]}"
misc/SPARK2/Ada-SPARK-Group-Anagrams,,thinned,121,B,killed,,killed,runtime_error,"{""tests.adb"": [1, 2, 0], ""own_checks.adb"": [1, 0, 0]}"
misc/SPARK2/Ada-SPARK-Group-Anagrams,,thinned,130,B,killed,,killed,test_check,"{""tests.adb"": [1, 2, 0], ""own_checks.adb"": [1, 0, 0]}"
misc/SPARK2/Ada-SPARK-Group-Anagrams,,thinned,132,C,killed,,killed,runtime_error,"{""tests.adb"": [1, 2, 0], ""own_checks.adb"": [1, 0, 0]}"
misc/SPARK2/Ada-SPARK-Group-Anagrams,,thinned,135,B,killed,,killed,runtime_error,"{""tests.adb"": [1, 2, 0], ""own_checks.adb"": [1, 0, 0]}"
misc/SPARK2/Ada-SPARK-Group-Anagrams,,thinned,137,C,killed,,killed,runtime_error,"{""tests.adb"": [1, 2, 0], ""own_checks.adb"": [1, 0, 0]}"
misc/SPARK2/Ada-SPARK-Group-Anagrams,,thinned,146,B,killed,,killed,runtime_error,"{""tests.adb"": [1, 2, 0], ""own_checks.adb"": [1, 0, 0]}"
misc/SPARK2/Ada-SPARK-Image-Smoother,,full,0,std,killed,,killed,test_check,
misc/SPARK2/Ada-SPARK-Image-Smoother,,full,1,alt,killed,,killed,test_check,
misc/SPARK2/Ada-SPARK-Image-Smoother,,full,2,ho,killed,,killed,test_check,
misc/SPARK2/Ada-SPARK-Image-Smoother,,full,3,B,killed,,killed,test_check,
misc/SPARK2/Ada-SPARK-Image-Smoother,,full,4,C,killed,,killed,test_check,
misc/SPARK2/Ada-SPARK-Image-Smoother,,full,5,std,killed,,killed,test_check,
misc/SPARK2/Ada-SPARK-Image-Smoother,,full,6,alt,killed,,killed,test_check,
misc/SPARK2/Ada-SPARK-Image-Smoother,,full,7,ho,killed,,killed,test_check,
misc/SPARK2/Ada-SPARK-Image-Smoother,,full,8,B,killed,,killed,test_check,
misc/SPARK2/Ada-SPARK-Image-Smoother,,full,10,C,killed,,killed,test_check,
misc/SPARK2/Ada-SPARK-Image-Smoother,,full,11,std,killed,,killed,test_check,
misc/SPARK2/Ada-SPARK-Image-Smoother,,full,12,alt,killed,,killed,test_check,
misc/SPARK2/Ada-SPARK-Image-Smoother,,full,13,ho,killed,,killed,test_check,
misc/SPARK2/Ada-SPARK-Image-Smoother,,full,14,B,killed,,killed,test_check,
misc/SPARK2/Ada-SPARK-Image-Smoother,,full,15,C,killed,,killed,test_check,
misc/SPARK2/Ada-SPARK-Image-Smoother,,full,16,std,killed,,killed,test_check,
misc/SPARK2/Ada-SPARK-Image-Smoother,,full,18,ho,killed,,killed,test_check,
misc/SPARK2/Ada-SPARK-Image-Smoother,,full,19,B,killed,,killed,test_check,
misc/SPARK2/Ada-SPARK-Image-Smoother,,full,20,C,killed,,killed,test_check,
misc/SPARK2/Ada-SPARK-Image-Smoother,,full,21,alt,killed,,killed,test_check,
misc/SPARK2/Ada-SPARK-Image-Smoother,,full,22,std,killed,,killed,test_check,
misc/SPARK2/Ada-SPARK-Image-Smoother,,full,23,alt,killed,,killed,test_check,
misc/SPARK2/Ada-SPARK-Image-Smoother,,full,24,ho,killed,,killed,test_check,
misc/SPARK2/Ada-SPARK-Image-Smoother,,full,26,C,killed,,killed,test_check,
misc/SPARK2/Ada-SPARK-Image-Smoother,,full,27,B,killed,,killed,test_check,
misc/SPARK2/Ada-SPARK-Image-Smoother,,full,28,std,killed,,killed,test_check,
misc/SPARK2/Ada-SPARK-Image-Smoother,,full,29,alt,killed,,killed,test_check,
misc/SPARK2/Ada-SPARK-Image-Smoother,,full,30,ho,killed,,killed,test_check,
misc/SPARK2/Ada-SPARK-Image-Smoother,,full,32,C,killed,,killed,test_check,
misc/SPARK2/Ada-SPARK-Image-Smoother,,full,33,B,killed,,killed,test_check,
misc/SPARK2/Ada-SPARK-Image-Smoother,,full,34,std,killed,,killed,test_check,
misc/SPARK2/Ada-SPARK-Image-Smoother,,full,35,alt,killed,,killed,test_check,
misc/SPARK2/Ada-SPARK-Image-Smoother,,full,36,ho,killed,,killed,test_check,
misc/SPARK2/Ada-SPARK-Image-Smoother,,full,37,B,killed,,killed,test_check,
misc/SPARK2/Ada-SPARK-Image-Smoother,,full,38,C,killed,,killed,test_check,
misc/SPARK2/Ada-SPARK-Image-Smoother,,full,39,std,killed,,killed,test_check,
misc/SPARK2/Ada-SPARK-Image-Smoother,,full,40,alt,killed,,killed,test_check,
misc/SPARK2/Ada-SPARK-Image-Smoother,,full,41,ho,killed,,killed,test_check,
misc/SPARK2/Ada-SPARK-Image-Smoother,,full,42,B,killed,,killed,test_check,
misc/SPARK2/Ada-SPARK-Image-Smoother,,full,43,C,killed,,killed,test_check,
misc/SPARK2/Ada-SPARK-Image-Smoother,,full,44,std,killed,,killed,test_check,
misc/SPARK2/Ada-SPARK-Image-Smoother,,full,46,ho,killed,,killed,test_check,
misc/SPARK2/Ada-SPARK-Image-Smoother,,full,47,B,killed,,killed,test_check,
misc/SPARK2/Ada-SPARK-Image-Smoother,,full,48,C,killed,,killed,test_check,
misc/SPARK2/Ada-SPARK-Image-Smoother,,full,51,alt,killed,,killed,test_check,
misc/SPARK2/Ada-SPARK-Image-Smoother,,full,52,std,killed,,killed,test_check,
misc/SPARK2/Ada-SPARK-Image-Smoother,,full,53,alt,killed,,killed,test_check,
misc/SPARK2/Ada-SPARK-Image-Smoother,,full,54,ho,killed,,killed,test_check,
misc/SPARK2/Ada-SPARK-Image-Smoother,,full,55,B,killed,,killed,test_check,
misc/SPARK2/Ada-SPARK-Image-Smoother,,full,56,C,killed,,killed,test_check,
misc/SPARK2/Ada-SPARK-Image-Smoother,,thinned,0,std,killed,,killed,test_check,"{""tests.adb"": [1, 1, 0], ""own_checks.adb"": [1, 0, 0]}"
misc/SPARK2/Ada-SPARK-Image-Smoother,,thinned,1,alt,killed,,killed,test_check,"{""tests.adb"": [1, 1, 0], ""own_checks.adb"": [1, 0, 0]}"
misc/SPARK2/Ada-SPARK-Image-Smoother,,thinned,2,ho,killed,,killed,test_check,"{""tests.adb"": [1, 1, 0], ""own_checks.adb"": [1, 0, 0]}"
misc/SPARK2/Ada-SPARK-Image-Smoother,,thinned,3,B,killed,,killed,test_check,"{""tests.adb"": [1, 1, 0], ""own_checks.adb"": [1, 0, 0]}"
misc/SPARK2/Ada-SPARK-Image-Smoother,,thinned,4,C,killed,,killed,test_check,"{""tests.adb"": [1, 1, 0], ""own_checks.adb"": [1, 0, 0]}"
misc/SPARK2/Ada-SPARK-Image-Smoother,,thinned,5,std,killed,,killed,test_check,"{""tests.adb"": [1, 1, 0], ""own_checks.adb"": [1, 0, 0]}"
misc/SPARK2/Ada-SPARK-Image-Smoother,,thinned,6,alt,killed,,killed,test_check,"{""tests.adb"": [1, 1, 0], ""own_checks.adb"": [1, 0, 0]}"
misc/SPARK2/Ada-SPARK-Image-Smoother,,thinned,7,ho,killed,,killed,test_check,"{""tests.adb"": [1, 1, 0], ""own_checks.adb"": [1, 0, 0]}"
misc/SPARK2/Ada-SPARK-Image-Smoother,,thinned,8,B,killed,,killed,test_check,"{""tests.adb"": [1, 1, 0], ""own_checks.adb"": [1, 0, 0]}"
misc/SPARK2/Ada-SPARK-Image-Smoother,,thinned,10,C,killed,,killed,test_check,"{""tests.adb"": [1, 1, 0], ""own_checks.adb"": [1, 0, 0]}"
misc/SPARK2/Ada-SPARK-Image-Smoother,,thinned,11,std,killed,,killed,test_check,"{""tests.adb"": [1, 1, 0], ""own_checks.adb"": [1, 0, 0]}"
misc/SPARK2/Ada-SPARK-Image-Smoother,,thinned,12,alt,killed,,killed,test_check,"{""tests.adb"": [1, 1, 0], ""own_checks.adb"": [1, 0, 0]}"
misc/SPARK2/Ada-SPARK-Image-Smoother,,thinned,13,ho,killed,,killed,test_check,"{""tests.adb"": [1, 1, 0], ""own_checks.adb"": [1, 0, 0]}"
misc/SPARK2/Ada-SPARK-Image-Smoother,,thinned,14,B,killed,,killed,test_check,"{""tests.adb"": [1, 1, 0], ""own_checks.adb"": [1, 0, 0]}"
misc/SPARK2/Ada-SPARK-Image-Smoother,,thinned,15,C,killed,,killed,test_check,"{""tests.adb"": [1, 1, 0], ""own_checks.adb"": [1, 0, 0]}"
misc/SPARK2/Ada-SPARK-Image-Smoother,,thinned,16,std,killed,,killed,test_check,"{""tests.adb"": [1, 1, 0], ""own_checks.adb"": [1, 0, 0]}"
misc/SPARK2/Ada-SPARK-Image-Smoother,,thinned,18,ho,killed,,killed,test_check,"{""tests.adb"": [1, 1, 0], ""own_checks.adb"": [1, 0, 0]}"
misc/SPARK2/Ada-SPARK-Image-Smoother,,thinned,19,B,killed,,killed,test_check,"{""tests.adb"": [1, 1, 0], ""own_checks.adb"": [1, 0, 0]}"
misc/SPARK2/Ada-SPARK-Image-Smoother,,thinned,20,C,killed,,killed,test_check,"{""tests.adb"": [1, 1, 0], ""own_checks.adb"": [1, 0, 0]}"
misc/SPARK2/Ada-SPARK-Image-Smoother,,thinned,21,alt,killed,,killed,test_check,"{""tests.adb"": [1, 1, 0], ""own_checks.adb"": [1, 0, 0]}"
misc/SPARK2/Ada-SPARK-Image-Smoother,,thinned,22,std,killed,,killed,test_check,"{""tests.adb"": [1, 1, 0], ""own_checks.adb"": [1, 0, 0]}"
misc/SPARK2/Ada-SPARK-Image-Smoother,,thinned,23,alt,killed,,killed,test_check,"{""tests.adb"": [1, 1, 0], ""own_checks.adb"": [1, 0, 0]}"
misc/SPARK2/Ada-SPARK-Image-Smoother,,thinned,24,ho,killed,,killed,test_check,"{""tests.adb"": [1, 1, 0], ""own_checks.adb"": [1, 0, 0]}"
misc/SPARK2/Ada-SPARK-Image-Smoother,,thinned,26,C,killed,,killed,test_check,"{""tests.adb"": [1, 1, 0], ""own_checks.adb"": [1, 0, 0]}"
misc/SPARK2/Ada-SPARK-Image-Smoother,,thinned,27,B,killed,,killed,test_check,"{""tests.adb"": [1, 1, 0], ""own_checks.adb"": [1, 0, 0]}"
misc/SPARK2/Ada-SPARK-Image-Smoother,,thinned,28,std,killed,,killed,test_check,"{""tests.adb"": [1, 1, 0], ""own_checks.adb"": [1, 0, 0]}"
misc/SPARK2/Ada-SPARK-Image-Smoother,,thinned,29,alt,killed,,killed,test_check,"{""tests.adb"": [1, 1, 0], ""own_checks.adb"": [1, 0, 0]}"
misc/SPARK2/Ada-SPARK-Image-Smoother,,thinned,30,ho,killed,,killed,test_check,"{""tests.adb"": [1, 1, 0], ""own_checks.adb"": [1, 0, 0]}"
misc/SPARK2/Ada-SPARK-Image-Smoother,,thinned,32,C,killed,,killed,test_check,"{""tests.adb"": [1, 1, 0], ""own_checks.adb"": [1, 0, 0]}"
misc/SPARK2/Ada-SPARK-Image-Smoother,,thinned,33,B,killed,,killed,test_check,"{""tests.adb"": [1, 1, 0], ""own_checks.adb"": [1, 0, 0]}"
misc/SPARK2/Ada-SPARK-Image-Smoother,,thinned,34,std,killed,,killed,test_check,"{""tests.adb"": [1, 1, 0], ""own_checks.adb"": [1, 0, 0]}"
misc/SPARK2/Ada-SPARK-Image-Smoother,,thinned,35,alt,killed,,killed,test_check,"{""tests.adb"": [1, 1, 0], ""own_checks.adb"": [1, 0, 0]}"
misc/SPARK2/Ada-SPARK-Image-Smoother,,thinned,36,ho,killed,,killed,test_check,"{""tests.adb"": [1, 1, 0], ""own_checks.adb"": [1, 0, 0]}"
misc/SPARK2/Ada-SPARK-Image-Smoother,,thinned,37,B,killed,,killed,test_check,"{""tests.adb"": [1, 1, 0], ""own_checks.adb"": [1, 0, 0]}"
misc/SPARK2/Ada-SPARK-Image-Smoother,,thinned,38,C,killed,,killed,test_check,"{""tests.adb"": [1, 1, 0], ""own_checks.adb"": [1, 0, 0]}"
misc/SPARK2/Ada-SPARK-Image-Smoother,,thinned,39,std,killed,,killed,test_check,"{""tests.adb"": [1, 1, 0], ""own_checks.adb"": [1, 0, 0]}"
misc/SPARK2/Ada-SPARK-Image-Smoother,,thinned,40,alt,killed,,killed,test_check,"{""tests.adb"": [1, 1, 0], ""own_checks.adb"": [1, 0, 0]}"
misc/SPARK2/Ada-SPARK-Image-Smoother,,thinned,41,ho,killed,,killed,test_check,"{""tests.adb"": [1, 1, 0], ""own_checks.adb"": [1, 0, 0]}"
misc/SPARK2/Ada-SPARK-Image-Smoother,,thinned,42,B,killed,,killed,test_check,"{""tests.adb"": [1, 1, 0], ""own_checks.adb"": [1, 0, 0]}"
misc/SPARK2/Ada-SPARK-Image-Smoother,,thinned,43,C,killed,,killed,test_check,"{""tests.adb"": [1, 1, 0], ""own_checks.adb"": [1, 0, 0]}"
misc/SPARK2/Ada-SPARK-Image-Smoother,,thinned,44,std,killed,,killed,test_check,"{""tests.adb"": [1, 1, 0], ""own_checks.adb"": [1, 0, 0]}"
misc/SPARK2/Ada-SPARK-Image-Smoother,,thinned,46,ho,killed,,killed,test_check,"{""tests.adb"": [1, 1, 0], ""own_checks.adb"": [1, 0, 0]}"
misc/SPARK2/Ada-SPARK-Image-Smoother,,thinned,47,B,killed,,killed,test_check,"{""tests.adb"": [1, 1, 0], ""own_checks.adb"": [1, 0, 0]}"
misc/SPARK2/Ada-SPARK-Image-Smoother,,thinned,48,C,killed,,killed,test_check,"{""tests.adb"": [1, 1, 0], ""own_checks.adb"": [1, 0, 0]}"
misc/SPARK2/Ada-SPARK-Image-Smoother,,thinned,51,alt,killed,,killed,test_check,"{""tests.adb"": [1, 1, 0], ""own_checks.adb"": [1, 0, 0]}"
misc/SPARK2/Ada-SPARK-Image-Smoother,,thinned,52,std,killed,,killed,test_check,"{""tests.adb"": [1, 1, 0], ""own_checks.adb"": [1, 0, 0]}"
misc/SPARK2/Ada-SPARK-Image-Smoother,,thinned,53,alt,killed,,killed,test_check,"{""tests.adb"": [1, 1, 0], ""own_checks.adb"": [1, 0, 0]}"
misc/SPARK2/Ada-SPARK-Image-Smoother,,thinned,54,ho,killed,,killed,test_check,"{""tests.adb"": [1, 1, 0], ""own_checks.adb"": [1, 0, 0]}"
misc/SPARK2/Ada-SPARK-Image-Smoother,,thinned,55,B,killed,,killed,test_check,"{""tests.adb"": [1, 1, 0], ""own_checks.adb"": [1, 0, 0]}"
misc/SPARK2/Ada-SPARK-Image-Smoother,,thinned,56,C,killed,,killed,test_check,"{""tests.adb"": [1, 1, 0], ""own_checks.adb"": [1, 0, 0]}"
misc/SPARK2/Ada-SPARK-Knapsack-01,,full,0,alt,killed,,killed,contract,
misc/SPARK2/Ada-SPARK-Knapsack-01,,full,1,ho,killed,,killed,runtime_error,
misc/SPARK2/Ada-SPARK-Knapsack-01,,full,2,B,killed,,killed,contract,
misc/SPARK2/Ada-SPARK-Knapsack-01,,full,3,C,killed,,killed,contract,
misc/SPARK2/Ada-SPARK-Knapsack-01,,full,4,alt,killed,,killed,contract,
misc/SPARK2/Ada-SPARK-Knapsack-01,,full,5,ho,killed,,killed,contract,
misc/SPARK2/Ada-SPARK-Knapsack-01,,full,7,C,killed,,killed,runtime_error,
misc/SPARK2/Ada-SPARK-Knapsack-01,,full,11,B,killed,,killed,contract,
misc/SPARK2/Ada-SPARK-Knapsack-01,,full,12,ho,killed,,killed,contract,
misc/SPARK2/Ada-SPARK-Knapsack-01,,full,14,C,killed,,killed,contract,
misc/SPARK2/Ada-SPARK-Knapsack-01,,full,15,B,killed,,killed,contract,
misc/SPARK2/Ada-SPARK-Knapsack-01,,full,16,ho,killed,,killed,runtime_error,
misc/SPARK2/Ada-SPARK-Knapsack-01,,full,18,C,killed,,killed,runtime_error,
misc/SPARK2/Ada-SPARK-Knapsack-01,,full,21,B,killed,,killed,runtime_error,
misc/SPARK2/Ada-SPARK-Knapsack-01,,full,22,ho,killed,,killed,runtime_error,
misc/SPARK2/Ada-SPARK-Knapsack-01,,full,23,B,killed,,killed,contract,
misc/SPARK2/Ada-SPARK-Knapsack-01,,full,24,C,killed,,killed,contract,
misc/SPARK2/Ada-SPARK-Knapsack-01,,full,25,ho,killed,,killed,runtime_error,
misc/SPARK2/Ada-SPARK-Knapsack-01,,full,26,B,killed,,killed,runtime_error,
misc/SPARK2/Ada-SPARK-Knapsack-01,,full,27,C,killed,,killed,runtime_error,
misc/SPARK2/Ada-SPARK-Knapsack-01,,full,28,ho,killed,,killed,contract,
misc/SPARK2/Ada-SPARK-Knapsack-01,,full,30,C,killed,,killed,runtime_error,
misc/SPARK2/Ada-SPARK-Knapsack-01,,full,32,B,killed,,killed,runtime_error,
misc/SPARK2/Ada-SPARK-Knapsack-01,,full,34,C,killed,,killed,runtime_error,
misc/SPARK2/Ada-SPARK-Knapsack-01,,full,36,B,killed,,killed,contract,
misc/SPARK2/Ada-SPARK-Knapsack-01,,full,38,B,killed,,killed,runtime_error,
misc/SPARK2/Ada-SPARK-Knapsack-01,,full,41,B,killed,,killed,runtime_error,
misc/SPARK2/Ada-SPARK-Knapsack-01,,full,42,B,killed,,killed,runtime_error,
misc/SPARK2/Ada-SPARK-Knapsack-01,,full,44,B,killed,,killed,runtime_error,
misc/SPARK2/Ada-SPARK-Knapsack-01,,full,46,B,killed,,killed,contract,
misc/SPARK2/Ada-SPARK-Knapsack-01,,full,48,B,killed,,killed,runtime_error,
misc/SPARK2/Ada-SPARK-Knapsack-01,,thinned,0,alt,killed,,killed,contract,"{""tests.adb"": [1, 1, 0], ""own_checks.adb"": [1, 0, 0]}"
misc/SPARK2/Ada-SPARK-Knapsack-01,,thinned,1,ho,killed,,killed,runtime_error,"{""tests.adb"": [1, 1, 0], ""own_checks.adb"": [1, 0, 0]}"
misc/SPARK2/Ada-SPARK-Knapsack-01,,thinned,2,B,killed,,killed,contract,"{""tests.adb"": [1, 1, 0], ""own_checks.adb"": [1, 0, 0]}"
misc/SPARK2/Ada-SPARK-Knapsack-01,,thinned,3,C,killed,,killed,contract,"{""tests.adb"": [1, 1, 0], ""own_checks.adb"": [1, 0, 0]}"
misc/SPARK2/Ada-SPARK-Knapsack-01,,thinned,4,alt,killed,,killed,contract,"{""tests.adb"": [1, 1, 0], ""own_checks.adb"": [1, 0, 0]}"
misc/SPARK2/Ada-SPARK-Knapsack-01,,thinned,5,ho,killed,,killed,contract,"{""tests.adb"": [1, 1, 0], ""own_checks.adb"": [1, 0, 0]}"
misc/SPARK2/Ada-SPARK-Knapsack-01,,thinned,7,C,killed,,killed,runtime_error,"{""tests.adb"": [1, 1, 0], ""own_checks.adb"": [1, 0, 0]}"
misc/SPARK2/Ada-SPARK-Knapsack-01,,thinned,11,B,killed,,killed,contract,"{""tests.adb"": [1, 1, 0], ""own_checks.adb"": [1, 0, 0]}"
misc/SPARK2/Ada-SPARK-Knapsack-01,,thinned,12,ho,killed,,killed,contract,"{""tests.adb"": [1, 1, 0], ""own_checks.adb"": [1, 0, 0]}"
misc/SPARK2/Ada-SPARK-Knapsack-01,,thinned,14,C,killed,,killed,contract,"{""tests.adb"": [1, 1, 0], ""own_checks.adb"": [1, 0, 0]}"
misc/SPARK2/Ada-SPARK-Knapsack-01,,thinned,15,B,killed,,killed,contract,"{""tests.adb"": [1, 1, 0], ""own_checks.adb"": [1, 0, 0]}"
misc/SPARK2/Ada-SPARK-Knapsack-01,,thinned,16,ho,killed,,killed,runtime_error,"{""tests.adb"": [1, 1, 0], ""own_checks.adb"": [1, 0, 0]}"
misc/SPARK2/Ada-SPARK-Knapsack-01,,thinned,18,C,killed,,killed,runtime_error,"{""tests.adb"": [1, 1, 0], ""own_checks.adb"": [1, 0, 0]}"
misc/SPARK2/Ada-SPARK-Knapsack-01,,thinned,21,B,killed,,killed,runtime_error,"{""tests.adb"": [1, 1, 0], ""own_checks.adb"": [1, 0, 0]}"
misc/SPARK2/Ada-SPARK-Knapsack-01,,thinned,22,ho,killed,,killed,runtime_error,"{""tests.adb"": [1, 1, 0], ""own_checks.adb"": [1, 0, 0]}"
misc/SPARK2/Ada-SPARK-Knapsack-01,,thinned,23,B,killed,,killed,contract,"{""tests.adb"": [1, 1, 0], ""own_checks.adb"": [1, 0, 0]}"
misc/SPARK2/Ada-SPARK-Knapsack-01,,thinned,24,C,killed,,killed,contract,"{""tests.adb"": [1, 1, 0], ""own_checks.adb"": [1, 0, 0]}"
misc/SPARK2/Ada-SPARK-Knapsack-01,,thinned,25,ho,killed,,killed,runtime_error,"{""tests.adb"": [1, 1, 0], ""own_checks.adb"": [1, 0, 0]}"
misc/SPARK2/Ada-SPARK-Knapsack-01,,thinned,26,B,killed,,killed,runtime_error,"{""tests.adb"": [1, 1, 0], ""own_checks.adb"": [1, 0, 0]}"
misc/SPARK2/Ada-SPARK-Knapsack-01,,thinned,27,C,killed,,killed,runtime_error,"{""tests.adb"": [1, 1, 0], ""own_checks.adb"": [1, 0, 0]}"
misc/SPARK2/Ada-SPARK-Knapsack-01,,thinned,28,ho,killed,,killed,contract,"{""tests.adb"": [1, 1, 0], ""own_checks.adb"": [1, 0, 0]}"
misc/SPARK2/Ada-SPARK-Knapsack-01,,thinned,30,C,killed,,killed,runtime_error,"{""tests.adb"": [1, 1, 0], ""own_checks.adb"": [1, 0, 0]}"
misc/SPARK2/Ada-SPARK-Knapsack-01,,thinned,32,B,killed,,killed,runtime_error,"{""tests.adb"": [1, 1, 0], ""own_checks.adb"": [1, 0, 0]}"
misc/SPARK2/Ada-SPARK-Knapsack-01,,thinned,34,C,killed,,killed,runtime_error,"{""tests.adb"": [1, 1, 0], ""own_checks.adb"": [1, 0, 0]}"
misc/SPARK2/Ada-SPARK-Knapsack-01,,thinned,36,B,killed,,killed,contract,"{""tests.adb"": [1, 1, 0], ""own_checks.adb"": [1, 0, 0]}"
misc/SPARK2/Ada-SPARK-Knapsack-01,,thinned,38,B,killed,,killed,runtime_error,"{""tests.adb"": [1, 1, 0], ""own_checks.adb"": [1, 0, 0]}"
misc/SPARK2/Ada-SPARK-Knapsack-01,,thinned,41,B,killed,,killed,runtime_error,"{""tests.adb"": [1, 1, 0], ""own_checks.adb"": [1, 0, 0]}"
misc/SPARK2/Ada-SPARK-Knapsack-01,,thinned,42,B,killed,,killed,runtime_error,"{""tests.adb"": [1, 1, 0], ""own_checks.adb"": [1, 0, 0]}"
misc/SPARK2/Ada-SPARK-Knapsack-01,,thinned,44,B,killed,,killed,runtime_error,"{""tests.adb"": [1, 1, 0], ""own_checks.adb"": [1, 0, 0]}"
misc/SPARK2/Ada-SPARK-Knapsack-01,,thinned,46,B,killed,,killed,contract,"{""tests.adb"": [1, 1, 0], ""own_checks.adb"": [1, 0, 0]}"
misc/SPARK2/Ada-SPARK-Knapsack-01,,thinned,48,B,killed,,killed,runtime_error,"{""tests.adb"": [1, 1, 0], ""own_checks.adb"": [1, 0, 0]}"
misc/SPARK2/Ada-SPARK-LFU-Cache-Lite,,full,0,std,killed,,killed,test_check,
misc/SPARK2/Ada-SPARK-LFU-Cache-Lite,,full,2,ho,killed,,killed,contract,
misc/SPARK2/Ada-SPARK-LFU-Cache-Lite,,full,11,B,killed,,killed,runtime_error,
misc/SPARK2/Ada-SPARK-LFU-Cache-Lite,,full,12,std,killed,,killed,test_check,
misc/SPARK2/Ada-SPARK-LFU-Cache-Lite,,full,13,alt,killed,,killed,test_check,
misc/SPARK2/Ada-SPARK-LFU-Cache-Lite,,full,14,ho,killed,,killed,test_check,
misc/SPARK2/Ada-SPARK-LFU-Cache-Lite,,full,16,C,killed,,killed,runtime_error,
misc/SPARK2/Ada-SPARK-LFU-Cache-Lite,,full,18,B,killed,,killed,runtime_error,
misc/SPARK2/Ada-SPARK-LFU-Cache-Lite,,full,19,alt,killed,,killed,test_check,
misc/SPARK2/Ada-SPARK-LFU-Cache-Lite,,full,20,ho,killed,,killed,runtime_error,
misc/SPARK2/Ada-SPARK-LFU-Cache-Lite,,full,22,C,killed,,killed,test_check,
misc/SPARK2/Ada-SPARK-LFU-Cache-Lite,,full,25,B,killed,,killed,test_check,
misc/SPARK2/Ada-SPARK-LFU-Cache-Lite,,full,26,alt,killed,,killed,runtime_error,
misc/SPARK2/Ada-SPARK-LFU-Cache-Lite,,full,27,ho,killed,,killed,test_check,
misc/SPARK2/Ada-SPARK-LFU-Cache-Lite,,full,29,C,killed,,killed,contract,
misc/SPARK2/Ada-SPARK-LFU-Cache-Lite,,full,32,B,killed,,killed,test_check,
misc/SPARK2/Ada-SPARK-LFU-Cache-Lite,,full,33,alt,killed,,killed,test_check,
misc/SPARK2/Ada-SPARK-LFU-Cache-Lite,,full,34,ho,killed,,killed,contract,
misc/SPARK2/Ada-SPARK-LFU-Cache-Lite,,full,35,B,killed,,killed,test_check,
misc/SPARK2/Ada-SPARK-LFU-Cache-Lite,,full,36,C,killed,,killed,test_check,
misc/SPARK2/Ada-SPARK-LFU-Cache-Lite,,full,38,ho,killed,,killed,contract,
misc/SPARK2/Ada-SPARK-LFU-Cache-Lite,,full,40,C,killed,,killed,contract,
misc/SPARK2/Ada-SPARK-LFU-Cache-Lite,,full,41,B,killed,,killed,runtime_error,
misc/SPARK2/Ada-SPARK-LFU-Cache-Lite,,full,43,ho,killed,,killed,runtime_error,
misc/SPARK2/Ada-SPARK-LFU-Cache-Lite,,full,47,B,killed,,killed,test_check,
misc/SPARK2/Ada-SPARK-LFU-Cache-Lite,,full,48,alt,killed,,killed,test_check,
misc/SPARK2/Ada-SPARK-LFU-Cache-Lite,,full,49,ho,killed,,killed,contract,
misc/SPARK2/Ada-SPARK-LFU-Cache-Lite,,full,51,C,killed,,killed,runtime_error,
misc/SPARK2/Ada-SPARK-LFU-Cache-Lite,,full,57,ho,killed,,killed,test_check,
misc/SPARK2/Ada-SPARK-LFU-Cache-Lite,,full,59,C,killed,,killed,runtime_error,
misc/SPARK2/Ada-SPARK-LFU-Cache-Lite,,full,60,alt,killed,,killed,runtime_error,
misc/SPARK2/Ada-SPARK-LFU-Cache-Lite,,full,80,B,killed,,killed,test_check,
misc/SPARK2/Ada-SPARK-LFU-Cache-Lite,,full,81,alt,killed,,killed,runtime_error,
misc/SPARK2/Ada-SPARK-LFU-Cache-Lite,,full,82,ho,killed,,killed,test_check,
misc/SPARK2/Ada-SPARK-LFU-Cache-Lite,,full,86,C,killed,,killed,test_check,
misc/SPARK2/Ada-SPARK-LFU-Cache-Lite,,full,102,B,killed,,killed,test_check,
misc/SPARK2/Ada-SPARK-LFU-Cache-Lite,,full,103,alt,killed,,killed,contract,
misc/SPARK2/Ada-SPARK-LFU-Cache-Lite,,full,104,ho,killed,,killed,runtime_error,
misc/SPARK2/Ada-SPARK-LFU-Cache-Lite,,full,105,B,killed,,killed,test_check,
misc/SPARK2/Ada-SPARK-LFU-Cache-Lite,,full,106,C,killed,,killed,runtime_error,
misc/SPARK2/Ada-SPARK-LFU-Cache-Lite,,full,107,alt,killed,,killed,test_check,
misc/SPARK2/Ada-SPARK-LFU-Cache-Lite,,full,108,ho,killed,,killed,test_check,
misc/SPARK2/Ada-SPARK-LFU-Cache-Lite,,full,110,C,killed,,killed,runtime_error,
misc/SPARK2/Ada-SPARK-LFU-Cache-Lite,,thinned,0,std,killed,,killed,test_check,"{""tests.adb"": [1, 0, 0], ""own_checks.adb"": [1, 0, 0]}"
misc/SPARK2/Ada-SPARK-LFU-Cache-Lite,,thinned,2,ho,killed,,killed,contract,"{""tests.adb"": [1, 0, 0], ""own_checks.adb"": [1, 0, 0]}"
misc/SPARK2/Ada-SPARK-LFU-Cache-Lite,,thinned,11,B,killed,,killed,runtime_error,"{""tests.adb"": [1, 0, 0], ""own_checks.adb"": [1, 0, 0]}"
misc/SPARK2/Ada-SPARK-LFU-Cache-Lite,,thinned,12,std,killed,,killed,test_check,"{""tests.adb"": [1, 0, 0], ""own_checks.adb"": [1, 0, 0]}"
misc/SPARK2/Ada-SPARK-LFU-Cache-Lite,,thinned,13,alt,killed,,killed,test_check,"{""tests.adb"": [1, 0, 0], ""own_checks.adb"": [1, 0, 0]}"
misc/SPARK2/Ada-SPARK-LFU-Cache-Lite,,thinned,14,ho,killed,,killed,test_check,"{""tests.adb"": [1, 0, 0], ""own_checks.adb"": [1, 0, 0]}"
misc/SPARK2/Ada-SPARK-LFU-Cache-Lite,,thinned,16,C,killed,,killed,runtime_error,"{""tests.adb"": [1, 0, 0], ""own_checks.adb"": [1, 0, 0]}"
misc/SPARK2/Ada-SPARK-LFU-Cache-Lite,,thinned,18,B,killed,,killed,runtime_error,"{""tests.adb"": [1, 0, 0], ""own_checks.adb"": [1, 0, 0]}"
misc/SPARK2/Ada-SPARK-LFU-Cache-Lite,,thinned,19,alt,killed,,killed,test_check,"{""tests.adb"": [1, 0, 0], ""own_checks.adb"": [1, 0, 0]}"
misc/SPARK2/Ada-SPARK-LFU-Cache-Lite,,thinned,20,ho,killed,,killed,runtime_error,"{""tests.adb"": [1, 0, 0], ""own_checks.adb"": [1, 0, 0]}"
misc/SPARK2/Ada-SPARK-LFU-Cache-Lite,,thinned,22,C,killed,,killed,test_check,"{""tests.adb"": [1, 0, 0], ""own_checks.adb"": [1, 0, 0]}"
misc/SPARK2/Ada-SPARK-LFU-Cache-Lite,,thinned,25,B,killed,,killed,test_check,"{""tests.adb"": [1, 0, 0], ""own_checks.adb"": [1, 0, 0]}"
misc/SPARK2/Ada-SPARK-LFU-Cache-Lite,,thinned,26,alt,killed,,killed,runtime_error,"{""tests.adb"": [1, 0, 0], ""own_checks.adb"": [1, 0, 0]}"
misc/SPARK2/Ada-SPARK-LFU-Cache-Lite,,thinned,27,ho,killed,,killed,test_check,"{""tests.adb"": [1, 0, 0], ""own_checks.adb"": [1, 0, 0]}"
misc/SPARK2/Ada-SPARK-LFU-Cache-Lite,,thinned,29,C,killed,,killed,contract,"{""tests.adb"": [1, 0, 0], ""own_checks.adb"": [1, 0, 0]}"
misc/SPARK2/Ada-SPARK-LFU-Cache-Lite,,thinned,32,B,killed,,killed,test_check,"{""tests.adb"": [1, 0, 0], ""own_checks.adb"": [1, 0, 0]}"
misc/SPARK2/Ada-SPARK-LFU-Cache-Lite,,thinned,33,alt,killed,,killed,test_check,"{""tests.adb"": [1, 0, 0], ""own_checks.adb"": [1, 0, 0]}"
misc/SPARK2/Ada-SPARK-LFU-Cache-Lite,,thinned,34,ho,killed,,killed,contract,"{""tests.adb"": [1, 0, 0], ""own_checks.adb"": [1, 0, 0]}"
misc/SPARK2/Ada-SPARK-LFU-Cache-Lite,,thinned,35,B,killed,,killed,test_check,"{""tests.adb"": [1, 0, 0], ""own_checks.adb"": [1, 0, 0]}"
misc/SPARK2/Ada-SPARK-LFU-Cache-Lite,,thinned,36,C,killed,,killed,test_check,"{""tests.adb"": [1, 0, 0], ""own_checks.adb"": [1, 0, 0]}"
misc/SPARK2/Ada-SPARK-LFU-Cache-Lite,,thinned,38,ho,killed,,killed,contract,"{""tests.adb"": [1, 0, 0], ""own_checks.adb"": [1, 0, 0]}"
misc/SPARK2/Ada-SPARK-LFU-Cache-Lite,,thinned,40,C,killed,,killed,contract,"{""tests.adb"": [1, 0, 0], ""own_checks.adb"": [1, 0, 0]}"
misc/SPARK2/Ada-SPARK-LFU-Cache-Lite,,thinned,41,B,killed,,killed,runtime_error,"{""tests.adb"": [1, 0, 0], ""own_checks.adb"": [1, 0, 0]}"
misc/SPARK2/Ada-SPARK-LFU-Cache-Lite,,thinned,43,ho,killed,,killed,runtime_error,"{""tests.adb"": [1, 0, 0], ""own_checks.adb"": [1, 0, 0]}"
misc/SPARK2/Ada-SPARK-LFU-Cache-Lite,,thinned,47,B,killed,,killed,test_check,"{""tests.adb"": [1, 0, 0], ""own_checks.adb"": [1, 0, 0]}"
misc/SPARK2/Ada-SPARK-LFU-Cache-Lite,,thinned,48,alt,killed,,killed,test_check,"{""tests.adb"": [1, 0, 0], ""own_checks.adb"": [1, 0, 0]}"
misc/SPARK2/Ada-SPARK-LFU-Cache-Lite,,thinned,49,ho,killed,,killed,contract,"{""tests.adb"": [1, 0, 0], ""own_checks.adb"": [1, 0, 0]}"
misc/SPARK2/Ada-SPARK-LFU-Cache-Lite,,thinned,51,C,killed,,killed,runtime_error,"{""tests.adb"": [1, 0, 0], ""own_checks.adb"": [1, 0, 0]}"
misc/SPARK2/Ada-SPARK-LFU-Cache-Lite,,thinned,57,ho,killed,,killed,test_check,"{""tests.adb"": [1, 0, 0], ""own_checks.adb"": [1, 0, 0]}"
misc/SPARK2/Ada-SPARK-LFU-Cache-Lite,,thinned,59,C,killed,,killed,runtime_error,"{""tests.adb"": [1, 0, 0], ""own_checks.adb"": [1, 0, 0]}"
misc/SPARK2/Ada-SPARK-LFU-Cache-Lite,,thinned,60,alt,killed,,killed,runtime_error,"{""tests.adb"": [1, 0, 0], ""own_checks.adb"": [1, 0, 0]}"
misc/SPARK2/Ada-SPARK-LFU-Cache-Lite,,thinned,80,B,killed,,killed,test_check,"{""tests.adb"": [1, 0, 0], ""own_checks.adb"": [1, 0, 0]}"
misc/SPARK2/Ada-SPARK-LFU-Cache-Lite,,thinned,81,alt,killed,,killed,runtime_error,"{""tests.adb"": [1, 0, 0], ""own_checks.adb"": [1, 0, 0]}"
misc/SPARK2/Ada-SPARK-LFU-Cache-Lite,,thinned,82,ho,killed,,killed,test_check,"{""tests.adb"": [1, 0, 0], ""own_checks.adb"": [1, 0, 0]}"
misc/SPARK2/Ada-SPARK-LFU-Cache-Lite,,thinned,86,C,killed,,killed,test_check,"{""tests.adb"": [1, 0, 0], ""own_checks.adb"": [1, 0, 0]}"
misc/SPARK2/Ada-SPARK-LFU-Cache-Lite,,thinned,102,B,killed,,killed,test_check,"{""tests.adb"": [1, 0, 0], ""own_checks.adb"": [1, 0, 0]}"
misc/SPARK2/Ada-SPARK-LFU-Cache-Lite,,thinned,103,alt,killed,,killed,contract,"{""tests.adb"": [1, 0, 0], ""own_checks.adb"": [1, 0, 0]}"
misc/SPARK2/Ada-SPARK-LFU-Cache-Lite,,thinned,104,ho,killed,,killed,runtime_error,"{""tests.adb"": [1, 0, 0], ""own_checks.adb"": [1, 0, 0]}"
misc/SPARK2/Ada-SPARK-LFU-Cache-Lite,,thinned,105,B,killed,,killed,test_check,"{""tests.adb"": [1, 0, 0], ""own_checks.adb"": [1, 0, 0]}"
misc/SPARK2/Ada-SPARK-LFU-Cache-Lite,,thinned,106,C,killed,,killed,runtime_error,"{""tests.adb"": [1, 0, 0], ""own_checks.adb"": [1, 0, 0]}"
misc/SPARK2/Ada-SPARK-LFU-Cache-Lite,,thinned,107,alt,killed,,killed,test_check,"{""tests.adb"": [1, 0, 0], ""own_checks.adb"": [1, 0, 0]}"
misc/SPARK2/Ada-SPARK-LFU-Cache-Lite,,thinned,108,ho,killed,,killed,test_check,"{""tests.adb"": [1, 0, 0], ""own_checks.adb"": [1, 0, 0]}"
misc/SPARK2/Ada-SPARK-LFU-Cache-Lite,,thinned,110,C,killed,,killed,runtime_error,"{""tests.adb"": [1, 0, 0], ""own_checks.adb"": [1, 0, 0]}"
misc/SPARK2/Ada-SPARK-Largest-Rectangle-In-Histogram,,full,0,alt,killed,,killed,contract,
misc/SPARK2/Ada-SPARK-Largest-Rectangle-In-Histogram,,full,2,B,killed,,killed,contract,
misc/SPARK2/Ada-SPARK-Largest-Rectangle-In-Histogram,,full,3,C,killed,,killed,contract,
misc/SPARK2/Ada-SPARK-Largest-Rectangle-In-Histogram,,full,4,alt,killed,,killed,contract,
misc/SPARK2/Ada-SPARK-Largest-Rectangle-In-Histogram,,full,5,ho,killed,,killed,contract,
misc/SPARK2/Ada-SPARK-Largest-Rectangle-In-Histogram,,full,7,C,killed,,killed,contract,
misc/SPARK2/Ada-SPARK-Largest-Rectangle-In-Histogram,,full,8,B,killed,,killed,contract,
misc/SPARK2/Ada-SPARK-Largest-Rectangle-In-Histogram,,full,9,alt,killed,,killed,contract,
misc/SPARK2/Ada-SPARK-Largest-Rectangle-In-Histogram,,full,10,ho,killed,,killed,contract,
misc/SPARK2/Ada-SPARK-Largest-Rectangle-In-Histogram,,full,11,B,killed,,killed,contract,
misc/SPARK2/Ada-SPARK-Largest-Rectangle-In-Histogram,,full,12,C,killed,,killed,contract,
misc/SPARK2/Ada-SPARK-Largest-Rectangle-In-Histogram,,full,13,alt,killed,,killed,contract,
misc/SPARK2/Ada-SPARK-Largest-Rectangle-In-Histogram,,full,14,ho,killed,,killed,contract,
misc/SPARK2/Ada-SPARK-Largest-Rectangle-In-Histogram,,full,15,B,killed,,killed,contract,
misc/SPARK2/Ada-SPARK-Largest-Rectangle-In-Histogram,,full,16,C,killed,,killed,test_check,
misc/SPARK2/Ada-SPARK-Largest-Rectangle-In-Histogram,,full,17,alt,killed,,killed,runtime_error,
misc/SPARK2/Ada-SPARK-Largest-Rectangle-In-Histogram,,full,18,ho,killed,,killed,runtime_error,
misc/SPARK2/Ada-SPARK-Largest-Rectangle-In-Histogram,,full,19,B,killed,,killed,contract,
misc/SPARK2/Ada-SPARK-Largest-Rectangle-In-Histogram,,full,20,C,killed,,killed,test_check,
misc/SPARK2/Ada-SPARK-Largest-Rectangle-In-Histogram,,full,21,alt,killed,,killed,contract,
misc/SPARK2/Ada-SPARK-Largest-Rectangle-In-Histogram,,full,24,C,killed,,killed,runtime_error,
misc/SPARK2/Ada-SPARK-Largest-Rectangle-In-Histogram,,full,26,B,killed,,killed,runtime_error,
misc/SPARK2/Ada-SPARK-Largest-Rectangle-In-Histogram,,full,29,B,killed,,killed,contract,
misc/SPARK2/Ada-SPARK-Largest-Rectangle-In-Histogram,,full,30,C,killed,,killed,contract,
misc/SPARK2/Ada-SPARK-Largest-Rectangle-In-Histogram,,full,31,ho,killed,,killed,contract,
misc/SPARK2/Ada-SPARK-Largest-Rectangle-In-Histogram,,full,32,B,killed,,killed,contract,
misc/SPARK2/Ada-SPARK-Largest-Rectangle-In-Histogram,,full,35,B,killed,,killed,runtime_error,
misc/SPARK2/Ada-SPARK-Largest-Rectangle-In-Histogram,,full,36,B,killed,,killed,contract,
misc/SPARK2/Ada-SPARK-Largest-Rectangle-In-Histogram,,full,37,B,killed,,killed,contract,
misc/SPARK2/Ada-SPARK-Largest-Rectangle-In-Histogram,,full,42,B,killed,,killed,contract,
misc/SPARK2/Ada-SPARK-Largest-Rectangle-In-Histogram,,full,43,B,killed,,killed,contract,
misc/SPARK2/Ada-SPARK-Largest-Rectangle-In-Histogram,,full,48,B,killed,,killed,contract,
misc/SPARK2/Ada-SPARK-Largest-Rectangle-In-Histogram,,full,50,B,killed,,killed,runtime_error,
misc/SPARK2/Ada-SPARK-Largest-Rectangle-In-Histogram,,full,51,B,killed,,killed,contract,
misc/SPARK2/Ada-SPARK-Largest-Rectangle-In-Histogram,,full,52,B,killed,proof,survived,,
misc/SPARK2/Ada-SPARK-Largest-Rectangle-In-Histogram,,full,55,B,killed,,killed,contract,
misc/SPARK2/Ada-SPARK-Largest-Rectangle-In-Histogram,,full,57,B,killed,,killed,contract,
misc/SPARK2/Ada-SPARK-Largest-Rectangle-In-Histogram,,full,59,B,killed,,killed,runtime_error,
misc/SPARK2/Ada-SPARK-Largest-Rectangle-In-Histogram,,full,63,B,killed,,killed,contract,
misc/SPARK2/Ada-SPARK-Largest-Rectangle-In-Histogram,,full,64,B,killed,,killed,runtime_error,
misc/SPARK2/Ada-SPARK-Largest-Rectangle-In-Histogram,,full,65,B,killed,,killed,contract,
misc/SPARK2/Ada-SPARK-Largest-Rectangle-In-Histogram,,full,69,B,killed,,killed,contract,
misc/SPARK2/Ada-SPARK-Largest-Rectangle-In-Histogram,,full,70,B,killed,,killed,contract,
misc/SPARK2/Ada-SPARK-Largest-Rectangle-In-Histogram,,thinned,0,alt,killed,,killed,runtime_error,"{""tests.adb"": [1, 1, 0], ""own_checks.adb"": [1, 0, 0]}"
misc/SPARK2/Ada-SPARK-Largest-Rectangle-In-Histogram,,thinned,2,B,killed,,killed,contract,"{""tests.adb"": [1, 1, 0], ""own_checks.adb"": [1, 0, 0]}"
misc/SPARK2/Ada-SPARK-Largest-Rectangle-In-Histogram,,thinned,3,C,killed,,killed,contract,"{""tests.adb"": [1, 1, 0], ""own_checks.adb"": [1, 0, 0]}"
misc/SPARK2/Ada-SPARK-Largest-Rectangle-In-Histogram,,thinned,4,alt,killed,,killed,test_check,"{""tests.adb"": [1, 1, 0], ""own_checks.adb"": [1, 0, 0]}"
misc/SPARK2/Ada-SPARK-Largest-Rectangle-In-Histogram,,thinned,5,ho,killed,,killed,contract,"{""tests.adb"": [1, 1, 0], ""own_checks.adb"": [1, 0, 0]}"
misc/SPARK2/Ada-SPARK-Largest-Rectangle-In-Histogram,,thinned,7,C,killed,,killed,contract,"{""tests.adb"": [1, 1, 0], ""own_checks.adb"": [1, 0, 0]}"
misc/SPARK2/Ada-SPARK-Largest-Rectangle-In-Histogram,,thinned,8,B,killed,,killed,contract,"{""tests.adb"": [1, 1, 0], ""own_checks.adb"": [1, 0, 0]}"
misc/SPARK2/Ada-SPARK-Largest-Rectangle-In-Histogram,,thinned,9,alt,killed,,killed,contract,"{""tests.adb"": [1, 1, 0], ""own_checks.adb"": [1, 0, 0]}"
misc/SPARK2/Ada-SPARK-Largest-Rectangle-In-Histogram,,thinned,10,ho,killed,,killed,contract,"{""tests.adb"": [1, 1, 0], ""own_checks.adb"": [1, 0, 0]}"
misc/SPARK2/Ada-SPARK-Largest-Rectangle-In-Histogram,,thinned,11,B,killed,,killed,contract,"{""tests.adb"": [1, 1, 0], ""own_checks.adb"": [1, 0, 0]}"
misc/SPARK2/Ada-SPARK-Largest-Rectangle-In-Histogram,,thinned,12,C,killed,,killed,contract,"{""tests.adb"": [1, 1, 0], ""own_checks.adb"": [1, 0, 0]}"
misc/SPARK2/Ada-SPARK-Largest-Rectangle-In-Histogram,,thinned,13,alt,killed,,killed,contract,"{""tests.adb"": [1, 1, 0], ""own_checks.adb"": [1, 0, 0]}"
misc/SPARK2/Ada-SPARK-Largest-Rectangle-In-Histogram,,thinned,14,ho,killed,,killed,contract,"{""tests.adb"": [1, 1, 0], ""own_checks.adb"": [1, 0, 0]}"
misc/SPARK2/Ada-SPARK-Largest-Rectangle-In-Histogram,,thinned,15,B,killed,,killed,contract,"{""tests.adb"": [1, 1, 0], ""own_checks.adb"": [1, 0, 0]}"
misc/SPARK2/Ada-SPARK-Largest-Rectangle-In-Histogram,,thinned,16,C,killed,,killed,test_check,"{""tests.adb"": [1, 1, 0], ""own_checks.adb"": [1, 0, 0]}"
misc/SPARK2/Ada-SPARK-Largest-Rectangle-In-Histogram,,thinned,17,alt,killed,,killed,runtime_error,"{""tests.adb"": [1, 1, 0], ""own_checks.adb"": [1, 0, 0]}"
misc/SPARK2/Ada-SPARK-Largest-Rectangle-In-Histogram,,thinned,18,ho,killed,,killed,runtime_error,"{""tests.adb"": [1, 1, 0], ""own_checks.adb"": [1, 0, 0]}"
misc/SPARK2/Ada-SPARK-Largest-Rectangle-In-Histogram,,thinned,19,B,killed,,killed,contract,"{""tests.adb"": [1, 1, 0], ""own_checks.adb"": [1, 0, 0]}"
misc/SPARK2/Ada-SPARK-Largest-Rectangle-In-Histogram,,thinned,20,C,killed,,killed,test_check,"{""tests.adb"": [1, 1, 0], ""own_checks.adb"": [1, 0, 0]}"
misc/SPARK2/Ada-SPARK-Largest-Rectangle-In-Histogram,,thinned,21,alt,killed,,killed,contract,"{""tests.adb"": [1, 1, 0], ""own_checks.adb"": [1, 0, 0]}"
misc/SPARK2/Ada-SPARK-Largest-Rectangle-In-Histogram,,thinned,24,C,killed,,killed,runtime_error,"{""tests.adb"": [1, 1, 0], ""own_checks.adb"": [1, 0, 0]}"
misc/SPARK2/Ada-SPARK-Largest-Rectangle-In-Histogram,,thinned,26,B,killed,,killed,runtime_error,"{""tests.adb"": [1, 1, 0], ""own_checks.adb"": [1, 0, 0]}"
misc/SPARK2/Ada-SPARK-Largest-Rectangle-In-Histogram,,thinned,29,B,killed,,killed,contract,"{""tests.adb"": [1, 1, 0], ""own_checks.adb"": [1, 0, 0]}"
misc/SPARK2/Ada-SPARK-Largest-Rectangle-In-Histogram,,thinned,30,C,killed,,killed,contract,"{""tests.adb"": [1, 1, 0], ""own_checks.adb"": [1, 0, 0]}"
misc/SPARK2/Ada-SPARK-Largest-Rectangle-In-Histogram,,thinned,31,ho,killed,,killed,contract,"{""tests.adb"": [1, 1, 0], ""own_checks.adb"": [1, 0, 0]}"
misc/SPARK2/Ada-SPARK-Largest-Rectangle-In-Histogram,,thinned,32,B,killed,,killed,contract,"{""tests.adb"": [1, 1, 0], ""own_checks.adb"": [1, 0, 0]}"
misc/SPARK2/Ada-SPARK-Largest-Rectangle-In-Histogram,,thinned,35,B,killed,,killed,runtime_error,"{""tests.adb"": [1, 1, 0], ""own_checks.adb"": [1, 0, 0]}"
misc/SPARK2/Ada-SPARK-Largest-Rectangle-In-Histogram,,thinned,36,B,killed,,killed,contract,"{""tests.adb"": [1, 1, 0], ""own_checks.adb"": [1, 0, 0]}"
misc/SPARK2/Ada-SPARK-Largest-Rectangle-In-Histogram,,thinned,37,B,killed,,killed,contract,"{""tests.adb"": [1, 1, 0], ""own_checks.adb"": [1, 0, 0]}"
misc/SPARK2/Ada-SPARK-Largest-Rectangle-In-Histogram,,thinned,42,B,killed,,killed,contract,"{""tests.adb"": [1, 1, 0], ""own_checks.adb"": [1, 0, 0]}"
misc/SPARK2/Ada-SPARK-Largest-Rectangle-In-Histogram,,thinned,43,B,killed,,killed,contract,"{""tests.adb"": [1, 1, 0], ""own_checks.adb"": [1, 0, 0]}"
misc/SPARK2/Ada-SPARK-Largest-Rectangle-In-Histogram,,thinned,48,B,killed,,killed,contract,"{""tests.adb"": [1, 1, 0], ""own_checks.adb"": [1, 0, 0]}"
misc/SPARK2/Ada-SPARK-Largest-Rectangle-In-Histogram,,thinned,50,B,killed,,killed,runtime_error,"{""tests.adb"": [1, 1, 0], ""own_checks.adb"": [1, 0, 0]}"
misc/SPARK2/Ada-SPARK-Largest-Rectangle-In-Histogram,,thinned,51,B,killed,,killed,contract,"{""tests.adb"": [1, 1, 0], ""own_checks.adb"": [1, 0, 0]}"
misc/SPARK2/Ada-SPARK-Largest-Rectangle-In-Histogram,,thinned,52,B,killed,proof,survived,,"{""tests.adb"": [1, 1, 0], ""own_checks.adb"": [1, 0, 0]}"
misc/SPARK2/Ada-SPARK-Largest-Rectangle-In-Histogram,,thinned,55,B,killed,,killed,contract,"{""tests.adb"": [1, 1, 0], ""own_checks.adb"": [1, 0, 0]}"
misc/SPARK2/Ada-SPARK-Largest-Rectangle-In-Histogram,,thinned,57,B,killed,,killed,contract,"{""tests.adb"": [1, 1, 0], ""own_checks.adb"": [1, 0, 0]}"
misc/SPARK2/Ada-SPARK-Largest-Rectangle-In-Histogram,,thinned,59,B,killed,,killed,runtime_error,"{""tests.adb"": [1, 1, 0], ""own_checks.adb"": [1, 0, 0]}"
misc/SPARK2/Ada-SPARK-Largest-Rectangle-In-Histogram,,thinned,63,B,killed,,killed,contract,"{""tests.adb"": [1, 1, 0], ""own_checks.adb"": [1, 0, 0]}"
misc/SPARK2/Ada-SPARK-Largest-Rectangle-In-Histogram,,thinned,64,B,killed,,killed,runtime_error,"{""tests.adb"": [1, 1, 0], ""own_checks.adb"": [1, 0, 0]}"
misc/SPARK2/Ada-SPARK-Largest-Rectangle-In-Histogram,,thinned,65,B,killed,,killed,contract,"{""tests.adb"": [1, 1, 0], ""own_checks.adb"": [1, 0, 0]}"
misc/SPARK2/Ada-SPARK-Largest-Rectangle-In-Histogram,,thinned,69,B,killed,,killed,contract,"{""tests.adb"": [1, 1, 0], ""own_checks.adb"": [1, 0, 0]}"
misc/SPARK2/Ada-SPARK-Largest-Rectangle-In-Histogram,,thinned,70,B,killed,,killed,contract,"{""tests.adb"": [1, 1, 0], ""own_checks.adb"": [1, 0, 0]}"
misc/SPARK2/Ada-SPARK-Least-Common-Multiple,,full,0,B,killed,,killed,test_check,
misc/SPARK2/Ada-SPARK-Least-Common-Multiple,,full,1,B,killed,,killed,test_check,
misc/SPARK2/Ada-SPARK-Least-Common-Multiple,,full,3,B,killed,,killed,test_check,
misc/SPARK2/Ada-SPARK-Least-Common-Multiple,,full,9,B,killed,,killed,test_check,
misc/SPARK2/Ada-SPARK-Least-Common-Multiple,,full,10,B,killed,,killed,contract,
misc/SPARK2/Ada-SPARK-Least-Common-Multiple,,full,14,B,killed,,killed,test_check,
misc/SPARK2/Ada-SPARK-Least-Common-Multiple,,full,15,B,killed,,killed,test_check,
misc/SPARK2/Ada-SPARK-Least-Common-Multiple,,full,16,B,killed,,killed,test_check,
misc/SPARK2/Ada-SPARK-Least-Common-Multiple,,full,17,B,killed,,killed,runtime_error,
misc/SPARK2/Ada-SPARK-Least-Common-Multiple,,full,19,B,killed,,killed,contract,
misc/SPARK2/Ada-SPARK-Least-Common-Multiple,,full,20,B,killed,,killed,runtime_error,
misc/SPARK2/Ada-SPARK-Least-Common-Multiple,,thinned,0,B,killed,,killed,test_check,"{""tests.adb"": [1, 1, 0], ""own_checks.adb"": [2, 0, 0]}"
misc/SPARK2/Ada-SPARK-Least-Common-Multiple,,thinned,1,B,killed,,killed,test_check,"{""tests.adb"": [1, 1, 0], ""own_checks.adb"": [2, 0, 0]}"
misc/SPARK2/Ada-SPARK-Least-Common-Multiple,,thinned,3,B,killed,,killed,test_check,"{""tests.adb"": [1, 1, 0], ""own_checks.adb"": [2, 0, 0]}"
misc/SPARK2/Ada-SPARK-Least-Common-Multiple,,thinned,9,B,killed,,killed,test_check,"{""tests.adb"": [1, 1, 0], ""own_checks.adb"": [2, 0, 0]}"
misc/SPARK2/Ada-SPARK-Least-Common-Multiple,,thinned,10,B,killed,,killed,contract,"{""tests.adb"": [1, 1, 0], ""own_checks.adb"": [2, 0, 0]}"
misc/SPARK2/Ada-SPARK-Least-Common-Multiple,,thinned,14,B,killed,,killed,test_check,"{""tests.adb"": [1, 1, 0], ""own_checks.adb"": [2, 0, 0]}"
misc/SPARK2/Ada-SPARK-Least-Common-Multiple,,thinned,15,B,killed,,killed,test_check,"{""tests.adb"": [1, 1, 0], ""own_checks.adb"": [2, 0, 0]}"
misc/SPARK2/Ada-SPARK-Least-Common-Multiple,,thinned,16,B,killed,,killed,test_check,"{""tests.adb"": [1, 1, 0], ""own_checks.adb"": [2, 0, 0]}"
misc/SPARK2/Ada-SPARK-Least-Common-Multiple,,thinned,17,B,killed,,killed,runtime_error,"{""tests.adb"": [1, 1, 0], ""own_checks.adb"": [2, 0, 0]}"
misc/SPARK2/Ada-SPARK-Least-Common-Multiple,,thinned,19,B,killed,,killed,contract,"{""tests.adb"": [1, 1, 0], ""own_checks.adb"": [2, 0, 0]}"
misc/SPARK2/Ada-SPARK-Least-Common-Multiple,,thinned,20,B,killed,,killed,runtime_error,"{""tests.adb"": [1, 1, 0], ""own_checks.adb"": [2, 0, 0]}"
misc/SPARK2/Ada-SPARK-Longest-Palindromic-Subsequence,,full,0,alt,killed,,killed,runtime_error,
misc/SPARK2/Ada-SPARK-Longest-Palindromic-Subsequence,,full,1,ho,killed,,killed,contract,
misc/SPARK2/Ada-SPARK-Longest-Palindromic-Subsequence,,full,3,C,killed,,killed,contract,
misc/SPARK2/Ada-SPARK-Longest-Palindromic-Subsequence,,full,10,B,killed,,killed,contract,
misc/SPARK2/Ada-SPARK-Longest-Palindromic-Subsequence,,full,11,alt,killed,,killed,contract,
misc/SPARK2/Ada-SPARK-Longest-Palindromic-Subsequence,,full,12,ho,killed,,killed,contract,
misc/SPARK2/Ada-SPARK-Longest-Palindromic-Subsequence,,full,14,C,killed,,killed,test_check,
misc/SPARK2/Ada-SPARK-Longest-Palindromic-Subsequence,,full,20,B,killed,,killed,contract,
misc/SPARK2/Ada-SPARK-Longest-Palindromic-Subsequence,,full,21,alt,killed,,killed,contract,
misc/SPARK2/Ada-SPARK-Longest-Palindromic-Subsequence,,full,22,ho,killed,,killed,runtime_error,
misc/SPARK2/Ada-SPARK-Longest-Palindromic-Subsequence,,full,24,C,killed,,killed,contract,
misc/SPARK2/Ada-SPARK-Longest-Palindromic-Subsequence,,full,36,B,killed,,killed,contract,
misc/SPARK2/Ada-SPARK-Longest-Palindromic-Subsequence,,full,37,alt,killed,,killed,contract,
misc/SPARK2/Ada-SPARK-Longest-Palindromic-Subsequence,,full,38,ho,killed,,killed,contract,
misc/SPARK2/Ada-SPARK-Longest-Palindromic-Subsequence,,full,40,C,killed,,killed,contract,
misc/SPARK2/Ada-SPARK-Longest-Palindromic-Subsequence,,full,41,B,killed,,killed,contract,
misc/SPARK2/Ada-SPARK-Longest-Palindromic-Subsequence,,full,42,alt,killed,,killed,test_check,
misc/SPARK2/Ada-SPARK-Longest-Palindromic-Subsequence,,full,43,ho,killed,,killed,runtime_error,
misc/SPARK2/Ada-SPARK-Longest-Palindromic-Subsequence,,full,44,B,killed,,killed,contract,
misc/SPARK2/Ada-SPARK-Longest-Palindromic-Subsequence,,full,45,C,killed,,killed,contract,
misc/SPARK2/Ada-SPARK-Longest-Palindromic-Subsequence,,full,46,alt,killed,,killed,contract,
misc/SPARK2/Ada-SPARK-Longest-Palindromic-Subsequence,,full,47,ho,killed,,killed,runtime_error,
misc/SPARK2/Ada-SPARK-Longest-Palindromic-Subsequence,,full,51,B,killed,,killed,contract,
misc/SPARK2/Ada-SPARK-Longest-Palindromic-Subsequence,,full,52,alt,killed,,killed,contract,
misc/SPARK2/Ada-SPARK-Longest-Palindromic-Subsequence,,full,53,ho,killed,,killed,contract,
misc/SPARK2/Ada-SPARK-Longest-Palindromic-Subsequence,,full,54,B,killed,,killed,contract,
misc/SPARK2/Ada-SPARK-Longest-Palindromic-Subsequence,,full,55,C,killed,,killed,contract,
misc/SPARK2/Ada-SPARK-Longest-Palindromic-Subsequence,,full,56,alt,killed,,killed,contract,
misc/SPARK2/Ada-SPARK-Longest-Palindromic-Subsequence,,full,57,ho,killed,,killed,contract,
misc/SPARK2/Ada-SPARK-Longest-Palindromic-Subsequence,,full,59,C,killed,,killed,contract,
misc/SPARK2/Ada-SPARK-Longest-Palindromic-Subsequence,,full,90,B,killed,,killed,contract,
misc/SPARK2/Ada-SPARK-Longest-Palindromic-Subsequence,,full,91,alt,killed,,killed,contract,
misc/SPARK2/Ada-SPARK-Longest-Palindromic-Subsequence,,full,92,ho,killed,proof,survived,,
misc/SPARK2/Ada-SPARK-Longest-Palindromic-Subsequence,,full,94,C,killed,,killed,contract,
misc/SPARK2/Ada-SPARK-Longest-Palindromic-Subsequence,,full,95,B,killed,,killed,contract,
misc/SPARK2/Ada-SPARK-Longest-Palindromic-Subsequence,,full,96,alt,killed,,killed,contract,
misc/SPARK2/Ada-SPARK-Longest-Palindromic-Subsequence,,full,97,ho,killed,,killed,contract,
misc/SPARK2/Ada-SPARK-Longest-Palindromic-Subsequence,,full,99,C,killed,,killed,contract,
misc/SPARK2/Ada-SPARK-Longest-Palindromic-Subsequence,,full,103,B,killed,,killed,contract,
misc/SPARK2/Ada-SPARK-Longest-Palindromic-Subsequence,,full,104,alt,killed,,killed,contract,
misc/SPARK2/Ada-SPARK-Longest-Palindromic-Subsequence,,full,105,ho,killed,,killed,contract,
misc/SPARK2/Ada-SPARK-Longest-Palindromic-Subsequence,,full,107,C,killed,,killed,contract,
misc/SPARK2/Ada-SPARK-Longest-Palindromic-Subsequence,,full,108,B,killed,,killed,contract,
misc/SPARK2/Ada-SPARK-Longest-Palindromic-Subsequence,,full,109,alt,killed,,killed,contract,
misc/SPARK2/Ada-SPARK-Longest-Palindromic-Subsequence,,full,110,ho,killed,,killed,contract,
misc/SPARK2/Ada-SPARK-Longest-Palindromic-Subsequence,,full,112,C,killed,,killed,contract,
misc/SPARK2/Ada-SPARK-Longest-Palindromic-Subsequence,,full,114,B,killed,,killed,contract,
misc/SPARK2/Ada-SPARK-Longest-Palindromic-Subsequence,,thinned,0,alt,killed,,killed,runtime_error,"{""tests.adb"": [1, 3, 0], ""own_checks.adb"": [2, 0, 0]}"
misc/SPARK2/Ada-SPARK-Longest-Palindromic-Subsequence,,thinned,1,ho,killed,,killed,contract,"{""tests.adb"": [1, 3, 0], ""own_checks.adb"": [2, 0, 0]}"
misc/SPARK2/Ada-SPARK-Longest-Palindromic-Subsequence,,thinned,3,C,killed,,killed,contract,"{""tests.adb"": [1, 3, 0], ""own_checks.adb"": [2, 0, 0]}"
misc/SPARK2/Ada-SPARK-Longest-Palindromic-Subsequence,,thinned,10,B,killed,,killed,contract,"{""tests.adb"": [1, 3, 0], ""own_checks.adb"": [2, 0, 0]}"
misc/SPARK2/Ada-SPARK-Longest-Palindromic-Subsequence,,thinned,11,alt,killed,,killed,contract,"{""tests.adb"": [1, 3, 0], ""own_checks.adb"": [2, 0, 0]}"
misc/SPARK2/Ada-SPARK-Longest-Palindromic-Subsequence,,thinned,12,ho,killed,,killed,contract,"{""tests.adb"": [1, 3, 0], ""own_checks.adb"": [2, 0, 0]}"
misc/SPARK2/Ada-SPARK-Longest-Palindromic-Subsequence,,thinned,14,C,killed,,killed,test_check,"{""tests.adb"": [1, 3, 0], ""own_checks.adb"": [2, 0, 0]}"
misc/SPARK2/Ada-SPARK-Longest-Palindromic-Subsequence,,thinned,20,B,killed,,killed,contract,"{""tests.adb"": [1, 3, 0], ""own_checks.adb"": [2, 0, 0]}"
misc/SPARK2/Ada-SPARK-Longest-Palindromic-Subsequence,,thinned,21,alt,killed,,killed,contract,"{""tests.adb"": [1, 3, 0], ""own_checks.adb"": [2, 0, 0]}"
misc/SPARK2/Ada-SPARK-Longest-Palindromic-Subsequence,,thinned,22,ho,killed,,killed,runtime_error,"{""tests.adb"": [1, 3, 0], ""own_checks.adb"": [2, 0, 0]}"
misc/SPARK2/Ada-SPARK-Longest-Palindromic-Subsequence,,thinned,24,C,killed,,killed,contract,"{""tests.adb"": [1, 3, 0], ""own_checks.adb"": [2, 0, 0]}"
misc/SPARK2/Ada-SPARK-Longest-Palindromic-Subsequence,,thinned,36,B,killed,,killed,contract,"{""tests.adb"": [1, 3, 0], ""own_checks.adb"": [2, 0, 0]}"
misc/SPARK2/Ada-SPARK-Longest-Palindromic-Subsequence,,thinned,37,alt,killed,,killed,contract,"{""tests.adb"": [1, 3, 0], ""own_checks.adb"": [2, 0, 0]}"
misc/SPARK2/Ada-SPARK-Longest-Palindromic-Subsequence,,thinned,38,ho,killed,,killed,contract,"{""tests.adb"": [1, 3, 0], ""own_checks.adb"": [2, 0, 0]}"
misc/SPARK2/Ada-SPARK-Longest-Palindromic-Subsequence,,thinned,40,C,killed,,killed,contract,"{""tests.adb"": [1, 3, 0], ""own_checks.adb"": [2, 0, 0]}"
misc/SPARK2/Ada-SPARK-Longest-Palindromic-Subsequence,,thinned,41,B,killed,,killed,contract,"{""tests.adb"": [1, 3, 0], ""own_checks.adb"": [2, 0, 0]}"
misc/SPARK2/Ada-SPARK-Longest-Palindromic-Subsequence,,thinned,42,alt,killed,,killed,test_check,"{""tests.adb"": [1, 3, 0], ""own_checks.adb"": [2, 0, 0]}"
misc/SPARK2/Ada-SPARK-Longest-Palindromic-Subsequence,,thinned,43,ho,killed,,killed,runtime_error,"{""tests.adb"": [1, 3, 0], ""own_checks.adb"": [2, 0, 0]}"
misc/SPARK2/Ada-SPARK-Longest-Palindromic-Subsequence,,thinned,44,B,killed,,killed,contract,"{""tests.adb"": [1, 3, 0], ""own_checks.adb"": [2, 0, 0]}"
misc/SPARK2/Ada-SPARK-Longest-Palindromic-Subsequence,,thinned,45,C,killed,,killed,contract,"{""tests.adb"": [1, 3, 0], ""own_checks.adb"": [2, 0, 0]}"
misc/SPARK2/Ada-SPARK-Longest-Palindromic-Subsequence,,thinned,46,alt,killed,,killed,contract,"{""tests.adb"": [1, 3, 0], ""own_checks.adb"": [2, 0, 0]}"
misc/SPARK2/Ada-SPARK-Longest-Palindromic-Subsequence,,thinned,47,ho,killed,,killed,runtime_error,"{""tests.adb"": [1, 3, 0], ""own_checks.adb"": [2, 0, 0]}"
misc/SPARK2/Ada-SPARK-Longest-Palindromic-Subsequence,,thinned,51,B,killed,,killed,test_check,"{""tests.adb"": [1, 3, 0], ""own_checks.adb"": [2, 0, 0]}"
misc/SPARK2/Ada-SPARK-Longest-Palindromic-Subsequence,,thinned,52,alt,killed,,killed,contract,"{""tests.adb"": [1, 3, 0], ""own_checks.adb"": [2, 0, 0]}"
misc/SPARK2/Ada-SPARK-Longest-Palindromic-Subsequence,,thinned,53,ho,killed,,killed,contract,"{""tests.adb"": [1, 3, 0], ""own_checks.adb"": [2, 0, 0]}"
misc/SPARK2/Ada-SPARK-Longest-Palindromic-Subsequence,,thinned,54,B,killed,,killed,contract,"{""tests.adb"": [1, 3, 0], ""own_checks.adb"": [2, 0, 0]}"
misc/SPARK2/Ada-SPARK-Longest-Palindromic-Subsequence,,thinned,55,C,killed,,killed,test_check,"{""tests.adb"": [1, 3, 0], ""own_checks.adb"": [2, 0, 0]}"
misc/SPARK2/Ada-SPARK-Longest-Palindromic-Subsequence,,thinned,56,alt,killed,,killed,contract,"{""tests.adb"": [1, 3, 0], ""own_checks.adb"": [2, 0, 0]}"
misc/SPARK2/Ada-SPARK-Longest-Palindromic-Subsequence,,thinned,57,ho,killed,,killed,contract,"{""tests.adb"": [1, 3, 0], ""own_checks.adb"": [2, 0, 0]}"
misc/SPARK2/Ada-SPARK-Longest-Palindromic-Subsequence,,thinned,59,C,killed,,killed,contract,"{""tests.adb"": [1, 3, 0], ""own_checks.adb"": [2, 0, 0]}"
misc/SPARK2/Ada-SPARK-Longest-Palindromic-Subsequence,,thinned,90,B,killed,,killed,contract,"{""tests.adb"": [1, 3, 0], ""own_checks.adb"": [2, 0, 0]}"
misc/SPARK2/Ada-SPARK-Longest-Palindromic-Subsequence,,thinned,91,alt,killed,,killed,test_check,"{""tests.adb"": [1, 3, 0], ""own_checks.adb"": [2, 0, 0]}"
misc/SPARK2/Ada-SPARK-Longest-Palindromic-Subsequence,,thinned,92,ho,killed,proof,survived,,"{""tests.adb"": [1, 3, 0], ""own_checks.adb"": [2, 0, 0]}"
misc/SPARK2/Ada-SPARK-Longest-Palindromic-Subsequence,,thinned,94,C,killed,,killed,contract,"{""tests.adb"": [1, 3, 0], ""own_checks.adb"": [2, 0, 0]}"
misc/SPARK2/Ada-SPARK-Longest-Palindromic-Subsequence,,thinned,95,B,killed,,killed,test_check,"{""tests.adb"": [1, 3, 0], ""own_checks.adb"": [2, 0, 0]}"
misc/SPARK2/Ada-SPARK-Longest-Palindromic-Subsequence,,thinned,96,alt,killed,,killed,contract,"{""tests.adb"": [1, 3, 0], ""own_checks.adb"": [2, 0, 0]}"
misc/SPARK2/Ada-SPARK-Longest-Palindromic-Subsequence,,thinned,97,ho,killed,,killed,contract,"{""tests.adb"": [1, 3, 0], ""own_checks.adb"": [2, 0, 0]}"
misc/SPARK2/Ada-SPARK-Longest-Palindromic-Subsequence,,thinned,99,C,killed,,killed,contract,"{""tests.adb"": [1, 3, 0], ""own_checks.adb"": [2, 0, 0]}"
misc/SPARK2/Ada-SPARK-Longest-Palindromic-Subsequence,,thinned,103,B,killed,,killed,test_check,"{""tests.adb"": [1, 3, 0], ""own_checks.adb"": [2, 0, 0]}"
misc/SPARK2/Ada-SPARK-Longest-Palindromic-Subsequence,,thinned,104,alt,killed,,killed,contract,"{""tests.adb"": [1, 3, 0], ""own_checks.adb"": [2, 0, 0]}"
misc/SPARK2/Ada-SPARK-Longest-Palindromic-Subsequence,,thinned,105,ho,killed,,killed,contract,"{""tests.adb"": [1, 3, 0], ""own_checks.adb"": [2, 0, 0]}"
misc/SPARK2/Ada-SPARK-Longest-Palindromic-Subsequence,,thinned,107,C,killed,,killed,contract,"{""tests.adb"": [1, 3, 0], ""own_checks.adb"": [2, 0, 0]}"
misc/SPARK2/Ada-SPARK-Longest-Palindromic-Subsequence,,thinned,108,B,killed,,killed,contract,"{""tests.adb"": [1, 3, 0], ""own_checks.adb"": [2, 0, 0]}"
misc/SPARK2/Ada-SPARK-Longest-Palindromic-Subsequence,,thinned,109,alt,killed,,killed,contract,"{""tests.adb"": [1, 3, 0], ""own_checks.adb"": [2, 0, 0]}"
misc/SPARK2/Ada-SPARK-Longest-Palindromic-Subsequence,,thinned,110,ho,killed,,killed,contract,"{""tests.adb"": [1, 3, 0], ""own_checks.adb"": [2, 0, 0]}"
misc/SPARK2/Ada-SPARK-Longest-Palindromic-Subsequence,,thinned,112,C,killed,,killed,test_check,"{""tests.adb"": [1, 3, 0], ""own_checks.adb"": [2, 0, 0]}"
misc/SPARK2/Ada-SPARK-Longest-Palindromic-Subsequence,,thinned,114,B,killed,,killed,test_check,"{""tests.adb"": [1, 3, 0], ""own_checks.adb"": [2, 0, 0]}"
misc/SPARK2/Ada-SPARK-Majority-Element,,full,0,std,killed,,killed,contract,
misc/SPARK2/Ada-SPARK-Majority-Element,,full,1,alt,killed,,killed,runtime_error,
misc/SPARK2/Ada-SPARK-Majority-Element,,full,2,ho,killed,,killed,test_check,
misc/SPARK2/Ada-SPARK-Majority-Element,,full,3,B,killed,,killed,contract,
misc/SPARK2/Ada-SPARK-Majority-Element,,full,4,C,killed,,killed,test_check,
misc/SPARK2/Ada-SPARK-Majority-Element,,full,5,std,killed,,killed,test_check,
misc/SPARK2/Ada-SPARK-Majority-Element,,full,6,alt,killed,,killed,test_check,
misc/SPARK2/Ada-SPARK-Majority-Element,,full,7,ho,killed,,killed,contract,
misc/SPARK2/Ada-SPARK-Majority-Element,,full,9,C,killed,,killed,runtime_error,
misc/SPARK2/Ada-SPARK-Majority-Element,,full,13,B,killed,,killed,runtime_error,
misc/SPARK2/Ada-SPARK-Majority-Element,,full,14,std,killed,,killed,test_check,
misc/SPARK2/Ada-SPARK-Majority-Element,,full,15,alt,killed,,killed,test_check,
misc/SPARK2/Ada-SPARK-Majority-Element,,full,16,ho,killed,,killed,contract,
misc/SPARK2/Ada-SPARK-Majority-Element,,full,17,B,killed,,killed,runtime_error,
misc/SPARK2/Ada-SPARK-Majority-Element,,full,18,C,killed,,killed,test_check,
misc/SPARK2/Ada-SPARK-Majority-Element,,full,19,std,killed,,killed,test_check,
misc/SPARK2/Ada-SPARK-Majority-Element,,full,20,alt,killed,,killed,test_check,
misc/SPARK2/Ada-SPARK-Majority-Element,,full,21,ho,killed,,killed,test_check,
misc/SPARK2/Ada-SPARK-Majority-Element,,full,23,C,killed,,killed,test_check,
misc/SPARK2/Ada-SPARK-Majority-Element,,full,25,B,killed,,killed,test_check,
misc/SPARK2/Ada-SPARK-Majority-Element,,full,26,std,killed,,killed,test_check,
misc/SPARK2/Ada-SPARK-Majority-Element,,full,27,alt,killed,,killed,test_check,
misc/SPARK2/Ada-SPARK-Majority-Element,,full,28,ho,killed,,killed,test_check,
misc/SPARK2/Ada-SPARK-Majority-Element,,full,30,C,killed,,killed,runtime_error,
misc/SPARK2/Ada-SPARK-Majority-Element,,full,32,B,killed,,killed,test_check,
misc/SPARK2/Ada-SPARK-Majority-Element,,full,33,std,killed,,killed,contract,
misc/SPARK2/Ada-SPARK-Majority-Element,,full,34,alt,killed,,killed,test_check,
misc/SPARK2/Ada-SPARK-Majority-Element,,full,35,ho,killed,,killed,contract,
misc/SPARK2/Ada-SPARK-Majority-Element,,full,37,C,killed,,killed,test_check,
misc/SPARK2/Ada-SPARK-Majority-Element,,full,39,B,killed,,killed,test_check,
misc/SPARK2/Ada-SPARK-Majority-Element,,full,40,std,killed,,killed,test_check,
misc/SPARK2/Ada-SPARK-Majority-Element,,full,41,alt,killed,,killed,test_check,
misc/SPARK2/Ada-SPARK-Majority-Element,,full,42,ho,killed,,killed,test_check,
misc/SPARK2/Ada-SPARK-Majority-Element,,full,45,B,killed,,killed,runtime_error,
misc/SPARK2/Ada-SPARK-Majority-Element,,full,46,ho,killed,,killed,test_check,
misc/SPARK2/Ada-SPARK-Majority-Element,,full,48,ho,killed,,killed,contract,
misc/SPARK2/Ada-SPARK-Majority-Element,,full,49,ho,killed,,killed,test_check,
misc/SPARK2/Ada-SPARK-Majority-Element,,full,50,ho,killed,,killed,contract,
misc/SPARK2/Ada-SPARK-Majority-Element,,full,51,ho,killed,,killed,contract,
misc/SPARK2/Ada-SPARK-Majority-Element,,full,52,ho,killed,,killed,test_check,
misc/SPARK2/Ada-SPARK-Majority-Element,,full,53,ho,killed,,killed,test_check,
misc/SPARK2/Ada-SPARK-Majority-Element,,thinned,0,std,killed,,killed,contract,"{""tests.adb"": [1, 1, 0], ""own_checks.adb"": [1, 0, 0]}"
misc/SPARK2/Ada-SPARK-Majority-Element,,thinned,1,alt,killed,,killed,runtime_error,"{""tests.adb"": [1, 1, 0], ""own_checks.adb"": [1, 0, 0]}"
misc/SPARK2/Ada-SPARK-Majority-Element,,thinned,2,ho,killed,,killed,test_check,"{""tests.adb"": [1, 1, 0], ""own_checks.adb"": [1, 0, 0]}"
misc/SPARK2/Ada-SPARK-Majority-Element,,thinned,3,B,killed,,killed,contract,"{""tests.adb"": [1, 1, 0], ""own_checks.adb"": [1, 0, 0]}"
misc/SPARK2/Ada-SPARK-Majority-Element,,thinned,4,C,killed,,killed,test_check,"{""tests.adb"": [1, 1, 0], ""own_checks.adb"": [1, 0, 0]}"
misc/SPARK2/Ada-SPARK-Majority-Element,,thinned,5,std,killed,,killed,test_check,"{""tests.adb"": [1, 1, 0], ""own_checks.adb"": [1, 0, 0]}"
misc/SPARK2/Ada-SPARK-Majority-Element,,thinned,6,alt,killed,,killed,test_check,"{""tests.adb"": [1, 1, 0], ""own_checks.adb"": [1, 0, 0]}"
misc/SPARK2/Ada-SPARK-Majority-Element,,thinned,7,ho,killed,,killed,contract,"{""tests.adb"": [1, 1, 0], ""own_checks.adb"": [1, 0, 0]}"
misc/SPARK2/Ada-SPARK-Majority-Element,,thinned,9,C,killed,,killed,runtime_error,"{""tests.adb"": [1, 1, 0], ""own_checks.adb"": [1, 0, 0]}"
misc/SPARK2/Ada-SPARK-Majority-Element,,thinned,13,B,killed,,killed,runtime_error,"{""tests.adb"": [1, 1, 0], ""own_checks.adb"": [1, 0, 0]}"
misc/SPARK2/Ada-SPARK-Majority-Element,,thinned,14,std,killed,,killed,test_check,"{""tests.adb"": [1, 1, 0], ""own_checks.adb"": [1, 0, 0]}"
misc/SPARK2/Ada-SPARK-Majority-Element,,thinned,15,alt,killed,,killed,test_check,"{""tests.adb"": [1, 1, 0], ""own_checks.adb"": [1, 0, 0]}"
misc/SPARK2/Ada-SPARK-Majority-Element,,thinned,16,ho,killed,,killed,contract,"{""tests.adb"": [1, 1, 0], ""own_checks.adb"": [1, 0, 0]}"
misc/SPARK2/Ada-SPARK-Majority-Element,,thinned,17,B,killed,,killed,runtime_error,"{""tests.adb"": [1, 1, 0], ""own_checks.adb"": [1, 0, 0]}"
misc/SPARK2/Ada-SPARK-Majority-Element,,thinned,18,C,killed,,killed,test_check,"{""tests.adb"": [1, 1, 0], ""own_checks.adb"": [1, 0, 0]}"
misc/SPARK2/Ada-SPARK-Majority-Element,,thinned,19,std,killed,,killed,test_check,"{""tests.adb"": [1, 1, 0], ""own_checks.adb"": [1, 0, 0]}"
misc/SPARK2/Ada-SPARK-Majority-Element,,thinned,20,alt,killed,,killed,test_check,"{""tests.adb"": [1, 1, 0], ""own_checks.adb"": [1, 0, 0]}"
misc/SPARK2/Ada-SPARK-Majority-Element,,thinned,21,ho,killed,,killed,test_check,"{""tests.adb"": [1, 1, 0], ""own_checks.adb"": [1, 0, 0]}"
misc/SPARK2/Ada-SPARK-Majority-Element,,thinned,23,C,killed,,killed,test_check,"{""tests.adb"": [1, 1, 0], ""own_checks.adb"": [1, 0, 0]}"
misc/SPARK2/Ada-SPARK-Majority-Element,,thinned,25,B,killed,,killed,test_check,"{""tests.adb"": [1, 1, 0], ""own_checks.adb"": [1, 0, 0]}"
misc/SPARK2/Ada-SPARK-Majority-Element,,thinned,26,std,killed,,killed,test_check,"{""tests.adb"": [1, 1, 0], ""own_checks.adb"": [1, 0, 0]}"
misc/SPARK2/Ada-SPARK-Majority-Element,,thinned,27,alt,killed,,killed,test_check,"{""tests.adb"": [1, 1, 0], ""own_checks.adb"": [1, 0, 0]}"
misc/SPARK2/Ada-SPARK-Majority-Element,,thinned,28,ho,killed,,killed,test_check,"{""tests.adb"": [1, 1, 0], ""own_checks.adb"": [1, 0, 0]}"
misc/SPARK2/Ada-SPARK-Majority-Element,,thinned,30,C,killed,,killed,runtime_error,"{""tests.adb"": [1, 1, 0], ""own_checks.adb"": [1, 0, 0]}"
misc/SPARK2/Ada-SPARK-Majority-Element,,thinned,32,B,killed,,killed,test_check,"{""tests.adb"": [1, 1, 0], ""own_checks.adb"": [1, 0, 0]}"
misc/SPARK2/Ada-SPARK-Majority-Element,,thinned,33,std,killed,,killed,contract,"{""tests.adb"": [1, 1, 0], ""own_checks.adb"": [1, 0, 0]}"
misc/SPARK2/Ada-SPARK-Majority-Element,,thinned,34,alt,killed,,killed,test_check,"{""tests.adb"": [1, 1, 0], ""own_checks.adb"": [1, 0, 0]}"
misc/SPARK2/Ada-SPARK-Majority-Element,,thinned,35,ho,killed,,killed,contract,"{""tests.adb"": [1, 1, 0], ""own_checks.adb"": [1, 0, 0]}"
misc/SPARK2/Ada-SPARK-Majority-Element,,thinned,37,C,killed,,killed,test_check,"{""tests.adb"": [1, 1, 0], ""own_checks.adb"": [1, 0, 0]}"
misc/SPARK2/Ada-SPARK-Majority-Element,,thinned,39,B,killed,,killed,test_check,"{""tests.adb"": [1, 1, 0], ""own_checks.adb"": [1, 0, 0]}"
misc/SPARK2/Ada-SPARK-Majority-Element,,thinned,40,std,killed,,killed,test_check,"{""tests.adb"": [1, 1, 0], ""own_checks.adb"": [1, 0, 0]}"
misc/SPARK2/Ada-SPARK-Majority-Element,,thinned,41,alt,killed,,killed,test_check,"{""tests.adb"": [1, 1, 0], ""own_checks.adb"": [1, 0, 0]}"
misc/SPARK2/Ada-SPARK-Majority-Element,,thinned,42,ho,killed,,killed,test_check,"{""tests.adb"": [1, 1, 0], ""own_checks.adb"": [1, 0, 0]}"
misc/SPARK2/Ada-SPARK-Majority-Element,,thinned,45,B,killed,,killed,runtime_error,"{""tests.adb"": [1, 1, 0], ""own_checks.adb"": [1, 0, 0]}"
misc/SPARK2/Ada-SPARK-Majority-Element,,thinned,46,ho,killed,,killed,test_check,"{""tests.adb"": [1, 1, 0], ""own_checks.adb"": [1, 0, 0]}"
misc/SPARK2/Ada-SPARK-Majority-Element,,thinned,48,ho,killed,,killed,contract,"{""tests.adb"": [1, 1, 0], ""own_checks.adb"": [1, 0, 0]}"
misc/SPARK2/Ada-SPARK-Majority-Element,,thinned,49,ho,killed,,killed,test_check,"{""tests.adb"": [1, 1, 0], ""own_checks.adb"": [1, 0, 0]}"
misc/SPARK2/Ada-SPARK-Majority-Element,,thinned,50,ho,killed,,killed,contract,"{""tests.adb"": [1, 1, 0], ""own_checks.adb"": [1, 0, 0]}"
misc/SPARK2/Ada-SPARK-Majority-Element,,thinned,51,ho,killed,,killed,contract,"{""tests.adb"": [1, 1, 0], ""own_checks.adb"": [1, 0, 0]}"
misc/SPARK2/Ada-SPARK-Majority-Element,,thinned,52,ho,killed,,killed,test_check,"{""tests.adb"": [1, 1, 0], ""own_checks.adb"": [1, 0, 0]}"
misc/SPARK2/Ada-SPARK-Majority-Element,,thinned,53,ho,killed,,killed,test_check,"{""tests.adb"": [1, 1, 0], ""own_checks.adb"": [1, 0, 0]}"
misc/SPARK2/Ada-SPARK-Maximum-Product-Subarray,,full,1,ho,killed,,killed,contract,
misc/SPARK2/Ada-SPARK-Maximum-Product-Subarray,,full,3,C,killed,,killed,contract,
misc/SPARK2/Ada-SPARK-Maximum-Product-Subarray,,full,5,B,killed,,killed,contract,
misc/SPARK2/Ada-SPARK-Maximum-Product-Subarray,,full,6,alt,killed,,killed,contract,
misc/SPARK2/Ada-SPARK-Maximum-Product-Subarray,,full,7,ho,killed,,killed,contract,
misc/SPARK2/Ada-SPARK-Maximum-Product-Subarray,,full,8,B,killed,,killed,test_check,
misc/SPARK2/Ada-SPARK-Maximum-Product-Subarray,,full,9,C,killed,,killed,contract,
misc/SPARK2/Ada-SPARK-Maximum-Product-Subarray,,full,10,alt,killed,,killed,contract,
misc/SPARK2/Ada-SPARK-Maximum-Product-Subarray,,full,12,B,killed,,killed,contract,
misc/SPARK2/Ada-SPARK-Maximum-Product-Subarray,,full,13,C,killed,,killed,contract,
misc/SPARK2/Ada-SPARK-Maximum-Product-Subarray,,full,14,alt,killed,,killed,contract,
misc/SPARK2/Ada-SPARK-Maximum-Product-Subarray,,full,16,C,killed,,killed,contract,
misc/SPARK2/Ada-SPARK-Maximum-Product-Subarray,,full,17,B,killed,,killed,contract,
misc/SPARK2/Ada-SPARK-Maximum-Product-Subarray,,full,18,alt,killed,,killed,test_check,
misc/SPARK2/Ada-SPARK-Maximum-Product-Subarray,,full,19,B,killed,,killed,test_check,
misc/SPARK2/Ada-SPARK-Maximum-Product-Subarray,,full,20,C,killed,,killed,test_check,
misc/SPARK2/Ada-SPARK-Maximum-Product-Subarray,,full,21,B,killed,,killed,contract,
misc/SPARK2/Ada-SPARK-Maximum-Product-Subarray,,full,22,C,killed,,killed,test_check,
misc/SPARK2/Ada-SPARK-Maximum-Product-Subarray,,full,23,B,killed,,killed,contract,
misc/SPARK2/Ada-SPARK-Maximum-Product-Subarray,,full,24,C,killed,,killed,contract,
misc/SPARK2/Ada-SPARK-Maximum-Product-Subarray,,full,25,B,killed,,killed,runtime_error,
misc/SPARK2/Ada-SPARK-Maximum-Product-Subarray,,full,26,C,killed,,killed,runtime_error,
misc/SPARK2/Ada-SPARK-Maximum-Product-Subarray,,full,29,B,killed,,killed,contract,
misc/SPARK2/Ada-SPARK-Maximum-Product-Subarray,,full,30,B,killed,,killed,contract,
misc/SPARK2/Ada-SPARK-Maximum-Product-Subarray,,full,31,C,killed,,killed,contract,
misc/SPARK2/Ada-SPARK-Maximum-Product-Subarray,,full,32,B,killed,,killed,runtime_error,
misc/SPARK2/Ada-SPARK-Maximum-Product-Subarray,,full,33,C,killed,,killed,contract,
misc/SPARK2/Ada-SPARK-Maximum-Product-Subarray,,full,35,C,killed,,killed,contract,
misc/SPARK2/Ada-SPARK-Maximum-Product-Subarray,,full,39,B,killed,,killed,contract,
misc/SPARK2/Ada-SPARK-Maximum-Product-Subarray,,full,40,B,killed,,killed,contract,
misc/SPARK2/Ada-SPARK-Maximum-Product-Subarray,,full,44,B,killed,,killed,runtime_error,
misc/SPARK2/Ada-SPARK-Maximum-Product-Subarray,,full,45,B,killed,,killed,contract,
misc/SPARK2/Ada-SPARK-Maximum-Product-Subarray,,full,46,B,killed,,killed,contract,
misc/SPARK2/Ada-SPARK-Maximum-Product-Subarray,,full,47,B,killed,,killed,contract,
misc/SPARK2/Ada-SPARK-Maximum-Product-Subarray,,full,51,B,killed,,killed,contract,
misc/SPARK2/Ada-SPARK-Maximum-Product-Subarray,,full,56,B,killed,,killed,contract,
misc/SPARK2/Ada-SPARK-Maximum-Product-Subarray,,full,58,B,killed,,killed,contract,
misc/SPARK2/Ada-SPARK-Maximum-Product-Subarray,,full,60,B,killed,,killed,contract,
misc/SPARK2/Ada-SPARK-Maximum-Product-Subarray,,full,65,B,killed,,killed,test_check,
misc/SPARK2/Ada-SPARK-Maximum-Product-Subarray,,full,66,B,killed,,killed,runtime_error,
misc/SPARK2/Ada-SPARK-Maximum-Product-Subarray,,full,68,B,killed,,killed,test_check,
misc/SPARK2/Ada-SPARK-Maximum-Product-Subarray,,full,70,B,killed,,killed,contract,
misc/SPARK2/Ada-SPARK-Maximum-Product-Subarray,,full,71,B,killed,,killed,test_check,
misc/SPARK2/Ada-SPARK-Maximum-Product-Subarray,,full,72,B,killed,,killed,runtime_error,
misc/SPARK2/Ada-SPARK-Maximum-Product-Subarray,,thinned,1,ho,killed,,killed,contract,"{""tests.adb"": [3, 0, 0], ""own_checks.adb"": [3, 0, 0]}"
misc/SPARK2/Ada-SPARK-Maximum-Product-Subarray,,thinned,3,C,killed,,killed,contract,"{""tests.adb"": [3, 0, 0], ""own_checks.adb"": [3, 0, 0]}"
misc/SPARK2/Ada-SPARK-Maximum-Product-Subarray,,thinned,5,B,killed,,killed,contract,"{""tests.adb"": [3, 0, 0], ""own_checks.adb"": [3, 0, 0]}"
misc/SPARK2/Ada-SPARK-Maximum-Product-Subarray,,thinned,6,alt,killed,,killed,contract,"{""tests.adb"": [3, 0, 0], ""own_checks.adb"": [3, 0, 0]}"
misc/SPARK2/Ada-SPARK-Maximum-Product-Subarray,,thinned,7,ho,killed,,killed,contract,"{""tests.adb"": [3, 0, 0], ""own_checks.adb"": [3, 0, 0]}"
misc/SPARK2/Ada-SPARK-Maximum-Product-Subarray,,thinned,8,B,killed,,killed,test_check,"{""tests.adb"": [3, 0, 0], ""own_checks.adb"": [3, 0, 0]}"
misc/SPARK2/Ada-SPARK-Maximum-Product-Subarray,,thinned,9,C,killed,,killed,contract,"{""tests.adb"": [3, 0, 0], ""own_checks.adb"": [3, 0, 0]}"
misc/SPARK2/Ada-SPARK-Maximum-Product-Subarray,,thinned,10,alt,killed,,killed,contract,"{""tests.adb"": [3, 0, 0], ""own_checks.adb"": [3, 0, 0]}"
misc/SPARK2/Ada-SPARK-Maximum-Product-Subarray,,thinned,12,B,killed,,killed,contract,"{""tests.adb"": [3, 0, 0], ""own_checks.adb"": [3, 0, 0]}"
misc/SPARK2/Ada-SPARK-Maximum-Product-Subarray,,thinned,13,C,killed,,killed,contract,"{""tests.adb"": [3, 0, 0], ""own_checks.adb"": [3, 0, 0]}"
misc/SPARK2/Ada-SPARK-Maximum-Product-Subarray,,thinned,14,alt,killed,,killed,contract,"{""tests.adb"": [3, 0, 0], ""own_checks.adb"": [3, 0, 0]}"
misc/SPARK2/Ada-SPARK-Maximum-Product-Subarray,,thinned,16,C,killed,,killed,contract,"{""tests.adb"": [3, 0, 0], ""own_checks.adb"": [3, 0, 0]}"
misc/SPARK2/Ada-SPARK-Maximum-Product-Subarray,,thinned,17,B,killed,,killed,contract,"{""tests.adb"": [3, 0, 0], ""own_checks.adb"": [3, 0, 0]}"
misc/SPARK2/Ada-SPARK-Maximum-Product-Subarray,,thinned,18,alt,killed,,killed,contract,"{""tests.adb"": [3, 0, 0], ""own_checks.adb"": [3, 0, 0]}"
misc/SPARK2/Ada-SPARK-Maximum-Product-Subarray,,thinned,19,B,killed,,killed,test_check,"{""tests.adb"": [3, 0, 0], ""own_checks.adb"": [3, 0, 0]}"
misc/SPARK2/Ada-SPARK-Maximum-Product-Subarray,,thinned,20,C,killed,,killed,test_check,"{""tests.adb"": [3, 0, 0], ""own_checks.adb"": [3, 0, 0]}"
misc/SPARK2/Ada-SPARK-Maximum-Product-Subarray,,thinned,21,B,killed,,killed,contract,"{""tests.adb"": [3, 0, 0], ""own_checks.adb"": [3, 0, 0]}"
misc/SPARK2/Ada-SPARK-Maximum-Product-Subarray,,thinned,22,C,killed,,killed,test_check,"{""tests.adb"": [3, 0, 0], ""own_checks.adb"": [3, 0, 0]}"
misc/SPARK2/Ada-SPARK-Maximum-Product-Subarray,,thinned,23,B,killed,,killed,contract,"{""tests.adb"": [3, 0, 0], ""own_checks.adb"": [3, 0, 0]}"
misc/SPARK2/Ada-SPARK-Maximum-Product-Subarray,,thinned,24,C,killed,,killed,contract,"{""tests.adb"": [3, 0, 0], ""own_checks.adb"": [3, 0, 0]}"
misc/SPARK2/Ada-SPARK-Maximum-Product-Subarray,,thinned,25,B,killed,,killed,runtime_error,"{""tests.adb"": [3, 0, 0], ""own_checks.adb"": [3, 0, 0]}"
misc/SPARK2/Ada-SPARK-Maximum-Product-Subarray,,thinned,26,C,killed,,killed,runtime_error,"{""tests.adb"": [3, 0, 0], ""own_checks.adb"": [3, 0, 0]}"
misc/SPARK2/Ada-SPARK-Maximum-Product-Subarray,,thinned,29,B,killed,,killed,contract,"{""tests.adb"": [3, 0, 0], ""own_checks.adb"": [3, 0, 0]}"
misc/SPARK2/Ada-SPARK-Maximum-Product-Subarray,,thinned,30,B,killed,,killed,contract,"{""tests.adb"": [3, 0, 0], ""own_checks.adb"": [3, 0, 0]}"
misc/SPARK2/Ada-SPARK-Maximum-Product-Subarray,,thinned,31,C,killed,,killed,contract,"{""tests.adb"": [3, 0, 0], ""own_checks.adb"": [3, 0, 0]}"
misc/SPARK2/Ada-SPARK-Maximum-Product-Subarray,,thinned,32,B,killed,,killed,runtime_error,"{""tests.adb"": [3, 0, 0], ""own_checks.adb"": [3, 0, 0]}"
misc/SPARK2/Ada-SPARK-Maximum-Product-Subarray,,thinned,33,C,killed,,killed,contract,"{""tests.adb"": [3, 0, 0], ""own_checks.adb"": [3, 0, 0]}"
misc/SPARK2/Ada-SPARK-Maximum-Product-Subarray,,thinned,35,C,killed,,killed,contract,"{""tests.adb"": [3, 0, 0], ""own_checks.adb"": [3, 0, 0]}"
misc/SPARK2/Ada-SPARK-Maximum-Product-Subarray,,thinned,39,B,killed,,killed,contract,"{""tests.adb"": [3, 0, 0], ""own_checks.adb"": [3, 0, 0]}"
misc/SPARK2/Ada-SPARK-Maximum-Product-Subarray,,thinned,40,B,killed,,killed,contract,"{""tests.adb"": [3, 0, 0], ""own_checks.adb"": [3, 0, 0]}"
misc/SPARK2/Ada-SPARK-Maximum-Product-Subarray,,thinned,44,B,killed,,killed,runtime_error,"{""tests.adb"": [3, 0, 0], ""own_checks.adb"": [3, 0, 0]}"
misc/SPARK2/Ada-SPARK-Maximum-Product-Subarray,,thinned,45,B,killed,,killed,contract,"{""tests.adb"": [3, 0, 0], ""own_checks.adb"": [3, 0, 0]}"
misc/SPARK2/Ada-SPARK-Maximum-Product-Subarray,,thinned,46,B,killed,,killed,contract,"{""tests.adb"": [3, 0, 0], ""own_checks.adb"": [3, 0, 0]}"
misc/SPARK2/Ada-SPARK-Maximum-Product-Subarray,,thinned,47,B,killed,,killed,contract,"{""tests.adb"": [3, 0, 0], ""own_checks.adb"": [3, 0, 0]}"
misc/SPARK2/Ada-SPARK-Maximum-Product-Subarray,,thinned,51,B,killed,,killed,contract,"{""tests.adb"": [3, 0, 0], ""own_checks.adb"": [3, 0, 0]}"
misc/SPARK2/Ada-SPARK-Maximum-Product-Subarray,,thinned,56,B,killed,,killed,contract,"{""tests.adb"": [3, 0, 0], ""own_checks.adb"": [3, 0, 0]}"
misc/SPARK2/Ada-SPARK-Maximum-Product-Subarray,,thinned,58,B,killed,,killed,contract,"{""tests.adb"": [3, 0, 0], ""own_checks.adb"": [3, 0, 0]}"
misc/SPARK2/Ada-SPARK-Maximum-Product-Subarray,,thinned,60,B,killed,,killed,contract,"{""tests.adb"": [3, 0, 0], ""own_checks.adb"": [3, 0, 0]}"
misc/SPARK2/Ada-SPARK-Maximum-Product-Subarray,,thinned,65,B,killed,,killed,test_check,"{""tests.adb"": [3, 0, 0], ""own_checks.adb"": [3, 0, 0]}"
misc/SPARK2/Ada-SPARK-Maximum-Product-Subarray,,thinned,66,B,killed,,killed,runtime_error,"{""tests.adb"": [3, 0, 0], ""own_checks.adb"": [3, 0, 0]}"
misc/SPARK2/Ada-SPARK-Maximum-Product-Subarray,,thinned,68,B,killed,,killed,test_check,"{""tests.adb"": [3, 0, 0], ""own_checks.adb"": [3, 0, 0]}"
misc/SPARK2/Ada-SPARK-Maximum-Product-Subarray,,thinned,70,B,killed,,killed,contract,"{""tests.adb"": [3, 0, 0], ""own_checks.adb"": [3, 0, 0]}"
misc/SPARK2/Ada-SPARK-Maximum-Product-Subarray,,thinned,71,B,killed,,killed,test_check,"{""tests.adb"": [3, 0, 0], ""own_checks.adb"": [3, 0, 0]}"
misc/SPARK2/Ada-SPARK-Maximum-Product-Subarray,,thinned,72,B,killed,,killed,runtime_error,"{""tests.adb"": [3, 0, 0], ""own_checks.adb"": [3, 0, 0]}"
misc/SPARK2/Ada-SPARK-Maximum-Subarray,,full,0,alt,killed,,killed,contract,
misc/SPARK2/Ada-SPARK-Maximum-Subarray,,full,1,ho,killed,,killed,test_check,
misc/SPARK2/Ada-SPARK-Maximum-Subarray,,full,3,C,killed,,killed,contract,
misc/SPARK2/Ada-SPARK-Maximum-Subarray,,full,7,B,killed,,killed,contract,
misc/SPARK2/Ada-SPARK-Maximum-Subarray,,full,8,alt,killed,,killed,contract,
misc/SPARK2/Ada-SPARK-Maximum-Subarray,,full,11,C,killed,,killed,contract,
misc/SPARK2/Ada-SPARK-Maximum-Subarray,,full,12,B,killed,,killed,contract,
misc/SPARK2/Ada-SPARK-Maximum-Subarray,,full,13,alt,killed,,killed,contract,
misc/SPARK2/Ada-SPARK-Maximum-Subarray,,full,14,ho,killed,,killed,test_check,
misc/SPARK2/Ada-SPARK-Maximum-Subarray,,full,16,C,killed,,killed,runtime_error,
misc/SPARK2/Ada-SPARK-Maximum-Subarray,,full,24,alt,killed,,killed,contract,
misc/SPARK2/Ada-SPARK-Maximum-Subarray,,full,27,C,killed,,killed,test_check,
misc/SPARK2/Ada-SPARK-Maximum-Subarray,,full,35,B,killed,,killed,contract,
misc/SPARK2/Ada-SPARK-Maximum-Subarray,,full,36,alt,killed,,killed,contract,
misc/SPARK2/Ada-SPARK-Maximum-Subarray,,full,37,ho,killed,,killed,contract,
misc/SPARK2/Ada-SPARK-Maximum-Subarray,,full,39,C,killed,,killed,contract,
misc/SPARK2/Ada-SPARK-Maximum-Subarray,,full,42,B,killed,,killed,contract,
misc/SPARK2/Ada-SPARK-Maximum-Subarray,,full,43,alt,killed,,killed,runtime_error,
misc/SPARK2/Ada-SPARK-Maximum-Subarray,,full,44,ho,killed,,killed,test_check,
misc/SPARK2/Ada-SPARK-Maximum-Subarray,,full,45,B,killed,,killed,contract,
misc/SPARK2/Ada-SPARK-Maximum-Subarray,,full,46,C,killed,,killed,contract,
misc/SPARK2/Ada-SPARK-Maximum-Subarray,,full,48,ho,killed,,killed,contract,
misc/SPARK2/Ada-SPARK-Maximum-Subarray,,full,55,B,killed,,killed,test_check,
misc/SPARK2/Ada-SPARK-Maximum-Subarray,,full,57,ho,killed,,killed,contract,
misc/SPARK2/Ada-SPARK-Maximum-Subarray,,full,59,C,killed,,killed,contract,
misc/SPARK2/Ada-SPARK-Maximum-Subarray,,full,62,B,killed,,killed,contract,
misc/SPARK2/Ada-SPARK-Maximum-Subarray,,full,63,alt,killed,,killed,contract,
misc/SPARK2/Ada-SPARK-Maximum-Subarray,,full,67,B,killed,,killed,contract,
misc/SPARK2/Ada-SPARK-Maximum-Subarray,,full,68,C,killed,,killed,contract,
misc/SPARK2/Ada-SPARK-Maximum-Subarray,,full,79,B,killed,,killed,test_check,
misc/SPARK2/Ada-SPARK-Maximum-Subarray,,full,80,alt,killed,,killed,contract,
misc/SPARK2/Ada-SPARK-Maximum-Subarray,,full,81,B,killed,,killed,contract,
misc/SPARK2/Ada-SPARK-Maximum-Subarray,,full,83,B,killed,,killed,contract,
misc/SPARK2/Ada-SPARK-Maximum-Subarray,,full,84,alt,killed,,killed,contract,
misc/SPARK2/Ada-SPARK-Maximum-Subarray,,full,87,B,killed,,killed,contract,
misc/SPARK2/Ada-SPARK-Maximum-Subarray,,full,88,alt,killed,,killed,test_check,
misc/SPARK2/Ada-SPARK-Maximum-Subarray,,full,90,B,killed,,killed,test_check,
misc/SPARK2/Ada-SPARK-Maximum-Subarray,,full,91,B,killed,,killed,contract,
misc/SPARK2/Ada-SPARK-Maximum-Subarray,,thinned,0,alt,killed,,killed,contract,"{""tests.adb"": [3, 0, 0], ""own_checks.adb"": [3, 0, 0]}"
misc/SPARK2/Ada-SPARK-Maximum-Subarray,,thinned,1,ho,killed,,killed,test_check,"{""tests.adb"": [3, 0, 0], ""own_checks.adb"": [3, 0, 0]}"
misc/SPARK2/Ada-SPARK-Maximum-Subarray,,thinned,3,C,killed,,killed,contract,"{""tests.adb"": [3, 0, 0], ""own_checks.adb"": [3, 0, 0]}"
misc/SPARK2/Ada-SPARK-Maximum-Subarray,,thinned,7,B,killed,,killed,contract,"{""tests.adb"": [3, 0, 0], ""own_checks.adb"": [3, 0, 0]}"
misc/SPARK2/Ada-SPARK-Maximum-Subarray,,thinned,8,alt,killed,,killed,contract,"{""tests.adb"": [3, 0, 0], ""own_checks.adb"": [3, 0, 0]}"
misc/SPARK2/Ada-SPARK-Maximum-Subarray,,thinned,11,C,killed,,killed,contract,"{""tests.adb"": [3, 0, 0], ""own_checks.adb"": [3, 0, 0]}"
misc/SPARK2/Ada-SPARK-Maximum-Subarray,,thinned,12,B,killed,,killed,contract,"{""tests.adb"": [3, 0, 0], ""own_checks.adb"": [3, 0, 0]}"
misc/SPARK2/Ada-SPARK-Maximum-Subarray,,thinned,13,alt,killed,,killed,contract,"{""tests.adb"": [3, 0, 0], ""own_checks.adb"": [3, 0, 0]}"
misc/SPARK2/Ada-SPARK-Maximum-Subarray,,thinned,14,ho,killed,,killed,test_check,"{""tests.adb"": [3, 0, 0], ""own_checks.adb"": [3, 0, 0]}"
misc/SPARK2/Ada-SPARK-Maximum-Subarray,,thinned,16,C,killed,,killed,runtime_error,"{""tests.adb"": [3, 0, 0], ""own_checks.adb"": [3, 0, 0]}"
misc/SPARK2/Ada-SPARK-Maximum-Subarray,,thinned,24,alt,killed,,killed,contract,"{""tests.adb"": [3, 0, 0], ""own_checks.adb"": [3, 0, 0]}"
misc/SPARK2/Ada-SPARK-Maximum-Subarray,,thinned,27,C,killed,,killed,test_check,"{""tests.adb"": [3, 0, 0], ""own_checks.adb"": [3, 0, 0]}"
misc/SPARK2/Ada-SPARK-Maximum-Subarray,,thinned,35,B,killed,,killed,contract,"{""tests.adb"": [3, 0, 0], ""own_checks.adb"": [3, 0, 0]}"
misc/SPARK2/Ada-SPARK-Maximum-Subarray,,thinned,36,alt,killed,,killed,contract,"{""tests.adb"": [3, 0, 0], ""own_checks.adb"": [3, 0, 0]}"
misc/SPARK2/Ada-SPARK-Maximum-Subarray,,thinned,37,ho,killed,,killed,contract,"{""tests.adb"": [3, 0, 0], ""own_checks.adb"": [3, 0, 0]}"
misc/SPARK2/Ada-SPARK-Maximum-Subarray,,thinned,39,C,killed,,killed,contract,"{""tests.adb"": [3, 0, 0], ""own_checks.adb"": [3, 0, 0]}"
misc/SPARK2/Ada-SPARK-Maximum-Subarray,,thinned,42,B,killed,,killed,contract,"{""tests.adb"": [3, 0, 0], ""own_checks.adb"": [3, 0, 0]}"
misc/SPARK2/Ada-SPARK-Maximum-Subarray,,thinned,43,alt,killed,,killed,runtime_error,"{""tests.adb"": [3, 0, 0], ""own_checks.adb"": [3, 0, 0]}"
misc/SPARK2/Ada-SPARK-Maximum-Subarray,,thinned,44,ho,killed,,killed,test_check,"{""tests.adb"": [3, 0, 0], ""own_checks.adb"": [3, 0, 0]}"
misc/SPARK2/Ada-SPARK-Maximum-Subarray,,thinned,45,B,killed,,killed,contract,"{""tests.adb"": [3, 0, 0], ""own_checks.adb"": [3, 0, 0]}"
misc/SPARK2/Ada-SPARK-Maximum-Subarray,,thinned,46,C,killed,,killed,contract,"{""tests.adb"": [3, 0, 0], ""own_checks.adb"": [3, 0, 0]}"
misc/SPARK2/Ada-SPARK-Maximum-Subarray,,thinned,48,ho,killed,,killed,contract,"{""tests.adb"": [3, 0, 0], ""own_checks.adb"": [3, 0, 0]}"
misc/SPARK2/Ada-SPARK-Maximum-Subarray,,thinned,55,B,killed,,killed,test_check,"{""tests.adb"": [3, 0, 0], ""own_checks.adb"": [3, 0, 0]}"
misc/SPARK2/Ada-SPARK-Maximum-Subarray,,thinned,57,ho,killed,,killed,contract,"{""tests.adb"": [3, 0, 0], ""own_checks.adb"": [3, 0, 0]}"
misc/SPARK2/Ada-SPARK-Maximum-Subarray,,thinned,59,C,killed,,killed,contract,"{""tests.adb"": [3, 0, 0], ""own_checks.adb"": [3, 0, 0]}"
misc/SPARK2/Ada-SPARK-Maximum-Subarray,,thinned,62,B,killed,,killed,contract,"{""tests.adb"": [3, 0, 0], ""own_checks.adb"": [3, 0, 0]}"
misc/SPARK2/Ada-SPARK-Maximum-Subarray,,thinned,63,alt,killed,,killed,contract,"{""tests.adb"": [3, 0, 0], ""own_checks.adb"": [3, 0, 0]}"
misc/SPARK2/Ada-SPARK-Maximum-Subarray,,thinned,67,B,killed,,killed,contract,"{""tests.adb"": [3, 0, 0], ""own_checks.adb"": [3, 0, 0]}"
misc/SPARK2/Ada-SPARK-Maximum-Subarray,,thinned,68,C,killed,,killed,contract,"{""tests.adb"": [3, 0, 0], ""own_checks.adb"": [3, 0, 0]}"
misc/SPARK2/Ada-SPARK-Maximum-Subarray,,thinned,79,B,killed,,killed,test_check,"{""tests.adb"": [3, 0, 0], ""own_checks.adb"": [3, 0, 0]}"
misc/SPARK2/Ada-SPARK-Maximum-Subarray,,thinned,80,alt,killed,,killed,contract,"{""tests.adb"": [3, 0, 0], ""own_checks.adb"": [3, 0, 0]}"
misc/SPARK2/Ada-SPARK-Maximum-Subarray,,thinned,81,B,killed,,killed,contract,"{""tests.adb"": [3, 0, 0], ""own_checks.adb"": [3, 0, 0]}"
misc/SPARK2/Ada-SPARK-Maximum-Subarray,,thinned,83,B,killed,,killed,contract,"{""tests.adb"": [3, 0, 0], ""own_checks.adb"": [3, 0, 0]}"
misc/SPARK2/Ada-SPARK-Maximum-Subarray,,thinned,84,alt,killed,,killed,contract,"{""tests.adb"": [3, 0, 0], ""own_checks.adb"": [3, 0, 0]}"
misc/SPARK2/Ada-SPARK-Maximum-Subarray,,thinned,87,B,killed,,killed,contract,"{""tests.adb"": [3, 0, 0], ""own_checks.adb"": [3, 0, 0]}"
misc/SPARK2/Ada-SPARK-Maximum-Subarray,,thinned,88,alt,killed,,killed,test_check,"{""tests.adb"": [3, 0, 0], ""own_checks.adb"": [3, 0, 0]}"
misc/SPARK2/Ada-SPARK-Maximum-Subarray,,thinned,90,B,killed,,killed,test_check,"{""tests.adb"": [3, 0, 0], ""own_checks.adb"": [3, 0, 0]}"
misc/SPARK2/Ada-SPARK-Maximum-Subarray,,thinned,91,B,killed,,killed,contract,"{""tests.adb"": [3, 0, 0], ""own_checks.adb"": [3, 0, 0]}"
misc/SPARK2/Ada-SPARK-Mean-Variance,,full,0,alt,killed,,killed,runtime_error,
misc/SPARK2/Ada-SPARK-Mean-Variance,,full,1,ho,killed,,killed,runtime_error,
misc/SPARK2/Ada-SPARK-Mean-Variance,,full,2,B,killed,,killed,runtime_error,
misc/SPARK2/Ada-SPARK-Mean-Variance,,full,3,C,killed,,killed,runtime_error,
misc/SPARK2/Ada-SPARK-Mean-Variance,,full,4,ho,killed,,killed,runtime_error,
misc/SPARK2/Ada-SPARK-Mean-Variance,,full,5,B,killed,,killed,test_check,
misc/SPARK2/Ada-SPARK-Mean-Variance,,full,6,B,killed,,killed,runtime_error,
misc/SPARK2/Ada-SPARK-Mean-Variance,,full,9,B,killed,,killed,test_check,
misc/SPARK2/Ada-SPARK-Mean-Variance,,full,12,B,killed,,killed,test_check,
misc/SPARK2/Ada-SPARK-Mean-Variance,,full,15,B,killed,,killed,test_check,
misc/SPARK2/Ada-SPARK-Mean-Variance,,full,16,B,killed,,killed,test_check,
misc/SPARK2/Ada-SPARK-Mean-Variance,,full,20,B,killed,,killed,runtime_error,
misc/SPARK2/Ada-SPARK-Mean-Variance,,full,21,B,killed,,killed,runtime_error,
misc/SPARK2/Ada-SPARK-Mean-Variance,,full,25,B,killed,,killed,test_check,
misc/SPARK2/Ada-SPARK-Mean-Variance,,full,26,B,killed,,killed,runtime_error,
misc/SPARK2/Ada-SPARK-Mean-Variance,,full,29,B,killed,,killed,contract,
misc/SPARK2/Ada-SPARK-Mean-Variance,,full,31,B,killed,,killed,test_check,
misc/SPARK2/Ada-SPARK-Mean-Variance,,full,32,B,killed,,killed,runtime_error,
misc/SPARK2/Ada-SPARK-Mean-Variance,,full,33,B,killed,,killed,test_check,
misc/SPARK2/Ada-SPARK-Mean-Variance,,full,38,B,killed,,killed,runtime_error,
misc/SPARK2/Ada-SPARK-Mean-Variance,,full,40,B,killed,,killed,runtime_error,
misc/SPARK2/Ada-SPARK-Mean-Variance,,full,42,B,killed,,killed,runtime_error,
misc/SPARK2/Ada-SPARK-Mean-Variance,,thinned,0,alt,killed,,killed,runtime_error,"{""tests.adb"": [0, 0, 0], ""own_checks.adb"": [2, 1, 1]}"
misc/SPARK2/Ada-SPARK-Mean-Variance,,thinned,1,ho,killed,,killed,runtime_error,"{""tests.adb"": [0, 0, 0], ""own_checks.adb"": [2, 1, 1]}"
misc/SPARK2/Ada-SPARK-Mean-Variance,,thinned,2,B,killed,,killed,runtime_error,"{""tests.adb"": [0, 0, 0], ""own_checks.adb"": [2, 1, 1]}"
misc/SPARK2/Ada-SPARK-Mean-Variance,,thinned,3,C,killed,,killed,runtime_error,"{""tests.adb"": [0, 0, 0], ""own_checks.adb"": [2, 1, 1]}"
misc/SPARK2/Ada-SPARK-Mean-Variance,,thinned,4,ho,killed,,killed,runtime_error,"{""tests.adb"": [0, 0, 0], ""own_checks.adb"": [2, 1, 1]}"
misc/SPARK2/Ada-SPARK-Mean-Variance,,thinned,5,B,killed,,killed,test_check,"{""tests.adb"": [0, 0, 0], ""own_checks.adb"": [2, 1, 1]}"
misc/SPARK2/Ada-SPARK-Mean-Variance,,thinned,6,B,killed,,killed,runtime_error,"{""tests.adb"": [0, 0, 0], ""own_checks.adb"": [2, 1, 1]}"
misc/SPARK2/Ada-SPARK-Mean-Variance,,thinned,9,B,killed,,killed,test_check,"{""tests.adb"": [0, 0, 0], ""own_checks.adb"": [2, 1, 1]}"
misc/SPARK2/Ada-SPARK-Mean-Variance,,thinned,12,B,killed,,killed,test_check,"{""tests.adb"": [0, 0, 0], ""own_checks.adb"": [2, 1, 1]}"
misc/SPARK2/Ada-SPARK-Mean-Variance,,thinned,15,B,killed,,killed,test_check,"{""tests.adb"": [0, 0, 0], ""own_checks.adb"": [2, 1, 1]}"
misc/SPARK2/Ada-SPARK-Mean-Variance,,thinned,16,B,killed,,killed,test_check,"{""tests.adb"": [0, 0, 0], ""own_checks.adb"": [2, 1, 1]}"
misc/SPARK2/Ada-SPARK-Mean-Variance,,thinned,20,B,killed,,killed,runtime_error,"{""tests.adb"": [0, 0, 0], ""own_checks.adb"": [2, 1, 1]}"
misc/SPARK2/Ada-SPARK-Mean-Variance,,thinned,21,B,killed,,killed,runtime_error,"{""tests.adb"": [0, 0, 0], ""own_checks.adb"": [2, 1, 1]}"
misc/SPARK2/Ada-SPARK-Mean-Variance,,thinned,25,B,killed,,killed,test_check,"{""tests.adb"": [0, 0, 0], ""own_checks.adb"": [2, 1, 1]}"
misc/SPARK2/Ada-SPARK-Mean-Variance,,thinned,26,B,killed,,killed,runtime_error,"{""tests.adb"": [0, 0, 0], ""own_checks.adb"": [2, 1, 1]}"
misc/SPARK2/Ada-SPARK-Mean-Variance,,thinned,29,B,killed,,killed,contract,"{""tests.adb"": [0, 0, 0], ""own_checks.adb"": [2, 1, 1]}"
misc/SPARK2/Ada-SPARK-Mean-Variance,,thinned,31,B,killed,,killed,test_check,"{""tests.adb"": [0, 0, 0], ""own_checks.adb"": [2, 1, 1]}"
misc/SPARK2/Ada-SPARK-Mean-Variance,,thinned,32,B,killed,,killed,runtime_error,"{""tests.adb"": [0, 0, 0], ""own_checks.adb"": [2, 1, 1]}"
misc/SPARK2/Ada-SPARK-Mean-Variance,,thinned,33,B,killed,,killed,test_check,"{""tests.adb"": [0, 0, 0], ""own_checks.adb"": [2, 1, 1]}"
misc/SPARK2/Ada-SPARK-Mean-Variance,,thinned,38,B,killed,,killed,runtime_error,"{""tests.adb"": [0, 0, 0], ""own_checks.adb"": [2, 1, 1]}"
misc/SPARK2/Ada-SPARK-Mean-Variance,,thinned,40,B,killed,,killed,runtime_error,"{""tests.adb"": [0, 0, 0], ""own_checks.adb"": [2, 1, 1]}"
misc/SPARK2/Ada-SPARK-Mean-Variance,,thinned,42,B,killed,,killed,runtime_error,"{""tests.adb"": [0, 0, 0], ""own_checks.adb"": [2, 1, 1]}"
misc/SPARK2/Ada-SPARK-Min-Cost-Climbing-Stairs,,full,0,alt,killed,,killed,contract,
misc/SPARK2/Ada-SPARK-Min-Cost-Climbing-Stairs,,full,1,B,killed,,killed,contract,
misc/SPARK2/Ada-SPARK-Min-Cost-Climbing-Stairs,,full,2,C,killed,,killed,contract,
misc/SPARK2/Ada-SPARK-Min-Cost-Climbing-Stairs,,full,3,alt,killed,,killed,contract,
misc/SPARK2/Ada-SPARK-Min-Cost-Climbing-Stairs,,full,5,C,killed,,killed,runtime_error,
misc/SPARK2/Ada-SPARK-Min-Cost-Climbing-Stairs,,full,9,B,killed,,killed,contract,
misc/SPARK2/Ada-SPARK-Min-Cost-Climbing-Stairs,,full,12,B,killed,,killed,contract,
misc/SPARK2/Ada-SPARK-Min-Cost-Climbing-Stairs,,full,13,C,killed,,killed,contract,
misc/SPARK2/Ada-SPARK-Min-Cost-Climbing-Stairs,,full,14,B,killed,,killed,contract,
misc/SPARK2/Ada-SPARK-Min-Cost-Climbing-Stairs,,full,17,B,killed,,killed,contract,
misc/SPARK2/Ada-SPARK-Min-Cost-Climbing-Stairs,,full,18,B,killed,,killed,contract,
misc/SPARK2/Ada-SPARK-Min-Cost-Climbing-Stairs,,full,19,B,killed,,killed,contract,
misc/SPARK2/Ada-SPARK-Min-Cost-Climbing-Stairs,,full,21,B,killed,,killed,contract,
misc/SPARK2/Ada-SPARK-Min-Cost-Climbing-Stairs,,full,24,B,killed,,killed,contract,
misc/SPARK2/Ada-SPARK-Min-Cost-Climbing-Stairs,,full,25,B,killed,,killed,contract,
misc/SPARK2/Ada-SPARK-Min-Cost-Climbing-Stairs,,full,28,B,killed,proof,survived,,
misc/SPARK2/Ada-SPARK-Min-Cost-Climbing-Stairs,,thinned,0,alt,killed,,killed,contract,"{""tests.adb"": [0, 0, 0], ""own_checks.adb"": [3, 0, 0]}"
misc/SPARK2/Ada-SPARK-Min-Cost-Climbing-Stairs,,thinned,1,B,killed,,killed,contract,"{""tests.adb"": [0, 0, 0], ""own_checks.adb"": [3, 0, 0]}"
misc/SPARK2/Ada-SPARK-Min-Cost-Climbing-Stairs,,thinned,2,C,killed,,killed,contract,"{""tests.adb"": [0, 0, 0], ""own_checks.adb"": [3, 0, 0]}"
misc/SPARK2/Ada-SPARK-Min-Cost-Climbing-Stairs,,thinned,3,alt,killed,,killed,contract,"{""tests.adb"": [0, 0, 0], ""own_checks.adb"": [3, 0, 0]}"
misc/SPARK2/Ada-SPARK-Min-Cost-Climbing-Stairs,,thinned,5,C,killed,,killed,runtime_error,"{""tests.adb"": [0, 0, 0], ""own_checks.adb"": [3, 0, 0]}"
misc/SPARK2/Ada-SPARK-Min-Cost-Climbing-Stairs,,thinned,9,B,killed,,killed,contract,"{""tests.adb"": [0, 0, 0], ""own_checks.adb"": [3, 0, 0]}"
misc/SPARK2/Ada-SPARK-Min-Cost-Climbing-Stairs,,thinned,12,B,killed,,killed,contract,"{""tests.adb"": [0, 0, 0], ""own_checks.adb"": [3, 0, 0]}"
misc/SPARK2/Ada-SPARK-Min-Cost-Climbing-Stairs,,thinned,13,C,killed,,killed,contract,"{""tests.adb"": [0, 0, 0], ""own_checks.adb"": [3, 0, 0]}"
misc/SPARK2/Ada-SPARK-Min-Cost-Climbing-Stairs,,thinned,14,B,killed,,killed,contract,"{""tests.adb"": [0, 0, 0], ""own_checks.adb"": [3, 0, 0]}"
misc/SPARK2/Ada-SPARK-Min-Cost-Climbing-Stairs,,thinned,17,B,killed,,killed,contract,"{""tests.adb"": [0, 0, 0], ""own_checks.adb"": [3, 0, 0]}"
misc/SPARK2/Ada-SPARK-Min-Cost-Climbing-Stairs,,thinned,18,B,killed,,killed,contract,"{""tests.adb"": [0, 0, 0], ""own_checks.adb"": [3, 0, 0]}"
misc/SPARK2/Ada-SPARK-Min-Cost-Climbing-Stairs,,thinned,19,B,killed,,killed,contract,"{""tests.adb"": [0, 0, 0], ""own_checks.adb"": [3, 0, 0]}"
misc/SPARK2/Ada-SPARK-Min-Cost-Climbing-Stairs,,thinned,21,B,killed,,killed,contract,"{""tests.adb"": [0, 0, 0], ""own_checks.adb"": [3, 0, 0]}"
misc/SPARK2/Ada-SPARK-Min-Cost-Climbing-Stairs,,thinned,24,B,killed,,killed,contract,"{""tests.adb"": [0, 0, 0], ""own_checks.adb"": [3, 0, 0]}"
misc/SPARK2/Ada-SPARK-Min-Cost-Climbing-Stairs,,thinned,25,B,killed,,killed,contract,"{""tests.adb"": [0, 0, 0], ""own_checks.adb"": [3, 0, 0]}"
misc/SPARK2/Ada-SPARK-Min-Cost-Climbing-Stairs,,thinned,28,B,killed,proof,survived,,"{""tests.adb"": [0, 0, 0], ""own_checks.adb"": [3, 0, 0]}"
misc/SPARK2/Ada-SPARK-Maximum-Subarray,20264051,full,0,std,killed,,killed,test_check,
misc/SPARK2/Ada-SPARK-Maximum-Subarray,20264051,full,1,alt,killed,,killed,contract,
misc/SPARK2/Ada-SPARK-Maximum-Subarray,20264051,full,2,ho,killed,,killed,test_check,
misc/SPARK2/Ada-SPARK-Maximum-Subarray,20264051,full,3,B,killed,,killed,contract,
misc/SPARK2/Ada-SPARK-Maximum-Subarray,20264051,full,4,C,killed,,killed,runtime_error,
misc/SPARK2/Ada-SPARK-Maximum-Subarray,20264051,full,5,alt,killed,,killed,contract,
misc/SPARK2/Ada-SPARK-Maximum-Subarray,20264051,full,7,B,killed,,killed,contract,
misc/SPARK2/Ada-SPARK-Maximum-Subarray,20264051,full,8,C,killed,,killed,contract,
misc/SPARK2/Ada-SPARK-Maximum-Subarray,20264051,full,9,alt,killed,,killed,contract,
misc/SPARK2/Ada-SPARK-Maximum-Subarray,20264051,full,11,C,killed,,killed,contract,
misc/SPARK2/Ada-SPARK-Maximum-Subarray,20264051,full,15,B,killed,,killed,contract,
misc/SPARK2/Ada-SPARK-Maximum-Subarray,20264051,full,16,alt,killed,,killed,contract,
misc/SPARK2/Ada-SPARK-Maximum-Subarray,20264051,full,19,B,killed,,killed,contract,
misc/SPARK2/Ada-SPARK-Maximum-Subarray,20264051,full,22,alt,killed,,killed,contract,
misc/SPARK2/Ada-SPARK-Maximum-Subarray,20264051,full,24,B,killed,,killed,contract,
misc/SPARK2/Ada-SPARK-Maximum-Subarray,20264051,full,25,alt,killed,,killed,contract,
misc/SPARK2/Ada-SPARK-Maximum-Subarray,20264051,full,26,B,killed,,killed,contract,
misc/SPARK2/Ada-SPARK-Maximum-Subarray,20264051,full,30,B,killed,,killed,contract,
misc/SPARK2/Ada-SPARK-Maximum-Subarray,20264051,full,31,B,killed,,killed,runtime_error,
misc/SPARK2/Ada-SPARK-Maximum-Subarray,20264051,full,34,B,killed,,killed,test_check,
misc/SPARK2/Ada-SPARK-Maximum-Subarray,20264051,full,41,B,killed,,killed,contract,
misc/SPARK2/Ada-SPARK-Maximum-Subarray,20264051,full,42,B,killed,,killed,contract,
misc/SPARK2/Ada-SPARK-Maximum-Subarray,20264051,full,44,B,killed,,killed,contract,
misc/SPARK2/Ada-SPARK-Maximum-Subarray,20264051,full,45,B,killed,,killed,contract,
misc/SPARK2/Ada-SPARK-Maximum-Subarray,20264051,full,46,B,killed,,killed,contract,
misc/SPARK2/Ada-SPARK-Maximum-Subarray,20264051,full,50,B,killed,,killed,contract,
misc/SPARK2/Ada-SPARK-Maximum-Subarray,20264051,full,52,B,killed,,killed,test_check,
misc/SPARK2/Ada-SPARK-Maximum-Subarray,20264051,thinned,0,std,killed,,killed,test_check,"{""tests.adb"": [3, 0, 0], ""own_checks.adb"": [3, 0, 0]}"
misc/SPARK2/Ada-SPARK-Maximum-Subarray,20264051,thinned,1,alt,killed,,killed,contract,"{""tests.adb"": [3, 0, 0], ""own_checks.adb"": [3, 0, 0]}"
misc/SPARK2/Ada-SPARK-Maximum-Subarray,20264051,thinned,2,ho,killed,,killed,test_check,"{""tests.adb"": [3, 0, 0], ""own_checks.adb"": [3, 0, 0]}"
misc/SPARK2/Ada-SPARK-Maximum-Subarray,20264051,thinned,3,B,killed,,killed,contract,"{""tests.adb"": [3, 0, 0], ""own_checks.adb"": [3, 0, 0]}"
misc/SPARK2/Ada-SPARK-Maximum-Subarray,20264051,thinned,4,C,killed,,killed,runtime_error,"{""tests.adb"": [3, 0, 0], ""own_checks.adb"": [3, 0, 0]}"
misc/SPARK2/Ada-SPARK-Maximum-Subarray,20264051,thinned,5,alt,killed,,killed,contract,"{""tests.adb"": [3, 0, 0], ""own_checks.adb"": [3, 0, 0]}"
misc/SPARK2/Ada-SPARK-Maximum-Subarray,20264051,thinned,7,B,killed,,killed,contract,"{""tests.adb"": [3, 0, 0], ""own_checks.adb"": [3, 0, 0]}"
misc/SPARK2/Ada-SPARK-Maximum-Subarray,20264051,thinned,8,C,killed,,killed,contract,"{""tests.adb"": [3, 0, 0], ""own_checks.adb"": [3, 0, 0]}"
misc/SPARK2/Ada-SPARK-Maximum-Subarray,20264051,thinned,9,alt,killed,,killed,contract,"{""tests.adb"": [3, 0, 0], ""own_checks.adb"": [3, 0, 0]}"
misc/SPARK2/Ada-SPARK-Maximum-Subarray,20264051,thinned,11,C,killed,,killed,contract,"{""tests.adb"": [3, 0, 0], ""own_checks.adb"": [3, 0, 0]}"
misc/SPARK2/Ada-SPARK-Maximum-Subarray,20264051,thinned,15,B,killed,,killed,contract,"{""tests.adb"": [3, 0, 0], ""own_checks.adb"": [3, 0, 0]}"
misc/SPARK2/Ada-SPARK-Maximum-Subarray,20264051,thinned,16,alt,killed,,killed,contract,"{""tests.adb"": [3, 0, 0], ""own_checks.adb"": [3, 0, 0]}"
misc/SPARK2/Ada-SPARK-Maximum-Subarray,20264051,thinned,19,B,killed,,killed,contract,"{""tests.adb"": [3, 0, 0], ""own_checks.adb"": [3, 0, 0]}"
misc/SPARK2/Ada-SPARK-Maximum-Subarray,20264051,thinned,22,alt,killed,,killed,contract,"{""tests.adb"": [3, 0, 0], ""own_checks.adb"": [3, 0, 0]}"
misc/SPARK2/Ada-SPARK-Maximum-Subarray,20264051,thinned,24,B,killed,,killed,contract,"{""tests.adb"": [3, 0, 0], ""own_checks.adb"": [3, 0, 0]}"
misc/SPARK2/Ada-SPARK-Maximum-Subarray,20264051,thinned,25,alt,killed,,killed,contract,"{""tests.adb"": [3, 0, 0], ""own_checks.adb"": [3, 0, 0]}"
misc/SPARK2/Ada-SPARK-Maximum-Subarray,20264051,thinned,26,B,killed,,killed,contract,"{""tests.adb"": [3, 0, 0], ""own_checks.adb"": [3, 0, 0]}"
misc/SPARK2/Ada-SPARK-Maximum-Subarray,20264051,thinned,30,B,killed,,killed,contract,"{""tests.adb"": [3, 0, 0], ""own_checks.adb"": [3, 0, 0]}"
misc/SPARK2/Ada-SPARK-Maximum-Subarray,20264051,thinned,31,B,killed,,killed,runtime_error,"{""tests.adb"": [3, 0, 0], ""own_checks.adb"": [3, 0, 0]}"
misc/SPARK2/Ada-SPARK-Maximum-Subarray,20264051,thinned,34,B,killed,,killed,test_check,"{""tests.adb"": [3, 0, 0], ""own_checks.adb"": [3, 0, 0]}"
misc/SPARK2/Ada-SPARK-Maximum-Subarray,20264051,thinned,41,B,killed,,killed,contract,"{""tests.adb"": [3, 0, 0], ""own_checks.adb"": [3, 0, 0]}"
misc/SPARK2/Ada-SPARK-Maximum-Subarray,20264051,thinned,42,B,killed,,killed,contract,"{""tests.adb"": [3, 0, 0], ""own_checks.adb"": [3, 0, 0]}"
misc/SPARK2/Ada-SPARK-Maximum-Subarray,20264051,thinned,44,B,killed,,killed,contract,"{""tests.adb"": [3, 0, 0], ""own_checks.adb"": [3, 0, 0]}"
misc/SPARK2/Ada-SPARK-Maximum-Subarray,20264051,thinned,45,B,killed,,killed,contract,"{""tests.adb"": [3, 0, 0], ""own_checks.adb"": [3, 0, 0]}"
misc/SPARK2/Ada-SPARK-Maximum-Subarray,20264051,thinned,46,B,killed,,killed,contract,"{""tests.adb"": [3, 0, 0], ""own_checks.adb"": [3, 0, 0]}"
misc/SPARK2/Ada-SPARK-Maximum-Subarray,20264051,thinned,50,B,killed,,killed,contract,"{""tests.adb"": [3, 0, 0], ""own_checks.adb"": [3, 0, 0]}"
misc/SPARK2/Ada-SPARK-Maximum-Subarray,20264051,thinned,52,B,killed,,killed,test_check,"{""tests.adb"": [3, 0, 0], ""own_checks.adb"": [3, 0, 0]}"
misc/SPARK2/Ada-SPARK-Maximum-Product-Subarray,20264052,full,0,std,killed,,killed,contract,
misc/SPARK2/Ada-SPARK-Maximum-Product-Subarray,20264052,full,1,alt,killed,,killed,contract,
misc/SPARK2/Ada-SPARK-Maximum-Product-Subarray,20264052,full,2,ho,killed,,killed,contract,
misc/SPARK2/Ada-SPARK-Maximum-Product-Subarray,20264052,full,3,B,killed,,killed,contract,
misc/SPARK2/Ada-SPARK-Maximum-Product-Subarray,20264052,full,4,C,killed,,killed,contract,
misc/SPARK2/Ada-SPARK-Maximum-Product-Subarray,20264052,full,5,std,killed,proof,survived,,
misc/SPARK2/Ada-SPARK-Maximum-Product-Subarray,20264052,full,6,alt,killed,proof,survived,,
misc/SPARK2/Ada-SPARK-Maximum-Product-Subarray,20264052,full,7,ho,killed,,killed,contract,
misc/SPARK2/Ada-SPARK-Maximum-Product-Subarray,20264052,full,9,C,killed,,killed,contract,
misc/SPARK2/Ada-SPARK-Maximum-Product-Subarray,20264052,full,11,alt,killed,,killed,test_check,
misc/SPARK2/Ada-SPARK-Maximum-Product-Subarray,20264052,full,12,ho,killed,,killed,contract,
misc/SPARK2/Ada-SPARK-Maximum-Product-Subarray,20264052,full,13,B,killed,,killed,contract,
misc/SPARK2/Ada-SPARK-Maximum-Product-Subarray,20264052,full,14,C,killed,,killed,contract,
misc/SPARK2/Ada-SPARK-Maximum-Product-Subarray,20264052,full,15,alt,killed,,killed,contract,
misc/SPARK2/Ada-SPARK-Maximum-Product-Subarray,20264052,full,16,ho,killed,,killed,contract,
misc/SPARK2/Ada-SPARK-Maximum-Product-Subarray,20264052,full,17,B,killed,,killed,runtime_error,
misc/SPARK2/Ada-SPARK-Maximum-Product-Subarray,20264052,full,18,C,killed,,killed,contract,
misc/SPARK2/Ada-SPARK-Maximum-Product-Subarray,20264052,full,19,alt,killed,proof,survived,,
misc/SPARK2/Ada-SPARK-Maximum-Product-Subarray,20264052,full,20,ho,killed,,killed,contract,
misc/SPARK2/Ada-SPARK-Maximum-Product-Subarray,20264052,full,21,B,killed,,killed,contract,
misc/SPARK2/Ada-SPARK-Maximum-Product-Subarray,20264052,full,22,C,killed,,killed,test_check,
misc/SPARK2/Ada-SPARK-Maximum-Product-Subarray,20264052,full,23,alt,killed,,killed,contract,
misc/SPARK2/Ada-SPARK-Maximum-Product-Subarray,20264052,full,25,C,killed,,killed,runtime_error,
misc/SPARK2/Ada-SPARK-Maximum-Product-Subarray,20264052,full,26,B,killed,,killed,contract,
misc/SPARK2/Ada-SPARK-Maximum-Product-Subarray,20264052,full,27,alt,killed,,killed,contract,
misc/SPARK2/Ada-SPARK-Maximum-Product-Subarray,20264052,full,28,B,killed,,killed,contract,
misc/SPARK2/Ada-SPARK-Maximum-Product-Subarray,20264052,full,29,alt,killed,,killed,contract,
misc/SPARK2/Ada-SPARK-Maximum-Product-Subarray,20264052,full,30,B,killed,,killed,contract,
misc/SPARK2/Ada-SPARK-Maximum-Product-Subarray,20264052,full,31,alt,killed,proof,survived,,
misc/SPARK2/Ada-SPARK-Maximum-Product-Subarray,20264052,full,32,B,killed,,killed,test_check,
misc/SPARK2/Ada-SPARK-Maximum-Product-Subarray,20264052,full,33,alt,killed,,killed,contract,
misc/SPARK2/Ada-SPARK-Maximum-Product-Subarray,20264052,full,35,B,killed,,killed,contract,
misc/SPARK2/Ada-SPARK-Maximum-Product-Subarray,20264052,full,36,alt,killed,,killed,contract,
misc/SPARK2/Ada-SPARK-Maximum-Product-Subarray,20264052,full,37,B,killed,,killed,contract,
misc/SPARK2/Ada-SPARK-Maximum-Product-Subarray,20264052,full,38,alt,killed,,killed,runtime_error,
misc/SPARK2/Ada-SPARK-Maximum-Product-Subarray,20264052,full,43,B,killed,,killed,runtime_error,
misc/SPARK2/Ada-SPARK-Maximum-Product-Subarray,20264052,full,44,alt,killed,,killed,contract,
misc/SPARK2/Ada-SPARK-Maximum-Product-Subarray,20264052,full,46,B,killed,,killed,test_check,
misc/SPARK2/Ada-SPARK-Maximum-Product-Subarray,20264052,full,48,B,killed,,killed,contract,
misc/SPARK2/Ada-SPARK-Maximum-Product-Subarray,20264052,full,49,alt,killed,proof,survived,,
misc/SPARK2/Ada-SPARK-Maximum-Product-Subarray,20264052,full,50,alt,killed,,killed,contract,
misc/SPARK2/Ada-SPARK-Maximum-Product-Subarray,20264052,full,51,B,killed,,killed,contract,
misc/SPARK2/Ada-SPARK-Maximum-Product-Subarray,20264052,full,53,B,killed,,killed,contract,
misc/SPARK2/Ada-SPARK-Maximum-Product-Subarray,20264052,full,54,alt,killed,,killed,contract,
misc/SPARK2/Ada-SPARK-Maximum-Product-Subarray,20264052,full,58,B,killed,,killed,runtime_error,
misc/SPARK2/Ada-SPARK-Maximum-Product-Subarray,20264052,full,60,B,killed,,killed,contract,
misc/SPARK2/Ada-SPARK-Maximum-Product-Subarray,20264052,thinned,0,std,killed,,killed,contract,"{""tests.adb"": [3, 0, 0], ""own_checks.adb"": [3, 0, 0]}"
misc/SPARK2/Ada-SPARK-Maximum-Product-Subarray,20264052,thinned,1,alt,killed,,killed,contract,"{""tests.adb"": [3, 0, 0], ""own_checks.adb"": [3, 0, 0]}"
misc/SPARK2/Ada-SPARK-Maximum-Product-Subarray,20264052,thinned,2,ho,killed,,killed,contract,"{""tests.adb"": [3, 0, 0], ""own_checks.adb"": [3, 0, 0]}"
misc/SPARK2/Ada-SPARK-Maximum-Product-Subarray,20264052,thinned,3,B,killed,,killed,contract,"{""tests.adb"": [3, 0, 0], ""own_checks.adb"": [3, 0, 0]}"
misc/SPARK2/Ada-SPARK-Maximum-Product-Subarray,20264052,thinned,4,C,killed,,killed,contract,"{""tests.adb"": [3, 0, 0], ""own_checks.adb"": [3, 0, 0]}"
misc/SPARK2/Ada-SPARK-Maximum-Product-Subarray,20264052,thinned,5,std,killed,proof,survived,,"{""tests.adb"": [3, 0, 0], ""own_checks.adb"": [3, 0, 0]}"
misc/SPARK2/Ada-SPARK-Maximum-Product-Subarray,20264052,thinned,6,alt,killed,proof,survived,,"{""tests.adb"": [3, 0, 0], ""own_checks.adb"": [3, 0, 0]}"
misc/SPARK2/Ada-SPARK-Maximum-Product-Subarray,20264052,thinned,7,ho,killed,,killed,contract,"{""tests.adb"": [3, 0, 0], ""own_checks.adb"": [3, 0, 0]}"
misc/SPARK2/Ada-SPARK-Maximum-Product-Subarray,20264052,thinned,9,C,killed,,killed,contract,"{""tests.adb"": [3, 0, 0], ""own_checks.adb"": [3, 0, 0]}"
misc/SPARK2/Ada-SPARK-Maximum-Product-Subarray,20264052,thinned,11,alt,killed,,killed,test_check,"{""tests.adb"": [3, 0, 0], ""own_checks.adb"": [3, 0, 0]}"
misc/SPARK2/Ada-SPARK-Maximum-Product-Subarray,20264052,thinned,12,ho,killed,,killed,contract,"{""tests.adb"": [3, 0, 0], ""own_checks.adb"": [3, 0, 0]}"
misc/SPARK2/Ada-SPARK-Maximum-Product-Subarray,20264052,thinned,13,B,killed,,killed,contract,"{""tests.adb"": [3, 0, 0], ""own_checks.adb"": [3, 0, 0]}"
misc/SPARK2/Ada-SPARK-Maximum-Product-Subarray,20264052,thinned,14,C,killed,,killed,contract,"{""tests.adb"": [3, 0, 0], ""own_checks.adb"": [3, 0, 0]}"
misc/SPARK2/Ada-SPARK-Maximum-Product-Subarray,20264052,thinned,15,alt,killed,,killed,contract,"{""tests.adb"": [3, 0, 0], ""own_checks.adb"": [3, 0, 0]}"
misc/SPARK2/Ada-SPARK-Maximum-Product-Subarray,20264052,thinned,16,ho,killed,,killed,contract,"{""tests.adb"": [3, 0, 0], ""own_checks.adb"": [3, 0, 0]}"
misc/SPARK2/Ada-SPARK-Maximum-Product-Subarray,20264052,thinned,17,B,killed,,killed,runtime_error,"{""tests.adb"": [3, 0, 0], ""own_checks.adb"": [3, 0, 0]}"
misc/SPARK2/Ada-SPARK-Maximum-Product-Subarray,20264052,thinned,18,C,killed,,killed,contract,"{""tests.adb"": [3, 0, 0], ""own_checks.adb"": [3, 0, 0]}"
misc/SPARK2/Ada-SPARK-Maximum-Product-Subarray,20264052,thinned,19,alt,killed,proof,survived,,"{""tests.adb"": [3, 0, 0], ""own_checks.adb"": [3, 0, 0]}"
misc/SPARK2/Ada-SPARK-Maximum-Product-Subarray,20264052,thinned,20,ho,killed,,killed,contract,"{""tests.adb"": [3, 0, 0], ""own_checks.adb"": [3, 0, 0]}"
misc/SPARK2/Ada-SPARK-Maximum-Product-Subarray,20264052,thinned,21,B,killed,,killed,contract,"{""tests.adb"": [3, 0, 0], ""own_checks.adb"": [3, 0, 0]}"
misc/SPARK2/Ada-SPARK-Maximum-Product-Subarray,20264052,thinned,22,C,killed,,killed,test_check,"{""tests.adb"": [3, 0, 0], ""own_checks.adb"": [3, 0, 0]}"
misc/SPARK2/Ada-SPARK-Maximum-Product-Subarray,20264052,thinned,23,alt,killed,,killed,contract,"{""tests.adb"": [3, 0, 0], ""own_checks.adb"": [3, 0, 0]}"
misc/SPARK2/Ada-SPARK-Maximum-Product-Subarray,20264052,thinned,25,C,killed,,killed,runtime_error,"{""tests.adb"": [3, 0, 0], ""own_checks.adb"": [3, 0, 0]}"
misc/SPARK2/Ada-SPARK-Maximum-Product-Subarray,20264052,thinned,26,B,killed,,killed,contract,"{""tests.adb"": [3, 0, 0], ""own_checks.adb"": [3, 0, 0]}"
misc/SPARK2/Ada-SPARK-Maximum-Product-Subarray,20264052,thinned,27,alt,killed,,killed,contract,"{""tests.adb"": [3, 0, 0], ""own_checks.adb"": [3, 0, 0]}"
misc/SPARK2/Ada-SPARK-Maximum-Product-Subarray,20264052,thinned,28,B,killed,,killed,contract,"{""tests.adb"": [3, 0, 0], ""own_checks.adb"": [3, 0, 0]}"
misc/SPARK2/Ada-SPARK-Maximum-Product-Subarray,20264052,thinned,29,alt,killed,,killed,contract,"{""tests.adb"": [3, 0, 0], ""own_checks.adb"": [3, 0, 0]}"
misc/SPARK2/Ada-SPARK-Maximum-Product-Subarray,20264052,thinned,30,B,killed,,killed,contract,"{""tests.adb"": [3, 0, 0], ""own_checks.adb"": [3, 0, 0]}"
misc/SPARK2/Ada-SPARK-Maximum-Product-Subarray,20264052,thinned,31,alt,killed,proof,survived,,"{""tests.adb"": [3, 0, 0], ""own_checks.adb"": [3, 0, 0]}"
misc/SPARK2/Ada-SPARK-Maximum-Product-Subarray,20264052,thinned,32,B,killed,,killed,test_check,"{""tests.adb"": [3, 0, 0], ""own_checks.adb"": [3, 0, 0]}"
misc/SPARK2/Ada-SPARK-Maximum-Product-Subarray,20264052,thinned,33,alt,killed,,killed,contract,"{""tests.adb"": [3, 0, 0], ""own_checks.adb"": [3, 0, 0]}"
misc/SPARK2/Ada-SPARK-Maximum-Product-Subarray,20264052,thinned,35,B,killed,,killed,contract,"{""tests.adb"": [3, 0, 0], ""own_checks.adb"": [3, 0, 0]}"
misc/SPARK2/Ada-SPARK-Maximum-Product-Subarray,20264052,thinned,36,alt,killed,,killed,contract,"{""tests.adb"": [3, 0, 0], ""own_checks.adb"": [3, 0, 0]}"
misc/SPARK2/Ada-SPARK-Maximum-Product-Subarray,20264052,thinned,37,B,killed,,killed,contract,"{""tests.adb"": [3, 0, 0], ""own_checks.adb"": [3, 0, 0]}"
misc/SPARK2/Ada-SPARK-Maximum-Product-Subarray,20264052,thinned,38,alt,killed,,killed,runtime_error,"{""tests.adb"": [3, 0, 0], ""own_checks.adb"": [3, 0, 0]}"
misc/SPARK2/Ada-SPARK-Maximum-Product-Subarray,20264052,thinned,43,B,killed,,killed,runtime_error,"{""tests.adb"": [3, 0, 0], ""own_checks.adb"": [3, 0, 0]}"
misc/SPARK2/Ada-SPARK-Maximum-Product-Subarray,20264052,thinned,44,alt,killed,,killed,contract,"{""tests.adb"": [3, 0, 0], ""own_checks.adb"": [3, 0, 0]}"
misc/SPARK2/Ada-SPARK-Maximum-Product-Subarray,20264052,thinned,46,B,killed,,killed,test_check,"{""tests.adb"": [3, 0, 0], ""own_checks.adb"": [3, 0, 0]}"
misc/SPARK2/Ada-SPARK-Maximum-Product-Subarray,20264052,thinned,48,B,killed,,killed,contract,"{""tests.adb"": [3, 0, 0], ""own_checks.adb"": [3, 0, 0]}"
misc/SPARK2/Ada-SPARK-Maximum-Product-Subarray,20264052,thinned,49,alt,killed,proof,survived,,"{""tests.adb"": [3, 0, 0], ""own_checks.adb"": [3, 0, 0]}"
misc/SPARK2/Ada-SPARK-Maximum-Product-Subarray,20264052,thinned,50,alt,killed,,killed,contract,"{""tests.adb"": [3, 0, 0], ""own_checks.adb"": [3, 0, 0]}"
misc/SPARK2/Ada-SPARK-Maximum-Product-Subarray,20264052,thinned,51,B,killed,,killed,contract,"{""tests.adb"": [3, 0, 0], ""own_checks.adb"": [3, 0, 0]}"
misc/SPARK2/Ada-SPARK-Maximum-Product-Subarray,20264052,thinned,53,B,killed,,killed,contract,"{""tests.adb"": [3, 0, 0], ""own_checks.adb"": [3, 0, 0]}"
misc/SPARK2/Ada-SPARK-Maximum-Product-Subarray,20264052,thinned,54,alt,killed,,killed,contract,"{""tests.adb"": [3, 0, 0], ""own_checks.adb"": [3, 0, 0]}"
misc/SPARK2/Ada-SPARK-Maximum-Product-Subarray,20264052,thinned,58,B,killed,,killed,runtime_error,"{""tests.adb"": [3, 0, 0], ""own_checks.adb"": [3, 0, 0]}"
misc/SPARK2/Ada-SPARK-Maximum-Product-Subarray,20264052,thinned,60,B,killed,,killed,contract,"{""tests.adb"": [3, 0, 0], ""own_checks.adb"": [3, 0, 0]}"
misc/SPARK2/Ada-SPARK-LFU-Cache-Lite,20264053,full,0,std,killed,,killed,test_check,
misc/SPARK2/Ada-SPARK-LFU-Cache-Lite,20264053,full,1,alt,killed,,killed,test_check,
misc/SPARK2/Ada-SPARK-LFU-Cache-Lite,20264053,full,2,ho,killed,,killed,contract,
misc/SPARK2/Ada-SPARK-LFU-Cache-Lite,20264053,full,4,C,killed,,killed,runtime_error,
misc/SPARK2/Ada-SPARK-LFU-Cache-Lite,20264053,full,14,B,killed,,killed,test_check,
misc/SPARK2/Ada-SPARK-LFU-Cache-Lite,20264053,full,15,std,killed,,killed,test_check,
misc/SPARK2/Ada-SPARK-LFU-Cache-Lite,20264053,full,16,alt,killed,,killed,contract,
misc/SPARK2/Ada-SPARK-LFU-Cache-Lite,20264053,full,17,ho,killed,,killed,test_check,
misc/SPARK2/Ada-SPARK-LFU-Cache-Lite,20264053,full,19,C,killed,,killed,runtime_error,
misc/SPARK2/Ada-SPARK-LFU-Cache-Lite,20264053,full,26,B,killed,,killed,test_check,
misc/SPARK2/Ada-SPARK-LFU-Cache-Lite,20264053,full,27,alt,killed,,killed,test_check,
misc/SPARK2/Ada-SPARK-LFU-Cache-Lite,20264053,full,28,ho,killed,,killed,runtime_error,
misc/SPARK2/Ada-SPARK-LFU-Cache-Lite,20264053,full,30,C,killed,,killed,test_check,
misc/SPARK2/Ada-SPARK-LFU-Cache-Lite,20264053,full,33,B,killed,,killed,test_check,
misc/SPARK2/Ada-SPARK-LFU-Cache-Lite,20264053,full,34,alt,killed,,killed,test_check,
misc/SPARK2/Ada-SPARK-LFU-Cache-Lite,20264053,full,35,ho,killed,,killed,contract,
misc/SPARK2/Ada-SPARK-LFU-Cache-Lite,20264053,full,36,B,killed,,killed,test_check,
misc/SPARK2/Ada-SPARK-LFU-Cache-Lite,20264053,full,37,C,killed,,killed,runtime_error,
misc/SPARK2/Ada-SPARK-LFU-Cache-Lite,20264053,full,38,alt,killed,,killed,test_check,
misc/SPARK2/Ada-SPARK-LFU-Cache-Lite,20264053,full,39,ho,killed,,killed,test_check,
misc/SPARK2/Ada-SPARK-LFU-Cache-Lite,20264053,full,40,B,killed,,killed,runtime_error,
misc/SPARK2/Ada-SPARK-LFU-Cache-Lite,20264053,full,41,C,killed,,killed,test_check,
misc/SPARK2/Ada-SPARK-LFU-Cache-Lite,20264053,full,42,alt,killed,,killed,runtime_error,
misc/SPARK2/Ada-SPARK-LFU-Cache-Lite,20264053,full,43,ho,killed,,killed,runtime_error,
misc/SPARK2/Ada-SPARK-LFU-Cache-Lite,20264053,full,45,C,killed,,killed,test_check,
misc/SPARK2/Ada-SPARK-LFU-Cache-Lite,20264053,full,48,B,killed,,killed,test_check,
misc/SPARK2/Ada-SPARK-LFU-Cache-Lite,20264053,full,50,ho,killed,,killed,contract,
misc/SPARK2/Ada-SPARK-LFU-Cache-Lite,20264053,full,52,C,killed,,killed,test_check,
misc/SPARK2/Ada-SPARK-LFU-Cache-Lite,20264053,full,55,B,killed,,killed,runtime_error,
misc/SPARK2/Ada-SPARK-LFU-Cache-Lite,20264053,full,56,alt,killed,,killed,test_check,
misc/SPARK2/Ada-SPARK-LFU-Cache-Lite,20264053,full,57,ho,killed,,killed,test_check,
misc/SPARK2/Ada-SPARK-LFU-Cache-Lite,20264053,full,59,C,killed,,killed,test_check,
misc/SPARK2/Ada-SPARK-LFU-Cache-Lite,20264053,full,62,B,killed,,killed,test_check,
misc/SPARK2/Ada-SPARK-LFU-Cache-Lite,20264053,full,63,alt,killed,,killed,test_check,
misc/SPARK2/Ada-SPARK-LFU-Cache-Lite,20264053,full,64,ho,killed,,killed,contract,
misc/SPARK2/Ada-SPARK-LFU-Cache-Lite,20264053,full,66,C,killed,,killed,test_check,
misc/SPARK2/Ada-SPARK-LFU-Cache-Lite,20264053,full,89,B,killed,,killed,test_check,
misc/SPARK2/Ada-SPARK-LFU-Cache-Lite,20264053,full,91,ho,killed,,killed,runtime_error,
misc/SPARK2/Ada-SPARK-LFU-Cache-Lite,20264053,full,93,C,killed,,killed,runtime_error,
misc/SPARK2/Ada-SPARK-LFU-Cache-Lite,20264053,full,105,B,killed,,killed,test_check,
misc/SPARK2/Ada-SPARK-LFU-Cache-Lite,20264053,full,106,alt,killed,,killed,runtime_error,
misc/SPARK2/Ada-SPARK-LFU-Cache-Lite,20264053,full,107,ho,killed,,killed,test_check,
misc/SPARK2/Ada-SPARK-LFU-Cache-Lite,20264053,full,111,C,killed,,killed,test_check,
misc/SPARK2/Ada-SPARK-LFU-Cache-Lite,20264053,full,137,B,killed,,killed,runtime_error,
misc/SPARK2/Ada-SPARK-LFU-Cache-Lite,20264053,full,138,alt,killed,,killed,test_check,
misc/SPARK2/Ada-SPARK-LFU-Cache-Lite,20264053,full,139,ho,killed,,killed,test_check,
misc/SPARK2/Ada-SPARK-LFU-Cache-Lite,20264053,thinned,0,std,killed,,killed,test_check,"{""tests.adb"": [1, 0, 0], ""own_checks.adb"": [1, 0, 0]}"
misc/SPARK2/Ada-SPARK-LFU-Cache-Lite,20264053,thinned,1,alt,killed,,killed,test_check,"{""tests.adb"": [1, 0, 0], ""own_checks.adb"": [1, 0, 0]}"
misc/SPARK2/Ada-SPARK-LFU-Cache-Lite,20264053,thinned,2,ho,killed,,killed,contract,"{""tests.adb"": [1, 0, 0], ""own_checks.adb"": [1, 0, 0]}"
misc/SPARK2/Ada-SPARK-LFU-Cache-Lite,20264053,thinned,4,C,killed,,killed,runtime_error,"{""tests.adb"": [1, 0, 0], ""own_checks.adb"": [1, 0, 0]}"
misc/SPARK2/Ada-SPARK-LFU-Cache-Lite,20264053,thinned,14,B,killed,,killed,test_check,"{""tests.adb"": [1, 0, 0], ""own_checks.adb"": [1, 0, 0]}"
misc/SPARK2/Ada-SPARK-LFU-Cache-Lite,20264053,thinned,15,std,killed,,killed,test_check,"{""tests.adb"": [1, 0, 0], ""own_checks.adb"": [1, 0, 0]}"
misc/SPARK2/Ada-SPARK-LFU-Cache-Lite,20264053,thinned,16,alt,killed,,killed,contract,"{""tests.adb"": [1, 0, 0], ""own_checks.adb"": [1, 0, 0]}"
misc/SPARK2/Ada-SPARK-LFU-Cache-Lite,20264053,thinned,17,ho,killed,,killed,test_check,"{""tests.adb"": [1, 0, 0], ""own_checks.adb"": [1, 0, 0]}"
misc/SPARK2/Ada-SPARK-LFU-Cache-Lite,20264053,thinned,19,C,killed,,killed,runtime_error,"{""tests.adb"": [1, 0, 0], ""own_checks.adb"": [1, 0, 0]}"
misc/SPARK2/Ada-SPARK-LFU-Cache-Lite,20264053,thinned,26,B,killed,,killed,test_check,"{""tests.adb"": [1, 0, 0], ""own_checks.adb"": [1, 0, 0]}"
misc/SPARK2/Ada-SPARK-LFU-Cache-Lite,20264053,thinned,27,alt,killed,,killed,test_check,"{""tests.adb"": [1, 0, 0], ""own_checks.adb"": [1, 0, 0]}"
misc/SPARK2/Ada-SPARK-LFU-Cache-Lite,20264053,thinned,28,ho,killed,,killed,runtime_error,"{""tests.adb"": [1, 0, 0], ""own_checks.adb"": [1, 0, 0]}"
misc/SPARK2/Ada-SPARK-LFU-Cache-Lite,20264053,thinned,30,C,killed,,killed,test_check,"{""tests.adb"": [1, 0, 0], ""own_checks.adb"": [1, 0, 0]}"
misc/SPARK2/Ada-SPARK-LFU-Cache-Lite,20264053,thinned,33,B,killed,,killed,test_check,"{""tests.adb"": [1, 0, 0], ""own_checks.adb"": [1, 0, 0]}"
misc/SPARK2/Ada-SPARK-LFU-Cache-Lite,20264053,thinned,34,alt,killed,,killed,test_check,"{""tests.adb"": [1, 0, 0], ""own_checks.adb"": [1, 0, 0]}"
misc/SPARK2/Ada-SPARK-LFU-Cache-Lite,20264053,thinned,35,ho,killed,,killed,contract,"{""tests.adb"": [1, 0, 0], ""own_checks.adb"": [1, 0, 0]}"
misc/SPARK2/Ada-SPARK-LFU-Cache-Lite,20264053,thinned,36,B,killed,,killed,test_check,"{""tests.adb"": [1, 0, 0], ""own_checks.adb"": [1, 0, 0]}"
misc/SPARK2/Ada-SPARK-LFU-Cache-Lite,20264053,thinned,37,C,killed,,killed,runtime_error,"{""tests.adb"": [1, 0, 0], ""own_checks.adb"": [1, 0, 0]}"
misc/SPARK2/Ada-SPARK-LFU-Cache-Lite,20264053,thinned,38,alt,killed,,killed,test_check,"{""tests.adb"": [1, 0, 0], ""own_checks.adb"": [1, 0, 0]}"
misc/SPARK2/Ada-SPARK-LFU-Cache-Lite,20264053,thinned,39,ho,killed,,killed,test_check,"{""tests.adb"": [1, 0, 0], ""own_checks.adb"": [1, 0, 0]}"
misc/SPARK2/Ada-SPARK-LFU-Cache-Lite,20264053,thinned,40,B,killed,,killed,runtime_error,"{""tests.adb"": [1, 0, 0], ""own_checks.adb"": [1, 0, 0]}"
misc/SPARK2/Ada-SPARK-LFU-Cache-Lite,20264053,thinned,41,C,killed,,killed,test_check,"{""tests.adb"": [1, 0, 0], ""own_checks.adb"": [1, 0, 0]}"
misc/SPARK2/Ada-SPARK-LFU-Cache-Lite,20264053,thinned,42,alt,killed,,killed,runtime_error,"{""tests.adb"": [1, 0, 0], ""own_checks.adb"": [1, 0, 0]}"
misc/SPARK2/Ada-SPARK-LFU-Cache-Lite,20264053,thinned,43,ho,killed,,killed,runtime_error,"{""tests.adb"": [1, 0, 0], ""own_checks.adb"": [1, 0, 0]}"
misc/SPARK2/Ada-SPARK-LFU-Cache-Lite,20264053,thinned,45,C,killed,,killed,test_check,"{""tests.adb"": [1, 0, 0], ""own_checks.adb"": [1, 0, 0]}"
misc/SPARK2/Ada-SPARK-LFU-Cache-Lite,20264053,thinned,48,B,killed,,killed,test_check,"{""tests.adb"": [1, 0, 0], ""own_checks.adb"": [1, 0, 0]}"
misc/SPARK2/Ada-SPARK-LFU-Cache-Lite,20264053,thinned,50,ho,killed,,killed,contract,"{""tests.adb"": [1, 0, 0], ""own_checks.adb"": [1, 0, 0]}"
misc/SPARK2/Ada-SPARK-LFU-Cache-Lite,20264053,thinned,52,C,killed,,killed,test_check,"{""tests.adb"": [1, 0, 0], ""own_checks.adb"": [1, 0, 0]}"
misc/SPARK2/Ada-SPARK-LFU-Cache-Lite,20264053,thinned,55,B,killed,,killed,runtime_error,"{""tests.adb"": [1, 0, 0], ""own_checks.adb"": [1, 0, 0]}"
misc/SPARK2/Ada-SPARK-LFU-Cache-Lite,20264053,thinned,56,alt,killed,,killed,test_check,"{""tests.adb"": [1, 0, 0], ""own_checks.adb"": [1, 0, 0]}"
misc/SPARK2/Ada-SPARK-LFU-Cache-Lite,20264053,thinned,57,ho,killed,,killed,test_check,"{""tests.adb"": [1, 0, 0], ""own_checks.adb"": [1, 0, 0]}"
misc/SPARK2/Ada-SPARK-LFU-Cache-Lite,20264053,thinned,59,C,killed,,killed,test_check,"{""tests.adb"": [1, 0, 0], ""own_checks.adb"": [1, 0, 0]}"
misc/SPARK2/Ada-SPARK-LFU-Cache-Lite,20264053,thinned,62,B,killed,,killed,test_check,"{""tests.adb"": [1, 0, 0], ""own_checks.adb"": [1, 0, 0]}"
misc/SPARK2/Ada-SPARK-LFU-Cache-Lite,20264053,thinned,63,alt,killed,,killed,test_check,"{""tests.adb"": [1, 0, 0], ""own_checks.adb"": [1, 0, 0]}"
misc/SPARK2/Ada-SPARK-LFU-Cache-Lite,20264053,thinned,64,ho,killed,,killed,contract,"{""tests.adb"": [1, 0, 0], ""own_checks.adb"": [1, 0, 0]}"
misc/SPARK2/Ada-SPARK-LFU-Cache-Lite,20264053,thinned,66,C,killed,,killed,test_check,"{""tests.adb"": [1, 0, 0], ""own_checks.adb"": [1, 0, 0]}"
misc/SPARK2/Ada-SPARK-LFU-Cache-Lite,20264053,thinned,89,B,killed,,killed,test_check,"{""tests.adb"": [1, 0, 0], ""own_checks.adb"": [1, 0, 0]}"
misc/SPARK2/Ada-SPARK-LFU-Cache-Lite,20264053,thinned,91,ho,killed,,killed,runtime_error,"{""tests.adb"": [1, 0, 0], ""own_checks.adb"": [1, 0, 0]}"
misc/SPARK2/Ada-SPARK-LFU-Cache-Lite,20264053,thinned,93,C,killed,,killed,runtime_error,"{""tests.adb"": [1, 0, 0], ""own_checks.adb"": [1, 0, 0]}"
misc/SPARK2/Ada-SPARK-LFU-Cache-Lite,20264053,thinned,105,B,killed,,killed,test_check,"{""tests.adb"": [1, 0, 0], ""own_checks.adb"": [1, 0, 0]}"
misc/SPARK2/Ada-SPARK-LFU-Cache-Lite,20264053,thinned,106,alt,killed,,killed,runtime_error,"{""tests.adb"": [1, 0, 0], ""own_checks.adb"": [1, 0, 0]}"
misc/SPARK2/Ada-SPARK-LFU-Cache-Lite,20264053,thinned,107,ho,killed,,killed,test_check,"{""tests.adb"": [1, 0, 0], ""own_checks.adb"": [1, 0, 0]}"
misc/SPARK2/Ada-SPARK-LFU-Cache-Lite,20264053,thinned,111,C,killed,,killed,test_check,"{""tests.adb"": [1, 0, 0], ""own_checks.adb"": [1, 0, 0]}"
misc/SPARK2/Ada-SPARK-LFU-Cache-Lite,20264053,thinned,137,B,killed,,killed,runtime_error,"{""tests.adb"": [1, 0, 0], ""own_checks.adb"": [1, 0, 0]}"
misc/SPARK2/Ada-SPARK-LFU-Cache-Lite,20264053,thinned,138,alt,killed,,killed,test_check,"{""tests.adb"": [1, 0, 0], ""own_checks.adb"": [1, 0, 0]}"
misc/SPARK2/Ada-SPARK-LFU-Cache-Lite,20264053,thinned,139,ho,killed,,killed,test_check,"{""tests.adb"": [1, 0, 0], ""own_checks.adb"": [1, 0, 0]}"
misc/SPARK2/Ada-SPARK-LFU-Cache-Lite,20264054,full,0,std,killed,,killed,test_check,
misc/SPARK2/Ada-SPARK-LFU-Cache-Lite,20264054,full,1,alt,killed,,killed,test_check,
misc/SPARK2/Ada-SPARK-LFU-Cache-Lite,20264054,full,2,ho,killed,,killed,test_check,
misc/SPARK2/Ada-SPARK-LFU-Cache-Lite,20264054,full,3,B,killed,,killed,test_check,
misc/SPARK2/Ada-SPARK-LFU-Cache-Lite,20264054,full,4,C,killed,,killed,test_check,
misc/SPARK2/Ada-SPARK-LFU-Cache-Lite,20264054,full,5,std,killed,,killed,test_check,
misc/SPARK2/Ada-SPARK-LFU-Cache-Lite,20264054,full,6,alt,killed,,killed,runtime_error,
misc/SPARK2/Ada-SPARK-LFU-Cache-Lite,20264054,full,7,ho,killed,,killed,contract,
misc/SPARK2/Ada-SPARK-LFU-Cache-Lite,20264054,full,9,C,killed,,killed,test_check,
misc/SPARK2/Ada-SPARK-LFU-Cache-Lite,20264054,full,16,B,killed,,killed,test_check,
misc/SPARK2/Ada-SPARK-LFU-Cache-Lite,20264054,full,17,alt,killed,,killed,test_check,
misc/SPARK2/Ada-SPARK-LFU-Cache-Lite,20264054,full,18,ho,killed,,killed,contract,
misc/SPARK2/Ada-SPARK-LFU-Cache-Lite,20264054,full,19,B,killed,,killed,runtime_error,
misc/SPARK2/Ada-SPARK-LFU-Cache-Lite,20264054,full,22,C,killed,,killed,test_check,
misc/SPARK2/Ada-SPARK-LFU-Cache-Lite,20264054,full,23,alt,killed,,killed,test_check,
misc/SPARK2/Ada-SPARK-LFU-Cache-Lite,20264054,full,24,ho,killed,,killed,test_check,
misc/SPARK2/Ada-SPARK-LFU-Cache-Lite,20264054,full,26,C,killed,,killed,test_check,
misc/SPARK2/Ada-SPARK-LFU-Cache-Lite,20264054,full,28,B,killed,,killed,test_check,
misc/SPARK2/Ada-SPARK-LFU-Cache-Lite,20264054,full,29,alt,killed,,killed,test_check,
misc/SPARK2/Ada-SPARK-LFU-Cache-Lite,20264054,full,30,ho,killed,,killed,contract,
misc/SPARK2/Ada-SPARK-LFU-Cache-Lite,20264054,full,32,C,killed,,killed,runtime_error,
misc/SPARK2/Ada-SPARK-LFU-Cache-Lite,20264054,full,53,B,killed,,killed,runtime_error,
misc/SPARK2/Ada-SPARK-LFU-Cache-Lite,20264054,full,55,ho,killed,,killed,runtime_error,
misc/SPARK2/Ada-SPARK-LFU-Cache-Lite,20264054,full,57,C,killed,,killed,test_check,
misc/SPARK2/Ada-SPARK-LFU-Cache-Lite,20264054,full,58,B,killed,,killed,test_check,
misc/SPARK2/Ada-SPARK-LFU-Cache-Lite,20264054,full,59,alt,killed,,killed,contract,
misc/SPARK2/Ada-SPARK-LFU-Cache-Lite,20264054,full,60,ho,killed,,killed,test_check,
misc/SPARK2/Ada-SPARK-LFU-Cache-Lite,20264054,full,62,C,killed,,killed,test_check,
misc/SPARK2/Ada-SPARK-LFU-Cache-Lite,20264054,full,64,B,killed,,killed,test_check,
misc/SPARK2/Ada-SPARK-LFU-Cache-Lite,20264054,full,66,ho,killed,,killed,runtime_error,
misc/SPARK2/Ada-SPARK-LFU-Cache-Lite,20264054,full,68,C,killed,,killed,runtime_error,
misc/SPARK2/Ada-SPARK-LFU-Cache-Lite,20264054,full,90,B,killed,,killed,test_check,
misc/SPARK2/Ada-SPARK-LFU-Cache-Lite,20264054,full,91,alt,killed,,killed,test_check,
misc/SPARK2/Ada-SPARK-LFU-Cache-Lite,20264054,full,92,ho,killed,,killed,test_check,
misc/SPARK2/Ada-SPARK-LFU-Cache-Lite,20264054,full,94,C,killed,,killed,test_check,
misc/SPARK2/Ada-SPARK-LFU-Cache-Lite,20264054,full,111,B,killed,,killed,test_check,
misc/SPARK2/Ada-SPARK-LFU-Cache-Lite,20264054,full,112,alt,killed,,killed,test_check,
misc/SPARK2/Ada-SPARK-LFU-Cache-Lite,20264054,full,113,ho,killed,,killed,contract,
misc/SPARK2/Ada-SPARK-LFU-Cache-Lite,20264054,full,115,C,killed,,killed,runtime_error,
misc/SPARK2/Ada-SPARK-LFU-Cache-Lite,20264054,full,122,B,killed,,killed,test_check,
misc/SPARK2/Ada-SPARK-LFU-Cache-Lite,20264054,full,123,alt,killed,,killed,contract,
misc/SPARK2/Ada-SPARK-LFU-Cache-Lite,20264054,full,124,ho,killed,,killed,runtime_error,
misc/SPARK2/Ada-SPARK-LFU-Cache-Lite,20264054,full,130,C,killed,,killed,test_check,
misc/SPARK2/Ada-SPARK-LFU-Cache-Lite,20264054,full,132,B,killed,,killed,test_check,
misc/SPARK2/Ada-SPARK-LFU-Cache-Lite,20264054,full,133,alt,killed,,killed,test_check,
misc/SPARK2/Ada-SPARK-LFU-Cache-Lite,20264054,full,134,ho,killed,,killed,contract,
misc/SPARK2/Ada-SPARK-LFU-Cache-Lite,20264054,full,135,B,killed,,killed,runtime_error,
misc/SPARK2/Ada-SPARK-LFU-Cache-Lite,20264054,full,136,C,killed,,killed,test_check,
misc/SPARK2/Ada-SPARK-LFU-Cache-Lite,20264054,thinned,0,std,killed,,killed,test_check,"{""tests.adb"": [1, 0, 0], ""own_checks.adb"": [1, 0, 0]}"
misc/SPARK2/Ada-SPARK-LFU-Cache-Lite,20264054,thinned,1,alt,killed,,killed,test_check,"{""tests.adb"": [1, 0, 0], ""own_checks.adb"": [1, 0, 0]}"
misc/SPARK2/Ada-SPARK-LFU-Cache-Lite,20264054,thinned,2,ho,killed,,killed,test_check,"{""tests.adb"": [1, 0, 0], ""own_checks.adb"": [1, 0, 0]}"
misc/SPARK2/Ada-SPARK-LFU-Cache-Lite,20264054,thinned,3,B,killed,,killed,test_check,"{""tests.adb"": [1, 0, 0], ""own_checks.adb"": [1, 0, 0]}"
misc/SPARK2/Ada-SPARK-LFU-Cache-Lite,20264054,thinned,4,C,killed,,killed,test_check,"{""tests.adb"": [1, 0, 0], ""own_checks.adb"": [1, 0, 0]}"
misc/SPARK2/Ada-SPARK-LFU-Cache-Lite,20264054,thinned,5,std,killed,,killed,test_check,"{""tests.adb"": [1, 0, 0], ""own_checks.adb"": [1, 0, 0]}"
misc/SPARK2/Ada-SPARK-LFU-Cache-Lite,20264054,thinned,6,alt,killed,,killed,runtime_error,"{""tests.adb"": [1, 0, 0], ""own_checks.adb"": [1, 0, 0]}"
misc/SPARK2/Ada-SPARK-LFU-Cache-Lite,20264054,thinned,7,ho,killed,,killed,contract,"{""tests.adb"": [1, 0, 0], ""own_checks.adb"": [1, 0, 0]}"
misc/SPARK2/Ada-SPARK-LFU-Cache-Lite,20264054,thinned,9,C,killed,,killed,test_check,"{""tests.adb"": [1, 0, 0], ""own_checks.adb"": [1, 0, 0]}"
misc/SPARK2/Ada-SPARK-LFU-Cache-Lite,20264054,thinned,16,B,killed,,killed,test_check,"{""tests.adb"": [1, 0, 0], ""own_checks.adb"": [1, 0, 0]}"
misc/SPARK2/Ada-SPARK-LFU-Cache-Lite,20264054,thinned,17,alt,killed,,killed,test_check,"{""tests.adb"": [1, 0, 0], ""own_checks.adb"": [1, 0, 0]}"
misc/SPARK2/Ada-SPARK-LFU-Cache-Lite,20264054,thinned,18,ho,killed,,killed,contract,"{""tests.adb"": [1, 0, 0], ""own_checks.adb"": [1, 0, 0]}"
misc/SPARK2/Ada-SPARK-LFU-Cache-Lite,20264054,thinned,19,B,killed,,killed,runtime_error,"{""tests.adb"": [1, 0, 0], ""own_checks.adb"": [1, 0, 0]}"
misc/SPARK2/Ada-SPARK-LFU-Cache-Lite,20264054,thinned,22,C,killed,,killed,test_check,"{""tests.adb"": [1, 0, 0], ""own_checks.adb"": [1, 0, 0]}"
misc/SPARK2/Ada-SPARK-LFU-Cache-Lite,20264054,thinned,23,alt,killed,,killed,test_check,"{""tests.adb"": [1, 0, 0], ""own_checks.adb"": [1, 0, 0]}"
misc/SPARK2/Ada-SPARK-LFU-Cache-Lite,20264054,thinned,24,ho,killed,,killed,test_check,"{""tests.adb"": [1, 0, 0], ""own_checks.adb"": [1, 0, 0]}"
misc/SPARK2/Ada-SPARK-LFU-Cache-Lite,20264054,thinned,26,C,killed,,killed,test_check,"{""tests.adb"": [1, 0, 0], ""own_checks.adb"": [1, 0, 0]}"
misc/SPARK2/Ada-SPARK-LFU-Cache-Lite,20264054,thinned,28,B,killed,,killed,test_check,"{""tests.adb"": [1, 0, 0], ""own_checks.adb"": [1, 0, 0]}"
misc/SPARK2/Ada-SPARK-LFU-Cache-Lite,20264054,thinned,29,alt,killed,,killed,test_check,"{""tests.adb"": [1, 0, 0], ""own_checks.adb"": [1, 0, 0]}"
misc/SPARK2/Ada-SPARK-LFU-Cache-Lite,20264054,thinned,30,ho,killed,,killed,contract,"{""tests.adb"": [1, 0, 0], ""own_checks.adb"": [1, 0, 0]}"
misc/SPARK2/Ada-SPARK-LFU-Cache-Lite,20264054,thinned,32,C,killed,,killed,runtime_error,"{""tests.adb"": [1, 0, 0], ""own_checks.adb"": [1, 0, 0]}"
misc/SPARK2/Ada-SPARK-LFU-Cache-Lite,20264054,thinned,53,B,killed,,killed,runtime_error,"{""tests.adb"": [1, 0, 0], ""own_checks.adb"": [1, 0, 0]}"
misc/SPARK2/Ada-SPARK-LFU-Cache-Lite,20264054,thinned,55,ho,killed,,killed,runtime_error,"{""tests.adb"": [1, 0, 0], ""own_checks.adb"": [1, 0, 0]}"
misc/SPARK2/Ada-SPARK-LFU-Cache-Lite,20264054,thinned,57,C,killed,,killed,test_check,"{""tests.adb"": [1, 0, 0], ""own_checks.adb"": [1, 0, 0]}"
misc/SPARK2/Ada-SPARK-LFU-Cache-Lite,20264054,thinned,58,B,killed,,killed,test_check,"{""tests.adb"": [1, 0, 0], ""own_checks.adb"": [1, 0, 0]}"
misc/SPARK2/Ada-SPARK-LFU-Cache-Lite,20264054,thinned,59,alt,killed,,killed,contract,"{""tests.adb"": [1, 0, 0], ""own_checks.adb"": [1, 0, 0]}"
misc/SPARK2/Ada-SPARK-LFU-Cache-Lite,20264054,thinned,60,ho,killed,,killed,test_check,"{""tests.adb"": [1, 0, 0], ""own_checks.adb"": [1, 0, 0]}"
misc/SPARK2/Ada-SPARK-LFU-Cache-Lite,20264054,thinned,62,C,killed,,killed,test_check,"{""tests.adb"": [1, 0, 0], ""own_checks.adb"": [1, 0, 0]}"
misc/SPARK2/Ada-SPARK-LFU-Cache-Lite,20264054,thinned,64,B,killed,,killed,test_check,"{""tests.adb"": [1, 0, 0], ""own_checks.adb"": [1, 0, 0]}"
misc/SPARK2/Ada-SPARK-LFU-Cache-Lite,20264054,thinned,66,ho,killed,,killed,runtime_error,"{""tests.adb"": [1, 0, 0], ""own_checks.adb"": [1, 0, 0]}"
misc/SPARK2/Ada-SPARK-LFU-Cache-Lite,20264054,thinned,68,C,killed,,killed,runtime_error,"{""tests.adb"": [1, 0, 0], ""own_checks.adb"": [1, 0, 0]}"
misc/SPARK2/Ada-SPARK-LFU-Cache-Lite,20264054,thinned,90,B,killed,,killed,test_check,"{""tests.adb"": [1, 0, 0], ""own_checks.adb"": [1, 0, 0]}"
misc/SPARK2/Ada-SPARK-LFU-Cache-Lite,20264054,thinned,91,alt,killed,,killed,test_check,"{""tests.adb"": [1, 0, 0], ""own_checks.adb"": [1, 0, 0]}"
misc/SPARK2/Ada-SPARK-LFU-Cache-Lite,20264054,thinned,92,ho,killed,,killed,test_check,"{""tests.adb"": [1, 0, 0], ""own_checks.adb"": [1, 0, 0]}"
misc/SPARK2/Ada-SPARK-LFU-Cache-Lite,20264054,thinned,94,C,killed,,killed,test_check,"{""tests.adb"": [1, 0, 0], ""own_checks.adb"": [1, 0, 0]}"
misc/SPARK2/Ada-SPARK-LFU-Cache-Lite,20264054,thinned,111,B,killed,,killed,test_check,"{""tests.adb"": [1, 0, 0], ""own_checks.adb"": [1, 0, 0]}"
misc/SPARK2/Ada-SPARK-LFU-Cache-Lite,20264054,thinned,112,alt,killed,,killed,test_check,"{""tests.adb"": [1, 0, 0], ""own_checks.adb"": [1, 0, 0]}"
misc/SPARK2/Ada-SPARK-LFU-Cache-Lite,20264054,thinned,113,ho,killed,,killed,contract,"{""tests.adb"": [1, 0, 0], ""own_checks.adb"": [1, 0, 0]}"
misc/SPARK2/Ada-SPARK-LFU-Cache-Lite,20264054,thinned,115,C,killed,,killed,runtime_error,"{""tests.adb"": [1, 0, 0], ""own_checks.adb"": [1, 0, 0]}"
misc/SPARK2/Ada-SPARK-LFU-Cache-Lite,20264054,thinned,122,B,killed,,killed,test_check,"{""tests.adb"": [1, 0, 0], ""own_checks.adb"": [1, 0, 0]}"
misc/SPARK2/Ada-SPARK-LFU-Cache-Lite,20264054,thinned,123,alt,killed,,killed,contract,"{""tests.adb"": [1, 0, 0], ""own_checks.adb"": [1, 0, 0]}"
misc/SPARK2/Ada-SPARK-LFU-Cache-Lite,20264054,thinned,124,ho,killed,,killed,runtime_error,"{""tests.adb"": [1, 0, 0], ""own_checks.adb"": [1, 0, 0]}"
misc/SPARK2/Ada-SPARK-LFU-Cache-Lite,20264054,thinned,130,C,killed,,killed,test_check,"{""tests.adb"": [1, 0, 0], ""own_checks.adb"": [1, 0, 0]}"
misc/SPARK2/Ada-SPARK-LFU-Cache-Lite,20264054,thinned,132,B,killed,,killed,test_check,"{""tests.adb"": [1, 0, 0], ""own_checks.adb"": [1, 0, 0]}"
misc/SPARK2/Ada-SPARK-LFU-Cache-Lite,20264054,thinned,133,alt,killed,,killed,test_check,"{""tests.adb"": [1, 0, 0], ""own_checks.adb"": [1, 0, 0]}"
misc/SPARK2/Ada-SPARK-LFU-Cache-Lite,20264054,thinned,134,ho,killed,,killed,contract,"{""tests.adb"": [1, 0, 0], ""own_checks.adb"": [1, 0, 0]}"
misc/SPARK2/Ada-SPARK-LFU-Cache-Lite,20264054,thinned,135,B,killed,,killed,runtime_error,"{""tests.adb"": [1, 0, 0], ""own_checks.adb"": [1, 0, 0]}"
misc/SPARK2/Ada-SPARK-LFU-Cache-Lite,20264054,thinned,136,C,killed,,killed,test_check,"{""tests.adb"": [1, 0, 0], ""own_checks.adb"": [1, 0, 0]}"
misc/SPARK2/Ada-SPARK-Minimum-Path-Sum,20264041,full,0,ho,killed,,killed,runtime_error,
misc/SPARK2/Ada-SPARK-Minimum-Path-Sum,20264041,full,2,C,killed,,killed,test_check,
misc/SPARK2/Ada-SPARK-Minimum-Path-Sum,20264041,full,3,B,killed,,killed,test_check,
misc/SPARK2/Ada-SPARK-Minimum-Path-Sum,20264041,full,4,ho,killed,,killed,runtime_error,
misc/SPARK2/Ada-SPARK-Minimum-Path-Sum,20264041,full,5,B,killed,,killed,test_check,
misc/SPARK2/Ada-SPARK-Minimum-Path-Sum,20264041,full,6,ho,killed,,killed,runtime_error,
misc/SPARK2/Ada-SPARK-Minimum-Path-Sum,20264041,full,7,B,killed,,killed,test_check,
misc/SPARK2/Ada-SPARK-Minimum-Path-Sum,20264041,full,8,ho,killed,,killed,runtime_error,
misc/SPARK2/Ada-SPARK-Minimum-Path-Sum,20264041,full,9,B,killed,,killed,test_check,
misc/SPARK2/Ada-SPARK-Minimum-Path-Sum,20264041,full,10,ho,killed,,killed,test_check,
misc/SPARK2/Ada-SPARK-Minimum-Path-Sum,20264041,full,11,B,killed,,killed,test_check,
misc/SPARK2/Ada-SPARK-Minimum-Path-Sum,20264041,full,12,ho,killed,,killed,runtime_error,
misc/SPARK2/Ada-SPARK-Minimum-Path-Sum,20264041,full,13,B,killed,,killed,test_check,
misc/SPARK2/Ada-SPARK-Minimum-Path-Sum,20264041,full,14,ho,killed,,killed,runtime_error,
misc/SPARK2/Ada-SPARK-Minimum-Path-Sum,20264041,full,15,B,killed,,killed,test_check,
misc/SPARK2/Ada-SPARK-Minimum-Path-Sum,20264041,full,16,ho,killed,,killed,runtime_error,
misc/SPARK2/Ada-SPARK-Minimum-Path-Sum,20264041,full,17,B,killed,,killed,test_check,
misc/SPARK2/Ada-SPARK-Minimum-Path-Sum,20264041,full,18,ho,killed,,killed,runtime_error,
misc/SPARK2/Ada-SPARK-Minimum-Path-Sum,20264041,full,19,B,killed,,killed,test_check,
misc/SPARK2/Ada-SPARK-Minimum-Path-Sum,20264041,full,20,ho,killed,,killed,runtime_error,
misc/SPARK2/Ada-SPARK-Minimum-Path-Sum,20264041,full,21,ho,killed,,killed,runtime_error,
misc/SPARK2/Ada-SPARK-Minimum-Path-Sum,20264041,full,22,ho,killed,,killed,runtime_error,
misc/SPARK2/Ada-SPARK-Minimum-Path-Sum,20264041,full,23,ho,killed,,killed,runtime_error,
misc/SPARK2/Ada-SPARK-Minimum-Path-Sum,20264041,full,24,ho,killed,,killed,runtime_error,
misc/SPARK2/Ada-SPARK-Minimum-Path-Sum,20264041,full,25,ho,killed,,killed,runtime_error,
misc/SPARK2/Ada-SPARK-Minimum-Path-Sum,20264041,full,26,ho,killed,,killed,runtime_error,
misc/SPARK2/Ada-SPARK-Minimum-Path-Sum,20264041,full,27,ho,killed,,killed,runtime_error,
misc/SPARK2/Ada-SPARK-Minimum-Path-Sum,20264041,full,28,ho,killed,,killed,runtime_error,
misc/SPARK2/Ada-SPARK-Minimum-Path-Sum,20264041,full,29,ho,killed,,killed,runtime_error,
misc/SPARK2/Ada-SPARK-Minimum-Path-Sum,20264041,full,30,ho,killed,,killed,runtime_error,
misc/SPARK2/Ada-SPARK-Minimum-Path-Sum,20264041,full,31,ho,killed,,killed,runtime_error,
misc/SPARK2/Ada-SPARK-Minimum-Path-Sum,20264041,full,32,ho,killed,,killed,runtime_error,
misc/SPARK2/Ada-SPARK-Minimum-Path-Sum,20264041,full,33,ho,killed,,killed,runtime_error,
misc/SPARK2/Ada-SPARK-Minimum-Path-Sum,20264041,full,34,ho,killed,,killed,runtime_error,
misc/SPARK2/Ada-SPARK-Minimum-Path-Sum,20264041,full,35,ho,killed,,killed,runtime_error,
misc/SPARK2/Ada-SPARK-Minimum-Path-Sum,20264041,full,36,ho,killed,,killed,runtime_error,
misc/SPARK2/Ada-SPARK-Minimum-Path-Sum,20264041,full,37,ho,killed,,killed,runtime_error,
misc/SPARK2/Ada-SPARK-Minimum-Path-Sum,20264041,full,38,ho,killed,,killed,runtime_error,
misc/SPARK2/Ada-SPARK-Minimum-Path-Sum,20264041,full,39,ho,killed,,killed,runtime_error,
misc/SPARK2/Ada-SPARK-Minimum-Path-Sum,20264041,full,40,ho,killed,,killed,runtime_error,
misc/SPARK2/Ada-SPARK-Minimum-Path-Sum,20264041,full,41,ho,killed,,killed,runtime_error,
misc/SPARK2/Ada-SPARK-Minimum-Path-Sum,20264041,full,42,ho,killed,,killed,test_check,
misc/SPARK2/Ada-SPARK-Minimum-Path-Sum,20264041,full,43,ho,killed,,killed,test_check,
misc/SPARK2/Ada-SPARK-Minimum-Path-Sum,20264041,full,44,ho,killed,,killed,runtime_error,
misc/SPARK2/Ada-SPARK-Minimum-Path-Sum,20264041,full,45,ho,killed,,killed,test_check,
misc/SPARK2/Ada-SPARK-Minimum-Path-Sum,20264041,full,46,ho,killed,,killed,runtime_error,
misc/SPARK2/Ada-SPARK-Minimum-Path-Sum,20264041,full,47,ho,killed,,killed,test_check,
misc/SPARK2/Ada-SPARK-Minimum-Path-Sum,20264041,full,48,ho,killed,,killed,runtime_error,
misc/SPARK2/Ada-SPARK-Minimum-Path-Sum,20264041,thinned,0,ho,killed,,killed,runtime_error,"{""tests.adb"": [1, 1, 0], ""own_checks.adb"": [1, 0, 0]}"
misc/SPARK2/Ada-SPARK-Minimum-Path-Sum,20264041,thinned,2,C,killed,,killed,test_check,"{""tests.adb"": [1, 1, 0], ""own_checks.adb"": [1, 0, 0]}"
misc/SPARK2/Ada-SPARK-Minimum-Path-Sum,20264041,thinned,3,B,killed,,killed,test_check,"{""tests.adb"": [1, 1, 0], ""own_checks.adb"": [1, 0, 0]}"
misc/SPARK2/Ada-SPARK-Minimum-Path-Sum,20264041,thinned,4,ho,killed,,killed,runtime_error,"{""tests.adb"": [1, 1, 0], ""own_checks.adb"": [1, 0, 0]}"
misc/SPARK2/Ada-SPARK-Minimum-Path-Sum,20264041,thinned,5,B,killed,,killed,test_check,"{""tests.adb"": [1, 1, 0], ""own_checks.adb"": [1, 0, 0]}"
misc/SPARK2/Ada-SPARK-Minimum-Path-Sum,20264041,thinned,6,ho,killed,,killed,runtime_error,"{""tests.adb"": [1, 1, 0], ""own_checks.adb"": [1, 0, 0]}"
misc/SPARK2/Ada-SPARK-Minimum-Path-Sum,20264041,thinned,7,B,killed,,killed,test_check,"{""tests.adb"": [1, 1, 0], ""own_checks.adb"": [1, 0, 0]}"
misc/SPARK2/Ada-SPARK-Minimum-Path-Sum,20264041,thinned,8,ho,killed,,killed,runtime_error,"{""tests.adb"": [1, 1, 0], ""own_checks.adb"": [1, 0, 0]}"
misc/SPARK2/Ada-SPARK-Minimum-Path-Sum,20264041,thinned,9,B,killed,,killed,test_check,"{""tests.adb"": [1, 1, 0], ""own_checks.adb"": [1, 0, 0]}"
misc/SPARK2/Ada-SPARK-Minimum-Path-Sum,20264041,thinned,10,ho,killed,,killed,test_check,"{""tests.adb"": [1, 1, 0], ""own_checks.adb"": [1, 0, 0]}"
misc/SPARK2/Ada-SPARK-Minimum-Path-Sum,20264041,thinned,11,B,killed,,killed,test_check,"{""tests.adb"": [1, 1, 0], ""own_checks.adb"": [1, 0, 0]}"
misc/SPARK2/Ada-SPARK-Minimum-Path-Sum,20264041,thinned,12,ho,killed,,killed,runtime_error,"{""tests.adb"": [1, 1, 0], ""own_checks.adb"": [1, 0, 0]}"
misc/SPARK2/Ada-SPARK-Minimum-Path-Sum,20264041,thinned,13,B,killed,,killed,test_check,"{""tests.adb"": [1, 1, 0], ""own_checks.adb"": [1, 0, 0]}"
misc/SPARK2/Ada-SPARK-Minimum-Path-Sum,20264041,thinned,14,ho,killed,,killed,runtime_error,"{""tests.adb"": [1, 1, 0], ""own_checks.adb"": [1, 0, 0]}"
misc/SPARK2/Ada-SPARK-Minimum-Path-Sum,20264041,thinned,15,B,killed,,killed,test_check,"{""tests.adb"": [1, 1, 0], ""own_checks.adb"": [1, 0, 0]}"
misc/SPARK2/Ada-SPARK-Minimum-Path-Sum,20264041,thinned,16,ho,killed,,killed,runtime_error,"{""tests.adb"": [1, 1, 0], ""own_checks.adb"": [1, 0, 0]}"
misc/SPARK2/Ada-SPARK-Minimum-Path-Sum,20264041,thinned,17,B,killed,,killed,test_check,"{""tests.adb"": [1, 1, 0], ""own_checks.adb"": [1, 0, 0]}"
misc/SPARK2/Ada-SPARK-Minimum-Path-Sum,20264041,thinned,18,ho,killed,,killed,runtime_error,"{""tests.adb"": [1, 1, 0], ""own_checks.adb"": [1, 0, 0]}"
misc/SPARK2/Ada-SPARK-Minimum-Path-Sum,20264041,thinned,19,B,killed,,killed,test_check,"{""tests.adb"": [1, 1, 0], ""own_checks.adb"": [1, 0, 0]}"
misc/SPARK2/Ada-SPARK-Minimum-Path-Sum,20264041,thinned,20,ho,killed,,killed,runtime_error,"{""tests.adb"": [1, 1, 0], ""own_checks.adb"": [1, 0, 0]}"
misc/SPARK2/Ada-SPARK-Minimum-Path-Sum,20264041,thinned,21,ho,killed,,killed,runtime_error,"{""tests.adb"": [1, 1, 0], ""own_checks.adb"": [1, 0, 0]}"
misc/SPARK2/Ada-SPARK-Minimum-Path-Sum,20264041,thinned,22,ho,killed,,killed,runtime_error,"{""tests.adb"": [1, 1, 0], ""own_checks.adb"": [1, 0, 0]}"
misc/SPARK2/Ada-SPARK-Minimum-Path-Sum,20264041,thinned,23,ho,killed,,killed,runtime_error,"{""tests.adb"": [1, 1, 0], ""own_checks.adb"": [1, 0, 0]}"
misc/SPARK2/Ada-SPARK-Minimum-Path-Sum,20264041,thinned,24,ho,killed,,killed,runtime_error,"{""tests.adb"": [1, 1, 0], ""own_checks.adb"": [1, 0, 0]}"
misc/SPARK2/Ada-SPARK-Minimum-Path-Sum,20264041,thinned,25,ho,killed,,killed,runtime_error,"{""tests.adb"": [1, 1, 0], ""own_checks.adb"": [1, 0, 0]}"
misc/SPARK2/Ada-SPARK-Minimum-Path-Sum,20264041,thinned,26,ho,killed,,killed,runtime_error,"{""tests.adb"": [1, 1, 0], ""own_checks.adb"": [1, 0, 0]}"
misc/SPARK2/Ada-SPARK-Minimum-Path-Sum,20264041,thinned,27,ho,killed,,killed,runtime_error,"{""tests.adb"": [1, 1, 0], ""own_checks.adb"": [1, 0, 0]}"
misc/SPARK2/Ada-SPARK-Minimum-Path-Sum,20264041,thinned,28,ho,killed,,killed,runtime_error,"{""tests.adb"": [1, 1, 0], ""own_checks.adb"": [1, 0, 0]}"
misc/SPARK2/Ada-SPARK-Minimum-Path-Sum,20264041,thinned,29,ho,killed,,killed,runtime_error,"{""tests.adb"": [1, 1, 0], ""own_checks.adb"": [1, 0, 0]}"
misc/SPARK2/Ada-SPARK-Minimum-Path-Sum,20264041,thinned,30,ho,killed,,killed,runtime_error,"{""tests.adb"": [1, 1, 0], ""own_checks.adb"": [1, 0, 0]}"
misc/SPARK2/Ada-SPARK-Minimum-Path-Sum,20264041,thinned,31,ho,killed,,killed,runtime_error,"{""tests.adb"": [1, 1, 0], ""own_checks.adb"": [1, 0, 0]}"
misc/SPARK2/Ada-SPARK-Minimum-Path-Sum,20264041,thinned,32,ho,killed,,killed,runtime_error,"{""tests.adb"": [1, 1, 0], ""own_checks.adb"": [1, 0, 0]}"
misc/SPARK2/Ada-SPARK-Minimum-Path-Sum,20264041,thinned,33,ho,killed,,killed,runtime_error,"{""tests.adb"": [1, 1, 0], ""own_checks.adb"": [1, 0, 0]}"
misc/SPARK2/Ada-SPARK-Minimum-Path-Sum,20264041,thinned,34,ho,killed,,killed,runtime_error,"{""tests.adb"": [1, 1, 0], ""own_checks.adb"": [1, 0, 0]}"
misc/SPARK2/Ada-SPARK-Minimum-Path-Sum,20264041,thinned,35,ho,killed,,killed,runtime_error,"{""tests.adb"": [1, 1, 0], ""own_checks.adb"": [1, 0, 0]}"
misc/SPARK2/Ada-SPARK-Minimum-Path-Sum,20264041,thinned,36,ho,killed,,killed,runtime_error,"{""tests.adb"": [1, 1, 0], ""own_checks.adb"": [1, 0, 0]}"
misc/SPARK2/Ada-SPARK-Minimum-Path-Sum,20264041,thinned,37,ho,killed,,killed,runtime_error,"{""tests.adb"": [1, 1, 0], ""own_checks.adb"": [1, 0, 0]}"
misc/SPARK2/Ada-SPARK-Minimum-Path-Sum,20264041,thinned,38,ho,killed,,killed,runtime_error,"{""tests.adb"": [1, 1, 0], ""own_checks.adb"": [1, 0, 0]}"
misc/SPARK2/Ada-SPARK-Minimum-Path-Sum,20264041,thinned,39,ho,killed,,killed,runtime_error,"{""tests.adb"": [1, 1, 0], ""own_checks.adb"": [1, 0, 0]}"
misc/SPARK2/Ada-SPARK-Minimum-Path-Sum,20264041,thinned,40,ho,killed,,killed,runtime_error,"{""tests.adb"": [1, 1, 0], ""own_checks.adb"": [1, 0, 0]}"
misc/SPARK2/Ada-SPARK-Minimum-Path-Sum,20264041,thinned,41,ho,killed,,killed,runtime_error,"{""tests.adb"": [1, 1, 0], ""own_checks.adb"": [1, 0, 0]}"
misc/SPARK2/Ada-SPARK-Minimum-Path-Sum,20264041,thinned,42,ho,killed,,killed,runtime_error,"{""tests.adb"": [1, 1, 0], ""own_checks.adb"": [1, 0, 0]}"
misc/SPARK2/Ada-SPARK-Minimum-Path-Sum,20264041,thinned,43,ho,killed,,killed,test_check,"{""tests.adb"": [1, 1, 0], ""own_checks.adb"": [1, 0, 0]}"
misc/SPARK2/Ada-SPARK-Minimum-Path-Sum,20264041,thinned,44,ho,killed,,killed,runtime_error,"{""tests.adb"": [1, 1, 0], ""own_checks.adb"": [1, 0, 0]}"
misc/SPARK2/Ada-SPARK-Minimum-Path-Sum,20264041,thinned,45,ho,killed,,killed,test_check,"{""tests.adb"": [1, 1, 0], ""own_checks.adb"": [1, 0, 0]}"
misc/SPARK2/Ada-SPARK-Minimum-Path-Sum,20264041,thinned,46,ho,killed,,killed,runtime_error,"{""tests.adb"": [1, 1, 0], ""own_checks.adb"": [1, 0, 0]}"
misc/SPARK2/Ada-SPARK-Minimum-Path-Sum,20264041,thinned,47,ho,killed,,killed,test_check,"{""tests.adb"": [1, 1, 0], ""own_checks.adb"": [1, 0, 0]}"
misc/SPARK2/Ada-SPARK-Minimum-Path-Sum,20264041,thinned,48,ho,killed,,killed,runtime_error,"{""tests.adb"": [1, 1, 0], ""own_checks.adb"": [1, 0, 0]}"
misc/SPARK2/Ada-SPARK-Missing-Number,20264042,full,0,alt,killed,,killed,test_check,
misc/SPARK2/Ada-SPARK-Missing-Number,20264042,full,1,ho,killed,,killed,runtime_error,
misc/SPARK2/Ada-SPARK-Missing-Number,20264042,full,3,C,killed,,killed,test_check,
misc/SPARK2/Ada-SPARK-Missing-Number,20264042,full,8,B,killed,,killed,test_check,
misc/SPARK2/Ada-SPARK-Missing-Number,20264042,full,9,alt,killed,,killed,test_check,
misc/SPARK2/Ada-SPARK-Missing-Number,20264042,full,10,ho,killed,,killed,test_check,
misc/SPARK2/Ada-SPARK-Missing-Number,20264042,full,12,C,killed,,killed,test_check,
misc/SPARK2/Ada-SPARK-Missing-Number,20264042,full,15,alt,killed,,killed,test_check,
misc/SPARK2/Ada-SPARK-Missing-Number,20264042,full,16,ho,killed,,killed,test_check,
misc/SPARK2/Ada-SPARK-Missing-Number,20264042,full,17,C,killed,,killed,test_check,
misc/SPARK2/Ada-SPARK-Missing-Number,20264042,full,18,alt,killed,,killed,test_check,
misc/SPARK2/Ada-SPARK-Missing-Number,20264042,full,19,C,killed,,killed,test_check,
misc/SPARK2/Ada-SPARK-Missing-Number,20264042,full,20,alt,killed,,killed,test_check,
misc/SPARK2/Ada-SPARK-Missing-Number,20264042,full,21,alt,killed,,killed,test_check,
misc/SPARK2/Ada-SPARK-Missing-Number,20264042,full,24,alt,killed,,killed,test_check,
misc/SPARK2/Ada-SPARK-Missing-Number,20264042,full,25,alt,killed,,killed,test_check,
misc/SPARK2/Ada-SPARK-Missing-Number,20264042,full,26,alt,killed,,killed,test_check,
misc/SPARK2/Ada-SPARK-Missing-Number,20264042,full,27,alt,killed,,killed,test_check,
misc/SPARK2/Ada-SPARK-Missing-Number,20264042,full,28,alt,killed,,killed,test_check,
misc/SPARK2/Ada-SPARK-Missing-Number,20264042,full,29,alt,killed,,killed,test_check,
misc/SPARK2/Ada-SPARK-Missing-Number,20264042,thinned,0,alt,killed,,killed,test_check,"{""tests.adb"": [1, 1, 0], ""own_checks.adb"": [1, 0, 0]}"
misc/SPARK2/Ada-SPARK-Missing-Number,20264042,thinned,1,ho,killed,,killed,runtime_error,"{""tests.adb"": [1, 1, 0], ""own_checks.adb"": [1, 0, 0]}"
misc/SPARK2/Ada-SPARK-Missing-Number,20264042,thinned,3,C,killed,,killed,test_check,"{""tests.adb"": [1, 1, 0], ""own_checks.adb"": [1, 0, 0]}"
misc/SPARK2/Ada-SPARK-Missing-Number,20264042,thinned,8,B,killed,,killed,test_check,"{""tests.adb"": [1, 1, 0], ""own_checks.adb"": [1, 0, 0]}"
misc/SPARK2/Ada-SPARK-Missing-Number,20264042,thinned,9,alt,killed,,killed,test_check,"{""tests.adb"": [1, 1, 0], ""own_checks.adb"": [1, 0, 0]}"
misc/SPARK2/Ada-SPARK-Missing-Number,20264042,thinned,10,ho,killed,,killed,test_check,"{""tests.adb"": [1, 1, 0], ""own_checks.adb"": [1, 0, 0]}"
misc/SPARK2/Ada-SPARK-Missing-Number,20264042,thinned,12,C,killed,,killed,test_check,"{""tests.adb"": [1, 1, 0], ""own_checks.adb"": [1, 0, 0]}"
misc/SPARK2/Ada-SPARK-Missing-Number,20264042,thinned,15,alt,killed,,killed,test_check,"{""tests.adb"": [1, 1, 0], ""own_checks.adb"": [1, 0, 0]}"
misc/SPARK2/Ada-SPARK-Missing-Number,20264042,thinned,16,ho,killed,,killed,test_check,"{""tests.adb"": [1, 1, 0], ""own_checks.adb"": [1, 0, 0]}"
misc/SPARK2/Ada-SPARK-Missing-Number,20264042,thinned,17,C,killed,,killed,test_check,"{""tests.adb"": [1, 1, 0], ""own_checks.adb"": [1, 0, 0]}"
misc/SPARK2/Ada-SPARK-Missing-Number,20264042,thinned,18,alt,killed,,killed,test_check,"{""tests.adb"": [1, 1, 0], ""own_checks.adb"": [1, 0, 0]}"
misc/SPARK2/Ada-SPARK-Missing-Number,20264042,thinned,19,C,killed,,killed,test_check,"{""tests.adb"": [1, 1, 0], ""own_checks.adb"": [1, 0, 0]}"
misc/SPARK2/Ada-SPARK-Missing-Number,20264042,thinned,20,alt,killed,,killed,test_check,"{""tests.adb"": [1, 1, 0], ""own_checks.adb"": [1, 0, 0]}"
misc/SPARK2/Ada-SPARK-Missing-Number,20264042,thinned,21,alt,killed,,killed,test_check,"{""tests.adb"": [1, 1, 0], ""own_checks.adb"": [1, 0, 0]}"
misc/SPARK2/Ada-SPARK-Missing-Number,20264042,thinned,24,alt,killed,,killed,test_check,"{""tests.adb"": [1, 1, 0], ""own_checks.adb"": [1, 0, 0]}"
misc/SPARK2/Ada-SPARK-Missing-Number,20264042,thinned,25,alt,killed,,killed,test_check,"{""tests.adb"": [1, 1, 0], ""own_checks.adb"": [1, 0, 0]}"
misc/SPARK2/Ada-SPARK-Missing-Number,20264042,thinned,26,alt,killed,,killed,test_check,"{""tests.adb"": [1, 1, 0], ""own_checks.adb"": [1, 0, 0]}"
misc/SPARK2/Ada-SPARK-Missing-Number,20264042,thinned,27,alt,killed,,killed,test_check,"{""tests.adb"": [1, 1, 0], ""own_checks.adb"": [1, 0, 0]}"
misc/SPARK2/Ada-SPARK-Missing-Number,20264042,thinned,28,alt,killed,,killed,test_check,"{""tests.adb"": [1, 1, 0], ""own_checks.adb"": [1, 0, 0]}"
misc/SPARK2/Ada-SPARK-Missing-Number,20264042,thinned,29,alt,killed,,killed,test_check,"{""tests.adb"": [1, 1, 0], ""own_checks.adb"": [1, 0, 0]}"
misc/SPARK2/Ada-SPARK-Move-Zeroes,20264043,full,1,ho,killed,,killed,runtime_error,
misc/SPARK2/Ada-SPARK-Move-Zeroes,20264043,full,3,C,killed,,killed,runtime_error,
misc/SPARK2/Ada-SPARK-Move-Zeroes,20264043,full,4,alt,killed,,killed,test_check,
misc/SPARK2/Ada-SPARK-Move-Zeroes,20264043,full,5,B,killed,,killed,test_check,
misc/SPARK2/Ada-SPARK-Move-Zeroes,20264043,full,6,ho,killed,,killed,test_check,
misc/SPARK2/Ada-SPARK-Move-Zeroes,20264043,full,8,C,killed,,killed,runtime_error,
misc/SPARK2/Ada-SPARK-Move-Zeroes,20264043,full,11,B,killed,,killed,test_check,
misc/SPARK2/Ada-SPARK-Move-Zeroes,20264043,full,12,B,killed,,killed,test_check,
misc/SPARK2/Ada-SPARK-Move-Zeroes,20264043,full,13,C,killed,,killed,runtime_error,
misc/SPARK2/Ada-SPARK-Move-Zeroes,20264043,full,15,C,killed,,killed,test_check,
misc/SPARK2/Ada-SPARK-Move-Zeroes,20264043,thinned,1,ho,killed,,killed,runtime_error,"{""tests.adb"": [1, 1, 0], ""own_checks.adb"": [1, 0, 0]}"
misc/SPARK2/Ada-SPARK-Move-Zeroes,20264043,thinned,3,C,killed,,killed,runtime_error,"{""tests.adb"": [1, 1, 0], ""own_checks.adb"": [1, 0, 0]}"
misc/SPARK2/Ada-SPARK-Move-Zeroes,20264043,thinned,4,alt,killed,,killed,test_check,"{""tests.adb"": [1, 1, 0], ""own_checks.adb"": [1, 0, 0]}"
misc/SPARK2/Ada-SPARK-Move-Zeroes,20264043,thinned,5,B,killed,,killed,test_check,"{""tests.adb"": [1, 1, 0], ""own_checks.adb"": [1, 0, 0]}"
misc/SPARK2/Ada-SPARK-Move-Zeroes,20264043,thinned,6,ho,killed,,killed,test_check,"{""tests.adb"": [1, 1, 0], ""own_checks.adb"": [1, 0, 0]}"
misc/SPARK2/Ada-SPARK-Move-Zeroes,20264043,thinned,8,C,killed,,killed,runtime_error,"{""tests.adb"": [1, 1, 0], ""own_checks.adb"": [1, 0, 0]}"
misc/SPARK2/Ada-SPARK-Move-Zeroes,20264043,thinned,11,B,killed,,killed,test_check,"{""tests.adb"": [1, 1, 0], ""own_checks.adb"": [1, 0, 0]}"
misc/SPARK2/Ada-SPARK-Move-Zeroes,20264043,thinned,12,B,killed,,killed,test_check,"{""tests.adb"": [1, 1, 0], ""own_checks.adb"": [1, 0, 0]}"
misc/SPARK2/Ada-SPARK-Move-Zeroes,20264043,thinned,13,C,killed,,killed,runtime_error,"{""tests.adb"": [1, 1, 0], ""own_checks.adb"": [1, 0, 0]}"
misc/SPARK2/Ada-SPARK-Move-Zeroes,20264043,thinned,15,C,killed,,killed,test_check,"{""tests.adb"": [1, 1, 0], ""own_checks.adb"": [1, 0, 0]}"
misc/SPARK2/Ada-SPARK-Nth-Digit-Stub,20264044,full,0,alt,killed,,killed,contract,
misc/SPARK2/Ada-SPARK-Nth-Digit-Stub,20264044,full,1,ho,killed,,killed,contract,
misc/SPARK2/Ada-SPARK-Nth-Digit-Stub,20264044,full,2,B,killed,,killed,contract,
misc/SPARK2/Ada-SPARK-Nth-Digit-Stub,20264044,full,3,C,killed,,killed,contract,
misc/SPARK2/Ada-SPARK-Nth-Digit-Stub,20264044,full,4,alt,killed,,killed,test_check,
misc/SPARK2/Ada-SPARK-Nth-Digit-Stub,20264044,full,5,ho,killed,,killed,contract,
misc/SPARK2/Ada-SPARK-Nth-Digit-Stub,20264044,full,6,B,killed,,killed,contract,
misc/SPARK2/Ada-SPARK-Nth-Digit-Stub,20264044,full,7,C,killed,,killed,contract,
misc/SPARK2/Ada-SPARK-Nth-Digit-Stub,20264044,full,8,alt,killed,,killed,test_check,
misc/SPARK2/Ada-SPARK-Nth-Digit-Stub,20264044,full,9,ho,killed,,killed,contract,
misc/SPARK2/Ada-SPARK-Nth-Digit-Stub,20264044,full,11,C,killed,,killed,runtime_error,
misc/SPARK2/Ada-SPARK-Nth-Digit-Stub,20264044,full,13,B,killed,,killed,runtime_error,
misc/SPARK2/Ada-SPARK-Nth-Digit-Stub,20264044,full,14,alt,killed,,killed,contract,
misc/SPARK2/Ada-SPARK-Nth-Digit-Stub,20264044,full,15,ho,killed,,killed,contract,
misc/SPARK2/Ada-SPARK-Nth-Digit-Stub,20264044,full,16,B,killed,,killed,contract,
misc/SPARK2/Ada-SPARK-Nth-Digit-Stub,20264044,full,17,C,killed,,killed,runtime_error,
misc/SPARK2/Ada-SPARK-Nth-Digit-Stub,20264044,full,18,alt,killed,,killed,test_check,
misc/SPARK2/Ada-SPARK-Nth-Digit-Stub,20264044,full,19,ho,killed,,killed,contract,
misc/SPARK2/Ada-SPARK-Nth-Digit-Stub,20264044,full,21,C,killed,,killed,runtime_error,
misc/SPARK2/Ada-SPARK-Nth-Digit-Stub,20264044,full,23,B,killed,,killed,contract,
misc/SPARK2/Ada-SPARK-Nth-Digit-Stub,20264044,full,24,alt,killed,,killed,contract,
misc/SPARK2/Ada-SPARK-Nth-Digit-Stub,20264044,full,25,ho,killed,,killed,contract,
misc/SPARK2/Ada-SPARK-Nth-Digit-Stub,20264044,full,27,C,killed,,killed,contract,
misc/SPARK2/Ada-SPARK-Nth-Digit-Stub,20264044,full,43,B,killed,,killed,contract,
misc/SPARK2/Ada-SPARK-Nth-Digit-Stub,20264044,full,44,alt,killed,,killed,test_check,
misc/SPARK2/Ada-SPARK-Nth-Digit-Stub,20264044,full,45,ho,killed,,killed,contract,
misc/SPARK2/Ada-SPARK-Nth-Digit-Stub,20264044,full,47,C,killed,,killed,runtime_error,
misc/SPARK2/Ada-SPARK-Nth-Digit-Stub,20264044,full,48,B,killed,,killed,runtime_error,
misc/SPARK2/Ada-SPARK-Nth-Digit-Stub,20264044,full,49,alt,killed,,killed,test_check,
misc/SPARK2/Ada-SPARK-Nth-Digit-Stub,20264044,full,50,ho,killed,,killed,contract,
misc/SPARK2/Ada-SPARK-Nth-Digit-Stub,20264044,full,51,B,killed,,killed,runtime_error,
misc/SPARK2/Ada-SPARK-Nth-Digit-Stub,20264044,full,52,C,killed,,killed,runtime_error,
misc/SPARK2/Ada-SPARK-Nth-Digit-Stub,20264044,full,54,ho,killed,,killed,contract,
misc/SPARK2/Ada-SPARK-Nth-Digit-Stub,20264044,full,56,C,killed,,killed,contract,
misc/SPARK2/Ada-SPARK-Nth-Digit-Stub,20264044,full,57,alt,killed,,killed,contract,
misc/SPARK2/Ada-SPARK-Nth-Digit-Stub,20264044,full,60,B,killed,,killed,contract,
misc/SPARK2/Ada-SPARK-Nth-Digit-Stub,20264044,full,61,alt,killed,,killed,contract,
misc/SPARK2/Ada-SPARK-Nth-Digit-Stub,20264044,full,62,ho,killed,,killed,contract,
misc/SPARK2/Ada-SPARK-Nth-Digit-Stub,20264044,full,67,B,killed,,killed,contract,
misc/SPARK2/Ada-SPARK-Nth-Digit-Stub,20264044,full,68,alt,killed,,killed,test_check,
misc/SPARK2/Ada-SPARK-Nth-Digit-Stub,20264044,full,69,ho,killed,,killed,test_check,
misc/SPARK2/Ada-SPARK-Nth-Digit-Stub,20264044,full,86,B,killed,,killed,test_check,
misc/SPARK2/Ada-SPARK-Nth-Digit-Stub,20264044,full,87,alt,killed,,killed,test_check,
misc/SPARK2/Ada-SPARK-Nth-Digit-Stub,20264044,full,88,ho,killed,,killed,contract,
misc/SPARK2/Ada-SPARK-Nth-Digit-Stub,20264044,full,89,B,killed,,killed,runtime_error,
misc/SPARK2/Ada-SPARK-Nth-Digit-Stub,20264044,full,90,alt,killed,,killed,runtime_error,
misc/SPARK2/Ada-SPARK-Nth-Digit-Stub,20264044,full,91,ho,killed,,killed,contract,
misc/SPARK2/Ada-SPARK-Nth-Digit-Stub,20264044,full,92,B,killed,,killed,test_check,
misc/SPARK2/Ada-SPARK-Nth-Digit-Stub,20264044,thinned,0,alt,killed,,killed,contract,"{""tests.adb"": [1, 9, 0]}"
misc/SPARK2/Ada-SPARK-Nth-Digit-Stub,20264044,thinned,1,ho,killed,,killed,contract,"{""tests.adb"": [1, 9, 0]}"
misc/SPARK2/Ada-SPARK-Nth-Digit-Stub,20264044,thinned,2,B,killed,,killed,contract,"{""tests.adb"": [1, 9, 0]}"
misc/SPARK2/Ada-SPARK-Nth-Digit-Stub,20264044,thinned,3,C,killed,,killed,contract,"{""tests.adb"": [1, 9, 0]}"
misc/SPARK2/Ada-SPARK-Nth-Digit-Stub,20264044,thinned,4,alt,killed,,killed,test_check,"{""tests.adb"": [1, 9, 0]}"
misc/SPARK2/Ada-SPARK-Nth-Digit-Stub,20264044,thinned,5,ho,killed,,killed,contract,"{""tests.adb"": [1, 9, 0]}"
misc/SPARK2/Ada-SPARK-Nth-Digit-Stub,20264044,thinned,6,B,killed,,killed,contract,"{""tests.adb"": [1, 9, 0]}"
misc/SPARK2/Ada-SPARK-Nth-Digit-Stub,20264044,thinned,7,C,killed,,killed,contract,"{""tests.adb"": [1, 9, 0]}"
misc/SPARK2/Ada-SPARK-Nth-Digit-Stub,20264044,thinned,8,alt,killed,,killed,test_check,"{""tests.adb"": [1, 9, 0]}"
misc/SPARK2/Ada-SPARK-Nth-Digit-Stub,20264044,thinned,9,ho,killed,,killed,contract,"{""tests.adb"": [1, 9, 0]}"
misc/SPARK2/Ada-SPARK-Nth-Digit-Stub,20264044,thinned,11,C,killed,,killed,runtime_error,"{""tests.adb"": [1, 9, 0]}"
misc/SPARK2/Ada-SPARK-Nth-Digit-Stub,20264044,thinned,13,B,killed,,killed,runtime_error,"{""tests.adb"": [1, 9, 0]}"
misc/SPARK2/Ada-SPARK-Nth-Digit-Stub,20264044,thinned,14,alt,killed,,killed,contract,"{""tests.adb"": [1, 9, 0]}"
misc/SPARK2/Ada-SPARK-Nth-Digit-Stub,20264044,thinned,15,ho,killed,,killed,contract,"{""tests.adb"": [1, 9, 0]}"
misc/SPARK2/Ada-SPARK-Nth-Digit-Stub,20264044,thinned,16,B,killed,,killed,contract,"{""tests.adb"": [1, 9, 0]}"
misc/SPARK2/Ada-SPARK-Nth-Digit-Stub,20264044,thinned,17,C,killed,,killed,runtime_error,"{""tests.adb"": [1, 9, 0]}"
misc/SPARK2/Ada-SPARK-Nth-Digit-Stub,20264044,thinned,18,alt,killed,,killed,test_check,"{""tests.adb"": [1, 9, 0]}"
misc/SPARK2/Ada-SPARK-Nth-Digit-Stub,20264044,thinned,19,ho,killed,,killed,contract,"{""tests.adb"": [1, 9, 0]}"
misc/SPARK2/Ada-SPARK-Nth-Digit-Stub,20264044,thinned,21,C,killed,,killed,runtime_error,"{""tests.adb"": [1, 9, 0]}"
misc/SPARK2/Ada-SPARK-Nth-Digit-Stub,20264044,thinned,23,B,killed,,killed,contract,"{""tests.adb"": [1, 9, 0]}"
misc/SPARK2/Ada-SPARK-Nth-Digit-Stub,20264044,thinned,24,alt,killed,,killed,contract,"{""tests.adb"": [1, 9, 0]}"
misc/SPARK2/Ada-SPARK-Nth-Digit-Stub,20264044,thinned,25,ho,killed,,killed,contract,"{""tests.adb"": [1, 9, 0]}"
misc/SPARK2/Ada-SPARK-Nth-Digit-Stub,20264044,thinned,27,C,killed,,killed,contract,"{""tests.adb"": [1, 9, 0]}"
misc/SPARK2/Ada-SPARK-Nth-Digit-Stub,20264044,thinned,43,B,killed,,killed,contract,"{""tests.adb"": [1, 9, 0]}"
misc/SPARK2/Ada-SPARK-Nth-Digit-Stub,20264044,thinned,44,alt,killed,,killed,test_check,"{""tests.adb"": [1, 9, 0]}"
misc/SPARK2/Ada-SPARK-Nth-Digit-Stub,20264044,thinned,45,ho,killed,,killed,contract,"{""tests.adb"": [1, 9, 0]}"
misc/SPARK2/Ada-SPARK-Nth-Digit-Stub,20264044,thinned,47,C,killed,,killed,runtime_error,"{""tests.adb"": [1, 9, 0]}"
misc/SPARK2/Ada-SPARK-Nth-Digit-Stub,20264044,thinned,48,B,killed,,killed,runtime_error,"{""tests.adb"": [1, 9, 0]}"
misc/SPARK2/Ada-SPARK-Nth-Digit-Stub,20264044,thinned,49,alt,killed,,killed,test_check,"{""tests.adb"": [1, 9, 0]}"
misc/SPARK2/Ada-SPARK-Nth-Digit-Stub,20264044,thinned,50,ho,killed,,killed,contract,"{""tests.adb"": [1, 9, 0]}"
misc/SPARK2/Ada-SPARK-Nth-Digit-Stub,20264044,thinned,51,B,killed,,killed,runtime_error,"{""tests.adb"": [1, 9, 0]}"
misc/SPARK2/Ada-SPARK-Nth-Digit-Stub,20264044,thinned,52,C,killed,,killed,runtime_error,"{""tests.adb"": [1, 9, 0]}"
misc/SPARK2/Ada-SPARK-Nth-Digit-Stub,20264044,thinned,54,ho,killed,,killed,contract,"{""tests.adb"": [1, 9, 0]}"
misc/SPARK2/Ada-SPARK-Nth-Digit-Stub,20264044,thinned,56,C,killed,,killed,contract,"{""tests.adb"": [1, 9, 0]}"
misc/SPARK2/Ada-SPARK-Nth-Digit-Stub,20264044,thinned,57,alt,killed,,killed,contract,"{""tests.adb"": [1, 9, 0]}"
misc/SPARK2/Ada-SPARK-Nth-Digit-Stub,20264044,thinned,60,B,killed,,killed,contract,"{""tests.adb"": [1, 9, 0]}"
misc/SPARK2/Ada-SPARK-Nth-Digit-Stub,20264044,thinned,61,alt,killed,,killed,contract,"{""tests.adb"": [1, 9, 0]}"
misc/SPARK2/Ada-SPARK-Nth-Digit-Stub,20264044,thinned,62,ho,killed,,killed,contract,"{""tests.adb"": [1, 9, 0]}"
misc/SPARK2/Ada-SPARK-Nth-Digit-Stub,20264044,thinned,67,B,killed,,killed,contract,"{""tests.adb"": [1, 9, 0]}"
misc/SPARK2/Ada-SPARK-Nth-Digit-Stub,20264044,thinned,68,alt,killed,,killed,test_check,"{""tests.adb"": [1, 9, 0]}"
misc/SPARK2/Ada-SPARK-Nth-Digit-Stub,20264044,thinned,69,ho,killed,,killed,test_check,"{""tests.adb"": [1, 9, 0]}"
misc/SPARK2/Ada-SPARK-Nth-Digit-Stub,20264044,thinned,86,B,killed,,killed,test_check,"{""tests.adb"": [1, 9, 0]}"
misc/SPARK2/Ada-SPARK-Nth-Digit-Stub,20264044,thinned,87,alt,killed,,killed,test_check,"{""tests.adb"": [1, 9, 0]}"
misc/SPARK2/Ada-SPARK-Nth-Digit-Stub,20264044,thinned,88,ho,killed,,killed,contract,"{""tests.adb"": [1, 9, 0]}"
misc/SPARK2/Ada-SPARK-Nth-Digit-Stub,20264044,thinned,89,B,killed,,killed,runtime_error,"{""tests.adb"": [1, 9, 0]}"
misc/SPARK2/Ada-SPARK-Nth-Digit-Stub,20264044,thinned,90,alt,killed,,killed,runtime_error,"{""tests.adb"": [1, 9, 0]}"
misc/SPARK2/Ada-SPARK-Nth-Digit-Stub,20264044,thinned,91,ho,killed,,killed,contract,"{""tests.adb"": [1, 9, 0]}"
misc/SPARK2/Ada-SPARK-Nth-Digit-Stub,20264044,thinned,92,B,killed,,killed,test_check,"{""tests.adb"": [1, 9, 0]}"
misc/SPARK2/Ada-SPARK-Number-Of-1-Bits,20264045,full,0,alt,killed,,killed,contract,
misc/SPARK2/Ada-SPARK-Number-Of-1-Bits,20264045,full,1,B,killed,,killed,contract,
misc/SPARK2/Ada-SPARK-Number-Of-1-Bits,20264045,full,4,B,killed,,killed,contract,
misc/SPARK2/Ada-SPARK-Number-Of-1-Bits,20264045,full,5,alt,killed,,killed,contract,
misc/SPARK2/Ada-SPARK-Number-Of-1-Bits,20264045,full,6,B,killed,,killed,contract,
misc/SPARK2/Ada-SPARK-Number-Of-1-Bits,20264045,full,7,alt,killed,,killed,runtime_error,
misc/SPARK2/Ada-SPARK-Number-Of-1-Bits,20264045,full,8,B,killed,,killed,contract,
misc/SPARK2/Ada-SPARK-Number-Of-1-Bits,20264045,full,9,alt,killed,,killed,contract,
misc/SPARK2/Ada-SPARK-Number-Of-1-Bits,20264045,full,11,B,killed,,killed,contract,
misc/SPARK2/Ada-SPARK-Number-Of-1-Bits,20264045,full,12,alt,killed,,killed,contract,
misc/SPARK2/Ada-SPARK-Number-Of-1-Bits,20264045,full,15,B,killed,,killed,contract,
misc/SPARK2/Ada-SPARK-Number-Of-1-Bits,20264045,full,16,alt,killed,,killed,contract,
misc/SPARK2/Ada-SPARK-Number-Of-1-Bits,20264045,full,17,B,killed,,killed,contract,
misc/SPARK2/Ada-SPARK-Number-Of-1-Bits,20264045,full,19,B,killed,,killed,contract,
misc/SPARK2/Ada-SPARK-Number-Of-1-Bits,20264045,full,20,alt,killed,proof,survived,,
misc/SPARK2/Ada-SPARK-Number-Of-1-Bits,20264045,full,22,B,killed,,killed,contract,
misc/SPARK2/Ada-SPARK-Number-Of-1-Bits,20264045,thinned,0,alt,killed,,killed,test_check,"{""tests.adb"": [1, 3, 0], ""own_checks.adb"": [5, 0, 0]}"
misc/SPARK2/Ada-SPARK-Number-Of-1-Bits,20264045,thinned,1,B,killed,,killed,test_check,"{""tests.adb"": [1, 3, 0], ""own_checks.adb"": [5, 0, 0]}"
misc/SPARK2/Ada-SPARK-Number-Of-1-Bits,20264045,thinned,4,B,killed,,killed,contract,"{""tests.adb"": [1, 3, 0], ""own_checks.adb"": [5, 0, 0]}"
misc/SPARK2/Ada-SPARK-Number-Of-1-Bits,20264045,thinned,5,alt,killed,,killed,contract,"{""tests.adb"": [1, 3, 0], ""own_checks.adb"": [5, 0, 0]}"
misc/SPARK2/Ada-SPARK-Number-Of-1-Bits,20264045,thinned,6,B,killed,,killed,test_check,"{""tests.adb"": [1, 3, 0], ""own_checks.adb"": [5, 0, 0]}"
misc/SPARK2/Ada-SPARK-Number-Of-1-Bits,20264045,thinned,7,alt,killed,,killed,runtime_error,"{""tests.adb"": [1, 3, 0], ""own_checks.adb"": [5, 0, 0]}"
misc/SPARK2/Ada-SPARK-Number-Of-1-Bits,20264045,thinned,8,B,killed,,killed,contract,"{""tests.adb"": [1, 3, 0], ""own_checks.adb"": [5, 0, 0]}"
misc/SPARK2/Ada-SPARK-Number-Of-1-Bits,20264045,thinned,9,alt,killed,,killed,test_check,"{""tests.adb"": [1, 3, 0], ""own_checks.adb"": [5, 0, 0]}"
misc/SPARK2/Ada-SPARK-Number-Of-1-Bits,20264045,thinned,11,B,killed,,killed,test_check,"{""tests.adb"": [1, 3, 0], ""own_checks.adb"": [5, 0, 0]}"
misc/SPARK2/Ada-SPARK-Number-Of-1-Bits,20264045,thinned,12,alt,killed,,killed,test_check,"{""tests.adb"": [1, 3, 0], ""own_checks.adb"": [5, 0, 0]}"
misc/SPARK2/Ada-SPARK-Number-Of-1-Bits,20264045,thinned,15,B,killed,,killed,test_check,"{""tests.adb"": [1, 3, 0], ""own_checks.adb"": [5, 0, 0]}"
misc/SPARK2/Ada-SPARK-Number-Of-1-Bits,20264045,thinned,16,alt,killed,,killed,test_check,"{""tests.adb"": [1, 3, 0], ""own_checks.adb"": [5, 0, 0]}"
misc/SPARK2/Ada-SPARK-Number-Of-1-Bits,20264045,thinned,17,B,killed,,killed,contract,"{""tests.adb"": [1, 3, 0], ""own_checks.adb"": [5, 0, 0]}"
misc/SPARK2/Ada-SPARK-Number-Of-1-Bits,20264045,thinned,19,B,killed,,killed,contract,"{""tests.adb"": [1, 3, 0], ""own_checks.adb"": [5, 0, 0]}"
misc/SPARK2/Ada-SPARK-Number-Of-1-Bits,20264045,thinned,20,alt,killed,proof,survived,,"{""tests.adb"": [1, 3, 0], ""own_checks.adb"": [5, 0, 0]}"
misc/SPARK2/Ada-SPARK-Number-Of-1-Bits,20264045,thinned,22,B,killed,,killed,contract,"{""tests.adb"": [1, 3, 0], ""own_checks.adb"": [5, 0, 0]}"
misc/SPARK2/Ada-SPARK-PN-Counter,20264046,full,0,alt,killed,,killed,contract,
misc/SPARK2/Ada-SPARK-PN-Counter,20264046,full,1,ho,killed,,killed,contract,
misc/SPARK2/Ada-SPARK-PN-Counter,20264046,full,3,C,killed,,killed,runtime_error,
misc/SPARK2/Ada-SPARK-PN-Counter,20264046,full,5,B,killed,,killed,contract,
misc/SPARK2/Ada-SPARK-PN-Counter,20264046,full,6,alt,killed,,killed,contract,
misc/SPARK2/Ada-SPARK-PN-Counter,20264046,full,7,ho,killed,,killed,contract,
misc/SPARK2/Ada-SPARK-PN-Counter,20264046,full,9,C,killed,,killed,runtime_error,
misc/SPARK2/Ada-SPARK-PN-Counter,20264046,full,17,B,killed,,killed,contract,
misc/SPARK2/Ada-SPARK-PN-Counter,20264046,full,18,alt,killed,,killed,test_check,
misc/SPARK2/Ada-SPARK-PN-Counter,20264046,full,19,ho,killed,,killed,contract,
misc/SPARK2/Ada-SPARK-PN-Counter,20264046,full,21,C,killed,,killed,test_check,
misc/SPARK2/Ada-SPARK-PN-Counter,20264046,full,26,B,killed,,killed,runtime_error,
misc/SPARK2/Ada-SPARK-PN-Counter,20264046,full,27,alt,killed,,killed,contract,
misc/SPARK2/Ada-SPARK-PN-Counter,20264046,full,28,ho,killed,,killed,contract,
misc/SPARK2/Ada-SPARK-PN-Counter,20264046,full,30,C,killed,,killed,runtime_error,
misc/SPARK2/Ada-SPARK-PN-Counter,20264046,full,49,B,killed,,killed,test_check,
misc/SPARK2/Ada-SPARK-PN-Counter,20264046,full,50,alt,killed,,killed,contract,
misc/SPARK2/Ada-SPARK-PN-Counter,20264046,full,51,ho,killed,,killed,runtime_error,
misc/SPARK2/Ada-SPARK-PN-Counter,20264046,full,53,C,killed,,killed,contract,
misc/SPARK2/Ada-SPARK-PN-Counter,20264046,full,60,B,killed,,killed,test_check,
misc/SPARK2/Ada-SPARK-PN-Counter,20264046,full,61,alt,killed,,killed,contract,
misc/SPARK2/Ada-SPARK-PN-Counter,20264046,full,63,C,killed,,killed,contract,
misc/SPARK2/Ada-SPARK-PN-Counter,20264046,full,73,B,killed,,killed,contract,
misc/SPARK2/Ada-SPARK-PN-Counter,20264046,full,74,B,killed,,killed,contract,
misc/SPARK2/Ada-SPARK-PN-Counter,20264046,full,75,C,killed,,killed,contract,
misc/SPARK2/Ada-SPARK-PN-Counter,20264046,full,77,C,killed,,killed,runtime_error,
misc/SPARK2/Ada-SPARK-PN-Counter,20264046,full,89,C,killed,,killed,runtime_error,
misc/SPARK2/Ada-SPARK-PN-Counter,20264046,full,90,C,killed,,killed,runtime_error,
misc/SPARK2/Ada-SPARK-PN-Counter,20264046,full,91,C,killed,,killed,runtime_error,
misc/SPARK2/Ada-SPARK-PN-Counter,20264046,full,92,C,killed,,killed,contract,
misc/SPARK2/Ada-SPARK-PN-Counter,20264046,full,93,C,killed,,killed,contract,
misc/SPARK2/Ada-SPARK-PN-Counter,20264046,full,94,C,killed,,killed,contract,
misc/SPARK2/Ada-SPARK-PN-Counter,20264046,full,95,C,killed,,killed,test_check,
misc/SPARK2/Ada-SPARK-PN-Counter,20264046,thinned,0,alt,killed,,killed,contract,"{""tests.adb"": [5, 5, 0], ""own_checks.adb"": [2, 5, 2]}"
misc/SPARK2/Ada-SPARK-PN-Counter,20264046,thinned,1,ho,killed,,killed,contract,"{""tests.adb"": [5, 5, 0], ""own_checks.adb"": [2, 5, 2]}"
misc/SPARK2/Ada-SPARK-PN-Counter,20264046,thinned,3,C,killed,,killed,runtime_error,"{""tests.adb"": [5, 5, 0], ""own_checks.adb"": [2, 5, 2]}"
misc/SPARK2/Ada-SPARK-PN-Counter,20264046,thinned,5,B,killed,,killed,contract,"{""tests.adb"": [5, 5, 0], ""own_checks.adb"": [2, 5, 2]}"
misc/SPARK2/Ada-SPARK-PN-Counter,20264046,thinned,6,alt,killed,,killed,contract,"{""tests.adb"": [5, 5, 0], ""own_checks.adb"": [2, 5, 2]}"
misc/SPARK2/Ada-SPARK-PN-Counter,20264046,thinned,7,ho,killed,,killed,contract,"{""tests.adb"": [5, 5, 0], ""own_checks.adb"": [2, 5, 2]}"
misc/SPARK2/Ada-SPARK-PN-Counter,20264046,thinned,9,C,killed,,killed,runtime_error,"{""tests.adb"": [5, 5, 0], ""own_checks.adb"": [2, 5, 2]}"
misc/SPARK2/Ada-SPARK-PN-Counter,20264046,thinned,17,B,killed,,killed,contract,"{""tests.adb"": [5, 5, 0], ""own_checks.adb"": [2, 5, 2]}"
misc/SPARK2/Ada-SPARK-PN-Counter,20264046,thinned,18,alt,killed,,killed,test_check,"{""tests.adb"": [5, 5, 0], ""own_checks.adb"": [2, 5, 2]}"
misc/SPARK2/Ada-SPARK-PN-Counter,20264046,thinned,19,ho,killed,,killed,contract,"{""tests.adb"": [5, 5, 0], ""own_checks.adb"": [2, 5, 2]}"
misc/SPARK2/Ada-SPARK-PN-Counter,20264046,thinned,21,C,killed,,killed,test_check,"{""tests.adb"": [5, 5, 0], ""own_checks.adb"": [2, 5, 2]}"
misc/SPARK2/Ada-SPARK-PN-Counter,20264046,thinned,26,B,killed,,killed,runtime_error,"{""tests.adb"": [5, 5, 0], ""own_checks.adb"": [2, 5, 2]}"
misc/SPARK2/Ada-SPARK-PN-Counter,20264046,thinned,27,alt,killed,,killed,contract,"{""tests.adb"": [5, 5, 0], ""own_checks.adb"": [2, 5, 2]}"
misc/SPARK2/Ada-SPARK-PN-Counter,20264046,thinned,28,ho,killed,,killed,contract,"{""tests.adb"": [5, 5, 0], ""own_checks.adb"": [2, 5, 2]}"
misc/SPARK2/Ada-SPARK-PN-Counter,20264046,thinned,30,C,killed,,killed,runtime_error,"{""tests.adb"": [5, 5, 0], ""own_checks.adb"": [2, 5, 2]}"
misc/SPARK2/Ada-SPARK-PN-Counter,20264046,thinned,49,B,killed,,killed,test_check,"{""tests.adb"": [5, 5, 0], ""own_checks.adb"": [2, 5, 2]}"
misc/SPARK2/Ada-SPARK-PN-Counter,20264046,thinned,50,alt,killed,,killed,contract,"{""tests.adb"": [5, 5, 0], ""own_checks.adb"": [2, 5, 2]}"
misc/SPARK2/Ada-SPARK-PN-Counter,20264046,thinned,51,ho,killed,,killed,runtime_error,"{""tests.adb"": [5, 5, 0], ""own_checks.adb"": [2, 5, 2]}"
misc/SPARK2/Ada-SPARK-PN-Counter,20264046,thinned,53,C,killed,,killed,contract,"{""tests.adb"": [5, 5, 0], ""own_checks.adb"": [2, 5, 2]}"
misc/SPARK2/Ada-SPARK-PN-Counter,20264046,thinned,60,B,killed,,killed,test_check,"{""tests.adb"": [5, 5, 0], ""own_checks.adb"": [2, 5, 2]}"
misc/SPARK2/Ada-SPARK-PN-Counter,20264046,thinned,61,alt,killed,,killed,contract,"{""tests.adb"": [5, 5, 0], ""own_checks.adb"": [2, 5, 2]}"
misc/SPARK2/Ada-SPARK-PN-Counter,20264046,thinned,63,C,killed,,killed,contract,"{""tests.adb"": [5, 5, 0], ""own_checks.adb"": [2, 5, 2]}"
misc/SPARK2/Ada-SPARK-PN-Counter,20264046,thinned,73,B,killed,,killed,contract,"{""tests.adb"": [5, 5, 0], ""own_checks.adb"": [2, 5, 2]}"
misc/SPARK2/Ada-SPARK-PN-Counter,20264046,thinned,74,B,killed,,killed,contract,"{""tests.adb"": [5, 5, 0], ""own_checks.adb"": [2, 5, 2]}"
misc/SPARK2/Ada-SPARK-PN-Counter,20264046,thinned,75,C,killed,,killed,contract,"{""tests.adb"": [5, 5, 0], ""own_checks.adb"": [2, 5, 2]}"
misc/SPARK2/Ada-SPARK-PN-Counter,20264046,thinned,77,C,killed,,killed,runtime_error,"{""tests.adb"": [5, 5, 0], ""own_checks.adb"": [2, 5, 2]}"
misc/SPARK2/Ada-SPARK-PN-Counter,20264046,thinned,89,C,killed,,killed,runtime_error,"{""tests.adb"": [5, 5, 0], ""own_checks.adb"": [2, 5, 2]}"
misc/SPARK2/Ada-SPARK-PN-Counter,20264046,thinned,90,C,killed,,killed,runtime_error,"{""tests.adb"": [5, 5, 0], ""own_checks.adb"": [2, 5, 2]}"
misc/SPARK2/Ada-SPARK-PN-Counter,20264046,thinned,91,C,killed,,killed,runtime_error,"{""tests.adb"": [5, 5, 0], ""own_checks.adb"": [2, 5, 2]}"
misc/SPARK2/Ada-SPARK-PN-Counter,20264046,thinned,92,C,killed,,killed,contract,"{""tests.adb"": [5, 5, 0], ""own_checks.adb"": [2, 5, 2]}"
misc/SPARK2/Ada-SPARK-PN-Counter,20264046,thinned,93,C,killed,,killed,contract,"{""tests.adb"": [5, 5, 0], ""own_checks.adb"": [2, 5, 2]}"
misc/SPARK2/Ada-SPARK-PN-Counter,20264046,thinned,94,C,killed,,killed,contract,"{""tests.adb"": [5, 5, 0], ""own_checks.adb"": [2, 5, 2]}"
misc/SPARK2/Ada-SPARK-PN-Counter,20264046,thinned,95,C,killed,,killed,test_check,"{""tests.adb"": [5, 5, 0], ""own_checks.adb"": [2, 5, 2]}"
misc/SPARK2/Ada-SPARK-Parity-Bits,20264047,full,4,C,killed,,killed,test_check,
misc/SPARK2/Ada-SPARK-Parity-Bits,20264047,full,8,B,killed,,killed,test_check,
misc/SPARK2/Ada-SPARK-Parity-Bits,20264047,full,9,alt,killed,,killed,test_check,
misc/SPARK2/Ada-SPARK-Parity-Bits,20264047,full,11,C,killed,,killed,test_check,
misc/SPARK2/Ada-SPARK-Parity-Bits,20264047,full,12,B,killed,,killed,test_check,
misc/SPARK2/Ada-SPARK-Parity-Bits,20264047,full,13,alt,killed,,killed,test_check,
misc/SPARK2/Ada-SPARK-Parity-Bits,20264047,full,19,alt,killed,,killed,test_check,
misc/SPARK2/Ada-SPARK-Parity-Bits,20264047,full,20,alt,killed,,killed,test_check,
misc/SPARK2/Ada-SPARK-Parity-Bits,20264047,full,22,alt,killed,,killed,test_check,
misc/SPARK2/Ada-SPARK-Parity-Bits,20264047,thinned,4,C,killed,,killed,test_check,"{""tests.adb"": [1, 3, 0], ""own_checks.adb"": [4, 0, 1]}"
misc/SPARK2/Ada-SPARK-Parity-Bits,20264047,thinned,8,B,killed,,killed,test_check,"{""tests.adb"": [1, 3, 0], ""own_checks.adb"": [4, 0, 1]}"
misc/SPARK2/Ada-SPARK-Parity-Bits,20264047,thinned,9,alt,killed,,killed,test_check,"{""tests.adb"": [1, 3, 0], ""own_checks.adb"": [4, 0, 1]}"
misc/SPARK2/Ada-SPARK-Parity-Bits,20264047,thinned,11,C,killed,,survived,,"{""tests.adb"": [1, 3, 0], ""own_checks.adb"": [4, 0, 1]}"
misc/SPARK2/Ada-SPARK-Parity-Bits,20264047,thinned,12,B,killed,,killed,test_check,"{""tests.adb"": [1, 3, 0], ""own_checks.adb"": [4, 0, 1]}"
misc/SPARK2/Ada-SPARK-Parity-Bits,20264047,thinned,13,alt,killed,,killed,test_check,"{""tests.adb"": [1, 3, 0], ""own_checks.adb"": [4, 0, 1]}"
misc/SPARK2/Ada-SPARK-Parity-Bits,20264047,thinned,19,alt,killed,,killed,test_check,"{""tests.adb"": [1, 3, 0], ""own_checks.adb"": [4, 0, 1]}"
misc/SPARK2/Ada-SPARK-Parity-Bits,20264047,thinned,20,alt,killed,,killed,test_check,"{""tests.adb"": [1, 3, 0], ""own_checks.adb"": [4, 0, 1]}"
misc/SPARK2/Ada-SPARK-Parity-Bits,20264047,thinned,22,alt,killed,,killed,test_check,"{""tests.adb"": [1, 3, 0], ""own_checks.adb"": [4, 0, 1]}"
misc/SPARK2/Ada-SPARK-Partition-Around-Pivot,20264048,full,0,alt,killed,,killed,test_check,
misc/SPARK2/Ada-SPARK-Partition-Around-Pivot,20264048,full,1,ho,killed,,killed,test_check,
misc/SPARK2/Ada-SPARK-Partition-Around-Pivot,20264048,full,2,B,killed,,killed,test_check,
misc/SPARK2/Ada-SPARK-Partition-Around-Pivot,20264048,full,3,C,killed,,killed,runtime_error,
misc/SPARK2/Ada-SPARK-Partition-Around-Pivot,20264048,full,4,alt,killed,,killed,test_check,
misc/SPARK2/Ada-SPARK-Partition-Around-Pivot,20264048,full,5,ho,killed,,killed,test_check,
misc/SPARK2/Ada-SPARK-Partition-Around-Pivot,20264048,full,7,C,killed,,killed,runtime_error,
misc/SPARK2/Ada-SPARK-Partition-Around-Pivot,20264048,full,8,B,killed,,killed,runtime_error,
misc/SPARK2/Ada-SPARK-Partition-Around-Pivot,20264048,full,9,ho,killed,,killed,runtime_error,
misc/SPARK2/Ada-SPARK-Partition-Around-Pivot,20264048,full,11,C,killed,,killed,runtime_error,
misc/SPARK2/Ada-SPARK-Partition-Around-Pivot,20264048,full,12,B,killed,,killed,test_check,
misc/SPARK2/Ada-SPARK-Partition-Around-Pivot,20264048,full,13,ho,killed,,killed,test_check,
misc/SPARK2/Ada-SPARK-Partition-Around-Pivot,20264048,full,15,B,killed,,killed,runtime_error,
misc/SPARK2/Ada-SPARK-Partition-Around-Pivot,20264048,full,16,ho,killed,,killed,test_check,
misc/SPARK2/Ada-SPARK-Partition-Around-Pivot,20264048,full,17,B,killed,,killed,test_check,
misc/SPARK2/Ada-SPARK-Partition-Around-Pivot,20264048,full,18,ho,killed,,killed,test_check,
misc/SPARK2/Ada-SPARK-Partition-Around-Pivot,20264048,full,19,B,killed,,killed,test_check,
misc/SPARK2/Ada-SPARK-Partition-Around-Pivot,20264048,full,20,ho,killed,,killed,runtime_error,
misc/SPARK2/Ada-SPARK-Partition-Around-Pivot,20264048,full,25,B,killed,,killed,test_check,
misc/SPARK2/Ada-SPARK-Partition-Around-Pivot,20264048,full,26,ho,killed,,killed,runtime_error,
misc/SPARK2/Ada-SPARK-Partition-Around-Pivot,20264048,full,29,B,killed,,killed,test_check,
misc/SPARK2/Ada-SPARK-Partition-Around-Pivot,20264048,full,30,ho,killed,,killed,test_check,
misc/SPARK2/Ada-SPARK-Partition-Around-Pivot,20264048,full,31,B,killed,,killed,test_check,
misc/SPARK2/Ada-SPARK-Partition-Around-Pivot,20264048,full,32,ho,killed,,killed,test_check,
misc/SPARK2/Ada-SPARK-Partition-Around-Pivot,20264048,full,36,B,killed,,killed,test_check,
misc/SPARK2/Ada-SPARK-Partition-Around-Pivot,20264048,full,37,ho,killed,,killed,test_check,
misc/SPARK2/Ada-SPARK-Partition-Around-Pivot,20264048,full,39,ho,killed,,killed,test_check,
misc/SPARK2/Ada-SPARK-Partition-Around-Pivot,20264048,full,42,B,killed,,killed,runtime_error,
misc/SPARK2/Ada-SPARK-Partition-Around-Pivot,20264048,full,43,ho,killed,,killed,runtime_error,
misc/SPARK2/Ada-SPARK-Partition-Around-Pivot,20264048,full,45,B,killed,,killed,test_check,
misc/SPARK2/Ada-SPARK-Partition-Around-Pivot,20264048,full,46,ho,killed,,killed,runtime_error,
misc/SPARK2/Ada-SPARK-Partition-Around-Pivot,20264048,full,48,B,killed,,killed,test_check,
misc/SPARK2/Ada-SPARK-Partition-Around-Pivot,20264048,full,49,ho,killed,,killed,test_check,
misc/SPARK2/Ada-SPARK-Partition-Around-Pivot,20264048,full,52,B,killed,,killed,test_check,
misc/SPARK2/Ada-SPARK-Partition-Around-Pivot,20264048,full,55,B,killed,,killed,test_check,
misc/SPARK2/Ada-SPARK-Partition-Around-Pivot,20264048,full,56,B,killed,,killed,test_check,
misc/SPARK2/Ada-SPARK-Partition-Around-Pivot,20264048,full,57,B,killed,,killed,test_check,
misc/SPARK2/Ada-SPARK-Partition-Around-Pivot,20264048,thinned,0,alt,killed,,killed,test_check,"{""tests.adb"": [1, 0, 0], ""own_checks.adb"": [1, 0, 0]}"
misc/SPARK2/Ada-SPARK-Partition-Around-Pivot,20264048,thinned,1,ho,killed,,killed,test_check,"{""tests.adb"": [1, 0, 0], ""own_checks.adb"": [1, 0, 0]}"
misc/SPARK2/Ada-SPARK-Partition-Around-Pivot,20264048,thinned,2,B,killed,,killed,test_check,"{""tests.adb"": [1, 0, 0], ""own_checks.adb"": [1, 0, 0]}"
misc/SPARK2/Ada-SPARK-Partition-Around-Pivot,20264048,thinned,3,C,killed,,killed,runtime_error,"{""tests.adb"": [1, 0, 0], ""own_checks.adb"": [1, 0, 0]}"
misc/SPARK2/Ada-SPARK-Partition-Around-Pivot,20264048,thinned,4,alt,killed,,killed,test_check,"{""tests.adb"": [1, 0, 0], ""own_checks.adb"": [1, 0, 0]}"
misc/SPARK2/Ada-SPARK-Partition-Around-Pivot,20264048,thinned,5,ho,killed,,killed,test_check,"{""tests.adb"": [1, 0, 0], ""own_checks.adb"": [1, 0, 0]}"
misc/SPARK2/Ada-SPARK-Partition-Around-Pivot,20264048,thinned,7,C,killed,,killed,runtime_error,"{""tests.adb"": [1, 0, 0], ""own_checks.adb"": [1, 0, 0]}"
misc/SPARK2/Ada-SPARK-Partition-Around-Pivot,20264048,thinned,8,B,killed,,killed,runtime_error,"{""tests.adb"": [1, 0, 0], ""own_checks.adb"": [1, 0, 0]}"
misc/SPARK2/Ada-SPARK-Partition-Around-Pivot,20264048,thinned,9,ho,killed,,killed,runtime_error,"{""tests.adb"": [1, 0, 0], ""own_checks.adb"": [1, 0, 0]}"
misc/SPARK2/Ada-SPARK-Partition-Around-Pivot,20264048,thinned,11,C,killed,,killed,runtime_error,"{""tests.adb"": [1, 0, 0], ""own_checks.adb"": [1, 0, 0]}"
misc/SPARK2/Ada-SPARK-Partition-Around-Pivot,20264048,thinned,12,B,killed,,killed,test_check,"{""tests.adb"": [1, 0, 0], ""own_checks.adb"": [1, 0, 0]}"
misc/SPARK2/Ada-SPARK-Partition-Around-Pivot,20264048,thinned,13,ho,killed,,killed,test_check,"{""tests.adb"": [1, 0, 0], ""own_checks.adb"": [1, 0, 0]}"
misc/SPARK2/Ada-SPARK-Partition-Around-Pivot,20264048,thinned,15,B,killed,,killed,runtime_error,"{""tests.adb"": [1, 0, 0], ""own_checks.adb"": [1, 0, 0]}"
misc/SPARK2/Ada-SPARK-Partition-Around-Pivot,20264048,thinned,16,ho,killed,,killed,test_check,"{""tests.adb"": [1, 0, 0], ""own_checks.adb"": [1, 0, 0]}"
misc/SPARK2/Ada-SPARK-Partition-Around-Pivot,20264048,thinned,17,B,killed,,killed,test_check,"{""tests.adb"": [1, 0, 0], ""own_checks.adb"": [1, 0, 0]}"
misc/SPARK2/Ada-SPARK-Partition-Around-Pivot,20264048,thinned,18,ho,killed,,killed,test_check,"{""tests.adb"": [1, 0, 0], ""own_checks.adb"": [1, 0, 0]}"
misc/SPARK2/Ada-SPARK-Partition-Around-Pivot,20264048,thinned,19,B,killed,,killed,test_check,"{""tests.adb"": [1, 0, 0], ""own_checks.adb"": [1, 0, 0]}"
misc/SPARK2/Ada-SPARK-Partition-Around-Pivot,20264048,thinned,20,ho,killed,,killed,runtime_error,"{""tests.adb"": [1, 0, 0], ""own_checks.adb"": [1, 0, 0]}"
misc/SPARK2/Ada-SPARK-Partition-Around-Pivot,20264048,thinned,25,B,killed,,killed,test_check,"{""tests.adb"": [1, 0, 0], ""own_checks.adb"": [1, 0, 0]}"
misc/SPARK2/Ada-SPARK-Partition-Around-Pivot,20264048,thinned,26,ho,killed,,killed,runtime_error,"{""tests.adb"": [1, 0, 0], ""own_checks.adb"": [1, 0, 0]}"
misc/SPARK2/Ada-SPARK-Partition-Around-Pivot,20264048,thinned,29,B,killed,,killed,test_check,"{""tests.adb"": [1, 0, 0], ""own_checks.adb"": [1, 0, 0]}"
misc/SPARK2/Ada-SPARK-Partition-Around-Pivot,20264048,thinned,30,ho,killed,,killed,test_check,"{""tests.adb"": [1, 0, 0], ""own_checks.adb"": [1, 0, 0]}"
misc/SPARK2/Ada-SPARK-Partition-Around-Pivot,20264048,thinned,31,B,killed,,killed,test_check,"{""tests.adb"": [1, 0, 0], ""own_checks.adb"": [1, 0, 0]}"
misc/SPARK2/Ada-SPARK-Partition-Around-Pivot,20264048,thinned,32,ho,killed,,killed,test_check,"{""tests.adb"": [1, 0, 0], ""own_checks.adb"": [1, 0, 0]}"
misc/SPARK2/Ada-SPARK-Partition-Around-Pivot,20264048,thinned,36,B,killed,,killed,test_check,"{""tests.adb"": [1, 0, 0], ""own_checks.adb"": [1, 0, 0]}"
misc/SPARK2/Ada-SPARK-Partition-Around-Pivot,20264048,thinned,37,ho,killed,,killed,test_check,"{""tests.adb"": [1, 0, 0], ""own_checks.adb"": [1, 0, 0]}"
misc/SPARK2/Ada-SPARK-Partition-Around-Pivot,20264048,thinned,39,ho,killed,,killed,test_check,"{""tests.adb"": [1, 0, 0], ""own_checks.adb"": [1, 0, 0]}"
misc/SPARK2/Ada-SPARK-Partition-Around-Pivot,20264048,thinned,42,B,killed,,killed,runtime_error,"{""tests.adb"": [1, 0, 0], ""own_checks.adb"": [1, 0, 0]}"
misc/SPARK2/Ada-SPARK-Partition-Around-Pivot,20264048,thinned,43,ho,killed,,killed,runtime_error,"{""tests.adb"": [1, 0, 0], ""own_checks.adb"": [1, 0, 0]}"
misc/SPARK2/Ada-SPARK-Partition-Around-Pivot,20264048,thinned,45,B,killed,,killed,test_check,"{""tests.adb"": [1, 0, 0], ""own_checks.adb"": [1, 0, 0]}"
misc/SPARK2/Ada-SPARK-Partition-Around-Pivot,20264048,thinned,46,ho,killed,,killed,runtime_error,"{""tests.adb"": [1, 0, 0], ""own_checks.adb"": [1, 0, 0]}"
misc/SPARK2/Ada-SPARK-Partition-Around-Pivot,20264048,thinned,48,B,killed,,killed,test_check,"{""tests.adb"": [1, 0, 0], ""own_checks.adb"": [1, 0, 0]}"
misc/SPARK2/Ada-SPARK-Partition-Around-Pivot,20264048,thinned,49,ho,killed,,killed,test_check,"{""tests.adb"": [1, 0, 0], ""own_checks.adb"": [1, 0, 0]}"
misc/SPARK2/Ada-SPARK-Partition-Around-Pivot,20264048,thinned,52,B,killed,,killed,test_check,"{""tests.adb"": [1, 0, 0], ""own_checks.adb"": [1, 0, 0]}"
misc/SPARK2/Ada-SPARK-Partition-Around-Pivot,20264048,thinned,55,B,killed,,killed,test_check,"{""tests.adb"": [1, 0, 0], ""own_checks.adb"": [1, 0, 0]}"
misc/SPARK2/Ada-SPARK-Partition-Around-Pivot,20264048,thinned,56,B,killed,,killed,test_check,"{""tests.adb"": [1, 0, 0], ""own_checks.adb"": [1, 0, 0]}"
misc/SPARK2/Ada-SPARK-Partition-Around-Pivot,20264048,thinned,57,B,killed,,killed,test_check,"{""tests.adb"": [1, 0, 0], ""own_checks.adb"": [1, 0, 0]}"
misc/SPARK2/Ada-SPARK-Product-Of-Array-Except-Self,20264049,full,0,alt,killed,,killed,test_check,
misc/SPARK2/Ada-SPARK-Product-Of-Array-Except-Self,20264049,full,1,ho,killed,,killed,test_check,
misc/SPARK2/Ada-SPARK-Product-Of-Array-Except-Self,20264049,full,3,C,killed,,killed,runtime_error,
misc/SPARK2/Ada-SPARK-Product-Of-Array-Except-Self,20264049,full,7,B,killed,,killed,runtime_error,
misc/SPARK2/Ada-SPARK-Product-Of-Array-Except-Self,20264049,full,8,alt,killed,,killed,test_check,
misc/SPARK2/Ada-SPARK-Product-Of-Array-Except-Self,20264049,full,10,C,killed,,killed,runtime_error,
misc/SPARK2/Ada-SPARK-Product-Of-Array-Except-Self,20264049,full,13,alt,killed,,killed,runtime_error,
misc/SPARK2/Ada-SPARK-Product-Of-Array-Except-Self,20264049,full,15,C,killed,,killed,runtime_error,
misc/SPARK2/Ada-SPARK-Product-Of-Array-Except-Self,20264049,full,18,B,killed,,killed,test_check,
misc/SPARK2/Ada-SPARK-Product-Of-Array-Except-Self,20264049,full,21,B,killed,,killed,runtime_error,
misc/SPARK2/Ada-SPARK-Product-Of-Array-Except-Self,20264049,full,23,B,killed,,killed,test_check,
misc/SPARK2/Ada-SPARK-Product-Of-Array-Except-Self,20264049,full,24,B,killed,,killed,test_check,
misc/SPARK2/Ada-SPARK-Product-Of-Array-Except-Self,20264049,full,26,B,killed,,killed,test_check,
misc/SPARK2/Ada-SPARK-Product-Of-Array-Except-Self,20264049,full,29,B,killed,,killed,test_check,
misc/SPARK2/Ada-SPARK-Product-Of-Array-Except-Self,20264049,full,30,B,killed,,killed,test_check,
misc/SPARK2/Ada-SPARK-Product-Of-Array-Except-Self,20264049,full,31,B,killed,,killed,runtime_error,
misc/SPARK2/Ada-SPARK-Product-Of-Array-Except-Self,20264049,full,38,B,killed,,killed,test_check,
misc/SPARK2/Ada-SPARK-Product-Of-Array-Except-Self,20264049,full,39,B,killed,,killed,test_check,
misc/SPARK2/Ada-SPARK-Product-Of-Array-Except-Self,20264049,full,45,B,killed,,killed,test_check,
misc/SPARK2/Ada-SPARK-Product-Of-Array-Except-Self,20264049,full,49,B,killed,,killed,test_check,
misc/SPARK2/Ada-SPARK-Product-Of-Array-Except-Self,20264049,thinned,0,alt,killed,,killed,test_check,"{""tests.adb"": [1, 1, 0], ""own_checks.adb"": [1, 0, 0]}"
misc/SPARK2/Ada-SPARK-Product-Of-Array-Except-Self,20264049,thinned,1,ho,killed,,killed,test_check,"{""tests.adb"": [1, 1, 0], ""own_checks.adb"": [1, 0, 0]}"
misc/SPARK2/Ada-SPARK-Product-Of-Array-Except-Self,20264049,thinned,3,C,killed,,killed,runtime_error,"{""tests.adb"": [1, 1, 0], ""own_checks.adb"": [1, 0, 0]}"
misc/SPARK2/Ada-SPARK-Product-Of-Array-Except-Self,20264049,thinned,7,B,killed,,killed,runtime_error,"{""tests.adb"": [1, 1, 0], ""own_checks.adb"": [1, 0, 0]}"
misc/SPARK2/Ada-SPARK-Product-Of-Array-Except-Self,20264049,thinned,8,alt,killed,,killed,test_check,"{""tests.adb"": [1, 1, 0], ""own_checks.adb"": [1, 0, 0]}"
misc/SPARK2/Ada-SPARK-Product-Of-Array-Except-Self,20264049,thinned,10,C,killed,,killed,runtime_error,"{""tests.adb"": [1, 1, 0], ""own_checks.adb"": [1, 0, 0]}"
misc/SPARK2/Ada-SPARK-Product-Of-Array-Except-Self,20264049,thinned,13,alt,killed,,killed,runtime_error,"{""tests.adb"": [1, 1, 0], ""own_checks.adb"": [1, 0, 0]}"
misc/SPARK2/Ada-SPARK-Product-Of-Array-Except-Self,20264049,thinned,15,C,killed,,killed,runtime_error,"{""tests.adb"": [1, 1, 0], ""own_checks.adb"": [1, 0, 0]}"
misc/SPARK2/Ada-SPARK-Product-Of-Array-Except-Self,20264049,thinned,18,B,killed,,killed,test_check,"{""tests.adb"": [1, 1, 0], ""own_checks.adb"": [1, 0, 0]}"
misc/SPARK2/Ada-SPARK-Product-Of-Array-Except-Self,20264049,thinned,21,B,killed,,killed,runtime_error,"{""tests.adb"": [1, 1, 0], ""own_checks.adb"": [1, 0, 0]}"
misc/SPARK2/Ada-SPARK-Product-Of-Array-Except-Self,20264049,thinned,23,B,killed,,killed,test_check,"{""tests.adb"": [1, 1, 0], ""own_checks.adb"": [1, 0, 0]}"
misc/SPARK2/Ada-SPARK-Product-Of-Array-Except-Self,20264049,thinned,24,B,killed,,killed,test_check,"{""tests.adb"": [1, 1, 0], ""own_checks.adb"": [1, 0, 0]}"
misc/SPARK2/Ada-SPARK-Product-Of-Array-Except-Self,20264049,thinned,26,B,killed,,killed,test_check,"{""tests.adb"": [1, 1, 0], ""own_checks.adb"": [1, 0, 0]}"
misc/SPARK2/Ada-SPARK-Product-Of-Array-Except-Self,20264049,thinned,29,B,killed,,killed,test_check,"{""tests.adb"": [1, 1, 0], ""own_checks.adb"": [1, 0, 0]}"
misc/SPARK2/Ada-SPARK-Product-Of-Array-Except-Self,20264049,thinned,30,B,killed,,killed,test_check,"{""tests.adb"": [1, 1, 0], ""own_checks.adb"": [1, 0, 0]}"
misc/SPARK2/Ada-SPARK-Product-Of-Array-Except-Self,20264049,thinned,31,B,killed,,killed,runtime_error,"{""tests.adb"": [1, 1, 0], ""own_checks.adb"": [1, 0, 0]}"
misc/SPARK2/Ada-SPARK-Product-Of-Array-Except-Self,20264049,thinned,38,B,killed,,killed,test_check,"{""tests.adb"": [1, 1, 0], ""own_checks.adb"": [1, 0, 0]}"
misc/SPARK2/Ada-SPARK-Product-Of-Array-Except-Self,20264049,thinned,39,B,killed,,killed,test_check,"{""tests.adb"": [1, 1, 0], ""own_checks.adb"": [1, 0, 0]}"
misc/SPARK2/Ada-SPARK-Product-Of-Array-Except-Self,20264049,thinned,45,B,killed,,killed,test_check,"{""tests.adb"": [1, 1, 0], ""own_checks.adb"": [1, 0, 0]}"
misc/SPARK2/Ada-SPARK-Product-Of-Array-Except-Self,20264049,thinned,49,B,killed,,killed,test_check,"{""tests.adb"": [1, 1, 0], ""own_checks.adb"": [1, 0, 0]}"
misc/SPARK2/Ada-SPARK-Queue-Using-Stacks,20264050,full,4,alt,killed,,killed,contract,
misc/SPARK2/Ada-SPARK-Queue-Using-Stacks,20264050,full,11,B,killed,,killed,contract,
misc/SPARK2/Ada-SPARK-Queue-Using-Stacks,20264050,full,14,alt,killed,,killed,test_check,
misc/SPARK2/Ada-SPARK-Queue-Using-Stacks,20264050,full,25,alt,killed,,killed,test_check,
misc/SPARK2/Ada-SPARK-Queue-Using-Stacks,20264050,full,28,alt,killed,,killed,contract,
misc/SPARK2/Ada-SPARK-Queue-Using-Stacks,20264050,full,36,alt,killed,,killed,test_check,
misc/SPARK2/Ada-SPARK-Queue-Using-Stacks,20264050,full,38,alt,killed,,killed,contract,
misc/SPARK2/Ada-SPARK-Queue-Using-Stacks,20264050,full,47,B,killed,,killed,test_check,
misc/SPARK2/Ada-SPARK-Queue-Using-Stacks,20264050,full,48,alt,killed,,killed,test_check,
misc/SPARK2/Ada-SPARK-Queue-Using-Stacks,20264050,full,52,alt,killed,,killed,test_check,
misc/SPARK2/Ada-SPARK-Queue-Using-Stacks,20264050,full,53,alt,killed,,killed,test_check,
misc/SPARK2/Ada-SPARK-Queue-Using-Stacks,20264050,full,54,alt,killed,,killed,test_check,
misc/SPARK2/Ada-SPARK-Queue-Using-Stacks,20264050,full,56,alt,killed,,killed,test_check,
misc/SPARK2/Ada-SPARK-Queue-Using-Stacks,20264050,full,57,alt,killed,,killed,test_check,
misc/SPARK2/Ada-SPARK-Queue-Using-Stacks,20264050,thinned,4,alt,killed,,killed,contract,"{""tests.adb"": [0, 0, 0], ""own_checks.adb"": [6, 0, 1]}"
misc/SPARK2/Ada-SPARK-Queue-Using-Stacks,20264050,thinned,11,B,killed,,killed,contract,"{""tests.adb"": [0, 0, 0], ""own_checks.adb"": [6, 0, 1]}"
misc/SPARK2/Ada-SPARK-Queue-Using-Stacks,20264050,thinned,14,alt,killed,,killed,test_check,"{""tests.adb"": [0, 0, 0], ""own_checks.adb"": [6, 0, 1]}"
misc/SPARK2/Ada-SPARK-Queue-Using-Stacks,20264050,thinned,25,alt,killed,,killed,test_check,"{""tests.adb"": [0, 0, 0], ""own_checks.adb"": [6, 0, 1]}"
misc/SPARK2/Ada-SPARK-Queue-Using-Stacks,20264050,thinned,28,alt,killed,,killed,contract,"{""tests.adb"": [0, 0, 0], ""own_checks.adb"": [6, 0, 1]}"
misc/SPARK2/Ada-SPARK-Queue-Using-Stacks,20264050,thinned,36,alt,killed,,killed,test_check,"{""tests.adb"": [0, 0, 0], ""own_checks.adb"": [6, 0, 1]}"
misc/SPARK2/Ada-SPARK-Queue-Using-Stacks,20264050,thinned,38,alt,killed,,killed,contract,"{""tests.adb"": [0, 0, 0], ""own_checks.adb"": [6, 0, 1]}"
misc/SPARK2/Ada-SPARK-Queue-Using-Stacks,20264050,thinned,47,B,killed,,killed,test_check,"{""tests.adb"": [0, 0, 0], ""own_checks.adb"": [6, 0, 1]}"
misc/SPARK2/Ada-SPARK-Queue-Using-Stacks,20264050,thinned,48,alt,killed,,killed,test_check,"{""tests.adb"": [0, 0, 0], ""own_checks.adb"": [6, 0, 1]}"
misc/SPARK2/Ada-SPARK-Queue-Using-Stacks,20264050,thinned,52,alt,killed,,killed,test_check,"{""tests.adb"": [0, 0, 0], ""own_checks.adb"": [6, 0, 1]}"
misc/SPARK2/Ada-SPARK-Queue-Using-Stacks,20264050,thinned,53,alt,killed,,killed,test_check,"{""tests.adb"": [0, 0, 0], ""own_checks.adb"": [6, 0, 1]}"
misc/SPARK2/Ada-SPARK-Queue-Using-Stacks,20264050,thinned,54,alt,killed,,killed,test_check,"{""tests.adb"": [0, 0, 0], ""own_checks.adb"": [6, 0, 1]}"
misc/SPARK2/Ada-SPARK-Queue-Using-Stacks,20264050,thinned,56,alt,killed,,killed,test_check,"{""tests.adb"": [0, 0, 0], ""own_checks.adb"": [6, 0, 1]}"
misc/SPARK2/Ada-SPARK-Queue-Using-Stacks,20264050,thinned,57,alt,killed,,killed,test_check,"{""tests.adb"": [0, 0, 0], ""own_checks.adb"": [6, 0, 1]}"
misc/SPARK2/Ada-SPARK-Reverse-Bits,20264055,full,0,alt,killed,,killed,contract,
misc/SPARK2/Ada-SPARK-Reverse-Bits,20264055,full,3,B,killed,,killed,contract,
misc/SPARK2/Ada-SPARK-Reverse-Bits,20264055,full,5,B,killed,,killed,contract,
misc/SPARK2/Ada-SPARK-Reverse-Bits,20264055,full,6,alt,killed,,killed,contract,
misc/SPARK2/Ada-SPARK-Reverse-Bits,20264055,full,8,B,killed,,killed,contract,
misc/SPARK2/Ada-SPARK-Reverse-Bits,20264055,full,9,alt,killed,,killed,contract,
misc/SPARK2/Ada-SPARK-Reverse-Bits,20264055,full,10,B,killed,,killed,contract,
misc/SPARK2/Ada-SPARK-Reverse-Bits,20264055,full,11,alt,killed,,killed,contract,
misc/SPARK2/Ada-SPARK-Reverse-Bits,20264055,full,12,alt,killed,,killed,contract,
misc/SPARK2/Ada-SPARK-Reverse-Bits,20264055,full,13,alt,killed,,killed,contract,
misc/SPARK2/Ada-SPARK-Reverse-Bits,20264055,full,14,alt,killed,,killed,contract,
misc/SPARK2/Ada-SPARK-Reverse-Bits,20264055,thinned,0,alt,killed,,killed,test_check,"{""tests.adb"": [1, 4, 0], ""own_checks.adb"": [1, 1, 0]}"
misc/SPARK2/Ada-SPARK-Reverse-Bits,20264055,thinned,3,B,killed,,killed,test_check,"{""tests.adb"": [1, 4, 0], ""own_checks.adb"": [1, 1, 0]}"
misc/SPARK2/Ada-SPARK-Reverse-Bits,20264055,thinned,5,B,killed,,killed,test_check,"{""tests.adb"": [1, 4, 0], ""own_checks.adb"": [1, 1, 0]}"
misc/SPARK2/Ada-SPARK-Reverse-Bits,20264055,thinned,6,alt,killed,,killed,test_check,"{""tests.adb"": [1, 4, 0], ""own_checks.adb"": [1, 1, 0]}"
misc/SPARK2/Ada-SPARK-Reverse-Bits,20264055,thinned,8,B,killed,,killed,test_check,"{""tests.adb"": [1, 4, 0], ""own_checks.adb"": [1, 1, 0]}"
misc/SPARK2/Ada-SPARK-Reverse-Bits,20264055,thinned,9,alt,killed,,killed,test_check,"{""tests.adb"": [1, 4, 0], ""own_checks.adb"": [1, 1, 0]}"
misc/SPARK2/Ada-SPARK-Reverse-Bits,20264055,thinned,10,B,killed,,killed,test_check,"{""tests.adb"": [1, 4, 0], ""own_checks.adb"": [1, 1, 0]}"
misc/SPARK2/Ada-SPARK-Reverse-Bits,20264055,thinned,11,alt,killed,,killed,test_check,"{""tests.adb"": [1, 4, 0], ""own_checks.adb"": [1, 1, 0]}"
misc/SPARK2/Ada-SPARK-Reverse-Bits,20264055,thinned,12,alt,killed,,killed,test_check,"{""tests.adb"": [1, 4, 0], ""own_checks.adb"": [1, 1, 0]}"
misc/SPARK2/Ada-SPARK-Reverse-Bits,20264055,thinned,13,alt,killed,,killed,test_check,"{""tests.adb"": [1, 4, 0], ""own_checks.adb"": [1, 1, 0]}"
misc/SPARK2/Ada-SPARK-Reverse-Bits,20264055,thinned,14,alt,killed,,killed,test_check,"{""tests.adb"": [1, 4, 0], ""own_checks.adb"": [1, 1, 0]}"
misc/SPARK2/Ada-SPARK-Reverse-Linked-List-II,20264056,full,0,alt,killed,,killed,contract,
misc/SPARK2/Ada-SPARK-Reverse-Linked-List-II,20264056,full,1,ho,killed,,killed,runtime_error,
misc/SPARK2/Ada-SPARK-Reverse-Linked-List-II,20264056,full,3,C,killed,,killed,contract,
misc/SPARK2/Ada-SPARK-Reverse-Linked-List-II,20264056,full,5,B,killed,,killed,contract,
misc/SPARK2/Ada-SPARK-Reverse-Linked-List-II,20264056,full,6,alt,killed,,killed,contract,
misc/SPARK2/Ada-SPARK-Reverse-Linked-List-II,20264056,full,7,ho,killed,,killed,runtime_error,
misc/SPARK2/Ada-SPARK-Reverse-Linked-List-II,20264056,full,8,B,killed,,killed,test_check,
misc/SPARK2/Ada-SPARK-Reverse-Linked-List-II,20264056,full,9,C,killed,,killed,contract,
misc/SPARK2/Ada-SPARK-Reverse-Linked-List-II,20264056,full,10,alt,killed,,killed,contract,
misc/SPARK2/Ada-SPARK-Reverse-Linked-List-II,20264056,full,11,ho,killed,,killed,runtime_error,
misc/SPARK2/Ada-SPARK-Reverse-Linked-List-II,20264056,full,12,B,killed,,killed,contract,
misc/SPARK2/Ada-SPARK-Reverse-Linked-List-II,20264056,full,13,C,killed,,killed,contract,
misc/SPARK2/Ada-SPARK-Reverse-Linked-List-II,20264056,full,14,alt,killed,,killed,contract,
misc/SPARK2/Ada-SPARK-Reverse-Linked-List-II,20264056,full,15,ho,killed,,killed,runtime_error,
misc/SPARK2/Ada-SPARK-Reverse-Linked-List-II,20264056,full,17,C,killed,,killed,contract,
misc/SPARK2/Ada-SPARK-Reverse-Linked-List-II,20264056,full,19,B,killed,,killed,runtime_error,
misc/SPARK2/Ada-SPARK-Reverse-Linked-List-II,20264056,full,20,alt,killed,,killed,contract,
misc/SPARK2/Ada-SPARK-Reverse-Linked-List-II,20264056,full,21,ho,killed,,killed,runtime_error,
misc/SPARK2/Ada-SPARK-Reverse-Linked-List-II,20264056,full,26,B,killed,,killed,contract,
misc/SPARK2/Ada-SPARK-Reverse-Linked-List-II,20264056,full,27,alt,killed,,killed,contract,
misc/SPARK2/Ada-SPARK-Reverse-Linked-List-II,20264056,full,28,ho,killed,,killed,runtime_error,
misc/SPARK2/Ada-SPARK-Reverse-Linked-List-II,20264056,full,34,B,killed,,killed,contract,
misc/SPARK2/Ada-SPARK-Reverse-Linked-List-II,20264056,full,35,alt,killed,,killed,contract,
misc/SPARK2/Ada-SPARK-Reverse-Linked-List-II,20264056,full,36,ho,killed,,killed,runtime_error,
misc/SPARK2/Ada-SPARK-Reverse-Linked-List-II,20264056,full,38,B,killed,,killed,contract,
misc/SPARK2/Ada-SPARK-Reverse-Linked-List-II,20264056,full,39,ho,killed,,killed,runtime_error,
misc/SPARK2/Ada-SPARK-Reverse-Linked-List-II,20264056,full,40,B,killed,,killed,test_check,
misc/SPARK2/Ada-SPARK-Reverse-Linked-List-II,20264056,full,41,ho,timeout,,timeout,,
misc/SPARK2/Ada-SPARK-Reverse-Linked-List-II,20264056,full,43,B,killed,,killed,contract,
misc/SPARK2/Ada-SPARK-Reverse-Linked-List-II,20264056,full,51,B,killed,,killed,test_check,
misc/SPARK2/Ada-SPARK-Reverse-Linked-List-II,20264056,full,55,B,killed,,killed,test_check,
misc/SPARK2/Ada-SPARK-Reverse-Linked-List-II,20264056,full,61,B,killed,,killed,contract,
misc/SPARK2/Ada-SPARK-Reverse-Linked-List-II,20264056,full,77,B,killed,,killed,test_check,
misc/SPARK2/Ada-SPARK-Reverse-Linked-List-II,20264056,full,78,B,killed,,killed,contract,
misc/SPARK2/Ada-SPARK-Reverse-Linked-List-II,20264056,full,84,B,killed,,killed,test_check,
misc/SPARK2/Ada-SPARK-Reverse-Linked-List-II,20264056,thinned,0,alt,killed,,killed,test_check,"{""tests/main.adb"": [1, 4, 0], ""tests/own_checks.adb"": [4, 1, 0]}"
misc/SPARK2/Ada-SPARK-Reverse-Linked-List-II,20264056,thinned,1,ho,killed,,killed,runtime_error,"{""tests/main.adb"": [1, 4, 0], ""tests/own_checks.adb"": [4, 1, 0]}"
misc/SPARK2/Ada-SPARK-Reverse-Linked-List-II,20264056,thinned,3,C,killed,,killed,test_check,"{""tests/main.adb"": [1, 4, 0], ""tests/own_checks.adb"": [4, 1, 0]}"
misc/SPARK2/Ada-SPARK-Reverse-Linked-List-II,20264056,thinned,5,B,killed,,killed,contract,"{""tests/main.adb"": [1, 4, 0], ""tests/own_checks.adb"": [4, 1, 0]}"
misc/SPARK2/Ada-SPARK-Reverse-Linked-List-II,20264056,thinned,6,alt,killed,,killed,contract,"{""tests/main.adb"": [1, 4, 0], ""tests/own_checks.adb"": [4, 1, 0]}"
misc/SPARK2/Ada-SPARK-Reverse-Linked-List-II,20264056,thinned,7,ho,killed,,killed,runtime_error,"{""tests/main.adb"": [1, 4, 0], ""tests/own_checks.adb"": [4, 1, 0]}"
misc/SPARK2/Ada-SPARK-Reverse-Linked-List-II,20264056,thinned,8,B,killed,,killed,test_check,"{""tests/main.adb"": [1, 4, 0], ""tests/own_checks.adb"": [4, 1, 0]}"
misc/SPARK2/Ada-SPARK-Reverse-Linked-List-II,20264056,thinned,9,C,killed,,killed,contract,"{""tests/main.adb"": [1, 4, 0], ""tests/own_checks.adb"": [4, 1, 0]}"
misc/SPARK2/Ada-SPARK-Reverse-Linked-List-II,20264056,thinned,10,alt,killed,,killed,contract,"{""tests/main.adb"": [1, 4, 0], ""tests/own_checks.adb"": [4, 1, 0]}"
misc/SPARK2/Ada-SPARK-Reverse-Linked-List-II,20264056,thinned,11,ho,killed,,killed,runtime_error,"{""tests/main.adb"": [1, 4, 0], ""tests/own_checks.adb"": [4, 1, 0]}"
misc/SPARK2/Ada-SPARK-Reverse-Linked-List-II,20264056,thinned,12,B,killed,,killed,test_check,"{""tests/main.adb"": [1, 4, 0], ""tests/own_checks.adb"": [4, 1, 0]}"
misc/SPARK2/Ada-SPARK-Reverse-Linked-List-II,20264056,thinned,13,C,killed,,killed,test_check,"{""tests/main.adb"": [1, 4, 0], ""tests/own_checks.adb"": [4, 1, 0]}"
misc/SPARK2/Ada-SPARK-Reverse-Linked-List-II,20264056,thinned,14,alt,killed,,killed,test_check,"{""tests/main.adb"": [1, 4, 0], ""tests/own_checks.adb"": [4, 1, 0]}"
misc/SPARK2/Ada-SPARK-Reverse-Linked-List-II,20264056,thinned,15,ho,killed,,killed,runtime_error,"{""tests/main.adb"": [1, 4, 0], ""tests/own_checks.adb"": [4, 1, 0]}"
misc/SPARK2/Ada-SPARK-Reverse-Linked-List-II,20264056,thinned,17,C,killed,,killed,test_check,"{""tests/main.adb"": [1, 4, 0], ""tests/own_checks.adb"": [4, 1, 0]}"
misc/SPARK2/Ada-SPARK-Reverse-Linked-List-II,20264056,thinned,19,B,killed,,killed,runtime_error,"{""tests/main.adb"": [1, 4, 0], ""tests/own_checks.adb"": [4, 1, 0]}"
misc/SPARK2/Ada-SPARK-Reverse-Linked-List-II,20264056,thinned,20,alt,killed,,killed,contract,"{""tests/main.adb"": [1, 4, 0], ""tests/own_checks.adb"": [4, 1, 0]}"
misc/SPARK2/Ada-SPARK-Reverse-Linked-List-II,20264056,thinned,21,ho,killed,,killed,runtime_error,"{""tests/main.adb"": [1, 4, 0], ""tests/own_checks.adb"": [4, 1, 0]}"
misc/SPARK2/Ada-SPARK-Reverse-Linked-List-II,20264056,thinned,26,B,killed,,killed,test_check,"{""tests/main.adb"": [1, 4, 0], ""tests/own_checks.adb"": [4, 1, 0]}"
misc/SPARK2/Ada-SPARK-Reverse-Linked-List-II,20264056,thinned,27,alt,killed,,killed,contract,"{""tests/main.adb"": [1, 4, 0], ""tests/own_checks.adb"": [4, 1, 0]}"
misc/SPARK2/Ada-SPARK-Reverse-Linked-List-II,20264056,thinned,28,ho,killed,,killed,runtime_error,"{""tests/main.adb"": [1, 4, 0], ""tests/own_checks.adb"": [4, 1, 0]}"
misc/SPARK2/Ada-SPARK-Reverse-Linked-List-II,20264056,thinned,34,B,killed,,killed,test_check,"{""tests/main.adb"": [1, 4, 0], ""tests/own_checks.adb"": [4, 1, 0]}"
misc/SPARK2/Ada-SPARK-Reverse-Linked-List-II,20264056,thinned,35,alt,killed,,killed,contract,"{""tests/main.adb"": [1, 4, 0], ""tests/own_checks.adb"": [4, 1, 0]}"
misc/SPARK2/Ada-SPARK-Reverse-Linked-List-II,20264056,thinned,36,ho,killed,,killed,runtime_error,"{""tests/main.adb"": [1, 4, 0], ""tests/own_checks.adb"": [4, 1, 0]}"
misc/SPARK2/Ada-SPARK-Reverse-Linked-List-II,20264056,thinned,38,B,killed,,killed,test_check,"{""tests/main.adb"": [1, 4, 0], ""tests/own_checks.adb"": [4, 1, 0]}"
misc/SPARK2/Ada-SPARK-Reverse-Linked-List-II,20264056,thinned,39,ho,killed,,killed,runtime_error,"{""tests/main.adb"": [1, 4, 0], ""tests/own_checks.adb"": [4, 1, 0]}"
misc/SPARK2/Ada-SPARK-Reverse-Linked-List-II,20264056,thinned,40,B,killed,,killed,test_check,"{""tests/main.adb"": [1, 4, 0], ""tests/own_checks.adb"": [4, 1, 0]}"
misc/SPARK2/Ada-SPARK-Reverse-Linked-List-II,20264056,thinned,41,ho,timeout,,timeout,,"{""tests/main.adb"": [1, 4, 0], ""tests/own_checks.adb"": [4, 1, 0]}"
misc/SPARK2/Ada-SPARK-Reverse-Linked-List-II,20264056,thinned,43,B,killed,,killed,contract,"{""tests/main.adb"": [1, 4, 0], ""tests/own_checks.adb"": [4, 1, 0]}"
misc/SPARK2/Ada-SPARK-Reverse-Linked-List-II,20264056,thinned,51,B,killed,,killed,test_check,"{""tests/main.adb"": [1, 4, 0], ""tests/own_checks.adb"": [4, 1, 0]}"
misc/SPARK2/Ada-SPARK-Reverse-Linked-List-II,20264056,thinned,55,B,killed,,killed,test_check,"{""tests/main.adb"": [1, 4, 0], ""tests/own_checks.adb"": [4, 1, 0]}"
misc/SPARK2/Ada-SPARK-Reverse-Linked-List-II,20264056,thinned,61,B,killed,,killed,test_check,"{""tests/main.adb"": [1, 4, 0], ""tests/own_checks.adb"": [4, 1, 0]}"
misc/SPARK2/Ada-SPARK-Reverse-Linked-List-II,20264056,thinned,77,B,killed,,killed,test_check,"{""tests/main.adb"": [1, 4, 0], ""tests/own_checks.adb"": [4, 1, 0]}"
misc/SPARK2/Ada-SPARK-Reverse-Linked-List-II,20264056,thinned,78,B,killed,,killed,test_check,"{""tests/main.adb"": [1, 4, 0], ""tests/own_checks.adb"": [4, 1, 0]}"
misc/SPARK2/Ada-SPARK-Reverse-Linked-List-II,20264056,thinned,84,B,killed,,killed,test_check,"{""tests/main.adb"": [1, 4, 0], ""tests/own_checks.adb"": [4, 1, 0]}"
misc/SPARK2/Ada-SPARK-Roman-To-Int,20264057,full,0,alt,killed,,killed,test_check,
misc/SPARK2/Ada-SPARK-Roman-To-Int,20264057,full,1,ho,killed,,killed,contract,
misc/SPARK2/Ada-SPARK-Roman-To-Int,20264057,full,2,B,killed,,killed,contract,
misc/SPARK2/Ada-SPARK-Roman-To-Int,20264057,full,3,alt,killed,,killed,test_check,
misc/SPARK2/Ada-SPARK-Roman-To-Int,20264057,full,4,ho,killed,,killed,contract,
misc/SPARK2/Ada-SPARK-Roman-To-Int,20264057,full,5,B,killed,,killed,contract,
misc/SPARK2/Ada-SPARK-Roman-To-Int,20264057,full,6,alt,killed,,killed,test_check,
misc/SPARK2/Ada-SPARK-Roman-To-Int,20264057,full,7,ho,killed,,killed,test_check,
misc/SPARK2/Ada-SPARK-Roman-To-Int,20264057,full,8,B,killed,,killed,test_check,
misc/SPARK2/Ada-SPARK-Roman-To-Int,20264057,full,9,alt,killed,,killed,contract,
misc/SPARK2/Ada-SPARK-Roman-To-Int,20264057,full,10,ho,killed,,killed,contract,
misc/SPARK2/Ada-SPARK-Roman-To-Int,20264057,full,11,B,killed,,killed,contract,
misc/SPARK2/Ada-SPARK-Roman-To-Int,20264057,full,12,alt,killed,,killed,test_check,
misc/SPARK2/Ada-SPARK-Roman-To-Int,20264057,full,13,ho,killed,,killed,contract,
misc/SPARK2/Ada-SPARK-Roman-To-Int,20264057,full,14,B,killed,,killed,contract,
misc/SPARK2/Ada-SPARK-Roman-To-Int,20264057,full,15,alt,killed,,killed,contract,
misc/SPARK2/Ada-SPARK-Roman-To-Int,20264057,full,16,ho,killed,,killed,test_check,
misc/SPARK2/Ada-SPARK-Roman-To-Int,20264057,full,18,B,killed,,killed,contract,
misc/SPARK2/Ada-SPARK-Roman-To-Int,20264057,full,19,alt,killed,,killed,test_check,
misc/SPARK2/Ada-SPARK-Roman-To-Int,20264057,full,20,ho,killed,,killed,contract,
misc/SPARK2/Ada-SPARK-Roman-To-Int,20264057,full,21,B,killed,,killed,contract,
misc/SPARK2/Ada-SPARK-Roman-To-Int,20264057,full,22,alt,killed,,killed,contract,
misc/SPARK2/Ada-SPARK-Roman-To-Int,20264057,full,23,ho,killed,,killed,contract,
misc/SPARK2/Ada-SPARK-Roman-To-Int,20264057,full,24,B,killed,,killed,test_check,
misc/SPARK2/Ada-SPARK-Roman-To-Int,20264057,full,25,alt,killed,,killed,contract,
misc/SPARK2/Ada-SPARK-Roman-To-Int,20264057,full,26,ho,killed,,killed,test_check,
misc/SPARK2/Ada-SPARK-Roman-To-Int,20264057,full,27,B,killed,,killed,test_check,
misc/SPARK2/Ada-SPARK-Roman-To-Int,20264057,full,28,alt,killed,,killed,contract,
misc/SPARK2/Ada-SPARK-Roman-To-Int,20264057,full,29,ho,killed,,killed,contract,
misc/SPARK2/Ada-SPARK-Roman-To-Int,20264057,full,31,B,killed,,killed,contract,
misc/SPARK2/Ada-SPARK-Roman-To-Int,20264057,full,32,alt,killed,,killed,test_check,
misc/SPARK2/Ada-SPARK-Roman-To-Int,20264057,full,33,ho,killed,,killed,test_check,
misc/SPARK2/Ada-SPARK-Roman-To-Int,20264057,full,35,B,killed,,killed,contract,
misc/SPARK2/Ada-SPARK-Roman-To-Int,20264057,full,36,alt,killed,,killed,contract,
misc/SPARK2/Ada-SPARK-Roman-To-Int,20264057,full,37,ho,killed,,killed,test_check,
misc/SPARK2/Ada-SPARK-Roman-To-Int,20264057,full,38,B,killed,,killed,contract,
misc/SPARK2/Ada-SPARK-Roman-To-Int,20264057,full,39,alt,killed,,killed,test_check,
misc/SPARK2/Ada-SPARK-Roman-To-Int,20264057,full,40,ho,killed,,killed,contract,
misc/SPARK2/Ada-SPARK-Roman-To-Int,20264057,full,42,B,killed,,killed,contract,
misc/SPARK2/Ada-SPARK-Roman-To-Int,20264057,full,43,alt,killed,,killed,contract,
misc/SPARK2/Ada-SPARK-Roman-To-Int,20264057,full,44,ho,killed,,killed,test_check,
misc/SPARK2/Ada-SPARK-Roman-To-Int,20264057,full,46,B,killed,,killed,contract,
misc/SPARK2/Ada-SPARK-Roman-To-Int,20264057,full,47,ho,killed,,killed,contract,
misc/SPARK2/Ada-SPARK-Roman-To-Int,20264057,full,48,B,killed,,killed,contract,
misc/SPARK2/Ada-SPARK-Roman-To-Int,20264057,full,49,ho,killed,,killed,contract,
misc/SPARK2/Ada-SPARK-Roman-To-Int,20264057,full,50,B,killed,,killed,contract,
misc/SPARK2/Ada-SPARK-Roman-To-Int,20264057,full,51,ho,killed,,killed,contract,
misc/SPARK2/Ada-SPARK-Roman-To-Int,20264057,full,53,B,killed,,killed,test_check,
misc/SPARK2/Ada-SPARK-Roman-To-Int,20264057,thinned,0,alt,killed,,killed,test_check,"{""tests.adb"": [1, 1, 0], ""own_checks.adb"": [2, 0, 0]}"
misc/SPARK2/Ada-SPARK-Roman-To-Int,20264057,thinned,1,ho,killed,,killed,contract,"{""tests.adb"": [1, 1, 0], ""own_checks.adb"": [2, 0, 0]}"
misc/SPARK2/Ada-SPARK-Roman-To-Int,20264057,thinned,2,B,killed,,killed,test_check,"{""tests.adb"": [1, 1, 0], ""own_checks.adb"": [2, 0, 0]}"
misc/SPARK2/Ada-SPARK-Roman-To-Int,20264057,thinned,3,alt,killed,,killed,test_check,"{""tests.adb"": [1, 1, 0], ""own_checks.adb"": [2, 0, 0]}"
misc/SPARK2/Ada-SPARK-Roman-To-Int,20264057,thinned,4,ho,killed,,killed,contract,"{""tests.adb"": [1, 1, 0], ""own_checks.adb"": [2, 0, 0]}"
misc/SPARK2/Ada-SPARK-Roman-To-Int,20264057,thinned,5,B,killed,,killed,contract,"{""tests.adb"": [1, 1, 0], ""own_checks.adb"": [2, 0, 0]}"
misc/SPARK2/Ada-SPARK-Roman-To-Int,20264057,thinned,6,alt,killed,,killed,test_check,"{""tests.adb"": [1, 1, 0], ""own_checks.adb"": [2, 0, 0]}"
misc/SPARK2/Ada-SPARK-Roman-To-Int,20264057,thinned,7,ho,killed,,killed,test_check,"{""tests.adb"": [1, 1, 0], ""own_checks.adb"": [2, 0, 0]}"
misc/SPARK2/Ada-SPARK-Roman-To-Int,20264057,thinned,8,B,killed,,killed,test_check,"{""tests.adb"": [1, 1, 0], ""own_checks.adb"": [2, 0, 0]}"
misc/SPARK2/Ada-SPARK-Roman-To-Int,20264057,thinned,9,alt,killed,,killed,contract,"{""tests.adb"": [1, 1, 0], ""own_checks.adb"": [2, 0, 0]}"
misc/SPARK2/Ada-SPARK-Roman-To-Int,20264057,thinned,10,ho,killed,,killed,contract,"{""tests.adb"": [1, 1, 0], ""own_checks.adb"": [2, 0, 0]}"
misc/SPARK2/Ada-SPARK-Roman-To-Int,20264057,thinned,11,B,killed,,killed,contract,"{""tests.adb"": [1, 1, 0], ""own_checks.adb"": [2, 0, 0]}"
misc/SPARK2/Ada-SPARK-Roman-To-Int,20264057,thinned,12,alt,killed,,killed,test_check,"{""tests.adb"": [1, 1, 0], ""own_checks.adb"": [2, 0, 0]}"
misc/SPARK2/Ada-SPARK-Roman-To-Int,20264057,thinned,13,ho,killed,,killed,test_check,"{""tests.adb"": [1, 1, 0], ""own_checks.adb"": [2, 0, 0]}"
misc/SPARK2/Ada-SPARK-Roman-To-Int,20264057,thinned,14,B,killed,,killed,test_check,"{""tests.adb"": [1, 1, 0], ""own_checks.adb"": [2, 0, 0]}"
misc/SPARK2/Ada-SPARK-Roman-To-Int,20264057,thinned,15,alt,killed,,killed,contract,"{""tests.adb"": [1, 1, 0], ""own_checks.adb"": [2, 0, 0]}"
misc/SPARK2/Ada-SPARK-Roman-To-Int,20264057,thinned,16,ho,killed,,killed,test_check,"{""tests.adb"": [1, 1, 0], ""own_checks.adb"": [2, 0, 0]}"
misc/SPARK2/Ada-SPARK-Roman-To-Int,20264057,thinned,18,B,killed,,killed,test_check,"{""tests.adb"": [1, 1, 0], ""own_checks.adb"": [2, 0, 0]}"
misc/SPARK2/Ada-SPARK-Roman-To-Int,20264057,thinned,19,alt,killed,,killed,test_check,"{""tests.adb"": [1, 1, 0], ""own_checks.adb"": [2, 0, 0]}"
misc/SPARK2/Ada-SPARK-Roman-To-Int,20264057,thinned,20,ho,killed,,killed,contract,"{""tests.adb"": [1, 1, 0], ""own_checks.adb"": [2, 0, 0]}"
misc/SPARK2/Ada-SPARK-Roman-To-Int,20264057,thinned,21,B,killed,,killed,test_check,"{""tests.adb"": [1, 1, 0], ""own_checks.adb"": [2, 0, 0]}"
misc/SPARK2/Ada-SPARK-Roman-To-Int,20264057,thinned,22,alt,killed,,killed,contract,"{""tests.adb"": [1, 1, 0], ""own_checks.adb"": [2, 0, 0]}"
misc/SPARK2/Ada-SPARK-Roman-To-Int,20264057,thinned,23,ho,killed,,killed,contract,"{""tests.adb"": [1, 1, 0], ""own_checks.adb"": [2, 0, 0]}"
misc/SPARK2/Ada-SPARK-Roman-To-Int,20264057,thinned,24,B,killed,,killed,test_check,"{""tests.adb"": [1, 1, 0], ""own_checks.adb"": [2, 0, 0]}"
misc/SPARK2/Ada-SPARK-Roman-To-Int,20264057,thinned,25,alt,killed,,killed,contract,"{""tests.adb"": [1, 1, 0], ""own_checks.adb"": [2, 0, 0]}"
misc/SPARK2/Ada-SPARK-Roman-To-Int,20264057,thinned,26,ho,killed,,killed,test_check,"{""tests.adb"": [1, 1, 0], ""own_checks.adb"": [2, 0, 0]}"
misc/SPARK2/Ada-SPARK-Roman-To-Int,20264057,thinned,27,B,killed,,killed,test_check,"{""tests.adb"": [1, 1, 0], ""own_checks.adb"": [2, 0, 0]}"
misc/SPARK2/Ada-SPARK-Roman-To-Int,20264057,thinned,28,alt,killed,,killed,contract,"{""tests.adb"": [1, 1, 0], ""own_checks.adb"": [2, 0, 0]}"
misc/SPARK2/Ada-SPARK-Roman-To-Int,20264057,thinned,29,ho,killed,,killed,contract,"{""tests.adb"": [1, 1, 0], ""own_checks.adb"": [2, 0, 0]}"
misc/SPARK2/Ada-SPARK-Roman-To-Int,20264057,thinned,31,B,killed,,killed,contract,"{""tests.adb"": [1, 1, 0], ""own_checks.adb"": [2, 0, 0]}"
misc/SPARK2/Ada-SPARK-Roman-To-Int,20264057,thinned,32,alt,killed,,killed,test_check,"{""tests.adb"": [1, 1, 0], ""own_checks.adb"": [2, 0, 0]}"
misc/SPARK2/Ada-SPARK-Roman-To-Int,20264057,thinned,33,ho,killed,,killed,test_check,"{""tests.adb"": [1, 1, 0], ""own_checks.adb"": [2, 0, 0]}"
misc/SPARK2/Ada-SPARK-Roman-To-Int,20264057,thinned,35,B,killed,,killed,contract,"{""tests.adb"": [1, 1, 0], ""own_checks.adb"": [2, 0, 0]}"
misc/SPARK2/Ada-SPARK-Roman-To-Int,20264057,thinned,36,alt,killed,,killed,test_check,"{""tests.adb"": [1, 1, 0], ""own_checks.adb"": [2, 0, 0]}"
misc/SPARK2/Ada-SPARK-Roman-To-Int,20264057,thinned,37,ho,killed,,killed,test_check,"{""tests.adb"": [1, 1, 0], ""own_checks.adb"": [2, 0, 0]}"
misc/SPARK2/Ada-SPARK-Roman-To-Int,20264057,thinned,38,B,killed,,killed,contract,"{""tests.adb"": [1, 1, 0], ""own_checks.adb"": [2, 0, 0]}"
misc/SPARK2/Ada-SPARK-Roman-To-Int,20264057,thinned,39,alt,killed,,killed,test_check,"{""tests.adb"": [1, 1, 0], ""own_checks.adb"": [2, 0, 0]}"
misc/SPARK2/Ada-SPARK-Roman-To-Int,20264057,thinned,40,ho,killed,,killed,test_check,"{""tests.adb"": [1, 1, 0], ""own_checks.adb"": [2, 0, 0]}"
misc/SPARK2/Ada-SPARK-Roman-To-Int,20264057,thinned,42,B,killed,,killed,contract,"{""tests.adb"": [1, 1, 0], ""own_checks.adb"": [2, 0, 0]}"
misc/SPARK2/Ada-SPARK-Roman-To-Int,20264057,thinned,43,alt,killed,,killed,contract,"{""tests.adb"": [1, 1, 0], ""own_checks.adb"": [2, 0, 0]}"
misc/SPARK2/Ada-SPARK-Roman-To-Int,20264057,thinned,44,ho,killed,,killed,test_check,"{""tests.adb"": [1, 1, 0], ""own_checks.adb"": [2, 0, 0]}"
misc/SPARK2/Ada-SPARK-Roman-To-Int,20264057,thinned,46,B,killed,,killed,contract,"{""tests.adb"": [1, 1, 0], ""own_checks.adb"": [2, 0, 0]}"
misc/SPARK2/Ada-SPARK-Roman-To-Int,20264057,thinned,47,ho,killed,,killed,test_check,"{""tests.adb"": [1, 1, 0], ""own_checks.adb"": [2, 0, 0]}"
misc/SPARK2/Ada-SPARK-Roman-To-Int,20264057,thinned,48,B,killed,,killed,contract,"{""tests.adb"": [1, 1, 0], ""own_checks.adb"": [2, 0, 0]}"
misc/SPARK2/Ada-SPARK-Roman-To-Int,20264057,thinned,49,ho,killed,,killed,contract,"{""tests.adb"": [1, 1, 0], ""own_checks.adb"": [2, 0, 0]}"
misc/SPARK2/Ada-SPARK-Roman-To-Int,20264057,thinned,50,B,killed,,killed,contract,"{""tests.adb"": [1, 1, 0], ""own_checks.adb"": [2, 0, 0]}"
misc/SPARK2/Ada-SPARK-Roman-To-Int,20264057,thinned,51,ho,killed,,killed,contract,"{""tests.adb"": [1, 1, 0], ""own_checks.adb"": [2, 0, 0]}"
misc/SPARK2/Ada-SPARK-Roman-To-Int,20264057,thinned,53,B,killed,,killed,test_check,"{""tests.adb"": [1, 1, 0], ""own_checks.adb"": [2, 0, 0]}"
misc/SPARK2/Ada-SPARK-Special-Array-With-X-Elements,20264058,full,0,alt,killed,,killed,test_check,
misc/SPARK2/Ada-SPARK-Special-Array-With-X-Elements,20264058,full,1,ho,killed,,killed,test_check,
misc/SPARK2/Ada-SPARK-Special-Array-With-X-Elements,20264058,full,3,C,killed,,killed,test_check,
misc/SPARK2/Ada-SPARK-Special-Array-With-X-Elements,20264058,full,10,B,killed,,killed,test_check,
misc/SPARK2/Ada-SPARK-Special-Array-With-X-Elements,20264058,full,11,alt,killed,,killed,test_check,
misc/SPARK2/Ada-SPARK-Special-Array-With-X-Elements,20264058,full,12,ho,killed,,killed,test_check,
misc/SPARK2/Ada-SPARK-Special-Array-With-X-Elements,20264058,full,13,B,killed,,killed,test_check,
misc/SPARK2/Ada-SPARK-Special-Array-With-X-Elements,20264058,full,14,C,killed,,killed,test_check,
misc/SPARK2/Ada-SPARK-Special-Array-With-X-Elements,20264058,full,16,ho,killed,,killed,test_check,
misc/SPARK2/Ada-SPARK-Special-Array-With-X-Elements,20264058,full,18,C,killed,,killed,test_check,
misc/SPARK2/Ada-SPARK-Special-Array-With-X-Elements,20264058,full,21,alt,killed,,killed,test_check,
misc/SPARK2/Ada-SPARK-Special-Array-With-X-Elements,20264058,full,32,alt,killed,,killed,test_check,
misc/SPARK2/Ada-SPARK-Special-Array-With-X-Elements,20264058,full,33,ho,killed,,killed,test_check,
misc/SPARK2/Ada-SPARK-Special-Array-With-X-Elements,20264058,full,34,C,killed,,killed,test_check,
misc/SPARK2/Ada-SPARK-Special-Array-With-X-Elements,20264058,full,35,alt,killed,,killed,test_check,
misc/SPARK2/Ada-SPARK-Special-Array-With-X-Elements,20264058,full,36,ho,killed,,killed,test_check,
misc/SPARK2/Ada-SPARK-Special-Array-With-X-Elements,20264058,full,38,alt,killed,,killed,test_check,
misc/SPARK2/Ada-SPARK-Special-Array-With-X-Elements,20264058,full,39,ho,killed,,killed,test_check,
misc/SPARK2/Ada-SPARK-Special-Array-With-X-Elements,20264058,full,40,C,killed,,killed,runtime_error,
misc/SPARK2/Ada-SPARK-Special-Array-With-X-Elements,20264058,full,42,ho,killed,,killed,test_check,
misc/SPARK2/Ada-SPARK-Special-Array-With-X-Elements,20264058,full,43,C,killed,,killed,test_check,
misc/SPARK2/Ada-SPARK-Special-Array-With-X-Elements,20264058,full,47,alt,killed,,killed,test_check,
misc/SPARK2/Ada-SPARK-Special-Array-With-X-Elements,20264058,full,48,alt,killed,,killed,test_check,
misc/SPARK2/Ada-SPARK-Special-Array-With-X-Elements,20264058,full,49,ho,killed,,killed,test_check,
misc/SPARK2/Ada-SPARK-Special-Array-With-X-Elements,20264058,full,50,C,killed,,killed,runtime_error,
misc/SPARK2/Ada-SPARK-Special-Array-With-X-Elements,20264058,full,51,ho,killed,,killed,test_check,
misc/SPARK2/Ada-SPARK-Special-Array-With-X-Elements,20264058,full,52,C,killed,,killed,test_check,
misc/SPARK2/Ada-SPARK-Special-Array-With-X-Elements,20264058,full,53,ho,killed,,killed,test_check,
misc/SPARK2/Ada-SPARK-Special-Array-With-X-Elements,20264058,full,54,C,killed,,killed,test_check,
misc/SPARK2/Ada-SPARK-Special-Array-With-X-Elements,20264058,full,55,ho,killed,,killed,test_check,
misc/SPARK2/Ada-SPARK-Special-Array-With-X-Elements,20264058,full,56,C,killed,,killed,runtime_error,
misc/SPARK2/Ada-SPARK-Special-Array-With-X-Elements,20264058,full,57,C,killed,,killed,test_check,
misc/SPARK2/Ada-SPARK-Special-Array-With-X-Elements,20264058,full,58,C,killed,,killed,test_check,
misc/SPARK2/Ada-SPARK-Special-Array-With-X-Elements,20264058,full,60,C,killed,,killed,runtime_error,
misc/SPARK2/Ada-SPARK-Special-Array-With-X-Elements,20264058,full,61,C,killed,,killed,runtime_error,
misc/SPARK2/Ada-SPARK-Special-Array-With-X-Elements,20264058,full,62,C,killed,,killed,runtime_error,
misc/SPARK2/Ada-SPARK-Special-Array-With-X-Elements,20264058,full,63,C,killed,,killed,runtime_error,
misc/SPARK2/Ada-SPARK-Special-Array-With-X-Elements,20264058,full,64,C,killed,,killed,runtime_error,
misc/SPARK2/Ada-SPARK-Special-Array-With-X-Elements,20264058,full,66,C,killed,,killed,test_check,
misc/SPARK2/Ada-SPARK-Special-Array-With-X-Elements,20264058,full,67,C,killed,,killed,test_check,
misc/SPARK2/Ada-SPARK-Special-Array-With-X-Elements,20264058,full,68,C,killed,,killed,runtime_error,
misc/SPARK2/Ada-SPARK-Special-Array-With-X-Elements,20264058,full,69,C,killed,,killed,test_check,
misc/SPARK2/Ada-SPARK-Special-Array-With-X-Elements,20264058,full,70,C,killed,,killed,test_check,
misc/SPARK2/Ada-SPARK-Special-Array-With-X-Elements,20264058,full,73,C,killed,,killed,test_check,
misc/SPARK2/Ada-SPARK-Special-Array-With-X-Elements,20264058,thinned,0,alt,killed,,killed,test_check,"{""tests.adb"": [0, 0, 0], ""own_checks.adb"": [1, 0, 0]}"
misc/SPARK2/Ada-SPARK-Special-Array-With-X-Elements,20264058,thinned,1,ho,killed,,killed,test_check,"{""tests.adb"": [0, 0, 0], ""own_checks.adb"": [1, 0, 0]}"
misc/SPARK2/Ada-SPARK-Special-Array-With-X-Elements,20264058,thinned,3,C,killed,,killed,test_check,"{""tests.adb"": [0, 0, 0], ""own_checks.adb"": [1, 0, 0]}"
misc/SPARK2/Ada-SPARK-Special-Array-With-X-Elements,20264058,thinned,10,B,killed,,killed,test_check,"{""tests.adb"": [0, 0, 0], ""own_checks.adb"": [1, 0, 0]}"
misc/SPARK2/Ada-SPARK-Special-Array-With-X-Elements,20264058,thinned,11,alt,killed,,killed,test_check,"{""tests.adb"": [0, 0, 0], ""own_checks.adb"": [1, 0, 0]}"
misc/SPARK2/Ada-SPARK-Special-Array-With-X-Elements,20264058,thinned,12,ho,killed,,killed,test_check,"{""tests.adb"": [0, 0, 0], ""own_checks.adb"": [1, 0, 0]}"
misc/SPARK2/Ada-SPARK-Special-Array-With-X-Elements,20264058,thinned,13,B,killed,,killed,test_check,"{""tests.adb"": [0, 0, 0], ""own_checks.adb"": [1, 0, 0]}"
misc/SPARK2/Ada-SPARK-Special-Array-With-X-Elements,20264058,thinned,14,C,killed,,killed,test_check,"{""tests.adb"": [0, 0, 0], ""own_checks.adb"": [1, 0, 0]}"
misc/SPARK2/Ada-SPARK-Special-Array-With-X-Elements,20264058,thinned,16,ho,killed,,killed,test_check,"{""tests.adb"": [0, 0, 0], ""own_checks.adb"": [1, 0, 0]}"
misc/SPARK2/Ada-SPARK-Special-Array-With-X-Elements,20264058,thinned,18,C,killed,,killed,test_check,"{""tests.adb"": [0, 0, 0], ""own_checks.adb"": [1, 0, 0]}"
misc/SPARK2/Ada-SPARK-Special-Array-With-X-Elements,20264058,thinned,21,alt,killed,,killed,test_check,"{""tests.adb"": [0, 0, 0], ""own_checks.adb"": [1, 0, 0]}"
misc/SPARK2/Ada-SPARK-Special-Array-With-X-Elements,20264058,thinned,32,alt,killed,,killed,test_check,"{""tests.adb"": [0, 0, 0], ""own_checks.adb"": [1, 0, 0]}"
misc/SPARK2/Ada-SPARK-Special-Array-With-X-Elements,20264058,thinned,33,ho,killed,,killed,test_check,"{""tests.adb"": [0, 0, 0], ""own_checks.adb"": [1, 0, 0]}"
misc/SPARK2/Ada-SPARK-Special-Array-With-X-Elements,20264058,thinned,34,C,killed,,killed,test_check,"{""tests.adb"": [0, 0, 0], ""own_checks.adb"": [1, 0, 0]}"
misc/SPARK2/Ada-SPARK-Special-Array-With-X-Elements,20264058,thinned,35,alt,killed,,killed,test_check,"{""tests.adb"": [0, 0, 0], ""own_checks.adb"": [1, 0, 0]}"
misc/SPARK2/Ada-SPARK-Special-Array-With-X-Elements,20264058,thinned,36,ho,killed,,killed,test_check,"{""tests.adb"": [0, 0, 0], ""own_checks.adb"": [1, 0, 0]}"
misc/SPARK2/Ada-SPARK-Special-Array-With-X-Elements,20264058,thinned,38,alt,killed,,killed,test_check,"{""tests.adb"": [0, 0, 0], ""own_checks.adb"": [1, 0, 0]}"
misc/SPARK2/Ada-SPARK-Special-Array-With-X-Elements,20264058,thinned,39,ho,killed,,killed,test_check,"{""tests.adb"": [0, 0, 0], ""own_checks.adb"": [1, 0, 0]}"
misc/SPARK2/Ada-SPARK-Special-Array-With-X-Elements,20264058,thinned,40,C,killed,,killed,runtime_error,"{""tests.adb"": [0, 0, 0], ""own_checks.adb"": [1, 0, 0]}"
misc/SPARK2/Ada-SPARK-Special-Array-With-X-Elements,20264058,thinned,42,ho,killed,,killed,test_check,"{""tests.adb"": [0, 0, 0], ""own_checks.adb"": [1, 0, 0]}"
misc/SPARK2/Ada-SPARK-Special-Array-With-X-Elements,20264058,thinned,43,C,killed,,killed,test_check,"{""tests.adb"": [0, 0, 0], ""own_checks.adb"": [1, 0, 0]}"
misc/SPARK2/Ada-SPARK-Special-Array-With-X-Elements,20264058,thinned,47,alt,killed,,killed,test_check,"{""tests.adb"": [0, 0, 0], ""own_checks.adb"": [1, 0, 0]}"
misc/SPARK2/Ada-SPARK-Special-Array-With-X-Elements,20264058,thinned,48,alt,killed,,killed,test_check,"{""tests.adb"": [0, 0, 0], ""own_checks.adb"": [1, 0, 0]}"
misc/SPARK2/Ada-SPARK-Special-Array-With-X-Elements,20264058,thinned,49,ho,killed,,killed,test_check,"{""tests.adb"": [0, 0, 0], ""own_checks.adb"": [1, 0, 0]}"
misc/SPARK2/Ada-SPARK-Special-Array-With-X-Elements,20264058,thinned,50,C,killed,,killed,runtime_error,"{""tests.adb"": [0, 0, 0], ""own_checks.adb"": [1, 0, 0]}"
misc/SPARK2/Ada-SPARK-Special-Array-With-X-Elements,20264058,thinned,51,ho,killed,,killed,test_check,"{""tests.adb"": [0, 0, 0], ""own_checks.adb"": [1, 0, 0]}"
misc/SPARK2/Ada-SPARK-Special-Array-With-X-Elements,20264058,thinned,52,C,killed,,killed,test_check,"{""tests.adb"": [0, 0, 0], ""own_checks.adb"": [1, 0, 0]}"
misc/SPARK2/Ada-SPARK-Special-Array-With-X-Elements,20264058,thinned,53,ho,killed,,killed,test_check,"{""tests.adb"": [0, 0, 0], ""own_checks.adb"": [1, 0, 0]}"
misc/SPARK2/Ada-SPARK-Special-Array-With-X-Elements,20264058,thinned,54,C,killed,,killed,test_check,"{""tests.adb"": [0, 0, 0], ""own_checks.adb"": [1, 0, 0]}"
misc/SPARK2/Ada-SPARK-Special-Array-With-X-Elements,20264058,thinned,55,ho,killed,,killed,test_check,"{""tests.adb"": [0, 0, 0], ""own_checks.adb"": [1, 0, 0]}"
misc/SPARK2/Ada-SPARK-Special-Array-With-X-Elements,20264058,thinned,56,C,killed,,killed,runtime_error,"{""tests.adb"": [0, 0, 0], ""own_checks.adb"": [1, 0, 0]}"
misc/SPARK2/Ada-SPARK-Special-Array-With-X-Elements,20264058,thinned,57,C,killed,,killed,test_check,"{""tests.adb"": [0, 0, 0], ""own_checks.adb"": [1, 0, 0]}"
misc/SPARK2/Ada-SPARK-Special-Array-With-X-Elements,20264058,thinned,58,C,killed,,killed,test_check,"{""tests.adb"": [0, 0, 0], ""own_checks.adb"": [1, 0, 0]}"
misc/SPARK2/Ada-SPARK-Special-Array-With-X-Elements,20264058,thinned,60,C,killed,,killed,runtime_error,"{""tests.adb"": [0, 0, 0], ""own_checks.adb"": [1, 0, 0]}"
misc/SPARK2/Ada-SPARK-Special-Array-With-X-Elements,20264058,thinned,61,C,killed,,killed,runtime_error,"{""tests.adb"": [0, 0, 0], ""own_checks.adb"": [1, 0, 0]}"
misc/SPARK2/Ada-SPARK-Special-Array-With-X-Elements,20264058,thinned,62,C,killed,,killed,runtime_error,"{""tests.adb"": [0, 0, 0], ""own_checks.adb"": [1, 0, 0]}"
misc/SPARK2/Ada-SPARK-Special-Array-With-X-Elements,20264058,thinned,63,C,killed,,killed,runtime_error,"{""tests.adb"": [0, 0, 0], ""own_checks.adb"": [1, 0, 0]}"
misc/SPARK2/Ada-SPARK-Special-Array-With-X-Elements,20264058,thinned,64,C,killed,,killed,runtime_error,"{""tests.adb"": [0, 0, 0], ""own_checks.adb"": [1, 0, 0]}"
misc/SPARK2/Ada-SPARK-Special-Array-With-X-Elements,20264058,thinned,66,C,killed,,killed,test_check,"{""tests.adb"": [0, 0, 0], ""own_checks.adb"": [1, 0, 0]}"
misc/SPARK2/Ada-SPARK-Special-Array-With-X-Elements,20264058,thinned,67,C,killed,,killed,test_check,"{""tests.adb"": [0, 0, 0], ""own_checks.adb"": [1, 0, 0]}"
misc/SPARK2/Ada-SPARK-Special-Array-With-X-Elements,20264058,thinned,68,C,killed,,killed,runtime_error,"{""tests.adb"": [0, 0, 0], ""own_checks.adb"": [1, 0, 0]}"
misc/SPARK2/Ada-SPARK-Special-Array-With-X-Elements,20264058,thinned,69,C,killed,,killed,test_check,"{""tests.adb"": [0, 0, 0], ""own_checks.adb"": [1, 0, 0]}"
misc/SPARK2/Ada-SPARK-Special-Array-With-X-Elements,20264058,thinned,70,C,killed,,killed,test_check,"{""tests.adb"": [0, 0, 0], ""own_checks.adb"": [1, 0, 0]}"
misc/SPARK2/Ada-SPARK-Special-Array-With-X-Elements,20264058,thinned,73,C,killed,,killed,test_check,"{""tests.adb"": [0, 0, 0], ""own_checks.adb"": [1, 0, 0]}"
misc/SPARK2/Ada-SPARK-Sum-Of-Subarray-Minimums,20264065,full,0,alt,killed,,killed,contract,
misc/SPARK2/Ada-SPARK-Sum-Of-Subarray-Minimums,20264065,full,1,B,killed,,killed,contract,
misc/SPARK2/Ada-SPARK-Sum-Of-Subarray-Minimums,20264065,full,2,C,killed,,killed,runtime_error,
misc/SPARK2/Ada-SPARK-Sum-Of-Subarray-Minimums,20264065,full,3,alt,killed,,killed,runtime_error,
misc/SPARK2/Ada-SPARK-Sum-Of-Subarray-Minimums,20264065,full,4,B,killed,,killed,contract,
misc/SPARK2/Ada-SPARK-Sum-Of-Subarray-Minimums,20264065,full,5,C,killed,,killed,contract,
misc/SPARK2/Ada-SPARK-Sum-Of-Subarray-Minimums,20264065,full,7,C,killed,,killed,contract,
misc/SPARK2/Ada-SPARK-Sum-Of-Subarray-Minimums,20264065,full,8,B,killed,,killed,contract,
misc/SPARK2/Ada-SPARK-Sum-Of-Subarray-Minimums,20264065,full,10,C,killed,,killed,contract,
misc/SPARK2/Ada-SPARK-Sum-Of-Subarray-Minimums,20264065,full,11,B,killed,,killed,contract,
misc/SPARK2/Ada-SPARK-Sum-Of-Subarray-Minimums,20264065,full,12,B,killed,,killed,contract,
misc/SPARK2/Ada-SPARK-Sum-Of-Subarray-Minimums,20264065,full,13,C,killed,,killed,contract,
misc/SPARK2/Ada-SPARK-Sum-Of-Subarray-Minimums,20264065,full,14,B,killed,,killed,contract,
misc/SPARK2/Ada-SPARK-Sum-Of-Subarray-Minimums,20264065,full,16,B,killed,,killed,contract,
misc/SPARK2/Ada-SPARK-Sum-Of-Subarray-Minimums,20264065,full,20,B,killed,,killed,runtime_error,
misc/SPARK2/Ada-SPARK-Sum-Of-Subarray-Minimums,20264065,full,21,B,killed,,killed,contract,
misc/SPARK2/Ada-SPARK-Sum-Of-Subarray-Minimums,20264065,full,23,B,killed,,killed,contract,
misc/SPARK2/Ada-SPARK-Sum-Of-Subarray-Minimums,20264065,full,28,B,killed,,killed,contract,
misc/SPARK2/Ada-SPARK-Sum-Of-Subarray-Minimums,20264065,full,30,B,killed,,killed,contract,
misc/SPARK2/Ada-SPARK-Sum-Of-Subarray-Minimums,20264065,full,33,B,killed,,killed,contract,
misc/SPARK2/Ada-SPARK-Sum-Of-Subarray-Minimums,20264065,full,34,B,killed,,killed,contract,
misc/SPARK2/Ada-SPARK-Sum-Of-Subarray-Minimums,20264065,full,35,B,killed,,killed,contract,
misc/SPARK2/Ada-SPARK-Sum-Of-Subarray-Minimums,20264065,full,36,B,killed,,killed,contract,
misc/SPARK2/Ada-SPARK-Sum-Of-Subarray-Minimums,20264065,full,37,B,killed,,killed,contract,
misc/SPARK2/Ada-SPARK-Sum-Of-Subarray-Minimums,20264065,full,38,B,survived,,survived,,
misc/SPARK2/Ada-SPARK-Sum-Of-Subarray-Minimums,20264065,full,39,B,killed,,killed,contract,
misc/SPARK2/Ada-SPARK-Sum-Of-Subarray-Minimums,20264065,thinned,0,alt,killed,,killed,contract,"{""tests.adb"": [1, 1, 0], ""own_checks.adb"": [1, 0, 0]}"
misc/SPARK2/Ada-SPARK-Sum-Of-Subarray-Minimums,20264065,thinned,1,B,killed,,killed,contract,"{""tests.adb"": [1, 1, 0], ""own_checks.adb"": [1, 0, 0]}"
misc/SPARK2/Ada-SPARK-Sum-Of-Subarray-Minimums,20264065,thinned,2,C,killed,,killed,runtime_error,"{""tests.adb"": [1, 1, 0], ""own_checks.adb"": [1, 0, 0]}"
misc/SPARK2/Ada-SPARK-Sum-Of-Subarray-Minimums,20264065,thinned,3,alt,killed,,killed,contract,"{""tests.adb"": [1, 1, 0], ""own_checks.adb"": [1, 0, 0]}"
misc/SPARK2/Ada-SPARK-Sum-Of-Subarray-Minimums,20264065,thinned,4,B,killed,,killed,contract,"{""tests.adb"": [1, 1, 0], ""own_checks.adb"": [1, 0, 0]}"
misc/SPARK2/Ada-SPARK-Sum-Of-Subarray-Minimums,20264065,thinned,5,C,killed,,killed,contract,"{""tests.adb"": [1, 1, 0], ""own_checks.adb"": [1, 0, 0]}"
misc/SPARK2/Ada-SPARK-Sum-Of-Subarray-Minimums,20264065,thinned,7,C,killed,,killed,contract,"{""tests.adb"": [1, 1, 0], ""own_checks.adb"": [1, 0, 0]}"
misc/SPARK2/Ada-SPARK-Sum-Of-Subarray-Minimums,20264065,thinned,8,B,killed,,killed,contract,"{""tests.adb"": [1, 1, 0], ""own_checks.adb"": [1, 0, 0]}"
misc/SPARK2/Ada-SPARK-Sum-Of-Subarray-Minimums,20264065,thinned,10,C,killed,,killed,contract,"{""tests.adb"": [1, 1, 0], ""own_checks.adb"": [1, 0, 0]}"
misc/SPARK2/Ada-SPARK-Sum-Of-Subarray-Minimums,20264065,thinned,11,B,killed,,killed,contract,"{""tests.adb"": [1, 1, 0], ""own_checks.adb"": [1, 0, 0]}"
misc/SPARK2/Ada-SPARK-Sum-Of-Subarray-Minimums,20264065,thinned,12,B,killed,,killed,contract,"{""tests.adb"": [1, 1, 0], ""own_checks.adb"": [1, 0, 0]}"
misc/SPARK2/Ada-SPARK-Sum-Of-Subarray-Minimums,20264065,thinned,13,C,killed,,killed,contract,"{""tests.adb"": [1, 1, 0], ""own_checks.adb"": [1, 0, 0]}"
misc/SPARK2/Ada-SPARK-Sum-Of-Subarray-Minimums,20264065,thinned,14,B,killed,,killed,contract,"{""tests.adb"": [1, 1, 0], ""own_checks.adb"": [1, 0, 0]}"
misc/SPARK2/Ada-SPARK-Sum-Of-Subarray-Minimums,20264065,thinned,16,B,killed,,killed,contract,"{""tests.adb"": [1, 1, 0], ""own_checks.adb"": [1, 0, 0]}"
misc/SPARK2/Ada-SPARK-Sum-Of-Subarray-Minimums,20264065,thinned,20,B,killed,,killed,runtime_error,"{""tests.adb"": [1, 1, 0], ""own_checks.adb"": [1, 0, 0]}"
misc/SPARK2/Ada-SPARK-Sum-Of-Subarray-Minimums,20264065,thinned,21,B,killed,,killed,contract,"{""tests.adb"": [1, 1, 0], ""own_checks.adb"": [1, 0, 0]}"
misc/SPARK2/Ada-SPARK-Sum-Of-Subarray-Minimums,20264065,thinned,23,B,killed,,killed,contract,"{""tests.adb"": [1, 1, 0], ""own_checks.adb"": [1, 0, 0]}"
misc/SPARK2/Ada-SPARK-Sum-Of-Subarray-Minimums,20264065,thinned,28,B,killed,,killed,contract,"{""tests.adb"": [1, 1, 0], ""own_checks.adb"": [1, 0, 0]}"
misc/SPARK2/Ada-SPARK-Sum-Of-Subarray-Minimums,20264065,thinned,30,B,killed,,killed,contract,"{""tests.adb"": [1, 1, 0], ""own_checks.adb"": [1, 0, 0]}"
misc/SPARK2/Ada-SPARK-Sum-Of-Subarray-Minimums,20264065,thinned,33,B,killed,,killed,contract,"{""tests.adb"": [1, 1, 0], ""own_checks.adb"": [1, 0, 0]}"
misc/SPARK2/Ada-SPARK-Sum-Of-Subarray-Minimums,20264065,thinned,34,B,killed,,killed,contract,"{""tests.adb"": [1, 1, 0], ""own_checks.adb"": [1, 0, 0]}"
misc/SPARK2/Ada-SPARK-Sum-Of-Subarray-Minimums,20264065,thinned,35,B,killed,,killed,contract,"{""tests.adb"": [1, 1, 0], ""own_checks.adb"": [1, 0, 0]}"
misc/SPARK2/Ada-SPARK-Sum-Of-Subarray-Minimums,20264065,thinned,36,B,killed,,killed,contract,"{""tests.adb"": [1, 1, 0], ""own_checks.adb"": [1, 0, 0]}"
misc/SPARK2/Ada-SPARK-Sum-Of-Subarray-Minimums,20264065,thinned,37,B,killed,,killed,contract,"{""tests.adb"": [1, 1, 0], ""own_checks.adb"": [1, 0, 0]}"
misc/SPARK2/Ada-SPARK-Sum-Of-Subarray-Minimums,20264065,thinned,38,B,survived,,survived,,"{""tests.adb"": [1, 1, 0], ""own_checks.adb"": [1, 0, 0]}"
misc/SPARK2/Ada-SPARK-Sum-Of-Subarray-Minimums,20264065,thinned,39,B,killed,,killed,contract,"{""tests.adb"": [1, 1, 0], ""own_checks.adb"": [1, 0, 0]}"
misc/SPARK2/Ada-SPARK-Tanimoto,20264060,full,1,ho,killed,,killed,test_check,
misc/SPARK2/Ada-SPARK-Tanimoto,20264060,full,2,B,killed,,killed,test_check,
misc/SPARK2/Ada-SPARK-Tanimoto,20264060,full,3,C,killed,,killed,test_check,
misc/SPARK2/Ada-SPARK-Tanimoto,20264060,full,6,alt,killed,,killed,runtime_error,
misc/SPARK2/Ada-SPARK-Tanimoto,20264060,full,8,ho,killed,,killed,test_check,
misc/SPARK2/Ada-SPARK-Tanimoto,20264060,full,10,C,killed,,killed,test_check,
misc/SPARK2/Ada-SPARK-Tanimoto,20264060,full,11,alt,killed,,killed,test_check,
misc/SPARK2/Ada-SPARK-Tanimoto,20264060,full,12,B,killed,,killed,test_check,
misc/SPARK2/Ada-SPARK-Tanimoto,20264060,full,14,ho,killed,,killed,test_check,
misc/SPARK2/Ada-SPARK-Tanimoto,20264060,full,16,C,killed,,killed,test_check,
misc/SPARK2/Ada-SPARK-Tanimoto,20264060,full,20,B,killed,,killed,test_check,
misc/SPARK2/Ada-SPARK-Tanimoto,20264060,full,23,alt,killed,,killed,test_check,
misc/SPARK2/Ada-SPARK-Tanimoto,20264060,full,24,alt,killed,,killed,test_check,
misc/SPARK2/Ada-SPARK-Tanimoto,20264060,full,25,ho,killed,,killed,test_check,
misc/SPARK2/Ada-SPARK-Tanimoto,20264060,full,26,B,killed,,killed,test_check,
misc/SPARK2/Ada-SPARK-Tanimoto,20264060,full,27,C,killed,,killed,test_check,
misc/SPARK2/Ada-SPARK-Tanimoto,20264060,full,28,alt,killed,,killed,test_check,
misc/SPARK2/Ada-SPARK-Tanimoto,20264060,full,29,ho,killed,,killed,test_check,
misc/SPARK2/Ada-SPARK-Tanimoto,20264060,full,31,C,killed,,killed,test_check,
misc/SPARK2/Ada-SPARK-Tanimoto,20264060,full,35,B,killed,,killed,test_check,
misc/SPARK2/Ada-SPARK-Tanimoto,20264060,full,36,alt,killed,,killed,test_check,
misc/SPARK2/Ada-SPARK-Tanimoto,20264060,full,37,ho,killed,,killed,test_check,
misc/SPARK2/Ada-SPARK-Tanimoto,20264060,full,38,B,killed,,killed,test_check,
misc/SPARK2/Ada-SPARK-Tanimoto,20264060,full,40,C,killed,,killed,test_check,
misc/SPARK2/Ada-SPARK-Tanimoto,20264060,full,42,ho,killed,,killed,test_check,
misc/SPARK2/Ada-SPARK-Tanimoto,20264060,full,44,C,killed,,killed,test_check,
misc/SPARK2/Ada-SPARK-Tanimoto,20264060,full,45,alt,killed,,killed,test_check,
misc/SPARK2/Ada-SPARK-Tanimoto,20264060,full,50,B,killed,,killed,test_check,
misc/SPARK2/Ada-SPARK-Tanimoto,20264060,full,51,alt,killed,,killed,test_check,
misc/SPARK2/Ada-SPARK-Tanimoto,20264060,full,52,ho,killed,,killed,test_check,
misc/SPARK2/Ada-SPARK-Tanimoto,20264060,full,54,C,killed,,killed,test_check,
misc/SPARK2/Ada-SPARK-Tanimoto,20264060,full,57,B,killed,,killed,test_check,
misc/SPARK2/Ada-SPARK-Tanimoto,20264060,full,58,alt,killed,,killed,test_check,
misc/SPARK2/Ada-SPARK-Tanimoto,20264060,full,59,ho,killed,,killed,test_check,
misc/SPARK2/Ada-SPARK-Tanimoto,20264060,full,61,C,killed,,killed,test_check,
misc/SPARK2/Ada-SPARK-Tanimoto,20264060,full,66,B,killed,,killed,test_check,
misc/SPARK2/Ada-SPARK-Tanimoto,20264060,full,67,alt,killed,,killed,test_check,
misc/SPARK2/Ada-SPARK-Tanimoto,20264060,full,68,ho,killed,,killed,test_check,
misc/SPARK2/Ada-SPARK-Tanimoto,20264060,full,69,B,killed,,killed,test_check,
misc/SPARK2/Ada-SPARK-Tanimoto,20264060,full,70,C,killed,,killed,test_check,
misc/SPARK2/Ada-SPARK-Tanimoto,20264060,full,71,ho,killed,,killed,test_check,
misc/SPARK2/Ada-SPARK-Tanimoto,20264060,full,72,B,killed,,killed,test_check,
misc/SPARK2/Ada-SPARK-Tanimoto,20264060,full,73,C,killed,,killed,test_check,
misc/SPARK2/Ada-SPARK-Tanimoto,20264060,full,74,ho,killed,,killed,test_check,
misc/SPARK2/Ada-SPARK-Tanimoto,20264060,full,76,C,killed,,killed,test_check,
misc/SPARK2/Ada-SPARK-Tanimoto,20264060,full,77,B,killed,,killed,test_check,
misc/SPARK2/Ada-SPARK-Tanimoto,20264060,full,78,ho,killed,,killed,test_check,
misc/SPARK2/Ada-SPARK-Tanimoto,20264060,full,80,C,killed,,killed,test_check,
misc/SPARK2/Ada-SPARK-Tanimoto,20264060,thinned,1,ho,killed,,killed,test_check,"{""tests.adb"": [1, 2, 0], ""own_checks.adb"": [1, 0, 1]}"
misc/SPARK2/Ada-SPARK-Tanimoto,20264060,thinned,2,B,killed,,killed,test_check,"{""tests.adb"": [1, 2, 0], ""own_checks.adb"": [1, 0, 1]}"
misc/SPARK2/Ada-SPARK-Tanimoto,20264060,thinned,3,C,killed,,killed,test_check,"{""tests.adb"": [1, 2, 0], ""own_checks.adb"": [1, 0, 1]}"
misc/SPARK2/Ada-SPARK-Tanimoto,20264060,thinned,6,alt,killed,,killed,runtime_error,"{""tests.adb"": [1, 2, 0], ""own_checks.adb"": [1, 0, 1]}"
misc/SPARK2/Ada-SPARK-Tanimoto,20264060,thinned,8,ho,killed,,killed,test_check,"{""tests.adb"": [1, 2, 0], ""own_checks.adb"": [1, 0, 1]}"
misc/SPARK2/Ada-SPARK-Tanimoto,20264060,thinned,10,C,killed,,killed,test_check,"{""tests.adb"": [1, 2, 0], ""own_checks.adb"": [1, 0, 1]}"
misc/SPARK2/Ada-SPARK-Tanimoto,20264060,thinned,11,alt,killed,,killed,test_check,"{""tests.adb"": [1, 2, 0], ""own_checks.adb"": [1, 0, 1]}"
misc/SPARK2/Ada-SPARK-Tanimoto,20264060,thinned,12,B,killed,,killed,test_check,"{""tests.adb"": [1, 2, 0], ""own_checks.adb"": [1, 0, 1]}"
misc/SPARK2/Ada-SPARK-Tanimoto,20264060,thinned,14,ho,killed,,killed,test_check,"{""tests.adb"": [1, 2, 0], ""own_checks.adb"": [1, 0, 1]}"
misc/SPARK2/Ada-SPARK-Tanimoto,20264060,thinned,16,C,killed,,killed,test_check,"{""tests.adb"": [1, 2, 0], ""own_checks.adb"": [1, 0, 1]}"
misc/SPARK2/Ada-SPARK-Tanimoto,20264060,thinned,20,B,killed,,killed,test_check,"{""tests.adb"": [1, 2, 0], ""own_checks.adb"": [1, 0, 1]}"
misc/SPARK2/Ada-SPARK-Tanimoto,20264060,thinned,23,alt,killed,,killed,test_check,"{""tests.adb"": [1, 2, 0], ""own_checks.adb"": [1, 0, 1]}"
misc/SPARK2/Ada-SPARK-Tanimoto,20264060,thinned,24,alt,killed,,killed,test_check,"{""tests.adb"": [1, 2, 0], ""own_checks.adb"": [1, 0, 1]}"
misc/SPARK2/Ada-SPARK-Tanimoto,20264060,thinned,25,ho,killed,,killed,test_check,"{""tests.adb"": [1, 2, 0], ""own_checks.adb"": [1, 0, 1]}"
misc/SPARK2/Ada-SPARK-Tanimoto,20264060,thinned,26,B,killed,,killed,test_check,"{""tests.adb"": [1, 2, 0], ""own_checks.adb"": [1, 0, 1]}"
misc/SPARK2/Ada-SPARK-Tanimoto,20264060,thinned,27,C,killed,,killed,test_check,"{""tests.adb"": [1, 2, 0], ""own_checks.adb"": [1, 0, 1]}"
misc/SPARK2/Ada-SPARK-Tanimoto,20264060,thinned,28,alt,killed,,killed,test_check,"{""tests.adb"": [1, 2, 0], ""own_checks.adb"": [1, 0, 1]}"
misc/SPARK2/Ada-SPARK-Tanimoto,20264060,thinned,29,ho,killed,,killed,test_check,"{""tests.adb"": [1, 2, 0], ""own_checks.adb"": [1, 0, 1]}"
misc/SPARK2/Ada-SPARK-Tanimoto,20264060,thinned,31,C,killed,,killed,test_check,"{""tests.adb"": [1, 2, 0], ""own_checks.adb"": [1, 0, 1]}"
misc/SPARK2/Ada-SPARK-Tanimoto,20264060,thinned,35,B,killed,,killed,test_check,"{""tests.adb"": [1, 2, 0], ""own_checks.adb"": [1, 0, 1]}"
misc/SPARK2/Ada-SPARK-Tanimoto,20264060,thinned,36,alt,killed,,killed,test_check,"{""tests.adb"": [1, 2, 0], ""own_checks.adb"": [1, 0, 1]}"
misc/SPARK2/Ada-SPARK-Tanimoto,20264060,thinned,37,ho,killed,,killed,test_check,"{""tests.adb"": [1, 2, 0], ""own_checks.adb"": [1, 0, 1]}"
misc/SPARK2/Ada-SPARK-Tanimoto,20264060,thinned,38,B,killed,,killed,test_check,"{""tests.adb"": [1, 2, 0], ""own_checks.adb"": [1, 0, 1]}"
misc/SPARK2/Ada-SPARK-Tanimoto,20264060,thinned,40,C,killed,,killed,test_check,"{""tests.adb"": [1, 2, 0], ""own_checks.adb"": [1, 0, 1]}"
misc/SPARK2/Ada-SPARK-Tanimoto,20264060,thinned,42,ho,killed,,killed,test_check,"{""tests.adb"": [1, 2, 0], ""own_checks.adb"": [1, 0, 1]}"
misc/SPARK2/Ada-SPARK-Tanimoto,20264060,thinned,44,C,killed,,killed,test_check,"{""tests.adb"": [1, 2, 0], ""own_checks.adb"": [1, 0, 1]}"
misc/SPARK2/Ada-SPARK-Tanimoto,20264060,thinned,45,alt,killed,,killed,test_check,"{""tests.adb"": [1, 2, 0], ""own_checks.adb"": [1, 0, 1]}"
misc/SPARK2/Ada-SPARK-Tanimoto,20264060,thinned,50,B,killed,,killed,test_check,"{""tests.adb"": [1, 2, 0], ""own_checks.adb"": [1, 0, 1]}"
misc/SPARK2/Ada-SPARK-Tanimoto,20264060,thinned,51,alt,killed,,killed,test_check,"{""tests.adb"": [1, 2, 0], ""own_checks.adb"": [1, 0, 1]}"
misc/SPARK2/Ada-SPARK-Tanimoto,20264060,thinned,52,ho,killed,,killed,test_check,"{""tests.adb"": [1, 2, 0], ""own_checks.adb"": [1, 0, 1]}"
misc/SPARK2/Ada-SPARK-Tanimoto,20264060,thinned,54,C,killed,,killed,test_check,"{""tests.adb"": [1, 2, 0], ""own_checks.adb"": [1, 0, 1]}"
misc/SPARK2/Ada-SPARK-Tanimoto,20264060,thinned,57,B,killed,,killed,test_check,"{""tests.adb"": [1, 2, 0], ""own_checks.adb"": [1, 0, 1]}"
misc/SPARK2/Ada-SPARK-Tanimoto,20264060,thinned,58,alt,killed,,killed,test_check,"{""tests.adb"": [1, 2, 0], ""own_checks.adb"": [1, 0, 1]}"
misc/SPARK2/Ada-SPARK-Tanimoto,20264060,thinned,59,ho,killed,,killed,test_check,"{""tests.adb"": [1, 2, 0], ""own_checks.adb"": [1, 0, 1]}"
misc/SPARK2/Ada-SPARK-Tanimoto,20264060,thinned,61,C,killed,,killed,test_check,"{""tests.adb"": [1, 2, 0], ""own_checks.adb"": [1, 0, 1]}"
misc/SPARK2/Ada-SPARK-Tanimoto,20264060,thinned,66,B,killed,,killed,test_check,"{""tests.adb"": [1, 2, 0], ""own_checks.adb"": [1, 0, 1]}"
misc/SPARK2/Ada-SPARK-Tanimoto,20264060,thinned,67,alt,killed,,killed,test_check,"{""tests.adb"": [1, 2, 0], ""own_checks.adb"": [1, 0, 1]}"
misc/SPARK2/Ada-SPARK-Tanimoto,20264060,thinned,68,ho,killed,,killed,test_check,"{""tests.adb"": [1, 2, 0], ""own_checks.adb"": [1, 0, 1]}"
misc/SPARK2/Ada-SPARK-Tanimoto,20264060,thinned,69,B,killed,,killed,test_check,"{""tests.adb"": [1, 2, 0], ""own_checks.adb"": [1, 0, 1]}"
misc/SPARK2/Ada-SPARK-Tanimoto,20264060,thinned,70,C,killed,,killed,test_check,"{""tests.adb"": [1, 2, 0], ""own_checks.adb"": [1, 0, 1]}"
misc/SPARK2/Ada-SPARK-Tanimoto,20264060,thinned,71,ho,killed,,killed,test_check,"{""tests.adb"": [1, 2, 0], ""own_checks.adb"": [1, 0, 1]}"
misc/SPARK2/Ada-SPARK-Tanimoto,20264060,thinned,72,B,killed,,killed,test_check,"{""tests.adb"": [1, 2, 0], ""own_checks.adb"": [1, 0, 1]}"
misc/SPARK2/Ada-SPARK-Tanimoto,20264060,thinned,73,C,killed,,killed,test_check,"{""tests.adb"": [1, 2, 0], ""own_checks.adb"": [1, 0, 1]}"
misc/SPARK2/Ada-SPARK-Tanimoto,20264060,thinned,74,ho,killed,,killed,test_check,"{""tests.adb"": [1, 2, 0], ""own_checks.adb"": [1, 0, 1]}"
misc/SPARK2/Ada-SPARK-Tanimoto,20264060,thinned,76,C,killed,,killed,test_check,"{""tests.adb"": [1, 2, 0], ""own_checks.adb"": [1, 0, 1]}"
misc/SPARK2/Ada-SPARK-Tanimoto,20264060,thinned,77,B,killed,,killed,runtime_error,"{""tests.adb"": [1, 2, 0], ""own_checks.adb"": [1, 0, 1]}"
misc/SPARK2/Ada-SPARK-Tanimoto,20264060,thinned,78,ho,killed,,killed,test_check,"{""tests.adb"": [1, 2, 0], ""own_checks.adb"": [1, 0, 1]}"
misc/SPARK2/Ada-SPARK-Tanimoto,20264060,thinned,80,C,killed,,killed,test_check,"{""tests.adb"": [1, 2, 0], ""own_checks.adb"": [1, 0, 1]}"
misc/SPARK2/Ada-SPARK-Third-Maximum-Number,20264066,full,0,alt,killed,,killed,contract,
misc/SPARK2/Ada-SPARK-Third-Maximum-Number,20264066,full,1,ho,killed,,killed,contract,
misc/SPARK2/Ada-SPARK-Third-Maximum-Number,20264066,full,2,B,killed,,killed,test_check,
misc/SPARK2/Ada-SPARK-Third-Maximum-Number,20264066,full,3,C,killed,,killed,contract,
misc/SPARK2/Ada-SPARK-Third-Maximum-Number,20264066,full,4,alt,killed,,killed,contract,
misc/SPARK2/Ada-SPARK-Third-Maximum-Number,20264066,full,5,ho,killed,,killed,contract,
misc/SPARK2/Ada-SPARK-Third-Maximum-Number,20264066,full,6,B,killed,,killed,contract,
misc/SPARK2/Ada-SPARK-Third-Maximum-Number,20264066,full,7,C,killed,,killed,contract,
misc/SPARK2/Ada-SPARK-Third-Maximum-Number,20264066,full,8,alt,killed,,killed,runtime_error,
misc/SPARK2/Ada-SPARK-Third-Maximum-Number,20264066,full,9,ho,killed,,killed,contract,
misc/SPARK2/Ada-SPARK-Third-Maximum-Number,20264066,full,11,C,killed,,killed,contract,
misc/SPARK2/Ada-SPARK-Third-Maximum-Number,20264066,full,12,B,killed,,killed,runtime_error,
misc/SPARK2/Ada-SPARK-Third-Maximum-Number,20264066,full,13,alt,killed,,killed,runtime_error,
misc/SPARK2/Ada-SPARK-Third-Maximum-Number,20264066,full,14,ho,killed,,killed,contract,
misc/SPARK2/Ada-SPARK-Third-Maximum-Number,20264066,full,16,C,survived,,survived,,
misc/SPARK2/Ada-SPARK-Third-Maximum-Number,20264066,full,18,B,killed,,killed,contract,
misc/SPARK2/Ada-SPARK-Third-Maximum-Number,20264066,full,19,alt,killed,,killed,contract,
misc/SPARK2/Ada-SPARK-Third-Maximum-Number,20264066,full,20,ho,killed,,killed,contract,
misc/SPARK2/Ada-SPARK-Third-Maximum-Number,20264066,full,21,B,killed,,killed,runtime_error,
misc/SPARK2/Ada-SPARK-Third-Maximum-Number,20264066,full,23,C,killed,,killed,test_check,
misc/SPARK2/Ada-SPARK-Third-Maximum-Number,20264066,full,24,alt,killed,,killed,contract,
misc/SPARK2/Ada-SPARK-Third-Maximum-Number,20264066,full,25,ho,killed,,killed,contract,
misc/SPARK2/Ada-SPARK-Third-Maximum-Number,20264066,full,27,C,killed,,killed,contract,
misc/SPARK2/Ada-SPARK-Third-Maximum-Number,20264066,full,34,alt,killed,,killed,contract,
misc/SPARK2/Ada-SPARK-Third-Maximum-Number,20264066,full,35,ho,killed,,killed,contract,
misc/SPARK2/Ada-SPARK-Third-Maximum-Number,20264066,full,37,C,killed,,killed,contract,
misc/SPARK2/Ada-SPARK-Third-Maximum-Number,20264066,full,41,B,killed,proof,survived,,
misc/SPARK2/Ada-SPARK-Third-Maximum-Number,20264066,full,42,alt,killed,,killed,contract,
misc/SPARK2/Ada-SPARK-Third-Maximum-Number,20264066,full,43,ho,killed,,killed,runtime_error,
misc/SPARK2/Ada-SPARK-Third-Maximum-Number,20264066,full,45,C,killed,,killed,contract,
misc/SPARK2/Ada-SPARK-Third-Maximum-Number,20264066,full,46,B,killed,,killed,contract,
misc/SPARK2/Ada-SPARK-Third-Maximum-Number,20264066,full,47,ho,killed,,killed,contract,
misc/SPARK2/Ada-SPARK-Third-Maximum-Number,20264066,full,49,C,killed,,killed,runtime_error,
misc/SPARK2/Ada-SPARK-Third-Maximum-Number,20264066,full,50,B,killed,,killed,contract,
misc/SPARK2/Ada-SPARK-Third-Maximum-Number,20264066,full,51,ho,killed,,killed,contract,
misc/SPARK2/Ada-SPARK-Third-Maximum-Number,20264066,full,52,B,killed,,killed,runtime_error,
misc/SPARK2/Ada-SPARK-Third-Maximum-Number,20264066,full,53,C,killed,,killed,runtime_error,
misc/SPARK2/Ada-SPARK-Third-Maximum-Number,20264066,full,54,ho,killed,,killed,contract,
misc/SPARK2/Ada-SPARK-Third-Maximum-Number,20264066,full,56,C,killed,,killed,contract,
misc/SPARK2/Ada-SPARK-Third-Maximum-Number,20264066,full,59,B,killed,,killed,contract,
misc/SPARK2/Ada-SPARK-Third-Maximum-Number,20264066,full,60,ho,killed,,killed,runtime_error,
misc/SPARK2/Ada-SPARK-Third-Maximum-Number,20264066,full,63,B,killed,,killed,contract,
misc/SPARK2/Ada-SPARK-Third-Maximum-Number,20264066,full,64,ho,killed,,killed,runtime_error,
misc/SPARK2/Ada-SPARK-Third-Maximum-Number,20264066,full,66,B,killed,,killed,test_check,
misc/SPARK2/Ada-SPARK-Third-Maximum-Number,20264066,full,67,ho,killed,,killed,contract,
misc/SPARK2/Ada-SPARK-Third-Maximum-Number,20264066,full,70,B,killed,,killed,contract,
misc/SPARK2/Ada-SPARK-Third-Maximum-Number,20264066,full,71,ho,killed,,killed,contract,
misc/SPARK2/Ada-SPARK-Third-Maximum-Number,20264066,thinned,0,alt,killed,,killed,contract,"{""tests.adb"": [2, 0, 0], ""own_checks.adb"": [2, 0, 0]}"
misc/SPARK2/Ada-SPARK-Third-Maximum-Number,20264066,thinned,1,ho,killed,,killed,contract,"{""tests.adb"": [2, 0, 0], ""own_checks.adb"": [2, 0, 0]}"
misc/SPARK2/Ada-SPARK-Third-Maximum-Number,20264066,thinned,2,B,killed,,killed,test_check,"{""tests.adb"": [2, 0, 0], ""own_checks.adb"": [2, 0, 0]}"
misc/SPARK2/Ada-SPARK-Third-Maximum-Number,20264066,thinned,3,C,killed,,killed,contract,"{""tests.adb"": [2, 0, 0], ""own_checks.adb"": [2, 0, 0]}"
misc/SPARK2/Ada-SPARK-Third-Maximum-Number,20264066,thinned,4,alt,killed,,killed,contract,"{""tests.adb"": [2, 0, 0], ""own_checks.adb"": [2, 0, 0]}"
misc/SPARK2/Ada-SPARK-Third-Maximum-Number,20264066,thinned,5,ho,killed,,killed,contract,"{""tests.adb"": [2, 0, 0], ""own_checks.adb"": [2, 0, 0]}"
misc/SPARK2/Ada-SPARK-Third-Maximum-Number,20264066,thinned,6,B,killed,,killed,contract,"{""tests.adb"": [2, 0, 0], ""own_checks.adb"": [2, 0, 0]}"
misc/SPARK2/Ada-SPARK-Third-Maximum-Number,20264066,thinned,7,C,killed,,killed,contract,"{""tests.adb"": [2, 0, 0], ""own_checks.adb"": [2, 0, 0]}"
misc/SPARK2/Ada-SPARK-Third-Maximum-Number,20264066,thinned,8,alt,killed,,killed,runtime_error,"{""tests.adb"": [2, 0, 0], ""own_checks.adb"": [2, 0, 0]}"
misc/SPARK2/Ada-SPARK-Third-Maximum-Number,20264066,thinned,9,ho,killed,,killed,contract,"{""tests.adb"": [2, 0, 0], ""own_checks.adb"": [2, 0, 0]}"
misc/SPARK2/Ada-SPARK-Third-Maximum-Number,20264066,thinned,11,C,killed,,killed,contract,"{""tests.adb"": [2, 0, 0], ""own_checks.adb"": [2, 0, 0]}"
misc/SPARK2/Ada-SPARK-Third-Maximum-Number,20264066,thinned,12,B,killed,,killed,runtime_error,"{""tests.adb"": [2, 0, 0], ""own_checks.adb"": [2, 0, 0]}"
misc/SPARK2/Ada-SPARK-Third-Maximum-Number,20264066,thinned,13,alt,killed,,killed,runtime_error,"{""tests.adb"": [2, 0, 0], ""own_checks.adb"": [2, 0, 0]}"
misc/SPARK2/Ada-SPARK-Third-Maximum-Number,20264066,thinned,14,ho,killed,,killed,contract,"{""tests.adb"": [2, 0, 0], ""own_checks.adb"": [2, 0, 0]}"
misc/SPARK2/Ada-SPARK-Third-Maximum-Number,20264066,thinned,16,C,survived,,survived,,"{""tests.adb"": [2, 0, 0], ""own_checks.adb"": [2, 0, 0]}"
misc/SPARK2/Ada-SPARK-Third-Maximum-Number,20264066,thinned,18,B,killed,,killed,contract,"{""tests.adb"": [2, 0, 0], ""own_checks.adb"": [2, 0, 0]}"
misc/SPARK2/Ada-SPARK-Third-Maximum-Number,20264066,thinned,19,alt,killed,,killed,contract,"{""tests.adb"": [2, 0, 0], ""own_checks.adb"": [2, 0, 0]}"
misc/SPARK2/Ada-SPARK-Third-Maximum-Number,20264066,thinned,20,ho,killed,,killed,contract,"{""tests.adb"": [2, 0, 0], ""own_checks.adb"": [2, 0, 0]}"
misc/SPARK2/Ada-SPARK-Third-Maximum-Number,20264066,thinned,21,B,killed,,killed,runtime_error,"{""tests.adb"": [2, 0, 0], ""own_checks.adb"": [2, 0, 0]}"
misc/SPARK2/Ada-SPARK-Third-Maximum-Number,20264066,thinned,23,C,killed,,killed,test_check,"{""tests.adb"": [2, 0, 0], ""own_checks.adb"": [2, 0, 0]}"
misc/SPARK2/Ada-SPARK-Third-Maximum-Number,20264066,thinned,24,alt,killed,,killed,contract,"{""tests.adb"": [2, 0, 0], ""own_checks.adb"": [2, 0, 0]}"
misc/SPARK2/Ada-SPARK-Third-Maximum-Number,20264066,thinned,25,ho,killed,,killed,contract,"{""tests.adb"": [2, 0, 0], ""own_checks.adb"": [2, 0, 0]}"
misc/SPARK2/Ada-SPARK-Third-Maximum-Number,20264066,thinned,27,C,killed,,killed,contract,"{""tests.adb"": [2, 0, 0], ""own_checks.adb"": [2, 0, 0]}"
misc/SPARK2/Ada-SPARK-Third-Maximum-Number,20264066,thinned,34,alt,killed,,killed,contract,"{""tests.adb"": [2, 0, 0], ""own_checks.adb"": [2, 0, 0]}"
misc/SPARK2/Ada-SPARK-Third-Maximum-Number,20264066,thinned,35,ho,killed,,killed,contract,"{""tests.adb"": [2, 0, 0], ""own_checks.adb"": [2, 0, 0]}"
misc/SPARK2/Ada-SPARK-Third-Maximum-Number,20264066,thinned,37,C,killed,,killed,contract,"{""tests.adb"": [2, 0, 0], ""own_checks.adb"": [2, 0, 0]}"
misc/SPARK2/Ada-SPARK-Third-Maximum-Number,20264066,thinned,41,B,killed,proof,survived,,"{""tests.adb"": [2, 0, 0], ""own_checks.adb"": [2, 0, 0]}"
misc/SPARK2/Ada-SPARK-Third-Maximum-Number,20264066,thinned,42,alt,killed,,killed,contract,"{""tests.adb"": [2, 0, 0], ""own_checks.adb"": [2, 0, 0]}"
misc/SPARK2/Ada-SPARK-Third-Maximum-Number,20264066,thinned,43,ho,killed,,killed,runtime_error,"{""tests.adb"": [2, 0, 0], ""own_checks.adb"": [2, 0, 0]}"
misc/SPARK2/Ada-SPARK-Third-Maximum-Number,20264066,thinned,45,C,killed,,killed,contract,"{""tests.adb"": [2, 0, 0], ""own_checks.adb"": [2, 0, 0]}"
misc/SPARK2/Ada-SPARK-Third-Maximum-Number,20264066,thinned,46,B,killed,,killed,contract,"{""tests.adb"": [2, 0, 0], ""own_checks.adb"": [2, 0, 0]}"
misc/SPARK2/Ada-SPARK-Third-Maximum-Number,20264066,thinned,47,ho,killed,,killed,contract,"{""tests.adb"": [2, 0, 0], ""own_checks.adb"": [2, 0, 0]}"
misc/SPARK2/Ada-SPARK-Third-Maximum-Number,20264066,thinned,49,C,killed,,killed,runtime_error,"{""tests.adb"": [2, 0, 0], ""own_checks.adb"": [2, 0, 0]}"
misc/SPARK2/Ada-SPARK-Third-Maximum-Number,20264066,thinned,50,B,killed,,killed,contract,"{""tests.adb"": [2, 0, 0], ""own_checks.adb"": [2, 0, 0]}"
misc/SPARK2/Ada-SPARK-Third-Maximum-Number,20264066,thinned,51,ho,killed,,killed,contract,"{""tests.adb"": [2, 0, 0], ""own_checks.adb"": [2, 0, 0]}"
misc/SPARK2/Ada-SPARK-Third-Maximum-Number,20264066,thinned,52,B,killed,,killed,runtime_error,"{""tests.adb"": [2, 0, 0], ""own_checks.adb"": [2, 0, 0]}"
misc/SPARK2/Ada-SPARK-Third-Maximum-Number,20264066,thinned,53,C,killed,,killed,runtime_error,"{""tests.adb"": [2, 0, 0], ""own_checks.adb"": [2, 0, 0]}"
misc/SPARK2/Ada-SPARK-Third-Maximum-Number,20264066,thinned,54,ho,killed,,killed,contract,"{""tests.adb"": [2, 0, 0], ""own_checks.adb"": [2, 0, 0]}"
misc/SPARK2/Ada-SPARK-Third-Maximum-Number,20264066,thinned,56,C,killed,,killed,contract,"{""tests.adb"": [2, 0, 0], ""own_checks.adb"": [2, 0, 0]}"
misc/SPARK2/Ada-SPARK-Third-Maximum-Number,20264066,thinned,59,B,killed,,killed,contract,"{""tests.adb"": [2, 0, 0], ""own_checks.adb"": [2, 0, 0]}"
misc/SPARK2/Ada-SPARK-Third-Maximum-Number,20264066,thinned,60,ho,killed,,killed,runtime_error,"{""tests.adb"": [2, 0, 0], ""own_checks.adb"": [2, 0, 0]}"
misc/SPARK2/Ada-SPARK-Third-Maximum-Number,20264066,thinned,63,B,killed,,killed,contract,"{""tests.adb"": [2, 0, 0], ""own_checks.adb"": [2, 0, 0]}"
misc/SPARK2/Ada-SPARK-Third-Maximum-Number,20264066,thinned,64,ho,killed,,killed,runtime_error,"{""tests.adb"": [2, 0, 0], ""own_checks.adb"": [2, 0, 0]}"
misc/SPARK2/Ada-SPARK-Third-Maximum-Number,20264066,thinned,66,B,killed,,killed,test_check,"{""tests.adb"": [2, 0, 0], ""own_checks.adb"": [2, 0, 0]}"
misc/SPARK2/Ada-SPARK-Third-Maximum-Number,20264066,thinned,67,ho,killed,,killed,contract,"{""tests.adb"": [2, 0, 0], ""own_checks.adb"": [2, 0, 0]}"
misc/SPARK2/Ada-SPARK-Third-Maximum-Number,20264066,thinned,70,B,killed,,killed,contract,"{""tests.adb"": [2, 0, 0], ""own_checks.adb"": [2, 0, 0]}"
misc/SPARK2/Ada-SPARK-Third-Maximum-Number,20264066,thinned,71,ho,killed,,killed,contract,"{""tests.adb"": [2, 0, 0], ""own_checks.adb"": [2, 0, 0]}"
misc/SPARK2/Ada-SPARK-To-Lower-Case,20264062,full,0,alt,killed,,killed,contract,
misc/SPARK2/Ada-SPARK-To-Lower-Case,20264062,full,4,C,killed,,killed,runtime_error,
misc/SPARK2/Ada-SPARK-To-Lower-Case,20264062,full,8,B,killed,,killed,contract,
misc/SPARK2/Ada-SPARK-To-Lower-Case,20264062,full,14,B,killed,,killed,contract,
misc/SPARK2/Ada-SPARK-To-Lower-Case,20264062,thinned,0,alt,killed,,killed,contract,"{""tests.adb"": [1, 0, 0], ""own_checks.adb"": [1, 0, 0]}"
misc/SPARK2/Ada-SPARK-To-Lower-Case,20264062,thinned,4,C,killed,,killed,runtime_error,"{""tests.adb"": [1, 0, 0], ""own_checks.adb"": [1, 0, 0]}"
misc/SPARK2/Ada-SPARK-To-Lower-Case,20264062,thinned,8,B,killed,,killed,contract,"{""tests.adb"": [1, 0, 0], ""own_checks.adb"": [1, 0, 0]}"
misc/SPARK2/Ada-SPARK-To-Lower-Case,20264062,thinned,14,B,killed,,killed,contract,"{""tests.adb"": [1, 0, 0], ""own_checks.adb"": [1, 0, 0]}"
