folder,make_rc,fail_hits,first_hit,assert_unchecked,assert_only,no_exit_signal,silent_fail,note,make_rc_12,fail_hits_12,compiler_14,compiler_12
clustering/Ada/Average-Linkage-Clustering,0,0,,0,no,no,no,from build logs,0,0,GNATMAKE 14.2.0,GNATMAKE 12.2.0
clustering/Ada/Canopy-Clustering,0,0,,1,no,no,no,from build logs,0,0,GNATMAKE 14.2.0,GNATMAKE 12.2.0
clustering/Ada/Clustering,0,0,,0,no,no,no,from build logs,0,0,GNATMAKE 14.2.0,GNATMAKE 12.2.0
clustering/Ada/Clustering-Algorithms,0,0,,0,no,no,no,from build logs,0,0,GNATMAKE 14.2.0,GNATMAKE 12.2.0
clustering/Ada/Complete-Linkage-Clustering,0,0,,0,no,no,no,from build logs,0,0,GNATMAKE 14.2.0,GNATMAKE 12.2.0
clustering/Ada/DBSCAN,0,0,,1,no,no,no,from build logs,0,0,GNATMAKE 14.2.0,GNATMAKE 12.2.0
clustering/Ada/FLAME-Clustering,0,0,,0,no,no,no,from build logs,0,0,GNATMAKE 14.2.0,GNATMAKE 12.2.0
clustering/Ada/Fuzzy-Clustering,0,0,,0,no,no,no,from build logs,0,0,GNATMAKE 14.2.0,GNATMAKE 12.2.0
clustering/Ada/K-Means-Clustering,0,0,,0,no,no,no,from build logs,0,0,GNATMAKE 14.2.0,GNATMAKE 12.2.0
clustering/Ada/K-Means-Plus-Plus,0,0,,0,no,no,no,from build logs,0,0,GNATMAKE 14.2.0,GNATMAKE 12.2.0
clustering/Ada/Lloyds-Algorithm,0,0,,0,no,no,no,from build logs,0,0,GNATMAKE 14.2.0,GNATMAKE 12.2.0
clustering/Ada/OPTICS,0,0,,1,no,no,no,from build logs,0,0,GNATMAKE 14.2.0,GNATMAKE 12.2.0
clustering/Ada/Single-Linkage-Clustering,0,0,,0,no,no,no,from build logs,0,0,GNATMAKE 14.2.0,GNATMAKE 12.2.0
clustering/Ada/WACA-Clustering,0,0,,1,no,no,no,from build logs,0,0,GNATMAKE 14.2.0,GNATMAKE 12.2.0
clustering/Ada/Wards-Method,0,0,,0,no,no,no,from build logs,0,0,GNATMAKE 14.2.0,GNATMAKE 12.2.0
clustering/SPARK2/K-Means-Step,0,0,,0,no,no,no,from build logs,0,0,GNATMAKE 14.2.0,GNATMAKE 12.2.0
compression/Ada/Adaptive-Huffman,0,0,,0,no,no,no,from build logs,0,0,GNATMAKE 14.2.0,GNATMAKE 12.2.0
compression/Ada/Arithmetic-Coding,0,0,,0,no,no,no,from build logs,0,0,GNATMAKE 14.2.0,GNATMAKE 12.2.0
compression/Ada/Audio-Compression,0,0,,0,no,no,no,from build logs,0,0,GNATMAKE 14.2.0,GNATMAKE 12.2.0
compression/Ada/Berlekamp-Massey-Algorithm,0,0,,0,no,no,no,from build logs,0,0,GNATMAKE 14.2.0,GNATMAKE 12.2.0
compression/Ada/Berlekamp-Root-Finding,0,0,,0,no,no,no,from build logs,0,0,GNATMAKE 14.2.0,GNATMAKE 12.2.0
compression/Ada/Burrows-Wheeler-Transform,0,0,,0,no,no,no,from build logs,0,0,GNATMAKE 14.2.0,GNATMAKE 12.2.0
compression/Ada/Deflate,0,0,,0,no,no,no,from build logs,0,0,GNATMAKE 14.2.0,GNATMAKE 12.2.0
compression/Ada/Dynamic-Markov-Compression,0,0,,0,no,no,no,from build logs,0,0,GNATMAKE 14.2.0,GNATMAKE 12.2.0
compression/Ada/Earley-Parser,0,0,,0,no,no,no,from build logs,0,0,GNATMAKE 14.2.0,GNATMAKE 12.2.0
compression/Ada/Fast-Efficient-Lossless-Image-Compression-System,0,0,,0,no,no,no,from build logs,0,0,GNATMAKE 14.2.0,GNATMAKE 12.2.0
compression/Ada/Fractal-Compression,0,0,,0,no,no,no,from build logs,0,0,GNATMAKE 14.2.0,GNATMAKE 12.2.0
compression/Ada/Huffmann-Coding,0,0,,0,no,no,no,from build logs,0,0,GNATMAKE 14.2.0,GNATMAKE 12.2.0
compression/Ada/Image-Compression,0,0,,0,no,no,no,from build logs,0,0,GNATMAKE 14.2.0,GNATMAKE 12.2.0
compression/Ada/LZ77-LZ78,0,0,,0,no,no,no,from build logs,0,0,GNATMAKE 14.2.0,GNATMAKE 12.2.0
compression/Ada/LZWL,0,0,,0,no,no,no,from build logs,0,0,GNATMAKE 14.2.0,GNATMAKE 12.2.0
compression/Ada/LZX,0,0,,0,no,no,no,from build logs,0,0,GNATMAKE 14.2.0,GNATMAKE 12.2.0
compression/Ada/Peterson-Gorenstein-Zierler-Algorithm,0,0,,0,no,no,no,from build logs,0,0,GNATMAKE 14.2.0,GNATMAKE 12.2.0
compression/Ada/Run-Length-Encoding,0,0,,0,no,no,no,from build logs,0,0,GNATMAKE 14.2.0,GNATMAKE 12.2.0
compression/Ada/Speech-Compression,0,0,,0,no,no,no,from build logs,0,0,GNATMAKE 14.2.0,GNATMAKE 12.2.0
compression/Ada/Verlet-Integration,0,0,,0,no,no,no,from build logs,0,0,GNATMAKE 14.2.0,GNATMAKE 12.2.0
compression/Ada/Video-Compression,0,0,,0,no,no,no,from build logs,0,0,GNATMAKE 14.2.0,GNATMAKE 12.2.0
compression/Ada/Wavelet-Compression,0,0,,0,no,no,no,from build logs,0,0,GNATMAKE 14.2.0,GNATMAKE 12.2.0
compression/SPARK2/Ada-SPARK-Compress-String,0,0,,0,no,no,no,from build logs,0,0,GNATMAKE 14.2.0,GNATMAKE 12.2.0
compression/SPARK2/Ada-SPARK-Interleaving-String,0,0,,0,no,no,no,from build logs,0,0,GNATMAKE 14.2.0,GNATMAKE 12.2.0
compression/SPARK2/Ada-SPARK-LZ77,0,0,,0,no,no,no,from build logs,0,0,GNATMAKE 14.2.0,GNATMAKE 12.2.0
compression/SPARK2/Ada-SPARK-Move-To-Front,0,0,,0,no,no,no,from build logs,0,0,GNATMAKE 14.2.0,GNATMAKE 12.2.0
compression/SPARK2/Ada-SPARK-Run-Length-Encoding,0,0,,0,no,no,no,from build logs,0,0,GNATMAKE 14.2.0,GNATMAKE 12.2.0
compression/SPARK2/Ada-SPARK-String-Compression,0,0,,0,no,no,no,from build logs,0,0,GNATMAKE 14.2.0,GNATMAKE 12.2.0
compression/SPARK2/Burrows-Wheeler-Transform,0,0,,0,no,no,no,from build logs,0,0,GNATMAKE 14.2.0,GNATMAKE 12.2.0
compression/SPARK3/Huffman-Coding,0,0,,0,no,no,no,from build logs,0,0,GNATMAKE 14.2.0,GNATMAKE 12.2.0
concurrency/Ada/Dekker,2,0,,0,no,no,no,from build logs,2,0,GNATMAKE 14.2.0,GNATMAKE 12.2.0
concurrency/Ada/Lamport-Ordering,2,0,,0,no,no,no,from build logs,2,0,GNATMAKE 14.2.0,GNATMAKE 12.2.0
concurrency/Ada/Paxos-Algorithm,0,0,,0,no,no,no,from build logs,0,0,GNATMAKE 14.2.0,GNATMAKE 12.2.0
concurrency/Ada/Vector-Clocks,2,0,,0,no,no,no,from build logs,2,0,GNATMAKE 14.2.0,GNATMAKE 12.2.0
concurrency/Ada/lamport,2,0,,0,no,no,no,from build logs,2,0,GNATMAKE 14.2.0,GNATMAKE 12.2.0
concurrency/Ada/lds-scheduler,2,0,,0,no,no,no,from build logs,2,0,GNATMAKE 14.2.0,GNATMAKE 12.2.0
concurrency/Ada/mlfq,NA,0,,0,no,no,no,from build logs,NA,0,GNATMAKE 14.2.0,GNATMAKE 12.2.0
concurrency/Ada/peterson,NA,0,,0,no,no,no,from build logs,NA,0,GNATMAKE 14.2.0,GNATMAKE 12.2.0
concurrency/Ada/sjn,NA,0,,0,no,no,no,from build logs,NA,0,GNATMAKE 14.2.0,GNATMAKE 12.2.0
concurrency/SPARK2/Ada-SPARK-Course-Schedule-II,0,0,,0,no,no,no,from build logs,0,0,GNATMAKE 14.2.0,GNATMAKE 12.2.0
concurrency/SPARK2/Ada-SPARK-Course-Schedule-II-Stub,0,0,,0,no,no,no,from build logs,0,0,GNATMAKE 14.2.0,GNATMAKE 12.2.0
concurrency/SPARK2/Ada-SPARK-Dekkers-Algorithm,0,0,,0,no,no,no,from build logs,0,0,GNATMAKE 14.2.0,GNATMAKE 12.2.0
concurrency/SPARK2/Ada-SPARK-Lamports-Bakery-Algorithm,0,0,,0,no,no,no,from build logs,0,0,GNATMAKE 14.2.0,GNATMAKE 12.2.0
concurrency/SPARK2/Ada-SPARK-Petersons-Algorithm,0,0,,0,no,no,no,from build logs,0,0,GNATMAKE 14.2.0,GNATMAKE 12.2.0
concurrency/SPARK2/Ada-SPARK-Task-Scheduler,0,0,,0,no,no,no,from build logs,0,0,GNATMAKE 14.2.0,GNATMAKE 12.2.0
concurrency/SPARK2/Ada-SPARK-Task-Scheduler-Stub,0,0,,0,no,no,no,from build logs,0,0,GNATMAKE 14.2.0,GNATMAKE 12.2.0
concurrency/SPARK2/Course-Schedule,0,0,,0,no,no,no,from build logs,0,0,GNATMAKE 14.2.0,GNATMAKE 12.2.0
cryptography/Ada/Aes,0,0,,0,no,no,no,from build logs,0,0,GNATMAKE 14.2.0,GNATMAKE 12.2.0
cryptography/Ada/Argon2,0,0,,0,no,no,no,from build logs,0,0,GNATMAKE 14.2.0,GNATMAKE 12.2.0
cryptography/Ada/Asymetric-Public-Key-Encryption,0,0,,0,no,no,no,from build logs,0,0,GNATMAKE 14.2.0,GNATMAKE 12.2.0
cryptography/Ada/BLAKE,0,0,,0,no,no,no,from build logs,0,0,GNATMAKE 14.2.0,GNATMAKE 12.2.0
cryptography/Ada/Bcrypt,0,0,,1,no,no,no,from build logs,0,0,GNATMAKE 14.2.0,GNATMAKE 12.2.0
cryptography/Ada/Blowfish,0,0,,0,no,no,no,from build logs,0,0,GNATMAKE 14.2.0,GNATMAKE 12.2.0
cryptography/Ada/ChaCha20,0,0,,0,no,no,no,from build logs,0,0,GNATMAKE 14.2.0,GNATMAKE 12.2.0
cryptography/Ada/Data-Encryption-Standard,0,0,,2,no,no,no,from build logs,0,0,GNATMAKE 14.2.0,GNATMAKE 12.2.0
cryptography/Ada/ECDSA,0,0,,0,no,no,no,from build logs,0,0,GNATMAKE 14.2.0,GNATMAKE 12.2.0
cryptography/Ada/Elliptic-Curve-Diffie-Hellman,0,0,,0,no,no,no,from build logs,0,0,GNATMAKE 14.2.0,GNATMAKE 12.2.0
cryptography/Ada/Fortuna,0,0,,0,no,no,no,from build logs,0,0,GNATMAKE 14.2.0,GNATMAKE 12.2.0
cryptography/Ada/HMAC,0,0,,1,no,no,no,from build logs,0,0,GNATMAKE 14.2.0,GNATMAKE 12.2.0
cryptography/Ada/IDEA,0,0,,0,no,no,no,from build logs,0,0,GNATMAKE 14.2.0,GNATMAKE 12.2.0
cryptography/Ada/Lenstra-Elliptic-Curve-Factorization,0,0,,0,no,no,no,from build logs,0,0,GNATMAKE 14.2.0,GNATMAKE 12.2.0
cryptography/Ada/MD5,0,0,,0,no,no,no,from build logs,0,0,GNATMAKE 14.2.0,GNATMAKE 12.2.0
cryptography/Ada/NTRUEncrypt,0,0,,0,no,no,no,from build logs,0,0,GNATMAKE 14.2.0,GNATMAKE 12.2.0
cryptography/Ada/RC4,2,0,,0,no,no,no,from build logs,0,0,GNATMAKE 14.2.0,GNATMAKE 12.2.0
cryptography/Ada/RSA,0,0,,0,no,no,no,from build logs,0,0,GNATMAKE 14.2.0,GNATMAKE 12.2.0
cryptography/Ada/SHA3,0,0,,0,no,no,no,from build logs,0,0,GNATMAKE 14.2.0,GNATMAKE 12.2.0
cryptography/Ada/Shamirs-Secret-Sharing,0,0,,0,no,no,no,from build logs,0,0,GNATMAKE 14.2.0,GNATMAKE 12.2.0
cryptography/Ada/Stochastic-Universal-Sampling,0,0,,0,no,no,no,from build logs,0,0,GNATMAKE 14.2.0,GNATMAKE 12.2.0
cryptography/Ada/Symetric-Encryption,0,0,,0,no,no,no,from build logs,0,0,GNATMAKE 14.2.0,GNATMAKE 12.2.0
cryptography/Ada/Threefish,0,0,,0,no,no,no,from build logs,0,0,GNATMAKE 14.2.0,GNATMAKE 12.2.0
cryptography/Ada/Tiny-Encryption-Algorithm,0,0,,0,no,no,no,from build logs,0,0,GNATMAKE 14.2.0,GNATMAKE 12.2.0
cryptography/Ada/Twofish,0,0,,0,no,no,no,from build logs,0,0,GNATMAKE 14.2.0,GNATMAKE 12.2.0
cryptography/Ada/Universal-Coding,0,0,,0,no,no,no,from build logs,0,0,GNATMAKE 14.2.0,GNATMAKE 12.2.0
cryptography/Ada/Universal-Variable-Formulation,0,0,,0,no,no,no,from build logs,0,0,GNATMAKE 14.2.0,GNATMAKE 12.2.0
cryptography/Ada/WHIRLPOOL,0,0,,0,no,no,no,from build logs,0,0,GNATMAKE 14.2.0,GNATMAKE 12.2.0
cryptography/Ada/Yarrow-Algorithm,0,0,,0,no,no,no,from build logs,0,0,GNATMAKE 14.2.0,GNATMAKE 12.2.0
cryptography/SPARK2/Ada-SPARK-Level-Order-Traversal-Stub,0,0,,0,no,no,no,from build logs,0,0,GNATMAKE 14.2.0,GNATMAKE 12.2.0
cryptography/SPARK2/Ada-SPARK-MD5,0,0,,0,no,no,no,from build logs,0,0,GNATMAKE 14.2.0,GNATMAKE 12.2.0
cryptography/SPARK2/Ada-SPARK-SHA-1,0,0,,0,no,no,no,from build logs,0,0,GNATMAKE 14.2.0,GNATMAKE 12.2.0
cryptography/SPARK2/Bit-Reversal,0,0,,0,no,no,no,from build logs,0,0,GNATMAKE 14.2.0,GNATMAKE 12.2.0
geometry/Ada/Adaptive-Histogram-Equalization,0,0,,0,no,no,no,from build logs,0,0,GNATMAKE 14.2.0,GNATMAKE 12.2.0
geometry/Ada/Ambient-Occlusion,0,0,,0,no,no,no,from build logs,0,0,GNATMAKE 14.2.0,GNATMAKE 12.2.0
geometry/Ada/Bresenhams-Line-Algorithm,0,0,,0,no,no,no,from build logs,0,0,GNATMAKE 14.2.0,GNATMAKE 12.2.0
geometry/Ada/Canny-Edge-Detector,0,0,,0,no,no,no,from build logs,0,0,GNATMAKE 14.2.0,GNATMAKE 12.2.0
geometry/Ada/Clipping,0,0,,0,no,no,no,from build logs,0,0,GNATMAKE 14.2.0,GNATMAKE 12.2.0
geometry/Ada/Closest-Pair-Problem,0,0,,0,no,no,no,from build logs,0,0,GNATMAKE 14.2.0,GNATMAKE 12.2.0
geometry/Ada/Cohen-Sutherland,0,0,,1,no,no,no,from build logs,0,0,GNATMAKE 14.2.0,GNATMAKE 12.2.0
geometry/Ada/Constructive-Solid-Geometry,0,0,,0,no,no,no,from build logs,0,0,GNATMAKE 14.2.0,GNATMAKE 12.2.0
geometry/Ada/Convex-Hull-Algorithms,0,0,,0,no,no,no,from build logs,0,0,GNATMAKE 14.2.0,GNATMAKE 12.2.0
geometry/Ada/Delaunay-Triangulation,0,0,,1,no,no,no,from build logs,0,0,GNATMAKE 14.2.0,GNATMAKE 12.2.0
geometry/Ada/Dithering,0,0,,0,no,no,no,from build logs,0,0,GNATMAKE 14.2.0,GNATMAKE 12.2.0
geometry/Ada/Fast-Clipping,0,0,,0,no,no,no,from build logs,0,0,GNATMAKE 14.2.0,GNATMAKE 12.2.0
geometry/Ada/Generalised-Hough-Transform,0,0,,0,no,no,no,from build logs,0,0,GNATMAKE 14.2.0,GNATMAKE 12.2.0
geometry/Ada/Gift-Wrapping,0,0,,0,no,no,no,from build logs,0,0,GNATMAKE 14.2.0,GNATMAKE 12.2.0
geometry/Ada/Gouraud-Shading,0,0,,1,no,no,no,from build logs,0,0,GNATMAKE 14.2.0,GNATMAKE 12.2.0
geometry/Ada/Grabcut,0,0,,0,no,no,no,from build logs,0,0,GNATMAKE 14.2.0,GNATMAKE 12.2.0
geometry/Ada/Graham-Scan,0,0,,0,no,no,no,from build logs,0,0,GNATMAKE 14.2.0,GNATMAKE 12.2.0
geometry/Ada/Histogram-Equalization,0,0,,0,no,no,no,from build logs,0,0,GNATMAKE 14.2.0,GNATMAKE 12.2.0
geometry/Ada/Hough-Transform,0,0,,0,no,no,no,from build logs,0,0,GNATMAKE 14.2.0,GNATMAKE 12.2.0
geometry/Ada/Isosurfaces,0,0,,1,no,no,no,from build logs,0,0,GNATMAKE 14.2.0,GNATMAKE 12.2.0
geometry/Ada/Kirkpatrick-Seidel,0,0,,0,no,no,no,from build logs,0,0,GNATMAKE 14.2.0,GNATMAKE 12.2.0
geometry/Ada/Liang-Barsky,0,0,,0,no,no,no,from build logs,0,0,GNATMAKE 14.2.0,GNATMAKE 12.2.0
geometry/Ada/Line-Clipping,0,0,,0,no,no,no,from build logs,0,0,GNATMAKE 14.2.0,GNATMAKE 12.2.0
geometry/Ada/Line-Segment-Intersection,0,0,,0,no,no,no,from build logs,0,0,GNATMAKE 14.2.0,GNATMAKE 12.2.0
geometry/Ada/Marching-Cubes,0,0,,1,no,no,no,from build logs,0,0,GNATMAKE 14.2.0,GNATMAKE 12.2.0
geometry/Ada/Ordered-Dithering,0,0,,0,no,no,no,from build logs,0,0,GNATMAKE 14.2.0,GNATMAKE 12.2.0
geometry/Ada/Phong-Shading,0,0,,1,no,no,no,from build logs,0,0,GNATMAKE 14.2.0,GNATMAKE 12.2.0
geometry/Ada/Point-In-Polygon,0,0,,0,no,no,no,from build logs,0,0,GNATMAKE 14.2.0,GNATMAKE 12.2.0
geometry/Ada/Polygon-Triangulation,0,0,,0,no,no,no,from build logs,0,0,GNATMAKE 14.2.0,GNATMAKE 12.2.0
geometry/Ada/Quasitriangulation,0,0,,0,no,no,no,from build logs,0,0,GNATMAKE 14.2.0,GNATMAKE 12.2.0
geometry/Ada/Quickhull,0,0,,0,no,no,no,from build logs,0,0,GNATMAKE 14.2.0,GNATMAKE 12.2.0
geometry/Ada/Radiosity,0,0,,0,no,no,no,from build logs,0,0,GNATMAKE 14.2.0,GNATMAKE 12.2.0
geometry/Ada/Ramer-Douglas-Peucker-Algorithm,0,0,,0,no,no,no,from build logs,0,0,GNATMAKE 14.2.0,GNATMAKE 12.2.0
geometry/Ada/Ray-Tracing,0,0,,0,no,no,no,from build logs,0,0,GNATMAKE 14.2.0,GNATMAKE 12.2.0
geometry/Ada/Riemersma-Dithering,0,0,,0,no,no,no,from build logs,0,0,GNATMAKE 14.2.0,GNATMAKE 12.2.0
geometry/Ada/Segmentation,0,0,,0,no,no,no,from build logs,0,0,GNATMAKE 14.2.0,GNATMAKE 12.2.0
geometry/Ada/Shading,0,0,,0,no,no,no,from build logs,0,0,GNATMAKE 14.2.0,GNATMAKE 12.2.0
geometry/Ada/Slerp,0,0,,0,no,no,no,from build logs,0,0,GNATMAKE 14.2.0,GNATMAKE 12.2.0
geometry/Ada/Sutherland-Hodgman,0,0,,1,no,no,no,from build logs,0,0,GNATMAKE 14.2.0,GNATMAKE 12.2.0
geometry/Ada/Triangulation,0,0,,1,no,no,no,from build logs,0,0,GNATMAKE 14.2.0,GNATMAKE 12.2.0
geometry/Ada/Vatti,0,0,,1,no,no,no,from build logs,0,0,GNATMAKE 14.2.0,GNATMAKE 12.2.0
geometry/Ada/Vincenty,0,0,,0,no,no,no,from build logs,0,0,GNATMAKE 14.2.0,GNATMAKE 12.2.0
geometry/Ada/Voronoi-Diagrams,0,0,,1,no,no,no,from build logs,0,0,GNATMAKE 14.2.0,GNATMAKE 12.2.0
geometry/Ada/Warnock-Algorithm,0,0,,0,no,no,no,from build logs,0,0,GNATMAKE 14.2.0,GNATMAKE 12.2.0
geometry/Ada/Watershed-Transformation,0,0,,0,no,no,no,from build logs,0,0,GNATMAKE 14.2.0,GNATMAKE 12.2.0
geometry/Ada/Weiler-Atherton,0,0,,1,no,no,no,from build logs,0,0,GNATMAKE 14.2.0,GNATMAKE 12.2.0
geometry/Ada/Xiaolin-Wus-Line-Algorithm,0,0,,0,no,no,no,from build logs,0,0,GNATMAKE 14.2.0,GNATMAKE 12.2.0
geometry/SPARK2/Ada-SPARK-Convex-Hull-Graham,0,0,,0,no,no,no,from build logs,0,0,GNATMAKE 14.2.0,GNATMAKE 12.2.0
geometry/SPARK2/Ada-SPARK-Point-In-Polygon,0,0,,0,no,no,no,from build logs,0,0,GNATMAKE 14.2.0,GNATMAKE 12.2.0
geometry/SPARK2/Closest-Pair-Brute,0,0,,0,no,no,no,from build logs,0,0,GNATMAKE 14.2.0,GNATMAKE 12.2.0
graphs/Ada/A-Star,0,0,,0,no,no,no,from build logs,0,0,GNATMAKE 14.2.0,GNATMAKE 12.2.0
graphs/Ada/Bellman-Ford-Algorithm,0,0,,0,no,no,no,from build logs,0,0,GNATMAKE 14.2.0,GNATMAKE 12.2.0
graphs/Ada/Boruvkas-Algorithm,0,0,,0,no,no,no,from build logs,0,0,GNATMAKE 14.2.0,GNATMAKE 12.2.0
graphs/Ada/Cliques,0,0,,0,no,no,no,from build logs,0,0,GNATMAKE 14.2.0,GNATMAKE 12.2.0
graphs/Ada/Coin-Graph,0,0,,0,no,no,no,from build logs,0,0,GNATMAKE 14.2.0,GNATMAKE 12.2.0
graphs/Ada/Cryptographically-Secure-Pseudo-Random-Number-Generators,0,0,,0,no,no,no,from build logs,0,0,GNATMAKE 14.2.0,GNATMAKE 12.2.0
graphs/Ada/Cryptographically-Secure-Pseudorandom-Number-Generator,0,0,,0,no,no,no,from build logs,0,0,GNATMAKE 14.2.0,GNATMAKE 12.2.0
graphs/Ada/Dijkstra-Scholten-Algorithm,0,0,,0,no,no,no,from build logs,0,0,GNATMAKE 14.2.0,GNATMAKE 12.2.0
graphs/Ada/Dijkstras-Algorithm,0,0,,0,no,no,no,from build logs,0,0,GNATMAKE 14.2.0,GNATMAKE 12.2.0
graphs/Ada/Dinics-Algorithm,0,0,,0,no,no,no,from build logs,0,0,GNATMAKE 14.2.0,GNATMAKE 12.2.0
graphs/Ada/Edmonds-Karp-Algorithm,0,0,,0,no,no,no,from build logs,0,0,GNATMAKE 14.2.0,GNATMAKE 12.2.0
graphs/Ada/Elliptic-Curve-Cryptography,0,0,,0,no,no,no,from build logs,0,0,GNATMAKE 14.2.0,GNATMAKE 12.2.0
graphs/Ada/Euclidean-Minimum-Spanning-Tree,0,0,,0,no,no,no,from build logs,0,0,GNATMAKE 14.2.0,GNATMAKE 12.2.0
graphs/Ada/Floyd-Steinberg-Dithering,0,0,,0,no,no,no,from build logs,0,0,GNATMAKE 14.2.0,GNATMAKE 12.2.0
graphs/Ada/Floyd-Warshall-Algorithm,0,0,,0,no,no,no,from build logs,0,0,GNATMAKE 14.2.0,GNATMAKE 12.2.0
graphs/Ada/Floyds-Cycle-Finding-Algorithm,0,0,,0,no,no,no,from build logs,0,0,GNATMAKE 14.2.0,GNATMAKE 12.2.0
graphs/Ada/Ford-Fulkerson-Algorithm,0,0,,0,no,no,no,from build logs,0,0,GNATMAKE 14.2.0,GNATMAKE 12.2.0
graphs/Ada/Hungarian-Algorithm,0,0,,0,no,no,no,from build logs,0,0,GNATMAKE 14.2.0,GNATMAKE 12.2.0
graphs/Ada/Hungarian-Method,0,0,,0,no,no,no,from build logs,0,0,GNATMAKE 14.2.0,GNATMAKE 12.2.0
graphs/Ada/Kosarajus-Algorithm,0,0,,0,no,no,no,from build logs,0,0,GNATMAKE 14.2.0,GNATMAKE 12.2.0
graphs/Ada/Kruskals-Algorithm,0,0,,0,no,no,no,from build logs,0,0,GNATMAKE 14.2.0,GNATMAKE 12.2.0
graphs/Ada/MaxCliqueDyn,0,0,,0,no,no,no,from build logs,0,0,GNATMAKE 14.2.0,GNATMAKE 12.2.0
graphs/Ada/Minimum-Spanning-Tree,0,0,,0,no,no,no,from build logs,0,0,GNATMAKE 14.2.0,GNATMAKE 12.2.0
graphs/Ada/PageRank,0,0,,0,no,no,no,from build logs,0,0,GNATMAKE 14.2.0,GNATMAKE 12.2.0
graphs/Ada/Post-Quantum-Cryptography,0,0,,0,no,no,no,from build logs,0,0,GNATMAKE 14.2.0,GNATMAKE 12.2.0
graphs/Ada/Prims-Algorithm,0,0,,0,no,no,no,from build logs,0,0,GNATMAKE 14.2.0,GNATMAKE 12.2.0
graphs/Ada/Shortest-Path-Problem,0,0,,0,no,no,no,from build logs,0,0,GNATMAKE 14.2.0,GNATMAKE 12.2.0
graphs/Ada/Tarjans-Off-Line-Lowest-Common-Ancestors,0,0,,0,no,no,no,from build logs,0,0,GNATMAKE 14.2.0,GNATMAKE 12.2.0
graphs/Ada/Tarjans-Strongly-Connected-Components,0,0,,0,no,no,no,from build logs,0,0,GNATMAKE 14.2.0,GNATMAKE 12.2.0
graphs/Ada/subgraph-isomorphism,0,0,,0,no,no,no,from build logs,0,0,GNATMAKE 14.2.0,GNATMAKE 12.2.0
graphs/SPARK2/Ada-SPARK-Bellman-Ford-Lite,0,0,,0,no,no,no,from build logs,0,0,GNATMAKE 14.2.0,GNATMAKE 12.2.0
graphs/SPARK2/Ada-SPARK-Clone-Graph,0,0,,0,no,no,no,from build logs,0,0,GNATMAKE 14.2.0,GNATMAKE 12.2.0
graphs/SPARK2/Ada-SPARK-Clone-Graph-Stub,0,0,,0,no,no,no,from build logs,0,0,GNATMAKE 14.2.0,GNATMAKE 12.2.0
graphs/SPARK2/Ada-SPARK-Dijkstra-Lite,0,0,,0,no,no,no,from build logs,0,0,GNATMAKE 14.2.0,GNATMAKE 12.2.0
graphs/SPARK2/Ada-SPARK-Find-Center-Of-Star-Graph,0,0,,0,no,no,no,from build logs,0,0,GNATMAKE 14.2.0,GNATMAKE 12.2.0
graphs/SPARK2/Ada-SPARK-Find-If-Path-Exists-In-Graph,0,0,,0,no,no,no,from build logs,0,0,GNATMAKE 14.2.0,GNATMAKE 12.2.0
graphs/SPARK2/Ada-SPARK-Floyd-Warshall,0,0,,0,no,no,no,from build logs,0,0,GNATMAKE 14.2.0,GNATMAKE 12.2.0
graphs/SPARK2/Ada-SPARK-Floyd-Warshall-Lite,0,0,,0,no,no,no,from build logs,0,0,GNATMAKE 14.2.0,GNATMAKE 12.2.0
graphs/SPARK2/Ada-SPARK-Is-Graph-Bipartite,0,0,,0,no,no,no,from build logs,0,0,GNATMAKE 14.2.0,GNATMAKE 12.2.0
graphs/SPARK2/Ada-SPARK-Kruskal-MST-Lite,0,0,,0,no,no,no,from build logs,0,0,GNATMAKE 14.2.0,GNATMAKE 12.2.0
graphs/SPARK2/Ada-SPARK-Kruskals-Algorithm,0,0,,0,no,no,no,from build logs,0,0,GNATMAKE 14.2.0,GNATMAKE 12.2.0
graphs/SPARK2/Ada-SPARK-Number-Of-Islands-DFS,0,0,,0,no,no,no,from build logs,0,0,GNATMAKE 14.2.0,GNATMAKE 12.2.0
graphs/SPARK2/Ada-SPARK-Prims-Algorithm,0,0,,0,no,no,no,from build logs,0,0,GNATMAKE 14.2.0,GNATMAKE 12.2.0
graphs/SPARK2/Ada-SPARK-Shortest-Path-In-Binary-Matrix,0,0,,0,no,no,no,from build logs,0,0,GNATMAKE 14.2.0,GNATMAKE 12.2.0
graphs/SPARK2/Bellman-Ford-Algorithm,0,0,,0,no,no,no,from build logs,0,0,GNATMAKE 14.2.0,GNATMAKE 12.2.0
graphs/SPARK4/A-Star,0,0,,0,no,no,no,from build logs,0,0,GNATMAKE 14.2.0,GNATMAKE 12.2.0
graphs/SPARK4/Ada-SPARK-Dijkstras-Algorithm,0,0,,0,no,no,no,from build logs,0,0,GNATMAKE 14.2.0,GNATMAKE 12.2.0
graphs/SPARK4/Ada-SPARK-Floyds-Cycle-Finding-Algorithm,0,0,,0,no,no,no,from build logs,0,0,GNATMAKE 14.2.0,GNATMAKE 12.2.0
hashing/Ada/Bloom-Filter,0,0,,0,no,no,no,from build logs,0,0,GNATMAKE 14.2.0,GNATMAKE 12.2.0
hashing/Ada/Geohash,0,0,,1,no,no,no,from build logs,0,0,GNATMAKE 14.2.0,GNATMAKE 12.2.0
hashing/Ada/Geometric-Hashing,0,0,,0,no,no,no,from build logs,0,0,GNATMAKE 14.2.0,GNATMAKE 12.2.0
hashing/Ada/Hash-Functions,0,0,,0,no,no,no,from build logs,0,0,GNATMAKE 14.2.0,GNATMAKE 12.2.0
hashing/Ada/Hash-Join,0,0,,0,no,no,no,from build logs,0,0,GNATMAKE 14.2.0,GNATMAKE 12.2.0
hashing/Ada/Locality-Sensitive-Hashing,0,0,,0,no,no,no,from build logs,0,0,GNATMAKE 14.2.0,GNATMAKE 12.2.0
hashing/Ada/Pearson-Hashing,0,0,,0,no,no,no,from build logs,0,0,GNATMAKE 14.2.0,GNATMAKE 12.2.0
hashing/Ada/SipHash,0,0,,1,no,no,no,from build logs,0,0,GNATMAKE 14.2.0,GNATMAKE 12.2.0
hashing/Ada/Tiger-Hash,0,0,,0,no,no,no,from build logs,0,0,GNATMAKE 14.2.0,GNATMAKE 12.2.0
hashing/Ada/Zobrist-Hashing,0,0,,0,no,no,no,from build logs,0,0,GNATMAKE 14.2.0,GNATMAKE 12.2.0
hashing/SPARK2/Ada-SPARK-Design-HashMap,0,0,,0,no,no,no,from build logs,0,0,GNATMAKE 14.2.0,GNATMAKE 12.2.0
hashing/SPARK2/Ada-SPARK-Design-HashMap-Stub,0,0,,0,no,no,no,from build logs,0,0,GNATMAKE 14.2.0,GNATMAKE 12.2.0
hashing/SPARK2/Ada-SPARK-Design-HashSet,0,0,,0,no,no,no,from build logs,0,0,GNATMAKE 14.2.0,GNATMAKE 12.2.0
hashing/SPARK2/Ada-SPARK-Design-HashSet-Stub,0,0,,0,no,no,no,from build logs,0,0,GNATMAKE 14.2.0,GNATMAKE 12.2.0
hashing/SPARK2/Ada-SPARK-FNV-Hash,0,0,,0,no,no,no,from build logs,0,0,GNATMAKE 14.2.0,GNATMAKE 12.2.0
hashing/SPARK2/Ada-SPARK-Pearson-Hashing,0,0,,0,no,no,no,from build logs,0,0,GNATMAKE 14.2.0,GNATMAKE 12.2.0
hashing/SPARK2/Ada-SPARK-Zobrist-Hashing,0,0,,0,no,no,no,from build logs,0,0,GNATMAKE 14.2.0,GNATMAKE 12.2.0
hashing/SPARK2/Bloom-Filter,0,0,,0,no,no,no,from build logs,0,0,GNATMAKE 14.2.0,GNATMAKE 12.2.0
logic/Ada/Automated-Theorem-Proving,0,0,,1,no,no,no,from build logs,0,0,GNATMAKE 14.2.0,GNATMAKE 12.2.0
logic/Ada/Chaff,0,0,,0,no,no,no,from build logs,0,0,GNATMAKE 14.2.0,GNATMAKE 12.2.0
logic/Ada/Constraint-Satisfaction,0,0,,0,no,no,no,from build logs,0,0,GNATMAKE 14.2.0,GNATMAKE 12.2.0
logic/Ada/DPLL,0,0,,0,no,no,no,from build logs,0,0,GNATMAKE 14.2.0,GNATMAKE 12.2.0
logic/Ada/DPLL-Algorithm,0,0,,0,no,no,no,from build logs,0,0,GNATMAKE 14.2.0,GNATMAKE 12.2.0
logic/Ada/Davis-Putnam,0,0,,0,no,no,no,from build logs,0,0,GNATMAKE 14.2.0,GNATMAKE 12.2.0
logic/Ada/Verified-Unification-Engine,0,0,,0,no,no,no,from build logs,0,0,GNATMAKE 14.2.0,GNATMAKE 12.2.0
matrices/Ada/Chain-Matrix-Multiplication,0,0,,0,no,no,no,from build logs,0,0,GNATMAKE 14.2.0,GNATMAKE 12.2.0
matrices/Ada/Eigenvalue-Algorithms,0,0,,0,no,no,no,from build logs,0,0,GNATMAKE 14.2.0,GNATMAKE 12.2.0
matrices/Ada/Gaussian-Elimination,0,0,,0,no,no,no,from build logs,0,0,GNATMAKE 14.2.0,GNATMAKE 12.2.0
matrices/Ada/Jacobi-Eigenvalue,0,0,,0,no,no,no,from build logs,0,0,GNATMAKE 14.2.0,GNATMAKE 12.2.0
matrices/Ada/Matrix-Multiplication,0,0,,0,no,no,no,from build logs,0,0,GNATMAKE 14.2.0,GNATMAKE 12.2.0
matrices/Ada/Quantum-Singular-Value-Transformation,0,0,,0,no,no,no,from build logs,0,0,GNATMAKE 14.2.0,GNATMAKE 12.2.0
matrices/Ada/SMAWK,0,0,,0,no,no,no,from build logs,0,0,GNATMAKE 14.2.0,GNATMAKE 12.2.0
matrices/Ada/Schonhage-Strassen,0,0,,0,no,no,no,from build logs,0,0,GNATMAKE 14.2.0,GNATMAKE 12.2.0
matrices/Ada/Sparse-Matrix,0,0,,0,no,no,no,from build logs,0,0,GNATMAKE 14.2.0,GNATMAKE 12.2.0
matrices/Ada/Strassen,0,0,,0,no,no,no,from build logs,0,0,GNATMAKE 14.2.0,GNATMAKE 12.2.0
matrices/Ada/Symbolic-Cholesky-Decomposition,0,0,,0,no,no,no,from build logs,0,0,GNATMAKE 14.2.0,GNATMAKE 12.2.0
matrices/SPARK2/Ada-SPARK-Check-If-Matrix-Is-X-Matrix,0,0,,0,no,no,no,from build logs,0,0,GNATMAKE 14.2.0,GNATMAKE 12.2.0
matrices/SPARK2/Ada-SPARK-Gaussian-Elimination,0,0,,0,no,no,no,from build logs,0,0,GNATMAKE 14.2.0,GNATMAKE 12.2.0
matrices/SPARK2/Ada-SPARK-Lucky-Numbers-In-A-Matrix,0,0,,0,no,no,no,from build logs,0,0,GNATMAKE 14.2.0,GNATMAKE 12.2.0
matrices/SPARK2/Ada-SPARK-Matrix-Cells-In-Distance-Order,0,0,,0,no,no,no,from build logs,0,0,GNATMAKE 14.2.0,GNATMAKE 12.2.0
matrices/SPARK2/Ada-SPARK-Matrix-Chain-Multiplication,0,0,,0,no,no,no,from build logs,0,0,GNATMAKE 14.2.0,GNATMAKE 12.2.0
matrices/SPARK2/Ada-SPARK-Matrix-Diagonal-Sum,0,0,,0,no,no,no,from build logs,0,0,GNATMAKE 14.2.0,GNATMAKE 12.2.0
matrices/SPARK2/Ada-SPARK-Matrix-Multiply,0,0,,0,no,no,no,from build logs,0,0,GNATMAKE 14.2.0,GNATMAKE 12.2.0
matrices/SPARK2/Ada-SPARK-Num-Matrix-Block-Sum,0,0,,0,no,no,no,from build logs,0,0,GNATMAKE 14.2.0,GNATMAKE 12.2.0
matrices/SPARK2/Ada-SPARK-Reshape-The-Matrix,0,0,,0,no,no,no,from build logs,0,0,GNATMAKE 14.2.0,GNATMAKE 12.2.0
matrices/SPARK2/Ada-SPARK-Set-Matrix-Zeroes,0,0,,0,no,no,no,from build logs,0,0,GNATMAKE 14.2.0,GNATMAKE 12.2.0
matrices/SPARK2/Ada-SPARK-Spiral-Matrix,0,0,,0,no,no,no,from build logs,0,0,GNATMAKE 14.2.0,GNATMAKE 12.2.0
matrices/SPARK2/Ada-SPARK-Spiral-Matrix-II,0,0,,0,no,no,no,from build logs,0,0,GNATMAKE 14.2.0,GNATMAKE 12.2.0
matrices/SPARK2/Ada-SPARK-The-K-Weakest-Rows-In-A-Matrix,0,0,,0,no,no,no,from build logs,0,0,GNATMAKE 14.2.0,GNATMAKE 12.2.0
matrices/SPARK2/Ada-SPARK-Toeplitz-Matrix,0,0,,0,no,no,no,from build logs,0,0,GNATMAKE 14.2.0,GNATMAKE 12.2.0
matrices/SPARK2/Ada-SPARK-Transpose-Matrix,0,0,,0,no,no,no,from build logs,0,0,GNATMAKE 14.2.0,GNATMAKE 12.2.0
matrices/SPARK2/Matrix-01,0,0,,0,no,no,no,from build logs,0,0,GNATMAKE 14.2.0,GNATMAKE 12.2.0
misc/Ada/A-Law-Algorithm,0,0,,0,no,no,no,from build logs,0,0,GNATMAKE 14.2.0,GNATMAKE 12.2.0
misc/Ada/AC-3,0,0,,0,no,no,no,from build logs,0,0,GNATMAKE 14.2.0,GNATMAKE 12.2.0
misc/Ada/ACORN-Generator,0,0,,0,no,no,no,from build logs,0,0,GNATMAKE 14.2.0,GNATMAKE 12.2.0
misc/Ada/Adaptive-Additive-Algorithm,0,0,,0,no,no,no,from build logs,0,0,GNATMAKE 14.2.0,GNATMAKE 12.2.0
misc/Ada/Addition-Chain-Exponentiation,0,0,,0,no,no,no,from build logs,0,0,GNATMAKE 14.2.0,GNATMAKE 12.2.0
misc/Ada/Adler-32,0,0,,0,no,no,no,from build logs,0,0,GNATMAKE 14.2.0,GNATMAKE 12.2.0
misc/Ada/Aharonov-Jones-Landau-Algorithm,0,0,,0,no,no,no,from build logs,0,0,GNATMAKE 14.2.0,GNATMAKE 12.2.0
misc/Ada/Algorithm-X,0,0,,0,no,no,no,from build logs,0,0,GNATMAKE 14.2.0,GNATMAKE 12.2.0
misc/Ada/Algorithms-For-Calculating-Variance,0,0,,0,no,no,no,from build logs,0,0,GNATMAKE 14.2.0,GNATMAKE 12.2.0
misc/Ada/Alpha-Beta-Pruning,0,0,,0,no,no,no,from build logs,0,0,GNATMAKE 14.2.0,GNATMAKE 12.2.0
misc/Ada/Alpha-Max-Plus-Beta-Min,0,0,,0,no,no,no,from build logs,0,0,GNATMAKE 14.2.0,GNATMAKE 12.2.0
misc/Ada/Amplitude-Amplification,0,0,,0,no,no,no,from build logs,0,0,GNATMAKE 14.2.0,GNATMAKE 12.2.0
misc/Ada/Ant-Colony-Optimization,0,0,,0,no,no,no,from build logs,0,0,GNATMAKE 14.2.0,GNATMAKE 12.2.0
misc/Ada/Approximate-Counting,0,0,,0,no,no,no,from build logs,0,0,GNATMAKE 14.2.0,GNATMAKE 12.2.0
misc/Ada/Apriori-Algorithm,0,0,,0,no,no,no,from build logs,0,0,GNATMAKE 14.2.0,GNATMAKE 12.2.0
misc/Ada/Association-Rule-Learning,0,0,,0,no,no,no,from build logs,0,0,GNATMAKE 14.2.0,GNATMAKE 12.2.0
misc/Ada/Automated-Planning-And-Scheduling,0,0,,0,no,no,no,from build logs,0,0,GNATMAKE 14.2.0,GNATMAKE 12.2.0
misc/Ada/Automatic-Train-Operation,0,0,,0,no,no,no,from build logs,0,0,GNATMAKE 14.2.0,GNATMAKE 12.2.0
misc/Ada/B-Star,0,0,,0,no,no,no,from build logs,0,0,GNATMAKE 14.2.0,GNATMAKE 12.2.0
misc/Ada/BCH-Codes,0,0,,0,no,no,no,from build logs,0,0,GNATMAKE 14.2.0,GNATMAKE 12.2.0
misc/Ada/BCJR-Algorithm,0,0,,0,no,no,no,from build logs,0,0,GNATMAKE 14.2.0,GNATMAKE 12.2.0
misc/Ada/BHT-Algorithm,0,0,,0,no,no,no,from build logs,0,0,GNATMAKE 14.2.0,GNATMAKE 12.2.0
misc/Ada/BLAST,0,0,,0,no,no,no,from build logs,0,0,GNATMAKE 14.2.0,GNATMAKE 12.2.0
misc/Ada/Baby-Step-Giant-Step,0,0,,0,no,no,no,from build logs,0,0,GNATMAKE 14.2.0,GNATMAKE 12.2.0
misc/Ada/Backtracking,0,0,,0,no,no,no,from build logs,0,0,GNATMAKE 14.2.0,GNATMAKE 12.2.0
misc/Ada/Backward-Euler,0,0,,0,no,no,no,from build logs,0,0,GNATMAKE 14.2.0,GNATMAKE 12.2.0
misc/Ada/Backward-Induction,0,0,,0,no,no,no,from build logs,0,0,GNATMAKE 14.2.0,GNATMAKE 12.2.0
misc/Ada/Baillie-PSW,0,0,,0,no,no,no,from build logs,0,0,GNATMAKE 14.2.0,GNATMAKE 12.2.0
misc/Ada/Bankers-Algorithm,0,0,,0,no,no,no,from build logs,0,0,GNATMAKE 14.2.0,GNATMAKE 12.2.0
misc/Ada/Banzhaf-Power-Index,0,0,,0,no,no,no,from build logs,0,0,GNATMAKE 14.2.0,GNATMAKE 12.2.0
misc/Ada/Barnes-Hut,0,0,,0,no,no,no,from build logs,0,0,GNATMAKE 14.2.0,GNATMAKE 12.2.0
misc/Ada/Baum-Welch,0,0,,1,no,no,no,from build logs,0,0,GNATMAKE 14.2.0,GNATMAKE 12.2.0
misc/Ada/Bayesian-Nash-Equilibrium,0,0,,0,no,no,no,from build logs,0,0,GNATMAKE 14.2.0,GNATMAKE 12.2.0
misc/Ada/Bayesian-Statistics,0,0,,0,no,no,no,from build logs,0,0,GNATMAKE 14.2.0,GNATMAKE 12.2.0
misc/Ada/Beam-Tracing,0,0,,1,no,no,no,from build logs,0,0,GNATMAKE 14.2.0,GNATMAKE 12.2.0
misc/Ada/Bees-Algorithm,0,0,,0,no,no,no,from build logs,0,0,GNATMAKE 14.2.0,GNATMAKE 12.2.0
misc/Ada/Beginner-Embedded-API,0,0,,0,no,no,no,from build logs,0,0,GNATMAKE 14.2.0,GNATMAKE 12.2.0
misc/Ada/Bensons-Algorithm,0,0,,0,no,no,no,from build logs,0,0,GNATMAKE 14.2.0,GNATMAKE 12.2.0
misc/Ada/Bentley-Ottmann,0,0,,0,no,no,no,from build logs,0,0,GNATMAKE 14.2.0,GNATMAKE 12.2.0
misc/Ada/Berkeley-Algorithm,0,0,,0,no,no,no,from build logs,0,0,GNATMAKE 14.2.0,GNATMAKE 12.2.0
misc/Ada/Bernstein-Varizani-Algorithm,0,0,,0,no,no,no,from build logs,0,0,GNATMAKE 14.2.0,GNATMAKE 12.2.0
misc/Ada/Best-Bin-First,0,0,,0,no,no,no,from build logs,0,0,GNATMAKE 14.2.0,GNATMAKE 12.2.0
misc/Ada/Binary-Space-Partitioning,0,0,,1,no,no,no,from build logs,0,0,GNATMAKE 14.2.0,GNATMAKE 12.2.0
misc/Ada/Binary-Splitting,0,0,,0,no,no,no,from build logs,0,0,GNATMAKE 14.2.0,GNATMAKE 12.2.0
misc/Ada/Birkhoff-von-Neumann,0,0,,0,no,no,no,from build logs,0,0,GNATMAKE 14.2.0,GNATMAKE 12.2.0
misc/Ada/Bitap-Algorithm,0,0,,0,no,no,no,from build logs,0,0,GNATMAKE 14.2.0,GNATMAKE 12.2.0
misc/Ada/Black-Scholes-Model,0,0,,0,no,no,no,from build logs,0,0,GNATMAKE 14.2.0,GNATMAKE 12.2.0
misc/Ada/Blind-Deconvolution,0,0,,0,no,no,no,from build logs,0,0,GNATMAKE 14.2.0,GNATMAKE 12.2.0
misc/Ada/Block-Nested-Loop,0,0,,0,no,no,no,from build logs,2,0,GNATMAKE 14.2.0,GNATMAKE 12.2.0
misc/Ada/Block-Truncation-Coding,0,0,,0,no,no,no,from build logs,0,0,GNATMAKE 14.2.0,GNATMAKE 12.2.0
misc/Ada/Blossom-Algorithm,0,0,,0,no,no,no,from build logs,0,0,GNATMAKE 14.2.0,GNATMAKE 12.2.0
misc/Ada/Blum-Blum-Shub,0,0,,0,no,no,no,from build logs,0,0,GNATMAKE 14.2.0,GNATMAKE 12.2.0
misc/Ada/Booth-Multiplication,0,0,,0,no,no,no,from build logs,0,0,GNATMAKE 14.2.0,GNATMAKE 12.2.0
misc/Ada/Bootstrap-Aggregating,0,0,,1,no,no,no,from build logs,0,0,GNATMAKE 14.2.0,GNATMAKE 12.2.0
misc/Ada/Boson-Sampling,0,0,,1,no,no,no,from build logs,0,0,GNATMAKE 14.2.0,GNATMAKE 12.2.0
misc/Ada/Boundary-Representation,0,0,,0,no,no,no,from build logs,0,0,GNATMAKE 14.2.0,GNATMAKE 12.2.0
misc/Ada/Bowyer-Watson,0,0,,1,no,no,no,from build logs,0,0,GNATMAKE 14.2.0,GNATMAKE 12.2.0
misc/Ada/Branch-and-Bound,0,0,,0,no,no,no,from build logs,0,0,GNATMAKE 14.2.0,GNATMAKE 12.2.0
misc/Ada/Branch-and-Cut,0,0,,0,no,no,no,from build logs,0,0,GNATMAKE 14.2.0,GNATMAKE 12.2.0
misc/Ada/Bron-Kerbosch,0,0,,0,no,no,no,from build logs,0,0,GNATMAKE 14.2.0,GNATMAKE 12.2.0
misc/Ada/Buchbergers-Algorithm,0,0,,0,no,no,no,from build logs,0,0,GNATMAKE 14.2.0,GNATMAKE 12.2.0
misc/Ada/Buddy-Memory-Allocation,2,0,,0,no,no,no,from build logs,2,0,GNATMAKE 14.2.0,GNATMAKE 12.2.0
misc/Ada/Buechi-Automaton,0,0,,0,no,no,no,from build logs,0,0,GNATMAKE 14.2.0,GNATMAKE 12.2.0
misc/Ada/Bully-Algorithm,0,0,,0,no,no,no,from build logs,0,0,GNATMAKE 14.2.0,GNATMAKE 12.2.0
misc/Ada/Buzens-Algorithm,0,0,,0,no,no,no,from build logs,0,0,GNATMAKE 14.2.0,GNATMAKE 12.2.0
misc/Ada/C4.5-Algorithm,0,0,,0,no,no,no,from build logs,0,0,GNATMAKE 14.2.0,GNATMAKE 12.2.0
misc/Ada/CHS-Conversion,0,0,,0,no,no,no,from build logs,0,0,GNATMAKE 14.2.0,GNATMAKE 12.2.0
misc/Ada/Cannons-Algorithm,0,0,,0,no,no,no,from build logs,0,0,GNATMAKE 14.2.0,GNATMAKE 12.2.0
misc/Ada/Chaitins-Algorithm,0,0,,0,no,no,no,from build logs,0,0,GNATMAKE 14.2.0,GNATMAKE 12.2.0
misc/Ada/Chandra-Toueg,0,0,,0,no,no,no,from build logs,0,0,GNATMAKE 14.2.0,GNATMAKE 12.2.0
misc/Ada/Chans-Algorithm,0,0,,0,no,no,no,from build logs,0,0,GNATMAKE 14.2.0,GNATMAKE 12.2.0
misc/Ada/Chase,0,0,,0,no,no,no,from build logs,0,0,GNATMAKE 14.2.0,GNATMAKE 12.2.0
misc/Ada/Cheneys-Algorithm,0,0,,0,no,no,no,from build logs,0,0,GNATMAKE 14.2.0,GNATMAKE 12.2.0
misc/Ada/Chews-Second-Algorithm,0,0,,1,no,no,no,from build logs,0,0,GNATMAKE 14.2.0,GNATMAKE 12.2.0
misc/Ada/Chinese-Whispers,0,0,,1,no,no,no,from build logs,0,0,GNATMAKE 14.2.0,GNATMAKE 12.2.0
misc/Ada/Christofides-Algorithm,0,0,,0,no,no,no,from build logs,0,0,GNATMAKE 14.2.0,GNATMAKE 12.2.0
misc/Ada/Code-Excited-Linear-Prediction,0,0,,0,no,no,no,from build logs,0,0,GNATMAKE 14.2.0,GNATMAKE 12.2.0
misc/Ada/Collision-Detection,0,0,,0,no,no,no,from build logs,0,0,GNATMAKE 14.2.0,GNATMAKE 12.2.0
misc/Ada/Coloring-Algorithm,0,0,,0,no,no,no,from build logs,0,0,GNATMAKE 14.2.0,GNATMAKE 12.2.0
misc/Ada/Combinatorial-Auction,0,0,,0,no,no,no,from build logs,0,0,GNATMAKE 14.2.0,GNATMAKE 12.2.0
misc/Ada/Combinatorial-Optimization,0,0,,0,no,no,no,from build logs,0,0,GNATMAKE 14.2.0,GNATMAKE 12.2.0
misc/Ada/Communications-Based-Train-Control,0,0,,0,no,no,no,from build logs,0,0,GNATMAKE 14.2.0,GNATMAKE 12.2.0
misc/Ada/Computation-Of-Pi,0,0,,0,no,no,no,from build logs,0,0,GNATMAKE 14.2.0,GNATMAKE 12.2.0
misc/Ada/Computer-Vision,0,0,,0,no,no,no,from build logs,0,0,GNATMAKE 14.2.0,GNATMAKE 12.2.0
misc/Ada/Computus,0,0,,0,no,no,no,from build logs,0,0,GNATMAKE 14.2.0,GNATMAKE 12.2.0
misc/Ada/Cone-Algorithm,0,0,,0,no,no,no,from build logs,0,0,GNATMAKE 14.2.0,GNATMAKE 12.2.0
misc/Ada/Cone-Tracing,0,0,,1,no,no,no,from build logs,0,0,GNATMAKE 14.2.0,GNATMAKE 12.2.0
misc/Ada/Conflict-Driven-Clause-Learning,0,0,,1,no,no,no,from build logs,0,0,GNATMAKE 14.2.0,GNATMAKE 12.2.0
misc/Ada/Congruence-Of-Squares,0,0,,0,no,no,no,from build logs,0,0,GNATMAKE 14.2.0,GNATMAKE 12.2.0
misc/Ada/Connected-Component-Labeling,0,0,,0,no,no,no,from build logs,0,0,GNATMAKE 14.2.0,GNATMAKE 12.2.0
misc/Ada/Constraint-Algorithm,0,0,,0,no,no,no,from build logs,0,0,GNATMAKE 14.2.0,GNATMAKE 12.2.0
misc/Ada/Contour-Lines,0,0,,1,no,no,no,from build logs,0,0,GNATMAKE 14.2.0,GNATMAKE 12.2.0
misc/Ada/Coppersmith-Winograd,0,0,,0,no,no,no,from build logs,0,0,GNATMAKE 14.2.0,GNATMAKE 12.2.0
misc/Ada/Core,0,0,,0,no,no,no,from build logs,0,0,GNATMAKE 14.2.0,GNATMAKE 12.2.0
misc/Ada/Corporate-Wars-Sim,0,0,,0,no,no,no,from build logs,0,0,GNATMAKE 14.2.0,GNATMAKE 12.2.0
misc/Ada/Correlated-Equilibrium,0,0,,0,no,no,no,from build logs,0,0,GNATMAKE 14.2.0,GNATMAKE 12.2.0
misc/Ada/Crank-Nicolson,0,0,,0,no,no,no,from build logs,0,0,GNATMAKE 14.2.0,GNATMAKE 12.2.0
misc/Ada/Cristians-Algorithm,0,0,,0,no,no,no,from build logs,0,0,GNATMAKE 14.2.0,GNATMAKE 12.2.0
misc/Ada/Cross-Entropy-Method,0,0,,0,no,no,no,from build logs,0,0,GNATMAKE 14.2.0,GNATMAKE 12.2.0
misc/Ada/Cuthill-McKee,0,0,,0,no,no,no,from build logs,0,0,GNATMAKE 14.2.0,GNATMAKE 12.2.0
misc/Ada/Cutting-Plane-Method,0,0,,0,no,no,no,from build logs,0,0,GNATMAKE 14.2.0,GNATMAKE 12.2.0
misc/Ada/Cyclic-Redundancy-Check,0,0,,0,no,no,no,from build logs,0,0,GNATMAKE 14.2.0,GNATMAKE 12.2.0
misc/Ada/Cyrus-Beck,0,0,,0,no,no,no,from build logs,0,0,GNATMAKE 14.2.0,GNATMAKE 12.2.0
misc/Ada/D-Star,0,0,,0,no,no,no,from build logs,0,0,GNATMAKE 14.2.0,GNATMAKE 12.2.0
misc/Ada/DDA-Line-Algorithm,0,0,,0,no,no,no,from build logs,0,0,GNATMAKE 14.2.0,GNATMAKE 12.2.0
misc/Ada/DSA,0,0,,0,no,no,no,from build logs,0,0,GNATMAKE 14.2.0,GNATMAKE 12.2.0
misc/Ada/Damm-Algorithm,0,0,,0,no,no,no,from build logs,0,0,GNATMAKE 14.2.0,GNATMAKE 12.2.0
misc/Ada/Dancing-Links,0,0,,0,no,no,no,from build logs,0,0,GNATMAKE 14.2.0,GNATMAKE 12.2.0
misc/Ada/Dantzig-Wolfe-Decomposition,0,0,,0,no,no,no,from build logs,0,0,GNATMAKE 14.2.0,GNATMAKE 12.2.0
misc/Ada/Darwin-Godel-Machine,0,0,,1,no,no,no,from build logs,0,0,GNATMAKE 14.2.0,GNATMAKE 12.2.0
misc/Ada/Data-Flow-Analysis,0,0,,0,no,no,no,from build logs,0,0,GNATMAKE 14.2.0,GNATMAKE 12.2.0
misc/Ada/De-Boor,0,0,,0,no,no,no,from build logs,0,0,GNATMAKE 14.2.0,GNATMAKE 12.2.0
misc/Ada/De-Casteljau,0,0,,0,no,no,no,from build logs,0,0,GNATMAKE 14.2.0,GNATMAKE 12.2.0
misc/Ada/Delayed-Column-Generation,0,0,,0,no,no,no,from build logs,0,0,GNATMAKE 14.2.0,GNATMAKE 12.2.0
misc/Ada/Delivery-Mission-FSM,2,0,,0,no,no,no,from build logs,2,0,GNATMAKE 14.2.0,GNATMAKE 12.2.0
misc/Ada/Delivery-Safety-Supervisor,2,0,,0,no,no,no,from build logs,2,0,GNATMAKE 14.2.0,GNATMAKE 12.2.0
misc/Ada/Delta-Encoding,2,0,,0,no,no,no,from build logs,2,0,GNATMAKE 14.2.0,GNATMAKE 12.2.0
misc/Ada/Demon-Method,0,0,,1,no,no,no,from build logs,0,0,GNATMAKE 14.2.0,GNATMAKE 12.2.0
misc/Ada/Description-Logic,0,0,,1,no,no,no,from build logs,0,0,GNATMAKE 14.2.0,GNATMAKE 12.2.0
misc/Ada/Deutsch-Josza-Algorithm,0,0,,0,no,no,no,from build logs,0,0,GNATMAKE 14.2.0,GNATMAKE 12.2.0
misc/Ada/Dice-Coefficient,0,0,,0,no,no,no,from build logs,0,0,GNATMAKE 14.2.0,GNATMAKE 12.2.0
misc/Ada/Dictionary-Coder,0,0,,0,no,no,no,from build logs,0,0,GNATMAKE 14.2.0,GNATMAKE 12.2.0
misc/Ada/Difference-Map,0,0,,0,no,no,no,from build logs,0,0,GNATMAKE 14.2.0,GNATMAKE 12.2.0
misc/Ada/Differential-Evolution,0,0,,0,no,no,no,from build logs,0,0,GNATMAKE 14.2.0,GNATMAKE 12.2.0
misc/Ada/Diffie-Hellman-Key-Exchange,0,0,,0,no,no,no,from build logs,0,0,GNATMAKE 14.2.0,GNATMAKE 12.2.0
misc/Ada/Discrete-Event-Simulation,0,0,,0,no,no,no,from build logs,0,0,GNATMAKE 14.2.0,GNATMAKE 12.2.0
misc/Ada/Discrete-Fourier-Transformation,0,0,,0,no,no,no,from build logs,0,0,GNATMAKE 14.2.0,GNATMAKE 12.2.0
misc/Ada/Discrete-Logarithm,0,0,,0,no,no,no,from build logs,0,0,GNATMAKE 14.2.0,GNATMAKE 12.2.0
misc/Ada/Division-Algorithms,0,0,,1,no,no,no,from build logs,0,0,GNATMAKE 14.2.0,GNATMAKE 12.2.0
misc/Ada/Doomsday,0,0,,0,no,no,no,from build logs,0,0,GNATMAKE 14.2.0,GNATMAKE 12.2.0
misc/Ada/Double-Dabble,0,0,,0,no,no,no,from build logs,0,0,GNATMAKE 14.2.0,GNATMAKE 12.2.0
misc/Ada/Dynamic-Programming,0,0,,0,no,no,no,from build logs,0,0,GNATMAKE 14.2.0,GNATMAKE 12.2.0
misc/Ada/Dynamic-Time-Warping,0,0,,0,no,no,no,from build logs,0,0,GNATMAKE 14.2.0,GNATMAKE 12.2.0
misc/Ada/EIGamal,0,0,,0,no,no,no,from build logs,0,0,GNATMAKE 14.2.0,GNATMAKE 12.2.0
misc/Ada/ESC-Algorithm,0,0,,0,no,no,no,from build logs,0,0,GNATMAKE 14.2.0,GNATMAKE 12.2.0
misc/Ada/Eclat-Algorithm,0,0,,0,no,no,no,from build logs,0,0,GNATMAKE 14.2.0,GNATMAKE 12.2.0
misc/Ada/EdDSA,0,0,,0,no,no,no,from build logs,0,0,GNATMAKE 14.2.0,GNATMAKE 12.2.0
misc/Ada/Edmonds-Algorithm,0,0,,0,no,no,no,from build logs,0,0,GNATMAKE 14.2.0,GNATMAKE 12.2.0
misc/Ada/Elevator-Algorithm,NA,0,,0,no,no,no,from build logs,NA,0,GNATMAKE 14.2.0,GNATMAKE 12.2.0
misc/Ada/Elias-Delta-Coding,0,0,,0,no,no,no,from build logs,0,0,GNATMAKE 14.2.0,GNATMAKE 12.2.0
misc/Ada/Elias-Gamma-Coding,0,0,,0,no,no,no,from build logs,0,0,GNATMAKE 14.2.0,GNATMAKE 12.2.0
misc/Ada/Elias-Omega-Coding,0,0,,0,no,no,no,from build logs,0,0,GNATMAKE 14.2.0,GNATMAKE 12.2.0
misc/Ada/Ellipsoid-Method,0,0,,0,no,no,no,from build logs,0,0,GNATMAKE 14.2.0,GNATMAKE 12.2.0
misc/Ada/Elser-Difference-Map-Algorithm,0,0,,0,no,no,no,from build logs,0,0,GNATMAKE 14.2.0,GNATMAKE 12.2.0
misc/Ada/Entropy-Coding,0,0,,0,no,no,no,from build logs,0,0,GNATMAKE 14.2.0,GNATMAKE 12.2.0
misc/Ada/Entropy-Coding-With-Known-Entropy-Characteristics,2,0,,0,no,no,no,from build logs,2,0,GNATMAKE 14.2.0,GNATMAKE 12.2.0
misc/Ada/Error-Diffusion,0,0,,0,no,no,no,from build logs,0,0,GNATMAKE 14.2.0,GNATMAKE 12.2.0
misc/Ada/Espresso-Heuristic-Logic-Minimizer,0,0,,0,no,no,no,from build logs,0,0,GNATMAKE 14.2.0,GNATMAKE 12.2.0
misc/Ada/Estimation-Theory,0,0,,0,no,no,no,from build logs,0,0,GNATMAKE 14.2.0,GNATMAKE 12.2.0
misc/Ada/Euclidean-Distance-Transform,0,0,,0,no,no,no,from build logs,0,0,GNATMAKE 14.2.0,GNATMAKE 12.2.0
misc/Ada/Euler-Integration,0,0,,0,no,no,no,from build logs,0,0,GNATMAKE 14.2.0,GNATMAKE 12.2.0
misc/Ada/Evolution-Strategy,0,0,,0,no,no,no,from build logs,0,0,GNATMAKE 14.2.0,GNATMAKE 12.2.0
misc/Ada/Evolutionary-Computation,0,0,,0,no,no,no,from build logs,0,0,GNATMAKE 14.2.0,GNATMAKE 12.2.0
misc/Ada/Exact-Cover,0,0,,0,no,no,no,from build logs,0,0,GNATMAKE 14.2.0,GNATMAKE 12.2.0
misc/Ada/Exponential-Backoff,0,0,,0,no,no,no,from build logs,0,0,GNATMAKE 14.2.0,GNATMAKE 12.2.0
misc/Ada/Exponential-Golomb-Coding,0,0,,0,no,no,no,from build logs,0,0,GNATMAKE 14.2.0,GNATMAKE 12.2.0
misc/Ada/Exponentiating-By-Squaring,0,0,,0,no,no,no,from build logs,0,0,GNATMAKE 14.2.0,GNATMAKE 12.2.0
misc/Ada/FP-Growth-Algorithm,0,0,,0,no,no,no,from build logs,0,0,GNATMAKE 14.2.0,GNATMAKE 12.2.0
misc/Ada/False-Nearest-Neighbor,0,0,,0,no,no,no,from build logs,0,0,GNATMAKE 14.2.0,GNATMAKE 12.2.0
misc/Ada/False-Position-Method,0,0,,0,no,no,no,from build logs,0,0,GNATMAKE 14.2.0,GNATMAKE 12.2.0
misc/Ada/Fast-Cosine-Transform-Algorithms,0,0,,0,no,no,no,from build logs,0,0,GNATMAKE 14.2.0,GNATMAKE 12.2.0
misc/Ada/Fast-Folding-Algorithm,0,0,,0,no,no,no,from build logs,0,0,GNATMAKE 14.2.0,GNATMAKE 12.2.0
misc/Ada/Fast-Multipole-Method,0,0,,0,no,no,no,from build logs,0,0,GNATMAKE 14.2.0,GNATMAKE 12.2.0
misc/Ada/Faugere-F4,0,0,,0,no,no,no,from build logs,0,0,GNATMAKE 14.2.0,GNATMAKE 12.2.0
misc/Ada/Featherstone,0,0,,0,no,no,no,from build logs,0,0,GNATMAKE 14.2.0,GNATMAKE 12.2.0
misc/Ada/Feature-Detection,0,0,,0,no,no,no,from build logs,0,0,GNATMAKE 14.2.0,GNATMAKE 12.2.0
misc/Ada/Fermat-Factorization,0,0,,0,no,no,no,from build logs,0,0,GNATMAKE 14.2.0,GNATMAKE 12.2.0
misc/Ada/Fibonacci-Coding,0,0,,0,no,no,no,from build logs,0,0,GNATMAKE 14.2.0,GNATMAKE 12.2.0
misc/Ada/Fictitious-Play,0,0,,0,no,no,no,from build logs,0,0,GNATMAKE 14.2.0,GNATMAKE 12.2.0
misc/Ada/Filtered-Back-Projection,0,0,,0,no,no,no,from build logs,0,0,GNATMAKE 14.2.0,GNATMAKE 12.2.0
misc/Ada/Financial-Information-Exchange,0,0,,0,no,no,no,from build logs,0,0,GNATMAKE 14.2.0,GNATMAKE 12.2.0
misc/Ada/Financial-Risk-Modeling,0,0,,0,no,no,no,from build logs,0,0,GNATMAKE 14.2.0,GNATMAKE 12.2.0
misc/Ada/Finite-Difference-Method,0,0,,0,no,no,no,from build logs,0,0,GNATMAKE 14.2.0,GNATMAKE 12.2.0
misc/Ada/First-Order-Logic,0,0,,0,no,no,no,from build logs,0,0,GNATMAKE 14.2.0,GNATMAKE 12.2.0
misc/Ada/Fisher-Yates-Shuffle,0,0,,0,no,no,no,from build logs,0,0,GNATMAKE 14.2.0,GNATMAKE 12.2.0
misc/Ada/Fitness-Proportionate-Selection,0,0,,0,no,no,no,from build logs,0,0,GNATMAKE 14.2.0,GNATMAKE 12.2.0
misc/Ada/Fletchers-Checksum,0,0,,0,no,no,no,from build logs,0,0,GNATMAKE 14.2.0,GNATMAKE 12.2.0
misc/Ada/Flood-Fill,0,0,,1,no,no,no,from build logs,0,0,GNATMAKE 14.2.0,GNATMAKE 12.2.0
misc/Ada/Flow-Networks,0,0,,0,no,no,no,from build logs,0,0,GNATMAKE 14.2.0,GNATMAKE 12.2.0
misc/Ada/Force-Based-Algorithms,0,0,,0,no,no,no,from build logs,0,0,GNATMAKE 14.2.0,GNATMAKE 12.2.0
misc/Ada/Fortunes-Algorithm,0,0,,0,no,no,no,from build logs,0,0,GNATMAKE 14.2.0,GNATMAKE 12.2.0
misc/Ada/Forward-Error-Correction,0,0,,0,no,no,no,from build logs,0,0,GNATMAKE 14.2.0,GNATMAKE 12.2.0
misc/Ada/Foundations-Curriculum,0,0,,0,no,no,no,from build logs,0,0,GNATMAKE 14.2.0,GNATMAKE 12.2.0
misc/Ada/Fowler-Noll-Vo,0,0,,0,no,no,no,from build logs,0,0,GNATMAKE 14.2.0,GNATMAKE 12.2.0
misc/Ada/Frank-Wolfe-Algorithm,0,0,,0,no,no,no,from build logs,0,0,GNATMAKE 14.2.0,GNATMAKE 12.2.0
misc/Ada/Freivalds,0,0,,0,no,no,no,from build logs,0,0,GNATMAKE 14.2.0,GNATMAKE 12.2.0
misc/Ada/Fuzzy-C-Means,0,0,,0,no,no,no,from build logs,0,0,GNATMAKE 14.2.0,GNATMAKE 12.2.0
misc/Ada/GNAT-Studio-Notes,0,0,,0,no,no,no,from build logs,0,0,GNATMAKE 14.2.0,GNATMAKE 12.2.0
misc/Ada/GPU-Work-Queue,0,0,,0,no,no,no,from build logs,0,0,GNATMAKE 14.2.0,GNATMAKE 12.2.0
misc/Ada/GRASP,0,0,,0,no,no,no,from build logs,0,0,GNATMAKE 14.2.0,GNATMAKE 12.2.0
misc/Ada/Gale-Shapley-Algorithm,0,0,,0,no,no,no,from build logs,0,0,GNATMAKE 14.2.0,GNATMAKE 12.2.0
misc/Ada/Gauss-Jordan,0,0,,0,no,no,no,from build logs,0,0,GNATMAKE 14.2.0,GNATMAKE 12.2.0
misc/Ada/Gauss-Seidel,0,0,,0,no,no,no,from build logs,0,0,GNATMAKE 14.2.0,GNATMAKE 12.2.0
misc/Ada/Gene-Expression-Programming,0,0,,0,no,no,no,from build logs,0,0,GNATMAKE 14.2.0,GNATMAKE 12.2.0
misc/Ada/General-Problem-Solver,0,0,,0,no,no,no,from build logs,0,0,GNATMAKE 14.2.0,GNATMAKE 12.2.0
misc/Ada/Generational-Garbage-Collector,0,0,,0,no,no,no,from build logs,0,0,GNATMAKE 14.2.0,GNATMAKE 12.2.0
misc/Ada/Genetic-Algorithms,0,0,,0,no,no,no,from build logs,0,0,GNATMAKE 14.2.0,GNATMAKE 12.2.0
misc/Ada/Gerchberg-Saxton-Algorithm,0,0,,0,no,no,no,from build logs,0,0,GNATMAKE 14.2.0,GNATMAKE 12.2.0
misc/Ada/Gibbs-Sampling,0,0,,0,no,no,no,from build logs,0,0,GNATMAKE 14.2.0,GNATMAKE 12.2.0
misc/Ada/Gilbert-Johnson-Keerthi,0,0,,0,no,no,no,from build logs,0,0,GNATMAKE 14.2.0,GNATMAKE 12.2.0
misc/Ada/Glauber-Dynamics,0,0,,1,no,no,no,from build logs,0,0,GNATMAKE 14.2.0,GNATMAKE 12.2.0
misc/Ada/Global-Illumination,0,0,,0,no,no,no,from build logs,0,0,GNATMAKE 14.2.0,GNATMAKE 12.2.0
misc/Ada/Goertzel-Algorithm,0,0,,0,no,no,no,from build logs,0,0,GNATMAKE 14.2.0,GNATMAKE 12.2.0
misc/Ada/Goldschmidt-Division,0,0,,0,no,no,no,from build logs,0,0,GNATMAKE 14.2.0,GNATMAKE 12.2.0
misc/Ada/Golomb-Coding,0,0,,0,no,no,no,from build logs,0,0,GNATMAKE 14.2.0,GNATMAKE 12.2.0
misc/Ada/Gospers-Algorithm,0,0,,0,no,no,no,from build logs,0,0,GNATMAKE 14.2.0,GNATMAKE 12.2.0
misc/Ada/Gram-Schmidt,0,0,,0,no,no,no,from build logs,0,0,GNATMAKE 14.2.0,GNATMAKE 12.2.0
misc/Ada/Gray-Code,0,0,,0,no,no,no,from build logs,0,0,GNATMAKE 14.2.0,GNATMAKE 12.2.0
misc/Ada/Ground-State,0,0,,0,no,no,no,from build logs,0,0,GNATMAKE 14.2.0,GNATMAKE 12.2.0
misc/Ada/Grovers-Algorithm,0,0,,0,no,no,no,from build logs,0,0,GNATMAKE 14.2.0,GNATMAKE 12.2.0
misc/Ada/GrowCut,0,0,,0,no,no,no,from build logs,0,0,GNATMAKE 14.2.0,GNATMAKE 12.2.0
misc/Ada/HHL-Algorithm,0,0,,1,no,no,no,from build logs,0,0,GNATMAKE 14.2.0,GNATMAKE 12.2.0
misc/Ada/Hadamard-Test,0,0,,0,no,no,no,from build logs,0,0,GNATMAKE 14.2.0,GNATMAKE 12.2.0
misc/Ada/Hadamard-Transform,0,0,,0,no,no,no,from build logs,0,0,GNATMAKE 14.2.0,GNATMAKE 12.2.0
misc/Ada/Half-Toning,0,0,,0,no,no,no,from build logs,0,0,GNATMAKE 14.2.0,GNATMAKE 12.2.0
misc/Ada/Halleys-Method,0,0,,0,no,no,no,from build logs,0,0,GNATMAKE 14.2.0,GNATMAKE 12.2.0
misc/Ada/Hamiltonian-Simulation,0,0,,0,no,no,no,from build logs,0,0,GNATMAKE 14.2.0,GNATMAKE 12.2.0
misc/Ada/Hamming-7-4,0,0,,0,no,no,no,from build logs,0,0,GNATMAKE 14.2.0,GNATMAKE 12.2.0
misc/Ada/Hamming-Code,0,0,,0,no,no,no,from build logs,0,0,GNATMAKE 14.2.0,GNATMAKE 12.2.0
misc/Ada/Hamming-Weight,0,0,,0,no,no,no,from build logs,0,0,GNATMAKE 14.2.0,GNATMAKE 12.2.0
misc/Ada/Heaps-Algorithm,0,0,,0,no,no,no,from build logs,0,0,GNATMAKE 14.2.0,GNATMAKE 12.2.0
misc/Ada/Hidden-Linear-Function-Problem,0,0,,0,no,no,no,from build logs,0,0,GNATMAKE 14.2.0,GNATMAKE 12.2.0
misc/Ada/Hidden-Shift-Problem,0,0,,0,no,no,no,from build logs,0,0,GNATMAKE 14.2.0,GNATMAKE 12.2.0
misc/Ada/Hidden-Subgroup-Problem,0,0,,0,no,no,no,from build logs,0,0,GNATMAKE 14.2.0,GNATMAKE 12.2.0
misc/Ada/Hidden-Surface-Removal,0,0,,1,no,no,no,from build logs,0,0,GNATMAKE 14.2.0,GNATMAKE 12.2.0
misc/Ada/Hindley-Milner-Type-Inference-Algorithm,0,0,,1,no,no,no,from build logs,0,0,GNATMAKE 14.2.0,GNATMAKE 12.2.0
misc/Ada/Hindley-Milner-Type-System,0,0,,1,no,no,no,from build logs,0,0,GNATMAKE 14.2.0,GNATMAKE 12.2.0
misc/Ada/Hirschbergs-Algorithm,0,0,,0,no,no,no,from build logs,0,0,GNATMAKE 14.2.0,GNATMAKE 12.2.0
misc/Ada/Hopcroft-Karp-Algorithm,0,0,,0,no,no,no,from build logs,0,0,GNATMAKE 14.2.0,GNATMAKE 12.2.0
misc/Ada/Hopcrofts-Algorithm,0,0,,0,no,no,no,from build logs,0,0,GNATMAKE 14.2.0,GNATMAKE 12.2.0
misc/Ada/Hopfield-Net,0,0,,0,no,no,no,from build logs,0,0,GNATMAKE 14.2.0,GNATMAKE 12.2.0
misc/Ada/Huangs-Algorithm,0,0,,0,no,no,no,from build logs,0,0,GNATMAKE 14.2.0,GNATMAKE 12.2.0
misc/Ada/Hybrid-Algorithms,0,0,,0,no,no,no,from build logs,0,0,GNATMAKE 14.2.0,GNATMAKE 12.2.0
misc/Ada/ID3-Algorithm,0,0,,0,no,no,no,from build logs,0,0,GNATMAKE 14.2.0,GNATMAKE 12.2.0
misc/Ada/ITP-Method,0,0,,0,no,no,no,from build logs,0,0,GNATMAKE 14.2.0,GNATMAKE 12.2.0
misc/Ada/Image-Based-Lighting,0,0,,1,no,no,no,from build logs,0,0,GNATMAKE 14.2.0,GNATMAKE 12.2.0
misc/Ada/Incremental-Encoding,0,0,,0,no,no,no,from build logs,0,0,GNATMAKE 14.2.0,GNATMAKE 12.2.0
misc/Ada/Index-Calculus,0,0,,0,no,no,no,from build logs,0,0,GNATMAKE 14.2.0,GNATMAKE 12.2.0
misc/Ada/Inside-Out-Algorithm,0,0,,0,no,no,no,from build logs,0,0,GNATMAKE 14.2.0,GNATMAKE 12.2.0
misc/Ada/Integer-Factorization,0,0,,0,no,no,no,from build logs,0,0,GNATMAKE 14.2.0,GNATMAKE 12.2.0
misc/Ada/Integer-Linear-Programming,0,0,,0,no,no,no,from build logs,0,0,GNATMAKE 14.2.0,GNATMAKE 12.2.0
misc/Ada/Intersection-Algorithm,0,0,,0,no,no,no,from build logs,0,0,GNATMAKE 14.2.0,GNATMAKE 12.2.0
misc/Ada/Inverse-Iteration,0,0,,0,no,no,no,from build logs,0,0,GNATMAKE 14.2.0,GNATMAKE 12.2.0
misc/Ada/Johnsons-Algorithm,0,0,,0,no,no,no,from build logs,0,0,GNATMAKE 14.2.0,GNATMAKE 12.2.0
misc/Ada/Jump-And-Walk,0,0,,1,no,no,no,from build logs,0,0,GNATMAKE 14.2.0,GNATMAKE 12.2.0
misc/Ada/K-Nearest-Neighbours,0,0,,0,no,no,no,from build logs,0,0,GNATMAKE 14.2.0,GNATMAKE 12.2.0
misc/Ada/K-Way-Merge,0,0,,0,no,no,no,from build logs,0,0,GNATMAKE 14.2.0,GNATMAKE 12.2.0
misc/Ada/Kabsch,0,0,,0,no,no,no,from build logs,0,0,GNATMAKE 14.2.0,GNATMAKE 12.2.0
misc/Ada/Kadanes-Algorithm,0,0,,0,no,no,no,from build logs,0,0,GNATMAKE 14.2.0,GNATMAKE 12.2.0
misc/Ada/Kahan-Summation,0,0,,0,no,no,no,from build logs,0,0,GNATMAKE 14.2.0,GNATMAKE 12.2.0
misc/Ada/Kalman-Filter,0,0,,0,no,no,no,from build logs,0,0,GNATMAKE 14.2.0,GNATMAKE 12.2.0
misc/Ada/Kargers-Algorithm,0,0,,1,no,no,no,from build logs,0,0,GNATMAKE 14.2.0,GNATMAKE 12.2.0
misc/Ada/Karmarkars-Algorithm,0,0,,0,no,no,no,from build logs,0,0,GNATMAKE 14.2.0,GNATMAKE 12.2.0
misc/Ada/Karn-Algorithm,0,0,,0,no,no,no,from build logs,0,0,GNATMAKE 14.2.0,GNATMAKE 12.2.0
misc/Ada/Key-Derivation-Function,0,0,,0,no,no,no,from build logs,0,0,GNATMAKE 14.2.0,GNATMAKE 12.2.0
misc/Ada/Key-Exchange,0,0,,0,no,no,no,from build logs,0,0,GNATMAKE 14.2.0,GNATMAKE 12.2.0
misc/Ada/Knuth-Bendix-Completion,0,0,,0,no,no,no,from build logs,0,0,GNATMAKE 14.2.0,GNATMAKE 12.2.0
misc/Ada/Krauss-Matching-Wildcards,0,0,,0,no,no,no,from build logs,0,0,GNATMAKE 14.2.0,GNATMAKE 12.2.0
misc/Ada/Lagged-Fibonacci-Generator,0,0,,0,no,no,no,from build logs,0,0,GNATMAKE 14.2.0,GNATMAKE 12.2.0
misc/Ada/Laplacian-Smoothing,0,0,,0,no,no,no,from build logs,0,0,GNATMAKE 14.2.0,GNATMAKE 12.2.0
misc/Ada/Lax-Wendroff,0,0,,0,no,no,no,from build logs,0,0,GNATMAKE 14.2.0,GNATMAKE 12.2.0
misc/Ada/Lemke-Howson,0,0,,0,no,no,no,from build logs,0,0,GNATMAKE 14.2.0,GNATMAKE 12.2.0
misc/Ada/Lempel-Ziv-Jeff-Bonwick,0,0,,0,no,no,no,from build logs,0,0,GNATMAKE 14.2.0,GNATMAKE 12.2.0
misc/Ada/Lempel-Ziv-Markov-Chain-Algorithm,0,0,,0,no,no,no,from build logs,0,0,GNATMAKE 14.2.0,GNATMAKE 12.2.0
misc/Ada/Lempel-Ziv-Oberhurmer,0,0,,0,no,no,no,from build logs,0,0,GNATMAKE 14.2.0,GNATMAKE 12.2.0
misc/Ada/Lempel-Ziv-Ross-Williams,0,0,,0,no,no,no,from build logs,0,0,GNATMAKE 14.2.0,GNATMAKE 12.2.0
misc/Ada/Lempel-Ziv-Stac,0,0,,0,no,no,no,from build logs,0,0,GNATMAKE 14.2.0,GNATMAKE 12.2.0
misc/Ada/Lempel-Ziv-Storer-Szymanski,0,0,,0,no,no,no,from build logs,0,0,GNATMAKE 14.2.0,GNATMAKE 12.2.0
misc/Ada/Lempel-Ziv-Welch,0,0,,0,no,no,no,from build logs,0,0,GNATMAKE 14.2.0,GNATMAKE 12.2.0
misc/Ada/Lenstra-Lenstra-Lovasz,0,0,,0,no,no,no,from build logs,0,0,GNATMAKE 14.2.0,GNATMAKE 12.2.0
misc/Ada/Lesk,0,0,,0,no,no,no,from build logs,0,0,GNATMAKE 14.2.0,GNATMAKE 12.2.0
misc/Ada/Level-Set-Method,0,0,,0,no,no,no,from build logs,0,0,GNATMAKE 14.2.0,GNATMAKE 12.2.0
misc/Ada/Levinson-Recursion,0,0,,0,no,no,no,from build logs,0,0,GNATMAKE 14.2.0,GNATMAKE 12.2.0
misc/Ada/Lexical-Analysis,0,0,,0,no,no,no,from build logs,0,0,GNATMAKE 14.2.0,GNATMAKE 12.2.0
misc/Ada/Linde-Buzo-Gray,0,0,,0,no,no,no,from build logs,0,0,GNATMAKE 14.2.0,GNATMAKE 12.2.0
misc/Ada/Linde-Buzo-Gray-Algorithm,0,0,,0,no,no,no,from build logs,0,0,GNATMAKE 14.2.0,GNATMAKE 12.2.0
misc/Ada/Line-Drawing,0,0,,0,no,no,no,from build logs,0,0,GNATMAKE 14.2.0,GNATMAKE 12.2.0
misc/Ada/Linear-Feedback-Shift-Register,0,0,,0,no,no,no,from build logs,0,0,GNATMAKE 14.2.0,GNATMAKE 12.2.0
misc/Ada/Linear-Multistep-Methods,0,0,,0,no,no,no,from build logs,0,0,GNATMAKE 14.2.0,GNATMAKE 12.2.0
misc/Ada/Linear-Predictive-Coding,0,0,,0,no,no,no,from build logs,0,0,GNATMAKE 14.2.0,GNATMAKE 12.2.0
misc/Ada/Linear-Programming,0,0,,0,no,no,no,from build logs,0,0,GNATMAKE 14.2.0,GNATMAKE 12.2.0
misc/Ada/List-Scheduling,NA,0,,0,no,no,no,from build logs,NA,0,GNATMAKE 14.2.0,GNATMAKE 12.2.0
misc/Ada/Locomotion-Mode-Interlock,2,0,,0,no,no,no,from build logs,2,0,GNATMAKE 14.2.0,GNATMAKE 12.2.0
misc/Ada/Long-Division,0,0,,0,no,no,no,from build logs,0,0,GNATMAKE 14.2.0,GNATMAKE 12.2.0
misc/Ada/Longest-Increasing-Subsequence,0,0,,0,no,no,no,from build logs,0,0,GNATMAKE 14.2.0,GNATMAKE 12.2.0
misc/Ada/Longest-Path-Problem,0,0,,0,no,no,no,from build logs,0,0,GNATMAKE 14.2.0,GNATMAKE 12.2.0
misc/Ada/Longitudinal-Redundacy-Check,0,0,,0,no,no,no,from build logs,0,0,GNATMAKE 14.2.0,GNATMAKE 12.2.0
misc/Ada/Luhn-Algorithm,0,0,,0,no,no,no,from build logs,0,0,GNATMAKE 14.2.0,GNATMAKE 12.2.0
misc/Ada/Luhn-Mod-N-Algorithm,0,0,,0,no,no,no,from build logs,0,0,GNATMAKE 14.2.0,GNATMAKE 12.2.0
misc/Ada/Luleas-Algorithm,2,0,,0,no,no,no,from build logs,2,0,GNATMAKE 14.2.0,GNATMAKE 12.2.0
misc/Ada/Maekawas-Algorithm,0,0,,0,no,no,no,from build logs,0,0,GNATMAKE 14.2.0,GNATMAKE 12.2.0
misc/Ada/Manning-Criteria,0,0,,0,no,no,no,from build logs,0,0,GNATMAKE 14.2.0,GNATMAKE 12.2.0
misc/Ada/Marching-Squares,0,0,,1,no,no,no,from build logs,0,0,GNATMAKE 14.2.0,GNATMAKE 12.2.0
misc/Ada/Marching-Tetrahedrons,0,0,,1,no,no,no,from build logs,0,0,GNATMAKE 14.2.0,GNATMAKE 12.2.0
misc/Ada/Marching-Triangles,0,0,,1,no,no,no,from build logs,0,0,GNATMAKE 14.2.0,GNATMAKE 12.2.0
misc/Ada/Mark-Compact-Algorithm,2,0,,0,no,no,no,from build logs,2,0,GNATMAKE 14.2.0,GNATMAKE 12.2.0
misc/Ada/Mark-and-Sweep,2,0,,0,no,no,no,from build logs,2,0,GNATMAKE 14.2.0,GNATMAKE 12.2.0
misc/Ada/Marr-Hildreth-Algorithm,0,0,,0,no,no,no,from build logs,0,0,GNATMAKE 14.2.0,GNATMAKE 12.2.0
misc/Ada/Marzullos-Algorithm,0,0,,0,no,no,no,from build logs,0,0,GNATMAKE 14.2.0,GNATMAKE 12.2.0
misc/Ada/Match-Rating-Approach,0,0,,0,no,no,no,from build logs,0,0,GNATMAKE 14.2.0,GNATMAKE 12.2.0
misc/Ada/Matching-Wildcards,0,0,,0,no,no,no,from build logs,0,0,GNATMAKE 14.2.0,GNATMAKE 12.2.0
misc/Ada/Maximum-Parsimony,0,0,,0,no,no,no,from build logs,0,0,GNATMAKE 14.2.0,GNATMAKE 12.2.0
misc/Ada/Mechanistic-Interpretability,0,0,,0,no,no,no,from build logs,0,0,GNATMAKE 14.2.0,GNATMAKE 12.2.0
misc/Ada/Median-Filtering,0,0,,0,no,no,no,from build logs,0,0,GNATMAKE 14.2.0,GNATMAKE 12.2.0
misc/Ada/Memetic-Algorithm,0,0,,0,no,no,no,from build logs,0,0,GNATMAKE 14.2.0,GNATMAKE 12.2.0
misc/Ada/Memory-Channel-Model,0,0,,0,no,no,no,from build logs,0,0,GNATMAKE 14.2.0,GNATMAKE 12.2.0
misc/Ada/Message-Authentication-Codes,0,0,,0,no,no,no,from build logs,0,0,GNATMAKE 14.2.0,GNATMAKE 12.2.0
misc/Ada/Midpoint-Circle-Algorithm,0,0,,0,no,no,no,from build logs,0,0,GNATMAKE 14.2.0,GNATMAKE 12.2.0
misc/Ada/Min-Conflicts,0,0,,0,no,no,no,from build logs,0,0,GNATMAKE 14.2.0,GNATMAKE 12.2.0
misc/Ada/Minimax,0,0,,0,no,no,no,from build logs,0,0,GNATMAKE 14.2.0,GNATMAKE 12.2.0
misc/Ada/Minimum-Bounding-Box,0,0,,0,no,no,no,from build logs,0,0,GNATMAKE 14.2.0,GNATMAKE 12.2.0
misc/Ada/Minimum-Degree,0,0,,0,no,no,no,from build logs,0,0,GNATMAKE 14.2.0,GNATMAKE 12.2.0
misc/Ada/Mirror-Descent,0,0,,0,no,no,no,from build logs,0,0,GNATMAKE 14.2.0,GNATMAKE 12.2.0
misc/Ada/Modular-Square-Root,0,0,,0,no,no,no,from build logs,0,0,GNATMAKE 14.2.0,GNATMAKE 12.2.0
misc/Ada/Montgomery-Reduction,0,0,,0,no,no,no,from build logs,0,0,GNATMAKE 14.2.0,GNATMAKE 12.2.0
misc/Ada/Moores-Algorithm,0,0,,0,no,no,no,from build logs,0,0,GNATMAKE 14.2.0,GNATMAKE 12.2.0
misc/Ada/Mu-Law-Algorithm,0,0,,0,no,no,no,from build logs,0,0,GNATMAKE 14.2.0,GNATMAKE 12.2.0
misc/Ada/Mullers-Method,0,0,,0,no,no,no,from build logs,0,0,GNATMAKE 14.2.0,GNATMAKE 12.2.0
misc/Ada/Multigrid-Methods,0,0,,0,no,no,no,from build logs,0,0,GNATMAKE 14.2.0,GNATMAKE 12.2.0
misc/Ada/Multiplication-Algorithms,0,0,,0,no,no,no,from build logs,0,0,GNATMAKE 14.2.0,GNATMAKE 12.2.0
misc/Ada/Multiplicative-Inverse-Algorithms,0,0,,0,no,no,no,from build logs,0,0,GNATMAKE 14.2.0,GNATMAKE 12.2.0
misc/Ada/Multiplicative-Weight-Update-Method,0,0,,0,no,no,no,from build logs,0,0,GNATMAKE 14.2.0,GNATMAKE 12.2.0
misc/Ada/Multivariate-Division-Algorithm,0,0,,0,no,no,no,from build logs,0,0,GNATMAKE 14.2.0,GNATMAKE 12.2.0
misc/Ada/N-Body-Problems,0,0,,0,no,no,no,from build logs,0,0,GNATMAKE 14.2.0,GNATMAKE 12.2.0
misc/Ada/NEF-Adaptive-OSC,2,0,,0,no,no,no,from build logs,2,0,GNATMAKE 14.2.0,GNATMAKE 12.2.0
misc/Ada/NEF-Neurorobotics-Core,2,0,,0,no,no,no,from build logs,2,0,GNATMAKE 14.2.0,GNATMAKE 12.2.0
misc/Ada/Nagles-Algorithm,0,0,,0,no,no,no,from build logs,0,0,GNATMAKE 14.2.0,GNATMAKE 12.2.0
misc/Ada/Naimi-Trehel,0,0,,0,no,no,no,from build logs,0,0,GNATMAKE 14.2.0,GNATMAKE 12.2.0
misc/Ada/Nearest-Neighbor-Algorithm,0,0,,0,no,no,no,from build logs,0,0,GNATMAKE 14.2.0,GNATMAKE 12.2.0
misc/Ada/Nelder-Mead,0,0,,0,no,no,no,from build logs,0,0,GNATMAKE 14.2.0,GNATMAKE 12.2.0
misc/Ada/Nested-Loop-Join,0,0,,0,no,no,no,from build logs,0,0,GNATMAKE 14.2.0,GNATMAKE 12.2.0
misc/Ada/Nested-Sampling,0,0,,1,no,no,no,from build logs,0,0,GNATMAKE 14.2.0,GNATMAKE 12.2.0
misc/Ada/Nesting-Algorithm,0,0,,0,no,no,no,from build logs,0,0,GNATMAKE 14.2.0,GNATMAKE 12.2.0
misc/Ada/Newton-Multiplicative-Inverse,0,0,,0,no,no,no,from build logs,0,0,GNATMAKE 14.2.0,GNATMAKE 12.2.0
misc/Ada/Newtons-Method,0,0,,0,no,no,no,from build logs,0,0,GNATMAKE 14.2.0,GNATMAKE 12.2.0
misc/Ada/Newtons-Method-in-Optimization,0,0,,0,no,no,no,from build logs,0,0,GNATMAKE 14.2.0,GNATMAKE 12.2.0
misc/Ada/Nicholl-Lee-Nicholl,0,0,,0,no,no,no,from build logs,0,0,GNATMAKE 14.2.0,GNATMAKE 12.2.0
misc/Ada/Non-Local-Quantum-Computation,0,0,,0,no,no,no,from build logs,0,0,GNATMAKE 14.2.0,GNATMAKE 12.2.0
misc/Ada/Non-Restoring-Division,0,0,,0,no,no,no,from build logs,0,0,GNATMAKE 14.2.0,GNATMAKE 12.2.0
misc/Ada/Nonblocking-Minimal-Spanning-Switch,0,0,,0,no,no,no,from build logs,0,0,GNATMAKE 14.2.0,GNATMAKE 12.2.0
misc/Ada/Nonlinear-Optimization,0,0,,0,no,no,no,from build logs,0,0,GNATMAKE 14.2.0,GNATMAKE 12.2.0
misc/Ada/Nth-Root,0,0,,0,no,no,no,from build logs,0,0,GNATMAKE 14.2.0,GNATMAKE 12.2.0
misc/Ada/Nucleolus,0,0,,0,no,no,no,from build logs,0,0,GNATMAKE 14.2.0,GNATMAKE 12.2.0
misc/Ada/Odds-Algorithm,0,0,,1,no,no,no,from build logs,0,0,GNATMAKE 14.2.0,GNATMAKE 12.2.0
misc/Ada/Odlyzko-Schonhage,0,0,,0,no,no,no,from build logs,0,0,GNATMAKE 14.2.0,GNATMAKE 12.2.0
misc/Ada/One-Attribute-Rule,0,0,,0,no,no,no,from build logs,0,0,GNATMAKE 14.2.0,GNATMAKE 12.2.0
misc/Ada/Operations-Research,0,0,,0,no,no,no,from build logs,0,0,GNATMAKE 14.2.0,GNATMAKE 12.2.0
misc/Ada/Orbital-Mechanics,0,0,,1,no,no,no,from build logs,0,0,GNATMAKE 14.2.0,GNATMAKE 12.2.0
misc/Ada/Ordered-Subset-EM,0,0,,1,no,no,no,from build logs,0,0,GNATMAKE 14.2.0,GNATMAKE 12.2.0
misc/Ada/PBKDF2,0,0,,0,no,no,no,from build logs,0,0,GNATMAKE 14.2.0,GNATMAKE 12.2.0
misc/Ada/PCIe-Transfer-Model,0,0,,0,no,no,no,from build logs,0,0,GNATMAKE 14.2.0,GNATMAKE 12.2.0
misc/Ada/Package-Merge-Algorithm,0,0,,0,no,no,no,from build logs,0,0,GNATMAKE 14.2.0,GNATMAKE 12.2.0
misc/Ada/Painters-Algorithm,0,0,,0,no,no,no,from build logs,0,0,GNATMAKE 14.2.0,GNATMAKE 12.2.0
misc/Ada/Parity-Bit,0,0,,0,no,no,no,from build logs,0,0,GNATMAKE 14.2.0,GNATMAKE 12.2.0
misc/Ada/Partial-Differential-Equation,0,0,,0,no,no,no,from build logs,0,0,GNATMAKE 14.2.0,GNATMAKE 12.2.0
misc/Ada/Particle-Swarm,0,0,,0,no,no,no,from build logs,0,0,GNATMAKE 14.2.0,GNATMAKE 12.2.0
misc/Ada/Path-Based-Strong-Component,0,0,,0,no,no,no,from build logs,0,0,GNATMAKE 14.2.0,GNATMAKE 12.2.0
misc/Ada/Path-Tracing,0,0,,0,no,no,no,from build logs,0,0,GNATMAKE 14.2.0,GNATMAKE 12.2.0
misc/Ada/Petricks-Method,0,0,,1,no,no,no,from build logs,0,0,GNATMAKE 14.2.0,GNATMAKE 12.2.0
misc/Ada/Phonetic-Algorithms,0,0,,0,no,no,no,from build logs,0,0,GNATMAKE 14.2.0,GNATMAKE 12.2.0
misc/Ada/Photon-Mapping,2,0,,0,no,no,no,from build logs,0,0,GNATMAKE 14.2.0,GNATMAKE 12.2.0
misc/Ada/Planning-Domain-Definition-Language,0,0,,0,no,no,no,from build logs,0,0,GNATMAKE 14.2.0,GNATMAKE 12.2.0
misc/Ada/Pohlig-Hellman,0,0,,0,no,no,no,from build logs,0,0,GNATMAKE 14.2.0,GNATMAKE 12.2.0
misc/Ada/Point-Set-Registration,0,0,,0,no,no,no,from build logs,0,0,GNATMAKE 14.2.0,GNATMAKE 12.2.0
misc/Ada/Poly1305,0,0,,1,no,no,no,from build logs,0,0,GNATMAKE 14.2.0,GNATMAKE 12.2.0
misc/Ada/Polynomial-Long-Division,0,0,,0,no,no,no,from build logs,0,0,GNATMAKE 14.2.0,GNATMAKE 12.2.0
misc/Ada/Power-Iteration,0,0,,0,no,no,no,from build logs,0,0,GNATMAKE 14.2.0,GNATMAKE 12.2.0
misc/Ada/Powerset-Construction,0,0,,0,no,no,no,from build logs,0,0,GNATMAKE 14.2.0,GNATMAKE 12.2.0
misc/Ada/Prediction-By-Partial-Matching,0,0,,0,no,no,no,from build logs,0,0,GNATMAKE 14.2.0,GNATMAKE 12.2.0
misc/Ada/Program-Synthesis,0,0,,1,no,no,no,from build logs,0,0,GNATMAKE 14.2.0,GNATMAKE 12.2.0
misc/Ada/Progressive-Jackpot,0,0,,1,no,no,no,from build logs,0,0,GNATMAKE 14.2.0,GNATMAKE 12.2.0
misc/Ada/Proof-Of-Work-Algorithms,0,0,,0,no,no,no,from build logs,0,0,GNATMAKE 14.2.0,GNATMAKE 12.2.0
misc/Ada/Prufer-Coding,0,0,,0,no,no,no,from build logs,0,0,GNATMAKE 14.2.0,GNATMAKE 12.2.0
misc/Ada/Pseudorandom-Number-Generator,0,0,,0,no,no,no,from build logs,0,0,GNATMAKE 14.2.0,GNATMAKE 12.2.0
misc/Ada/Pulmonary-Embolism-Algorithms,0,0,,0,no,no,no,from build logs,0,0,GNATMAKE 14.2.0,GNATMAKE 12.2.0
misc/Ada/Push-Relabel-Algorithm,0,0,,0,no,no,no,from build logs,0,0,GNATMAKE 14.2.0,GNATMAKE 12.2.0
misc/Ada/QR-Algorithm,0,0,,0,no,no,no,from build logs,0,0,GNATMAKE 14.2.0,GNATMAKE 12.2.0
misc/Ada/Quantum-Annealing,0,0,,0,no,no,no,from build logs,0,0,GNATMAKE 14.2.0,GNATMAKE 12.2.0
misc/Ada/Quantum-Artificial-Life,2,0,,1,no,no,no,from build logs,0,0,GNATMAKE 14.2.0,GNATMAKE 12.2.0
misc/Ada/Quantum-Counting-Algorithm,0,0,,0,no,no,no,from build logs,0,0,GNATMAKE 14.2.0,GNATMAKE 12.2.0
misc/Ada/Quantum-Fourier-Transform,0,0,,0,no,no,no,from build logs,0,0,GNATMAKE 14.2.0,GNATMAKE 12.2.0
misc/Ada/Quantum-Optimization-Algorithms,0,0,,0,no,no,no,from build logs,0,0,GNATMAKE 14.2.0,GNATMAKE 12.2.0
misc/Ada/Quantum-Phase-Estimation-Algorithm,0,0,,0,no,no,no,from build logs,0,0,GNATMAKE 14.2.0,GNATMAKE 12.2.0
misc/Ada/Queuing-Theory,0,0,,1,no,no,no,from build logs,0,0,GNATMAKE 14.2.0,GNATMAKE 12.2.0
misc/Ada/Quine-McCluskey-Algorithm,0,0,,0,no,no,no,from build logs,0,0,GNATMAKE 14.2.0,GNATMAKE 12.2.0
misc/Ada/RANSAC,0,0,,1,no,no,no,from build logs,0,0,GNATMAKE 14.2.0,GNATMAKE 12.2.0
misc/Ada/RIPEMD-160,0,0,,0,no,no,no,from build logs,0,0,GNATMAKE 14.2.0,GNATMAKE 12.2.0
misc/Ada/Radial-Basis-Function-Network,0,0,,0,no,no,no,from build logs,0,0,GNATMAKE 14.2.0,GNATMAKE 12.2.0
misc/Ada/Rainflow-Counting,0,0,,0,no,no,no,from build logs,0,0,GNATMAKE 14.2.0,GNATMAKE 12.2.0
misc/Ada/Random-Restart-Hill-Climbing,0,0,,0,no,no,no,from build logs,0,0,GNATMAKE 14.2.0,GNATMAKE 12.2.0
misc/Ada/Random-Walker,0,0,,0,no,no,no,from build logs,0,0,GNATMAKE 14.2.0,GNATMAKE 12.2.0
misc/Ada/Range-Encoding,0,0,,0,no,no,no,from build logs,0,0,GNATMAKE 14.2.0,GNATMAKE 12.2.0
misc/Ada/Rayleigh-Quotient-Iteration,0,0,,0,no,no,no,from build logs,0,0,GNATMAKE 14.2.0,GNATMAKE 12.2.0
misc/Ada/Rayleigh-Ritz-Method,0,0,,0,no,no,no,from build logs,0,0,GNATMAKE 14.2.0,GNATMAKE 12.2.0
misc/Ada/Raymonds-Algorithm,0,0,,0,no,no,no,from build logs,0,0,GNATMAKE 14.2.0,GNATMAKE 12.2.0
misc/Ada/Recovery-Exploiting-Semantics,0,0,,0,no,no,no,from build logs,0,0,GNATMAKE 14.2.0,GNATMAKE 12.2.0
misc/Ada/Redundancy-Checks,0,0,,0,no,no,no,from build logs,0,0,GNATMAKE 14.2.0,GNATMAKE 12.2.0
misc/Ada/Reed-Solomon-Error-Correction,0,0,,0,no,no,no,from build logs,0,0,GNATMAKE 14.2.0,GNATMAKE 12.2.0
misc/Ada/Reference-Counting,0,0,,0,no,no,no,from build logs,0,0,GNATMAKE 14.2.0,GNATMAKE 12.2.0
misc/Ada/Region-Growing,0,0,,0,no,no,no,from build logs,0,0,GNATMAKE 14.2.0,GNATMAKE 12.2.0
misc/Ada/Regret-Minimization,0,0,,0,no,no,no,from build logs,0,0,GNATMAKE 14.2.0,GNATMAKE 12.2.0
misc/Ada/Relevance-Vector-Machine,0,0,,0,no,no,no,from build logs,0,0,GNATMAKE 14.2.0,GNATMAKE 12.2.0
misc/Ada/Replicator-Equation,0,0,,0,no,no,no,from build logs,0,0,GNATMAKE 14.2.0,GNATMAKE 12.2.0
misc/Ada/Restoring-Division,0,0,,0,no,no,no,from build logs,0,0,GNATMAKE 14.2.0,GNATMAKE 12.2.0
misc/Ada/Rete-Algorithm,0,0,,1,no,no,no,from build logs,0,0,GNATMAKE 14.2.0,GNATMAKE 12.2.0
misc/Ada/Reverse-Delete-Algorithm,0,0,,0,no,no,no,from build logs,0,0,GNATMAKE 14.2.0,GNATMAKE 12.2.0
misc/Ada/Ricart-Agrawala-Algorithm,0,0,,0,no,no,no,from build logs,0,0,GNATMAKE 14.2.0,GNATMAKE 12.2.0
misc/Ada/Rice-Coding,0,0,,0,no,no,no,from build logs,0,0,GNATMAKE 14.2.0,GNATMAKE 12.2.0
misc/Ada/Richardson-Lucy-Deconvolution,0,0,,0,no,no,no,from build logs,0,0,GNATMAKE 14.2.0,GNATMAKE 12.2.0
misc/Ada/Ridders-Method,0,0,,0,no,no,no,from build logs,0,0,GNATMAKE 14.2.0,GNATMAKE 12.2.0
misc/Ada/Risch-Algorithm,0,0,,0,no,no,no,from build logs,0,0,GNATMAKE 14.2.0,GNATMAKE 12.2.0
misc/Ada/Rotating-Calipers,0,0,,0,no,no,no,from build logs,0,0,GNATMAKE 14.2.0,GNATMAKE 12.2.0
misc/Ada/Rounding-Functions,0,0,,0,no,no,no,from build logs,0,0,GNATMAKE 14.2.0,GNATMAKE 12.2.0
misc/Ada/Rupperts-Algorithm,0,0,,1,no,no,no,from build logs,0,0,GNATMAKE 14.2.0,GNATMAKE 12.2.0
misc/Ada/Ruzzo-Tompa,0,0,,0,no,no,no,from build logs,0,0,GNATMAKE 14.2.0,GNATMAKE 12.2.0
misc/Ada/SEQUITUR-Algorithm,0,0,,0,no,no,no,from build logs,0,0,GNATMAKE 14.2.0,GNATMAKE 12.2.0
misc/Ada/SRT-Division,0,0,,0,no,no,no,from build logs,0,0,GNATMAKE 14.2.0,GNATMAKE 12.2.0
misc/Ada/SSS-Star,0,0,,0,no,no,no,from build logs,0,0,GNATMAKE 14.2.0,GNATMAKE 12.2.0
misc/Ada/SUBCLU,0,0,,1,no,no,no,from build logs,0,0,GNATMAKE 14.2.0,GNATMAKE 12.2.0
misc/Ada/Salsa20,0,0,,1,no,no,no,from build logs,0,0,GNATMAKE 14.2.0,GNATMAKE 12.2.0
misc/Ada/Scale-Invariant-Feature-Transform,0,0,,0,no,no,no,from build logs,0,0,GNATMAKE 14.2.0,GNATMAKE 12.2.0
misc/Ada/Scanline-Rendering,0,0,,0,no,no,no,from build logs,0,0,GNATMAKE 14.2.0,GNATMAKE 12.2.0
misc/Ada/Schensted,0,0,,0,no,no,no,from build logs,2,0,GNATMAKE 14.2.0,GNATMAKE 12.2.0
misc/Ada/Schreier-Sims,0,0,,0,no,no,no,from build logs,0,0,GNATMAKE 14.2.0,GNATMAKE 12.2.0
misc/Ada/Scoring-Algorithm,0,0,,0,no,no,no,from build logs,0,0,GNATMAKE 14.2.0,GNATMAKE 12.2.0
misc/Ada/Seam-Carving,0,0,,0,no,no,no,from build logs,0,0,GNATMAKE 14.2.0,GNATMAKE 12.2.0
misc/Ada/Secret-Sharing,0,0,,0,no,no,no,from build logs,0,0,GNATMAKE 14.2.0,GNATMAKE 12.2.0
misc/Ada/Selection-Algorithm,0,0,,0,no,no,no,from build logs,0,0,GNATMAKE 14.2.0,GNATMAKE 12.2.0
misc/Ada/Self-Organizing-Map,0,0,,0,no,no,no,from build logs,0,0,GNATMAKE 14.2.0,GNATMAKE 12.2.0
misc/Ada/Semi-Space-Collectors,0,0,,0,no,no,no,from build logs,0,0,GNATMAKE 14.2.0,GNATMAKE 12.2.0
misc/Ada/Sethi-Ullman-Algorithm,0,0,,0,no,no,no,from build logs,0,0,GNATMAKE 14.2.0,GNATMAKE 12.2.0
misc/Ada/Shannon-Fano-Coding,0,0,,0,no,no,no,from build logs,0,0,GNATMAKE 14.2.0,GNATMAKE 12.2.0
misc/Ada/Shannon-Fano-Elias-Coding,0,0,,0,no,no,no,from build logs,0,0,GNATMAKE 14.2.0,GNATMAKE 12.2.0
misc/Ada/Shapley-Value,0,0,,0,no,no,no,from build logs,0,0,GNATMAKE 14.2.0,GNATMAKE 12.2.0
misc/Ada/Shoelace-Algorithm,0,0,,0,no,no,no,from build logs,0,0,GNATMAKE 14.2.0,GNATMAKE 12.2.0
misc/Ada/Shors-Algorithm,0,0,,1,no,no,no,from build logs,0,0,GNATMAKE 14.2.0,GNATMAKE 12.2.0
misc/Ada/Shortest-Common-Supersequence-Problem,0,0,,0,no,no,no,from build logs,0,0,GNATMAKE 14.2.0,GNATMAKE 12.2.0
misc/Ada/Simons-Problem,0,0,,0,no,no,no,from build logs,0,0,GNATMAKE 14.2.0,GNATMAKE 12.2.0
misc/Ada/Simulated-Annealing,0,0,,0,no,no,no,from build logs,0,0,GNATMAKE 14.2.0,GNATMAKE 12.2.0
misc/Ada/Sinkhorn-Knopp-Algorithm,0,0,,0,no,no,no,from build logs,0,0,GNATMAKE 14.2.0,GNATMAKE 12.2.0
misc/Ada/Slot-Machine,0,0,,0,no,no,no,from build logs,0,0,GNATMAKE 14.2.0,GNATMAKE 12.2.0
misc/Ada/Spectral-Layout,0,0,,0,no,no,no,from build logs,0,0,GNATMAKE 14.2.0,GNATMAKE 12.2.0
misc/Ada/Speeded-Up-Robust-Features,0,0,,0,no,no,no,from build logs,0,0,GNATMAKE 14.2.0,GNATMAKE 12.2.0
misc/Ada/Spigot-Algorithm,0,0,,0,no,no,no,from build logs,0,0,GNATMAKE 14.2.0,GNATMAKE 12.2.0
misc/Ada/Square-Root-Algorithms,0,0,,0,no,no,no,from build logs,0,0,GNATMAKE 14.2.0,GNATMAKE 12.2.0
misc/Ada/State-Action-Reward-State-Action,0,0,,0,no,no,no,from build logs,0,0,GNATMAKE 14.2.0,GNATMAKE 12.2.0
misc/Ada/Steinhaus-Johnson-Trotter,0,0,,0,no,no,no,from build logs,0,0,GNATMAKE 14.2.0,GNATMAKE 12.2.0
misc/Ada/Stochastic-Tunneling,0,0,,0,no,no,no,from build logs,0,0,GNATMAKE 14.2.0,GNATMAKE 12.2.0
misc/Ada/Stones-Method,0,0,,0,no,no,no,from build logs,0,0,GNATMAKE 14.2.0,GNATMAKE 12.2.0
misc/Ada/Strongly-Connected-Components,0,0,,0,no,no,no,from build logs,0,0,GNATMAKE 14.2.0,GNATMAKE 12.2.0
misc/Ada/Structured-SVM,0,0,,0,no,no,no,from build logs,0,0,GNATMAKE 14.2.0,GNATMAKE 12.2.0
misc/Ada/Subset-Sum-Algorithm,0,0,,0,no,no,no,from build logs,0,0,GNATMAKE 14.2.0,GNATMAKE 12.2.0
misc/Ada/Successive-Over-Relaxation,0,0,,0,no,no,no,from build logs,0,0,GNATMAKE 14.2.0,GNATMAKE 12.2.0
misc/Ada/Sukhotin,0,0,,0,no,no,no,from build logs,0,0,GNATMAKE 14.2.0,GNATMAKE 12.2.0
misc/Ada/Summed-Area-Table,0,0,,0,no,no,no,from build logs,0,0,GNATMAKE 14.2.0,GNATMAKE 12.2.0
misc/Ada/Supervised-Learning,0,0,,0,no,no,no,from build logs,0,0,GNATMAKE 14.2.0,GNATMAKE 12.2.0
misc/Ada/Swap-Test,0,0,,0,no,no,no,from build logs,0,0,GNATMAKE 14.2.0,GNATMAKE 12.2.0
misc/Ada/Swarm-Intelligence,0,0,,0,no,no,no,from build logs,0,0,GNATMAKE 14.2.0,GNATMAKE 12.2.0
misc/Ada/Sweep-And-Prune,0,0,,0,no,no,no,from build logs,0,0,GNATMAKE 14.2.0,GNATMAKE 12.2.0
misc/Ada/System-of-Linear-Equations,0,0,,0,no,no,no,from build logs,0,0,GNATMAKE 14.2.0,GNATMAKE 12.2.0
misc/Ada/Tarski-Kuratowski-Algorithm,0,0,,0,no,no,no,from build logs,0,0,GNATMAKE 14.2.0,GNATMAKE 12.2.0
misc/Ada/Temporal-Difference-Learning,0,0,,0,no,no,no,from build logs,0,0,GNATMAKE 14.2.0,GNATMAKE 12.2.0
misc/Ada/Term-Rewriting,0,0,,1,no,no,no,from build logs,0,0,GNATMAKE 14.2.0,GNATMAKE 12.2.0
misc/Ada/Texas-Medication-Algorithm-Project,0,0,,0,no,no,no,from build logs,0,0,GNATMAKE 14.2.0,GNATMAKE 12.2.0
misc/Ada/Thomas-Algorithm,0,0,,0,no,no,no,from build logs,0,0,GNATMAKE 14.2.0,GNATMAKE 12.2.0
misc/Ada/Todd-Coxeter,0,0,,0,no,no,no,from build logs,0,0,GNATMAKE 14.2.0,GNATMAKE 12.2.0
misc/Ada/Tomasulo-Algorithm,0,0,,0,no,no,no,from build logs,0,0,GNATMAKE 14.2.0,GNATMAKE 12.2.0
misc/Ada/Toom-Cook,0,0,,0,no,no,no,from build logs,0,0,GNATMAKE 14.2.0,GNATMAKE 12.2.0
misc/Ada/Top-Nodes-Algorithm,0,0,,0,no,no,no,from build logs,0,0,GNATMAKE 14.2.0,GNATMAKE 12.2.0
misc/Ada/Top-Trading-Cycle,0,0,,0,no,no,no,from build logs,0,0,GNATMAKE 14.2.0,GNATMAKE 12.2.0
misc/Ada/Traffic-Light-Controller,0,0,,0,no,no,no,from build logs,0,0,GNATMAKE 14.2.0,GNATMAKE 12.2.0
misc/Ada/Traffic-Simulation,0,0,,0,no,no,no,from build logs,0,0,GNATMAKE 14.2.0,GNATMAKE 12.2.0
misc/Ada/Transform-Coding,0,0,,0,no,no,no,from build logs,0,0,GNATMAKE 14.2.0,GNATMAKE 12.2.0
misc/Ada/Transitive-Closure,0,0,,0,no,no,no,from build logs,0,0,GNATMAKE 14.2.0,GNATMAKE 12.2.0
misc/Ada/Trapezoidal-Rule-DE,0,0,,0,no,no,no,from build logs,0,0,GNATMAKE 14.2.0,GNATMAKE 12.2.0
misc/Ada/Travelling-Salesman-Problem,0,0,,0,no,no,no,from build logs,0,0,GNATMAKE 14.2.0,GNATMAKE 12.2.0
misc/Ada/Trial-Division,0,0,,0,no,no,no,from build logs,0,0,GNATMAKE 14.2.0,GNATMAKE 12.2.0
misc/Ada/Truncated-Binary-Encoding,0,0,,0,no,no,no,from build logs,0,0,GNATMAKE 14.2.0,GNATMAKE 12.2.0
misc/Ada/Truncated-Binary-Exponential-Backoff,0,0,,0,no,no,no,from build logs,0,0,GNATMAKE 14.2.0,GNATMAKE 12.2.0
misc/Ada/Truncation-Selection,0,0,,0,no,no,no,from build logs,0,0,GNATMAKE 14.2.0,GNATMAKE 12.2.0
misc/Ada/TrustRank,0,0,,0,no,no,no,from build logs,0,0,GNATMAKE 14.2.0,GNATMAKE 12.2.0
misc/Ada/TurboQuant,0,0,,0,no,no,no,from build logs,0,0,GNATMAKE 14.2.0,GNATMAKE 12.2.0
misc/Ada/Ukkonens-Algorithm,0,0,,0,no,no,no,from build logs,0,0,GNATMAKE 14.2.0,GNATMAKE 12.2.0
misc/Ada/Unary-Coding,0,0,,0,no,no,no,from build logs,0,0,GNATMAKE 14.2.0,GNATMAKE 12.2.0
misc/Ada/Unicode-Collation-Algorithm,0,0,,0,no,no,no,from build logs,0,0,GNATMAKE 14.2.0,GNATMAKE 12.2.0
misc/Ada/Unrestricted-Algorithm,0,0,,0,no,no,no,from build logs,0,0,GNATMAKE 14.2.0,GNATMAKE 12.2.0
misc/Ada/VEGAS-Algorithm,0,0,,0,no,no,no,from build logs,0,0,GNATMAKE 14.2.0,GNATMAKE 12.2.0
misc/Ada/Variational-Method,0,0,,0,no,no,no,from build logs,0,0,GNATMAKE 14.2.0,GNATMAKE 12.2.0
misc/Ada/Variational-Quantum-Eigensolver,0,0,,0,no,no,no,from build logs,0,0,GNATMAKE 14.2.0,GNATMAKE 12.2.0
misc/Ada/Vector-Quantization,0,0,,0,no,no,no,from build logs,0,0,GNATMAKE 14.2.0,GNATMAKE 12.2.0
misc/Ada/Vehicle-Routing-Problem,0,0,,0,no,no,no,from build logs,0,0,GNATMAKE 14.2.0,GNATMAKE 12.2.0
misc/Ada/Velvet,0,0,,0,no,no,no,from build logs,0,0,GNATMAKE 14.2.0,GNATMAKE 12.2.0
misc/Ada/Verhoeff-Algorithm,0,0,,0,no,no,no,from build logs,0,0,GNATMAKE 14.2.0,GNATMAKE 12.2.0
misc/Ada/Vickrey-Clarke-Groves-Mechanism,0,0,,0,no,no,no,from build logs,0,0,GNATMAKE 14.2.0,GNATMAKE 12.2.0
misc/Ada/Wang-Landau,0,0,,0,no,no,no,from build logs,0,0,GNATMAKE 14.2.0,GNATMAKE 12.2.0
misc/Ada/Warnsdorffs-Rule,0,0,,0,no,no,no,from build logs,0,0,GNATMAKE 14.2.0,GNATMAKE 12.2.0
misc/Ada/Warped-Linear-Predictive-Coding,0,0,,0,no,no,no,from build logs,0,0,GNATMAKE 14.2.0,GNATMAKE 12.2.0
misc/Ada/Xor-Swap-Algorithm,0,0,,0,no,no,no,from build logs,0,0,GNATMAKE 14.2.0,GNATMAKE 12.2.0
misc/Ada/Yamartino-Method,0,0,,1,no,no,no,from build logs,0,0,GNATMAKE 14.2.0,GNATMAKE 12.2.0
misc/Ada/Zellers-Congruence-Algorithm,0,0,,0,no,no,no,from build logs,0,0,GNATMAKE 14.2.0,GNATMAKE 12.2.0
misc/Ada/Zero-Attribute-Rule,0,0,,0,no,no,no,from build logs,0,0,GNATMAKE 14.2.0,GNATMAKE 12.2.0
misc/Ada/Zhu-Takaoka,0,0,,0,no,no,no,from build logs,0,0,GNATMAKE 14.2.0,GNATMAKE 12.2.0
misc/Ada/arc-cache,0,0,,0,no,no,no,from build logs,0,0,GNATMAKE 14.2.0,GNATMAKE 12.2.0
misc/Ada/clock-replacement,2,0,,0,no,no,no,from build logs,2,0,GNATMAKE 14.2.0,GNATMAKE 12.2.0
misc/Ada/docs,NA,0,,0,no,no,no,from build logs,NA,0,GNATMAKE 14.2.0,GNATMAKE 12.2.0
misc/Ada/earliest-deadline,2,0,,0,no,no,no,from build logs,2,0,GNATMAKE 14.2.0,GNATMAKE 12.2.0
misc/Ada/fair-share,0,0,,0,no,no,no,from build logs,0,0,GNATMAKE 14.2.0,GNATMAKE 12.2.0
misc/Ada/page-replacement-algorithms,2,0,,0,no,no,no,from build logs,2,0,GNATMAKE 14.2.0,GNATMAKE 12.2.0
misc/Ada/rate-monotonic,2,0,,0,no,no,no,from build logs,2,0,GNATMAKE 14.2.0,GNATMAKE 12.2.0
misc/Ada/round-robin,NA,0,,0,no,no,no,from build logs,NA,0,GNATMAKE 14.2.0,GNATMAKE 12.2.0
misc/Ada/scripts,NA,0,,0,no,no,no,from build logs,NA,0,GNATMAKE 14.2.0,GNATMAKE 12.2.0
misc/Ada/srt-simulation,NA,0,,0,no,no,no,from build logs,NA,0,GNATMAKE 14.2.0,GNATMAKE 12.2.0
misc/SPARK2/Ada-SPARK-3Sum-Closest,0,0,,0,no,no,no,from build logs,0,0,GNATMAKE 14.2.0,GNATMAKE 12.2.0
misc/SPARK2/Ada-SPARK-4Sum-II,0,0,,0,no,no,no,from build logs,0,0,GNATMAKE 14.2.0,GNATMAKE 12.2.0
misc/SPARK2/Ada-SPARK-Accounts-Merge-Lite,0,0,,0,no,no,no,from build logs,0,0,GNATMAKE 14.2.0,GNATMAKE 12.2.0
misc/SPARK2/Ada-SPARK-Accounts-Merge-Stub,0,0,,0,no,no,no,from build logs,0,0,GNATMAKE 14.2.0,GNATMAKE 12.2.0
misc/SPARK2/Ada-SPARK-Add-Binary,0,0,,0,no,no,no,from build logs,0,0,GNATMAKE 14.2.0,GNATMAKE 12.2.0
misc/SPARK2/Ada-SPARK-Add-Digits,0,0,,0,no,no,no,from build logs,0,0,GNATMAKE 14.2.0,GNATMAKE 12.2.0
misc/SPARK2/Ada-SPARK-Add-Two-Numbers,0,0,,0,no,no,no,from build logs,0,0,GNATMAKE 14.2.0,GNATMAKE 12.2.0
misc/SPARK2/Ada-SPARK-Add-Two-Numbers-II,0,0,,0,no,no,no,from build logs,0,0,GNATMAKE 14.2.0,GNATMAKE 12.2.0
misc/SPARK2/Ada-SPARK-Add-Without-Plus,0,0,,0,no,no,no,from build logs,0,0,GNATMAKE 14.2.0,GNATMAKE 12.2.0
misc/SPARK2/Ada-SPARK-Adler32,0,0,,0,no,no,no,from build logs,0,0,GNATMAKE 14.2.0,GNATMAKE 12.2.0
misc/SPARK2/Ada-SPARK-Alert-Using-Same-Key-Card-Stub,0,0,,0,no,no,no,from build logs,0,0,GNATMAKE 14.2.0,GNATMAKE 12.2.0
misc/SPARK2/Ada-SPARK-Alien-Dictionary-Lite,0,0,,0,no,no,no,from build logs,0,0,GNATMAKE 14.2.0,GNATMAKE 12.2.0
misc/SPARK2/Ada-SPARK-Alien-Dictionary-Stub,0,0,,0,no,no,no,from build logs,0,0,GNATMAKE 14.2.0,GNATMAKE 12.2.0
misc/SPARK2/Ada-SPARK-All-Paths-From-Source-To-Target,0,0,,0,no,no,no,from build logs,0,0,GNATMAKE 14.2.0,GNATMAKE 12.2.0
misc/SPARK2/Ada-SPARK-Argmax,0,0,,0,no,no,no,from build logs,0,0,GNATMAKE 14.2.0,GNATMAKE 12.2.0
misc/SPARK2/Ada-SPARK-Arranging-Coins,0,0,,0,no,no,no,from build logs,0,0,GNATMAKE 14.2.0,GNATMAKE 12.2.0
misc/SPARK2/Ada-SPARK-Array-Partition-I,0,0,,0,no,no,no,from build logs,0,0,GNATMAKE 14.2.0,GNATMAKE 12.2.0
misc/SPARK2/Ada-SPARK-As-Far-From-Land-As-Possible,0,0,,0,no,no,no,from build logs,0,0,GNATMAKE 14.2.0,GNATMAKE 12.2.0
misc/SPARK2/Ada-SPARK-Assign-Cookies,0,0,,0,no,no,no,from build logs,0,0,GNATMAKE 14.2.0,GNATMAKE 12.2.0
misc/SPARK2/Ada-SPARK-Asteroid-Collision,0,0,,0,no,no,no,from build logs,0,0,GNATMAKE 14.2.0,GNATMAKE 12.2.0
misc/SPARK2/Ada-SPARK-Authentication-Manager-Stub,0,0,,0,no,no,no,from build logs,0,0,GNATMAKE 14.2.0,GNATMAKE 12.2.0
misc/SPARK2/Ada-SPARK-Available-Captures-For-Rook,0,0,,0,no,no,no,from build logs,0,0,GNATMAKE 14.2.0,GNATMAKE 12.2.0
misc/SPARK2/Ada-SPARK-Bankers-Algorithm,0,0,,0,no,no,no,from build logs,0,0,GNATMAKE 14.2.0,GNATMAKE 12.2.0
misc/SPARK2/Ada-SPARK-Base64-Decode,0,0,,0,no,no,no,from build logs,0,0,GNATMAKE 14.2.0,GNATMAKE 12.2.0
misc/SPARK2/Ada-SPARK-Base64-Encode,0,0,,0,no,no,no,from build logs,0,0,GNATMAKE 14.2.0,GNATMAKE 12.2.0
misc/SPARK2/Ada-SPARK-Baseball-Game,0,0,,0,no,no,no,from build logs,0,0,GNATMAKE 14.2.0,GNATMAKE 12.2.0
misc/SPARK2/Ada-SPARK-Basic-Calculator,0,0,,0,no,no,no,from build logs,0,0,GNATMAKE 14.2.0,GNATMAKE 12.2.0
misc/SPARK2/Ada-SPARK-Basic-Calculator-II,0,0,,0,no,no,no,from build logs,0,0,GNATMAKE 14.2.0,GNATMAKE 12.2.0
misc/SPARK2/Ada-SPARK-Basic-Calculator-Stub,0,0,,0,no,no,no,from build logs,0,0,GNATMAKE 14.2.0,GNATMAKE 12.2.0
misc/SPARK2/Ada-SPARK-Beautiful-Arrangement,0,0,,0,no,no,no,from build logs,0,0,GNATMAKE 14.2.0,GNATMAKE 12.2.0
misc/SPARK2/Ada-SPARK-Beautiful-Array-Lite,0,0,,0,no,no,no,from build logs,0,0,GNATMAKE 14.2.0,GNATMAKE 12.2.0
misc/SPARK2/Ada-SPARK-Best-Time-To-Buy-And-Sell-Stock,0,0,,0,no,no,no,from build logs,0,0,GNATMAKE 14.2.0,GNATMAKE 12.2.0
misc/SPARK2/Ada-SPARK-Best-Time-To-Buy-And-Sell-Stock-II,0,0,,0,no,no,no,from build logs,0,0,GNATMAKE 14.2.0,GNATMAKE 12.2.0
misc/SPARK2/Ada-SPARK-Best-Time-To-Buy-And-Sell-Stock-With-Cooldownoldown,0,0,,0,no,no,no,from build logs,0,0,GNATMAKE 14.2.0,GNATMAKE 12.2.0
misc/SPARK2/Ada-SPARK-Binary-Number-With-Alternating-Bits,0,0,,0,no,no,no,from build logs,0,0,GNATMAKE 14.2.0,GNATMAKE 12.2.0
misc/SPARK2/Ada-SPARK-Binary-To-Integer,0,0,,0,no,no,no,from build logs,0,0,GNATMAKE 14.2.0,GNATMAKE 12.2.0
misc/SPARK2/Ada-SPARK-Binary-Watch,0,0,,0,no,no,no,from build logs,0,0,GNATMAKE 14.2.0,GNATMAKE 12.2.0
misc/SPARK2/Ada-SPARK-Binomial-Coefficient,0,0,,0,no,no,no,from build logs,0,0,GNATMAKE 14.2.0,GNATMAKE 12.2.0
misc/SPARK2/Ada-SPARK-Bitset,0,0,,0,no,no,no,from build logs,0,0,GNATMAKE 14.2.0,GNATMAKE 12.2.0
misc/SPARK2/Ada-SPARK-Bitwise-AND-Of-Numbers-Range,0,0,,0,no,no,no,from build logs,0,0,GNATMAKE 14.2.0,GNATMAKE 12.2.0
misc/SPARK2/Ada-SPARK-Bitwise-OR-Of-Numbers-Range,0,0,,0,no,no,no,from build logs,0,0,GNATMAKE 14.2.0,GNATMAKE 12.2.0
misc/SPARK2/Ada-SPARK-Bitwise-ORs-Of-Subarrays-Lite,0,0,,0,no,no,no,from build logs,0,0,GNATMAKE 14.2.0,GNATMAKE 12.2.0
misc/SPARK2/Ada-SPARK-Bitwise-XOR-Of-All-Pairings,0,0,,0,no,no,no,from build logs,0,0,GNATMAKE 14.2.0,GNATMAKE 12.2.0
misc/SPARK2/Ada-SPARK-Boats-To-Save-People,0,0,,0,no,no,no,from build logs,0,0,GNATMAKE 14.2.0,GNATMAKE 12.2.0
misc/SPARK2/Ada-SPARK-Bounding-Box,0,0,,0,no,no,no,from build logs,0,0,GNATMAKE 14.2.0,GNATMAKE 12.2.0
misc/SPARK2/Ada-SPARK-Bray-Curtis,0,0,,0,no,no,no,from build logs,0,0,GNATMAKE 14.2.0,GNATMAKE 12.2.0
misc/SPARK2/Ada-SPARK-Broken-Calculator,0,0,,0,no,no,no,from build logs,0,0,GNATMAKE 14.2.0,GNATMAKE 12.2.0
misc/SPARK2/Ada-SPARK-Browser-History-Stub,0,0,,0,no,no,no,from build logs,0,0,GNATMAKE 14.2.0,GNATMAKE 12.2.0
misc/SPARK2/Ada-SPARK-Buddy-Memory-Allocation,0,0,,0,no,no,no,from build logs,0,0,GNATMAKE 14.2.0,GNATMAKE 12.2.0
misc/SPARK2/Ada-SPARK-Bulb-Switcher,0,0,,0,no,no,no,from build logs,0,0,GNATMAKE 14.2.0,GNATMAKE 12.2.0
misc/SPARK2/Ada-SPARK-Bulb-Switcher-Stub,0,0,,0,no,no,no,from build logs,0,0,GNATMAKE 14.2.0,GNATMAKE 12.2.0
misc/SPARK2/Ada-SPARK-Bump-Arena,0,0,,0,no,no,no,from build logs,0,0,GNATMAKE 14.2.0,GNATMAKE 12.2.0
misc/SPARK2/Ada-SPARK-CRC32,0,0,,0,no,no,no,from build logs,0,0,GNATMAKE 14.2.0,GNATMAKE 12.2.0
misc/SPARK2/Ada-SPARK-CSR-Row-Sum,0,0,,0,no,no,no,from build logs,0,0,GNATMAKE 14.2.0,GNATMAKE 12.2.0
misc/SPARK2/Ada-SPARK-Can-Place-Flowers,0,0,,0,no,no,no,from build logs,0,0,GNATMAKE 14.2.0,GNATMAKE 12.2.0
misc/SPARK2/Ada-SPARK-Canberra-Distance,0,0,,0,no,no,no,from build logs,0,0,GNATMAKE 14.2.0,GNATMAKE 12.2.0
misc/SPARK2/Ada-SPARK-Candy,0,0,,0,no,no,no,from build logs,0,0,GNATMAKE 14.2.0,GNATMAKE 12.2.0
misc/SPARK2/Ada-SPARK-Capacity-To-Ship-Packages,0,0,,0,no,no,no,from build logs,0,0,GNATMAKE 14.2.0,GNATMAKE 12.2.0
misc/SPARK2/Ada-SPARK-Car-Pooling,0,0,,0,no,no,no,from build logs,0,0,GNATMAKE 14.2.0,GNATMAKE 12.2.0
misc/SPARK2/Ada-SPARK-Cheapest-Flights,0,0,,0,no,no,no,from build logs,0,0,GNATMAKE 14.2.0,GNATMAKE 12.2.0
misc/SPARK2/Ada-SPARK-Cheapest-Flights-Stub,0,0,,0,no,no,no,from build logs,0,0,GNATMAKE 14.2.0,GNATMAKE 12.2.0
misc/SPARK2/Ada-SPARK-Cheapest-Flights-Within-K-Stops,0,0,,0,no,no,no,from build logs,0,0,GNATMAKE 14.2.0,GNATMAKE 12.2.0
misc/SPARK2/Ada-SPARK-Check-If-Number-Is-A-Sum-Of-Powers-Of-Three,0,0,,0,no,no,no,from build logs,0,0,GNATMAKE 14.2.0,GNATMAKE 12.2.0
misc/SPARK2/Ada-SPARK-Check-If-The-Sentence-Is-Pangram,0,0,,0,no,no,no,from build logs,0,0,GNATMAKE 14.2.0,GNATMAKE 12.2.0
misc/SPARK2/Ada-SPARK-Checksum-Ones-Complement,0,0,,0,no,no,no,from build logs,0,0,GNATMAKE 14.2.0,GNATMAKE 12.2.0
misc/SPARK2/Ada-SPARK-Cherry-Pickup-Lite,0,0,,0,no,no,no,from build logs,0,0,GNATMAKE 14.2.0,GNATMAKE 12.2.0
misc/SPARK2/Ada-SPARK-Circular-Deque-Stub,0,0,,0,no,no,no,from build logs,0,0,GNATMAKE 14.2.0,GNATMAKE 12.2.0
misc/SPARK2/Ada-SPARK-Circular-Queue,0,0,,0,no,no,no,from build logs,0,0,GNATMAKE 14.2.0,GNATMAKE 12.2.0
misc/SPARK2/Ada-SPARK-Clamp,0,0,,0,no,no,no,from build logs,0,0,GNATMAKE 14.2.0,GNATMAKE 12.2.0
misc/SPARK2/Ada-SPARK-Climbing-Stairs,0,0,,0,no,no,no,from build logs,0,0,GNATMAKE 14.2.0,GNATMAKE 12.2.0
misc/SPARK2/Ada-SPARK-Clock-Page-Replacement,0,0,,0,no,no,no,from build logs,0,0,GNATMAKE 14.2.0,GNATMAKE 12.2.0
misc/SPARK2/Ada-SPARK-Coin-Change,0,0,,0,no,no,no,from build logs,0,0,GNATMAKE 14.2.0,GNATMAKE 12.2.0
misc/SPARK2/Ada-SPARK-Coin-Change-II,0,0,,0,no,no,no,from build logs,0,0,GNATMAKE 14.2.0,GNATMAKE 12.2.0
misc/SPARK2/Ada-SPARK-Combination-Iterator-Stub,0,0,,0,no,no,no,from build logs,0,0,GNATMAKE 14.2.0,GNATMAKE 12.2.0
misc/SPARK2/Ada-SPARK-Combination-Sum,0,0,,0,no,no,no,from build logs,0,0,GNATMAKE 14.2.0,GNATMAKE 12.2.0
misc/SPARK2/Ada-SPARK-Combination-Sum-II,0,0,,0,no,no,no,from build logs,0,0,GNATMAKE 14.2.0,GNATMAKE 12.2.0
misc/SPARK2/Ada-SPARK-Combination-Sum-III,0,0,,0,no,no,no,from build logs,0,0,GNATMAKE 14.2.0,GNATMAKE 12.2.0
misc/SPARK2/Ada-SPARK-Combination-Sum-IV,0,0,,0,no,no,no,from build logs,0,0,GNATMAKE 14.2.0,GNATMAKE 12.2.0
misc/SPARK2/Ada-SPARK-Complement-Of-Base-10,0,0,,0,no,no,no,from build logs,0,0,GNATMAKE 14.2.0,GNATMAKE 12.2.0
misc/SPARK2/Ada-SPARK-Complement-Of-Base-10-Integer,0,0,,0,no,no,no,from build logs,0,0,GNATMAKE 14.2.0,GNATMAKE 12.2.0
misc/SPARK2/Ada-SPARK-Connected-Component-Labeling,0,0,,0,no,no,no,from build logs,0,0,GNATMAKE 14.2.0,GNATMAKE 12.2.0
misc/SPARK2/Ada-SPARK-Container-With-Most-Water,0,0,,0,no,no,no,from build logs,0,0,GNATMAKE 14.2.0,GNATMAKE 12.2.0
misc/SPARK2/Ada-SPARK-Contains-Duplicate,0,0,,0,no,no,no,from build logs,0,0,GNATMAKE 14.2.0,GNATMAKE 12.2.0
misc/SPARK2/Ada-SPARK-Contains-Duplicate-II,0,0,,0,no,no,no,from build logs,0,0,GNATMAKE 14.2.0,GNATMAKE 12.2.0
misc/SPARK2/Ada-SPARK-Contiguous-Array,0,0,,0,no,no,no,from build logs,0,0,GNATMAKE 14.2.0,GNATMAKE 12.2.0
misc/SPARK2/Ada-SPARK-Continuous-Subarray-Sum,0,0,,0,no,no,no,from build logs,0,0,GNATMAKE 14.2.0,GNATMAKE 12.2.0
misc/SPARK2/Ada-SPARK-Convert-1D-Array-Into-2D-Array,0,0,,0,no,no,no,from build logs,0,0,GNATMAKE 14.2.0,GNATMAKE 12.2.0
misc/SPARK2/Ada-SPARK-Convert-A-Number-To-Hexadecimal,0,0,,0,no,no,no,from build logs,0,0,GNATMAKE 14.2.0,GNATMAKE 12.2.0
misc/SPARK2/Ada-SPARK-Convert-Binary-Number-In-A-Linked-List-To-Integer,0,0,,0,no,no,no,from build logs,0,0,GNATMAKE 14.2.0,GNATMAKE 12.2.0
misc/SPARK2/Ada-SPARK-Copy-List-With-Random-Pointer-Lite,0,0,,0,no,no,no,from build logs,0,0,GNATMAKE 14.2.0,GNATMAKE 12.2.0
misc/SPARK2/Ada-SPARK-Corporate-Flight-Bookings,0,0,,0,no,no,no,from build logs,0,0,GNATMAKE 14.2.0,GNATMAKE 12.2.0
misc/SPARK2/Ada-SPARK-Cosine-Distance,0,0,,0,no,no,no,from build logs,0,0,GNATMAKE 14.2.0,GNATMAKE 12.2.0
misc/SPARK2/Ada-SPARK-Cosine-Similarity,0,0,,0,no,no,no,from build logs,0,0,GNATMAKE 14.2.0,GNATMAKE 12.2.0
misc/SPARK2/Ada-SPARK-Count-And-Say,0,0,,0,no,no,no,from build logs,0,0,GNATMAKE 14.2.0,GNATMAKE 12.2.0
misc/SPARK2/Ada-SPARK-Count-And-Say-Stub,0,0,,0,no,no,no,from build logs,0,0,GNATMAKE 14.2.0,GNATMAKE 12.2.0
misc/SPARK2/Ada-SPARK-Count-Odd-Numbers-In-An-Interval,0,0,,0,no,no,no,from build logs,0,0,GNATMAKE 14.2.0,GNATMAKE 12.2.0
misc/SPARK2/Ada-SPARK-Count-Of-Smaller-Numbers-After-Self-Lite,0,0,,0,no,no,no,from build logs,0,0,GNATMAKE 14.2.0,GNATMAKE 12.2.0
misc/SPARK2/Ada-SPARK-Count-Operations-To-Obtain-Zero,0,0,,0,no,no,no,from build logs,0,0,GNATMAKE 14.2.0,GNATMAKE 12.2.0
misc/SPARK2/Ada-SPARK-Count-Square-Submatrices-With-All-Ones,0,0,,0,no,no,no,from build logs,0,0,GNATMAKE 14.2.0,GNATMAKE 12.2.0
misc/SPARK2/Ada-SPARK-Count-Sub-Islands,0,0,,0,no,no,no,from build logs,0,0,GNATMAKE 14.2.0,GNATMAKE 12.2.0
misc/SPARK2/Ada-SPARK-Count-Triplets-That-Can-Form-Two-Arrays-Of-Equal-XOR,0,0,,0,no,no,no,from build logs,0,0,GNATMAKE 14.2.0,GNATMAKE 12.2.0
misc/SPARK2/Ada-SPARK-Counting-Bits,0,0,,0,no,no,no,from build logs,0,0,GNATMAKE 14.2.0,GNATMAKE 12.2.0
misc/SPARK2/Ada-SPARK-Covariance,0,0,,0,no,no,no,from build logs,0,0,GNATMAKE 14.2.0,GNATMAKE 12.2.0
misc/SPARK2/Ada-SPARK-Crawler-Log-Folder,0,0,,0,no,no,no,from build logs,0,0,GNATMAKE 14.2.0,GNATMAKE 12.2.0
misc/SPARK2/Ada-SPARK-Create-Maximum-Number-Lite,0,0,,0,no,no,no,from build logs,0,0,GNATMAKE 14.2.0,GNATMAKE 12.2.0
misc/SPARK2/Ada-SPARK-Critical-Connections-In-A-Network-Lite,0,0,,0,no,no,no,from build logs,0,0,GNATMAKE 14.2.0,GNATMAKE 12.2.0
misc/SPARK2/Ada-SPARK-Daily-Temperatures,0,0,,0,no,no,no,from build logs,0,0,GNATMAKE 14.2.0,GNATMAKE 12.2.0
misc/SPARK2/Ada-SPARK-Decode-Ways,0,0,,0,no,no,no,from build logs,0,0,GNATMAKE 14.2.0,GNATMAKE 12.2.0
misc/SPARK2/Ada-SPARK-Decode-Ways-Stub,0,0,,0,no,no,no,from build logs,0,0,GNATMAKE 14.2.0,GNATMAKE 12.2.0
misc/SPARK2/Ada-SPARK-Decode-XORed-Array,0,0,,0,no,no,no,from build logs,0,0,GNATMAKE 14.2.0,GNATMAKE 12.2.0
misc/SPARK2/Ada-SPARK-Defanging-An-IP-Address,0,0,,0,no,no,no,from build logs,0,0,GNATMAKE 14.2.0,GNATMAKE 12.2.0
misc/SPARK2/Ada-SPARK-Degree-Of-An-Array,0,0,,0,no,no,no,from build logs,0,0,GNATMAKE 14.2.0,GNATMAKE 12.2.0
misc/SPARK2/Ada-SPARK-Delete-And-Earn,0,0,,0,no,no,no,from build logs,0,0,GNATMAKE 14.2.0,GNATMAKE 12.2.0
misc/SPARK2/Ada-SPARK-Delete-And-Earn-Stub,0,0,,0,no,no,no,from build logs,0,0,GNATMAKE 14.2.0,GNATMAKE 12.2.0
misc/SPARK2/Ada-SPARK-Delete-Node-In-A-Linked-List,0,0,,0,no,no,no,from build logs,0,0,GNATMAKE 14.2.0,GNATMAKE 12.2.0
misc/SPARK2/Ada-SPARK-Delete-The-Middle-Node,0,0,,0,no,no,no,from build logs,0,0,GNATMAKE 14.2.0,GNATMAKE 12.2.0
misc/SPARK2/Ada-SPARK-Delta-Encoding,0,0,,0,no,no,no,from build logs,0,0,GNATMAKE 14.2.0,GNATMAKE 12.2.0
misc/SPARK2/Ada-SPARK-Deque-Bounded,0,0,,0,no,no,no,from build logs,0,0,GNATMAKE 14.2.0,GNATMAKE 12.2.0
misc/SPARK2/Ada-SPARK-Design-A-Leaderboard,0,0,,0,no,no,no,from build logs,0,0,GNATMAKE 14.2.0,GNATMAKE 12.2.0
misc/SPARK2/Ada-SPARK-Design-A-Stack-With-Increment,0,0,,0,no,no,no,from build logs,0,0,GNATMAKE 14.2.0,GNATMAKE 12.2.0
misc/SPARK2/Ada-SPARK-Design-A-Stack-With-Increment-Operation,0,0,,0,no,no,no,from build logs,0,0,GNATMAKE 14.2.0,GNATMAKE 12.2.0
misc/SPARK2/Ada-SPARK-Design-An-Ordered-Stream,0,0,,0,no,no,no,from build logs,0,0,GNATMAKE 14.2.0,GNATMAKE 12.2.0
misc/SPARK2/Ada-SPARK-Design-Bitset,0,0,,0,no,no,no,from build logs,0,0,GNATMAKE 14.2.0,GNATMAKE 12.2.0
misc/SPARK2/Ada-SPARK-Design-Browser-History,0,0,,0,no,no,no,from build logs,0,0,GNATMAKE 14.2.0,GNATMAKE 12.2.0
misc/SPARK2/Ada-SPARK-Design-Circular-Deque,0,0,,0,no,no,no,from build logs,0,0,GNATMAKE 14.2.0,GNATMAKE 12.2.0
misc/SPARK2/Ada-SPARK-Design-Circular-Queue,0,0,,0,no,no,no,from build logs,0,0,GNATMAKE 14.2.0,GNATMAKE 12.2.0
misc/SPARK2/Ada-SPARK-Design-Circular-Queue-Stub,0,0,,0,no,no,no,from build logs,0,0,GNATMAKE 14.2.0,GNATMAKE 12.2.0
misc/SPARK2/Ada-SPARK-Design-Food-Rating-System,0,0,,0,no,no,no,from build logs,0,0,GNATMAKE 14.2.0,GNATMAKE 12.2.0
misc/SPARK2/Ada-SPARK-Design-Front-Middle-Back-Queue,0,0,,0,no,no,no,from build logs,0,0,GNATMAKE 14.2.0,GNATMAKE 12.2.0
misc/SPARK2/Ada-SPARK-Design-Front-Middle-Back-Queue-Stub,0,0,,0,no,no,no,from build logs,0,0,GNATMAKE 14.2.0,GNATMAKE 12.2.0
misc/SPARK2/Ada-SPARK-Design-Hit-Counter-Lite,0,0,,0,no,no,no,from build logs,0,0,GNATMAKE 14.2.0,GNATMAKE 12.2.0
misc/SPARK2/Ada-SPARK-Design-Linked-List,0,0,,0,no,no,no,from build logs,0,0,GNATMAKE 14.2.0,GNATMAKE 12.2.0
misc/SPARK2/Ada-SPARK-Design-Number-Container-System,0,0,,0,no,no,no,from build logs,0,0,GNATMAKE 14.2.0,GNATMAKE 12.2.0
misc/SPARK2/Ada-SPARK-Design-Ordered-Stream,0,0,,0,no,no,no,from build logs,0,0,GNATMAKE 14.2.0,GNATMAKE 12.2.0
misc/SPARK2/Ada-SPARK-Design-Parking-System-II,0,0,,0,no,no,no,from build logs,0,0,GNATMAKE 14.2.0,GNATMAKE 12.2.0
misc/SPARK2/Ada-SPARK-Design-Skiplist-Lite,0,0,,0,no,no,no,from build logs,0,0,GNATMAKE 14.2.0,GNATMAKE 12.2.0
misc/SPARK2/Ada-SPARK-Design-Twitter-Lite,0,0,,0,no,no,no,from build logs,0,0,GNATMAKE 14.2.0,GNATMAKE 12.2.0
misc/SPARK2/Ada-SPARK-Design-Underground-System-Lite,0,0,,0,no,no,no,from build logs,0,0,GNATMAKE 14.2.0,GNATMAKE 12.2.0
misc/SPARK2/Ada-SPARK-Detect-Capital,0,0,,0,no,no,no,from build logs,0,0,GNATMAKE 14.2.0,GNATMAKE 12.2.0
misc/SPARK2/Ada-SPARK-Diagonal-Traverse,0,0,,0,no,no,no,from build logs,0,0,GNATMAKE 14.2.0,GNATMAKE 12.2.0
misc/SPARK2/Ada-SPARK-Dice-Coefficient,0,0,,0,no,no,no,from build logs,0,0,GNATMAKE 14.2.0,GNATMAKE 12.2.0
misc/SPARK2/Ada-SPARK-Difference-Array,0,0,,0,no,no,no,from build logs,0,0,GNATMAKE 14.2.0,GNATMAKE 12.2.0
misc/SPARK2/Ada-SPARK-Different-Ways-To-Add-Parentheses-Lite,0,0,,0,no,no,no,from build logs,0,0,GNATMAKE 14.2.0,GNATMAKE 12.2.0
misc/SPARK2/Ada-SPARK-Disjoint-Set-Forest,0,0,,0,no,no,no,from build logs,0,0,GNATMAKE 14.2.0,GNATMAKE 12.2.0
misc/SPARK2/Ada-SPARK-Distinct-Subsequences,0,0,,0,no,no,no,from build logs,0,0,GNATMAKE 14.2.0,GNATMAKE 12.2.0
misc/SPARK2/Ada-SPARK-Divisor-Game,0,0,,0,no,no,no,from build logs,0,0,GNATMAKE 14.2.0,GNATMAKE 12.2.0
misc/SPARK2/Ada-SPARK-Domino-And-Tromino-Tiling-Lite,0,0,,0,no,no,no,from build logs,0,0,GNATMAKE 14.2.0,GNATMAKE 12.2.0
misc/SPARK2/Ada-SPARK-Dot-Product,0,0,,0,no,no,no,from build logs,0,0,GNATMAKE 14.2.0,GNATMAKE 12.2.0
misc/SPARK2/Ada-SPARK-Dungeon-Game-Lite,0,0,,0,no,no,no,from build logs,0,0,GNATMAKE 14.2.0,GNATMAKE 12.2.0
misc/SPARK2/Ada-SPARK-Duplicate-Zeros,0,0,,0,no,no,no,from build logs,0,0,GNATMAKE 14.2.0,GNATMAKE 12.2.0
misc/SPARK2/Ada-SPARK-Dutch-National-Flag,0,0,,0,no,no,no,from build logs,0,0,GNATMAKE 14.2.0,GNATMAKE 12.2.0
misc/SPARK2/Ada-SPARK-Earliest-Deadline-First-Scheduling,0,0,,0,no,no,no,from build logs,0,0,GNATMAKE 14.2.0,GNATMAKE 12.2.0
misc/SPARK2/Ada-SPARK-Elevator-Algorithm,0,0,,0,no,no,no,from build logs,0,0,GNATMAKE 14.2.0,GNATMAKE 12.2.0
misc/SPARK2/Ada-SPARK-Eliminate-Maximum-Number-Of-Monsters,0,0,,0,no,no,no,from build logs,0,0,GNATMAKE 14.2.0,GNATMAKE 12.2.0
misc/SPARK2/Ada-SPARK-Encode-And-Decode-TinyURL-Stub,0,0,,0,no,no,no,from build logs,0,0,GNATMAKE 14.2.0,GNATMAKE 12.2.0
misc/SPARK2/Ada-SPARK-Euclidean-Distance,0,0,,0,no,no,no,from build logs,0,0,GNATMAKE 14.2.0,GNATMAKE 12.2.0
misc/SPARK2/Ada-SPARK-Eval-RPN,0,0,,0,no,no,no,from build logs,0,0,GNATMAKE 14.2.0,GNATMAKE 12.2.0
misc/SPARK2/Ada-SPARK-Evaluate-Division-Lite,0,0,,0,no,no,no,from build logs,0,0,GNATMAKE 14.2.0,GNATMAKE 12.2.0
misc/SPARK2/Ada-SPARK-Evaluate-Division-Stub,0,0,,0,no,no,no,from build logs,0,0,GNATMAKE 14.2.0,GNATMAKE 12.2.0
misc/SPARK2/Ada-SPARK-Evaluate-Reverse-Polish-Notation,0,0,,0,no,no,no,from build logs,0,0,GNATMAKE 14.2.0,GNATMAKE 12.2.0
misc/SPARK2/Ada-SPARK-Excel-Sheet-Column,0,0,,0,no,no,no,from build logs,0,0,GNATMAKE 14.2.0,GNATMAKE 12.2.0
misc/SPARK2/Ada-SPARK-Excel-Sheet-Column-Number,0,0,,0,no,no,no,from build logs,0,0,GNATMAKE 14.2.0,GNATMAKE 12.2.0
misc/SPARK2/Ada-SPARK-Excel-Sheet-Column-Title,0,0,,0,no,no,no,from build logs,0,0,GNATMAKE 14.2.0,GNATMAKE 12.2.0
misc/SPARK2/Ada-SPARK-Exclusive-Time-Of-Functions-Lite,0,0,,0,no,no,no,from build logs,0,0,GNATMAKE 14.2.0,GNATMAKE 12.2.0
misc/SPARK2/Ada-SPARK-Factorial,0,0,,0,no,no,no,from build logs,0,0,GNATMAKE 14.2.0,GNATMAKE 12.2.0
misc/SPARK2/Ada-SPARK-Factorial-Trailing-Zeroes,0,0,,0,no,no,no,from build logs,0,0,GNATMAKE 14.2.0,GNATMAKE 12.2.0
misc/SPARK2/Ada-SPARK-Fair-Candy-Swap,0,0,,0,no,no,no,from build logs,0,0,GNATMAKE 14.2.0,GNATMAKE 12.2.0
misc/SPARK2/Ada-SPARK-Fast-Pow,0,0,,0,no,no,no,from build logs,0,0,GNATMAKE 14.2.0,GNATMAKE 12.2.0
misc/SPARK2/Ada-SPARK-Fibonacci-DP,0,0,,0,no,no,no,from build logs,0,0,GNATMAKE 14.2.0,GNATMAKE 12.2.0
misc/SPARK2/Ada-SPARK-Fibonacci-Number,0,0,,0,no,no,no,from build logs,0,0,GNATMAKE 14.2.0,GNATMAKE 12.2.0
misc/SPARK2/Ada-SPARK-Final-Prices-With-A-Special-Discount,0,0,,0,no,no,no,from build logs,0,0,GNATMAKE 14.2.0,GNATMAKE 12.2.0
misc/SPARK2/Ada-SPARK-Find-All-Duplicates-In-An-Array,0,0,,0,no,no,no,from build logs,0,0,GNATMAKE 14.2.0,GNATMAKE 12.2.0
misc/SPARK2/Ada-SPARK-Find-All-Numbers-Disappeared,0,0,,0,no,no,no,from build logs,0,0,GNATMAKE 14.2.0,GNATMAKE 12.2.0
misc/SPARK2/Ada-SPARK-Find-Common-Characters,0,0,,0,no,no,no,from build logs,0,0,GNATMAKE 14.2.0,GNATMAKE 12.2.0
misc/SPARK2/Ada-SPARK-Find-First-And-Last-Position,0,0,,0,no,no,no,from build logs,0,0,GNATMAKE 14.2.0,GNATMAKE 12.2.0
misc/SPARK2/Ada-SPARK-Find-K-Closest-Elements,0,0,,0,no,no,no,from build logs,0,0,GNATMAKE 14.2.0,GNATMAKE 12.2.0
misc/SPARK2/Ada-SPARK-Find-Median-Data-Stream-Stub,0,0,,0,no,no,no,from build logs,0,0,GNATMAKE 14.2.0,GNATMAKE 12.2.0
misc/SPARK2/Ada-SPARK-Find-Median-From-Data-Stream,0,0,,0,no,no,no,from build logs,0,0,GNATMAKE 14.2.0,GNATMAKE 12.2.0
misc/SPARK2/Ada-SPARK-Find-Peak-Element,0,0,,0,no,no,no,from build logs,0,0,GNATMAKE 14.2.0,GNATMAKE 12.2.0
misc/SPARK2/Ada-SPARK-Find-The-City,0,0,,0,no,no,no,from build logs,0,0,GNATMAKE 14.2.0,GNATMAKE 12.2.0
misc/SPARK2/Ada-SPARK-Find-The-City-With-Smallest-Number-Of-Neighbors,0,0,,0,no,no,no,from build logs,0,0,GNATMAKE 14.2.0,GNATMAKE 12.2.0
misc/SPARK2/Ada-SPARK-Find-The-Difference,0,0,,0,no,no,no,from build logs,0,0,GNATMAKE 14.2.0,GNATMAKE 12.2.0
misc/SPARK2/Ada-SPARK-Find-The-Duplicate-Number,0,0,,0,no,no,no,from build logs,0,0,GNATMAKE 14.2.0,GNATMAKE 12.2.0
misc/SPARK2/Ada-SPARK-Find-The-Original-Array-Of-Prefix-XOR,0,0,,0,no,no,no,from build logs,0,0,GNATMAKE 14.2.0,GNATMAKE 12.2.0
misc/SPARK2/Ada-SPARK-Find-The-Smallest-Divisor,0,0,,0,no,no,no,from build logs,0,0,GNATMAKE 14.2.0,GNATMAKE 12.2.0
misc/SPARK2/Ada-SPARK-Find-The-Town-Judge,0,0,,0,no,no,no,from build logs,0,0,GNATMAKE 14.2.0,GNATMAKE 12.2.0
misc/SPARK2/Ada-SPARK-Find-Words-That-Can-Be-Formed,0,0,,0,no,no,no,from build logs,0,0,GNATMAKE 14.2.0,GNATMAKE 12.2.0
misc/SPARK2/Ada-SPARK-First-Bad-Version,0,0,,0,no,no,no,from build logs,0,0,GNATMAKE 14.2.0,GNATMAKE 12.2.0
misc/SPARK2/Ada-SPARK-First-Unique-Char,0,0,,0,no,no,no,from build logs,0,0,GNATMAKE 14.2.0,GNATMAKE 12.2.0
misc/SPARK2/Ada-SPARK-First-Unique-Character,0,0,,0,no,no,no,from build logs,0,0,GNATMAKE 14.2.0,GNATMAKE 12.2.0
misc/SPARK2/Ada-SPARK-Fisher-Yates-Shuffle,0,0,,0,no,no,no,from build logs,0,0,GNATMAKE 14.2.0,GNATMAKE 12.2.0
misc/SPARK2/Ada-SPARK-Fixed-Point-Iteration,0,0,,0,no,no,no,from build logs,0,0,GNATMAKE 14.2.0,GNATMAKE 12.2.0
misc/SPARK2/Ada-SPARK-Fizz-Buzz,0,0,,0,no,no,no,from build logs,0,0,GNATMAKE 14.2.0,GNATMAKE 12.2.0
misc/SPARK2/Ada-SPARK-Flatten-Nested-List-Stub,0,0,,0,no,no,no,from build logs,0,0,GNATMAKE 14.2.0,GNATMAKE 12.2.0
misc/SPARK2/Ada-SPARK-Flipping-An-Image,0,0,,0,no,no,no,from build logs,0,0,GNATMAKE 14.2.0,GNATMAKE 12.2.0
misc/SPARK2/Ada-SPARK-Flood-Fill,0,0,,0,no,no,no,from build logs,0,0,GNATMAKE 14.2.0,GNATMAKE 12.2.0
misc/SPARK2/Ada-SPARK-Four-Sum,0,0,,0,no,no,no,from build logs,0,0,GNATMAKE 14.2.0,GNATMAKE 12.2.0
misc/SPARK2/Ada-SPARK-Fruit-Into-Baskets,0,0,,0,no,no,no,from build logs,0,0,GNATMAKE 14.2.0,GNATMAKE 12.2.0
misc/SPARK2/Ada-SPARK-Game-Of-Life-Step,0,0,,0,no,no,no,from build logs,0,0,GNATMAKE 14.2.0,GNATMAKE 12.2.0
misc/SPARK2/Ada-SPARK-Gas-Station,0,0,,0,no,no,no,from build logs,0,0,GNATMAKE 14.2.0,GNATMAKE 12.2.0
misc/SPARK2/Ada-SPARK-Generate-Parentheses,0,0,,0,no,no,no,from build logs,0,0,GNATMAKE 14.2.0,GNATMAKE 12.2.0
misc/SPARK2/Ada-SPARK-Get-Maximum-In-Generated-Array,0,0,,0,no,no,no,from build logs,0,0,GNATMAKE 14.2.0,GNATMAKE 12.2.0
misc/SPARK2/Ada-SPARK-Goat-Latin,0,0,,0,no,no,no,from build logs,0,0,GNATMAKE 14.2.0,GNATMAKE 12.2.0
misc/SPARK2/Ada-SPARK-Gray-Code,0,0,,0,no,no,no,from build logs,0,0,GNATMAKE 14.2.0,GNATMAKE 12.2.0
misc/SPARK2/Ada-SPARK-Greatest-Common-Divisor,0,0,,0,no,no,no,from build logs,0,0,GNATMAKE 14.2.0,GNATMAKE 12.2.0
misc/SPARK2/Ada-SPARK-Group-Anagrams,0,0,,0,no,no,no,from build logs,0,0,GNATMAKE 14.2.0,GNATMAKE 12.2.0
misc/SPARK2/Ada-SPARK-Group-Anagrams-Stub,0,0,,0,no,no,no,from build logs,0,0,GNATMAKE 14.2.0,GNATMAKE 12.2.0
misc/SPARK2/Ada-SPARK-Grumpy-Bookstore-Owner,0,0,,0,no,no,no,from build logs,0,0,GNATMAKE 14.2.0,GNATMAKE 12.2.0
misc/SPARK2/Ada-SPARK-Guess-Number-Higher-Or-Lower,0,0,,0,no,no,no,from build logs,0,0,GNATMAKE 14.2.0,GNATMAKE 12.2.0
misc/SPARK2/Ada-SPARK-Hamming-Code,0,0,,0,no,no,no,from build logs,0,0,GNATMAKE 14.2.0,GNATMAKE 12.2.0
misc/SPARK2/Ada-SPARK-Hamming-Weight,0,0,,0,no,no,no,from build logs,0,0,GNATMAKE 14.2.0,GNATMAKE 12.2.0
misc/SPARK2/Ada-SPARK-Hand-Of-Straights-Stub,0,0,,0,no,no,no,from build logs,0,0,GNATMAKE 14.2.0,GNATMAKE 12.2.0
misc/SPARK2/Ada-SPARK-Happy-Number,0,0,,0,no,no,no,from build logs,0,0,GNATMAKE 14.2.0,GNATMAKE 12.2.0
misc/SPARK2/Ada-SPARK-Heap-Push-Pop,0,0,,0,no,no,no,from build logs,0,0,GNATMAKE 14.2.0,GNATMAKE 12.2.0
misc/SPARK2/Ada-SPARK-Heaters,0,0,,0,no,no,no,from build logs,0,0,GNATMAKE 14.2.0,GNATMAKE 12.2.0
misc/SPARK2/Ada-SPARK-Height-Checker,0,0,,0,no,no,no,from build logs,0,0,GNATMAKE 14.2.0,GNATMAKE 12.2.0
misc/SPARK2/Ada-SPARK-Histogram-Bin,0,0,,0,no,no,no,from build logs,0,0,GNATMAKE 14.2.0,GNATMAKE 12.2.0
misc/SPARK2/Ada-SPARK-Hit-Counter-Stub,0,0,,0,no,no,no,from build logs,0,0,GNATMAKE 14.2.0,GNATMAKE 12.2.0
misc/SPARK2/Ada-SPARK-Horner-Scheme,0,0,,0,no,no,no,from build logs,0,0,GNATMAKE 14.2.0,GNATMAKE 12.2.0
misc/SPARK2/Ada-SPARK-House-Robber,0,0,,0,no,no,no,from build logs,0,0,GNATMAKE 14.2.0,GNATMAKE 12.2.0
misc/SPARK2/Ada-SPARK-House-Robber-II,0,0,,0,no,no,no,from build logs,0,0,GNATMAKE 14.2.0,GNATMAKE 12.2.0
misc/SPARK2/Ada-SPARK-House-Robber-III-Lite,0,0,,0,no,no,no,from build logs,0,0,GNATMAKE 14.2.0,GNATMAKE 12.2.0
misc/SPARK2/Ada-SPARK-House-Robber-III-Stub,0,0,,0,no,no,no,from build logs,0,0,GNATMAKE 14.2.0,GNATMAKE 12.2.0
misc/SPARK2/Ada-SPARK-How-Many-Numbers-Are-Smaller,0,0,,0,no,no,no,from build logs,0,0,GNATMAKE 14.2.0,GNATMAKE 12.2.0
misc/SPARK2/Ada-SPARK-IPO-Lite,0,0,,0,no,no,no,from build logs,0,0,GNATMAKE 14.2.0,GNATMAKE 12.2.0
misc/SPARK2/Ada-SPARK-Image-Smoother,0,0,,0,no,no,no,from build logs,0,0,GNATMAKE 14.2.0,GNATMAKE 12.2.0
misc/SPARK2/Ada-SPARK-Implement-Queue-Using-Stacks,0,0,,0,no,no,no,from build logs,0,0,GNATMAKE 14.2.0,GNATMAKE 12.2.0
misc/SPARK2/Ada-SPARK-Implement-Stack-Using-Queues,0,0,,0,no,no,no,from build logs,0,0,GNATMAKE 14.2.0,GNATMAKE 12.2.0
misc/SPARK2/Ada-SPARK-Implement-StrStr,0,0,,0,no,no,no,from build logs,0,0,GNATMAKE 14.2.0,GNATMAKE 12.2.0
misc/SPARK2/Ada-SPARK-Insert-Delete-GetRandom-O1,0,0,,0,no,no,no,from build logs,0,0,GNATMAKE 14.2.0,GNATMAKE 12.2.0
misc/SPARK2/Ada-SPARK-Insert-Interval,0,0,,0,no,no,no,from build logs,0,0,GNATMAKE 14.2.0,GNATMAKE 12.2.0
misc/SPARK2/Ada-SPARK-Int-To-Roman-Stub,0,0,,0,no,no,no,from build logs,0,0,GNATMAKE 14.2.0,GNATMAKE 12.2.0
misc/SPARK2/Ada-SPARK-Integer-Break,0,0,,0,no,no,no,from build logs,0,0,GNATMAKE 14.2.0,GNATMAKE 12.2.0
misc/SPARK2/Ada-SPARK-Integer-To-English-Stub,0,0,,0,no,no,no,from build logs,0,0,GNATMAKE 14.2.0,GNATMAKE 12.2.0
misc/SPARK2/Ada-SPARK-Integer-To-Roman,0,0,,0,no,no,no,from build logs,0,0,GNATMAKE 14.2.0,GNATMAKE 12.2.0
misc/SPARK2/Ada-SPARK-Intersection-Of-Two-Arrays,0,0,,0,no,no,no,from build logs,0,0,GNATMAKE 14.2.0,GNATMAKE 12.2.0
misc/SPARK2/Ada-SPARK-Intersection-Of-Two-Arrays-II,0,0,,0,no,no,no,from build logs,0,0,GNATMAKE 14.2.0,GNATMAKE 12.2.0
misc/SPARK2/Ada-SPARK-Intersection-Of-Two-Linked-Lists,0,0,,0,no,no,no,from build logs,0,0,GNATMAKE 14.2.0,GNATMAKE 12.2.0
misc/SPARK2/Ada-SPARK-Is-Palindrome,0,0,,0,no,no,no,from build logs,0,0,GNATMAKE 14.2.0,GNATMAKE 12.2.0
misc/SPARK2/Ada-SPARK-Is-Subsequence,0,0,,0,no,no,no,from build logs,0,0,GNATMAKE 14.2.0,GNATMAKE 12.2.0
misc/SPARK2/Ada-SPARK-Island-Perimeter,0,0,,0,no,no,no,from build logs,0,0,GNATMAKE 14.2.0,GNATMAKE 12.2.0
misc/SPARK2/Ada-SPARK-Jaccard-Index,0,0,,0,no,no,no,from build logs,0,0,GNATMAKE 14.2.0,GNATMAKE 12.2.0
misc/SPARK2/Ada-SPARK-Jump-Game,0,0,,0,no,no,no,from build logs,0,0,GNATMAKE 14.2.0,GNATMAKE 12.2.0
misc/SPARK2/Ada-SPARK-Jump-Game-II,0,0,,0,no,no,no,from build logs,0,0,GNATMAKE 14.2.0,GNATMAKE 12.2.0
misc/SPARK2/Ada-SPARK-K-Closest-Points-Stub,0,0,,0,no,no,no,from build logs,0,0,GNATMAKE 14.2.0,GNATMAKE 12.2.0
misc/SPARK2/Ada-SPARK-K-Closest-Points-To-Origin,0,0,,0,no,no,no,from build logs,0,0,GNATMAKE 14.2.0,GNATMAKE 12.2.0
misc/SPARK2/Ada-SPARK-Kadanes-Algorithm,0,0,,0,no,no,no,from build logs,0,0,GNATMAKE 14.2.0,GNATMAKE 12.2.0
misc/SPARK2/Ada-SPARK-Keyboard-Row,0,0,,0,no,no,no,from build logs,0,0,GNATMAKE 14.2.0,GNATMAKE 12.2.0
misc/SPARK2/Ada-SPARK-Keys-And-Rooms,0,0,,0,no,no,no,from build logs,0,0,GNATMAKE 14.2.0,GNATMAKE 12.2.0
misc/SPARK2/Ada-SPARK-Knapsack-01,0,0,,0,no,no,no,from build logs,0,0,GNATMAKE 14.2.0,GNATMAKE 12.2.0
misc/SPARK2/Ada-SPARK-Knight-Probability-In-Chessboard-Lite,0,0,,0,no,no,no,from build logs,0,0,GNATMAKE 14.2.0,GNATMAKE 12.2.0
misc/SPARK2/Ada-SPARK-Koko-Eating-Bananas,0,0,,0,no,no,no,from build logs,0,0,GNATMAKE 14.2.0,GNATMAKE 12.2.0
misc/SPARK2/Ada-SPARK-Kth-Largest-Array,0,0,,0,no,no,no,from build logs,0,0,GNATMAKE 14.2.0,GNATMAKE 12.2.0
misc/SPARK2/Ada-SPARK-Kth-Largest-Element,0,0,,0,no,no,no,from build logs,0,0,GNATMAKE 14.2.0,GNATMAKE 12.2.0
misc/SPARK2/Ada-SPARK-Kth-Largest-Element-In-A-Stream,0,0,,0,no,no,no,from build logs,0,0,GNATMAKE 14.2.0,GNATMAKE 12.2.0
misc/SPARK2/Ada-SPARK-Kth-Largest-Element-In-An-Array,0,0,,0,no,no,no,from build logs,0,0,GNATMAKE 14.2.0,GNATMAKE 12.2.0
misc/SPARK2/Ada-SPARK-Kth-Largest-In-Stream-Stub,0,0,,0,no,no,no,from build logs,0,0,GNATMAKE 14.2.0,GNATMAKE 12.2.0
misc/SPARK2/Ada-SPARK-L1-Norm,0,0,,0,no,no,no,from build logs,0,0,GNATMAKE 14.2.0,GNATMAKE 12.2.0
misc/SPARK2/Ada-SPARK-L2-Norm-Squared,0,0,,0,no,no,no,from build logs,0,0,GNATMAKE 14.2.0,GNATMAKE 12.2.0
misc/SPARK2/Ada-SPARK-LFU-Cache-Lite,0,0,,0,no,no,no,from build logs,0,0,GNATMAKE 14.2.0,GNATMAKE 12.2.0
misc/SPARK2/Ada-SPARK-LFU-Cache-Stub,0,0,,0,no,no,no,from build logs,0,0,GNATMAKE 14.2.0,GNATMAKE 12.2.0
misc/SPARK2/Ada-SPARK-LRU-Cache-Lite,0,0,,0,no,no,no,from build logs,0,0,GNATMAKE 14.2.0,GNATMAKE 12.2.0
misc/SPARK2/Ada-SPARK-LRU-Cache-Stub,0,0,,0,no,no,no,from build logs,0,0,GNATMAKE 14.2.0,GNATMAKE 12.2.0
misc/SPARK2/Ada-SPARK-Largest-Number,0,0,,0,no,no,no,from build logs,0,0,GNATMAKE 14.2.0,GNATMAKE 12.2.0
misc/SPARK2/Ada-SPARK-Largest-Rectangle-In-Histogram,0,0,,0,no,no,no,from build logs,0,0,GNATMAKE 14.2.0,GNATMAKE 12.2.0
misc/SPARK2/Ada-SPARK-Last-Stone-Weight,0,0,,0,no,no,no,from build logs,0,0,GNATMAKE 14.2.0,GNATMAKE 12.2.0
misc/SPARK2/Ada-SPARK-Last-Stone-Weight-II,0,0,,0,no,no,no,from build logs,0,0,GNATMAKE 14.2.0,GNATMAKE 12.2.0
misc/SPARK2/Ada-SPARK-Least-Common-Multiple,0,0,,0,no,no,no,from build logs,0,0,GNATMAKE 14.2.0,GNATMAKE 12.2.0
misc/SPARK2/Ada-SPARK-Lemonade-Change,0,0,,0,no,no,no,from build logs,0,0,GNATMAKE 14.2.0,GNATMAKE 12.2.0
misc/SPARK2/Ada-SPARK-Length-Of-Last-Word,0,0,,0,no,no,no,from build logs,0,0,GNATMAKE 14.2.0,GNATMAKE 12.2.0
misc/SPARK2/Ada-SPARK-Letter-Case-Permutation,0,0,,0,no,no,no,from build logs,0,0,GNATMAKE 14.2.0,GNATMAKE 12.2.0
misc/SPARK2/Ada-SPARK-Letter-Combinations-Of-A-Phone-Number,0,0,,0,no,no,no,from build logs,0,0,GNATMAKE 14.2.0,GNATMAKE 12.2.0
misc/SPARK2/Ada-SPARK-License-Key-Formatting,0,0,,0,no,no,no,from build logs,0,0,GNATMAKE 14.2.0,GNATMAKE 12.2.0
misc/SPARK2/Ada-SPARK-Line-Intersection,0,0,,0,no,no,no,from build logs,0,0,GNATMAKE 14.2.0,GNATMAKE 12.2.0
misc/SPARK2/Ada-SPARK-Line-Reflection,0,0,,0,no,no,no,from build logs,0,0,GNATMAKE 14.2.0,GNATMAKE 12.2.0
misc/SPARK2/Ada-SPARK-Linked-List-Cycle,0,0,,0,no,no,no,from build logs,0,0,GNATMAKE 14.2.0,GNATMAKE 12.2.0
misc/SPARK2/Ada-SPARK-Linked-List-Cycle-II,0,0,,0,no,no,no,from build logs,0,0,GNATMAKE 14.2.0,GNATMAKE 12.2.0
misc/SPARK2/Ada-SPARK-Logger-Rate-Limiter-Lite,0,0,,0,no,no,no,from build logs,0,0,GNATMAKE 14.2.0,GNATMAKE 12.2.0
misc/SPARK2/Ada-SPARK-Logger-Rate-Limiter-Stub,0,0,,0,no,no,no,from build logs,0,0,GNATMAKE 14.2.0,GNATMAKE 12.2.0
misc/SPARK2/Ada-SPARK-Longest-Increasing-Subsequence,0,0,,0,no,no,no,from build logs,0,0,GNATMAKE 14.2.0,GNATMAKE 12.2.0
misc/SPARK2/Ada-SPARK-Longest-Mountain-In-Array,0,0,,0,no,no,no,from build logs,0,0,GNATMAKE 14.2.0,GNATMAKE 12.2.0
misc/SPARK2/Ada-SPARK-Longest-Ones,0,0,,0,no,no,no,from build logs,0,0,GNATMAKE 14.2.0,GNATMAKE 12.2.0
misc/SPARK2/Ada-SPARK-Longest-Palindromic-Subsequence,0,0,,0,no,no,no,from build logs,0,0,GNATMAKE 14.2.0,GNATMAKE 12.2.0
misc/SPARK2/Ada-SPARK-Longest-Repeating-Character-Replacement,0,0,,0,no,no,no,from build logs,0,0,GNATMAKE 14.2.0,GNATMAKE 12.2.0
misc/SPARK2/Ada-SPARK-Longest-Word-In-Dictionary,0,0,,0,no,no,no,from build logs,0,0,GNATMAKE 14.2.0,GNATMAKE 12.2.0
misc/SPARK2/Ada-SPARK-Magnetic-Force-Between-Two-Balls,0,0,,0,no,no,no,from build logs,0,0,GNATMAKE 14.2.0,GNATMAKE 12.2.0
misc/SPARK2/Ada-SPARK-Majority-Element,0,0,,0,no,no,no,from build logs,0,0,GNATMAKE 14.2.0,GNATMAKE 12.2.0
misc/SPARK2/Ada-SPARK-Majority-Element-II,0,0,,0,no,no,no,from build logs,0,0,GNATMAKE 14.2.0,GNATMAKE 12.2.0
misc/SPARK2/Ada-SPARK-Manacher,0,0,,0,no,no,no,from build logs,0,0,GNATMAKE 14.2.0,GNATMAKE 12.2.0
misc/SPARK2/Ada-SPARK-Manhattan-Distance,0,0,,0,no,no,no,from build logs,0,0,GNATMAKE 14.2.0,GNATMAKE 12.2.0
misc/SPARK2/Ada-SPARK-Map-Sum-Pairs,0,0,,0,no,no,no,from build logs,0,0,GNATMAKE 14.2.0,GNATMAKE 12.2.0
misc/SPARK2/Ada-SPARK-Mark-And-Sweep,0,0,,0,no,no,no,from build logs,0,0,GNATMAKE 14.2.0,GNATMAKE 12.2.0
misc/SPARK2/Ada-SPARK-Matchsticks-To-Square-Lite,0,0,,0,no,no,no,from build logs,0,0,GNATMAKE 14.2.0,GNATMAKE 12.2.0
misc/SPARK2/Ada-SPARK-Max-Area-Of-Island,0,0,,0,no,no,no,from build logs,0,0,GNATMAKE 14.2.0,GNATMAKE 12.2.0
misc/SPARK2/Ada-SPARK-Max-Consecutive-Ones,0,0,,0,no,no,no,from build logs,0,0,GNATMAKE 14.2.0,GNATMAKE 12.2.0
misc/SPARK2/Ada-SPARK-Max-Consecutive-Ones-II,0,0,,0,no,no,no,from build logs,0,0,GNATMAKE 14.2.0,GNATMAKE 12.2.0
misc/SPARK2/Ada-SPARK-Max-Consecutive-Ones-III,0,0,,0,no,no,no,from build logs,0,0,GNATMAKE 14.2.0,GNATMAKE 12.2.0
misc/SPARK2/Ada-SPARK-Max-Heap,0,0,,0,no,no,no,from build logs,0,0,GNATMAKE 14.2.0,GNATMAKE 12.2.0
misc/SPARK2/Ada-SPARK-Max-Path-Sum-Stub,0,0,,0,no,no,no,from build logs,0,0,GNATMAKE 14.2.0,GNATMAKE 12.2.0
misc/SPARK2/Ada-SPARK-Max-Points-On-A-Line-Lite,0,0,,0,no,no,no,from build logs,0,0,GNATMAKE 14.2.0,GNATMAKE 12.2.0
misc/SPARK2/Ada-SPARK-Max-Product-Subarray,0,0,,0,no,no,no,from build logs,0,0,GNATMAKE 14.2.0,GNATMAKE 12.2.0
misc/SPARK2/Ada-SPARK-Max-Stack,0,0,,0,no,no,no,from build logs,0,0,GNATMAKE 14.2.0,GNATMAKE 12.2.0
misc/SPARK2/Ada-SPARK-Max-Stack-Stub,0,0,,0,no,no,no,from build logs,0,0,GNATMAKE 14.2.0,GNATMAKE 12.2.0
misc/SPARK2/Ada-SPARK-Maximal-Rectangle,0,0,,0,no,no,no,from build logs,0,0,GNATMAKE 14.2.0,GNATMAKE 12.2.0
misc/SPARK2/Ada-SPARK-Maximal-Square,0,0,,0,no,no,no,from build logs,0,0,GNATMAKE 14.2.0,GNATMAKE 12.2.0
misc/SPARK2/Ada-SPARK-Maximum-Candies-Allocated-To-K-Children,0,0,,0,no,no,no,from build logs,0,0,GNATMAKE 14.2.0,GNATMAKE 12.2.0
misc/SPARK2/Ada-SPARK-Maximum-Ice-Cream-Bars,0,0,,0,no,no,no,from build logs,0,0,GNATMAKE 14.2.0,GNATMAKE 12.2.0
misc/SPARK2/Ada-SPARK-Maximum-Points-You-Can-Obtain-From-Cards,0,0,,0,no,no,no,from build logs,0,0,GNATMAKE 14.2.0,GNATMAKE 12.2.0
misc/SPARK2/Ada-SPARK-Maximum-Product-Of-Word-Lengths,0,0,,0,no,no,no,from build logs,0,0,GNATMAKE 14.2.0,GNATMAKE 12.2.0
misc/SPARK2/Ada-SPARK-Maximum-Product-Subarray,0,0,,0,no,no,no,from build logs,0,0,GNATMAKE 14.2.0,GNATMAKE 12.2.0
misc/SPARK2/Ada-SPARK-Maximum-Subarray,0,0,,0,no,no,no,from build logs,0,0,GNATMAKE 14.2.0,GNATMAKE 12.2.0
misc/SPARK2/Ada-SPARK-Maximum-Subarray-Circular,0,0,,0,no,no,no,from build logs,0,0,GNATMAKE 14.2.0,GNATMAKE 12.2.0
misc/SPARK2/Ada-SPARK-Maximum-Twin-Sum-Of-A-Linked-List,0,0,,0,no,no,no,from build logs,0,0,GNATMAKE 14.2.0,GNATMAKE 12.2.0
misc/SPARK2/Ada-SPARK-Maximum-Units-On-A-Truck,0,0,,0,no,no,no,from build logs,0,0,GNATMAKE 14.2.0,GNATMAKE 12.2.0
misc/SPARK2/Ada-SPARK-Maximum-XOR-Of-Two-Numbers,0,0,,0,no,no,no,from build logs,0,0,GNATMAKE 14.2.0,GNATMAKE 12.2.0
misc/SPARK2/Ada-SPARK-Mean-Variance,0,0,,0,no,no,no,from build logs,0,0,GNATMAKE 14.2.0,GNATMAKE 12.2.0
misc/SPARK2/Ada-SPARK-Median-Filtering,0,0,,0,no,no,no,from build logs,0,0,GNATMAKE 14.2.0,GNATMAKE 12.2.0
misc/SPARK2/Ada-SPARK-Median-Of-Three,0,0,,0,no,no,no,from build logs,0,0,GNATMAKE 14.2.0,GNATMAKE 12.2.0
misc/SPARK2/Ada-SPARK-Meeting-Rooms,0,0,,0,no,no,no,from build logs,0,0,GNATMAKE 14.2.0,GNATMAKE 12.2.0
misc/SPARK2/Ada-SPARK-Meeting-Rooms-II,0,0,,0,no,no,no,from build logs,0,0,GNATMAKE 14.2.0,GNATMAKE 12.2.0
misc/SPARK2/Ada-SPARK-Merge-In-Between-Linked-Lists,0,0,,0,no,no,no,from build logs,0,0,GNATMAKE 14.2.0,GNATMAKE 12.2.0
misc/SPARK2/Ada-SPARK-Merge-Intervals,0,0,,0,no,no,no,from build logs,0,0,GNATMAKE 14.2.0,GNATMAKE 12.2.0
misc/SPARK2/Ada-SPARK-Middle-Of-The-Linked-List,0,0,,0,no,no,no,from build logs,0,0,GNATMAKE 14.2.0,GNATMAKE 12.2.0
misc/SPARK2/Ada-SPARK-Min-Cost-Climbing-Stairs,0,0,,0,no,no,no,from build logs,0,0,GNATMAKE 14.2.0,GNATMAKE 12.2.0
misc/SPARK2/Ada-SPARK-Min-Cost-Connect-Cities-Stub,0,0,,0,no,no,no,from build logs,0,0,GNATMAKE 14.2.0,GNATMAKE 12.2.0
misc/SPARK2/Ada-SPARK-Min-Cost-To-Connect-All-Points,0,0,,0,no,no,no,from build logs,0,0,GNATMAKE 14.2.0,GNATMAKE 12.2.0
misc/SPARK2/Ada-SPARK-Min-Heap,0,0,,0,no,no,no,from build logs,0,0,GNATMAKE 14.2.0,GNATMAKE 12.2.0
misc/SPARK2/Ada-SPARK-Min-Max-Normalize,0,0,,0,no,no,no,from build logs,0,0,GNATMAKE 14.2.0,GNATMAKE 12.2.0
misc/SPARK2/Ada-SPARK-Min-Stack,0,0,,0,no,no,no,from build logs,0,0,GNATMAKE 14.2.0,GNATMAKE 12.2.0
misc/SPARK2/Ada-SPARK-Minimum-ASCII-Delete-Sum,0,0,,0,no,no,no,from build logs,0,0,GNATMAKE 14.2.0,GNATMAKE 12.2.0
misc/SPARK2/Ada-SPARK-Minimum-Bit-Flips-To-Convert-Number,0,0,,0,no,no,no,from build logs,0,0,GNATMAKE 14.2.0,GNATMAKE 12.2.0
misc/SPARK2/Ada-SPARK-Minimum-Cost-To-Move-Chips,0,0,,0,no,no,no,from build logs,0,0,GNATMAKE 14.2.0,GNATMAKE 12.2.0
misc/SPARK2/Ada-SPARK-Minimum-Deletions-To-Make-Character-Frequencies-Unique,0,0,,0,no,no,no,from build logs,0,0,GNATMAKE 14.2.0,GNATMAKE 12.2.0
misc/SPARK2/Ada-SPARK-Minimum-Number-Of-Arrows,0,0,,0,no,no,no,from build logs,0,0,GNATMAKE 14.2.0,GNATMAKE 12.2.0
misc/SPARK2/Ada-SPARK-Minimum-Number-Of-Days-To-Make-M-Bouquets,0,0,,0,no,no,no,from build logs,0,0,GNATMAKE 14.2.0,GNATMAKE 12.2.0
misc/SPARK2/Ada-SPARK-Minimum-Number-Of-Moves-To-Seat,0,0,,0,no,no,no,from build logs,0,0,GNATMAKE 14.2.0,GNATMAKE 12.2.0
misc/SPARK2/Ada-SPARK-Minimum-Operations-To-Make-The-Array-Increasing,0,0,,0,no,no,no,from build logs,0,0,GNATMAKE 14.2.0,GNATMAKE 12.2.0
misc/SPARK2/Ada-SPARK-Minimum-Path-Sum,0,0,,0,no,no,no,from build logs,0,0,GNATMAKE 14.2.0,GNATMAKE 12.2.0
misc/SPARK2/Ada-SPARK-Minimum-Sum-Of-Four-Digit-Number,0,0,,0,no,no,no,from build logs,0,0,GNATMAKE 14.2.0,GNATMAKE 12.2.0
misc/SPARK2/Ada-SPARK-Missing-Number,0,0,,0,no,no,no,from build logs,0,0,GNATMAKE 14.2.0,GNATMAKE 12.2.0
misc/SPARK2/Ada-SPARK-Missing-Ranges-Stub,0,0,,0,no,no,no,from build logs,0,0,GNATMAKE 14.2.0,GNATMAKE 12.2.0
misc/SPARK2/Ada-SPARK-Monotonic-Stack,0,0,,0,no,no,no,from build logs,0,0,GNATMAKE 14.2.0,GNATMAKE 12.2.0
misc/SPARK2/Ada-SPARK-Most-Common-Word,0,0,,0,no,no,no,from build logs,0,0,GNATMAKE 14.2.0,GNATMAKE 12.2.0
misc/SPARK2/Ada-SPARK-Move-Zeroes,0,0,,0,no,no,no,from build logs,0,0,GNATMAKE 14.2.0,GNATMAKE 12.2.0
misc/SPARK2/Ada-SPARK-Moving-Average,0,0,,0,no,no,no,from build logs,0,0,GNATMAKE 14.2.0,GNATMAKE 12.2.0
misc/SPARK2/Ada-SPARK-Moving-Average-From-Data-Stream,0,0,,0,no,no,no,from build logs,0,0,GNATMAKE 14.2.0,GNATMAKE 12.2.0
misc/SPARK2/Ada-SPARK-My-Calendar-Stub,0,0,,0,no,no,no,from build logs,0,0,GNATMAKE 14.2.0,GNATMAKE 12.2.0
misc/SPARK2/Ada-SPARK-My-Linked-List-Stub,0,0,,0,no,no,no,from build logs,0,0,GNATMAKE 14.2.0,GNATMAKE 12.2.0
misc/SPARK2/Ada-SPARK-N-Queens-Lite,0,0,,0,no,no,no,from build logs,0,0,GNATMAKE 14.2.0,GNATMAKE 12.2.0
misc/SPARK2/Ada-SPARK-N-Repeated-Element-In-Size-2N-Array,0,0,,0,no,no,no,from build logs,0,0,GNATMAKE 14.2.0,GNATMAKE 12.2.0
misc/SPARK2/Ada-SPARK-N-th-Tribonacci,0,0,,0,no,no,no,from build logs,0,0,GNATMAKE 14.2.0,GNATMAKE 12.2.0
misc/SPARK2/Ada-SPARK-Nearest-Exit-From-Entrance-In-Maze,0,0,,0,no,no,no,from build logs,0,0,GNATMAKE 14.2.0,GNATMAKE 12.2.0
misc/SPARK2/Ada-SPARK-Neighboring-Bitwise-XOR,0,0,,0,no,no,no,from build logs,0,0,GNATMAKE 14.2.0,GNATMAKE 12.2.0
misc/SPARK2/Ada-SPARK-Nested-Iterator-Stub,0,0,,0,no,no,no,from build logs,0,0,GNATMAKE 14.2.0,GNATMAKE 12.2.0
misc/SPARK2/Ada-SPARK-Network-Delay-Time,0,0,,0,no,no,no,from build logs,0,0,GNATMAKE 14.2.0,GNATMAKE 12.2.0
misc/SPARK2/Ada-SPARK-Network-Delay-Time-Stub,0,0,,0,no,no,no,from build logs,0,0,GNATMAKE 14.2.0,GNATMAKE 12.2.0
misc/SPARK2/Ada-SPARK-New-21-Game-Lite,0,0,,0,no,no,no,from build logs,0,0,GNATMAKE 14.2.0,GNATMAKE 12.2.0
misc/SPARK2/Ada-SPARK-Next-Greater-Element-I,0,0,,0,no,no,no,from build logs,0,0,GNATMAKE 14.2.0,GNATMAKE 12.2.0
misc/SPARK2/Ada-SPARK-Next-Greater-Element-II,0,0,,0,no,no,no,from build logs,0,0,GNATMAKE 14.2.0,GNATMAKE 12.2.0
misc/SPARK2/Ada-SPARK-Next-Greater-Node-In-Linked-List,0,0,,0,no,no,no,from build logs,0,0,GNATMAKE 14.2.0,GNATMAKE 12.2.0
misc/SPARK2/Ada-SPARK-Next-Permutation-Stub,0,0,,0,no,no,no,from build logs,0,0,GNATMAKE 14.2.0,GNATMAKE 12.2.0
misc/SPARK2/Ada-SPARK-Nim-Game,0,0,,0,no,no,no,from build logs,0,0,GNATMAKE 14.2.0,GNATMAKE 12.2.0
misc/SPARK2/Ada-SPARK-Non-Decreasing-Array,0,0,,0,no,no,no,from build logs,0,0,GNATMAKE 14.2.0,GNATMAKE 12.2.0
misc/SPARK2/Ada-SPARK-Non-Overlapping-Intervals,0,0,,0,no,no,no,from build logs,0,0,GNATMAKE 14.2.0,GNATMAKE 12.2.0
misc/SPARK2/Ada-SPARK-Nth-Digit,0,0,,0,no,no,no,from build logs,0,0,GNATMAKE 14.2.0,GNATMAKE 12.2.0
misc/SPARK2/Ada-SPARK-Nth-Digit-Stub,0,0,,0,no,no,no,from build logs,0,0,GNATMAKE 14.2.0,GNATMAKE 12.2.0
misc/SPARK2/Ada-SPARK-Nth-Ugly-Number,0,0,,0,no,no,no,from build logs,0,0,GNATMAKE 14.2.0,GNATMAKE 12.2.0
misc/SPARK2/Ada-SPARK-Number-Complement,0,0,,0,no,no,no,from build logs,0,0,GNATMAKE 14.2.0,GNATMAKE 12.2.0
misc/SPARK2/Ada-SPARK-Number-Of-1-Bits,0,0,,0,no,no,no,from build logs,0,0,GNATMAKE 14.2.0,GNATMAKE 12.2.0
misc/SPARK2/Ada-SPARK-Number-Of-1-Bits-In-Range,0,0,,0,no,no,no,from build logs,0,0,GNATMAKE 14.2.0,GNATMAKE 12.2.0
misc/SPARK2/Ada-SPARK-Number-Of-Connected-Components,0,0,,0,no,no,no,from build logs,0,0,GNATMAKE 14.2.0,GNATMAKE 12.2.0
misc/SPARK2/Ada-SPARK-Number-Of-Good-Pairs,0,0,,0,no,no,no,from build logs,0,0,GNATMAKE 14.2.0,GNATMAKE 12.2.0
misc/SPARK2/Ada-SPARK-Number-Of-Islands,0,0,,0,no,no,no,from build logs,0,0,GNATMAKE 14.2.0,GNATMAKE 12.2.0
misc/SPARK2/Ada-SPARK-Number-Of-Provinces,0,0,,0,no,no,no,from build logs,0,0,GNATMAKE 14.2.0,GNATMAKE 12.2.0
misc/SPARK2/Ada-SPARK-Number-Of-Recent-Calls,0,0,,0,no,no,no,from build logs,0,0,GNATMAKE 14.2.0,GNATMAKE 12.2.0
misc/SPARK2/Ada-SPARK-Number-Of-Steps-To-Reduce-A-Number,0,0,,0,no,no,no,from build logs,0,0,GNATMAKE 14.2.0,GNATMAKE 12.2.0
misc/SPARK2/Ada-SPARK-Number-Of-Steps-To-Reduce-A-Number-In-Binary-Representation,0,0,,0,no,no,no,from build logs,0,0,GNATMAKE 14.2.0,GNATMAKE 12.2.0
misc/SPARK2/Ada-SPARK-One-Hot,0,0,,0,no,no,no,from build logs,0,0,GNATMAKE 14.2.0,GNATMAKE 12.2.0
misc/SPARK2/Ada-SPARK-Ones-And-Zeroes,0,0,,0,no,no,no,from build logs,0,0,GNATMAKE 14.2.0,GNATMAKE 12.2.0
misc/SPARK2/Ada-SPARK-Online-Stock-Span,0,0,,0,no,no,no,from build logs,0,0,GNATMAKE 14.2.0,GNATMAKE 12.2.0
misc/SPARK2/Ada-SPARK-Online-Stock-Span-Stub,0,0,,0,no,no,no,from build logs,0,0,GNATMAKE 14.2.0,GNATMAKE 12.2.0
misc/SPARK2/Ada-SPARK-Open-The-Lock,0,0,,0,no,no,no,from build logs,0,0,GNATMAKE 14.2.0,GNATMAKE 12.2.0
misc/SPARK2/Ada-SPARK-Ordered-Stream-Stub,0,0,,0,no,no,no,from build logs,0,0,GNATMAKE 14.2.0,GNATMAKE 12.2.0
misc/SPARK2/Ada-SPARK-Out-Of-Boundary-Paths-Lite,0,0,,0,no,no,no,from build logs,0,0,GNATMAKE 14.2.0,GNATMAKE 12.2.0
misc/SPARK2/Ada-SPARK-Overlap-Coefficient,0,0,,0,no,no,no,from build logs,0,0,GNATMAKE 14.2.0,GNATMAKE 12.2.0
misc/SPARK2/Ada-SPARK-PN-Counter,0,0,,0,no,no,no,from build logs,0,0,GNATMAKE 14.2.0,GNATMAKE 12.2.0
misc/SPARK2/Ada-SPARK-Pacific-Atlantic-Water-Flow,0,0,,0,no,no,no,from build logs,0,0,GNATMAKE 14.2.0,GNATMAKE 12.2.0
misc/SPARK2/Ada-SPARK-Pacific-Atlantic-Water-Stub,0,0,,0,no,no,no,from build logs,0,0,GNATMAKE 14.2.0,GNATMAKE 12.2.0
misc/SPARK2/Ada-SPARK-Paint-Fence-Lite,0,0,,0,no,no,no,from build logs,0,0,GNATMAKE 14.2.0,GNATMAKE 12.2.0
misc/SPARK2/Ada-SPARK-Paint-House-Lite,0,0,,0,no,no,no,from build logs,0,0,GNATMAKE 14.2.0,GNATMAKE 12.2.0
misc/SPARK2/Ada-SPARK-Paint-House-Stub,0,0,,0,no,no,no,from build logs,0,0,GNATMAKE 14.2.0,GNATMAKE 12.2.0
misc/SPARK2/Ada-SPARK-Palindrome-Linked-List,0,0,,0,no,no,no,from build logs,0,0,GNATMAKE 14.2.0,GNATMAKE 12.2.0
misc/SPARK2/Ada-SPARK-Palindrome-Number,0,0,,0,no,no,no,from build logs,0,0,GNATMAKE 14.2.0,GNATMAKE 12.2.0
misc/SPARK2/Ada-SPARK-Palindrome-Pairs-Lite,0,0,,0,no,no,no,from build logs,0,0,GNATMAKE 14.2.0,GNATMAKE 12.2.0
misc/SPARK2/Ada-SPARK-Palindrome-Partitioning,0,0,,0,no,no,no,from build logs,0,0,GNATMAKE 14.2.0,GNATMAKE 12.2.0
misc/SPARK2/Ada-SPARK-Palindrome-Partitioning-II,0,0,,0,no,no,no,from build logs,0,0,GNATMAKE 14.2.0,GNATMAKE 12.2.0
misc/SPARK2/Ada-SPARK-Parity-Bits,0,0,,0,no,no,no,from build logs,0,0,GNATMAKE 14.2.0,GNATMAKE 12.2.0
misc/SPARK2/Ada-SPARK-Parking-System-Stub,0,0,,0,no,no,no,from build logs,0,0,GNATMAKE 14.2.0,GNATMAKE 12.2.0
misc/SPARK2/Ada-SPARK-Partition-Around-Pivot,0,0,,0,no,no,no,from build logs,0,0,GNATMAKE 14.2.0,GNATMAKE 12.2.0
misc/SPARK2/Ada-SPARK-Partition-Equal-Subset-Sum,0,0,,0,no,no,no,from build logs,0,0,GNATMAKE 14.2.0,GNATMAKE 12.2.0
misc/SPARK2/Ada-SPARK-Partition-Labels,0,0,,0,no,no,no,from build logs,0,0,GNATMAKE 14.2.0,GNATMAKE 12.2.0
misc/SPARK2/Ada-SPARK-Partition-List,0,0,,0,no,no,no,from build logs,0,0,GNATMAKE 14.2.0,GNATMAKE 12.2.0
misc/SPARK2/Ada-SPARK-Pascal-Triangle,0,0,,0,no,no,no,from build logs,0,0,GNATMAKE 14.2.0,GNATMAKE 12.2.0
misc/SPARK2/Ada-SPARK-Pascal-Triangle-II,0,0,,0,no,no,no,from build logs,0,0,GNATMAKE 14.2.0,GNATMAKE 12.2.0
misc/SPARK2/Ada-SPARK-Path-Sum,0,0,,0,no,no,no,from build logs,0,0,GNATMAKE 14.2.0,GNATMAKE 12.2.0
misc/SPARK2/Ada-SPARK-Path-Sum-III-Lite,0,0,,0,no,no,no,from build logs,0,0,GNATMAKE 14.2.0,GNATMAKE 12.2.0
misc/SPARK2/Ada-SPARK-Path-With-Minimum-Effort,0,0,,0,no,no,no,from build logs,0,0,GNATMAKE 14.2.0,GNATMAKE 12.2.0
misc/SPARK2/Ada-SPARK-Peak-Index-In-Mountain-Array,0,0,,0,no,no,no,from build logs,0,0,GNATMAKE 14.2.0,GNATMAKE 12.2.0
misc/SPARK2/Ada-SPARK-Pearson-Correlation,0,0,,0,no,no,no,from build logs,0,0,GNATMAKE 14.2.0,GNATMAKE 12.2.0
misc/SPARK2/Ada-SPARK-Peeking-Iterator-Stub,0,0,,0,no,no,no,from build logs,0,0,GNATMAKE 14.2.0,GNATMAKE 12.2.0
misc/SPARK2/Ada-SPARK-Permutations,0,0,,0,no,no,no,from build logs,0,0,GNATMAKE 14.2.0,GNATMAKE 12.2.0
misc/SPARK2/Ada-SPARK-Permutations-II,0,0,,0,no,no,no,from build logs,0,0,GNATMAKE 14.2.0,GNATMAKE 12.2.0
misc/SPARK2/Ada-SPARK-Plus-One,0,0,,0,no,no,no,from build logs,0,0,GNATMAKE 14.2.0,GNATMAKE 12.2.0
misc/SPARK2/Ada-SPARK-Population-Count,0,0,,0,no,no,no,from build logs,0,0,GNATMAKE 14.2.0,GNATMAKE 12.2.0
misc/SPARK2/Ada-SPARK-Pow-X-N,0,0,,0,no,no,no,from build logs,0,0,GNATMAKE 14.2.0,GNATMAKE 12.2.0
misc/SPARK2/Ada-SPARK-Pow-X-N-Stub,0,0,,0,no,no,no,from build logs,0,0,GNATMAKE 14.2.0,GNATMAKE 12.2.0
misc/SPARK2/Ada-SPARK-Power-Of-Four,0,0,,0,no,no,no,from build logs,0,0,GNATMAKE 14.2.0,GNATMAKE 12.2.0
misc/SPARK2/Ada-SPARK-Power-Of-Three,0,0,,0,no,no,no,from build logs,0,0,GNATMAKE 14.2.0,GNATMAKE 12.2.0
misc/SPARK2/Ada-SPARK-Power-Of-Two,0,0,,0,no,no,no,from build logs,0,0,GNATMAKE 14.2.0,GNATMAKE 12.2.0
misc/SPARK2/Ada-SPARK-Powx-N,0,0,,0,no,no,no,from build logs,0,0,GNATMAKE 14.2.0,GNATMAKE 12.2.0
misc/SPARK2/Ada-SPARK-Prefix-Sums,0,0,,0,no,no,no,from build logs,0,0,GNATMAKE 14.2.0,GNATMAKE 12.2.0
misc/SPARK2/Ada-SPARK-Prim-MST-Lite,0,0,,0,no,no,no,from build logs,0,0,GNATMAKE 14.2.0,GNATMAKE 12.2.0
misc/SPARK2/Ada-SPARK-Priority-Queue-Binary-Heap,0,0,,0,no,no,no,from build logs,0,0,GNATMAKE 14.2.0,GNATMAKE 12.2.0
misc/SPARK2/Ada-SPARK-Product-Except-Self,0,0,,0,no,no,no,from build logs,0,0,GNATMAKE 14.2.0,GNATMAKE 12.2.0
misc/SPARK2/Ada-SPARK-Product-Of-Array-Except-Self,0,0,,0,no,no,no,from build logs,0,0,GNATMAKE 14.2.0,GNATMAKE 12.2.0
misc/SPARK2/Ada-SPARK-Product-Of-Numbers-Stub,0,0,,0,no,no,no,from build logs,0,0,GNATMAKE 14.2.0,GNATMAKE 12.2.0
misc/SPARK2/Ada-SPARK-Projection-Area-Of-3D-Shapes,0,0,,0,no,no,no,from build logs,0,0,GNATMAKE 14.2.0,GNATMAKE 12.2.0
misc/SPARK2/Ada-SPARK-Queue-Reconstruction-By-Height,0,0,,0,no,no,no,from build logs,0,0,GNATMAKE 14.2.0,GNATMAKE 12.2.0
misc/SPARK2/Ada-SPARK-Queue-Using-Stacks,0,0,,0,no,no,no,from build logs,0,0,GNATMAKE 14.2.0,GNATMAKE 12.2.0
misc/SPARK2/Ada-SPARK-Random-Pick-With-Weight-Lite,0,0,,0,no,no,no,from build logs,0,0,GNATMAKE 14.2.0,GNATMAKE 12.2.0
misc/SPARK2/Ada-SPARK-Randomized-Collection,0,0,,0,no,no,no,from build logs,0,0,GNATMAKE 14.2.0,GNATMAKE 12.2.0
misc/SPARK2/Ada-SPARK-Randomized-Set,0,0,,0,no,no,no,from build logs,0,0,GNATMAKE 14.2.0,GNATMAKE 12.2.0
misc/SPARK2/Ada-SPARK-Range-Addition,0,0,,0,no,no,no,from build logs,0,0,GNATMAKE 14.2.0,GNATMAKE 12.2.0
misc/SPARK2/Ada-SPARK-Range-Module-Stub,0,0,,0,no,no,no,from build logs,0,0,GNATMAKE 14.2.0,GNATMAKE 12.2.0
misc/SPARK2/Ada-SPARK-Range-Sum-Query,0,0,,0,no,no,no,from build logs,0,0,GNATMAKE 14.2.0,GNATMAKE 12.2.0
misc/SPARK2/Ada-SPARK-Range-Sum-Query-2D-Immutable,0,0,,0,no,no,no,from build logs,0,0,GNATMAKE 14.2.0,GNATMAKE 12.2.0
misc/SPARK2/Ada-SPARK-Range-Sum-Query-Immutable,0,0,,0,no,no,no,from build logs,0,0,GNATMAKE 14.2.0,GNATMAKE 12.2.0
misc/SPARK2/Ada-SPARK-Ransom-Note,0,0,,0,no,no,no,from build logs,0,0,GNATMAKE 14.2.0,GNATMAKE 12.2.0
misc/SPARK2/Ada-SPARK-Rate-Monotonic-Scheduling,0,0,,0,no,no,no,from build logs,0,0,GNATMAKE 14.2.0,GNATMAKE 12.2.0
misc/SPARK2/Ada-SPARK-Ravenscar-Job-Pool,0,0,,0,no,no,no,from build logs,0,0,GNATMAKE 14.2.0,GNATMAKE 12.2.0
misc/SPARK2/Ada-SPARK-Reach-A-Number,0,0,,0,no,no,no,from build logs,0,0,GNATMAKE 14.2.0,GNATMAKE 12.2.0
misc/SPARK2/Ada-SPARK-Recent-Counter,0,0,,0,no,no,no,from build logs,0,0,GNATMAKE 14.2.0,GNATMAKE 12.2.0
misc/SPARK2/Ada-SPARK-Rectangle-Area,0,0,,0,no,no,no,from build logs,0,0,GNATMAKE 14.2.0,GNATMAKE 12.2.0
misc/SPARK2/Ada-SPARK-Rectangle-Overlap,0,0,,0,no,no,no,from build logs,0,0,GNATMAKE 14.2.0,GNATMAKE 12.2.0
misc/SPARK2/Ada-SPARK-Reduce-Array-Size-To-The-Half,0,0,,0,no,no,no,from build logs,0,0,GNATMAKE 14.2.0,GNATMAKE 12.2.0
misc/SPARK2/Ada-SPARK-Redundant-Connection,0,0,,0,no,no,no,from build logs,0,0,GNATMAKE 14.2.0,GNATMAKE 12.2.0
misc/SPARK2/Ada-SPARK-Redundant-Connection-II,0,0,,0,no,no,no,from build logs,0,0,GNATMAKE 14.2.0,GNATMAKE 12.2.0
misc/SPARK2/Ada-SPARK-Redundant-Connection-II-Lite,0,0,,0,no,no,no,from build logs,0,0,GNATMAKE 14.2.0,GNATMAKE 12.2.0
misc/SPARK2/Ada-SPARK-Reference-Counting,0,0,,0,no,no,no,from build logs,0,0,GNATMAKE 14.2.0,GNATMAKE 12.2.0
misc/SPARK2/Ada-SPARK-Regular-Expression-Matching-Lite,0,0,,0,no,no,no,from build logs,0,0,GNATMAKE 14.2.0,GNATMAKE 12.2.0
misc/SPARK2/Ada-SPARK-Remove-All-Adjacent-Duplicates,0,0,,0,no,no,no,from build logs,0,0,GNATMAKE 14.2.0,GNATMAKE 12.2.0
misc/SPARK2/Ada-SPARK-Remove-All-Adjacent-Duplicates-II,0,0,,0,no,no,no,from build logs,0,0,GNATMAKE 14.2.0,GNATMAKE 12.2.0
misc/SPARK2/Ada-SPARK-Remove-Duplicate-Letters,0,0,,0,no,no,no,from build logs,0,0,GNATMAKE 14.2.0,GNATMAKE 12.2.0
misc/SPARK2/Ada-SPARK-Remove-Element,0,0,,0,no,no,no,from build logs,0,0,GNATMAKE 14.2.0,GNATMAKE 12.2.0
misc/SPARK2/Ada-SPARK-Remove-K-Digits,0,0,,0,no,no,no,from build logs,0,0,GNATMAKE 14.2.0,GNATMAKE 12.2.0
misc/SPARK2/Ada-SPARK-Remove-Linked-List-Elements,0,0,,0,no,no,no,from build logs,0,0,GNATMAKE 14.2.0,GNATMAKE 12.2.0
misc/SPARK2/Ada-SPARK-Remove-Nth-Node-From-End,0,0,,0,no,no,no,from build logs,0,0,GNATMAKE 14.2.0,GNATMAKE 12.2.0
misc/SPARK2/Ada-SPARK-Reorder-List,0,0,,0,no,no,no,from build logs,0,0,GNATMAKE 14.2.0,GNATMAKE 12.2.0
misc/SPARK2/Ada-SPARK-Replace-Elements-With-Greatest-On-Right,0,0,,0,no,no,no,from build logs,0,0,GNATMAKE 14.2.0,GNATMAKE 12.2.0
misc/SPARK2/Ada-SPARK-Replace-Words,0,0,,0,no,no,no,from build logs,0,0,GNATMAKE 14.2.0,GNATMAKE 12.2.0
misc/SPARK2/Ada-SPARK-Reservoir-Sampling,0,0,,0,no,no,no,from build logs,0,0,GNATMAKE 14.2.0,GNATMAKE 12.2.0
misc/SPARK2/Ada-SPARK-Restore-IP-Addresses,0,0,,0,no,no,no,from build logs,0,0,GNATMAKE 14.2.0,GNATMAKE 12.2.0
misc/SPARK2/Ada-SPARK-Reverse-Bits,0,0,,0,no,no,no,from build logs,0,0,GNATMAKE 14.2.0,GNATMAKE 12.2.0
misc/SPARK2/Ada-SPARK-Reverse-Integer,0,0,,0,no,no,no,from build logs,0,0,GNATMAKE 14.2.0,GNATMAKE 12.2.0
misc/SPARK2/Ada-SPARK-Reverse-Linked-List,0,0,,0,no,no,no,from build logs,0,0,GNATMAKE 14.2.0,GNATMAKE 12.2.0
misc/SPARK2/Ada-SPARK-Reverse-Linked-List-II,0,0,,0,no,no,no,from build logs,0,0,GNATMAKE 14.2.0,GNATMAKE 12.2.0
misc/SPARK2/Ada-SPARK-Reverse-Only-Letters,0,0,,0,no,no,no,from build logs,0,0,GNATMAKE 14.2.0,GNATMAKE 12.2.0
misc/SPARK2/Ada-SPARK-Reverse-Pairs-Lite,0,0,,0,no,no,no,from build logs,0,0,GNATMAKE 14.2.0,GNATMAKE 12.2.0
misc/SPARK2/Ada-SPARK-Reverse-Vowels,0,0,,0,no,no,no,from build logs,0,0,GNATMAKE 14.2.0,GNATMAKE 12.2.0
misc/SPARK2/Ada-SPARK-Reverse-Words,0,0,,0,no,no,no,from build logs,0,0,GNATMAKE 14.2.0,GNATMAKE 12.2.0
misc/SPARK2/Ada-SPARK-Ring-Buffer,0,0,,0,no,no,no,from build logs,0,0,GNATMAKE 14.2.0,GNATMAKE 12.2.0
misc/SPARK2/Ada-SPARK-Robot-Return-To-Origin,0,0,,0,no,no,no,from build logs,0,0,GNATMAKE 14.2.0,GNATMAKE 12.2.0
misc/SPARK2/Ada-SPARK-Roman-To-Int,0,0,,0,no,no,no,from build logs,0,0,GNATMAKE 14.2.0,GNATMAKE 12.2.0
misc/SPARK2/Ada-SPARK-Roman-To-Integer,0,0,,0,no,no,no,from build logs,0,0,GNATMAKE 14.2.0,GNATMAKE 12.2.0
misc/SPARK2/Ada-SPARK-Rotate-Array,0,0,,0,no,no,no,from build logs,0,0,GNATMAKE 14.2.0,GNATMAKE 12.2.0
misc/SPARK2/Ada-SPARK-Rotate-Image,0,0,,0,no,no,no,from build logs,0,0,GNATMAKE 14.2.0,GNATMAKE 12.2.0
misc/SPARK2/Ada-SPARK-Rotate-List,0,0,,0,no,no,no,from build logs,0,0,GNATMAKE 14.2.0,GNATMAKE 12.2.0
misc/SPARK2/Ada-SPARK-Rotting-Oranges,0,0,,0,no,no,no,from build logs,0,0,GNATMAKE 14.2.0,GNATMAKE 12.2.0
misc/SPARK2/Ada-SPARK-Round-Robin-Scheduling,0,0,,0,no,no,no,from build logs,0,0,GNATMAKE 14.2.0,GNATMAKE 12.2.0
misc/SPARK2/Ada-SPARK-Seat-Manager-Stub,0,0,,0,no,no,no,from build logs,0,0,GNATMAKE 14.2.0,GNATMAKE 12.2.0
misc/SPARK2/Ada-SPARK-Seat-Reservation-Manager,0,0,,0,no,no,no,from build logs,0,0,GNATMAKE 14.2.0,GNATMAKE 12.2.0
misc/SPARK2/Ada-SPARK-Self-Dividing-Numbers,0,0,,0,no,no,no,from build logs,0,0,GNATMAKE 14.2.0,GNATMAKE 12.2.0
misc/SPARK2/Ada-SPARK-Sequence-Reconstruction-Lite,0,0,,0,no,no,no,from build logs,0,0,GNATMAKE 14.2.0,GNATMAKE 12.2.0
misc/SPARK2/Ada-SPARK-Shift-2D-Grid,0,0,,0,no,no,no,from build logs,0,0,GNATMAKE 14.2.0,GNATMAKE 12.2.0
misc/SPARK2/Ada-SPARK-Shortest-Bridge,0,0,,0,no,no,no,from build logs,0,0,GNATMAKE 14.2.0,GNATMAKE 12.2.0
misc/SPARK2/Ada-SPARK-Shortest-Common-Supersequence-Lite,0,0,,0,no,no,no,from build logs,0,0,GNATMAKE 14.2.0,GNATMAKE 12.2.0
misc/SPARK2/Ada-SPARK-Shortest-Completing-Word,0,0,,0,no,no,no,from build logs,0,0,GNATMAKE 14.2.0,GNATMAKE 12.2.0
misc/SPARK2/Ada-SPARK-Shortest-Job-Next,0,0,,0,no,no,no,from build logs,0,0,GNATMAKE 14.2.0,GNATMAKE 12.2.0
misc/SPARK2/Ada-SPARK-Shortest-Remaining-Time,0,0,,0,no,no,no,from build logs,0,0,GNATMAKE 14.2.0,GNATMAKE 12.2.0
misc/SPARK2/Ada-SPARK-Shortest-Word-Distance,0,0,,0,no,no,no,from build logs,0,0,GNATMAKE 14.2.0,GNATMAKE 12.2.0
misc/SPARK2/Ada-SPARK-Sigmoid,0,0,,0,no,no,no,from build logs,0,0,GNATMAKE 14.2.0,GNATMAKE 12.2.0
misc/SPARK2/Ada-SPARK-Simplify-Path-Stub,0,0,,0,no,no,no,from build logs,0,0,GNATMAKE 14.2.0,GNATMAKE 12.2.0
misc/SPARK2/Ada-SPARK-Single-Number,0,0,,0,no,no,no,from build logs,0,0,GNATMAKE 14.2.0,GNATMAKE 12.2.0
misc/SPARK2/Ada-SPARK-Single-Number-II,0,0,,0,no,no,no,from build logs,0,0,GNATMAKE 14.2.0,GNATMAKE 12.2.0
misc/SPARK2/Ada-SPARK-Single-Number-III,0,0,,0,no,no,no,from build logs,0,0,GNATMAKE 14.2.0,GNATMAKE 12.2.0
misc/SPARK2/Ada-SPARK-Sliding-Window-Max,0,0,,0,no,no,no,from build logs,0,0,GNATMAKE 14.2.0,GNATMAKE 12.2.0
misc/SPARK2/Ada-SPARK-Sliding-Window-Maximum,0,0,,0,no,no,no,from build logs,0,0,GNATMAKE 14.2.0,GNATMAKE 12.2.0
misc/SPARK2/Ada-SPARK-Sliding-Window-Median,0,0,,0,no,no,no,from build logs,0,0,GNATMAKE 14.2.0,GNATMAKE 12.2.0
misc/SPARK2/Ada-SPARK-Smallest-Integer-Divisible-By-K,0,0,,0,no,no,no,from build logs,0,0,GNATMAKE 14.2.0,GNATMAKE 12.2.0
misc/SPARK2/Ada-SPARK-Snapshot-Array-Stub,0,0,,0,no,no,no,from build logs,0,0,GNATMAKE 14.2.0,GNATMAKE 12.2.0
misc/SPARK2/Ada-SPARK-Softmin,0,0,,0,no,no,no,from build logs,0,0,GNATMAKE 14.2.0,GNATMAKE 12.2.0
misc/SPARK2/Ada-SPARK-Soup-Servings-Lite,0,0,,0,no,no,no,from build logs,0,0,GNATMAKE 14.2.0,GNATMAKE 12.2.0
misc/SPARK2/Ada-SPARK-Spearman-Rank-Stub,0,0,,0,no,no,no,from build logs,0,0,GNATMAKE 14.2.0,GNATMAKE 12.2.0
misc/SPARK2/Ada-SPARK-Special-Array-With-X-Elements,0,0,,0,no,no,no,from build logs,0,0,GNATMAKE 14.2.0,GNATMAKE 12.2.0
misc/SPARK2/Ada-SPARK-Split-Array-Largest-Sum,0,0,,0,no,no,no,from build logs,0,0,GNATMAKE 14.2.0,GNATMAKE 12.2.0
misc/SPARK2/Ada-SPARK-Sqrt-Integer,0,0,,0,no,no,no,from build logs,0,0,GNATMAKE 14.2.0,GNATMAKE 12.2.0
misc/SPARK2/Ada-SPARK-Sqrt-X,0,0,,0,no,no,no,from build logs,0,0,GNATMAKE 14.2.0,GNATMAKE 12.2.0
misc/SPARK2/Ada-SPARK-Sqrtx,0,0,,0,no,no,no,from build logs,0,0,GNATMAKE 14.2.0,GNATMAKE 12.2.0
misc/SPARK2/Ada-SPARK-Stack-Bounded,0,0,,0,no,no,no,from build logs,0,0,GNATMAKE 14.2.0,GNATMAKE 12.2.0
misc/SPARK2/Ada-SPARK-Stack-Using-Queues-Stub,0,0,,0,no,no,no,from build logs,0,0,GNATMAKE 14.2.0,GNATMAKE 12.2.0
misc/SPARK2/Ada-SPARK-Standard-Score,0,0,,0,no,no,no,from build logs,0,0,GNATMAKE 14.2.0,GNATMAKE 12.2.0
misc/SPARK2/Ada-SPARK-Stock-Spanner-Stub,0,0,,0,no,no,no,from build logs,0,0,GNATMAKE 14.2.0,GNATMAKE 12.2.0
misc/SPARK2/Ada-SPARK-Stream-Of-Characters-Lite,0,0,,0,no,no,no,from build logs,0,0,GNATMAKE 14.2.0,GNATMAKE 12.2.0
misc/SPARK2/Ada-SPARK-Strstr-Naive,0,0,,0,no,no,no,from build logs,0,0,GNATMAKE 14.2.0,GNATMAKE 12.2.0
misc/SPARK2/Ada-SPARK-Student-Attendance-Record-I,0,0,,0,no,no,no,from build logs,0,0,GNATMAKE 14.2.0,GNATMAKE 12.2.0
misc/SPARK2/Ada-SPARK-Subarray-Sum-Equals-K,0,0,,0,no,no,no,from build logs,0,0,GNATMAKE 14.2.0,GNATMAKE 12.2.0
misc/SPARK2/Ada-SPARK-Subarrays-With-K-Different-Integers,0,0,,0,no,no,no,from build logs,0,0,GNATMAKE 14.2.0,GNATMAKE 12.2.0
misc/SPARK2/Ada-SPARK-Subsets,0,0,,0,no,no,no,from build logs,0,0,GNATMAKE 14.2.0,GNATMAKE 12.2.0
misc/SPARK2/Ada-SPARK-Subsets-Bitmask,0,0,,0,no,no,no,from build logs,0,0,GNATMAKE 14.2.0,GNATMAKE 12.2.0
misc/SPARK2/Ada-SPARK-Subsets-II,0,0,,0,no,no,no,from build logs,0,0,GNATMAKE 14.2.0,GNATMAKE 12.2.0
misc/SPARK2/Ada-SPARK-Subtract-Product-Sum-Digits,0,0,,0,no,no,no,from build logs,0,0,GNATMAKE 14.2.0,GNATMAKE 12.2.0
misc/SPARK2/Ada-SPARK-Subtract-The-Product-And-Sum,0,0,,0,no,no,no,from build logs,0,0,GNATMAKE 14.2.0,GNATMAKE 12.2.0
misc/SPARK2/Ada-SPARK-Sudoku-Solver-Lite,0,0,,0,no,no,no,from build logs,0,0,GNATMAKE 14.2.0,GNATMAKE 12.2.0
misc/SPARK2/Ada-SPARK-Sum-Of-Left-Leaves,0,0,,0,no,no,no,from build logs,0,0,GNATMAKE 14.2.0,GNATMAKE 12.2.0
misc/SPARK2/Ada-SPARK-Sum-Of-Subarray-Minimums,0,0,,0,no,no,no,from build logs,0,0,GNATMAKE 14.2.0,GNATMAKE 12.2.0
misc/SPARK2/Ada-SPARK-Sum-Of-Two-Integers,0,0,,0,no,no,no,from build logs,0,0,GNATMAKE 14.2.0,GNATMAKE 12.2.0
misc/SPARK2/Ada-SPARK-Sum-Root-To-Leaf-Numbers,0,0,,0,no,no,no,from build logs,0,0,GNATMAKE 14.2.0,GNATMAKE 12.2.0
misc/SPARK2/Ada-SPARK-Summary-Ranges,0,0,,0,no,no,no,from build logs,0,0,GNATMAKE 14.2.0,GNATMAKE 12.2.0
misc/SPARK2/Ada-SPARK-Super-Ugly-Number,0,0,,0,no,no,no,from build logs,0,0,GNATMAKE 14.2.0,GNATMAKE 12.2.0
misc/SPARK2/Ada-SPARK-Super-Ugly-Number-Stub,0,0,,0,no,no,no,from build logs,0,0,GNATMAKE 14.2.0,GNATMAKE 12.2.0
misc/SPARK2/Ada-SPARK-Surface-Area-Of-3D-Shapes,0,0,,0,no,no,no,from build logs,0,0,GNATMAKE 14.2.0,GNATMAKE 12.2.0
misc/SPARK2/Ada-SPARK-Surrounded-Regions,0,0,,0,no,no,no,from build logs,0,0,GNATMAKE 14.2.0,GNATMAKE 12.2.0
misc/SPARK2/Ada-SPARK-Swap-Nodes-In-Pairs,0,0,,0,no,no,no,from build logs,0,0,GNATMAKE 14.2.0,GNATMAKE 12.2.0
misc/SPARK2/Ada-SPARK-Swapping-Nodes-In-A-Linked-List,0,0,,0,no,no,no,from build logs,0,0,GNATMAKE 14.2.0,GNATMAKE 12.2.0
misc/SPARK2/Ada-SPARK-Swim-In-Rising-Water,0,0,,0,no,no,no,from build logs,0,0,GNATMAKE 14.2.0,GNATMAKE 12.2.0
misc/SPARK2/Ada-SPARK-Swim-In-Rising-Water-Stub,0,0,,0,no,no,no,from build logs,0,0,GNATMAKE 14.2.0,GNATMAKE 12.2.0
misc/SPARK2/Ada-SPARK-Tanimoto,0,0,,0,no,no,no,from build logs,0,0,GNATMAKE 14.2.0,GNATMAKE 12.2.0
misc/SPARK2/Ada-SPARK-Target-Sum,0,0,,0,no,no,no,from build logs,0,0,GNATMAKE 14.2.0,GNATMAKE 12.2.0
misc/SPARK2/Ada-SPARK-Target-Sum-Stub,0,0,,0,no,no,no,from build logs,0,0,GNATMAKE 14.2.0,GNATMAKE 12.2.0
misc/SPARK2/Ada-SPARK-The-Skyline-Problem-Lite,0,0,,0,no,no,no,from build logs,0,0,GNATMAKE 14.2.0,GNATMAKE 12.2.0
misc/SPARK2/Ada-SPARK-Third-Maximum-Number,0,0,,0,no,no,no,from build logs,0,0,GNATMAKE 14.2.0,GNATMAKE 12.2.0
misc/SPARK2/Ada-SPARK-Three-Divisors,0,0,,0,no,no,no,from build logs,0,0,GNATMAKE 14.2.0,GNATMAKE 12.2.0
misc/SPARK2/Ada-SPARK-Three-Sum,0,0,,0,no,no,no,from build logs,0,0,GNATMAKE 14.2.0,GNATMAKE 12.2.0
misc/SPARK2/Ada-SPARK-Three-Sum-Closest-Stub,0,0,,0,no,no,no,from build logs,0,0,GNATMAKE 14.2.0,GNATMAKE 12.2.0
misc/SPARK2/Ada-SPARK-Tic-Tac-Toe-Stub,0,0,,0,no,no,no,from build logs,0,0,GNATMAKE 14.2.0,GNATMAKE 12.2.0
misc/SPARK2/Ada-SPARK-Time-Based-Key-Value-Store,0,0,,0,no,no,no,from build logs,0,0,GNATMAKE 14.2.0,GNATMAKE 12.2.0
misc/SPARK2/Ada-SPARK-Time-Map-Stub,0,0,,0,no,no,no,from build logs,0,0,GNATMAKE 14.2.0,GNATMAKE 12.2.0
misc/SPARK2/Ada-SPARK-Title-To-Number,0,0,,0,no,no,no,from build logs,0,0,GNATMAKE 14.2.0,GNATMAKE 12.2.0
misc/SPARK2/Ada-SPARK-To-Lower-Case,0,0,,0,no,no,no,from build logs,0,0,GNATMAKE 14.2.0,GNATMAKE 12.2.0
misc/SPARK2/Ada-SPARK-Top-K-Frequent-Elements,0,0,,0,no,no,no,from build logs,0,0,GNATMAKE 14.2.0,GNATMAKE 12.2.0
misc/SPARK2/Ada-SPARK-Top-K-Frequent-Stub,0,0,,0,no,no,no,from build logs,0,0,GNATMAKE 14.2.0,GNATMAKE 12.2.0
misc/SPARK2/Ada-SPARK-Top-K-Frequent-Words,0,0,,0,no,no,no,from build logs,0,0,GNATMAKE 14.2.0,GNATMAKE 12.2.0
misc/SPARK2/Ada-SPARK-Top-Nodes-Algorithm,0,0,,0,no,no,no,from build logs,0,0,GNATMAKE 14.2.0,GNATMAKE 12.2.0
misc/SPARK2/Ada-SPARK-Trapezoidal-Rule,0,0,,0,no,no,no,from build logs,0,0,GNATMAKE 14.2.0,GNATMAKE 12.2.0
misc/SPARK2/Ada-SPARK-Trapping-Rain-Water,0,0,,0,no,no,no,from build logs,0,0,GNATMAKE 14.2.0,GNATMAKE 12.2.0
misc/SPARK2/Ada-SPARK-Trapping-Rain-Water-II-Lite,0,0,,0,no,no,no,from build logs,0,0,GNATMAKE 14.2.0,GNATMAKE 12.2.0
misc/SPARK2/Ada-SPARK-Triangle,0,0,,0,no,no,no,from build logs,0,0,GNATMAKE 14.2.0,GNATMAKE 12.2.0
misc/SPARK2/Ada-SPARK-Triangle-Min-Path,0,0,,0,no,no,no,from build logs,0,0,GNATMAKE 14.2.0,GNATMAKE 12.2.0
misc/SPARK2/Ada-SPARK-Tribonacci,0,0,,0,no,no,no,from build logs,0,0,GNATMAKE 14.2.0,GNATMAKE 12.2.0
misc/SPARK2/Ada-SPARK-Tribonacci-Number,0,0,,0,no,no,no,from build logs,0,0,GNATMAKE 14.2.0,GNATMAKE 12.2.0
misc/SPARK2/Ada-SPARK-Tweet-Counts-Stub,0,0,,0,no,no,no,from build logs,0,0,GNATMAKE 14.2.0,GNATMAKE 12.2.0
misc/SPARK2/Ada-SPARK-Two-City-Scheduling,0,0,,0,no,no,no,from build logs,0,0,GNATMAKE 14.2.0,GNATMAKE 12.2.0
misc/SPARK2/Ada-SPARK-Two-Pointers-Sum,0,0,,0,no,no,no,from build logs,0,0,GNATMAKE 14.2.0,GNATMAKE 12.2.0
misc/SPARK2/Ada-SPARK-Two-Sum,0,0,,0,no,no,no,from build logs,0,0,GNATMAKE 14.2.0,GNATMAKE 12.2.0
misc/SPARK2/Ada-SPARK-UTF-8-Validation,0,0,,0,no,no,no,from build logs,0,0,GNATMAKE 14.2.0,GNATMAKE 12.2.0
misc/SPARK2/Ada-SPARK-Ugly-Number,0,0,,0,no,no,no,from build logs,0,0,GNATMAKE 14.2.0,GNATMAKE 12.2.0
misc/SPARK2/Ada-SPARK-Ugly-Number-II,0,0,,0,no,no,no,from build logs,0,0,GNATMAKE 14.2.0,GNATMAKE 12.2.0
misc/SPARK2/Ada-SPARK-Uncommon-Words-From-Two-Sentences,0,0,,0,no,no,no,from build logs,0,0,GNATMAKE 14.2.0,GNATMAKE 12.2.0
misc/SPARK2/Ada-SPARK-Underground-System-Stub,0,0,,0,no,no,no,from build logs,0,0,GNATMAKE 14.2.0,GNATMAKE 12.2.0
misc/SPARK2/Ada-SPARK-Union-Find,0,0,,0,no,no,no,from build logs,0,0,GNATMAKE 14.2.0,GNATMAKE 12.2.0
misc/SPARK2/Ada-SPARK-Unique-Email-Addresses,0,0,,0,no,no,no,from build logs,0,0,GNATMAKE 14.2.0,GNATMAKE 12.2.0
misc/SPARK2/Ada-SPARK-Unique-Morse-Code-Words,0,0,,0,no,no,no,from build logs,0,0,GNATMAKE 14.2.0,GNATMAKE 12.2.0
misc/SPARK2/Ada-SPARK-Unique-Paths,0,0,,0,no,no,no,from build logs,0,0,GNATMAKE 14.2.0,GNATMAKE 12.2.0
misc/SPARK2/Ada-SPARK-Unique-Paths-II,0,0,,0,no,no,no,from build logs,0,0,GNATMAKE 14.2.0,GNATMAKE 12.2.0
misc/SPARK2/Ada-SPARK-Valid-Anagram,0,0,,0,no,no,no,from build logs,0,0,GNATMAKE 14.2.0,GNATMAKE 12.2.0
misc/SPARK2/Ada-SPARK-Valid-IP-Address-Stub,0,0,,0,no,no,no,from build logs,0,0,GNATMAKE 14.2.0,GNATMAKE 12.2.0
misc/SPARK2/Ada-SPARK-Valid-Number-Stub,0,0,,0,no,no,no,from build logs,0,0,GNATMAKE 14.2.0,GNATMAKE 12.2.0
misc/SPARK2/Ada-SPARK-Valid-Palindrome,0,0,,0,no,no,no,from build logs,0,0,GNATMAKE 14.2.0,GNATMAKE 12.2.0
misc/SPARK2/Ada-SPARK-Valid-Palindrome-II,0,0,,0,no,no,no,from build logs,0,0,GNATMAKE 14.2.0,GNATMAKE 12.2.0
misc/SPARK2/Ada-SPARK-Valid-Parentheses,0,0,,0,no,no,no,from build logs,0,0,GNATMAKE 14.2.0,GNATMAKE 12.2.0
misc/SPARK2/Ada-SPARK-Valid-Square,0,0,,0,no,no,no,from build logs,0,0,GNATMAKE 14.2.0,GNATMAKE 12.2.0
misc/SPARK2/Ada-SPARK-Valid-Sudoku-Stub,0,0,,0,no,no,no,from build logs,0,0,GNATMAKE 14.2.0,GNATMAKE 12.2.0
misc/SPARK2/Ada-SPARK-Valid-Word-Abbreviation,0,0,,0,no,no,no,from build logs,0,0,GNATMAKE 14.2.0,GNATMAKE 12.2.0
misc/SPARK2/Ada-SPARK-Validate-Stack-Sequences,0,0,,0,no,no,no,from build logs,0,0,GNATMAKE 14.2.0,GNATMAKE 12.2.0
misc/SPARK2/Ada-SPARK-Vector-2D-Stub,0,0,,0,no,no,no,from build logs,0,0,GNATMAKE 14.2.0,GNATMAKE 12.2.0
misc/SPARK2/Ada-SPARK-Vector-Dot-Cross,0,0,,0,no,no,no,from build logs,0,0,GNATMAKE 14.2.0,GNATMAKE 12.2.0
misc/SPARK2/Ada-SPARK-Water-Bottles,0,0,,0,no,no,no,from build logs,0,0,GNATMAKE 14.2.0,GNATMAKE 12.2.0
misc/SPARK2/Ada-SPARK-Wiggle-Subsequence,0,0,,0,no,no,no,from build logs,0,0,GNATMAKE 14.2.0,GNATMAKE 12.2.0
misc/SPARK2/Ada-SPARK-Wildcard-Matching-Lite,0,0,,0,no,no,no,from build logs,0,0,GNATMAKE 14.2.0,GNATMAKE 12.2.0
misc/SPARK2/Ada-SPARK-Word-Break,0,0,,0,no,no,no,from build logs,0,0,GNATMAKE 14.2.0,GNATMAKE 12.2.0
misc/SPARK2/Ada-SPARK-Word-Break-II,0,0,,0,no,no,no,from build logs,0,0,GNATMAKE 14.2.0,GNATMAKE 12.2.0
misc/SPARK2/Ada-SPARK-Word-Break-Stub,0,0,,0,no,no,no,from build logs,0,0,GNATMAKE 14.2.0,GNATMAKE 12.2.0
misc/SPARK2/Ada-SPARK-Word-Ladder-II-Lite,0,0,,0,no,no,no,from build logs,0,0,GNATMAKE 14.2.0,GNATMAKE 12.2.0
misc/SPARK2/Ada-SPARK-Word-Ladder-Lite,0,0,,0,no,no,no,from build logs,0,0,GNATMAKE 14.2.0,GNATMAKE 12.2.0
misc/SPARK2/Ada-SPARK-Word-Ladder-Stub,0,0,,0,no,no,no,from build logs,0,0,GNATMAKE 14.2.0,GNATMAKE 12.2.0
misc/SPARK2/Ada-SPARK-Word-Pattern,0,0,,0,no,no,no,from build logs,0,0,GNATMAKE 14.2.0,GNATMAKE 12.2.0
misc/SPARK2/Ada-SPARK-XOR-Of-Numbers-Range,0,0,,0,no,no,no,from build logs,0,0,GNATMAKE 14.2.0,GNATMAKE 12.2.0
misc/SPARK2/Ada-SPARK-XOR-Operation-In-An-Array,0,0,,0,no,no,no,from build logs,0,0,GNATMAKE 14.2.0,GNATMAKE 12.2.0
misc/SPARK2/Ada-SPARK-Zigzag-Iterator-Stub,0,0,,0,no,no,no,from build logs,0,0,GNATMAKE 14.2.0,GNATMAKE 12.2.0
misc/SPARK2/Pattern-132,0,0,,0,no,no,no,from build logs,0,0,GNATMAKE 14.2.0,GNATMAKE 12.2.0
misc/SPARK4/Acorn-Generator,0,0,,0,no,no,no,from build logs,0,0,GNATMAKE 14.2.0,GNATMAKE 12.2.0
misc/SPARK4/Ada-SPARK-Accumulator,0,0,,0,no,no,no,from build logs,0,0,GNATMAKE 14.2.0,GNATMAKE 12.2.0
misc/SPARK4/Ada-SPARK-Blum-Blum-Shub,0,0,,0,no,no,no,from build logs,0,0,GNATMAKE 14.2.0,GNATMAKE 12.2.0
misc/SPARK4/Ada-SPARK-Heaps-Algorithm,0,0,,0,no,no,no,from build logs,0,0,GNATMAKE 14.2.0,GNATMAKE 12.2.0
misc/SPARK4/Ada-SPARK-K-Way-Merge,0,0,,0,no,no,no,from build logs,0,0,GNATMAKE 14.2.0,GNATMAKE 12.2.0
misc/SPARK4/Ada-SPARK-Lagged-Fibonacci-Generator,0,0,,0,no,no,no,from build logs,0,0,GNATMAKE 14.2.0,GNATMAKE 12.2.0
misc/SPARK4/Ada-SPARK-Lemke-Howson,0,0,,0,no,no,no,from build logs,0,0,GNATMAKE 14.2.0,GNATMAKE 12.2.0
misc/SPARK4/Ada-SPARK-Package-Merge-Algorithm,0,0,,0,no,no,no,from build logs,0,0,GNATMAKE 14.2.0,GNATMAKE 12.2.0
misc/SPARK4/Ada-SPARK-Selection-Algorithm,0,0,,0,no,no,no,from build logs,0,0,GNATMAKE 14.2.0,GNATMAKE 12.2.0
misc/SPARK4/Ada-SPARK-Shortest-Seek-First,NA,0,,0,no,no,no,from build logs,NA,0,GNATMAKE 14.2.0,GNATMAKE 12.2.0
misc/SPARK4/demo,NA,0,,0,no,no,no,from build logs,NA,0,GNATMAKE 14.2.0,GNATMAKE 12.2.0
ml/Ada/AdaBoost,0,0,,0,no,no,no,from build logs,0,0,GNATMAKE 14.2.0,GNATMAKE 12.2.0
ml/Ada/Alopex,0,0,,1,no,no,no,from build logs,0,0,GNATMAKE 14.2.0,GNATMAKE 12.2.0
ml/Ada/Backpropagation,0,0,,0,no,no,no,from build logs,0,0,GNATMAKE 14.2.0,GNATMAKE 12.2.0
ml/Ada/Boosting-Meta-Algorithm,0,0,,0,no,no,no,from build logs,0,0,GNATMAKE 14.2.0,GNATMAKE 12.2.0
ml/Ada/BrownBoost,0,0,,0,no,no,no,from build logs,0,0,GNATMAKE 14.2.0,GNATMAKE 12.2.0
ml/Ada/Expectation-Maximization,0,0,,0,no,no,no,from build logs,0,0,GNATMAKE 14.2.0,GNATMAKE 12.2.0
ml/Ada/Forward-Backward,0,0,,1,no,no,no,from build logs,0,0,GNATMAKE 14.2.0,GNATMAKE 12.2.0
ml/Ada/Hidden-Markov-Model,0,0,,1,no,no,no,from build logs,0,0,GNATMAKE 14.2.0,GNATMAKE 12.2.0
ml/Ada/LPBoost,0,0,,0,no,no,no,from build logs,0,0,GNATMAKE 14.2.0,GNATMAKE 12.2.0
ml/Ada/LogitBoost,0,0,,0,no,no,no,from build logs,0,0,GNATMAKE 14.2.0,GNATMAKE 12.2.0
ml/Ada/Naive-Bayes-Classifier,0,0,,0,no,no,no,from build logs,0,0,GNATMAKE 14.2.0,GNATMAKE 12.2.0
ml/Ada/Neural-Network,0,0,,0,no,no,no,from build logs,0,0,GNATMAKE 14.2.0,GNATMAKE 12.2.0
ml/Ada/Perceptron,0,0,,0,no,no,no,from build logs,0,0,GNATMAKE 14.2.0,GNATMAKE 12.2.0
ml/Ada/Policy-Iteration,0,0,,0,no,no,no,from build logs,0,0,GNATMAKE 14.2.0,GNATMAKE 12.2.0
ml/Ada/Pulse-Coupled-Neural-Networks,0,0,,1,no,no,no,from build logs,0,0,GNATMAKE 14.2.0,GNATMAKE 12.2.0
ml/Ada/Q-Learning,0,0,,0,no,no,no,from build logs,0,0,GNATMAKE 14.2.0,GNATMAKE 12.2.0
ml/Ada/Random-Forest,0,0,,0,no,no,no,from build logs,0,0,GNATMAKE 14.2.0,GNATMAKE 12.2.0
ml/Ada/Reinforcement-Learning,0,0,,0,no,no,no,from build logs,0,0,GNATMAKE 14.2.0,GNATMAKE 12.2.0
ml/Ada/Support-Vector-Machine,0,0,,0,no,no,no,from build logs,0,0,GNATMAKE 14.2.0,GNATMAKE 12.2.0
ml/Ada/Value-Iteration,0,0,,0,no,no,no,from build logs,0,0,GNATMAKE 14.2.0,GNATMAKE 12.2.0
ml/Ada/Viterbi,0,0,,0,no,no,no,from build logs,0,0,GNATMAKE 14.2.0,GNATMAKE 12.2.0
ml/Ada/Winnow-Algorithm,0,0,,0,no,no,no,from build logs,0,0,GNATMAKE 14.2.0,GNATMAKE 12.2.0
ml/SPARK2/Ada-SPARK-ReLU,0,0,,0,no,no,no,from build logs,0,0,GNATMAKE 14.2.0,GNATMAKE 12.2.0
ml/SPARK2/Ada-SPARK-Softmax,0,0,,0,no,no,no,from build logs,0,0,GNATMAKE 14.2.0,GNATMAKE 12.2.0
ml/SPARK2/Linear-Regression,0,0,,0,no,no,no,from build logs,0,0,GNATMAKE 14.2.0,GNATMAKE 12.2.0
numerical/Ada/Aks-Primality-Test,0,0,,0,no,no,no,from build logs,0,0,GNATMAKE 14.2.0,GNATMAKE 12.2.0
numerical/Ada/Arnoldi,0,0,,0,no,no,no,from build logs,0,0,GNATMAKE 14.2.0,GNATMAKE 12.2.0
numerical/Ada/BBP,0,0,,0,no,no,no,from build logs,0,0,GNATMAKE 14.2.0,GNATMAKE 12.2.0
numerical/Ada/BFGS,0,0,,0,no,no,no,from build logs,0,0,GNATMAKE 14.2.0,GNATMAKE 12.2.0
numerical/Ada/BKM,0,0,,0,no,no,no,from build logs,0,0,GNATMAKE 14.2.0,GNATMAKE 12.2.0
numerical/Ada/Biconjugate-Gradient,0,0,,0,no,no,no,from build logs,0,0,GNATMAKE 14.2.0,GNATMAKE 12.2.0
numerical/Ada/Bicubic-Interpolation,0,0,,0,no,no,no,from build logs,0,0,GNATMAKE 14.2.0,GNATMAKE 12.2.0
numerical/Ada/Bilinear-Interpolation,0,0,,0,no,no,no,from build logs,0,0,GNATMAKE 14.2.0,GNATMAKE 12.2.0
numerical/Ada/Binary-GCD,0,0,,0,no,no,no,from build logs,0,0,GNATMAKE 14.2.0,GNATMAKE 12.2.0
numerical/Ada/Birkhoff-Interpolation,0,0,,0,no,no,no,from build logs,0,0,GNATMAKE 14.2.0,GNATMAKE 12.2.0
numerical/Ada/Bisection-Method,0,0,,0,no,no,no,from build logs,0,0,GNATMAKE 14.2.0,GNATMAKE 12.2.0
numerical/Ada/Bluesteins-FFT-Algorithm,0,0,,0,no,no,no,from build logs,0,0,GNATMAKE 14.2.0,GNATMAKE 12.2.0
numerical/Ada/Borwein,0,0,,0,no,no,no,from build logs,0,0,GNATMAKE 14.2.0,GNATMAKE 12.2.0
numerical/Ada/Brents-Algorithm,0,0,,0,no,no,no,from build logs,0,0,GNATMAKE 14.2.0,GNATMAKE 12.2.0
numerical/Ada/Bruuns-FFT-Algorithm,0,0,,0,no,no,no,from build logs,0,0,GNATMAKE 14.2.0,GNATMAKE 12.2.0
numerical/Ada/CORDIC,0,0,,0,no,no,no,from build logs,0,0,GNATMAKE 14.2.0,GNATMAKE 12.2.0
numerical/Ada/Cantor-Zassenhaus,0,0,,0,no,no,no,from build logs,0,0,GNATMAKE 14.2.0,GNATMAKE 12.2.0
numerical/Ada/Chakravala,0,0,,0,no,no,no,from build logs,0,0,GNATMAKE 14.2.0,GNATMAKE 12.2.0
numerical/Ada/Chudnovsky,0,0,,0,no,no,no,from build logs,0,0,GNATMAKE 14.2.0,GNATMAKE 12.2.0
numerical/Ada/Cipolla,0,0,,0,no,no,no,from build logs,0,0,GNATMAKE 14.2.0,GNATMAKE 12.2.0
numerical/Ada/Conjugate-Gradient,0,0,,0,no,no,no,from build logs,0,0,GNATMAKE 14.2.0,GNATMAKE 12.2.0
numerical/Ada/Cooley-Tukey-FFT-Algorithm,0,0,,0,no,no,no,from build logs,0,0,GNATMAKE 14.2.0,GNATMAKE 12.2.0
numerical/Ada/Cubic-Interpolation,0,0,,0,no,no,no,from build logs,0,0,GNATMAKE 14.2.0,GNATMAKE 12.2.0
numerical/Ada/Dixon,0,0,,0,no,no,no,from build logs,0,0,GNATMAKE 14.2.0,GNATMAKE 12.2.0
numerical/Ada/Euclidean-Algorithm,0,0,,0,no,no,no,from build logs,0,0,GNATMAKE 14.2.0,GNATMAKE 12.2.0
numerical/Ada/Extended-Euclidean-Algorithm,0,0,,0,no,no,no,from build logs,0,0,GNATMAKE 14.2.0,GNATMAKE 12.2.0
numerical/Ada/Fast-Fourier-Transform,0,0,,0,no,no,no,from build logs,0,0,GNATMAKE 14.2.0,GNATMAKE 12.2.0
numerical/Ada/Fermat-Primality-Test,0,0,,0,no,no,no,from build logs,0,0,GNATMAKE 14.2.0,GNATMAKE 12.2.0
numerical/Ada/Furer,0,0,,0,no,no,no,from build logs,0,0,GNATMAKE 14.2.0,GNATMAKE 12.2.0
numerical/Ada/Gauss-Legendre,0,0,,0,no,no,no,from build logs,0,0,GNATMAKE 14.2.0,GNATMAKE 12.2.0
numerical/Ada/Gauss-Newton,0,0,,0,no,no,no,from build logs,0,0,GNATMAKE 14.2.0,GNATMAKE 12.2.0
numerical/Ada/General-Number-Field-Sieve,0,0,,0,no,no,no,from build logs,0,0,GNATMAKE 14.2.0,GNATMAKE 12.2.0
numerical/Ada/Gradient-Descent,0,0,,0,no,no,no,from build logs,0,0,GNATMAKE 14.2.0,GNATMAKE 12.2.0
numerical/Ada/Hermite-Interpolation,0,0,,0,no,no,no,from build logs,0,0,GNATMAKE 14.2.0,GNATMAKE 12.2.0
numerical/Ada/Hybrid-Monte-Carlo,0,0,,0,no,no,no,from build logs,0,0,GNATMAKE 14.2.0,GNATMAKE 12.2.0
numerical/Ada/Interior-Point-Method,0,0,,0,no,no,no,from build logs,0,0,GNATMAKE 14.2.0,GNATMAKE 12.2.0
numerical/Ada/Karatsuba,0,0,,0,no,no,no,from build logs,0,0,GNATMAKE 14.2.0,GNATMAKE 12.2.0
numerical/Ada/Lagrange-Interpolation,0,0,,0,no,no,no,from build logs,0,0,GNATMAKE 14.2.0,GNATMAKE 12.2.0
numerical/Ada/Lanczos,0,0,,0,no,no,no,from build logs,0,0,GNATMAKE 14.2.0,GNATMAKE 12.2.0
numerical/Ada/Lanczos-Resampling,0,0,,0,no,no,no,from build logs,0,0,GNATMAKE 14.2.0,GNATMAKE 12.2.0
numerical/Ada/Levenberg-Marquardt,0,0,,0,no,no,no,from build logs,0,0,GNATMAKE 14.2.0,GNATMAKE 12.2.0
numerical/Ada/Linear-Congruential-Generator,0,0,,0,no,no,no,from build logs,0,0,GNATMAKE 14.2.0,GNATMAKE 12.2.0
numerical/Ada/Linear-Interpolation,0,0,,0,no,no,no,from build logs,0,0,GNATMAKE 14.2.0,GNATMAKE 12.2.0
numerical/Ada/Lucas-Primality-Test,0,0,,0,no,no,no,from build logs,0,0,GNATMAKE 14.2.0,GNATMAKE 12.2.0
numerical/Ada/MISER,0,0,,0,no,no,no,from build logs,0,0,GNATMAKE 14.2.0,GNATMAKE 12.2.0
numerical/Ada/Mersenne-Twister,0,0,,0,no,no,no,from build logs,0,0,GNATMAKE 14.2.0,GNATMAKE 12.2.0
numerical/Ada/Metropolis-Hastings,0,0,,0,no,no,no,from build logs,0,0,GNATMAKE 14.2.0,GNATMAKE 12.2.0
numerical/Ada/Metropolis-Light-Transport,0,0,,1,no,no,no,from build logs,0,0,GNATMAKE 14.2.0,GNATMAKE 12.2.0
numerical/Ada/Miller-Rabin,0,0,,0,no,no,no,from build logs,0,0,GNATMAKE 14.2.0,GNATMAKE 12.2.0
numerical/Ada/Monotone-Cubic-Interpolation,0,0,,0,no,no,no,from build logs,0,0,GNATMAKE 14.2.0,GNATMAKE 12.2.0
numerical/Ada/Multivariate-Interpolation,0,0,,0,no,no,no,from build logs,0,0,GNATMAKE 14.2.0,GNATMAKE 12.2.0
numerical/Ada/Nearest-Neighbor-Interpolation,0,0,,0,no,no,no,from build logs,0,0,GNATMAKE 14.2.0,GNATMAKE 12.2.0
numerical/Ada/Neville,0,0,,0,no,no,no,from build logs,0,0,GNATMAKE 14.2.0,GNATMAKE 12.2.0
numerical/Ada/Newells-Algorithm,0,0,,0,no,no,no,from build logs,0,0,GNATMAKE 14.2.0,GNATMAKE 12.2.0
numerical/Ada/Newton-Raphson-Division,0,0,,0,no,no,no,from build logs,0,0,GNATMAKE 14.2.0,GNATMAKE 12.2.0
numerical/Ada/Pareto-Interpolation,0,0,,0,no,no,no,from build logs,0,0,GNATMAKE 14.2.0,GNATMAKE 12.2.0
numerical/Ada/Partial-Least-Squares,0,0,,1,no,no,no,from build logs,0,0,GNATMAKE 14.2.0,GNATMAKE 12.2.0
numerical/Ada/Pollards-Kangaroo-Algorithm,0,0,,0,no,no,no,from build logs,0,0,GNATMAKE 14.2.0,GNATMAKE 12.2.0
numerical/Ada/Pollards-P-1,0,0,,0,no,no,no,from build logs,0,0,GNATMAKE 14.2.0,GNATMAKE 12.2.0
numerical/Ada/Pollards-Rho,0,0,,0,no,no,no,from build logs,0,0,GNATMAKE 14.2.0,GNATMAKE 12.2.0
numerical/Ada/Pollards-Rho-Logarithms,0,0,,0,no,no,no,from build logs,0,0,GNATMAKE 14.2.0,GNATMAKE 12.2.0
numerical/Ada/Polynomial-Interpolation,0,0,,0,no,no,no,from build logs,0,0,GNATMAKE 14.2.0,GNATMAKE 12.2.0
numerical/Ada/Primality-Test,0,0,,1,no,no,no,from build logs,0,0,GNATMAKE 14.2.0,GNATMAKE 12.2.0
numerical/Ada/Prime-Factor-FFT-Algorithm,0,0,,0,no,no,no,from build logs,0,0,GNATMAKE 14.2.0,GNATMAKE 12.2.0
numerical/Ada/Prime-Factorization,0,0,,1,no,no,no,from build logs,0,0,GNATMAKE 14.2.0,GNATMAKE 12.2.0
numerical/Ada/Quadratic-Sieve,0,0,,0,no,no,no,from build logs,0,0,GNATMAKE 14.2.0,GNATMAKE 12.2.0
numerical/Ada/Raders-FFT-Algorithm,0,0,,0,no,no,no,from build logs,0,0,GNATMAKE 14.2.0,GNATMAKE 12.2.0
numerical/Ada/Runge-Kutta,0,0,,0,no,no,no,from build logs,0,0,GNATMAKE 14.2.0,GNATMAKE 12.2.0
numerical/Ada/Secant-Method,0,0,,0,no,no,no,from build logs,0,0,GNATMAKE 14.2.0,GNATMAKE 12.2.0
numerical/Ada/Sieve-Of-Atkin,0,0,,0,no,no,no,from build logs,0,0,GNATMAKE 14.2.0,GNATMAKE 12.2.0
numerical/Ada/Sieve-Of-Eratosthenes,0,0,,0,no,no,no,from build logs,0,0,GNATMAKE 14.2.0,GNATMAKE 12.2.0
numerical/Ada/Sieve-Of-Sundaram,0,0,,0,no,no,no,from build logs,0,0,GNATMAKE 14.2.0,GNATMAKE 12.2.0
numerical/Ada/Special-Number-Field-Sieve,0,0,,0,no,no,no,from build logs,0,0,GNATMAKE 14.2.0,GNATMAKE 12.2.0
numerical/Ada/Spline-Interpolation,0,0,,0,no,no,no,from build logs,0,0,GNATMAKE 14.2.0,GNATMAKE 12.2.0
numerical/Ada/Tonelli-Shanks,0,0,,0,no,no,no,from build logs,0,0,GNATMAKE 14.2.0,GNATMAKE 12.2.0
numerical/Ada/Tricubic-Interpolation,0,0,,0,no,no,no,from build logs,0,0,GNATMAKE 14.2.0,GNATMAKE 12.2.0
numerical/Ada/Trigonometric-Interpolation,0,0,,0,no,no,no,from build logs,0,0,GNATMAKE 14.2.0,GNATMAKE 12.2.0
numerical/Ada/Ziggurat-Algorithm,0,0,,0,no,no,no,from build logs,0,0,GNATMAKE 14.2.0,GNATMAKE 12.2.0
numerical/SPARK2/Ada-SPARK-Bisection-Method,0,0,,0,no,no,no,from build logs,0,0,GNATMAKE 14.2.0,GNATMAKE 12.2.0
numerical/SPARK2/Ada-SPARK-Chebyshev-Distance,0,0,,0,no,no,no,from build logs,0,0,GNATMAKE 14.2.0,GNATMAKE 12.2.0
numerical/SPARK2/Ada-SPARK-Cooley-Tukey-FFT,0,0,,0,no,no,no,from build logs,0,0,GNATMAKE 14.2.0,GNATMAKE 12.2.0
numerical/SPARK2/Ada-SPARK-Count-Primes,0,0,,0,no,no,no,from build logs,0,0,GNATMAKE 14.2.0,GNATMAKE 12.2.0
numerical/SPARK2/Ada-SPARK-Count-Primes-Stub,0,0,,0,no,no,no,from build logs,0,0,GNATMAKE 14.2.0,GNATMAKE 12.2.0
numerical/SPARK2/Ada-SPARK-Extended-Euclidean,0,0,,0,no,no,no,from build logs,0,0,GNATMAKE 14.2.0,GNATMAKE 12.2.0
numerical/SPARK2/Ada-SPARK-Lagrange-Interpolation,0,0,,0,no,no,no,from build logs,0,0,GNATMAKE 14.2.0,GNATMAKE 12.2.0
numerical/SPARK2/Ada-SPARK-Maximum-Performance-Of-A-Team-Lite,0,0,,0,no,no,no,from build logs,0,0,GNATMAKE 14.2.0,GNATMAKE 12.2.0
numerical/SPARK2/Ada-SPARK-Minimum-Limit-Of-Balls-In-A-Bag,0,0,,0,no,no,no,from build logs,0,0,GNATMAKE 14.2.0,GNATMAKE 12.2.0
numerical/SPARK2/Ada-SPARK-Modular-Exponentiation,0,0,,0,no,no,no,from build logs,0,0,GNATMAKE 14.2.0,GNATMAKE 12.2.0
numerical/SPARK2/Ada-SPARK-Newton-Raphson,0,0,,0,no,no,no,from build logs,0,0,GNATMAKE 14.2.0,GNATMAKE 12.2.0
numerical/SPARK2/Ada-SPARK-Perfect-Number,0,0,,0,no,no,no,from build logs,0,0,GNATMAKE 14.2.0,GNATMAKE 12.2.0
numerical/SPARK2/Ada-SPARK-Perfect-Squares,0,0,,0,no,no,no,from build logs,0,0,GNATMAKE 14.2.0,GNATMAKE 12.2.0
numerical/SPARK2/Ada-SPARK-Prime-Check,0,0,,0,no,no,no,from build logs,0,0,GNATMAKE 14.2.0,GNATMAKE 12.2.0
numerical/SPARK2/Ada-SPARK-Prime-Number-Of-Set-Bits,0,0,,0,no,no,no,from build logs,0,0,GNATMAKE 14.2.0,GNATMAKE 12.2.0
numerical/SPARK2/Ada-SPARK-Prime-Number-Of-Set-Bits-In-Binary-Representation,0,0,,0,no,no,no,from build logs,0,0,GNATMAKE 14.2.0,GNATMAKE 12.2.0
numerical/SPARK2/Ada-SPARK-Secant-Method,0,0,,0,no,no,no,from build logs,0,0,GNATMAKE 14.2.0,GNATMAKE 12.2.0
numerical/SPARK2/Ada-SPARK-Sieve-Of-Eratosthenes,0,0,,0,no,no,no,from build logs,0,0,GNATMAKE 14.2.0,GNATMAKE 12.2.0
numerical/SPARK2/Ada-SPARK-Simpson-Rule,0,0,,0,no,no,no,from build logs,0,0,GNATMAKE 14.2.0,GNATMAKE 12.2.0
numerical/SPARK2/Ada-SPARK-Successful-Pairs-Of-Spells-And-Potions,0,0,,0,no,no,no,from build logs,0,0,GNATMAKE 14.2.0,GNATMAKE 12.2.0
numerical/SPARK2/Ada-SPARK-Valid-Perfect-Square,0,0,,0,no,no,no,from build logs,0,0,GNATMAKE 14.2.0,GNATMAKE 12.2.0
numerical/SPARK2/Ada-SPARK-Walls-And-Gates,0,0,,0,no,no,no,from build logs,0,0,GNATMAKE 14.2.0,GNATMAKE 12.2.0
numerical/SPARK2/Babylonian-Sqrt,0,0,,0,no,no,no,from build logs,0,0,GNATMAKE 14.2.0,GNATMAKE 12.2.0
numerical/SPARK4/Ada-SPARK-Brents-Algorithm,0,0,,0,no,no,no,from build logs,0,0,GNATMAKE 14.2.0,GNATMAKE 12.2.0
numerical/SPARK4/Ada-SPARK-Euclidean-Algorithm,0,0,,0,no,no,no,from build logs,0,0,GNATMAKE 14.2.0,GNATMAKE 12.2.0
numerical/SPARK4/Ada-SPARK-Extended-Euclidean-Algorithm,0,0,,0,no,no,no,from build logs,0,0,GNATMAKE 14.2.0,GNATMAKE 12.2.0
numerical/SPARK4/Ada-SPARK-Linear-Congruential-Generator,0,0,,0,no,no,no,from build logs,0,0,GNATMAKE 14.2.0,GNATMAKE 12.2.0
numerical/SPARK4/Ada-SPARK-Mersenne-Twister,0,0,,0,no,no,no,from build logs,0,0,GNATMAKE 14.2.0,GNATMAKE 12.2.0
numerical/SPARK4/Ada-SPARK-Modular-Arithmetic,0,0,,0,no,no,no,from build logs,0,0,GNATMAKE 14.2.0,GNATMAKE 12.2.0
numerical/SPARK4/Binary-Gcd,0,0,,0,no,no,no,from build logs,0,0,GNATMAKE 14.2.0,GNATMAKE 12.2.0
parsing/Ada/Canonical-LR-Parser,0,0,,0,no,no,no,from build logs,0,0,GNATMAKE 14.2.0,GNATMAKE 12.2.0
parsing/Ada/Cyk-Algorithm,0,0,,0,no,no,no,from build logs,0,0,GNATMAKE 14.2.0,GNATMAKE 12.2.0
parsing/Ada/GLR-Parser,0,0,,0,no,no,no,from build logs,0,0,GNATMAKE 14.2.0,GNATMAKE 12.2.0
parsing/Ada/LALR,0,0,,0,no,no,no,from build logs,0,0,GNATMAKE 14.2.0,GNATMAKE 12.2.0
parsing/Ada/LL-Parser,0,0,,0,no,no,no,from build logs,0,0,GNATMAKE 14.2.0,GNATMAKE 12.2.0
parsing/Ada/LR-Parser,0,0,,0,no,no,no,from build logs,0,0,GNATMAKE 14.2.0,GNATMAKE 12.2.0
parsing/Ada/Operator-Precedence-Parser,0,0,,0,no,no,no,from build logs,0,0,GNATMAKE 14.2.0,GNATMAKE 12.2.0
parsing/Ada/Packrat-Parser,0,0,,1,no,no,no,from build logs,0,0,GNATMAKE 14.2.0,GNATMAKE 12.2.0
parsing/Ada/Pratt-Parser,0,0,,0,no,no,no,from build logs,0,0,GNATMAKE 14.2.0,GNATMAKE 12.2.0
parsing/Ada/Recursive-Descent-Parser,0,0,,0,no,no,no,from build logs,0,0,GNATMAKE 14.2.0,GNATMAKE 12.2.0
parsing/Ada/Shunting-Yard-Algorithm,0,0,,0,no,no,no,from build logs,0,0,GNATMAKE 14.2.0,GNATMAKE 12.2.0
parsing/Ada/Simple-LR-Parser,0,0,,0,no,no,no,from build logs,0,0,GNATMAKE 14.2.0,GNATMAKE 12.2.0
parsing/Ada/Simple-Precdence-Parser,0,0,,0,no,no,no,from build logs,0,0,GNATMAKE 14.2.0,GNATMAKE 12.2.0
parsing/Ada/Simplex-Algorithm,0,0,,0,no,no,no,from build logs,0,0,GNATMAKE 14.2.0,GNATMAKE 12.2.0
parsing/Ada/Step-Parser,0,0,,0,no,no,no,from build logs,0,0,GNATMAKE 14.2.0,GNATMAKE 12.2.0
parsing/SPARK2/Ada-SPARK-Sparse-Set,0,0,,0,no,no,no,from build logs,0,0,GNATMAKE 14.2.0,GNATMAKE 12.2.0
parsing/SPARK2/Ada-SPARK-Sparse-Vector-Dot-Stub,0,0,,0,no,no,no,from build logs,0,0,GNATMAKE 14.2.0,GNATMAKE 12.2.0
parsing/SPARK2/Sparse-Dot,0,0,,0,no,no,no,from build logs,0,0,GNATMAKE 14.2.0,GNATMAKE 12.2.0
searching/Ada/Beam-Search,0,0,,0,no,no,no,from build logs,0,0,GNATMAKE 14.2.0,GNATMAKE 12.2.0
searching/Ada/Best-First-Search,0,0,,0,no,no,no,from build logs,0,0,GNATMAKE 14.2.0,GNATMAKE 12.2.0
searching/Ada/Bidirectional-Search,0,0,,0,no,no,no,from build logs,0,0,GNATMAKE 14.2.0,GNATMAKE 12.2.0
searching/Ada/Binary-Search,0,0,,0,no,no,no,from build logs,0,0,GNATMAKE 14.2.0,GNATMAKE 12.2.0
searching/Ada/Breadth-First-Search,0,0,,0,no,no,no,from build logs,0,0,GNATMAKE 14.2.0,GNATMAKE 12.2.0
searching/Ada/Brute-Force-Search,0,0,,0,no,no,no,from build logs,0,0,GNATMAKE 14.2.0,GNATMAKE 12.2.0
searching/Ada/Chien-Search,0,0,,0,no,no,no,from build logs,0,0,GNATMAKE 14.2.0,GNATMAKE 12.2.0
searching/Ada/Depth-First-Search,0,0,,0,no,no,no,from build logs,0,0,GNATMAKE 14.2.0,GNATMAKE 12.2.0
searching/Ada/Eytzinger-Binary-Search,0,0,,0,no,no,no,from build logs,0,0,GNATMAKE 14.2.0,GNATMAKE 12.2.0
searching/Ada/Fibonacci-Search,0,0,,0,no,no,no,from build logs,0,0,GNATMAKE 14.2.0,GNATMAKE 12.2.0
searching/Ada/Golden-Section-Search,0,0,,0,no,no,no,from build logs,0,0,GNATMAKE 14.2.0,GNATMAKE 12.2.0
searching/Ada/Grid-Search,0,0,,0,no,no,no,from build logs,0,0,GNATMAKE 14.2.0,GNATMAKE 12.2.0
searching/Ada/Harmony-Search,0,0,,0,no,no,no,from build logs,0,0,GNATMAKE 14.2.0,GNATMAKE 12.2.0
searching/Ada/Hyperlink-Induced-Topic-Search,0,0,,0,no,no,no,from build logs,0,0,GNATMAKE 14.2.0,GNATMAKE 12.2.0
searching/Ada/Interpolation-Search,0,0,,0,no,no,no,from build logs,0,0,GNATMAKE 14.2.0,GNATMAKE 12.2.0
searching/Ada/Introselect,0,0,,0,no,no,no,from build logs,0,0,GNATMAKE 14.2.0,GNATMAKE 12.2.0
searching/Ada/Iterative-Deepening-Depth-First-Search,0,0,,0,no,no,no,from build logs,0,0,GNATMAKE 14.2.0,GNATMAKE 12.2.0
searching/Ada/Jump-Point-Search,0,0,,0,no,no,no,from build logs,0,0,GNATMAKE 14.2.0,GNATMAKE 12.2.0
searching/Ada/Jump-Search,0,0,,0,no,no,no,from build logs,0,0,GNATMAKE 14.2.0,GNATMAKE 12.2.0
searching/Ada/Lexicographic-Breadth-First-Search,0,0,,0,no,no,no,from build logs,0,0,GNATMAKE 14.2.0,GNATMAKE 12.2.0
searching/Ada/Line-Search,0,0,,0,no,no,no,from build logs,0,0,GNATMAKE 14.2.0,GNATMAKE 12.2.0
searching/Ada/Linear-Search,0,0,,0,no,no,no,from build logs,0,0,GNATMAKE 14.2.0,GNATMAKE 12.2.0
searching/Ada/Local-Search,0,0,,0,no,no,no,from build logs,0,0,GNATMAKE 14.2.0,GNATMAKE 12.2.0
searching/Ada/Monte-Carlo-Tree-Search,0,0,,0,no,no,no,from build logs,0,0,GNATMAKE 14.2.0,GNATMAKE 12.2.0
searching/Ada/Nearest-Neighbor-Search,0,0,,2,no,no,no,from build logs,0,0,GNATMAKE 14.2.0,GNATMAKE 12.2.0
searching/Ada/Quantum-Walk-Search,0,0,,0,no,no,no,from build logs,0,0,GNATMAKE 14.2.0,GNATMAKE 12.2.0
searching/Ada/Quickselect,0,0,,0,no,no,no,from build logs,0,0,GNATMAKE 14.2.0,GNATMAKE 12.2.0
searching/Ada/Random-Search,0,0,,0,no,no,no,from build logs,0,0,GNATMAKE 14.2.0,GNATMAKE 12.2.0
searching/Ada/Substring-Search,0,0,,0,no,no,no,from build logs,0,0,GNATMAKE 14.2.0,GNATMAKE 12.2.0
searching/Ada/Tabu-Search,0,0,,0,no,no,no,from build logs,0,0,GNATMAKE 14.2.0,GNATMAKE 12.2.0
searching/Ada/Ternary-Search,0,0,,1,no,no,no,from build logs,0,0,GNATMAKE 14.2.0,GNATMAKE 12.2.0
searching/Ada/Trigram-Search,0,0,,0,no,no,no,from build logs,0,0,GNATMAKE 14.2.0,GNATMAKE 12.2.0
searching/Ada/Uniform-Binary-Search,0,0,,0,no,no,no,from build logs,0,0,GNATMAKE 14.2.0,GNATMAKE 12.2.0
searching/Ada/Uniform-Cost-Search,0,0,,0,no,no,no,from build logs,0,0,GNATMAKE 14.2.0,GNATMAKE 12.2.0
searching/SPARK2/Ada-SPARK-Binary-Search-Lower-Bound,0,0,,0,no,no,no,from build logs,0,0,GNATMAKE 14.2.0,GNATMAKE 12.2.0
searching/SPARK2/Ada-SPARK-Binary-Search-Upper-Bound,0,0,,0,no,no,no,from build logs,0,0,GNATMAKE 14.2.0,GNATMAKE 12.2.0
searching/SPARK2/Ada-SPARK-Design-Add-And-Search-Words,0,0,,0,no,no,no,from build logs,0,0,GNATMAKE 14.2.0,GNATMAKE 12.2.0
searching/SPARK2/Ada-SPARK-Exponential-Search,0,0,,0,no,no,no,from build logs,0,0,GNATMAKE 14.2.0,GNATMAKE 12.2.0
searching/SPARK2/Ada-SPARK-Increasing-Order-Search-Tree,0,0,,0,no,no,no,from build logs,0,0,GNATMAKE 14.2.0,GNATMAKE 12.2.0
searching/SPARK2/Ada-SPARK-Insert-Into-A-Binary-Search-Tree,0,0,,0,no,no,no,from build logs,0,0,GNATMAKE 14.2.0,GNATMAKE 12.2.0
searching/SPARK2/Ada-SPARK-Naive-String-Search,0,0,,0,no,no,no,from build logs,0,0,GNATMAKE 14.2.0,GNATMAKE 12.2.0
searching/SPARK2/Ada-SPARK-Search-2D-Matrix,0,0,,0,no,no,no,from build logs,0,0,GNATMAKE 14.2.0,GNATMAKE 12.2.0
searching/SPARK2/Ada-SPARK-Search-A-2D-Matrix,0,0,,0,no,no,no,from build logs,0,0,GNATMAKE 14.2.0,GNATMAKE 12.2.0
searching/SPARK2/Ada-SPARK-Search-A-2D-Matrix-II,0,0,,0,no,no,no,from build logs,0,0,GNATMAKE 14.2.0,GNATMAKE 12.2.0
searching/SPARK2/Ada-SPARK-Search-In-A-Binary-Search-Tree,0,0,,0,no,no,no,from build logs,0,0,GNATMAKE 14.2.0,GNATMAKE 12.2.0
searching/SPARK2/Ada-SPARK-Search-Insert-Position,0,0,,0,no,no,no,from build logs,0,0,GNATMAKE 14.2.0,GNATMAKE 12.2.0
searching/SPARK2/Ada-SPARK-Trigram-Search,0,0,,0,no,no,no,from build logs,0,0,GNATMAKE 14.2.0,GNATMAKE 12.2.0
searching/SPARK2/Ada-SPARK-Trim-A-Binary-Search-Tree,0,0,,0,no,no,no,from build logs,0,0,GNATMAKE 14.2.0,GNATMAKE 12.2.0
searching/SPARK2/Ada-SPARK-Unique-Binary-Search-Trees,0,0,,0,no,no,no,from build logs,0,0,GNATMAKE 14.2.0,GNATMAKE 12.2.0
searching/SPARK2/Ada-SPARK-Unique-Binary-Search-Trees-II-Lite,0,0,,0,no,no,no,from build logs,0,0,GNATMAKE 14.2.0,GNATMAKE 12.2.0
searching/SPARK2/Ada-SPARK-Validate-Binary-Search-Tree,0,0,,0,no,no,no,from build logs,0,0,GNATMAKE 14.2.0,GNATMAKE 12.2.0
searching/SPARK2/Ada-SPARK-Word-Search,0,0,,0,no,no,no,from build logs,0,0,GNATMAKE 14.2.0,GNATMAKE 12.2.0
searching/SPARK2/Ada-SPARK-Word-Search-II-Lite,0,0,,0,no,no,no,from build logs,0,0,GNATMAKE 14.2.0,GNATMAKE 12.2.0
searching/SPARK2/Bst-Insert-Search,0,0,,0,no,no,no,from build logs,0,0,GNATMAKE 14.2.0,GNATMAKE 12.2.0
searching/SPARK4/Ada-SPARK-Binary-Search,0,0,,0,no,no,no,from build logs,0,0,GNATMAKE 14.2.0,GNATMAKE 12.2.0
searching/SPARK4/Ada-SPARK-Fibonacci-Search,0,0,,0,no,no,no,from build logs,0,0,GNATMAKE 14.2.0,GNATMAKE 12.2.0
searching/SPARK4/Ada-SPARK-Interpolation-Search,0,0,,0,no,no,no,from build logs,0,0,GNATMAKE 14.2.0,GNATMAKE 12.2.0
searching/SPARK4/Ada-SPARK-Introselect,0,0,,0,no,no,no,from build logs,0,0,GNATMAKE 14.2.0,GNATMAKE 12.2.0
searching/SPARK4/Ada-SPARK-Jump-Search,0,0,,0,no,no,no,from build logs,0,0,GNATMAKE 14.2.0,GNATMAKE 12.2.0
searching/SPARK4/Ada-SPARK-Linear-Search,0,0,,0,no,no,no,from build logs,0,0,GNATMAKE 14.2.0,GNATMAKE 12.2.0
searching/SPARK4/Ada-SPARK-Quickselect,0,0,,0,no,no,no,from build logs,0,0,GNATMAKE 14.2.0,GNATMAKE 12.2.0
searching/SPARK4/Ada-SPARK-Ternary-Search,0,0,,0,no,no,no,from build logs,0,0,GNATMAKE 14.2.0,GNATMAKE 12.2.0
searching/SPARK4/Ada-SPARK-Uniform-Cost-Search,0,0,,0,no,no,no,from build logs,0,0,GNATMAKE 14.2.0,GNATMAKE 12.2.0
searching/SPARK4/Best-First-Search,0,0,,0,no,no,no,from build logs,0,0,GNATMAKE 14.2.0,GNATMAKE 12.2.0
sorting/Ada/Bead-Sort,0,0,,0,no,no,no,from build logs,0,0,GNATMAKE 14.2.0,GNATMAKE 12.2.0
sorting/Ada/Bitonic-Sorter,0,0,,0,no,no,no,from build logs,0,0,GNATMAKE 14.2.0,GNATMAKE 12.2.0
sorting/Ada/Bogosort,0,0,,0,no,no,no,from build logs,0,0,GNATMAKE 14.2.0,GNATMAKE 12.2.0
sorting/Ada/Bubble-Sort,0,0,,0,no,no,no,from build logs,0,0,GNATMAKE 14.2.0,GNATMAKE 12.2.0
sorting/Ada/Bucket-Sort,0,0,,0,no,no,no,from build logs,0,0,GNATMAKE 14.2.0,GNATMAKE 12.2.0
sorting/Ada/Burstsort,0,0,,0,no,no,no,from build logs,0,0,GNATMAKE 14.2.0,GNATMAKE 12.2.0
sorting/Ada/Cocktail-Shaker-Sort,0,0,,0,no,no,no,from build logs,0,0,GNATMAKE 14.2.0,GNATMAKE 12.2.0
sorting/Ada/Comb-Sort,0,0,,0,no,no,no,from build logs,0,0,GNATMAKE 14.2.0,GNATMAKE 12.2.0
sorting/Ada/Counting-Sort,0,0,,0,no,no,no,from build logs,0,0,GNATMAKE 14.2.0,GNATMAKE 12.2.0
sorting/Ada/Cycle-Sort,0,0,,0,no,no,no,from build logs,0,0,GNATMAKE 14.2.0,GNATMAKE 12.2.0
sorting/Ada/Flashsort,0,0,,0,no,no,no,from build logs,0,0,GNATMAKE 14.2.0,GNATMAKE 12.2.0
sorting/Ada/Gnome-Sort,0,0,,0,no,no,no,from build logs,0,0,GNATMAKE 14.2.0,GNATMAKE 12.2.0
sorting/Ada/Heapsort,0,0,,0,no,no,no,from build logs,0,0,GNATMAKE 14.2.0,GNATMAKE 12.2.0
sorting/Ada/Insertion-Sort,0,0,,0,no,no,no,from build logs,0,0,GNATMAKE 14.2.0,GNATMAKE 12.2.0
sorting/Ada/Introsort,0,0,,0,no,no,no,from build logs,0,0,GNATMAKE 14.2.0,GNATMAKE 12.2.0
sorting/Ada/Library-Sort,0,0,,0,no,no,no,from build logs,0,0,GNATMAKE 14.2.0,GNATMAKE 12.2.0
sorting/Ada/Merge-Sort,0,0,,0,no,no,no,from build logs,0,0,GNATMAKE 14.2.0,GNATMAKE 12.2.0
sorting/Ada/Odd-Even-Sort,0,0,,0,no,no,no,from build logs,0,0,GNATMAKE 14.2.0,GNATMAKE 12.2.0
sorting/Ada/Pancake-Sorting,0,0,,0,no,no,no,from build logs,0,0,GNATMAKE 14.2.0,GNATMAKE 12.2.0
sorting/Ada/Patience-Sorting,0,0,,0,no,no,no,from build logs,0,0,GNATMAKE 14.2.0,GNATMAKE 12.2.0
sorting/Ada/Pigeonhole-Sort,0,0,,0,no,no,no,from build logs,0,0,GNATMAKE 14.2.0,GNATMAKE 12.2.0
sorting/Ada/Postman-Sort,0,0,,0,no,no,no,from build logs,0,0,GNATMAKE 14.2.0,GNATMAKE 12.2.0
sorting/Ada/Quantum-Sort,0,0,,0,no,no,no,from build logs,0,0,GNATMAKE 14.2.0,GNATMAKE 12.2.0
sorting/Ada/Quicksort,0,0,,0,no,no,no,from build logs,0,0,GNATMAKE 14.2.0,GNATMAKE 12.2.0
sorting/Ada/Radix-Sort,0,0,,0,no,no,no,from build logs,0,0,GNATMAKE 14.2.0,GNATMAKE 12.2.0
sorting/Ada/Samplesort,0,0,,0,no,no,no,from build logs,0,0,GNATMAKE 14.2.0,GNATMAKE 12.2.0
sorting/Ada/Selection-Sort,0,0,,0,no,no,no,from build logs,0,0,GNATMAKE 14.2.0,GNATMAKE 12.2.0
sorting/Ada/Shell-Sort,0,0,,0,no,no,no,from build logs,0,0,GNATMAKE 14.2.0,GNATMAKE 12.2.0
sorting/Ada/Slowsort,0,0,,0,no,no,no,from build logs,0,0,GNATMAKE 14.2.0,GNATMAKE 12.2.0
sorting/Ada/Smoothsort,0,0,,0,no,no,no,from build logs,0,0,GNATMAKE 14.2.0,GNATMAKE 12.2.0
sorting/Ada/Sort-Merge-Join,0,0,,0,no,no,no,from build logs,0,0,GNATMAKE 14.2.0,GNATMAKE 12.2.0
sorting/Ada/Sorted-List,0,0,,0,no,no,no,from build logs,0,0,GNATMAKE 14.2.0,GNATMAKE 12.2.0
sorting/Ada/Spaghetti-Sort,0,0,,0,no,no,no,from build logs,0,0,GNATMAKE 14.2.0,GNATMAKE 12.2.0
sorting/Ada/Stooge-Sort,0,0,,0,no,no,no,from build logs,0,0,GNATMAKE 14.2.0,GNATMAKE 12.2.0
sorting/Ada/Strand-Sort,0,0,,0,no,no,no,from build logs,0,0,GNATMAKE 14.2.0,GNATMAKE 12.2.0
sorting/Ada/Timsort,0,0,,0,no,no,no,from build logs,0,0,GNATMAKE 14.2.0,GNATMAKE 12.2.0
sorting/Ada/Topological-Sort,0,0,,0,no,no,no,from build logs,0,0,GNATMAKE 14.2.0,GNATMAKE 12.2.0
sorting/Ada/Tournament-Selection,0,0,,0,no,no,no,from build logs,0,0,GNATMAKE 14.2.0,GNATMAKE 12.2.0
sorting/Ada/Tree-Sort,0,0,,0,no,no,no,from build logs,0,0,GNATMAKE 14.2.0,GNATMAKE 12.2.0
sorting/SPARK2/Ada-SPARK-Bitonic-Sort,0,0,,0,no,no,no,from build logs,0,0,GNATMAKE 14.2.0,GNATMAKE 12.2.0
sorting/SPARK2/Ada-SPARK-Block-Sort,0,0,,0,no,no,no,from build logs,0,0,GNATMAKE 14.2.0,GNATMAKE 12.2.0
sorting/SPARK2/Ada-SPARK-Circle-Sort,0,0,,0,no,no,no,from build logs,0,0,GNATMAKE 14.2.0,GNATMAKE 12.2.0
sorting/SPARK2/Ada-SPARK-Cocktail-Sort,0,0,,0,no,no,no,from build logs,0,0,GNATMAKE 14.2.0,GNATMAKE 12.2.0
sorting/SPARK2/Ada-SPARK-Convert-Sorted-Array-To-BST,0,0,,0,no,no,no,from build logs,0,0,GNATMAKE 14.2.0,GNATMAKE 12.2.0
sorting/SPARK2/Ada-SPARK-Count-Negative-Numbers-In-A-Sorted-Matrix,0,0,,0,no,no,no,from build logs,0,0,GNATMAKE 14.2.0,GNATMAKE 12.2.0
sorting/SPARK2/Ada-SPARK-Count-Sorted-Vowel-Strings,0,0,,0,no,no,no,from build logs,0,0,GNATMAKE 14.2.0,GNATMAKE 12.2.0
sorting/SPARK2/Ada-SPARK-Exchange-Sort,0,0,,0,no,no,no,from build logs,0,0,GNATMAKE 14.2.0,GNATMAKE 12.2.0
sorting/SPARK2/Ada-SPARK-Find-Median-Sorted-Arrays-Lite,0,0,,0,no,no,no,from build logs,0,0,GNATMAKE 14.2.0,GNATMAKE 12.2.0
sorting/SPARK2/Ada-SPARK-Find-Minimum-In-Rotated-Sorted-Array,0,0,,0,no,no,no,from build logs,0,0,GNATMAKE 14.2.0,GNATMAKE 12.2.0
sorting/SPARK2/Ada-SPARK-Find-Minimum-In-Rotated-Sorted-Array-II,0,0,,0,no,no,no,from build logs,0,0,GNATMAKE 14.2.0,GNATMAKE 12.2.0
sorting/SPARK2/Ada-SPARK-Flash-Sort,0,0,,0,no,no,no,from build logs,0,0,GNATMAKE 14.2.0,GNATMAKE 12.2.0
sorting/SPARK2/Ada-SPARK-Heap-Sort,0,0,,0,no,no,no,from build logs,0,0,GNATMAKE 14.2.0,GNATMAKE 12.2.0
sorting/SPARK2/Ada-SPARK-Intro-Sort,0,0,,0,no,no,no,from build logs,0,0,GNATMAKE 14.2.0,GNATMAKE 12.2.0
sorting/SPARK2/Ada-SPARK-Kth-Smallest-Element-In-A-Sorted-Matrix,0,0,,0,no,no,no,from build logs,0,0,GNATMAKE 14.2.0,GNATMAKE 12.2.0
sorting/SPARK2/Ada-SPARK-Median-Of-Two-Sorted-Arrays-Lite,0,0,,0,no,no,no,from build logs,0,0,GNATMAKE 14.2.0,GNATMAKE 12.2.0
sorting/SPARK2/Ada-SPARK-Merge-K-Sorted-Lists-Stub,0,0,,0,no,no,no,from build logs,0,0,GNATMAKE 14.2.0,GNATMAKE 12.2.0
sorting/SPARK2/Ada-SPARK-Merge-Sorted-Array,0,0,,0,no,no,no,from build logs,0,0,GNATMAKE 14.2.0,GNATMAKE 12.2.0
sorting/SPARK2/Ada-SPARK-Merge-Sorted-Arrays,0,0,,0,no,no,no,from build logs,0,0,GNATMAKE 14.2.0,GNATMAKE 12.2.0
sorting/SPARK2/Ada-SPARK-Merge-Two-Sorted-Lists,0,0,,0,no,no,no,from build logs,0,0,GNATMAKE 14.2.0,GNATMAKE 12.2.0
sorting/SPARK2/Ada-SPARK-Odd-Even-Linked-List,0,0,,0,no,no,no,from build logs,0,0,GNATMAKE 14.2.0,GNATMAKE 12.2.0
sorting/SPARK2/Ada-SPARK-Odd-Even-Merge-Sort,0,0,,0,no,no,no,from build logs,0,0,GNATMAKE 14.2.0,GNATMAKE 12.2.0
sorting/SPARK2/Ada-SPARK-Pancake-Sort,0,0,,0,no,no,no,from build logs,0,0,GNATMAKE 14.2.0,GNATMAKE 12.2.0
sorting/SPARK2/Ada-SPARK-Patience-Sort,0,0,,0,no,no,no,from build logs,0,0,GNATMAKE 14.2.0,GNATMAKE 12.2.0
sorting/SPARK2/Ada-SPARK-Quick-Sort,0,0,,0,no,no,no,from build logs,0,0,GNATMAKE 14.2.0,GNATMAKE 12.2.0
sorting/SPARK2/Ada-SPARK-Relative-Sort-Array,0,0,,0,no,no,no,from build logs,0,0,GNATMAKE 14.2.0,GNATMAKE 12.2.0
sorting/SPARK2/Ada-SPARK-Remove-Duplicates-From-Sorted-Array,0,0,,0,no,no,no,from build logs,0,0,GNATMAKE 14.2.0,GNATMAKE 12.2.0
sorting/SPARK2/Ada-SPARK-Remove-Duplicates-From-Sorted-Array-II,0,0,,0,no,no,no,from build logs,0,0,GNATMAKE 14.2.0,GNATMAKE 12.2.0
sorting/SPARK2/Ada-SPARK-Remove-Duplicates-From-Sorted-List,0,0,,0,no,no,no,from build logs,0,0,GNATMAKE 14.2.0,GNATMAKE 12.2.0
sorting/SPARK2/Ada-SPARK-Remove-Duplicates-From-Sorted-List-II,0,0,,0,no,no,no,from build logs,0,0,GNATMAKE 14.2.0,GNATMAKE 12.2.0
sorting/SPARK2/Ada-SPARK-Remove-Duplicates-Sorted,0,0,,0,no,no,no,from build logs,0,0,GNATMAKE 14.2.0,GNATMAKE 12.2.0
sorting/SPARK2/Ada-SPARK-Search-In-Rotated-Sorted-Array,0,0,,0,no,no,no,from build logs,0,0,GNATMAKE 14.2.0,GNATMAKE 12.2.0
sorting/SPARK2/Ada-SPARK-Search-In-Rotated-Sorted-Array-II,0,0,,0,no,no,no,from build logs,0,0,GNATMAKE 14.2.0,GNATMAKE 12.2.0
sorting/SPARK2/Ada-SPARK-Shaker-Sort,0,0,,0,no,no,no,from build logs,0,0,GNATMAKE 14.2.0,GNATMAKE 12.2.0
sorting/SPARK2/Ada-SPARK-Shortest-Unsorted-Continuous-Subarray,0,0,,0,no,no,no,from build logs,0,0,GNATMAKE 14.2.0,GNATMAKE 12.2.0
sorting/SPARK2/Ada-SPARK-Smooth-Sort,0,0,,0,no,no,no,from build logs,0,0,GNATMAKE 14.2.0,GNATMAKE 12.2.0
sorting/SPARK2/Ada-SPARK-Sort-An-Array,0,0,,0,no,no,no,from build logs,0,0,GNATMAKE 14.2.0,GNATMAKE 12.2.0
sorting/SPARK2/Ada-SPARK-Sort-Array-By-Parity,0,0,,0,no,no,no,from build logs,0,0,GNATMAKE 14.2.0,GNATMAKE 12.2.0
sorting/SPARK2/Ada-SPARK-Sort-Array-By-Parity-II,0,0,,0,no,no,no,from build logs,0,0,GNATMAKE 14.2.0,GNATMAKE 12.2.0
sorting/SPARK2/Ada-SPARK-Sort-Characters-By-Frequency,0,0,,0,no,no,no,from build logs,0,0,GNATMAKE 14.2.0,GNATMAKE 12.2.0
sorting/SPARK2/Ada-SPARK-Sort-Colors,0,0,,0,no,no,no,from build logs,0,0,GNATMAKE 14.2.0,GNATMAKE 12.2.0
sorting/SPARK2/Ada-SPARK-Sort-Integers-By-The-Number-Of-1-Bits,0,0,,0,no,no,no,from build logs,0,0,GNATMAKE 14.2.0,GNATMAKE 12.2.0
sorting/SPARK2/Ada-SPARK-Sort-List-Lite,0,0,,0,no,no,no,from build logs,0,0,GNATMAKE 14.2.0,GNATMAKE 12.2.0
sorting/SPARK2/Ada-SPARK-Sorted-Array-To-BST,0,0,,0,no,no,no,from build logs,0,0,GNATMAKE 14.2.0,GNATMAKE 12.2.0
sorting/SPARK2/Ada-SPARK-Squares-Of-A-Sorted-Array,0,0,,0,no,no,no,from build logs,0,0,GNATMAKE 14.2.0,GNATMAKE 12.2.0
sorting/SPARK2/Ada-SPARK-Tim-Sort,0,0,,0,no,no,no,from build logs,0,0,GNATMAKE 14.2.0,GNATMAKE 12.2.0
sorting/SPARK2/Ada-SPARK-Tim-Sort-Stub,0,0,,0,no,no,no,from build logs,0,0,GNATMAKE 14.2.0,GNATMAKE 12.2.0
sorting/SPARK2/Ada-SPARK-Topological-Sort-Lite,0,0,,0,no,no,no,from build logs,0,0,GNATMAKE 14.2.0,GNATMAKE 12.2.0
sorting/SPARK2/Ada-SPARK-Tournament-Sort,0,0,,0,no,no,no,from build logs,0,0,GNATMAKE 14.2.0,GNATMAKE 12.2.0
sorting/SPARK2/Ada-SPARK-Two-Sum-II-Input-Array-Is-Sorted,0,0,,0,no,no,no,from build logs,0,0,GNATMAKE 14.2.0,GNATMAKE 12.2.0
sorting/SPARK2/Ada-SPARK-Wiggle-Sort,0,0,,0,no,no,no,from build logs,0,0,GNATMAKE 14.2.0,GNATMAKE 12.2.0
sorting/SPARK2/Binary-Insertion-Sort,0,0,,0,no,no,no,from build logs,0,0,GNATMAKE 14.2.0,GNATMAKE 12.2.0
sorting/SPARK4/Ada-SPARK-Bitonic-Sorter,0,0,,0,no,no,no,from build logs,0,0,GNATMAKE 14.2.0,GNATMAKE 12.2.0
sorting/SPARK4/Ada-SPARK-Bogosort,0,0,,0,no,no,no,from build logs,0,0,GNATMAKE 14.2.0,GNATMAKE 12.2.0
sorting/SPARK4/Ada-SPARK-Bubble-Sort,0,0,,0,no,no,no,from build logs,0,0,GNATMAKE 14.2.0,GNATMAKE 12.2.0
sorting/SPARK4/Ada-SPARK-Bucket-Sort,0,0,,0,no,no,no,from build logs,0,0,GNATMAKE 14.2.0,GNATMAKE 12.2.0
sorting/SPARK4/Ada-SPARK-Burstsort,0,0,,0,no,no,no,from build logs,0,0,GNATMAKE 14.2.0,GNATMAKE 12.2.0
sorting/SPARK4/Ada-SPARK-Cocktail-Shaker-Sort,0,0,,0,no,no,no,from build logs,0,0,GNATMAKE 14.2.0,GNATMAKE 12.2.0
sorting/SPARK4/Ada-SPARK-Comb-Sort,0,0,,0,no,no,no,from build logs,0,0,GNATMAKE 14.2.0,GNATMAKE 12.2.0
sorting/SPARK4/Ada-SPARK-Counting-Sort,0,0,,0,no,no,no,from build logs,0,0,GNATMAKE 14.2.0,GNATMAKE 12.2.0
sorting/SPARK4/Ada-SPARK-Cycle-Sort,0,0,,0,no,no,no,from build logs,0,0,GNATMAKE 14.2.0,GNATMAKE 12.2.0
sorting/SPARK4/Ada-SPARK-Flashsort,0,0,,0,no,no,no,from build logs,0,0,GNATMAKE 14.2.0,GNATMAKE 12.2.0
sorting/SPARK4/Ada-SPARK-Gnome-Sort,0,0,,0,no,no,no,from build logs,0,0,GNATMAKE 14.2.0,GNATMAKE 12.2.0
sorting/SPARK4/Ada-SPARK-Heapsort,0,0,,0,no,no,no,from build logs,0,0,GNATMAKE 14.2.0,GNATMAKE 12.2.0
sorting/SPARK4/Ada-SPARK-Insertion-Sort,0,0,,0,no,no,no,from build logs,0,0,GNATMAKE 14.2.0,GNATMAKE 12.2.0
sorting/SPARK4/Ada-SPARK-Introsort,0,0,,0,no,no,no,from build logs,0,0,GNATMAKE 14.2.0,GNATMAKE 12.2.0
sorting/SPARK4/Ada-SPARK-Library-Sort,0,0,,0,no,no,no,from build logs,0,0,GNATMAKE 14.2.0,GNATMAKE 12.2.0
sorting/SPARK4/Ada-SPARK-Merge-Sort,0,0,,0,no,no,no,from build logs,0,0,GNATMAKE 14.2.0,GNATMAKE 12.2.0
sorting/SPARK4/Ada-SPARK-Odd-Even-Sort,0,0,,0,no,no,no,from build logs,0,0,GNATMAKE 14.2.0,GNATMAKE 12.2.0
sorting/SPARK4/Ada-SPARK-Pancake-Sorting,0,0,,0,no,no,no,from build logs,0,0,GNATMAKE 14.2.0,GNATMAKE 12.2.0
sorting/SPARK4/Ada-SPARK-Patience-Sorting,0,0,,0,no,no,no,from build logs,0,0,GNATMAKE 14.2.0,GNATMAKE 12.2.0
sorting/SPARK4/Ada-SPARK-Pigeonhole-Sort,0,0,,0,no,no,no,from build logs,0,0,GNATMAKE 14.2.0,GNATMAKE 12.2.0
sorting/SPARK4/Ada-SPARK-Postman-Sort,0,0,,0,no,no,no,from build logs,0,0,GNATMAKE 14.2.0,GNATMAKE 12.2.0
sorting/SPARK4/Ada-SPARK-Quantum-Sort,0,0,,0,no,no,no,from build logs,0,0,GNATMAKE 14.2.0,GNATMAKE 12.2.0
sorting/SPARK4/Ada-SPARK-Quicksort,0,0,,0,no,no,no,from build logs,0,0,GNATMAKE 14.2.0,GNATMAKE 12.2.0
sorting/SPARK4/Ada-SPARK-Radix-Sort,0,0,,0,no,no,no,from build logs,0,0,GNATMAKE 14.2.0,GNATMAKE 12.2.0
sorting/SPARK4/Ada-SPARK-Samplesort,0,0,,0,no,no,no,from build logs,0,0,GNATMAKE 14.2.0,GNATMAKE 12.2.0
sorting/SPARK4/Ada-SPARK-Selection-Sort,0,0,,0,no,no,no,from build logs,0,0,GNATMAKE 14.2.0,GNATMAKE 12.2.0
sorting/SPARK4/Ada-SPARK-Shell-Sort,0,0,,0,no,no,no,from build logs,0,0,GNATMAKE 14.2.0,GNATMAKE 12.2.0
sorting/SPARK4/Ada-SPARK-Slowsort,0,0,,0,no,no,no,from build logs,0,0,GNATMAKE 14.2.0,GNATMAKE 12.2.0
sorting/SPARK4/Ada-SPARK-Smoothsort,0,0,,0,no,no,no,from build logs,0,0,GNATMAKE 14.2.0,GNATMAKE 12.2.0
sorting/SPARK4/Ada-SPARK-Sort-Merge-Join,0,0,,0,no,no,no,from build logs,0,0,GNATMAKE 14.2.0,GNATMAKE 12.2.0
sorting/SPARK4/Ada-SPARK-Sorted-List,0,0,,0,no,no,no,from build logs,0,0,GNATMAKE 14.2.0,GNATMAKE 12.2.0
sorting/SPARK4/Ada-SPARK-Spaghetti-Sort,0,0,,0,no,no,no,from build logs,0,0,GNATMAKE 14.2.0,GNATMAKE 12.2.0
sorting/SPARK4/Ada-SPARK-Stooge-Sort,0,0,,0,no,no,no,from build logs,0,0,GNATMAKE 14.2.0,GNATMAKE 12.2.0
sorting/SPARK4/Ada-SPARK-Strand-Sort,0,0,,0,no,no,no,from build logs,0,0,GNATMAKE 14.2.0,GNATMAKE 12.2.0
sorting/SPARK4/Ada-SPARK-Timsort,0,0,,0,no,no,no,from build logs,0,0,GNATMAKE 14.2.0,GNATMAKE 12.2.0
sorting/SPARK4/Ada-SPARK-Topological-Sort,0,0,,0,no,no,no,from build logs,0,0,GNATMAKE 14.2.0,GNATMAKE 12.2.0
sorting/SPARK4/Ada-SPARK-Tree-Sort,0,0,,0,no,no,no,from build logs,0,0,GNATMAKE 14.2.0,GNATMAKE 12.2.0
sorting/SPARK4/Bead-Sort,0,0,,0,no,no,no,from build logs,0,0,GNATMAKE 14.2.0,GNATMAKE 12.2.0
strings/Ada/Aho-Corasick,0,0,,0,no,no,no,from build logs,0,0,GNATMAKE 14.2.0,GNATMAKE 12.2.0
strings/Ada/Boyer-Moore,0,0,,0,no,no,no,from build logs,0,0,GNATMAKE 14.2.0,GNATMAKE 12.2.0
strings/Ada/Boyer-Moore-Horspool,0,0,,0,no,no,no,from build logs,0,0,GNATMAKE 14.2.0,GNATMAKE 12.2.0
strings/Ada/Daitch-Mokotoff-Soundex,0,0,,0,no,no,no,from build logs,0,0,GNATMAKE 14.2.0,GNATMAKE 12.2.0
strings/Ada/Damerau-Levenshtein-Distance,0,0,,0,no,no,no,from build logs,0,0,GNATMAKE 14.2.0,GNATMAKE 12.2.0
strings/Ada/Double-Metaphone,0,0,,0,no,no,no,from build logs,0,0,GNATMAKE 14.2.0,GNATMAKE 12.2.0
strings/Ada/Hamming-Distance,0,0,,0,no,no,no,from build logs,0,0,GNATMAKE 14.2.0,GNATMAKE 12.2.0
strings/Ada/Jaro-Winkler-Distance,0,0,,0,no,no,no,from build logs,0,0,GNATMAKE 14.2.0,GNATMAKE 12.2.0
strings/Ada/Karplus-Strong-String-Synthesis,0,0,,0,no,no,no,from build logs,0,0,GNATMAKE 14.2.0,GNATMAKE 12.2.0
strings/Ada/Knuth-Morris-Pratt,0,0,,0,no,no,no,from build logs,0,0,GNATMAKE 14.2.0,GNATMAKE 12.2.0
strings/Ada/Levenshtein-Coding,0,0,,0,no,no,no,from build logs,0,0,GNATMAKE 14.2.0,GNATMAKE 12.2.0
strings/Ada/Levenshtein-Distance,0,0,,0,no,no,no,from build logs,0,0,GNATMAKE 14.2.0,GNATMAKE 12.2.0
strings/Ada/Longest-Common-Subsequence,0,0,,0,no,no,no,from build logs,0,0,GNATMAKE 14.2.0,GNATMAKE 12.2.0
strings/Ada/Metaphone,0,0,,0,no,no,no,from build logs,0,0,GNATMAKE 14.2.0,GNATMAKE 12.2.0
strings/Ada/NYSIIS,0,0,,0,no,no,no,from build logs,0,0,GNATMAKE 14.2.0,GNATMAKE 12.2.0
strings/Ada/Needleman-Wunsch,0,0,,0,no,no,no,from build logs,0,0,GNATMAKE 14.2.0,GNATMAKE 12.2.0
strings/Ada/Rabin-Karp,0,0,,0,no,no,no,from build logs,0,0,GNATMAKE 14.2.0,GNATMAKE 12.2.0
strings/Ada/Smith-Waterman,0,0,,0,no,no,no,from build logs,0,0,GNATMAKE 14.2.0,GNATMAKE 12.2.0
strings/Ada/Soundex,0,0,,0,no,no,no,from build logs,0,0,GNATMAKE 14.2.0,GNATMAKE 12.2.0
strings/Ada/Stemming,0,0,,0,no,no,no,from build logs,0,0,GNATMAKE 14.2.0,GNATMAKE 12.2.0
strings/Ada/String-Metrics,0,0,,0,no,no,no,from build logs,0,0,GNATMAKE 14.2.0,GNATMAKE 12.2.0
strings/SPARK2/Ada-SPARK-Bounded-String-Builder,0,0,,0,no,no,no,from build logs,0,0,GNATMAKE 14.2.0,GNATMAKE 12.2.0
strings/SPARK2/Ada-SPARK-Boyer-Moore,0,0,,0,no,no,no,from build logs,0,0,GNATMAKE 14.2.0,GNATMAKE 12.2.0
strings/SPARK2/Ada-SPARK-Check-If-Two-String-Arrays-Are-Equivalent,0,0,,0,no,no,no,from build logs,0,0,GNATMAKE 14.2.0,GNATMAKE 12.2.0
strings/SPARK2/Ada-SPARK-Count-The-Number-Of-Consistent-Strings,0,0,,0,no,no,no,from build logs,0,0,GNATMAKE 14.2.0,GNATMAKE 12.2.0
strings/SPARK2/Ada-SPARK-Damerau-Levenshtein-Distance,0,0,,0,no,no,no,from build logs,0,0,GNATMAKE 14.2.0,GNATMAKE 12.2.0
strings/SPARK2/Ada-SPARK-Decode-String,0,0,,0,no,no,no,from build logs,0,0,GNATMAKE 14.2.0,GNATMAKE 12.2.0
strings/SPARK2/Ada-SPARK-Decode-String-Stub,0,0,,0,no,no,no,from build logs,0,0,GNATMAKE 14.2.0,GNATMAKE 12.2.0
strings/SPARK2/Ada-SPARK-Delete-Operation-For-Two-Strings,0,0,,0,no,no,no,from build logs,0,0,GNATMAKE 14.2.0,GNATMAKE 12.2.0
strings/SPARK2/Ada-SPARK-Edit-Distance,0,0,,0,no,no,no,from build logs,0,0,GNATMAKE 14.2.0,GNATMAKE 12.2.0
strings/SPARK2/Ada-SPARK-Encode-And-Decode-Strings-Lite,0,0,,0,no,no,no,from build logs,0,0,GNATMAKE 14.2.0,GNATMAKE 12.2.0
strings/SPARK2/Ada-SPARK-Find-All-Anagrams-In-A-String,0,0,,0,no,no,no,from build logs,0,0,GNATMAKE 14.2.0,GNATMAKE 12.2.0
strings/SPARK2/Ada-SPARK-First-Unique-Character-In-A-String,0,0,,0,no,no,no,from build logs,0,0,GNATMAKE 14.2.0,GNATMAKE 12.2.0
strings/SPARK2/Ada-SPARK-Hamming-Distance,0,0,,0,no,no,no,from build logs,0,0,GNATMAKE 14.2.0,GNATMAKE 12.2.0
strings/SPARK2/Ada-SPARK-Isomorphic-Strings,0,0,,0,no,no,no,from build logs,0,0,GNATMAKE 14.2.0,GNATMAKE 12.2.0
strings/SPARK2/Ada-SPARK-Knuth-Morris-Pratt,0,0,,0,no,no,no,from build logs,0,0,GNATMAKE 14.2.0,GNATMAKE 12.2.0
strings/SPARK2/Ada-SPARK-Longest-Common-Prefix,0,0,,0,no,no,no,from build logs,0,0,GNATMAKE 14.2.0,GNATMAKE 12.2.0
strings/SPARK2/Ada-SPARK-Longest-Common-Subsequence,0,0,,0,no,no,no,from build logs,0,0,GNATMAKE 14.2.0,GNATMAKE 12.2.0
strings/SPARK2/Ada-SPARK-Make-The-String-Great,0,0,,0,no,no,no,from build logs,0,0,GNATMAKE 14.2.0,GNATMAKE 12.2.0
strings/SPARK2/Ada-SPARK-Multiply-Strings-Lite,0,0,,0,no,no,no,from build logs,0,0,GNATMAKE 14.2.0,GNATMAKE 12.2.0
strings/SPARK2/Ada-SPARK-Multiply-Strings-Stub,0,0,,0,no,no,no,from build logs,0,0,GNATMAKE 14.2.0,GNATMAKE 12.2.0
strings/SPARK2/Ada-SPARK-Number-Of-Lines-To-Write-String,0,0,,0,no,no,no,from build logs,0,0,GNATMAKE 14.2.0,GNATMAKE 12.2.0
strings/SPARK2/Ada-SPARK-One-Edit-Distance,0,0,,0,no,no,no,from build logs,0,0,GNATMAKE 14.2.0,GNATMAKE 12.2.0
strings/SPARK2/Ada-SPARK-Permutation-In-String,0,0,,0,no,no,no,from build logs,0,0,GNATMAKE 14.2.0,GNATMAKE 12.2.0
strings/SPARK2/Ada-SPARK-Rabin-Karp,0,0,,0,no,no,no,from build logs,0,0,GNATMAKE 14.2.0,GNATMAKE 12.2.0
strings/SPARK2/Ada-SPARK-Remove-All-Adjacent-Duplicates-In-String,0,0,,0,no,no,no,from build logs,0,0,GNATMAKE 14.2.0,GNATMAKE 12.2.0
strings/SPARK2/Ada-SPARK-Reorganize-String,0,0,,0,no,no,no,from build logs,0,0,GNATMAKE 14.2.0,GNATMAKE 12.2.0
strings/SPARK2/Ada-SPARK-Reorganize-String-Stub,0,0,,0,no,no,no,from build logs,0,0,GNATMAKE 14.2.0,GNATMAKE 12.2.0
strings/SPARK2/Ada-SPARK-Repeated-String-Match,0,0,,0,no,no,no,from build logs,0,0,GNATMAKE 14.2.0,GNATMAKE 12.2.0
strings/SPARK2/Ada-SPARK-Reverse-String,0,0,,0,no,no,no,from build logs,0,0,GNATMAKE 14.2.0,GNATMAKE 12.2.0
strings/SPARK2/Ada-SPARK-Reverse-String-II,0,0,,0,no,no,no,from build logs,0,0,GNATMAKE 14.2.0,GNATMAKE 12.2.0
strings/SPARK2/Ada-SPARK-Reverse-Vowels-Of-A-String,0,0,,0,no,no,no,from build logs,0,0,GNATMAKE 14.2.0,GNATMAKE 12.2.0
strings/SPARK2/Ada-SPARK-Reverse-Words-In-A-String,0,0,,0,no,no,no,from build logs,0,0,GNATMAKE 14.2.0,GNATMAKE 12.2.0
strings/SPARK2/Ada-SPARK-Reverse-Words-In-A-String-III,0,0,,0,no,no,no,from build logs,0,0,GNATMAKE 14.2.0,GNATMAKE 12.2.0
strings/SPARK2/Ada-SPARK-Rotate-String,0,0,,0,no,no,no,from build logs,0,0,GNATMAKE 14.2.0,GNATMAKE 12.2.0
strings/SPARK2/Ada-SPARK-String-To-Integer-Atoi,0,0,,0,no,no,no,from build logs,0,0,GNATMAKE 14.2.0,GNATMAKE 12.2.0
strings/SPARK2/Ada-SPARK-String-To-Integer-Atoi-Stub,0,0,,0,no,no,no,from build logs,0,0,GNATMAKE 14.2.0,GNATMAKE 12.2.0
strings/SPARK2/Ada-SPARK-Sum-Of-Digits-Of-String-After-Convert,0,0,,0,no,no,no,from build logs,0,0,GNATMAKE 14.2.0,GNATMAKE 12.2.0
strings/SPARK2/Ada-SPARK-Total-Hamming-Distance,0,0,,0,no,no,no,from build logs,0,0,GNATMAKE 14.2.0,GNATMAKE 12.2.0
strings/SPARK2/Ada-SPARK-Z-Algorithm,0,0,,0,no,no,no,from build logs,0,0,GNATMAKE 14.2.0,GNATMAKE 12.2.0
strings/SPARK2/Add-Strings,0,0,,0,no,no,no,from build logs,0,0,GNATMAKE 14.2.0,GNATMAKE 12.2.0
strings/SPARK3/Levenshtein-Distance,0,0,,0,no,no,no,from build logs,0,0,GNATMAKE 14.2.0,GNATMAKE 12.2.0
trees/Ada/Abstract-Interpretation,0,0,,0,no,no,no,from build logs,0,0,GNATMAKE 14.2.0,GNATMAKE 12.2.0
trees/Ada/Abstract-Syntax-Tree,0,0,,0,no,no,no,from build logs,0,0,GNATMAKE 14.2.0,GNATMAKE 12.2.0
trees/Ada/Context-Tree-Weighting,0,0,,0,no,no,no,from build logs,0,0,GNATMAKE 14.2.0,GNATMAKE 12.2.0
trees/Ada/Decision-Trees,0,0,,1,no,no,no,from build logs,0,0,GNATMAKE 14.2.0,GNATMAKE 12.2.0
trees/Ada/Embedded-Zerotree-Wavelet,0,0,,0,no,no,no,from build logs,0,0,GNATMAKE 14.2.0,GNATMAKE 12.2.0
trees/Ada/Longest-Common-Substring,0,0,,0,no,no,no,from build logs,0,0,GNATMAKE 14.2.0,GNATMAKE 12.2.0
trees/Ada/Red-Black-Tree,0,0,,0,no,no,no,from build logs,0,0,GNATMAKE 14.2.0,GNATMAKE 12.2.0
trees/Ada/Set-Partitioning-In-Hierarchical-Trees,0,0,,0,no,no,no,from build logs,0,0,GNATMAKE 14.2.0,GNATMAKE 12.2.0
trees/SPARK2/Ada-SPARK-BST-Iterator-Stub,0,0,,0,no,no,no,from build logs,0,0,GNATMAKE 14.2.0,GNATMAKE 12.2.0
trees/SPARK2/Ada-SPARK-Balanced-Binary-Tree,0,0,,0,no,no,no,from build logs,0,0,GNATMAKE 14.2.0,GNATMAKE 12.2.0
trees/SPARK2/Ada-SPARK-Binary-Tree-Inorder,0,0,,0,no,no,no,from build logs,0,0,GNATMAKE 14.2.0,GNATMAKE 12.2.0
trees/SPARK2/Ada-SPARK-Binary-Tree-Level-Order,0,0,,0,no,no,no,from build logs,0,0,GNATMAKE 14.2.0,GNATMAKE 12.2.0
trees/SPARK2/Ada-SPARK-Binary-Tree-Max-Depth,0,0,,0,no,no,no,from build logs,0,0,GNATMAKE 14.2.0,GNATMAKE 12.2.0
trees/SPARK2/Ada-SPARK-Binary-Tree-Min-Depth,0,0,,0,no,no,no,from build logs,0,0,GNATMAKE 14.2.0,GNATMAKE 12.2.0
trees/SPARK2/Ada-SPARK-Binary-Tree-Paths,0,0,,0,no,no,no,from build logs,0,0,GNATMAKE 14.2.0,GNATMAKE 12.2.0
trees/SPARK2/Ada-SPARK-Binary-Tree-Postorder,0,0,,0,no,no,no,from build logs,0,0,GNATMAKE 14.2.0,GNATMAKE 12.2.0
trees/SPARK2/Ada-SPARK-Binary-Tree-Preorder,0,0,,0,no,no,no,from build logs,0,0,GNATMAKE 14.2.0,GNATMAKE 12.2.0
trees/SPARK2/Ada-SPARK-Binary-Tree-Right-Side-View,0,0,,0,no,no,no,from build logs,0,0,GNATMAKE 14.2.0,GNATMAKE 12.2.0
trees/SPARK2/Ada-SPARK-Construct-Binary-Tree-From-Inorder-And-Postorder-Lite,0,0,,0,no,no,no,from build logs,0,0,GNATMAKE 14.2.0,GNATMAKE 12.2.0
trees/SPARK2/Ada-SPARK-Construct-Binary-Tree-From-Preorder-And-Inorder-Lite,0,0,,0,no,no,no,from build logs,0,0,GNATMAKE 14.2.0,GNATMAKE 12.2.0
trees/SPARK2/Ada-SPARK-Convert-BST-To-Greater-Tree,0,0,,0,no,no,no,from build logs,0,0,GNATMAKE 14.2.0,GNATMAKE 12.2.0
trees/SPARK2/Ada-SPARK-Count-Binary-Substrings,0,0,,0,no,no,no,from build logs,0,0,GNATMAKE 14.2.0,GNATMAKE 12.2.0
trees/SPARK2/Ada-SPARK-Count-Complete-Tree-Nodes,0,0,,0,no,no,no,from build logs,0,0,GNATMAKE 14.2.0,GNATMAKE 12.2.0
trees/SPARK2/Ada-SPARK-Delete-Node-BST-Stub,0,0,,0,no,no,no,from build logs,0,0,GNATMAKE 14.2.0,GNATMAKE 12.2.0
trees/SPARK2/Ada-SPARK-Delete-Node-In-A-BST-Lite,0,0,,0,no,no,no,from build logs,0,0,GNATMAKE 14.2.0,GNATMAKE 12.2.0
trees/SPARK2/Ada-SPARK-Diameter-Of-Binary-Tree,0,0,,0,no,no,no,from build logs,0,0,GNATMAKE 14.2.0,GNATMAKE 12.2.0
trees/SPARK2/Ada-SPARK-Find-Mode-In-BST,0,0,,0,no,no,no,from build logs,0,0,GNATMAKE 14.2.0,GNATMAKE 12.2.0
trees/SPARK2/Ada-SPARK-Flatten-Binary-Tree-To-Linked-List-Lite,0,0,,0,no,no,no,from build logs,0,0,GNATMAKE 14.2.0,GNATMAKE 12.2.0
trees/SPARK2/Ada-SPARK-Get-Equal-Substrings-Within-Budget,0,0,,0,no,no,no,from build logs,0,0,GNATMAKE 14.2.0,GNATMAKE 12.2.0
trees/SPARK2/Ada-SPARK-Implement-Trie,0,0,,0,no,no,no,from build logs,0,0,GNATMAKE 14.2.0,GNATMAKE 12.2.0
trees/SPARK2/Ada-SPARK-Insert-Into-BST,0,0,,0,no,no,no,from build logs,0,0,GNATMAKE 14.2.0,GNATMAKE 12.2.0
trees/SPARK2/Ada-SPARK-Invert-Binary-Tree,0,0,,0,no,no,no,from build logs,0,0,GNATMAKE 14.2.0,GNATMAKE 12.2.0
trees/SPARK2/Ada-SPARK-Kth-Smallest-BST-Stub,0,0,,0,no,no,no,from build logs,0,0,GNATMAKE 14.2.0,GNATMAKE 12.2.0
trees/SPARK2/Ada-SPARK-Leaf-Similar-Trees,0,0,,0,no,no,no,from build logs,0,0,GNATMAKE 14.2.0,GNATMAKE 12.2.0
trees/SPARK2/Ada-SPARK-Longest-Common-Substring,0,0,,0,no,no,no,from build logs,0,0,GNATMAKE 14.2.0,GNATMAKE 12.2.0
trees/SPARK2/Ada-SPARK-Longest-Palindromic-Substring,0,0,,0,no,no,no,from build logs,0,0,GNATMAKE 14.2.0,GNATMAKE 12.2.0
trees/SPARK2/Ada-SPARK-Longest-Substring-Without-Repeat,0,0,,0,no,no,no,from build logs,0,0,GNATMAKE 14.2.0,GNATMAKE 12.2.0
trees/SPARK2/Ada-SPARK-Longest-Substring-Without-Repeating,0,0,,0,no,no,no,from build logs,0,0,GNATMAKE 14.2.0,GNATMAKE 12.2.0
trees/SPARK2/Ada-SPARK-Lowest-Common-Ancestor-BST,0,0,,0,no,no,no,from build logs,0,0,GNATMAKE 14.2.0,GNATMAKE 12.2.0
trees/SPARK2/Ada-SPARK-Lowest-Common-Ancestor-Of-BST,0,0,,0,no,no,no,from build logs,0,0,GNATMAKE 14.2.0,GNATMAKE 12.2.0
trees/SPARK2/Ada-SPARK-Maximum-Binary-Tree,0,0,,0,no,no,no,from build logs,0,0,GNATMAKE 14.2.0,GNATMAKE 12.2.0
trees/SPARK2/Ada-SPARK-Maximum-Depth-Of-Binary-Tree,0,0,,0,no,no,no,from build logs,0,0,GNATMAKE 14.2.0,GNATMAKE 12.2.0
trees/SPARK2/Ada-SPARK-Maximum-Depth-Of-N-Ary-Tree,0,0,,0,no,no,no,from build logs,0,0,GNATMAKE 14.2.0,GNATMAKE 12.2.0
trees/SPARK2/Ada-SPARK-Merge-Two-Binary-Trees,0,0,,0,no,no,no,from build logs,0,0,GNATMAKE 14.2.0,GNATMAKE 12.2.0
trees/SPARK2/Ada-SPARK-Minimum-Depth-Of-Binary-Tree,0,0,,0,no,no,no,from build logs,0,0,GNATMAKE 14.2.0,GNATMAKE 12.2.0
trees/SPARK2/Ada-SPARK-Minimum-Height-Trees,0,0,,0,no,no,no,from build logs,0,0,GNATMAKE 14.2.0,GNATMAKE 12.2.0
trees/SPARK2/Ada-SPARK-Minimum-Window-Substring,0,0,,0,no,no,no,from build logs,0,0,GNATMAKE 14.2.0,GNATMAKE 12.2.0
trees/SPARK2/Ada-SPARK-N-Ary-Tree-Level-Order-Traversal,0,0,,0,no,no,no,from build logs,0,0,GNATMAKE 14.2.0,GNATMAKE 12.2.0
trees/SPARK2/Ada-SPARK-N-Ary-Tree-Postorder-Traversal,0,0,,0,no,no,no,from build logs,0,0,GNATMAKE 14.2.0,GNATMAKE 12.2.0
trees/SPARK2/Ada-SPARK-N-Ary-Tree-Preorder-Traversal,0,0,,0,no,no,no,from build logs,0,0,GNATMAKE 14.2.0,GNATMAKE 12.2.0
trees/SPARK2/Ada-SPARK-Number-Of-Substrings-Containing-All-Three-Characters,0,0,,0,no,no,no,from build logs,0,0,GNATMAKE 14.2.0,GNATMAKE 12.2.0
trees/SPARK2/Ada-SPARK-Range-Sum-BST,0,0,,0,no,no,no,from build logs,0,0,GNATMAKE 14.2.0,GNATMAKE 12.2.0
trees/SPARK2/Ada-SPARK-Range-Sum-Of-BST,0,0,,0,no,no,no,from build logs,0,0,GNATMAKE 14.2.0,GNATMAKE 12.2.0
trees/SPARK2/Ada-SPARK-Red-Black-Tree,0,0,,0,no,no,no,from build logs,0,0,GNATMAKE 14.2.0,GNATMAKE 12.2.0
trees/SPARK2/Ada-SPARK-Repeated-Substring-Pattern,0,0,,0,no,no,no,from build logs,0,0,GNATMAKE 14.2.0,GNATMAKE 12.2.0
trees/SPARK2/Ada-SPARK-Same-Tree,0,0,,0,no,no,no,from build logs,0,0,GNATMAKE 14.2.0,GNATMAKE 12.2.0
trees/SPARK2/Ada-SPARK-Subtree-Of-Another-Tree,0,0,,1,no,no,no,from build logs,0,0,GNATMAKE 14.2.0,GNATMAKE 12.2.0
trees/SPARK2/Ada-SPARK-Symmetric-Tree,0,0,,0,no,no,no,from build logs,0,0,GNATMAKE 14.2.0,GNATMAKE 12.2.0
trees/SPARK2/Ada-SPARK-Trim-BST-Stub,0,0,,0,no,no,no,from build logs,0,0,GNATMAKE 14.2.0,GNATMAKE 12.2.0
trees/SPARK2/Ada-SPARK-Two-Sum-BST-Stub,0,0,,0,no,no,no,from build logs,0,0,GNATMAKE 14.2.0,GNATMAKE 12.2.0
trees/SPARK2/Ada-SPARK-Unique-BSTs-Stub,0,0,,0,no,no,no,from build logs,0,0,GNATMAKE 14.2.0,GNATMAKE 12.2.0
trees/SPARK2/Ada-SPARK-Unique-Paths-With-Obstacles,0,0,,0,no,no,no,from build logs,0,0,GNATMAKE 14.2.0,GNATMAKE 12.2.0
trees/SPARK2/Ada-SPARK-Univalued-Binary-Tree,0,0,,0,no,no,no,from build logs,0,0,GNATMAKE 14.2.0,GNATMAKE 12.2.0
trees/SPARK2/Ada-SPARK-Validate-BST-Stub,0,0,,0,no,no,no,from build logs,0,0,GNATMAKE 14.2.0,GNATMAKE 12.2.0
trees/SPARK2/Average-Of-Levels-In-Binary-Tree,0,0,,0,no,no,no,from build logs,0,0,GNATMAKE 14.2.0,GNATMAKE 12.2.0
