run,folder,seed,op,line,result
1,misc/SPARK2/Ada-SPARK-Binomial-Coefficient,20261070,- (order 3),hidden,killed
1,misc/SPARK2/Ada-SPARK-Combination-Sum,20261070,- (order 3),hidden,killed
1,misc/SPARK2/Ada-SPARK-Combination-Sum-II,20261070,- (order 3),hidden,killed
1,misc/SPARK2/Ada-SPARK-Delete-And-Earn,20261070,> (order 3),hidden,killed
1,misc/SPARK2/Ada-SPARK-Delete-And-Earn,20261070,> (order 2),hidden,killed
1,misc/SPARK2/Ada-SPARK-Delete-And-Earn,20261070,- (order 2),hidden,stillborn
1,misc/SPARK2/Ada-SPARK-Delete-And-Earn,20261070,+ (order 2),hidden,stillborn
1,misc/SPARK2/Ada-SPARK-Delete-And-Earn,20261070,- (order 2),hidden,stillborn
1,misc/SPARK2/Ada-SPARK-Delete-And-Earn,20261070,+ (order 2),hidden,killed
1,misc/SPARK2/Ada-SPARK-Delete-And-Earn,20261070,<= (order 2),hidden,killed
1,misc/SPARK2/Ada-SPARK-Delete-And-Earn,20261070,and (order 2),hidden,stillborn
1,misc/SPARK2/Ada-SPARK-Delete-And-Earn,20261070,> (order 2),hidden,killed
1,misc/SPARK2/Ada-SPARK-Delete-And-Earn,20261070,- (order 2),hidden,killed
1,misc/SPARK2/Ada-SPARK-Delete-And-Earn,20261070,- (order 2),hidden,killed
1,misc/SPARK2/Ada-SPARK-Delete-And-Earn,20261070,- (order 2),hidden,killed
1,misc/SPARK2/Ada-SPARK-Delete-And-Earn,20261070,> (order 2),hidden,killed
1,misc/SPARK2/Ada-SPARK-Delete-And-Earn,20261070,- (order 2),hidden,killed
1,misc/SPARK2/Ada-SPARK-Delete-And-Earn,20261070,- (order 2),hidden,killed
1,misc/SPARK2/Ada-SPARK-Delete-And-Earn,20261070,> (order 2),hidden,killed
1,misc/SPARK2/Ada-SPARK-Delete-And-Earn,20261070,+ (order 2),hidden,killed
1,misc/SPARK2/Ada-SPARK-Delete-And-Earn,20261070,- (order 2),hidden,killed
1,misc/SPARK2/Ada-SPARK-Delete-And-Earn,20261070,and (order 2),hidden,stillborn
1,misc/SPARK2/Ada-SPARK-Delete-And-Earn,20261070,- (order 3),hidden,killed
1,misc/SPARK2/Ada-SPARK-Delete-And-Earn,20261070,> (order 3),hidden,killed
1,misc/SPARK2/Ada-SPARK-Delete-And-Earn,20261070,and (order 2),hidden,stillborn
1,misc/SPARK2/Ada-SPARK-Delete-And-Earn,20261070,and (order 3),hidden,killed
1,misc/SPARK2/Ada-SPARK-Delete-And-Earn,20261070,> (order 2),hidden,killed
1,misc/SPARK2/Ada-SPARK-Delete-And-Earn,20261070,= (order 2),hidden,stillborn
1,misc/SPARK2/Ada-SPARK-Delete-And-Earn,20261070,= (order 2),hidden,killed
1,misc/SPARK2/Ada-SPARK-Delete-And-Earn,20261070,+ (order 2),hidden,killed
1,misc/SPARK2/Ada-SPARK-Delete-And-Earn,20261070,- (order 2),hidden,killed
1,misc/SPARK2/Ada-SPARK-Delete-And-Earn,20261070,<= (order 2),hidden,killed
1,misc/SPARK2/Ada-SPARK-Delete-And-Earn,20261070,= (order 2),hidden,killed
1,misc/SPARK2/Ada-SPARK-Delete-And-Earn,20261070,> (order 3),hidden,killed
1,misc/SPARK2/Ada-SPARK-Delete-And-Earn,20261070,and (order 2),hidden,stillborn
1,misc/SPARK2/Ada-SPARK-Delete-And-Earn,20261070,and (order 2),hidden,stillborn
1,misc/SPARK2/Ada-SPARK-Delete-And-Earn,20261070,= (order 2),hidden,stillborn
1,misc/SPARK2/Ada-SPARK-Delete-And-Earn,20261070,+ (order 2),hidden,killed
1,misc/SPARK2/Ada-SPARK-Delete-And-Earn,20261070,+ (order 2),hidden,stillborn
1,misc/SPARK2/Ada-SPARK-Delete-And-Earn,20261070,<= (order 2),hidden,killed
1,misc/SPARK2/Ada-SPARK-Delete-And-Earn,20261070,+ (order 2),hidden,killed
1,misc/SPARK2/Ada-SPARK-Delete-And-Earn,20261070,- (order 2),hidden,killed
1,misc/SPARK2/Ada-SPARK-Delete-And-Earn,20261070,<= (order 2),hidden,stillborn
1,misc/SPARK2/Ada-SPARK-Delete-And-Earn,20261070,= (order 2),hidden,killed
1,misc/SPARK2/Ada-SPARK-Delete-And-Earn,20261070,= (order 3),hidden,killed
1,misc/SPARK2/Ada-SPARK-Fibonacci-Number,20261070,+ (order 3),hidden,killed
1,misc/SPARK2/Ada-SPARK-Fibonacci-Number,20261070,= (order 2),hidden,killed
1,concurrency/SPARK2/Course-Schedule,20261070,/= (order 3),hidden,killed
1,concurrency/SPARK2/Course-Schedule,20261070,and (order 2),hidden,stillborn
1,concurrency/SPARK2/Course-Schedule,20261070,- (order 3),hidden,killed
1,concurrency/SPARK2/Course-Schedule,20261070,= (order 2),hidden,killed
1,concurrency/SPARK2/Course-Schedule,20261070,= (order 3),hidden,stillborn
1,concurrency/SPARK2/Course-Schedule,20261070,= (order 3),hidden,killed
1,concurrency/SPARK2/Course-Schedule,20261070,/= (order 3),hidden,stillborn
1,concurrency/SPARK2/Course-Schedule,20261070,= (order 3),hidden,killed
1,concurrency/SPARK2/Course-Schedule,20261070,and (order 3),hidden,stillborn
1,concurrency/SPARK2/Course-Schedule,20261070,- (order 3),hidden,killed
1,concurrency/SPARK2/Course-Schedule,20261070,= (order 2),hidden,killed
1,concurrency/SPARK2/Course-Schedule,20261070,= (order 2),hidden,killed
1,concurrency/SPARK2/Course-Schedule,20261070,= (order 3),hidden,killed
1,concurrency/SPARK2/Course-Schedule,20261070,and (order 2),hidden,killed
1,concurrency/SPARK2/Course-Schedule,20261070,= (order 2),hidden,killed
1,concurrency/SPARK2/Course-Schedule,20261070,+ (order 3),hidden,killed
1,concurrency/SPARK2/Course-Schedule,20261070,and (order 2),hidden,killed
1,concurrency/SPARK2/Course-Schedule,20261070,= (order 3),hidden,killed
1,concurrency/SPARK2/Course-Schedule,20261070,and (order 3),hidden,stillborn
1,concurrency/SPARK2/Course-Schedule,20261070,= (order 3),hidden,killed
1,concurrency/SPARK2/Course-Schedule,20261070,= (order 3),hidden,killed
1,concurrency/SPARK2/Course-Schedule,20261070,= (order 3),hidden,killed
1,concurrency/SPARK2/Course-Schedule,20261070,- (order 3),hidden,killed
1,concurrency/SPARK2/Course-Schedule,20261070,- (order 2),hidden,killed
1,concurrency/SPARK2/Course-Schedule,20261070,and (order 3),hidden,killed
1,concurrency/SPARK2/Course-Schedule,20261070,/= (order 3),hidden,killed
1,concurrency/SPARK2/Course-Schedule,20261070,and (order 3),hidden,stillborn
1,concurrency/SPARK2/Course-Schedule,20261070,/= (order 3),hidden,stillborn
1,concurrency/SPARK2/Course-Schedule,20261070,and (order 3),hidden,killed
1,concurrency/SPARK2/Course-Schedule,20261070,and (order 2),hidden,stillborn
1,concurrency/SPARK2/Course-Schedule,20261070,/= (order 3),hidden,stillborn
1,concurrency/SPARK2/Course-Schedule,20261070,= (order 2),hidden,killed
1,concurrency/SPARK2/Course-Schedule,20261070,= (order 2),hidden,killed
1,concurrency/SPARK2/Course-Schedule,20261070,= (order 3),hidden,killed
1,concurrency/SPARK2/Course-Schedule,20261070,and (order 3),hidden,stillborn
1,concurrency/SPARK2/Course-Schedule,20261070,and (order 3),hidden,killed
1,concurrency/SPARK2/Course-Schedule,20261070,- (order 2),hidden,killed
1,concurrency/SPARK2/Course-Schedule,20261070,- (order 3),hidden,killed
1,concurrency/SPARK2/Course-Schedule,20261070,- (order 2),hidden,killed
1,concurrency/SPARK2/Course-Schedule,20261070,= (order 2),hidden,killed
1,misc/SPARK2/Ada-SPARK-Fisher-Yates-Shuffle,20261070,+ (order 3),hidden,killed
1,misc/SPARK2/Ada-SPARK-Fisher-Yates-Shuffle,20261070,+ (order 3),hidden,killed
1,misc/SPARK2/Ada-SPARK-Fisher-Yates-Shuffle,20261070,= (order 3),hidden,survived
1,misc/SPARK2/Ada-SPARK-Fisher-Yates-Shuffle,20261070,= (order 3),hidden,survived
1,misc/SPARK2/Ada-SPARK-Fisher-Yates-Shuffle,20261070,+ (order 3),hidden,survived
1,misc/SPARK2/Ada-SPARK-Fisher-Yates-Shuffle,20261070,= (order 2),hidden,killed
1,misc/SPARK2/Ada-SPARK-Fisher-Yates-Shuffle,20261070,= (order 2),hidden,survived
1,misc/SPARK2/Ada-SPARK-Fisher-Yates-Shuffle,20261070,= (order 2),hidden,killed
1,misc/SPARK2/Ada-SPARK-Fisher-Yates-Shuffle,20261070,= (order 3),hidden,killed
1,misc/SPARK2/Ada-SPARK-Fisher-Yates-Shuffle,20261070,= (order 2),hidden,survived
1,misc/SPARK2/Ada-SPARK-Fisher-Yates-Shuffle,20261070,= (order 3),hidden,killed
1,misc/SPARK2/Ada-SPARK-Fisher-Yates-Shuffle,20261070,= (order 2),hidden,killed
1,misc/SPARK2/Ada-SPARK-Fisher-Yates-Shuffle,20261070,= (order 2),hidden,killed
1,misc/SPARK2/Ada-SPARK-Fisher-Yates-Shuffle,20261070,= (order 3),hidden,survived
1,misc/SPARK2/Ada-SPARK-Fisher-Yates-Shuffle,20261070,= (order 3),hidden,killed
1,misc/SPARK2/Ada-SPARK-Fisher-Yates-Shuffle,20261070,= (order 3),hidden,killed
2,misc/SPARK2/Ada-SPARK-Binomial-Coefficient,20261071,replace variable N (order 1),hidden,stillborn
2,misc/SPARK2/Ada-SPARK-Binomial-Coefficient,20261071,replace variable J (order 1),hidden,killed
2,misc/SPARK2/Ada-SPARK-Binomial-Coefficient,20261071,replace variable Row (order 1),hidden,stillborn
2,misc/SPARK2/Ada-SPARK-Binomial-Coefficient,20261071,replace variable Row (order 1),hidden,stillborn
2,misc/SPARK2/Ada-SPARK-Binomial-Coefficient,20261071,replace variable K (order 1),hidden,killed
2,misc/SPARK2/Ada-SPARK-Binomial-Coefficient,20261071,replace variable K (order 1),hidden,stillborn
2,misc/SPARK2/Ada-SPARK-Binomial-Coefficient,20261071,loop direction reverse (order 1),hidden,killed
2,misc/SPARK2/Ada-SPARK-Binomial-Coefficient,20261071,replace variable I (order 1),hidden,stillborn
2,misc/SPARK2/Ada-SPARK-Binomial-Coefficient,20261071,replace variable J (order 1),hidden,killed
2,misc/SPARK2/Ada-SPARK-Binomial-Coefficient,20261071,replace variable J (order 1),hidden,killed
2,misc/SPARK2/Ada-SPARK-Binomial-Coefficient,20261071,replace variable I (order 1),hidden,stillborn
2,misc/SPARK2/Ada-SPARK-Binomial-Coefficient,20261071,replace variable Row (order 1),hidden,stillborn
2,misc/SPARK2/Ada-SPARK-Binomial-Coefficient,20261071,replace variable J (order 1),hidden,killed
2,misc/SPARK2/Ada-SPARK-Binomial-Coefficient,20261071,replace variable J (order 1),hidden,killed
2,misc/SPARK2/Ada-SPARK-Binomial-Coefficient,20261071,replace variable Row (order 1),hidden,stillborn
2,misc/SPARK2/Ada-SPARK-Binomial-Coefficient,20261071,replace variable K (order 1),hidden,stillborn
2,misc/SPARK2/Ada-SPARK-Binomial-Coefficient,20261071,replace variable Row (order 1),hidden,stillborn
2,misc/SPARK2/Ada-SPARK-Binomial-Coefficient,20261071,replace variable Row (order 1),hidden,stillborn
2,misc/SPARK2/Ada-SPARK-Binomial-Coefficient,20261071,replace variable I (order 1),hidden,killed
2,misc/SPARK2/Ada-SPARK-Binomial-Coefficient,20261071,replace variable Row (order 1),hidden,stillborn
2,misc/SPARK2/Ada-SPARK-Binomial-Coefficient,20261071,replace variable J (order 1),hidden,killed
2,misc/SPARK2/Ada-SPARK-Binomial-Coefficient,20261071,replace variable J (order 1),hidden,killed
2,misc/SPARK2/Ada-SPARK-Binomial-Coefficient,20261071,replace variable N (order 1),hidden,killed
2,misc/SPARK2/Ada-SPARK-Binomial-Coefficient,20261071,loop direction forward (order 1),hidden,killed
2,misc/SPARK2/Ada-SPARK-Binomial-Coefficient,20261071,replace variable Row (order 1),hidden,stillborn
2,misc/SPARK2/Ada-SPARK-Binomial-Coefficient,20261071,replace variable J (order 1),hidden,stillborn
2,misc/SPARK2/Ada-SPARK-Binomial-Coefficient,20261071,replace variable N (order 1),hidden,stillborn
2,misc/SPARK2/Ada-SPARK-Binomial-Coefficient,20261071,replace variable J (order 1),hidden,stillborn
2,misc/SPARK2/Ada-SPARK-Binomial-Coefficient,20261071,replace variable Row (order 1),hidden,stillborn
2,misc/SPARK2/Ada-SPARK-Binomial-Coefficient,20261071,replace variable J (order 1),hidden,killed
2,misc/SPARK2/Ada-SPARK-Binomial-Coefficient,20261071,replace variable I (order 1),hidden,survived
2,misc/SPARK2/Ada-SPARK-Binomial-Coefficient,20261071,replace variable J (order 1),hidden,killed
2,misc/SPARK2/Ada-SPARK-Binomial-Coefficient,20261071,replace variable Row (order 1),hidden,stillborn
2,misc/SPARK2/Ada-SPARK-Binomial-Coefficient,20261071,replace variable N (order 1),hidden,stillborn
2,misc/SPARK2/Ada-SPARK-Binomial-Coefficient,20261071,replace variable Row (order 1),hidden,stillborn
2,misc/SPARK2/Ada-SPARK-Binomial-Coefficient,20261071,replace variable J (order 1),hidden,stillborn
2,misc/SPARK2/Ada-SPARK-Binomial-Coefficient,20261071,replace variable K (order 1),hidden,stillborn
2,misc/SPARK2/Ada-SPARK-Binomial-Coefficient,20261071,return value (order 1),hidden,killed
2,misc/SPARK2/Ada-SPARK-Binomial-Coefficient,20261071,replace variable Row (order 1),hidden,stillborn
2,misc/SPARK2/Ada-SPARK-Binomial-Coefficient,20261071,replace variable Row (order 1),hidden,stillborn
2,misc/SPARK2/Ada-SPARK-Binomial-Coefficient,20261071,replace variable Row (order 1),hidden,stillborn
2,misc/SPARK2/Ada-SPARK-Binomial-Coefficient,20261071,replace variable Row (order 1),hidden,stillborn
2,misc/SPARK2/Ada-SPARK-Binomial-Coefficient,20261071,replace variable Row (order 1),hidden,stillborn
2,misc/SPARK2/Ada-SPARK-Binomial-Coefficient,20261071,std combination (order 3),hidden,killed
2,misc/SPARK2/Ada-SPARK-Combination-Sum,20261071,replace variable W (order 1),hidden,stillborn
2,misc/SPARK2/Ada-SPARK-Combination-Sum,20261071,replace variable Value (order 1),hidden,killed
2,misc/SPARK2/Ada-SPARK-Combination-Sum,20261071,replace variable V (order 1),hidden,stillborn
2,misc/SPARK2/Ada-SPARK-Combination-Sum,20261071,replace variable Max_Part (order 1),hidden,killed
2,misc/SPARK2/Ada-SPARK-Combination-Sum,20261071,loop direction forward (order 1),hidden,killed
2,misc/SPARK2/Ada-SPARK-Combination-Sum,20261071,replace variable V (order 1),hidden,killed
2,misc/SPARK2/Ada-SPARK-Combination-Sum,20261071,replace variable W (order 1),hidden,stillborn
2,misc/SPARK2/Ada-SPARK-Combination-Sum,20261071,replace variable W (order 1),hidden,stillborn
2,misc/SPARK2/Ada-SPARK-Combination-Sum,20261071,replace variable C (order 1),hidden,stillborn
2,misc/SPARK2/Ada-SPARK-Combination-Sum,20261071,replace variable Value (order 1),hidden,stillborn
2,misc/SPARK2/Ada-SPARK-Combination-Sum,20261071,replace variable Value (order 1),hidden,stillborn
2,misc/SPARK2/Ada-SPARK-Combination-Sum,20261071,replace variable W (order 1),hidden,stillborn
2,misc/SPARK2/Ada-SPARK-Combination-Sum,20261071,replace variable W (order 1),hidden,stillborn
2,misc/SPARK2/Ada-SPARK-Combination-Sum,20261071,replace variable W (order 1),hidden,stillborn
2,misc/SPARK2/Ada-SPARK-Combination-Sum,20261071,replace variable Value (order 1),hidden,stillborn
2,misc/SPARK2/Ada-SPARK-Combination-Sum,20261071,replace variable W (order 1),hidden,stillborn
2,misc/SPARK2/Ada-SPARK-Combination-Sum,20261071,replace variable C (order 1),hidden,stillborn
2,misc/SPARK2/Ada-SPARK-Combination-Sum,20261071,replace variable Max_Part (order 1),hidden,stillborn
2,misc/SPARK2/Ada-SPARK-Combination-Sum,20261071,replace variable C (order 1),hidden,stillborn
2,misc/SPARK2/Ada-SPARK-Combination-Sum,20261071,replace variable C (order 1),hidden,stillborn
2,misc/SPARK2/Ada-SPARK-Combination-Sum,20261071,replace variable V (order 1),hidden,killed
2,misc/SPARK2/Ada-SPARK-Combination-Sum,20261071,replace variable V (order 1),hidden,killed
2,misc/SPARK2/Ada-SPARK-Combination-Sum,20261071,replace variable Value (order 1),hidden,stillborn
2,misc/SPARK2/Ada-SPARK-Combination-Sum,20261071,replace variable W (order 1),hidden,stillborn
2,misc/SPARK2/Ada-SPARK-Combination-Sum,20261071,replace variable W (order 1),hidden,stillborn
2,misc/SPARK2/Ada-SPARK-Combination-Sum,20261071,replace variable V (order 1),hidden,stillborn
2,misc/SPARK2/Ada-SPARK-Combination-Sum,20261071,replace variable W (order 1),hidden,stillborn
2,misc/SPARK2/Ada-SPARK-Combination-Sum,20261071,replace variable Value (order 1),hidden,stillborn
2,misc/SPARK2/Ada-SPARK-Combination-Sum,20261071,return value (order 1),hidden,killed
2,misc/SPARK2/Ada-SPARK-Combination-Sum,20261071,replace variable Value (order 1),hidden,stillborn
2,misc/SPARK2/Ada-SPARK-Combination-Sum,20261071,replace variable C (order 1),hidden,killed
2,misc/SPARK2/Ada-SPARK-Combination-Sum,20261071,replace variable V (order 1),hidden,stillborn
2,misc/SPARK2/Ada-SPARK-Combination-Sum,20261071,replace variable Max_Part (order 1),hidden,stillborn
2,misc/SPARK2/Ada-SPARK-Combination-Sum,20261071,replace variable C (order 1),hidden,stillborn
2,misc/SPARK2/Ada-SPARK-Combination-Sum,20261071,replace variable Value (order 1),hidden,stillborn
2,misc/SPARK2/Ada-SPARK-Combination-Sum,20261071,replace variable V (order 1),hidden,stillborn
2,misc/SPARK2/Ada-SPARK-Combination-Sum,20261071,replace variable C (order 1),hidden,killed
2,misc/SPARK2/Ada-SPARK-Combination-Sum,20261071,replace variable Value (order 1),hidden,stillborn
2,misc/SPARK2/Ada-SPARK-Combination-Sum,20261071,replace variable Value (order 1),hidden,killed
2,misc/SPARK2/Ada-SPARK-Combination-Sum,20261071,replace variable W (order 1),hidden,stillborn
2,misc/SPARK2/Ada-SPARK-Combination-Sum,20261071,replace variable Value (order 1),hidden,stillborn
2,misc/SPARK2/Ada-SPARK-Combination-Sum,20261071,loop direction forward (order 1),hidden,killed
2,misc/SPARK2/Ada-SPARK-Combination-Sum,20261071,replace variable W (order 1),hidden,stillborn
2,misc/SPARK2/Ada-SPARK-Combination-Sum,20261071,replace variable C (order 1),hidden,killed
2,misc/SPARK2/Ada-SPARK-Combination-Sum,20261071,replace variable V (order 1),hidden,stillborn
2,misc/SPARK2/Ada-SPARK-Combination-Sum,20261071,replace variable W (order 1),hidden,stillborn
2,misc/SPARK2/Ada-SPARK-Combination-Sum,20261071,replace variable Value (order 1),hidden,stillborn
2,misc/SPARK2/Ada-SPARK-Combination-Sum,20261071,replace variable V (order 1),hidden,killed
2,misc/SPARK2/Ada-SPARK-Combination-Sum,20261071,replace variable Value (order 1),hidden,stillborn
2,misc/SPARK2/Ada-SPARK-Combination-Sum,20261071,replace variable Value (order 1),hidden,stillborn
2,misc/SPARK2/Ada-SPARK-Combination-Sum,20261071,replace variable Value (order 1),hidden,stillborn
2,misc/SPARK2/Ada-SPARK-Combination-Sum,20261071,replace variable V (order 1),hidden,killed
2,misc/SPARK2/Ada-SPARK-Combination-Sum,20261071,replace variable V (order 1),hidden,killed
2,misc/SPARK2/Ada-SPARK-Combination-Sum,20261071,replace variable Max_Part (order 1),hidden,stillborn
2,misc/SPARK2/Ada-SPARK-Combination-Sum,20261071,replace variable C (order 1),hidden,killed
2,misc/SPARK2/Ada-SPARK-Combination-Sum,20261071,replace variable W (order 1),hidden,stillborn
2,misc/SPARK2/Ada-SPARK-Combination-Sum,20261071,replace variable V (order 1),hidden,killed
2,misc/SPARK2/Ada-SPARK-Combination-Sum,20261071,replace variable Max_Part (order 1),hidden,stillborn
2,misc/SPARK2/Ada-SPARK-Combination-Sum,20261071,replace variable W (order 1),hidden,killed
2,misc/SPARK2/Ada-SPARK-Combination-Sum,20261071,replace variable W (order 1),hidden,survived
2,misc/SPARK2/Ada-SPARK-Combination-Sum,20261071,replace variable V (order 1),hidden,stillborn
2,misc/SPARK2/Ada-SPARK-Combination-Sum,20261071,replace variable W (order 1),hidden,stillborn
2,misc/SPARK2/Ada-SPARK-Combination-Sum,20261071,replace variable Value (order 1),hidden,stillborn
2,misc/SPARK2/Ada-SPARK-Combination-Sum,20261071,replace variable V (order 1),hidden,killed
2,misc/SPARK2/Ada-SPARK-Combination-Sum,20261071,replace variable W (order 1),hidden,stillborn
2,misc/SPARK2/Ada-SPARK-Combination-Sum,20261071,replace variable C (order 1),hidden,killed
2,misc/SPARK2/Ada-SPARK-Combination-Sum,20261071,replace variable Value (order 1),hidden,killed
2,misc/SPARK2/Ada-SPARK-Combination-Sum,20261071,replace variable V (order 1),hidden,killed
2,misc/SPARK2/Ada-SPARK-Combination-Sum,20261071,replace variable Value (order 1),hidden,stillborn
2,misc/SPARK2/Ada-SPARK-Combination-Sum,20261071,replace variable W (order 1),hidden,stillborn
2,misc/SPARK2/Ada-SPARK-Combination-Sum,20261071,replace variable Value (order 1),hidden,stillborn
2,misc/SPARK2/Ada-SPARK-Combination-Sum,20261071,replace variable Value (order 1),hidden,stillborn
2,misc/SPARK2/Ada-SPARK-Combination-Sum,20261071,replace variable W (order 1),hidden,stillborn
2,misc/SPARK2/Ada-SPARK-Combination-Sum,20261071,std combination (order 3),hidden,killed
2,misc/SPARK2/Ada-SPARK-Combination-Sum-II,20261071,replace variable W (order 1),hidden,stillborn
2,misc/SPARK2/Ada-SPARK-Combination-Sum-II,20261071,replace variable Value (order 1),hidden,killed
2,misc/SPARK2/Ada-SPARK-Combination-Sum-II,20261071,replace variable V (order 1),hidden,stillborn
2,misc/SPARK2/Ada-SPARK-Combination-Sum-II,20261071,replace variable Max_Part (order 1),hidden,killed
2,misc/SPARK2/Ada-SPARK-Combination-Sum-II,20261071,loop direction forward (order 1),hidden,killed
2,misc/SPARK2/Ada-SPARK-Combination-Sum-II,20261071,replace variable V (order 1),hidden,killed
2,misc/SPARK2/Ada-SPARK-Combination-Sum-II,20261071,replace variable W (order 1),hidden,stillborn
2,misc/SPARK2/Ada-SPARK-Combination-Sum-II,20261071,replace variable W (order 1),hidden,stillborn
2,misc/SPARK2/Ada-SPARK-Combination-Sum-II,20261071,replace variable C (order 1),hidden,stillborn
2,misc/SPARK2/Ada-SPARK-Combination-Sum-II,20261071,replace variable Value (order 1),hidden,stillborn
2,misc/SPARK2/Ada-SPARK-Combination-Sum-II,20261071,replace variable Value (order 1),hidden,stillborn
2,misc/SPARK2/Ada-SPARK-Combination-Sum-II,20261071,replace variable W (order 1),hidden,stillborn
2,misc/SPARK2/Ada-SPARK-Combination-Sum-II,20261071,replace variable W (order 1),hidden,stillborn
2,misc/SPARK2/Ada-SPARK-Combination-Sum-II,20261071,replace variable W (order 1),hidden,stillborn
2,misc/SPARK2/Ada-SPARK-Combination-Sum-II,20261071,replace variable Value (order 1),hidden,stillborn
2,misc/SPARK2/Ada-SPARK-Combination-Sum-II,20261071,replace variable W (order 1),hidden,stillborn
2,misc/SPARK2/Ada-SPARK-Combination-Sum-II,20261071,replace variable C (order 1),hidden,stillborn
2,misc/SPARK2/Ada-SPARK-Combination-Sum-II,20261071,replace variable Max_Part (order 1),hidden,stillborn
2,misc/SPARK2/Ada-SPARK-Combination-Sum-II,20261071,replace variable C (order 1),hidden,stillborn
2,misc/SPARK2/Ada-SPARK-Combination-Sum-II,20261071,replace variable C (order 1),hidden,stillborn
2,misc/SPARK2/Ada-SPARK-Combination-Sum-II,20261071,replace variable V (order 1),hidden,killed
2,misc/SPARK2/Ada-SPARK-Combination-Sum-II,20261071,replace variable V (order 1),hidden,killed
2,misc/SPARK2/Ada-SPARK-Combination-Sum-II,20261071,replace variable Value (order 1),hidden,stillborn
2,misc/SPARK2/Ada-SPARK-Combination-Sum-II,20261071,replace variable W (order 1),hidden,stillborn
2,misc/SPARK2/Ada-SPARK-Combination-Sum-II,20261071,replace variable W (order 1),hidden,stillborn
2,misc/SPARK2/Ada-SPARK-Combination-Sum-II,20261071,replace variable V (order 1),hidden,stillborn
2,misc/SPARK2/Ada-SPARK-Combination-Sum-II,20261071,replace variable W (order 1),hidden,stillborn
2,misc/SPARK2/Ada-SPARK-Combination-Sum-II,20261071,replace variable Value (order 1),hidden,stillborn
2,misc/SPARK2/Ada-SPARK-Combination-Sum-II,20261071,return value (order 1),hidden,killed
2,misc/SPARK2/Ada-SPARK-Combination-Sum-II,20261071,replace variable Value (order 1),hidden,stillborn
2,misc/SPARK2/Ada-SPARK-Combination-Sum-II,20261071,replace variable C (order 1),hidden,killed
2,misc/SPARK2/Ada-SPARK-Combination-Sum-II,20261071,replace variable V (order 1),hidden,stillborn
2,misc/SPARK2/Ada-SPARK-Combination-Sum-II,20261071,replace variable Max_Part (order 1),hidden,stillborn
2,misc/SPARK2/Ada-SPARK-Combination-Sum-II,20261071,replace variable C (order 1),hidden,stillborn
2,misc/SPARK2/Ada-SPARK-Combination-Sum-II,20261071,replace variable Value (order 1),hidden,stillborn
2,misc/SPARK2/Ada-SPARK-Combination-Sum-II,20261071,replace variable V (order 1),hidden,stillborn
2,misc/SPARK2/Ada-SPARK-Combination-Sum-II,20261071,replace variable C (order 1),hidden,killed
2,misc/SPARK2/Ada-SPARK-Combination-Sum-II,20261071,replace variable Value (order 1),hidden,stillborn
2,misc/SPARK2/Ada-SPARK-Combination-Sum-II,20261071,replace variable Value (order 1),hidden,killed
2,misc/SPARK2/Ada-SPARK-Combination-Sum-II,20261071,replace variable W (order 1),hidden,stillborn
2,misc/SPARK2/Ada-SPARK-Combination-Sum-II,20261071,replace variable Value (order 1),hidden,stillborn
2,misc/SPARK2/Ada-SPARK-Combination-Sum-II,20261071,loop direction reverse (order 1),hidden,killed
2,misc/SPARK2/Ada-SPARK-Combination-Sum-II,20261071,replace variable W (order 1),hidden,stillborn
2,misc/SPARK2/Ada-SPARK-Combination-Sum-II,20261071,replace variable C (order 1),hidden,killed
2,misc/SPARK2/Ada-SPARK-Combination-Sum-II,20261071,replace variable V (order 1),hidden,stillborn
2,misc/SPARK2/Ada-SPARK-Combination-Sum-II,20261071,replace variable W (order 1),hidden,stillborn
2,misc/SPARK2/Ada-SPARK-Combination-Sum-II,20261071,replace variable Value (order 1),hidden,stillborn
2,misc/SPARK2/Ada-SPARK-Combination-Sum-II,20261071,replace variable V (order 1),hidden,killed
2,misc/SPARK2/Ada-SPARK-Combination-Sum-II,20261071,replace variable Value (order 1),hidden,stillborn
2,misc/SPARK2/Ada-SPARK-Combination-Sum-II,20261071,replace variable Value (order 1),hidden,stillborn
2,misc/SPARK2/Ada-SPARK-Combination-Sum-II,20261071,replace variable Value (order 1),hidden,stillborn
2,misc/SPARK2/Ada-SPARK-Combination-Sum-II,20261071,replace variable V (order 1),hidden,killed
2,misc/SPARK2/Ada-SPARK-Combination-Sum-II,20261071,replace variable V (order 1),hidden,killed
2,misc/SPARK2/Ada-SPARK-Combination-Sum-II,20261071,replace variable Max_Part (order 1),hidden,stillborn
2,misc/SPARK2/Ada-SPARK-Combination-Sum-II,20261071,replace variable C (order 1),hidden,killed
2,misc/SPARK2/Ada-SPARK-Combination-Sum-II,20261071,replace variable W (order 1),hidden,stillborn
2,misc/SPARK2/Ada-SPARK-Combination-Sum-II,20261071,replace variable V (order 1),hidden,killed
2,misc/SPARK2/Ada-SPARK-Combination-Sum-II,20261071,replace variable Max_Part (order 1),hidden,stillborn
2,misc/SPARK2/Ada-SPARK-Combination-Sum-II,20261071,replace variable W (order 1),hidden,killed
2,misc/SPARK2/Ada-SPARK-Combination-Sum-II,20261071,replace variable W (order 1),hidden,killed
2,misc/SPARK2/Ada-SPARK-Combination-Sum-II,20261071,replace variable V (order 1),hidden,stillborn
2,misc/SPARK2/Ada-SPARK-Combination-Sum-II,20261071,replace variable W (order 1),hidden,stillborn
2,misc/SPARK2/Ada-SPARK-Combination-Sum-II,20261071,replace variable Value (order 1),hidden,stillborn
2,misc/SPARK2/Ada-SPARK-Combination-Sum-II,20261071,replace variable V (order 1),hidden,killed
2,misc/SPARK2/Ada-SPARK-Combination-Sum-II,20261071,replace variable W (order 1),hidden,stillborn
2,misc/SPARK2/Ada-SPARK-Combination-Sum-II,20261071,replace variable C (order 1),hidden,killed
2,misc/SPARK2/Ada-SPARK-Combination-Sum-II,20261071,replace variable Value (order 1),hidden,killed
2,misc/SPARK2/Ada-SPARK-Combination-Sum-II,20261071,replace variable V (order 1),hidden,killed
2,misc/SPARK2/Ada-SPARK-Combination-Sum-II,20261071,replace variable Value (order 1),hidden,stillborn
2,misc/SPARK2/Ada-SPARK-Combination-Sum-II,20261071,replace variable W (order 1),hidden,stillborn
2,misc/SPARK2/Ada-SPARK-Combination-Sum-II,20261071,replace variable Value (order 1),hidden,stillborn
2,misc/SPARK2/Ada-SPARK-Combination-Sum-II,20261071,replace variable Value (order 1),hidden,stillborn
2,misc/SPARK2/Ada-SPARK-Combination-Sum-II,20261071,replace variable W (order 1),hidden,stillborn
2,misc/SPARK2/Ada-SPARK-Combination-Sum-II,20261071,std combination (order 3),hidden,killed
2,misc/SPARK2/Ada-SPARK-Delete-And-Earn,20261071,replace variable Points (order 1),hidden,stillborn
2,misc/SPARK2/Ada-SPARK-Delete-And-Earn,20261071,replace variable X (order 1),hidden,killed
2,misc/SPARK2/Ada-SPARK-Delete-And-Earn,20261071,replace variable Points (order 1),hidden,killed
2,misc/SPARK2/Ada-SPARK-Delete-And-Earn,20261071,replace variable Nums (order 1),hidden,stillborn
2,misc/SPARK2/Ada-SPARK-Delete-And-Earn,20261071,replace variable B (order 1),hidden,stillborn
2,misc/SPARK2/Ada-SPARK-Delete-And-Earn,20261071,replace variable Last (order 1),hidden,stillborn
2,misc/SPARK2/Ada-SPARK-Delete-And-Earn,20261071,replace variable Nums (order 1),hidden,stillborn
2,misc/SPARK2/Ada-SPARK-Delete-And-Earn,20261071,replace variable Last (order 1),hidden,stillborn
2,misc/SPARK2/Ada-SPARK-Delete-And-Earn,20261071,replace variable B (order 1),hidden,stillborn
2,misc/SPARK2/Ada-SPARK-Delete-And-Earn,20261071,replace variable Nums (order 1),hidden,stillborn
2,misc/SPARK2/Ada-SPARK-Delete-And-Earn,20261071,replace variable Nums (order 1),hidden,stillborn
2,misc/SPARK2/Ada-SPARK-Delete-And-Earn,20261071,replace variable X (order 1),hidden,stillborn
2,misc/SPARK2/Ada-SPARK-Delete-And-Earn,20261071,replace variable Nums (order 1),hidden,stillborn
2,misc/SPARK2/Ada-SPARK-Delete-And-Earn,20261071,replace variable Last (order 1),hidden,stillborn
2,misc/SPARK2/Ada-SPARK-Delete-And-Earn,20261071,replace variable B (order 1),hidden,stillborn
2,misc/SPARK2/Ada-SPARK-Delete-And-Earn,20261071,replace variable I (order 1),hidden,stillborn
2,misc/SPARK2/Ada-SPARK-Delete-And-Earn,20261071,replace variable Last (order 1),hidden,stillborn
2,misc/SPARK2/Ada-SPARK-Delete-And-Earn,20261071,replace variable Nums (order 1),hidden,stillborn
2,misc/SPARK2/Ada-SPARK-Delete-And-Earn,20261071,replace variable Last (order 1),hidden,stillborn
2,misc/SPARK2/Ada-SPARK-Delete-And-Earn,20261071,replace variable Nums (order 1),hidden,killed
2,misc/SPARK2/Ada-SPARK-Delete-And-Earn,20261071,replace variable Nums (order 1),hidden,stillborn
2,misc/SPARK2/Ada-SPARK-Delete-And-Earn,20261071,replace variable Last (order 1),hidden,stillborn
2,misc/SPARK2/Ada-SPARK-Delete-And-Earn,20261071,replace variable Last (order 1),hidden,stillborn
2,misc/SPARK2/Ada-SPARK-Delete-And-Earn,20261071,replace variable X (order 1),hidden,stillborn
2,misc/SPARK2/Ada-SPARK-Delete-And-Earn,20261071,replace variable Nums (order 1),hidden,stillborn
2,misc/SPARK2/Ada-SPARK-Delete-And-Earn,20261071,replace variable X (order 1),hidden,stillborn
2,misc/SPARK2/Ada-SPARK-Delete-And-Earn,20261071,replace variable Points (order 1),hidden,stillborn
2,misc/SPARK2/Ada-SPARK-Delete-And-Earn,20261071,replace variable P1 (order 1),hidden,stillborn
2,misc/SPARK2/Ada-SPARK-Delete-And-Earn,20261071,replace variable I (order 1),hidden,stillborn
2,misc/SPARK2/Ada-SPARK-Delete-And-Earn,20261071,replace variable X (order 1),hidden,stillborn
2,misc/SPARK2/Ada-SPARK-Delete-And-Earn,20261071,replace variable I (order 1),hidden,stillborn
2,misc/SPARK2/Ada-SPARK-Delete-And-Earn,20261071,replace variable X (order 1),hidden,stillborn
2,misc/SPARK2/Ada-SPARK-Delete-And-Earn,20261071,replace variable Nums (order 1),hidden,stillborn
2,misc/SPARK2/Ada-SPARK-Delete-And-Earn,20261071,replace variable Nums (order 1),hidden,stillborn
2,misc/SPARK2/Ada-SPARK-Delete-And-Earn,20261071,replace variable X (order 1),hidden,stillborn
2,misc/SPARK2/Ada-SPARK-Delete-And-Earn,20261071,replace variable B (order 1),hidden,stillborn
2,misc/SPARK2/Ada-SPARK-Delete-And-Earn,20261071,replace variable B (order 1),hidden,stillborn
2,misc/SPARK2/Ada-SPARK-Delete-And-Earn,20261071,replace variable N (order 1),hidden,stillborn
2,misc/SPARK2/Ada-SPARK-Delete-And-Earn,20261071,replace variable Nums (order 1),hidden,stillborn
2,misc/SPARK2/Ada-SPARK-Delete-And-Earn,20261071,replace variable Nums (order 1),hidden,stillborn
2,misc/SPARK2/Ada-SPARK-Delete-And-Earn,20261071,replace variable Nums (order 1),hidden,stillborn
2,misc/SPARK2/Ada-SPARK-Delete-And-Earn,20261071,replace variable Last (order 1),hidden,stillborn
2,misc/SPARK2/Ada-SPARK-Delete-And-Earn,20261071,replace variable N (order 1),hidden,stillborn
2,misc/SPARK2/Ada-SPARK-Delete-And-Earn,20261071,replace variable Last (order 1),hidden,stillborn
2,misc/SPARK2/Ada-SPARK-Delete-And-Earn,20261071,replace variable X (order 1),hidden,stillborn
2,misc/SPARK2/Ada-SPARK-Delete-And-Earn,20261071,replace variable I (order 1),hidden,stillborn
2,misc/SPARK2/Ada-SPARK-Delete-And-Earn,20261071,replace variable K (order 1),hidden,stillborn
2,misc/SPARK2/Ada-SPARK-Delete-And-Earn,20261071,replace variable I (order 1),hidden,stillborn
2,misc/SPARK2/Ada-SPARK-Delete-And-Earn,20261071,replace variable Nums (order 1),hidden,stillborn
2,misc/SPARK2/Ada-SPARK-Delete-And-Earn,20261071,replace variable N (order 1),hidden,stillborn
2,misc/SPARK2/Ada-SPARK-Delete-And-Earn,20261071,replace variable Points (order 1),hidden,stillborn
2,misc/SPARK2/Ada-SPARK-Delete-And-Earn,20261071,replace variable I (order 1),hidden,stillborn
2,misc/SPARK2/Ada-SPARK-Delete-And-Earn,20261071,replace variable Nums (order 1),hidden,stillborn
2,misc/SPARK2/Ada-SPARK-Delete-And-Earn,20261071,replace variable I (order 1),hidden,stillborn
2,misc/SPARK2/Ada-SPARK-Delete-And-Earn,20261071,replace variable Points (order 1),hidden,stillborn
2,misc/SPARK2/Ada-SPARK-Delete-And-Earn,20261071,replace variable N (order 1),hidden,stillborn
2,misc/SPARK2/Ada-SPARK-Delete-And-Earn,20261071,replace variable B (order 1),hidden,stillborn
2,misc/SPARK2/Ada-SPARK-Delete-And-Earn,20261071,replace variable X (order 1),hidden,stillborn
2,misc/SPARK2/Ada-SPARK-Delete-And-Earn,20261071,replace variable B (order 1),hidden,stillborn
2,misc/SPARK2/Ada-SPARK-Delete-And-Earn,20261071,replace variable P2 (order 1),hidden,stillborn
2,misc/SPARK2/Ada-SPARK-Delete-And-Earn,20261071,replace variable P2 (order 1),hidden,stillborn
2,misc/SPARK2/Ada-SPARK-Delete-And-Earn,20261071,replace variable X (order 1),hidden,stillborn
2,misc/SPARK2/Ada-SPARK-Delete-And-Earn,20261071,replace variable B (order 1),hidden,stillborn
2,misc/SPARK2/Ada-SPARK-Delete-And-Earn,20261071,replace variable X (order 1),hidden,stillborn
2,misc/SPARK2/Ada-SPARK-Delete-And-Earn,20261071,replace variable X (order 1),hidden,stillborn
2,misc/SPARK2/Ada-SPARK-Delete-And-Earn,20261071,replace variable K (order 1),hidden,stillborn
2,misc/SPARK2/Ada-SPARK-Delete-And-Earn,20261071,replace variable I (order 1),hidden,stillborn
2,misc/SPARK2/Ada-SPARK-Delete-And-Earn,20261071,replace variable Nums (order 1),hidden,stillborn
2,misc/SPARK2/Ada-SPARK-Delete-And-Earn,20261071,replace variable Nums (order 1),hidden,stillborn
2,misc/SPARK2/Ada-SPARK-Delete-And-Earn,20261071,replace variable I (order 1),hidden,stillborn
2,misc/SPARK2/Ada-SPARK-Delete-And-Earn,20261071,replace variable X (order 1),hidden,stillborn
2,misc/SPARK2/Ada-SPARK-Delete-And-Earn,20261071,replace variable I (order 1),hidden,stillborn
2,misc/SPARK2/Ada-SPARK-Delete-And-Earn,20261071,replace variable Nums (order 1),hidden,stillborn
2,misc/SPARK2/Ada-SPARK-Delete-And-Earn,20261071,replace variable Nums (order 1),hidden,stillborn
2,misc/SPARK2/Ada-SPARK-Delete-And-Earn,20261071,replace variable B (order 1),hidden,stillborn
2,misc/SPARK2/Ada-SPARK-Delete-And-Earn,20261071,replace variable Nums (order 1),hidden,stillborn
2,misc/SPARK2/Ada-SPARK-Delete-And-Earn,20261071,replace variable B (order 1),hidden,stillborn
2,misc/SPARK2/Ada-SPARK-Delete-And-Earn,20261071,replace variable I (order 1),hidden,stillborn
2,misc/SPARK2/Ada-SPARK-Delete-And-Earn,20261071,replace variable B (order 1),hidden,stillborn
2,misc/SPARK2/Ada-SPARK-Delete-And-Earn,20261071,replace variable K (order 1),hidden,stillborn
2,misc/SPARK2/Ada-SPARK-Delete-And-Earn,20261071,replace variable N (order 1),hidden,stillborn
2,misc/SPARK2/Ada-SPARK-Delete-And-Earn,20261071,replace variable X (order 1),hidden,stillborn
2,misc/SPARK2/Ada-SPARK-Delete-And-Earn,20261071,replace variable X (order 1),hidden,stillborn
2,misc/SPARK2/Ada-SPARK-Delete-And-Earn,20261071,replace variable X (order 1),hidden,stillborn
2,misc/SPARK2/Ada-SPARK-Delete-And-Earn,20261071,replace variable Nums (order 1),hidden,stillborn
2,misc/SPARK2/Ada-SPARK-Delete-And-Earn,20261071,replace variable Last (order 1),hidden,stillborn
2,misc/SPARK2/Ada-SPARK-Delete-And-Earn,20261071,replace variable Last (order 1),hidden,stillborn
2,misc/SPARK2/Ada-SPARK-Delete-And-Earn,20261071,replace variable I (order 1),hidden,stillborn
2,misc/SPARK2/Ada-SPARK-Delete-And-Earn,20261071,replace variable K (order 1),hidden,stillborn
2,misc/SPARK2/Ada-SPARK-Delete-And-Earn,20261071,replace variable Last (order 1),hidden,stillborn
2,misc/SPARK2/Ada-SPARK-Delete-And-Earn,20261071,replace variable K (order 1),hidden,stillborn
2,misc/SPARK2/Ada-SPARK-Delete-And-Earn,20261071,replace variable N (order 1),hidden,stillborn
2,misc/SPARK2/Ada-SPARK-Delete-And-Earn,20261071,replace variable I (order 1),hidden,stillborn
2,misc/SPARK2/Ada-SPARK-Delete-And-Earn,20261071,replace variable Points (order 1),hidden,stillborn
2,misc/SPARK2/Ada-SPARK-Delete-And-Earn,20261071,replace variable X (order 1),hidden,stillborn
2,misc/SPARK2/Ada-SPARK-Delete-And-Earn,20261071,replace variable Nums (order 1),hidden,stillborn
2,misc/SPARK2/Ada-SPARK-Delete-And-Earn,20261071,replace variable N (order 1),hidden,stillborn
2,misc/SPARK2/Ada-SPARK-Delete-And-Earn,20261071,replace variable I (order 1),hidden,stillborn
2,misc/SPARK2/Ada-SPARK-Delete-And-Earn,20261071,replace variable Last (order 1),hidden,stillborn
2,misc/SPARK2/Ada-SPARK-Delete-And-Earn,20261071,replace variable X (order 1),hidden,stillborn
2,misc/SPARK2/Ada-SPARK-Delete-And-Earn,20261071,replace variable Points (order 1),hidden,stillborn
2,misc/SPARK2/Ada-SPARK-Delete-And-Earn,20261071,replace variable Last (order 1),hidden,stillborn
2,misc/SPARK2/Ada-SPARK-Delete-And-Earn,20261071,replace variable N (order 1),hidden,stillborn
2,misc/SPARK2/Ada-SPARK-Delete-And-Earn,20261071,replace variable I (order 1),hidden,stillborn
2,misc/SPARK2/Ada-SPARK-Delete-And-Earn,20261071,replace variable Last (order 1),hidden,stillborn
2,misc/SPARK2/Ada-SPARK-Delete-And-Earn,20261071,replace variable P2 (order 1),hidden,stillborn
2,misc/SPARK2/Ada-SPARK-Delete-And-Earn,20261071,replace variable Nums (order 1),hidden,killed
2,misc/SPARK2/Ada-SPARK-Delete-And-Earn,20261071,replace variable Points (order 1),hidden,stillborn
2,misc/SPARK2/Ada-SPARK-Delete-And-Earn,20261071,replace variable Points (order 1),hidden,stillborn
2,misc/SPARK2/Ada-SPARK-Delete-And-Earn,20261071,replace variable I (order 1),hidden,stillborn
2,misc/SPARK2/Ada-SPARK-Delete-And-Earn,20261071,replace variable Points (order 1),hidden,stillborn
2,misc/SPARK2/Ada-SPARK-Delete-And-Earn,20261071,replace variable X (order 1),hidden,stillborn
2,misc/SPARK2/Ada-SPARK-Delete-And-Earn,20261071,replace variable Nums (order 1),hidden,stillborn
2,misc/SPARK2/Ada-SPARK-Delete-And-Earn,20261071,replace variable Nums (order 1),hidden,stillborn
2,misc/SPARK2/Ada-SPARK-Delete-And-Earn,20261071,replace variable B (order 1),hidden,stillborn
2,misc/SPARK2/Ada-SPARK-Delete-And-Earn,20261071,replace variable Points (order 1),hidden,stillborn
2,misc/SPARK2/Ada-SPARK-Delete-And-Earn,20261071,replace variable Last (order 1),hidden,stillborn
2,misc/SPARK2/Ada-SPARK-Delete-And-Earn,20261071,replace variable Last (order 1),hidden,stillborn
2,misc/SPARK2/Ada-SPARK-Delete-And-Earn,20261071,replace variable P2 (order 1),hidden,stillborn
2,misc/SPARK2/Ada-SPARK-Delete-And-Earn,20261071,replace variable I (order 1),hidden,stillborn
2,misc/SPARK2/Ada-SPARK-Delete-And-Earn,20261071,replace variable Last (order 1),hidden,stillborn
2,misc/SPARK2/Ada-SPARK-Delete-And-Earn,20261071,replace variable Nums (order 1),hidden,stillborn
2,misc/SPARK2/Ada-SPARK-Delete-And-Earn,20261071,replace variable B (order 1),hidden,stillborn
2,misc/SPARK2/Ada-SPARK-Delete-And-Earn,20261071,replace variable Points (order 1),hidden,stillborn
2,misc/SPARK2/Ada-SPARK-Delete-And-Earn,20261071,replace variable K (order 1),hidden,stillborn
2,misc/SPARK2/Ada-SPARK-Delete-And-Earn,20261071,replace variable N (order 1),hidden,stillborn
2,misc/SPARK2/Ada-SPARK-Delete-And-Earn,20261071,replace variable Points (order 1),hidden,stillborn
2,misc/SPARK2/Ada-SPARK-Delete-And-Earn,20261071,replace variable X (order 1),hidden,stillborn
2,misc/SPARK2/Ada-SPARK-Delete-And-Earn,20261071,replace variable Nums (order 1),hidden,stillborn
2,misc/SPARK2/Ada-SPARK-Delete-And-Earn,20261071,replace variable Nums (order 1),hidden,stillborn
2,misc/SPARK2/Ada-SPARK-Delete-And-Earn,20261071,replace variable P2 (order 1),hidden,survived
2,misc/SPARK2/Ada-SPARK-Delete-And-Earn,20261071,replace variable X (order 1),hidden,stillborn
2,misc/SPARK2/Ada-SPARK-Delete-And-Earn,20261071,replace variable X (order 1),hidden,stillborn
2,misc/SPARK2/Ada-SPARK-Delete-And-Earn,20261071,replace variable X (order 1),hidden,stillborn
2,misc/SPARK2/Ada-SPARK-Delete-And-Earn,20261071,replace variable P1 (order 1),hidden,stillborn
2,misc/SPARK2/Ada-SPARK-Delete-And-Earn,20261071,replace variable Nums (order 1),hidden,stillborn
2,misc/SPARK2/Ada-SPARK-Delete-And-Earn,20261071,replace variable Points (order 1),hidden,stillborn
2,misc/SPARK2/Ada-SPARK-Delete-And-Earn,20261071,replace variable Last (order 1),hidden,stillborn
2,misc/SPARK2/Ada-SPARK-Delete-And-Earn,20261071,replace variable Nums (order 1),hidden,stillborn
2,misc/SPARK2/Ada-SPARK-Delete-And-Earn,20261071,replace variable Points (order 1),hidden,stillborn
2,misc/SPARK2/Ada-SPARK-Delete-And-Earn,20261071,replace variable K (order 1),hidden,stillborn
2,misc/SPARK2/Ada-SPARK-Delete-And-Earn,20261071,replace variable Nums (order 1),hidden,stillborn
2,misc/SPARK2/Ada-SPARK-Delete-And-Earn,20261071,replace variable I (order 1),hidden,stillborn
2,misc/SPARK2/Ada-SPARK-Delete-And-Earn,20261071,replace variable X (order 1),hidden,stillborn
2,misc/SPARK2/Ada-SPARK-Delete-And-Earn,20261071,replace variable Last (order 1),hidden,stillborn
2,misc/SPARK2/Ada-SPARK-Delete-And-Earn,20261071,replace variable I (order 1),hidden,stillborn
2,misc/SPARK2/Ada-SPARK-Delete-And-Earn,20261071,replace variable Nums (order 1),hidden,stillborn
2,misc/SPARK2/Ada-SPARK-Delete-And-Earn,20261071,replace variable Nums (order 1),hidden,stillborn
2,misc/SPARK2/Ada-SPARK-Delete-And-Earn,20261071,replace variable I (order 1),hidden,stillborn
2,misc/SPARK2/Ada-SPARK-Delete-And-Earn,20261071,replace variable I (order 1),hidden,stillborn
2,misc/SPARK2/Ada-SPARK-Delete-And-Earn,20261071,replace variable Nums (order 1),hidden,stillborn
2,misc/SPARK2/Ada-SPARK-Delete-And-Earn,20261071,replace variable Last (order 1),hidden,stillborn
2,misc/SPARK2/Ada-SPARK-Delete-And-Earn,20261071,replace variable I (order 1),hidden,stillborn
2,misc/SPARK2/Ada-SPARK-Delete-And-Earn,20261071,replace variable N (order 1),hidden,stillborn
2,misc/SPARK2/Ada-SPARK-Delete-And-Earn,20261071,replace variable I (order 1),hidden,stillborn
2,misc/SPARK2/Ada-SPARK-Delete-And-Earn,20261071,replace variable Points (order 1),hidden,stillborn
2,misc/SPARK2/Ada-SPARK-Delete-And-Earn,20261071,replace variable K (order 1),hidden,stillborn
2,misc/SPARK2/Ada-SPARK-Delete-And-Earn,20261071,replace variable Nums (order 1),hidden,stillborn
2,misc/SPARK2/Ada-SPARK-Delete-And-Earn,20261071,replace variable X (order 1),hidden,stillborn
2,misc/SPARK2/Ada-SPARK-Delete-And-Earn,20261071,replace variable B (order 1),hidden,stillborn
2,misc/SPARK2/Ada-SPARK-Delete-And-Earn,20261071,replace variable Last (order 1),hidden,killed
2,misc/SPARK2/Ada-SPARK-Delete-And-Earn,20261071,replace variable I (order 1),hidden,stillborn
2,misc/SPARK2/Ada-SPARK-Delete-And-Earn,20261071,replace variable Last (order 1),hidden,stillborn
2,misc/SPARK2/Ada-SPARK-Delete-And-Earn,20261071,replace variable Nums (order 1),hidden,stillborn
2,misc/SPARK2/Ada-SPARK-Delete-And-Earn,20261071,replace variable K (order 1),hidden,stillborn
2,misc/SPARK2/Ada-SPARK-Delete-And-Earn,20261071,replace variable Points (order 1),hidden,killed
2,misc/SPARK2/Ada-SPARK-Delete-And-Earn,20261071,replace variable X (order 1),hidden,stillborn
2,misc/SPARK2/Ada-SPARK-Delete-And-Earn,20261071,replace variable Last (order 1),hidden,stillborn
2,misc/SPARK2/Ada-SPARK-Delete-And-Earn,20261071,replace variable Last (order 1),hidden,stillborn
2,misc/SPARK2/Ada-SPARK-Delete-And-Earn,20261071,loop direction forward (order 1),hidden,stillborn
2,misc/SPARK2/Ada-SPARK-Delete-And-Earn,20261071,replace variable Nums (order 1),hidden,stillborn
2,misc/SPARK2/Ada-SPARK-Delete-And-Earn,20261071,replace variable Nums (order 1),hidden,stillborn
2,misc/SPARK2/Ada-SPARK-Delete-And-Earn,20261071,replace variable N (order 1),hidden,stillborn
2,misc/SPARK2/Ada-SPARK-Delete-And-Earn,20261071,replace variable Nums (order 1),hidden,stillborn
2,misc/SPARK2/Ada-SPARK-Delete-And-Earn,20261071,replace variable Points (order 1),hidden,stillborn
2,misc/SPARK2/Ada-SPARK-Delete-And-Earn,20261071,replace variable P1 (order 1),hidden,stillborn
2,misc/SPARK2/Ada-SPARK-Delete-And-Earn,20261071,replace variable X (order 1),hidden,stillborn
2,misc/SPARK2/Ada-SPARK-Delete-And-Earn,20261071,replace variable Last (order 1),hidden,stillborn
2,misc/SPARK2/Ada-SPARK-Delete-And-Earn,20261071,replace variable K (order 1),hidden,stillborn
2,misc/SPARK2/Ada-SPARK-Delete-And-Earn,20261071,replace variable N (order 1),hidden,stillborn
2,misc/SPARK2/Ada-SPARK-Delete-And-Earn,20261071,replace variable B (order 1),hidden,stillborn
2,misc/SPARK2/Ada-SPARK-Delete-And-Earn,20261071,replace variable B (order 1),hidden,stillborn
2,misc/SPARK2/Ada-SPARK-Delete-And-Earn,20261071,replace variable I (order 1),hidden,stillborn
2,misc/SPARK2/Ada-SPARK-Delete-And-Earn,20261071,replace variable N (order 1),hidden,stillborn
2,misc/SPARK2/Ada-SPARK-Delete-And-Earn,20261071,replace variable I (order 1),hidden,stillborn
2,misc/SPARK2/Ada-SPARK-Delete-And-Earn,20261071,replace variable Nums (order 1),hidden,stillborn
2,misc/SPARK2/Ada-SPARK-Delete-And-Earn,20261071,replace variable B (order 1),hidden,stillborn
2,misc/SPARK2/Ada-SPARK-Delete-And-Earn,20261071,replace variable Nums (order 1),hidden,stillborn
2,misc/SPARK2/Ada-SPARK-Delete-And-Earn,20261071,replace variable Points (order 1),hidden,stillborn
2,misc/SPARK2/Ada-SPARK-Delete-And-Earn,20261071,replace variable P1 (order 1),hidden,stillborn
2,misc/SPARK2/Ada-SPARK-Delete-And-Earn,20261071,replace variable Nums (order 1),hidden,stillborn
2,misc/SPARK2/Ada-SPARK-Delete-And-Earn,20261071,replace variable I (order 1),hidden,stillborn
2,misc/SPARK2/Ada-SPARK-Delete-And-Earn,20261071,replace variable X (order 1),hidden,stillborn
2,misc/SPARK2/Ada-SPARK-Delete-And-Earn,20261071,replace variable Nums (order 1),hidden,stillborn
2,misc/SPARK2/Ada-SPARK-Delete-And-Earn,20261071,replace variable Nums (order 1),hidden,stillborn
2,misc/SPARK2/Ada-SPARK-Delete-And-Earn,20261071,replace variable B (order 1),hidden,stillborn
2,misc/SPARK2/Ada-SPARK-Delete-And-Earn,20261071,replace variable N (order 1),hidden,stillborn
2,misc/SPARK2/Ada-SPARK-Delete-And-Earn,20261071,replace variable I (order 1),hidden,stillborn
2,misc/SPARK2/Ada-SPARK-Delete-And-Earn,20261071,replace variable Last (order 1),hidden,stillborn
2,misc/SPARK2/Ada-SPARK-Delete-And-Earn,20261071,replace variable K (order 1),hidden,stillborn
2,misc/SPARK2/Ada-SPARK-Delete-And-Earn,20261071,replace variable N (order 1),hidden,stillborn
2,misc/SPARK2/Ada-SPARK-Delete-And-Earn,20261071,replace variable I (order 1),hidden,stillborn
2,misc/SPARK2/Ada-SPARK-Delete-And-Earn,20261071,replace variable B (order 1),hidden,stillborn
2,misc/SPARK2/Ada-SPARK-Delete-And-Earn,20261071,replace variable Last (order 1),hidden,stillborn
2,misc/SPARK2/Ada-SPARK-Delete-And-Earn,20261071,replace variable B (order 1),hidden,stillborn
2,misc/SPARK2/Ada-SPARK-Delete-And-Earn,20261071,replace variable B (order 1),hidden,stillborn
2,misc/SPARK2/Ada-SPARK-Delete-And-Earn,20261071,replace variable Nums (order 1),hidden,stillborn
2,misc/SPARK2/Ada-SPARK-Delete-And-Earn,20261071,replace variable K (order 1),hidden,stillborn
2,misc/SPARK2/Ada-SPARK-Delete-And-Earn,20261071,replace variable N (order 1),hidden,stillborn
2,misc/SPARK2/Ada-SPARK-Delete-And-Earn,20261071,replace variable I (order 1),hidden,stillborn
2,misc/SPARK2/Ada-SPARK-Delete-And-Earn,20261071,replace variable Points (order 1),hidden,stillborn
2,misc/SPARK2/Ada-SPARK-Delete-And-Earn,20261071,replace variable Nums (order 1),hidden,stillborn
2,misc/SPARK2/Ada-SPARK-Delete-And-Earn,20261071,replace variable K (order 1),hidden,stillborn
2,misc/SPARK2/Ada-SPARK-Delete-And-Earn,20261071,replace variable K (order 1),hidden,stillborn
2,misc/SPARK2/Ada-SPARK-Delete-And-Earn,20261071,replace variable P1 (order 1),hidden,stillborn
2,misc/SPARK2/Ada-SPARK-Delete-And-Earn,20261071,replace variable Nums (order 1),hidden,stillborn
2,misc/SPARK2/Ada-SPARK-Delete-And-Earn,20261071,replace variable Last (order 1),hidden,stillborn
2,misc/SPARK2/Ada-SPARK-Delete-And-Earn,20261071,replace variable Last (order 1),hidden,stillborn
2,misc/SPARK2/Ada-SPARK-Delete-And-Earn,20261071,replace variable X (order 1),hidden,stillborn
2,misc/SPARK2/Ada-SPARK-Delete-And-Earn,20261071,replace variable Nums (order 1),hidden,stillborn
2,misc/SPARK2/Ada-SPARK-Delete-And-Earn,20261071,replace variable B (order 1),hidden,stillborn
2,misc/SPARK2/Ada-SPARK-Delete-And-Earn,20261071,replace variable I (order 1),hidden,stillborn
2,misc/SPARK2/Ada-SPARK-Delete-And-Earn,20261071,replace variable Points (order 1),hidden,stillborn
2,misc/SPARK2/Ada-SPARK-Delete-And-Earn,20261071,replace variable K (order 1),hidden,stillborn
2,misc/SPARK2/Ada-SPARK-Delete-And-Earn,20261071,replace variable Points (order 1),hidden,stillborn
2,misc/SPARK2/Ada-SPARK-Delete-And-Earn,20261071,'Max (order 1),hidden,killed
2,misc/SPARK2/Ada-SPARK-Delete-And-Earn,20261071,loop direction forward (order 1),hidden,killed
2,misc/SPARK2/Ada-SPARK-Delete-And-Earn,20261071,replace variable Nums (order 1),hidden,stillborn
2,misc/SPARK2/Ada-SPARK-Delete-And-Earn,20261071,replace variable Nums (order 1),hidden,stillborn
2,misc/SPARK2/Ada-SPARK-Delete-And-Earn,20261071,replace variable Last (order 1),hidden,stillborn
2,misc/SPARK2/Ada-SPARK-Delete-And-Earn,20261071,replace variable N (order 1),hidden,stillborn
2,misc/SPARK2/Ada-SPARK-Delete-And-Earn,20261071,replace variable I (order 1),hidden,stillborn
2,misc/SPARK2/Ada-SPARK-Delete-And-Earn,20261071,return value (order 1),hidden,killed
2,misc/SPARK2/Ada-SPARK-Delete-And-Earn,20261071,replace variable Nums (order 1),hidden,stillborn
2,misc/SPARK2/Ada-SPARK-Delete-And-Earn,20261071,replace variable Nums (order 1),hidden,stillborn
2,misc/SPARK2/Ada-SPARK-Delete-And-Earn,20261071,replace variable K (order 1),hidden,stillborn
2,misc/SPARK2/Ada-SPARK-Delete-And-Earn,20261071,replace variable B (order 1),hidden,stillborn
2,misc/SPARK2/Ada-SPARK-Delete-And-Earn,20261071,replace variable Nums (order 1),hidden,stillborn
2,misc/SPARK2/Ada-SPARK-Delete-And-Earn,20261071,replace variable Nums (order 1),hidden,stillborn
2,misc/SPARK2/Ada-SPARK-Delete-And-Earn,20261071,replace variable Nums (order 1),hidden,stillborn
2,misc/SPARK2/Ada-SPARK-Delete-And-Earn,20261071,replace variable P1 (order 1),hidden,stillborn
2,misc/SPARK2/Ada-SPARK-Delete-And-Earn,20261071,replace variable P2 (order 1),hidden,stillborn
2,misc/SPARK2/Ada-SPARK-Delete-And-Earn,20261071,replace variable B (order 1),hidden,stillborn
2,misc/SPARK2/Ada-SPARK-Delete-And-Earn,20261071,replace variable Last (order 1),hidden,stillborn
2,misc/SPARK2/Ada-SPARK-Delete-And-Earn,20261071,replace variable I (order 1),hidden,stillborn
2,misc/SPARK2/Ada-SPARK-Delete-And-Earn,20261071,replace variable Last (order 1),hidden,stillborn
2,misc/SPARK2/Ada-SPARK-Delete-And-Earn,20261071,replace variable X (order 1),hidden,stillborn
2,misc/SPARK2/Ada-SPARK-Delete-And-Earn,20261071,replace variable B (order 1),hidden,stillborn
2,misc/SPARK2/Ada-SPARK-Delete-And-Earn,20261071,replace variable B (order 1),hidden,stillborn
2,misc/SPARK2/Ada-SPARK-Delete-And-Earn,20261071,replace variable I (order 1),hidden,stillborn
2,misc/SPARK2/Ada-SPARK-Delete-And-Earn,20261071,replace variable X (order 1),hidden,stillborn
2,misc/SPARK2/Ada-SPARK-Delete-And-Earn,20261071,replace variable I (order 1),hidden,stillborn
2,misc/SPARK2/Ada-SPARK-Delete-And-Earn,20261071,replace variable I (order 1),hidden,stillborn
2,misc/SPARK2/Ada-SPARK-Delete-And-Earn,20261071,replace variable Last (order 1),hidden,stillborn
2,misc/SPARK2/Ada-SPARK-Delete-And-Earn,20261071,replace variable I (order 1),hidden,stillborn
2,misc/SPARK2/Ada-SPARK-Delete-And-Earn,20261071,replace variable N (order 1),hidden,stillborn
2,misc/SPARK2/Ada-SPARK-Delete-And-Earn,20261071,replace variable I (order 1),hidden,stillborn
2,misc/SPARK2/Ada-SPARK-Delete-And-Earn,20261071,replace variable I (order 1),hidden,stillborn
2,misc/SPARK2/Ada-SPARK-Delete-And-Earn,20261071,replace variable Last (order 1),hidden,stillborn
2,misc/SPARK2/Ada-SPARK-Delete-And-Earn,20261071,replace variable Last (order 1),hidden,stillborn
2,misc/SPARK2/Ada-SPARK-Delete-And-Earn,20261071,replace variable P1 (order 1),hidden,stillborn
2,misc/SPARK2/Ada-SPARK-Delete-And-Earn,20261071,replace variable Nums (order 1),hidden,stillborn
2,misc/SPARK2/Ada-SPARK-Delete-And-Earn,20261071,replace variable B (order 1),hidden,stillborn
2,misc/SPARK2/Ada-SPARK-Delete-And-Earn,20261071,replace variable Nums (order 1),hidden,stillborn
2,misc/SPARK2/Ada-SPARK-Delete-And-Earn,20261071,replace variable Nums (order 1),hidden,stillborn
2,misc/SPARK2/Ada-SPARK-Delete-And-Earn,20261071,replace variable B (order 1),hidden,stillborn
2,misc/SPARK2/Ada-SPARK-Delete-And-Earn,20261071,replace variable I (order 1),hidden,stillborn
2,misc/SPARK2/Ada-SPARK-Delete-And-Earn,20261071,replace variable B (order 1),hidden,stillborn
2,misc/SPARK2/Ada-SPARK-Delete-And-Earn,20261071,replace variable X (order 1),hidden,stillborn
2,misc/SPARK2/Ada-SPARK-Delete-And-Earn,20261071,loop direction forward (order 1),hidden,killed
2,misc/SPARK2/Ada-SPARK-Delete-And-Earn,20261071,replace variable P2 (order 1),hidden,stillborn
2,misc/SPARK2/Ada-SPARK-Delete-And-Earn,20261071,replace variable I (order 1),hidden,killed
2,misc/SPARK2/Ada-SPARK-Delete-And-Earn,20261071,replace variable Last (order 1),hidden,stillborn
2,misc/SPARK2/Ada-SPARK-Delete-And-Earn,20261071,replace variable Last (order 1),hidden,stillborn
2,misc/SPARK2/Ada-SPARK-Delete-And-Earn,20261071,replace variable Nums (order 1),hidden,stillborn
2,misc/SPARK2/Ada-SPARK-Delete-And-Earn,20261071,replace variable Last (order 1),hidden,stillborn
2,misc/SPARK2/Ada-SPARK-Delete-And-Earn,20261071,replace variable I (order 1),hidden,stillborn
2,misc/SPARK2/Ada-SPARK-Delete-And-Earn,20261071,replace variable Nums (order 1),hidden,stillborn
2,misc/SPARK2/Ada-SPARK-Delete-And-Earn,20261071,replace variable K (order 1),hidden,stillborn
2,misc/SPARK2/Ada-SPARK-Delete-And-Earn,20261071,replace variable K (order 1),hidden,stillborn
2,misc/SPARK2/Ada-SPARK-Delete-And-Earn,20261071,replace variable I (order 1),hidden,stillborn
2,misc/SPARK2/Ada-SPARK-Delete-And-Earn,20261071,replace variable K (order 1),hidden,stillborn
2,misc/SPARK2/Ada-SPARK-Delete-And-Earn,20261071,replace variable Nums (order 1),hidden,stillborn
2,misc/SPARK2/Ada-SPARK-Delete-And-Earn,20261071,replace variable P2 (order 1),hidden,stillborn
2,misc/SPARK2/Ada-SPARK-Delete-And-Earn,20261071,replace variable Last (order 1),hidden,stillborn
2,misc/SPARK2/Ada-SPARK-Delete-And-Earn,20261071,replace variable Points (order 1),hidden,stillborn
2,misc/SPARK2/Ada-SPARK-Delete-And-Earn,20261071,replace variable X (order 1),hidden,stillborn
2,misc/SPARK2/Ada-SPARK-Delete-And-Earn,20261071,replace variable Nums (order 1),hidden,killed
2,misc/SPARK2/Ada-SPARK-Delete-And-Earn,20261071,replace variable I (order 1),hidden,stillborn
2,misc/SPARK2/Ada-SPARK-Delete-And-Earn,20261071,replace variable I (order 1),hidden,stillborn
2,misc/SPARK2/Ada-SPARK-Delete-And-Earn,20261071,replace variable I (order 1),hidden,stillborn
2,misc/SPARK2/Ada-SPARK-Delete-And-Earn,20261071,replace variable Nums (order 1),hidden,stillborn
2,misc/SPARK2/Ada-SPARK-Delete-And-Earn,20261071,replace variable Nums (order 1),hidden,stillborn
2,misc/SPARK2/Ada-SPARK-Delete-And-Earn,20261071,replace variable Last (order 1),hidden,stillborn
2,misc/SPARK2/Ada-SPARK-Delete-And-Earn,20261071,replace variable Nums (order 1),hidden,stillborn
2,misc/SPARK2/Ada-SPARK-Delete-And-Earn,20261071,replace variable Nums (order 1),hidden,stillborn
2,misc/SPARK2/Ada-SPARK-Delete-And-Earn,20261071,replace variable I (order 1),hidden,stillborn
2,misc/SPARK2/Ada-SPARK-Delete-And-Earn,20261071,replace variable X (order 1),hidden,stillborn
2,misc/SPARK2/Ada-SPARK-Delete-And-Earn,20261071,replace variable B (order 1),hidden,stillborn
2,misc/SPARK2/Ada-SPARK-Delete-And-Earn,20261071,replace variable I (order 1),hidden,stillborn
2,misc/SPARK2/Ada-SPARK-Delete-And-Earn,20261071,replace variable N (order 1),hidden,stillborn
2,misc/SPARK2/Ada-SPARK-Delete-And-Earn,20261071,replace variable X (order 1),hidden,stillborn
2,misc/SPARK2/Ada-SPARK-Delete-And-Earn,20261071,replace variable I (order 1),hidden,stillborn
2,misc/SPARK2/Ada-SPARK-Delete-And-Earn,20261071,replace variable Nums (order 1),hidden,stillborn
2,misc/SPARK2/Ada-SPARK-Delete-And-Earn,20261071,replace variable N (order 1),hidden,stillborn
2,misc/SPARK2/Ada-SPARK-Delete-And-Earn,20261071,replace variable Nums (order 1),hidden,stillborn
2,misc/SPARK2/Ada-SPARK-Delete-And-Earn,20261071,replace variable K (order 1),hidden,stillborn
2,misc/SPARK2/Ada-SPARK-Delete-And-Earn,20261071,replace variable N (order 1),hidden,stillborn
2,misc/SPARK2/Ada-SPARK-Delete-And-Earn,20261071,replace variable Nums (order 1),hidden,stillborn
2,misc/SPARK2/Ada-SPARK-Delete-And-Earn,20261071,replace variable Nums (order 1),hidden,stillborn
2,misc/SPARK2/Ada-SPARK-Delete-And-Earn,20261071,replace variable Last (order 1),hidden,stillborn
2,misc/SPARK2/Ada-SPARK-Delete-And-Earn,20261071,replace variable N (order 1),hidden,stillborn
2,misc/SPARK2/Ada-SPARK-Delete-And-Earn,20261071,replace variable Points (order 1),hidden,stillborn
2,misc/SPARK2/Ada-SPARK-Delete-And-Earn,20261071,replace variable Points (order 1),hidden,stillborn
2,misc/SPARK2/Ada-SPARK-Delete-And-Earn,20261071,replace variable I (order 1),hidden,stillborn
2,misc/SPARK2/Ada-SPARK-Delete-And-Earn,20261071,replace variable B (order 1),hidden,stillborn
2,misc/SPARK2/Ada-SPARK-Delete-And-Earn,20261071,replace variable N (order 1),hidden,stillborn
2,misc/SPARK2/Ada-SPARK-Delete-And-Earn,20261071,replace variable Nums (order 1),hidden,stillborn
2,misc/SPARK2/Ada-SPARK-Delete-And-Earn,20261071,replace variable Nums (order 1),hidden,stillborn
2,misc/SPARK2/Ada-SPARK-Delete-And-Earn,20261071,replace variable N (order 1),hidden,stillborn
2,misc/SPARK2/Ada-SPARK-Delete-And-Earn,20261071,replace variable Last (order 1),hidden,stillborn
2,misc/SPARK2/Ada-SPARK-Delete-And-Earn,20261071,replace variable X (order 1),hidden,stillborn
2,misc/SPARK2/Ada-SPARK-Delete-And-Earn,20261071,replace variable Last (order 1),hidden,stillborn
2,misc/SPARK2/Ada-SPARK-Delete-And-Earn,20261071,replace variable X (order 1),hidden,stillborn
2,misc/SPARK2/Ada-SPARK-Delete-And-Earn,20261071,replace variable I (order 1),hidden,stillborn
2,misc/SPARK2/Ada-SPARK-Delete-And-Earn,20261071,replace variable I (order 1),hidden,stillborn
2,misc/SPARK2/Ada-SPARK-Delete-And-Earn,20261071,replace variable K (order 1),hidden,stillborn
2,misc/SPARK2/Ada-SPARK-Delete-And-Earn,20261071,replace variable Points (order 1),hidden,stillborn
2,misc/SPARK2/Ada-SPARK-Delete-And-Earn,20261071,replace variable Nums (order 1),hidden,stillborn
2,misc/SPARK2/Ada-SPARK-Delete-And-Earn,20261071,replace variable Nums (order 1),hidden,stillborn
2,misc/SPARK2/Ada-SPARK-Delete-And-Earn,20261071,replace variable B (order 1),hidden,stillborn
2,misc/SPARK2/Ada-SPARK-Delete-And-Earn,20261071,replace variable Points (order 1),hidden,stillborn
2,misc/SPARK2/Ada-SPARK-Delete-And-Earn,20261071,replace variable Nums (order 1),hidden,stillborn
2,misc/SPARK2/Ada-SPARK-Delete-And-Earn,20261071,replace variable Nums (order 1),hidden,stillborn
2,misc/SPARK2/Ada-SPARK-Delete-And-Earn,20261071,replace variable Last (order 1),hidden,stillborn
2,misc/SPARK2/Ada-SPARK-Delete-And-Earn,20261071,replace variable Points (order 1),hidden,stillborn
2,misc/SPARK2/Ada-SPARK-Delete-And-Earn,20261071,replace variable Nums (order 1),hidden,stillborn
2,misc/SPARK2/Ada-SPARK-Delete-And-Earn,20261071,replace variable I (order 1),hidden,stillborn
2,misc/SPARK2/Ada-SPARK-Delete-And-Earn,20261071,replace variable I (order 1),hidden,stillborn
2,misc/SPARK2/Ada-SPARK-Delete-And-Earn,20261071,replace variable B (order 1),hidden,stillborn
2,misc/SPARK2/Ada-SPARK-Delete-And-Earn,20261071,replace variable K (order 1),hidden,stillborn
2,misc/SPARK2/Ada-SPARK-Delete-And-Earn,20261071,replace variable X (order 1),hidden,stillborn
2,misc/SPARK2/Ada-SPARK-Delete-And-Earn,20261071,replace variable K (order 1),hidden,stillborn
2,misc/SPARK2/Ada-SPARK-Delete-And-Earn,20261071,replace variable I (order 1),hidden,stillborn
2,misc/SPARK2/Ada-SPARK-Delete-And-Earn,20261071,replace variable X (order 1),hidden,stillborn
2,misc/SPARK2/Ada-SPARK-Delete-And-Earn,20261071,replace variable Points (order 1),hidden,stillborn
2,misc/SPARK2/Ada-SPARK-Delete-And-Earn,20261071,replace variable Points (order 1),hidden,stillborn
2,misc/SPARK2/Ada-SPARK-Delete-And-Earn,20261071,replace variable Nums (order 1),hidden,stillborn
2,misc/SPARK2/Ada-SPARK-Delete-And-Earn,20261071,replace variable B (order 1),hidden,stillborn
2,misc/SPARK2/Ada-SPARK-Delete-And-Earn,20261071,replace variable N (order 1),hidden,stillborn
2,misc/SPARK2/Ada-SPARK-Delete-And-Earn,20261071,replace variable N (order 1),hidden,stillborn
2,misc/SPARK2/Ada-SPARK-Delete-And-Earn,20261071,replace variable Nums (order 1),hidden,stillborn
2,misc/SPARK2/Ada-SPARK-Delete-And-Earn,20261071,replace variable B (order 1),hidden,stillborn
2,misc/SPARK2/Ada-SPARK-Delete-And-Earn,20261071,replace variable B (order 1),hidden,stillborn
2,misc/SPARK2/Ada-SPARK-Delete-And-Earn,20261071,replace variable Last (order 1),hidden,stillborn
2,misc/SPARK2/Ada-SPARK-Delete-And-Earn,20261071,replace variable Last (order 1),hidden,stillborn
2,misc/SPARK2/Ada-SPARK-Delete-And-Earn,20261071,replace variable Nums (order 1),hidden,stillborn
2,misc/SPARK2/Ada-SPARK-Delete-And-Earn,20261071,replace variable K (order 1),hidden,stillborn
2,misc/SPARK2/Ada-SPARK-Delete-And-Earn,20261071,replace variable X (order 1),hidden,killed
2,misc/SPARK2/Ada-SPARK-Delete-And-Earn,20261071,replace variable Points (order 1),hidden,stillborn
2,misc/SPARK2/Ada-SPARK-Delete-And-Earn,20261071,replace variable Nums (order 1),hidden,stillborn
2,misc/SPARK2/Ada-SPARK-Delete-And-Earn,20261071,replace variable B (order 1),hidden,stillborn
2,misc/SPARK2/Ada-SPARK-Delete-And-Earn,20261071,replace variable Points (order 1),hidden,stillborn
2,misc/SPARK2/Ada-SPARK-Delete-And-Earn,20261071,replace variable K (order 1),hidden,stillborn
2,misc/SPARK2/Ada-SPARK-Delete-And-Earn,20261071,replace variable B (order 1),hidden,stillborn
2,misc/SPARK2/Ada-SPARK-Delete-And-Earn,20261071,replace variable I (order 1),hidden,stillborn
2,misc/SPARK2/Ada-SPARK-Delete-And-Earn,20261071,replace variable Last (order 1),hidden,stillborn
2,misc/SPARK2/Ada-SPARK-Delete-And-Earn,20261071,replace variable B (order 1),hidden,stillborn
2,misc/SPARK2/Ada-SPARK-Delete-And-Earn,20261071,replace variable I (order 1),hidden,killed
2,misc/SPARK2/Ada-SPARK-Delete-And-Earn,20261071,replace variable X (order 1),hidden,killed
2,misc/SPARK2/Ada-SPARK-Delete-And-Earn,20261071,replace variable I (order 1),hidden,stillborn
2,misc/SPARK2/Ada-SPARK-Delete-And-Earn,20261071,replace variable K (order 1),hidden,stillborn
2,misc/SPARK2/Ada-SPARK-Delete-And-Earn,20261071,replace variable Nums (order 1),hidden,stillborn
2,misc/SPARK2/Ada-SPARK-Delete-And-Earn,20261071,replace variable Nums (order 1),hidden,stillborn
2,misc/SPARK2/Ada-SPARK-Delete-And-Earn,20261071,replace variable Last (order 1),hidden,stillborn
2,misc/SPARK2/Ada-SPARK-Delete-And-Earn,20261071,replace variable Nums (order 1),hidden,stillborn
2,misc/SPARK2/Ada-SPARK-Delete-And-Earn,20261071,replace variable I (order 1),hidden,stillborn
2,misc/SPARK2/Ada-SPARK-Delete-And-Earn,20261071,replace variable Last (order 1),hidden,stillborn
2,misc/SPARK2/Ada-SPARK-Delete-And-Earn,20261071,replace variable X (order 1),hidden,stillborn
2,misc/SPARK2/Ada-SPARK-Delete-And-Earn,20261071,replace variable Points (order 1),hidden,stillborn
2,misc/SPARK2/Ada-SPARK-Delete-And-Earn,20261071,replace variable Nums (order 1),hidden,stillborn
2,misc/SPARK2/Ada-SPARK-Delete-And-Earn,20261071,replace variable Nums (order 1),hidden,stillborn
2,misc/SPARK2/Ada-SPARK-Delete-And-Earn,20261071,replace variable Nums (order 1),hidden,stillborn
2,misc/SPARK2/Ada-SPARK-Delete-And-Earn,20261071,replace variable Last (order 1),hidden,stillborn
2,misc/SPARK2/Ada-SPARK-Delete-And-Earn,20261071,replace variable B (order 1),hidden,stillborn
2,misc/SPARK2/Ada-SPARK-Delete-And-Earn,20261071,replace variable Nums (order 1),hidden,stillborn
2,misc/SPARK2/Ada-SPARK-Delete-And-Earn,20261071,replace variable Points (order 1),hidden,stillborn
2,misc/SPARK2/Ada-SPARK-Delete-And-Earn,20261071,replace variable Last (order 1),hidden,stillborn
2,misc/SPARK2/Ada-SPARK-Delete-And-Earn,20261071,replace variable Last (order 1),hidden,stillborn
2,misc/SPARK2/Ada-SPARK-Delete-And-Earn,20261071,replace variable N (order 1),hidden,stillborn
2,misc/SPARK2/Ada-SPARK-Delete-And-Earn,20261071,replace variable X (order 1),hidden,stillborn
2,misc/SPARK2/Ada-SPARK-Delete-And-Earn,20261071,replace variable B (order 1),hidden,stillborn
2,misc/SPARK2/Ada-SPARK-Delete-And-Earn,20261071,replace variable Points (order 1),hidden,stillborn
2,misc/SPARK2/Ada-SPARK-Delete-And-Earn,20261071,replace variable P2 (order 1),hidden,stillborn
2,misc/SPARK2/Ada-SPARK-Delete-And-Earn,20261071,replace variable Nums (order 1),hidden,stillborn
2,misc/SPARK2/Ada-SPARK-Delete-And-Earn,20261071,replace variable B (order 1),hidden,stillborn
2,misc/SPARK2/Ada-SPARK-Delete-And-Earn,20261071,replace variable P1 (order 1),hidden,survived
2,misc/SPARK2/Ada-SPARK-Delete-And-Earn,20261071,replace variable Nums (order 1),hidden,stillborn
2,misc/SPARK2/Ada-SPARK-Delete-And-Earn,20261071,replace variable Nums (order 1),hidden,stillborn
2,misc/SPARK2/Ada-SPARK-Delete-And-Earn,20261071,replace variable Nums (order 1),hidden,stillborn
2,misc/SPARK2/Ada-SPARK-Delete-And-Earn,20261071,replace variable K (order 1),hidden,stillborn
2,misc/SPARK2/Ada-SPARK-Delete-And-Earn,20261071,replace variable I (order 1),hidden,stillborn
2,misc/SPARK2/Ada-SPARK-Delete-And-Earn,20261071,replace variable Nums (order 1),hidden,stillborn
2,misc/SPARK2/Ada-SPARK-Delete-And-Earn,20261071,replace variable Nums (order 1),hidden,stillborn
2,misc/SPARK2/Ada-SPARK-Delete-And-Earn,20261071,replace variable Points (order 1),hidden,stillborn
2,misc/SPARK2/Ada-SPARK-Delete-And-Earn,20261071,replace variable B (order 1),hidden,stillborn
2,misc/SPARK2/Ada-SPARK-Delete-And-Earn,20261071,replace variable Nums (order 1),hidden,stillborn
2,misc/SPARK2/Ada-SPARK-Delete-And-Earn,20261071,replace variable Nums (order 1),hidden,stillborn
2,misc/SPARK2/Ada-SPARK-Delete-And-Earn,20261071,replace variable P1 (order 1),hidden,stillborn
2,misc/SPARK2/Ada-SPARK-Delete-And-Earn,20261071,replace variable Nums (order 1),hidden,stillborn
2,misc/SPARK2/Ada-SPARK-Delete-And-Earn,20261071,replace variable I (order 1),hidden,stillborn
2,misc/SPARK2/Ada-SPARK-Delete-And-Earn,20261071,replace variable B (order 1),hidden,stillborn
2,misc/SPARK2/Ada-SPARK-Delete-And-Earn,20261071,replace variable X (order 1),hidden,stillborn
2,misc/SPARK2/Ada-SPARK-Delete-And-Earn,20261071,replace variable B (order 1),hidden,stillborn
2,misc/SPARK2/Ada-SPARK-Delete-And-Earn,20261071,replace variable X (order 1),hidden,stillborn
2,misc/SPARK2/Ada-SPARK-Delete-And-Earn,20261071,replace variable Nums (order 1),hidden,stillborn
2,misc/SPARK2/Ada-SPARK-Delete-And-Earn,20261071,replace variable I (order 1),hidden,stillborn
2,misc/SPARK2/Ada-SPARK-Delete-And-Earn,20261071,replace variable Last (order 1),hidden,killed
2,misc/SPARK2/Ada-SPARK-Delete-And-Earn,20261071,replace variable I (order 1),hidden,killed
2,misc/SPARK2/Ada-SPARK-Delete-And-Earn,20261071,return value (order 1),hidden,killed
2,misc/SPARK2/Ada-SPARK-Fibonacci-Number,20261071,replace variable N (order 1),hidden,stillborn
2,misc/SPARK2/Ada-SPARK-Fibonacci-Number,20261071,replace variable N (order 1),hidden,stillborn
2,misc/SPARK2/Ada-SPARK-Fibonacci-Number,20261071,replace variable Current (order 1),hidden,killed
2,misc/SPARK2/Ada-SPARK-Fibonacci-Number,20261071,replace variable Next (order 1),hidden,killed
2,misc/SPARK2/Ada-SPARK-Fibonacci-Number,20261071,replace variable Next (order 1),hidden,killed
2,misc/SPARK2/Ada-SPARK-Fibonacci-Number,20261071,replace variable Next (order 1),hidden,killed
2,misc/SPARK2/Ada-SPARK-Fibonacci-Number,20261071,replace variable N (order 1),hidden,killed
2,misc/SPARK2/Ada-SPARK-Fibonacci-Number,20261071,replace variable Previous (order 1),hidden,stillborn
2,misc/SPARK2/Ada-SPARK-Fibonacci-Number,20261071,replace variable N (order 1),hidden,killed
2,misc/SPARK2/Ada-SPARK-Fibonacci-Number,20261071,replace variable N (order 1),hidden,stillborn
2,misc/SPARK2/Ada-SPARK-Fibonacci-Number,20261071,return value (order 1),hidden,killed
2,misc/SPARK2/Ada-SPARK-Fibonacci-Number,20261071,replace variable Current (order 1),hidden,stillborn
2,misc/SPARK2/Ada-SPARK-Fibonacci-Number,20261071,replace variable Current (order 1),hidden,killed
2,misc/SPARK2/Ada-SPARK-Fibonacci-Number,20261071,replace variable N (order 1),hidden,stillborn
2,misc/SPARK2/Ada-SPARK-Fibonacci-Number,20261071,replace variable Previous (order 1),hidden,stillborn
2,misc/SPARK2/Ada-SPARK-Fibonacci-Number,20261071,replace variable Current (order 1),hidden,stillborn
2,misc/SPARK2/Ada-SPARK-Fibonacci-Number,20261071,replace variable Current (order 1),hidden,killed
2,misc/SPARK2/Ada-SPARK-Fibonacci-Number,20261071,replace variable Previous (order 1),hidden,stillborn
2,misc/SPARK2/Ada-SPARK-Fibonacci-Number,20261071,replace variable Previous (order 1),hidden,survived
2,misc/SPARK2/Ada-SPARK-Fibonacci-Number,20261071,replace variable Current (order 1),hidden,stillborn
2,misc/SPARK2/Ada-SPARK-Fibonacci-Number,20261071,replace variable N (order 1),hidden,stillborn
2,misc/SPARK2/Ada-SPARK-Fibonacci-Number,20261071,replace variable N (order 1),hidden,survived
2,misc/SPARK2/Ada-SPARK-Fibonacci-Number,20261071,replace variable N (order 1),hidden,stillborn
2,misc/SPARK2/Ada-SPARK-Fibonacci-Number,20261071,replace variable Previous (order 1),hidden,killed
2,misc/SPARK2/Ada-SPARK-Fibonacci-Number,20261071,replace variable Previous (order 1),hidden,stillborn
2,misc/SPARK2/Ada-SPARK-Fibonacci-Number,20261071,replace variable Current (order 1),hidden,stillborn
2,misc/SPARK2/Ada-SPARK-Fibonacci-Number,20261071,replace variable N (order 1),hidden,killed
2,misc/SPARK2/Ada-SPARK-Fibonacci-Number,20261071,replace variable N (order 1),hidden,killed
2,misc/SPARK2/Ada-SPARK-Fibonacci-Number,20261071,replace variable Current (order 1),hidden,killed
2,misc/SPARK2/Ada-SPARK-Fibonacci-Number,20261071,replace variable Current (order 1),hidden,killed
2,misc/SPARK2/Ada-SPARK-Fibonacci-Number,20261071,replace variable Previous (order 1),hidden,stillborn
2,misc/SPARK2/Ada-SPARK-Fibonacci-Number,20261071,replace variable Current (order 1),hidden,survived
2,misc/SPARK2/Ada-SPARK-Fibonacci-Number,20261071,replace variable Current (order 1),hidden,stillborn
2,misc/SPARK2/Ada-SPARK-Fibonacci-Number,20261071,replace variable Current (order 1),hidden,killed
2,misc/SPARK2/Ada-SPARK-Fibonacci-Number,20261071,replace variable N (order 1),hidden,killed
2,misc/SPARK2/Ada-SPARK-Fibonacci-Number,20261071,replace variable Current (order 1),hidden,stillborn
2,misc/SPARK2/Ada-SPARK-Fibonacci-Number,20261071,return value (order 1),hidden,killed
2,misc/SPARK2/Ada-SPARK-Fibonacci-Number,20261071,replace variable Current (order 1),hidden,killed
2,misc/SPARK2/Ada-SPARK-Fibonacci-Number,20261071,return value (order 1),hidden,killed
2,misc/SPARK2/Ada-SPARK-Fibonacci-Number,20261071,replace variable Next (order 1),hidden,killed
2,misc/SPARK2/Ada-SPARK-Fibonacci-Number,20261071,loop direction forward (order 1),hidden,killed
2,misc/SPARK2/Ada-SPARK-Fibonacci-Number,20261071,replace variable Previous (order 1),hidden,killed
2,misc/SPARK2/Ada-SPARK-Fibonacci-Number,20261071,replace variable Current (order 1),hidden,stillborn
2,misc/SPARK2/Ada-SPARK-Fibonacci-Number,20261071,replace variable Current (order 1),hidden,killed
2,misc/SPARK2/Ada-SPARK-Fibonacci-Number,20261071,std combination (order 2),hidden,killed
2,misc/SPARK2/Ada-SPARK-Fibonacci-Number,20261071,std combination (order 3),hidden,killed
2,concurrency/SPARK2/Course-Schedule,20261071,replace variable X (order 1),hidden,stillborn
2,concurrency/SPARK2/Course-Schedule,20261071,replace variable Done (order 1),hidden,stillborn
2,concurrency/SPARK2/Course-Schedule,20261071,replace variable Upto (order 1),hidden,stillborn
2,concurrency/SPARK2/Course-Schedule,20261071,replace variable Done (order 1),hidden,stillborn
2,concurrency/SPARK2/Course-Schedule,20261071,replace variable C (order 1),hidden,stillborn
2,concurrency/SPARK2/Course-Schedule,20261071,replace variable S (order 1),hidden,stillborn
2,concurrency/SPARK2/Course-Schedule,20261071,replace variable Rank (order 1),hidden,stillborn
2,concurrency/SPARK2/Course-Schedule,20261071,replace variable P (order 1),hidden,stillborn
2,concurrency/SPARK2/Course-Schedule,20261071,replace variable Pick (order 1),hidden,stillborn
2,concurrency/SPARK2/Course-Schedule,20261071,replace variable Step (order 1),hidden,stillborn
2,concurrency/SPARK2/Course-Schedule,20261071,replace variable S (order 1),hidden,stillborn
2,concurrency/SPARK2/Course-Schedule,20261071,replace variable Prerequisites (order 1),hidden,stillborn
2,concurrency/SPARK2/Course-Schedule,20261071,replace variable Done (order 1),hidden,stillborn
2,concurrency/SPARK2/Course-Schedule,20261071,replace variable B (order 1),hidden,stillborn
2,concurrency/SPARK2/Course-Schedule,20261071,replace variable C (order 1),hidden,stillborn
2,concurrency/SPARK2/Course-Schedule,20261071,replace variable C (order 1),hidden,stillborn
2,concurrency/SPARK2/Course-Schedule,20261071,replace variable Upto (order 1),hidden,stillborn
2,concurrency/SPARK2/Course-Schedule,20261071,replace variable Rank (order 1),hidden,stillborn
2,concurrency/SPARK2/Course-Schedule,20261071,replace variable X (order 1),hidden,stillborn
2,concurrency/SPARK2/Course-Schedule,20261071,replace variable Step (order 1),hidden,stillborn
2,concurrency/SPARK2/Course-Schedule,20261071,replace variable C (order 1),hidden,stillborn
2,concurrency/SPARK2/Course-Schedule,20261071,replace variable Upto (order 1),hidden,stillborn
2,concurrency/SPARK2/Course-Schedule,20261071,replace variable C (order 1),hidden,stillborn
2,concurrency/SPARK2/Course-Schedule,20261071,replace variable P (order 1),hidden,stillborn
2,concurrency/SPARK2/Course-Schedule,20261071,replace variable X (order 1),hidden,stillborn
2,concurrency/SPARK2/Course-Schedule,20261071,replace variable Stuck (order 1),hidden,stillborn
2,concurrency/SPARK2/Course-Schedule,20261071,replace variable C (order 1),hidden,stillborn
2,concurrency/SPARK2/Course-Schedule,20261071,replace variable P (order 1),hidden,stillborn
2,concurrency/SPARK2/Course-Schedule,20261071,replace variable Prerequisites (order 1),hidden,stillborn
2,concurrency/SPARK2/Course-Schedule,20261071,replace variable Done (order 1),hidden,stillborn
2,concurrency/SPARK2/Course-Schedule,20261071,replace variable P (order 1),hidden,stillborn
2,concurrency/SPARK2/Course-Schedule,20261071,replace variable P (order 1),hidden,stillborn
2,concurrency/SPARK2/Course-Schedule,20261071,replace variable P (order 1),hidden,stillborn
2,concurrency/SPARK2/Course-Schedule,20261071,replace variable P (order 1),hidden,stillborn
2,concurrency/SPARK2/Course-Schedule,20261071,replace variable S (order 1),hidden,stillborn
2,concurrency/SPARK2/Course-Schedule,20261071,replace variable A (order 1),hidden,stillborn
2,concurrency/SPARK2/Course-Schedule,20261071,replace variable Upto (order 1),hidden,stillborn
2,concurrency/SPARK2/Course-Schedule,20261071,replace variable Done (order 1),hidden,stillborn
2,concurrency/SPARK2/Course-Schedule,20261071,replace variable Done (order 1),hidden,killed
2,concurrency/SPARK2/Course-Schedule,20261071,replace variable C (order 1),hidden,stillborn
2,concurrency/SPARK2/Course-Schedule,20261071,replace variable Step (order 1),hidden,stillborn
2,concurrency/SPARK2/Course-Schedule,20261071,replace variable Step (order 1),hidden,stillborn
2,concurrency/SPARK2/Course-Schedule,20261071,replace variable P (order 1),hidden,stillborn
2,concurrency/SPARK2/Course-Schedule,20261071,replace variable Upto (order 1),hidden,stillborn
2,concurrency/SPARK2/Course-Schedule,20261071,replace variable C (order 1),hidden,stillborn
2,concurrency/SPARK2/Course-Schedule,20261071,replace variable C (order 1),hidden,stillborn
2,concurrency/SPARK2/Course-Schedule,20261071,replace variable Pick (order 1),hidden,stillborn
2,concurrency/SPARK2/Course-Schedule,20261071,replace variable Pick (order 1),hidden,stillborn
2,concurrency/SPARK2/Course-Schedule,20261071,replace variable C (order 1),hidden,stillborn
2,concurrency/SPARK2/Course-Schedule,20261071,replace variable A (order 1),hidden,stillborn
2,concurrency/SPARK2/Course-Schedule,20261071,replace variable Rank (order 1),hidden,stillborn
2,concurrency/SPARK2/Course-Schedule,20261071,replace variable Stuck (order 1),hidden,stillborn
2,concurrency/SPARK2/Course-Schedule,20261071,replace variable Done (order 1),hidden,stillborn
2,concurrency/SPARK2/Course-Schedule,20261071,replace variable Upto (order 1),hidden,stillborn
2,concurrency/SPARK2/Course-Schedule,20261071,replace variable Stuck (order 1),hidden,stillborn
2,concurrency/SPARK2/Course-Schedule,20261071,replace variable B (order 1),hidden,stillborn
2,concurrency/SPARK2/Course-Schedule,20261071,replace variable S (order 1),hidden,stillborn
2,concurrency/SPARK2/Course-Schedule,20261071,replace variable Done (order 1),hidden,stillborn
2,concurrency/SPARK2/Course-Schedule,20261071,replace variable Rank (order 1),hidden,stillborn
2,concurrency/SPARK2/Course-Schedule,20261071,replace variable C (order 1),hidden,stillborn
2,concurrency/SPARK2/Course-Schedule,20261071,replace variable Pick (order 1),hidden,stillborn
2,concurrency/SPARK2/Course-Schedule,20261071,replace variable Upto (order 1),hidden,stillborn
2,concurrency/SPARK2/Course-Schedule,20261071,replace variable Pick (order 1),hidden,stillborn
2,concurrency/SPARK2/Course-Schedule,20261071,replace variable Done (order 1),hidden,stillborn
2,concurrency/SPARK2/Course-Schedule,20261071,replace variable Pick (order 1),hidden,stillborn
2,concurrency/SPARK2/Course-Schedule,20261071,replace variable Done (order 1),hidden,stillborn
2,concurrency/SPARK2/Course-Schedule,20261071,replace variable Upto (order 1),hidden,stillborn
2,concurrency/SPARK2/Course-Schedule,20261071,replace variable C (order 1),hidden,stillborn
2,concurrency/SPARK2/Course-Schedule,20261071,replace variable Rank (order 1),hidden,stillborn
2,concurrency/SPARK2/Course-Schedule,20261071,replace variable C (order 1),hidden,stillborn
2,concurrency/SPARK2/Course-Schedule,20261071,replace variable S (order 1),hidden,stillborn
2,concurrency/SPARK2/Course-Schedule,20261071,replace variable Rank (order 1),hidden,stillborn
2,concurrency/SPARK2/Course-Schedule,20261071,replace variable C (order 1),hidden,stillborn
2,concurrency/SPARK2/Course-Schedule,20261071,replace variable Done (order 1),hidden,stillborn
2,concurrency/SPARK2/Course-Schedule,20261071,replace variable S (order 1),hidden,stillborn
2,concurrency/SPARK2/Course-Schedule,20261071,loop direction forward (order 1),hidden,survived
2,concurrency/SPARK2/Course-Schedule,20261071,replace variable Done (order 1),hidden,survived
2,concurrency/SPARK2/Course-Schedule,20261071,replace variable Done (order 1),hidden,stillborn
2,concurrency/SPARK2/Course-Schedule,20261071,replace variable Done (order 1),hidden,killed
2,concurrency/SPARK2/Course-Schedule,20261071,replace variable Pick (order 1),hidden,stillborn
2,concurrency/SPARK2/Course-Schedule,20261071,replace variable Step (order 1),hidden,stillborn
2,concurrency/SPARK2/Course-Schedule,20261071,replace variable C (order 1),hidden,stillborn
2,concurrency/SPARK2/Course-Schedule,20261071,replace variable A (order 1),hidden,stillborn
2,concurrency/SPARK2/Course-Schedule,20261071,replace variable Prerequisites (order 1),hidden,stillborn
2,concurrency/SPARK2/Course-Schedule,20261071,replace variable Done (order 1),hidden,stillborn
2,concurrency/SPARK2/Course-Schedule,20261071,replace variable Done (order 1),hidden,stillborn
2,concurrency/SPARK2/Course-Schedule,20261071,replace variable Rank (order 1),hidden,stillborn
2,concurrency/SPARK2/Course-Schedule,20261071,replace variable Prerequisites (order 1),hidden,stillborn
2,concurrency/SPARK2/Course-Schedule,20261071,replace variable P (order 1),hidden,stillborn
2,concurrency/SPARK2/Course-Schedule,20261071,replace variable C (order 1),hidden,stillborn
2,concurrency/SPARK2/Course-Schedule,20261071,replace variable Pick (order 1),hidden,stillborn
2,concurrency/SPARK2/Course-Schedule,20261071,replace variable A (order 1),hidden,stillborn
2,concurrency/SPARK2/Course-Schedule,20261071,replace variable Pick (order 1),hidden,stillborn
2,concurrency/SPARK2/Course-Schedule,20261071,replace variable C (order 1),hidden,stillborn
2,concurrency/SPARK2/Course-Schedule,20261071,replace variable Done (order 1),hidden,stillborn
2,concurrency/SPARK2/Course-Schedule,20261071,replace variable C (order 1),hidden,stillborn
2,concurrency/SPARK2/Course-Schedule,20261071,replace variable Rank (order 1),hidden,stillborn
2,concurrency/SPARK2/Course-Schedule,20261071,replace variable S (order 1),hidden,stillborn
2,concurrency/SPARK2/Course-Schedule,20261071,replace variable Done (order 1),hidden,stillborn
2,concurrency/SPARK2/Course-Schedule,20261071,replace variable S (order 1),hidden,stillborn
2,concurrency/SPARK2/Course-Schedule,20261071,replace variable S (order 1),hidden,stillborn
2,concurrency/SPARK2/Course-Schedule,20261071,replace variable Done (order 1),hidden,stillborn
2,concurrency/SPARK2/Course-Schedule,20261071,replace variable Done (order 1),hidden,stillborn
2,concurrency/SPARK2/Course-Schedule,20261071,replace variable Pick (order 1),hidden,killed
2,concurrency/SPARK2/Course-Schedule,20261071,replace variable Stuck (order 1),hidden,stillborn
2,concurrency/SPARK2/Course-Schedule,20261071,replace variable Upto (order 1),hidden,stillborn
2,concurrency/SPARK2/Course-Schedule,20261071,replace variable Done (order 1),hidden,stillborn
2,concurrency/SPARK2/Course-Schedule,20261071,replace variable P (order 1),hidden,stillborn
2,concurrency/SPARK2/Course-Schedule,20261071,replace variable Pick (order 1),hidden,stillborn
2,concurrency/SPARK2/Course-Schedule,20261071,replace variable S (order 1),hidden,stillborn
2,concurrency/SPARK2/Course-Schedule,20261071,replace variable Done (order 1),hidden,killed
2,concurrency/SPARK2/Course-Schedule,20261071,replace variable Pick (order 1),hidden,stillborn
2,concurrency/SPARK2/Course-Schedule,20261071,replace variable Stuck (order 1),hidden,stillborn
2,concurrency/SPARK2/Course-Schedule,20261071,replace variable C (order 1),hidden,stillborn
2,concurrency/SPARK2/Course-Schedule,20261071,replace variable Done (order 1),hidden,stillborn
2,concurrency/SPARK2/Course-Schedule,20261071,replace variable Rank (order 1),hidden,stillborn
2,concurrency/SPARK2/Course-Schedule,20261071,replace variable C (order 1),hidden,stillborn
2,concurrency/SPARK2/Course-Schedule,20261071,replace variable Upto (order 1),hidden,stillborn
2,concurrency/SPARK2/Course-Schedule,20261071,replace variable Pick (order 1),hidden,stillborn
2,concurrency/SPARK2/Course-Schedule,20261071,replace variable Pick (order 1),hidden,stillborn
2,concurrency/SPARK2/Course-Schedule,20261071,replace variable Done (order 1),hidden,stillborn
2,concurrency/SPARK2/Course-Schedule,20261071,replace variable Done (order 1),hidden,stillborn
2,concurrency/SPARK2/Course-Schedule,20261071,replace variable Upto (order 1),hidden,stillborn
2,concurrency/SPARK2/Course-Schedule,20261071,replace variable Done (order 1),hidden,stillborn
2,concurrency/SPARK2/Course-Schedule,20261071,replace variable C (order 1),hidden,stillborn
2,concurrency/SPARK2/Course-Schedule,20261071,replace variable S (order 1),hidden,stillborn
2,concurrency/SPARK2/Course-Schedule,20261071,replace variable S (order 1),hidden,stillborn
2,concurrency/SPARK2/Course-Schedule,20261071,replace variable Upto (order 1),hidden,stillborn
2,concurrency/SPARK2/Course-Schedule,20261071,replace variable P (order 1),hidden,stillborn
2,concurrency/SPARK2/Course-Schedule,20261071,replace variable C (order 1),hidden,stillborn
2,concurrency/SPARK2/Course-Schedule,20261071,replace variable C (order 1),hidden,stillborn
2,concurrency/SPARK2/Course-Schedule,20261071,replace variable C (order 1),hidden,stillborn
2,concurrency/SPARK2/Course-Schedule,20261071,replace variable C (order 1),hidden,stillborn
2,concurrency/SPARK2/Course-Schedule,20261071,replace variable P (order 1),hidden,stillborn
2,concurrency/SPARK2/Course-Schedule,20261071,replace variable C (order 1),hidden,stillborn
2,concurrency/SPARK2/Course-Schedule,20261071,replace variable Pick (order 1),hidden,stillborn
2,concurrency/SPARK2/Course-Schedule,20261071,replace variable Upto (order 1),hidden,stillborn
2,concurrency/SPARK2/Course-Schedule,20261071,replace variable S (order 1),hidden,stillborn
2,concurrency/SPARK2/Course-Schedule,20261071,replace variable C (order 1),hidden,stillborn
2,concurrency/SPARK2/Course-Schedule,20261071,replace variable Pick (order 1),hidden,stillborn
2,concurrency/SPARK2/Course-Schedule,20261071,replace variable B (order 1),hidden,stillborn
2,concurrency/SPARK2/Course-Schedule,20261071,replace variable S (order 1),hidden,stillborn
2,concurrency/SPARK2/Course-Schedule,20261071,replace variable A (order 1),hidden,stillborn
2,concurrency/SPARK2/Course-Schedule,20261071,replace variable Pick (order 1),hidden,stillborn
2,concurrency/SPARK2/Course-Schedule,20261071,replace variable P (order 1),hidden,stillborn
2,concurrency/SPARK2/Course-Schedule,20261071,replace variable Rank (order 1),hidden,stillborn
2,concurrency/SPARK2/Course-Schedule,20261071,replace variable P (order 1),hidden,stillborn
2,concurrency/SPARK2/Course-Schedule,20261071,replace variable P (order 1),hidden,stillborn
2,concurrency/SPARK2/Course-Schedule,20261071,replace variable Pick (order 1),hidden,stillborn
2,concurrency/SPARK2/Course-Schedule,20261071,replace variable Rank (order 1),hidden,stillborn
2,concurrency/SPARK2/Course-Schedule,20261071,replace variable S (order 1),hidden,stillborn
2,concurrency/SPARK2/Course-Schedule,20261071,replace variable Rank (order 1),hidden,stillborn
2,concurrency/SPARK2/Course-Schedule,20261071,replace variable Pick (order 1),hidden,stillborn
2,concurrency/SPARK2/Course-Schedule,20261071,replace variable S (order 1),hidden,stillborn
2,concurrency/SPARK2/Course-Schedule,20261071,replace variable Done (order 1),hidden,stillborn
2,concurrency/SPARK2/Course-Schedule,20261071,replace variable S (order 1),hidden,stillborn
2,concurrency/SPARK2/Course-Schedule,20261071,replace variable Upto (order 1),hidden,stillborn
2,concurrency/SPARK2/Course-Schedule,20261071,replace variable P (order 1),hidden,stillborn
2,concurrency/SPARK2/Course-Schedule,20261071,replace variable P (order 1),hidden,stillborn
2,concurrency/SPARK2/Course-Schedule,20261071,replace variable Stuck (order 1),hidden,stillborn
2,concurrency/SPARK2/Course-Schedule,20261071,replace variable S (order 1),hidden,stillborn
2,concurrency/SPARK2/Course-Schedule,20261071,replace variable Pick (order 1),hidden,stillborn
2,concurrency/SPARK2/Course-Schedule,20261071,replace variable C (order 1),hidden,stillborn
2,concurrency/SPARK2/Course-Schedule,20261071,replace variable P (order 1),hidden,stillborn
2,concurrency/SPARK2/Course-Schedule,20261071,replace variable Done (order 1),hidden,stillborn
2,concurrency/SPARK2/Course-Schedule,20261071,replace variable Pick (order 1),hidden,stillborn
2,concurrency/SPARK2/Course-Schedule,20261071,replace variable B (order 1),hidden,stillborn
2,concurrency/SPARK2/Course-Schedule,20261071,replace variable C (order 1),hidden,stillborn
2,concurrency/SPARK2/Course-Schedule,20261071,replace variable P (order 1),hidden,stillborn
2,concurrency/SPARK2/Course-Schedule,20261071,replace variable P (order 1),hidden,stillborn
2,concurrency/SPARK2/Course-Schedule,20261071,replace variable Pick (order 1),hidden,stillborn
2,concurrency/SPARK2/Course-Schedule,20261071,replace variable Done (order 1),hidden,stillborn
2,concurrency/SPARK2/Course-Schedule,20261071,replace variable P (order 1),hidden,stillborn
2,concurrency/SPARK2/Course-Schedule,20261071,replace variable S (order 1),hidden,stillborn
2,concurrency/SPARK2/Course-Schedule,20261071,replace variable P (order 1),hidden,stillborn
2,concurrency/SPARK2/Course-Schedule,20261071,replace variable Upto (order 1),hidden,stillborn
2,concurrency/SPARK2/Course-Schedule,20261071,replace variable S (order 1),hidden,stillborn
2,concurrency/SPARK2/Course-Schedule,20261071,replace variable Done (order 1),hidden,stillborn
2,concurrency/SPARK2/Course-Schedule,20261071,replace variable Done (order 1),hidden,stillborn
2,concurrency/SPARK2/Course-Schedule,20261071,replace variable P (order 1),hidden,stillborn
2,concurrency/SPARK2/Course-Schedule,20261071,replace variable C (order 1),hidden,stillborn
2,concurrency/SPARK2/Course-Schedule,20261071,replace variable P (order 1),hidden,stillborn
2,concurrency/SPARK2/Course-Schedule,20261071,replace variable C (order 1),hidden,stillborn
2,concurrency/SPARK2/Course-Schedule,20261071,replace variable C (order 1),hidden,stillborn
2,concurrency/SPARK2/Course-Schedule,20261071,replace variable Upto (order 1),hidden,stillborn
2,concurrency/SPARK2/Course-Schedule,20261071,replace variable S (order 1),hidden,stillborn
2,concurrency/SPARK2/Course-Schedule,20261071,replace variable P (order 1),hidden,stillborn
2,concurrency/SPARK2/Course-Schedule,20261071,replace variable Done (order 1),hidden,stillborn
2,concurrency/SPARK2/Course-Schedule,20261071,replace variable C (order 1),hidden,stillborn
2,concurrency/SPARK2/Course-Schedule,20261071,replace variable Upto (order 1),hidden,stillborn
2,concurrency/SPARK2/Course-Schedule,20261071,replace variable Done (order 1),hidden,stillborn
2,concurrency/SPARK2/Course-Schedule,20261071,replace variable Done (order 1),hidden,stillborn
2,concurrency/SPARK2/Course-Schedule,20261071,replace variable Rank (order 1),hidden,stillborn
2,concurrency/SPARK2/Course-Schedule,20261071,replace variable Upto (order 1),hidden,stillborn
2,concurrency/SPARK2/Course-Schedule,20261071,replace variable Upto (order 1),hidden,stillborn
2,concurrency/SPARK2/Course-Schedule,20261071,loop direction forward (order 1),hidden,survived
2,concurrency/SPARK2/Course-Schedule,20261071,replace variable C (order 1),hidden,stillborn
2,concurrency/SPARK2/Course-Schedule,20261071,replace variable Pick (order 1),hidden,stillborn
2,concurrency/SPARK2/Course-Schedule,20261071,replace variable C (order 1),hidden,stillborn
2,concurrency/SPARK2/Course-Schedule,20261071,replace variable Stuck (order 1),hidden,stillborn
2,concurrency/SPARK2/Course-Schedule,20261071,replace variable Done (order 1),hidden,stillborn
2,concurrency/SPARK2/Course-Schedule,20261071,replace variable P (order 1),hidden,stillborn
2,concurrency/SPARK2/Course-Schedule,20261071,replace variable P (order 1),hidden,stillborn
2,concurrency/SPARK2/Course-Schedule,20261071,replace variable Stuck (order 1),hidden,stillborn
2,concurrency/SPARK2/Course-Schedule,20261071,replace variable Upto (order 1),hidden,stillborn
2,concurrency/SPARK2/Course-Schedule,20261071,replace variable Done (order 1),hidden,stillborn
2,concurrency/SPARK2/Course-Schedule,20261071,replace variable Done (order 1),hidden,stillborn
2,concurrency/SPARK2/Course-Schedule,20261071,replace variable B (order 1),hidden,stillborn
2,concurrency/SPARK2/Course-Schedule,20261071,replace variable Pick (order 1),hidden,stillborn
2,concurrency/SPARK2/Course-Schedule,20261071,replace variable C (order 1),hidden,stillborn
2,concurrency/SPARK2/Course-Schedule,20261071,replace variable C (order 1),hidden,stillborn
2,concurrency/SPARK2/Course-Schedule,20261071,replace variable Done (order 1),hidden,killed
2,concurrency/SPARK2/Course-Schedule,20261071,replace variable Pick (order 1),hidden,stillborn
2,concurrency/SPARK2/Course-Schedule,20261071,replace variable X (order 1),hidden,stillborn
2,concurrency/SPARK2/Course-Schedule,20261071,replace variable Done (order 1),hidden,stillborn
2,concurrency/SPARK2/Course-Schedule,20261071,replace variable S (order 1),hidden,stillborn
2,concurrency/SPARK2/Course-Schedule,20261071,replace variable C (order 1),hidden,stillborn
2,concurrency/SPARK2/Course-Schedule,20261071,replace variable S (order 1),hidden,stillborn
2,concurrency/SPARK2/Course-Schedule,20261071,replace variable S (order 1),hidden,stillborn
2,concurrency/SPARK2/Course-Schedule,20261071,replace variable C (order 1),hidden,stillborn
2,concurrency/SPARK2/Course-Schedule,20261071,replace variable Stuck (order 1),hidden,killed
2,concurrency/SPARK2/Course-Schedule,20261071,replace variable C (order 1),hidden,stillborn
2,concurrency/SPARK2/Course-Schedule,20261071,replace variable C (order 1),hidden,stillborn
2,concurrency/SPARK2/Course-Schedule,20261071,replace variable S (order 1),hidden,stillborn
2,concurrency/SPARK2/Course-Schedule,20261071,replace variable Done (order 1),hidden,stillborn
2,concurrency/SPARK2/Course-Schedule,20261071,replace variable Done (order 1),hidden,stillborn
2,concurrency/SPARK2/Course-Schedule,20261071,replace variable Rank (order 1),hidden,stillborn
2,concurrency/SPARK2/Course-Schedule,20261071,replace variable Done (order 1),hidden,stillborn
2,concurrency/SPARK2/Course-Schedule,20261071,replace variable C (order 1),hidden,stillborn
2,concurrency/SPARK2/Course-Schedule,20261071,replace variable Pick (order 1),hidden,stillborn
2,concurrency/SPARK2/Course-Schedule,20261071,replace variable Done (order 1),hidden,stillborn
2,concurrency/SPARK2/Course-Schedule,20261071,replace variable S (order 1),hidden,stillborn
2,concurrency/SPARK2/Course-Schedule,20261071,replace variable Rank (order 1),hidden,stillborn
2,concurrency/SPARK2/Course-Schedule,20261071,replace variable Stuck (order 1),hidden,stillborn
2,concurrency/SPARK2/Course-Schedule,20261071,replace variable Done (order 1),hidden,stillborn
2,concurrency/SPARK2/Course-Schedule,20261071,replace variable A (order 1),hidden,stillborn
2,concurrency/SPARK2/Course-Schedule,20261071,replace variable Rank (order 1),hidden,stillborn
2,concurrency/SPARK2/Course-Schedule,20261071,replace variable P (order 1),hidden,stillborn
2,concurrency/SPARK2/Course-Schedule,20261071,replace variable P (order 1),hidden,stillborn
2,concurrency/SPARK2/Course-Schedule,20261071,replace variable Pick (order 1),hidden,stillborn
2,concurrency/SPARK2/Course-Schedule,20261071,replace variable Done (order 1),hidden,stillborn
2,concurrency/SPARK2/Course-Schedule,20261071,return value (order 1),hidden,stillborn
2,concurrency/SPARK2/Course-Schedule,20261071,replace variable Done (order 1),hidden,stillborn
2,concurrency/SPARK2/Course-Schedule,20261071,replace variable P (order 1),hidden,stillborn
2,concurrency/SPARK2/Course-Schedule,20261071,replace variable C (order 1),hidden,stillborn
2,concurrency/SPARK2/Course-Schedule,20261071,replace variable P (order 1),hidden,stillborn
2,concurrency/SPARK2/Course-Schedule,20261071,replace variable S (order 1),hidden,stillborn
2,concurrency/SPARK2/Course-Schedule,20261071,replace variable Pick (order 1),hidden,stillborn
2,concurrency/SPARK2/Course-Schedule,20261071,replace variable Pick (order 1),hidden,stillborn
2,concurrency/SPARK2/Course-Schedule,20261071,replace variable Rank (order 1),hidden,stillborn
2,concurrency/SPARK2/Course-Schedule,20261071,replace variable Rank (order 1),hidden,stillborn
2,concurrency/SPARK2/Course-Schedule,20261071,replace variable Done (order 1),hidden,stillborn
2,concurrency/SPARK2/Course-Schedule,20261071,replace variable P (order 1),hidden,stillborn
2,concurrency/SPARK2/Course-Schedule,20261071,replace variable S (order 1),hidden,stillborn
2,concurrency/SPARK2/Course-Schedule,20261071,replace variable P (order 1),hidden,stillborn
2,concurrency/SPARK2/Course-Schedule,20261071,replace variable Done (order 1),hidden,stillborn
2,concurrency/SPARK2/Course-Schedule,20261071,replace variable Upto (order 1),hidden,stillborn
2,concurrency/SPARK2/Course-Schedule,20261071,replace variable C (order 1),hidden,killed
2,concurrency/SPARK2/Course-Schedule,20261071,replace variable X (order 1),hidden,stillborn
2,concurrency/SPARK2/Course-Schedule,20261071,replace variable Step (order 1),hidden,stillborn
2,concurrency/SPARK2/Course-Schedule,20261071,replace variable Done (order 1),hidden,stillborn
2,concurrency/SPARK2/Course-Schedule,20261071,replace variable S (order 1),hidden,stillborn
2,concurrency/SPARK2/Course-Schedule,20261071,replace variable S (order 1),hidden,stillborn
2,concurrency/SPARK2/Course-Schedule,20261071,replace variable C (order 1),hidden,killed
2,concurrency/SPARK2/Course-Schedule,20261071,replace variable P (order 1),hidden,stillborn
2,concurrency/SPARK2/Course-Schedule,20261071,replace variable Rank (order 1),hidden,stillborn
2,concurrency/SPARK2/Course-Schedule,20261071,replace variable Upto (order 1),hidden,stillborn
2,concurrency/SPARK2/Course-Schedule,20261071,replace variable C (order 1),hidden,stillborn
2,concurrency/SPARK2/Course-Schedule,20261071,replace variable Rank (order 1),hidden,stillborn
2,concurrency/SPARK2/Course-Schedule,20261071,replace variable Pick (order 1),hidden,stillborn
2,concurrency/SPARK2/Course-Schedule,20261071,replace variable C (order 1),hidden,stillborn
2,concurrency/SPARK2/Course-Schedule,20261071,replace variable Done (order 1),hidden,stillborn
2,concurrency/SPARK2/Course-Schedule,20261071,replace variable Pick (order 1),hidden,stillborn
2,concurrency/SPARK2/Course-Schedule,20261071,replace variable Pick (order 1),hidden,stillborn
2,concurrency/SPARK2/Course-Schedule,20261071,loop direction forward (order 1),hidden,killed
2,concurrency/SPARK2/Course-Schedule,20261071,replace variable Stuck (order 1),hidden,stillborn
2,concurrency/SPARK2/Course-Schedule,20261071,replace variable Prerequisites (order 1),hidden,stillborn
2,concurrency/SPARK2/Course-Schedule,20261071,replace variable C (order 1),hidden,stillborn
2,concurrency/SPARK2/Course-Schedule,20261071,replace variable Done (order 1),hidden,stillborn
2,concurrency/SPARK2/Course-Schedule,20261071,replace variable Rank (order 1),hidden,stillborn
2,concurrency/SPARK2/Course-Schedule,20261071,replace variable Pick (order 1),hidden,stillborn
2,concurrency/SPARK2/Course-Schedule,20261071,replace variable S (order 1),hidden,stillborn
2,concurrency/SPARK2/Course-Schedule,20261071,replace variable P (order 1),hidden,stillborn
2,concurrency/SPARK2/Course-Schedule,20261071,replace variable C (order 1),hidden,stillborn
2,concurrency/SPARK2/Course-Schedule,20261071,replace variable Done (order 1),hidden,stillborn
2,concurrency/SPARK2/Course-Schedule,20261071,replace variable Done (order 1),hidden,stillborn
2,concurrency/SPARK2/Course-Schedule,20261071,replace variable Step (order 1),hidden,stillborn
2,concurrency/SPARK2/Course-Schedule,20261071,replace variable Done (order 1),hidden,stillborn
2,concurrency/SPARK2/Course-Schedule,20261071,replace variable Pick (order 1),hidden,stillborn
2,concurrency/SPARK2/Course-Schedule,20261071,replace variable Pick (order 1),hidden,stillborn
2,concurrency/SPARK2/Course-Schedule,20261071,replace variable Pick (order 1),hidden,stillborn
2,concurrency/SPARK2/Course-Schedule,20261071,replace variable B (order 1),hidden,stillborn
2,concurrency/SPARK2/Course-Schedule,20261071,replace variable Upto (order 1),hidden,stillborn
2,concurrency/SPARK2/Course-Schedule,20261071,replace variable C (order 1),hidden,stillborn
2,concurrency/SPARK2/Course-Schedule,20261071,replace variable Prerequisites (order 1),hidden,stillborn
2,concurrency/SPARK2/Course-Schedule,20261071,replace variable Pick (order 1),hidden,stillborn
2,concurrency/SPARK2/Course-Schedule,20261071,replace variable Done (order 1),hidden,stillborn
2,concurrency/SPARK2/Course-Schedule,20261071,replace variable Stuck (order 1),hidden,stillborn
2,concurrency/SPARK2/Course-Schedule,20261071,replace variable P (order 1),hidden,stillborn
2,concurrency/SPARK2/Course-Schedule,20261071,replace variable Prerequisites (order 1),hidden,stillborn
2,concurrency/SPARK2/Course-Schedule,20261071,replace variable C (order 1),hidden,stillborn
2,concurrency/SPARK2/Course-Schedule,20261071,replace variable Rank (order 1),hidden,stillborn
2,concurrency/SPARK2/Course-Schedule,20261071,replace variable Rank (order 1),hidden,stillborn
2,concurrency/SPARK2/Course-Schedule,20261071,replace variable Stuck (order 1),hidden,stillborn
2,concurrency/SPARK2/Course-Schedule,20261071,replace variable Prerequisites (order 1),hidden,stillborn
2,concurrency/SPARK2/Course-Schedule,20261071,replace variable Pick (order 1),hidden,stillborn
2,concurrency/SPARK2/Course-Schedule,20261071,replace variable Done (order 1),hidden,stillborn
2,concurrency/SPARK2/Course-Schedule,20261071,replace variable C (order 1),hidden,stillborn
2,concurrency/SPARK2/Course-Schedule,20261071,replace variable Rank (order 1),hidden,stillborn
2,concurrency/SPARK2/Course-Schedule,20261071,replace variable Done (order 1),hidden,stillborn
2,concurrency/SPARK2/Course-Schedule,20261071,replace variable S (order 1),hidden,stillborn
2,concurrency/SPARK2/Course-Schedule,20261071,replace variable Stuck (order 1),hidden,stillborn
2,concurrency/SPARK2/Course-Schedule,20261071,replace variable S (order 1),hidden,stillborn
2,concurrency/SPARK2/Course-Schedule,20261071,replace variable Stuck (order 1),hidden,stillborn
2,concurrency/SPARK2/Course-Schedule,20261071,replace variable S (order 1),hidden,stillborn
2,concurrency/SPARK2/Course-Schedule,20261071,replace variable Rank (order 1),hidden,stillborn
2,concurrency/SPARK2/Course-Schedule,20261071,replace variable C (order 1),hidden,stillborn
2,concurrency/SPARK2/Course-Schedule,20261071,replace variable Step (order 1),hidden,killed
2,concurrency/SPARK2/Course-Schedule,20261071,replace variable P (order 1),hidden,stillborn
2,concurrency/SPARK2/Course-Schedule,20261071,replace variable S (order 1),hidden,stillborn
2,concurrency/SPARK2/Course-Schedule,20261071,replace variable Stuck (order 1),hidden,stillborn
2,concurrency/SPARK2/Course-Schedule,20261071,replace variable Stuck (order 1),hidden,stillborn
2,concurrency/SPARK2/Course-Schedule,20261071,replace variable C (order 1),hidden,stillborn
2,concurrency/SPARK2/Course-Schedule,20261071,replace variable Step (order 1),hidden,stillborn
2,concurrency/SPARK2/Course-Schedule,20261071,replace variable P (order 1),hidden,stillborn
2,concurrency/SPARK2/Course-Schedule,20261071,replace variable Rank (order 1),hidden,stillborn
2,concurrency/SPARK2/Course-Schedule,20261071,replace variable B (order 1),hidden,stillborn
2,concurrency/SPARK2/Course-Schedule,20261071,replace variable S (order 1),hidden,stillborn
2,concurrency/SPARK2/Course-Schedule,20261071,replace variable Upto (order 1),hidden,stillborn
2,concurrency/SPARK2/Course-Schedule,20261071,replace variable C (order 1),hidden,killed
2,concurrency/SPARK2/Course-Schedule,20261071,replace variable A (order 1),hidden,stillborn
2,concurrency/SPARK2/Course-Schedule,20261071,replace variable P (order 1),hidden,stillborn
2,concurrency/SPARK2/Course-Schedule,20261071,replace variable P (order 1),hidden,stillborn
2,concurrency/SPARK2/Course-Schedule,20261071,replace variable Rank (order 1),hidden,stillborn
2,concurrency/SPARK2/Course-Schedule,20261071,replace variable P (order 1),hidden,stillborn
2,concurrency/SPARK2/Course-Schedule,20261071,replace variable Rank (order 1),hidden,stillborn
2,concurrency/SPARK2/Course-Schedule,20261071,replace variable Stuck (order 1),hidden,stillborn
2,concurrency/SPARK2/Course-Schedule,20261071,replace variable X (order 1),hidden,stillborn
2,concurrency/SPARK2/Course-Schedule,20261071,replace variable C (order 1),hidden,stillborn
2,concurrency/SPARK2/Course-Schedule,20261071,replace variable Pick (order 1),hidden,killed
2,concurrency/SPARK2/Course-Schedule,20261071,replace variable Done (order 1),hidden,stillborn
2,concurrency/SPARK2/Course-Schedule,20261071,replace variable B (order 1),hidden,survived
2,concurrency/SPARK2/Course-Schedule,20261071,replace variable Done (order 1),hidden,stillborn
2,concurrency/SPARK2/Course-Schedule,20261071,replace variable C (order 1),hidden,stillborn
2,concurrency/SPARK2/Course-Schedule,20261071,replace variable C (order 1),hidden,stillborn
2,concurrency/SPARK2/Course-Schedule,20261071,replace variable C (order 1),hidden,stillborn
2,concurrency/SPARK2/Course-Schedule,20261071,replace variable C (order 1),hidden,stillborn
2,concurrency/SPARK2/Course-Schedule,20261071,replace variable Done (order 1),hidden,stillborn
2,concurrency/SPARK2/Course-Schedule,20261071,replace variable Done (order 1),hidden,stillborn
2,concurrency/SPARK2/Course-Schedule,20261071,replace variable S (order 1),hidden,stillborn
2,concurrency/SPARK2/Course-Schedule,20261071,replace variable C (order 1),hidden,stillborn
2,concurrency/SPARK2/Course-Schedule,20261071,replace variable Stuck (order 1),hidden,stillborn
2,concurrency/SPARK2/Course-Schedule,20261071,replace variable S (order 1),hidden,stillborn
2,concurrency/SPARK2/Course-Schedule,20261071,replace variable Upto (order 1),hidden,stillborn
2,concurrency/SPARK2/Course-Schedule,20261071,replace variable Upto (order 1),hidden,stillborn
2,concurrency/SPARK2/Course-Schedule,20261071,replace variable Rank (order 1),hidden,stillborn
2,concurrency/SPARK2/Course-Schedule,20261071,replace variable S (order 1),hidden,stillborn
2,concurrency/SPARK2/Course-Schedule,20261071,replace variable Pick (order 1),hidden,stillborn
2,concurrency/SPARK2/Course-Schedule,20261071,replace variable C (order 1),hidden,stillborn
2,concurrency/SPARK2/Course-Schedule,20261071,replace variable S (order 1),hidden,stillborn
2,concurrency/SPARK2/Course-Schedule,20261071,replace variable Rank (order 1),hidden,stillborn
2,concurrency/SPARK2/Course-Schedule,20261071,replace variable C (order 1),hidden,stillborn
2,concurrency/SPARK2/Course-Schedule,20261071,replace variable C (order 1),hidden,stillborn
2,concurrency/SPARK2/Course-Schedule,20261071,replace variable X (order 1),hidden,stillborn
2,concurrency/SPARK2/Course-Schedule,20261071,replace variable X (order 1),hidden,stillborn
2,concurrency/SPARK2/Course-Schedule,20261071,replace variable Pick (order 1),hidden,stillborn
2,concurrency/SPARK2/Course-Schedule,20261071,replace variable C (order 1),hidden,stillborn
2,concurrency/SPARK2/Course-Schedule,20261071,replace variable C (order 1),hidden,stillborn
2,concurrency/SPARK2/Course-Schedule,20261071,replace variable S (order 1),hidden,stillborn
2,concurrency/SPARK2/Course-Schedule,20261071,replace variable Pick (order 1),hidden,stillborn
2,concurrency/SPARK2/Course-Schedule,20261071,replace variable Done (order 1),hidden,stillborn
2,concurrency/SPARK2/Course-Schedule,20261071,replace variable Rank (order 1),hidden,stillborn
2,concurrency/SPARK2/Course-Schedule,20261071,replace variable Done (order 1),hidden,stillborn
2,concurrency/SPARK2/Course-Schedule,20261071,replace variable Pick (order 1),hidden,stillborn
2,concurrency/SPARK2/Course-Schedule,20261071,replace variable P (order 1),hidden,stillborn
2,concurrency/SPARK2/Course-Schedule,20261071,replace variable S (order 1),hidden,stillborn
2,concurrency/SPARK2/Course-Schedule,20261071,replace variable Done (order 1),hidden,stillborn
2,concurrency/SPARK2/Course-Schedule,20261071,replace variable S (order 1),hidden,stillborn
2,concurrency/SPARK2/Course-Schedule,20261071,replace variable X (order 1),hidden,survived
2,concurrency/SPARK2/Course-Schedule,20261071,replace variable C (order 1),hidden,stillborn
2,concurrency/SPARK2/Course-Schedule,20261071,replace variable Upto (order 1),hidden,stillborn
2,concurrency/SPARK2/Course-Schedule,20261071,replace variable Upto (order 1),hidden,stillborn
2,concurrency/SPARK2/Course-Schedule,20261071,replace variable Stuck (order 1),hidden,stillborn
2,concurrency/SPARK2/Course-Schedule,20261071,replace variable C (order 1),hidden,stillborn
2,concurrency/SPARK2/Course-Schedule,20261071,replace variable Done (order 1),hidden,stillborn
2,concurrency/SPARK2/Course-Schedule,20261071,replace variable C (order 1),hidden,stillborn
2,concurrency/SPARK2/Course-Schedule,20261071,replace variable Pick (order 1),hidden,stillborn
2,concurrency/SPARK2/Course-Schedule,20261071,replace variable Done (order 1),hidden,stillborn
2,concurrency/SPARK2/Course-Schedule,20261071,replace variable C (order 1),hidden,stillborn
2,concurrency/SPARK2/Course-Schedule,20261071,replace variable P (order 1),hidden,stillborn
2,concurrency/SPARK2/Course-Schedule,20261071,replace variable C (order 1),hidden,stillborn
2,concurrency/SPARK2/Course-Schedule,20261071,replace variable Stuck (order 1),hidden,stillborn
2,concurrency/SPARK2/Course-Schedule,20261071,replace variable P (order 1),hidden,stillborn
2,concurrency/SPARK2/Course-Schedule,20261071,replace variable P (order 1),hidden,stillborn
2,concurrency/SPARK2/Course-Schedule,20261071,replace variable Rank (order 1),hidden,stillborn
2,concurrency/SPARK2/Course-Schedule,20261071,replace variable C (order 1),hidden,stillborn
2,concurrency/SPARK2/Course-Schedule,20261071,replace variable C (order 1),hidden,stillborn
2,concurrency/SPARK2/Course-Schedule,20261071,replace variable Pick (order 1),hidden,killed
2,concurrency/SPARK2/Course-Schedule,20261071,replace variable Pick (order 1),hidden,stillborn
2,concurrency/SPARK2/Course-Schedule,20261071,replace variable Stuck (order 1),hidden,stillborn
2,concurrency/SPARK2/Course-Schedule,20261071,replace variable Done (order 1),hidden,stillborn
2,concurrency/SPARK2/Course-Schedule,20261071,replace variable Done (order 1),hidden,stillborn
2,concurrency/SPARK2/Course-Schedule,20261071,replace variable S (order 1),hidden,stillborn
2,concurrency/SPARK2/Course-Schedule,20261071,replace variable Upto (order 1),hidden,stillborn
2,concurrency/SPARK2/Course-Schedule,20261071,replace variable C (order 1),hidden,stillborn
2,concurrency/SPARK2/Course-Schedule,20261071,replace variable C (order 1),hidden,stillborn
2,concurrency/SPARK2/Course-Schedule,20261071,replace variable Done (order 1),hidden,stillborn
2,concurrency/SPARK2/Course-Schedule,20261071,replace variable Done (order 1),hidden,stillborn
2,concurrency/SPARK2/Course-Schedule,20261071,replace variable C (order 1),hidden,stillborn
2,concurrency/SPARK2/Course-Schedule,20261071,replace variable S (order 1),hidden,stillborn
2,concurrency/SPARK2/Course-Schedule,20261071,replace variable Upto (order 1),hidden,stillborn
2,concurrency/SPARK2/Course-Schedule,20261071,replace variable Stuck (order 1),hidden,stillborn
2,concurrency/SPARK2/Course-Schedule,20261071,replace variable Done (order 1),hidden,stillborn
2,concurrency/SPARK2/Course-Schedule,20261071,replace variable Step (order 1),hidden,stillborn
2,concurrency/SPARK2/Course-Schedule,20261071,replace variable Done (order 1),hidden,stillborn
2,concurrency/SPARK2/Course-Schedule,20261071,replace variable Stuck (order 1),hidden,stillborn
2,concurrency/SPARK2/Course-Schedule,20261071,replace variable P (order 1),hidden,stillborn
2,concurrency/SPARK2/Course-Schedule,20261071,replace variable Rank (order 1),hidden,stillborn
2,concurrency/SPARK2/Course-Schedule,20261071,replace variable C (order 1),hidden,stillborn
2,concurrency/SPARK2/Course-Schedule,20261071,replace variable C (order 1),hidden,stillborn
2,concurrency/SPARK2/Course-Schedule,20261071,replace variable X (order 1),hidden,stillborn
2,concurrency/SPARK2/Course-Schedule,20261071,replace variable C (order 1),hidden,stillborn
2,concurrency/SPARK2/Course-Schedule,20261071,replace variable P (order 1),hidden,stillborn
2,concurrency/SPARK2/Course-Schedule,20261071,replace variable Rank (order 1),hidden,stillborn
2,concurrency/SPARK2/Course-Schedule,20261071,replace variable C (order 1),hidden,stillborn
2,concurrency/SPARK2/Course-Schedule,20261071,replace variable C (order 1),hidden,stillborn
2,concurrency/SPARK2/Course-Schedule,20261071,replace variable Upto (order 1),hidden,stillborn
2,concurrency/SPARK2/Course-Schedule,20261071,replace variable S (order 1),hidden,stillborn
2,concurrency/SPARK2/Course-Schedule,20261071,replace variable S (order 1),hidden,stillborn
2,concurrency/SPARK2/Course-Schedule,20261071,replace variable C (order 1),hidden,stillborn
2,concurrency/SPARK2/Course-Schedule,20261071,replace variable C (order 1),hidden,killed
2,concurrency/SPARK2/Course-Schedule,20261071,replace variable Pick (order 1),hidden,stillborn
2,concurrency/SPARK2/Course-Schedule,20261071,replace variable Done (order 1),hidden,stillborn
2,concurrency/SPARK2/Course-Schedule,20261071,replace variable Step (order 1),hidden,stillborn
2,concurrency/SPARK2/Course-Schedule,20261071,replace variable Pick (order 1),hidden,stillborn
2,concurrency/SPARK2/Course-Schedule,20261071,replace variable Done (order 1),hidden,stillborn
2,concurrency/SPARK2/Course-Schedule,20261071,replace variable S (order 1),hidden,stillborn
2,concurrency/SPARK2/Course-Schedule,20261071,replace variable P (order 1),hidden,stillborn
2,concurrency/SPARK2/Course-Schedule,20261071,replace variable Done (order 1),hidden,stillborn
2,concurrency/SPARK2/Course-Schedule,20261071,replace variable Pick (order 1),hidden,stillborn
2,concurrency/SPARK2/Course-Schedule,20261071,replace variable C (order 1),hidden,killed
2,concurrency/SPARK2/Course-Schedule,20261071,replace variable S (order 1),hidden,stillborn
2,concurrency/SPARK2/Course-Schedule,20261071,replace variable Rank (order 1),hidden,stillborn
2,concurrency/SPARK2/Course-Schedule,20261071,replace variable S (order 1),hidden,stillborn
2,concurrency/SPARK2/Course-Schedule,20261071,replace variable Pick (order 1),hidden,stillborn
2,concurrency/SPARK2/Course-Schedule,20261071,replace variable B (order 1),hidden,stillborn
2,concurrency/SPARK2/Course-Schedule,20261071,replace variable Stuck (order 1),hidden,stillborn
2,concurrency/SPARK2/Course-Schedule,20261071,replace variable P (order 1),hidden,stillborn
2,concurrency/SPARK2/Course-Schedule,20261071,replace variable Done (order 1),hidden,stillborn
2,concurrency/SPARK2/Course-Schedule,20261071,replace variable Stuck (order 1),hidden,stillborn
2,concurrency/SPARK2/Course-Schedule,20261071,replace variable C (order 1),hidden,stillborn
2,concurrency/SPARK2/Course-Schedule,20261071,replace variable Pick (order 1),hidden,stillborn
2,concurrency/SPARK2/Course-Schedule,20261071,replace variable Done (order 1),hidden,stillborn
2,concurrency/SPARK2/Course-Schedule,20261071,replace variable Done (order 1),hidden,stillborn
2,concurrency/SPARK2/Course-Schedule,20261071,replace variable C (order 1),hidden,stillborn
2,concurrency/SPARK2/Course-Schedule,20261071,replace variable B (order 1),hidden,stillborn
2,concurrency/SPARK2/Course-Schedule,20261071,replace variable Stuck (order 1),hidden,stillborn
2,concurrency/SPARK2/Course-Schedule,20261071,replace variable S (order 1),hidden,stillborn
2,concurrency/SPARK2/Course-Schedule,20261071,replace variable Upto (order 1),hidden,stillborn
2,concurrency/SPARK2/Course-Schedule,20261071,replace variable Upto (order 1),hidden,stillborn
2,concurrency/SPARK2/Course-Schedule,20261071,replace variable Upto (order 1),hidden,stillborn
2,concurrency/SPARK2/Course-Schedule,20261071,replace variable Upto (order 1),hidden,stillborn
2,concurrency/SPARK2/Course-Schedule,20261071,replace variable Upto (order 1),hidden,stillborn
2,concurrency/SPARK2/Course-Schedule,20261071,replace variable Stuck (order 1),hidden,stillborn
2,concurrency/SPARK2/Course-Schedule,20261071,replace variable C (order 1),hidden,stillborn
2,concurrency/SPARK2/Course-Schedule,20261071,replace variable S (order 1),hidden,stillborn
2,concurrency/SPARK2/Course-Schedule,20261071,replace variable A (order 1),hidden,stillborn
2,concurrency/SPARK2/Course-Schedule,20261071,replace variable Done (order 1),hidden,stillborn
2,concurrency/SPARK2/Course-Schedule,20261071,replace variable A (order 1),hidden,stillborn
2,concurrency/SPARK2/Course-Schedule,20261071,replace variable P (order 1),hidden,stillborn
2,concurrency/SPARK2/Course-Schedule,20261071,replace variable S (order 1),hidden,stillborn
2,concurrency/SPARK2/Course-Schedule,20261071,replace variable C (order 1),hidden,stillborn
2,concurrency/SPARK2/Course-Schedule,20261071,replace variable Done (order 1),hidden,stillborn
2,concurrency/SPARK2/Course-Schedule,20261071,replace variable Done (order 1),hidden,stillborn
2,concurrency/SPARK2/Course-Schedule,20261071,replace variable C (order 1),hidden,stillborn
2,concurrency/SPARK2/Course-Schedule,20261071,replace variable S (order 1),hidden,stillborn
2,concurrency/SPARK2/Course-Schedule,20261071,replace variable Upto (order 1),hidden,stillborn
2,concurrency/SPARK2/Course-Schedule,20261071,replace variable C (order 1),hidden,stillborn
2,concurrency/SPARK2/Course-Schedule,20261071,replace variable C (order 1),hidden,stillborn
2,concurrency/SPARK2/Course-Schedule,20261071,replace variable Rank (order 1),hidden,stillborn
2,concurrency/SPARK2/Course-Schedule,20261071,replace variable C (order 1),hidden,stillborn
2,concurrency/SPARK2/Course-Schedule,20261071,replace variable P (order 1),hidden,stillborn
2,concurrency/SPARK2/Course-Schedule,20261071,replace variable Done (order 1),hidden,stillborn
2,concurrency/SPARK2/Course-Schedule,20261071,replace variable Stuck (order 1),hidden,stillborn
2,concurrency/SPARK2/Course-Schedule,20261071,replace variable Done (order 1),hidden,stillborn
2,concurrency/SPARK2/Course-Schedule,20261071,replace variable S (order 1),hidden,stillborn
2,concurrency/SPARK2/Course-Schedule,20261071,replace variable Pick (order 1),hidden,stillborn
2,concurrency/SPARK2/Course-Schedule,20261071,replace variable Upto (order 1),hidden,stillborn
2,concurrency/SPARK2/Course-Schedule,20261071,replace variable P (order 1),hidden,stillborn
2,concurrency/SPARK2/Course-Schedule,20261071,replace variable Stuck (order 1),hidden,stillborn
2,concurrency/SPARK2/Course-Schedule,20261071,replace variable C (order 1),hidden,stillborn
2,concurrency/SPARK2/Course-Schedule,20261071,replace variable B (order 1),hidden,stillborn
2,concurrency/SPARK2/Course-Schedule,20261071,replace variable C (order 1),hidden,stillborn
2,concurrency/SPARK2/Course-Schedule,20261071,replace variable C (order 1),hidden,stillborn
2,concurrency/SPARK2/Course-Schedule,20261071,replace variable Pick (order 1),hidden,stillborn
2,concurrency/SPARK2/Course-Schedule,20261071,replace variable Done (order 1),hidden,stillborn
2,concurrency/SPARK2/Course-Schedule,20261071,replace variable A (order 1),hidden,stillborn
2,concurrency/SPARK2/Course-Schedule,20261071,replace variable S (order 1),hidden,stillborn
2,concurrency/SPARK2/Course-Schedule,20261071,replace variable Done (order 1),hidden,stillborn
2,concurrency/SPARK2/Course-Schedule,20261071,replace variable S (order 1),hidden,stillborn
2,concurrency/SPARK2/Course-Schedule,20261071,replace variable P (order 1),hidden,stillborn
2,concurrency/SPARK2/Course-Schedule,20261071,replace variable Pick (order 1),hidden,killed
2,concurrency/SPARK2/Course-Schedule,20261071,replace variable P (order 1),hidden,stillborn
2,concurrency/SPARK2/Course-Schedule,20261071,replace variable C (order 1),hidden,stillborn
2,concurrency/SPARK2/Course-Schedule,20261071,replace variable X (order 1),hidden,stillborn
2,concurrency/SPARK2/Course-Schedule,20261071,replace variable A (order 1),hidden,stillborn
2,concurrency/SPARK2/Course-Schedule,20261071,replace variable Rank (order 1),hidden,stillborn
2,concurrency/SPARK2/Course-Schedule,20261071,replace variable C (order 1),hidden,stillborn
2,concurrency/SPARK2/Course-Schedule,20261071,replace variable Stuck (order 1),hidden,stillborn
2,concurrency/SPARK2/Course-Schedule,20261071,replace variable Rank (order 1),hidden,stillborn
2,concurrency/SPARK2/Course-Schedule,20261071,replace variable Upto (order 1),hidden,stillborn
2,concurrency/SPARK2/Course-Schedule,20261071,replace variable Upto (order 1),hidden,stillborn
2,concurrency/SPARK2/Course-Schedule,20261071,replace variable C (order 1),hidden,stillborn
2,concurrency/SPARK2/Course-Schedule,20261071,replace variable S (order 1),hidden,stillborn
2,concurrency/SPARK2/Course-Schedule,20261071,replace variable Upto (order 1),hidden,stillborn
2,concurrency/SPARK2/Course-Schedule,20261071,replace variable C (order 1),hidden,stillborn
2,concurrency/SPARK2/Course-Schedule,20261071,replace variable S (order 1),hidden,stillborn
2,concurrency/SPARK2/Course-Schedule,20261071,replace variable Done (order 1),hidden,stillborn
2,concurrency/SPARK2/Course-Schedule,20261071,replace variable Rank (order 1),hidden,stillborn
2,concurrency/SPARK2/Course-Schedule,20261071,replace variable C (order 1),hidden,stillborn
2,concurrency/SPARK2/Course-Schedule,20261071,replace variable Stuck (order 1),hidden,stillborn
2,concurrency/SPARK2/Course-Schedule,20261071,replace variable Pick (order 1),hidden,stillborn
2,concurrency/SPARK2/Course-Schedule,20261071,replace variable Rank (order 1),hidden,stillborn
2,concurrency/SPARK2/Course-Schedule,20261071,replace variable Prerequisites (order 1),hidden,stillborn
2,concurrency/SPARK2/Course-Schedule,20261071,replace variable P (order 1),hidden,stillborn
2,concurrency/SPARK2/Course-Schedule,20261071,replace variable Done (order 1),hidden,stillborn
2,concurrency/SPARK2/Course-Schedule,20261071,replace variable S (order 1),hidden,stillborn
2,concurrency/SPARK2/Course-Schedule,20261071,replace variable C (order 1),hidden,stillborn
2,concurrency/SPARK2/Course-Schedule,20261071,replace variable B (order 1),hidden,stillborn
2,concurrency/SPARK2/Course-Schedule,20261071,loop direction forward (order 1),hidden,killed
2,concurrency/SPARK2/Course-Schedule,20261071,replace variable Upto (order 1),hidden,stillborn
2,concurrency/SPARK2/Course-Schedule,20261071,replace variable P (order 1),hidden,stillborn
2,concurrency/SPARK2/Course-Schedule,20261071,replace variable C (order 1),hidden,stillborn
2,concurrency/SPARK2/Course-Schedule,20261071,replace variable Done (order 1),hidden,stillborn
2,concurrency/SPARK2/Course-Schedule,20261071,replace variable Done (order 1),hidden,stillborn
2,concurrency/SPARK2/Course-Schedule,20261071,replace variable Stuck (order 1),hidden,stillborn
2,concurrency/SPARK2/Course-Schedule,20261071,replace variable C (order 1),hidden,stillborn
2,concurrency/SPARK2/Course-Schedule,20261071,replace variable S (order 1),hidden,stillborn
2,concurrency/SPARK2/Course-Schedule,20261071,replace variable Upto (order 1),hidden,stillborn
2,concurrency/SPARK2/Course-Schedule,20261071,replace variable S (order 1),hidden,stillborn
2,concurrency/SPARK2/Course-Schedule,20261071,replace variable Pick (order 1),hidden,stillborn
2,concurrency/SPARK2/Course-Schedule,20261071,replace variable Prerequisites (order 1),hidden,stillborn
2,concurrency/SPARK2/Course-Schedule,20261071,replace variable Pick (order 1),hidden,stillborn
2,concurrency/SPARK2/Course-Schedule,20261071,replace variable P (order 1),hidden,stillborn
2,concurrency/SPARK2/Course-Schedule,20261071,replace variable C (order 1),hidden,stillborn
2,concurrency/SPARK2/Course-Schedule,20261071,replace variable S (order 1),hidden,stillborn
2,concurrency/SPARK2/Course-Schedule,20261071,replace variable Pick (order 1),hidden,stillborn
2,concurrency/SPARK2/Course-Schedule,20261071,replace variable Done (order 1),hidden,stillborn
2,concurrency/SPARK2/Course-Schedule,20261071,replace variable C (order 1),hidden,stillborn
2,concurrency/SPARK2/Course-Schedule,20261071,replace variable C (order 1),hidden,stillborn
2,concurrency/SPARK2/Course-Schedule,20261071,replace variable S (order 1),hidden,stillborn
2,concurrency/SPARK2/Course-Schedule,20261071,replace variable Stuck (order 1),hidden,stillborn
2,concurrency/SPARK2/Course-Schedule,20261071,replace variable C (order 1),hidden,stillborn
2,concurrency/SPARK2/Course-Schedule,20261071,replace variable Done (order 1),hidden,stillborn
2,concurrency/SPARK2/Course-Schedule,20261071,replace variable Done (order 1),hidden,stillborn
2,concurrency/SPARK2/Course-Schedule,20261071,replace variable C (order 1),hidden,stillborn
2,concurrency/SPARK2/Course-Schedule,20261071,replace variable Done (order 1),hidden,stillborn
2,concurrency/SPARK2/Course-Schedule,20261071,replace variable A (order 1),hidden,survived
2,concurrency/SPARK2/Course-Schedule,20261071,replace variable C (order 1),hidden,stillborn
2,concurrency/SPARK2/Course-Schedule,20261071,replace variable Rank (order 1),hidden,stillborn
2,concurrency/SPARK2/Course-Schedule,20261071,replace variable S (order 1),hidden,stillborn
2,concurrency/SPARK2/Course-Schedule,20261071,replace variable Done (order 1),hidden,stillborn
2,concurrency/SPARK2/Course-Schedule,20261071,replace variable Pick (order 1),hidden,stillborn
2,concurrency/SPARK2/Course-Schedule,20261071,replace variable Done (order 1),hidden,stillborn
2,concurrency/SPARK2/Course-Schedule,20261071,replace variable Upto (order 1),hidden,stillborn
2,concurrency/SPARK2/Course-Schedule,20261071,replace variable Done (order 1),hidden,stillborn
2,concurrency/SPARK2/Course-Schedule,20261071,replace variable Done (order 1),hidden,stillborn
2,concurrency/SPARK2/Course-Schedule,20261071,replace variable Stuck (order 1),hidden,stillborn
2,concurrency/SPARK2/Course-Schedule,20261071,replace variable Pick (order 1),hidden,stillborn
2,concurrency/SPARK2/Course-Schedule,20261071,replace variable Upto (order 1),hidden,stillborn
2,concurrency/SPARK2/Course-Schedule,20261071,replace variable A (order 1),hidden,stillborn
2,concurrency/SPARK2/Course-Schedule,20261071,replace variable P (order 1),hidden,stillborn
2,concurrency/SPARK2/Course-Schedule,20261071,replace variable B (order 1),hidden,stillborn
2,concurrency/SPARK2/Course-Schedule,20261071,replace variable B (order 1),hidden,stillborn
2,concurrency/SPARK2/Course-Schedule,20261071,replace variable C (order 1),hidden,stillborn
2,concurrency/SPARK2/Course-Schedule,20261071,replace variable Step (order 1),hidden,stillborn
2,concurrency/SPARK2/Course-Schedule,20261071,replace variable Done (order 1),hidden,stillborn
2,concurrency/SPARK2/Course-Schedule,20261071,replace variable Done (order 1),hidden,stillborn
2,concurrency/SPARK2/Course-Schedule,20261071,replace variable Stuck (order 1),hidden,stillborn
2,concurrency/SPARK2/Course-Schedule,20261071,replace variable C (order 1),hidden,stillborn
2,concurrency/SPARK2/Course-Schedule,20261071,replace variable Rank (order 1),hidden,stillborn
2,concurrency/SPARK2/Course-Schedule,20261071,replace variable C (order 1),hidden,stillborn
2,concurrency/SPARK2/Course-Schedule,20261071,replace variable C (order 1),hidden,stillborn
2,concurrency/SPARK2/Course-Schedule,20261071,replace variable S (order 1),hidden,stillborn
2,concurrency/SPARK2/Course-Schedule,20261071,replace variable A (order 1),hidden,stillborn
2,concurrency/SPARK2/Course-Schedule,20261071,replace variable P (order 1),hidden,stillborn
2,concurrency/SPARK2/Course-Schedule,20261071,replace variable C (order 1),hidden,stillborn
2,concurrency/SPARK2/Course-Schedule,20261071,replace variable Pick (order 1),hidden,stillborn
2,concurrency/SPARK2/Course-Schedule,20261071,replace variable C (order 1),hidden,stillborn
2,concurrency/SPARK2/Course-Schedule,20261071,replace variable Rank (order 1),hidden,stillborn
2,concurrency/SPARK2/Course-Schedule,20261071,replace variable Pick (order 1),hidden,stillborn
2,concurrency/SPARK2/Course-Schedule,20261071,replace variable S (order 1),hidden,stillborn
2,concurrency/SPARK2/Course-Schedule,20261071,replace variable Done (order 1),hidden,stillborn
2,concurrency/SPARK2/Course-Schedule,20261071,replace variable C (order 1),hidden,stillborn
2,concurrency/SPARK2/Course-Schedule,20261071,replace variable S (order 1),hidden,stillborn
2,concurrency/SPARK2/Course-Schedule,20261071,replace variable S (order 1),hidden,stillborn
2,concurrency/SPARK2/Course-Schedule,20261071,replace variable C (order 1),hidden,stillborn
2,concurrency/SPARK2/Course-Schedule,20261071,replace variable Done (order 1),hidden,stillborn
2,concurrency/SPARK2/Course-Schedule,20261071,replace variable C (order 1),hidden,stillborn
2,concurrency/SPARK2/Course-Schedule,20261071,replace variable P (order 1),hidden,stillborn
2,concurrency/SPARK2/Course-Schedule,20261071,replace variable Pick (order 1),hidden,stillborn
2,concurrency/SPARK2/Course-Schedule,20261071,replace variable Upto (order 1),hidden,stillborn
2,concurrency/SPARK2/Course-Schedule,20261071,replace variable Done (order 1),hidden,stillborn
2,concurrency/SPARK2/Course-Schedule,20261071,replace variable Rank (order 1),hidden,stillborn
2,concurrency/SPARK2/Course-Schedule,20261071,replace variable C (order 1),hidden,stillborn
2,concurrency/SPARK2/Course-Schedule,20261071,replace variable Done (order 1),hidden,killed
2,concurrency/SPARK2/Course-Schedule,20261071,replace variable Pick (order 1),hidden,stillborn
2,concurrency/SPARK2/Course-Schedule,20261071,replace variable Rank (order 1),hidden,stillborn
2,concurrency/SPARK2/Course-Schedule,20261071,replace variable Done (order 1),hidden,stillborn
2,concurrency/SPARK2/Course-Schedule,20261071,replace variable P (order 1),hidden,stillborn
2,concurrency/SPARK2/Course-Schedule,20261071,replace variable Pick (order 1),hidden,stillborn
2,concurrency/SPARK2/Course-Schedule,20261071,replace variable S (order 1),hidden,stillborn
2,concurrency/SPARK2/Course-Schedule,20261071,replace variable Upto (order 1),hidden,stillborn
2,concurrency/SPARK2/Course-Schedule,20261071,replace variable C (order 1),hidden,stillborn
2,concurrency/SPARK2/Course-Schedule,20261071,replace variable Prerequisites (order 1),hidden,stillborn
2,concurrency/SPARK2/Course-Schedule,20261071,replace variable Pick (order 1),hidden,stillborn
2,concurrency/SPARK2/Course-Schedule,20261071,replace variable Pick (order 1),hidden,stillborn
2,concurrency/SPARK2/Course-Schedule,20261071,replace variable Done (order 1),hidden,stillborn
2,concurrency/SPARK2/Course-Schedule,20261071,replace variable Pick (order 1),hidden,stillborn
2,concurrency/SPARK2/Course-Schedule,20261071,replace variable Done (order 1),hidden,stillborn
2,concurrency/SPARK2/Course-Schedule,20261071,replace variable Prerequisites (order 1),hidden,stillborn
2,concurrency/SPARK2/Course-Schedule,20261071,replace variable S (order 1),hidden,stillborn
2,concurrency/SPARK2/Course-Schedule,20261071,replace variable S (order 1),hidden,stillborn
2,concurrency/SPARK2/Course-Schedule,20261071,replace variable C (order 1),hidden,survived
2,concurrency/SPARK2/Course-Schedule,20261071,replace variable S (order 1),hidden,stillborn
2,concurrency/SPARK2/Course-Schedule,20261071,replace variable Done (order 1),hidden,killed
2,concurrency/SPARK2/Course-Schedule,20261071,replace variable Upto (order 1),hidden,stillborn
2,concurrency/SPARK2/Course-Schedule,20261071,replace variable P (order 1),hidden,stillborn
2,concurrency/SPARK2/Course-Schedule,20261071,replace variable C (order 1),hidden,stillborn
2,concurrency/SPARK2/Course-Schedule,20261071,replace variable Pick (order 1),hidden,stillborn
2,concurrency/SPARK2/Course-Schedule,20261071,replace variable Done (order 1),hidden,stillborn
2,concurrency/SPARK2/Course-Schedule,20261071,replace variable X (order 1),hidden,stillborn
2,concurrency/SPARK2/Course-Schedule,20261071,replace variable C (order 1),hidden,stillborn
2,concurrency/SPARK2/Course-Schedule,20261071,replace variable C (order 1),hidden,stillborn
2,concurrency/SPARK2/Course-Schedule,20261071,replace variable C (order 1),hidden,killed
2,concurrency/SPARK2/Course-Schedule,20261071,replace variable C (order 1),hidden,stillborn
2,concurrency/SPARK2/Course-Schedule,20261071,replace variable P (order 1),hidden,stillborn
2,concurrency/SPARK2/Course-Schedule,20261071,replace variable C (order 1),hidden,stillborn
2,concurrency/SPARK2/Course-Schedule,20261071,replace variable Stuck (order 1),hidden,survived
2,concurrency/SPARK2/Course-Schedule,20261071,replace variable Done (order 1),hidden,stillborn
2,concurrency/SPARK2/Course-Schedule,20261071,replace variable C (order 1),hidden,stillborn
2,concurrency/SPARK2/Course-Schedule,20261071,replace variable P (order 1),hidden,stillborn
2,concurrency/SPARK2/Course-Schedule,20261071,replace variable S (order 1),hidden,stillborn
2,concurrency/SPARK2/Course-Schedule,20261071,replace variable C (order 1),hidden,stillborn
2,concurrency/SPARK2/Course-Schedule,20261071,replace variable Rank (order 1),hidden,stillborn
2,concurrency/SPARK2/Course-Schedule,20261071,replace variable Rank (order 1),hidden,stillborn
2,concurrency/SPARK2/Course-Schedule,20261071,replace variable Pick (order 1),hidden,stillborn
2,concurrency/SPARK2/Course-Schedule,20261071,replace variable Stuck (order 1),hidden,stillborn
2,concurrency/SPARK2/Course-Schedule,20261071,replace variable Prerequisites (order 1),hidden,stillborn
2,concurrency/SPARK2/Course-Schedule,20261071,replace variable C (order 1),hidden,stillborn
2,concurrency/SPARK2/Course-Schedule,20261071,replace variable Done (order 1),hidden,stillborn
2,concurrency/SPARK2/Course-Schedule,20261071,replace variable Upto (order 1),hidden,stillborn
2,concurrency/SPARK2/Course-Schedule,20261071,replace variable Stuck (order 1),hidden,stillborn
2,concurrency/SPARK2/Course-Schedule,20261071,replace variable X (order 1),hidden,stillborn
2,concurrency/SPARK2/Course-Schedule,20261071,replace variable C (order 1),hidden,stillborn
2,concurrency/SPARK2/Course-Schedule,20261071,replace variable Rank (order 1),hidden,stillborn
2,concurrency/SPARK2/Course-Schedule,20261071,replace variable Done (order 1),hidden,stillborn
2,concurrency/SPARK2/Course-Schedule,20261071,replace variable C (order 1),hidden,stillborn
2,concurrency/SPARK2/Course-Schedule,20261071,replace variable C (order 1),hidden,stillborn
2,concurrency/SPARK2/Course-Schedule,20261071,replace variable Pick (order 1),hidden,stillborn
2,concurrency/SPARK2/Course-Schedule,20261071,replace variable C (order 1),hidden,stillborn
2,concurrency/SPARK2/Course-Schedule,20261071,replace variable P (order 1),hidden,stillborn
2,concurrency/SPARK2/Course-Schedule,20261071,replace variable C (order 1),hidden,stillborn
2,concurrency/SPARK2/Course-Schedule,20261071,replace variable P (order 1),hidden,stillborn
2,concurrency/SPARK2/Course-Schedule,20261071,replace variable X (order 1),hidden,stillborn
2,concurrency/SPARK2/Course-Schedule,20261071,replace variable Rank (order 1),hidden,stillborn
2,concurrency/SPARK2/Course-Schedule,20261071,replace variable Rank (order 1),hidden,stillborn
2,concurrency/SPARK2/Course-Schedule,20261071,replace variable Pick (order 1),hidden,stillborn
2,concurrency/SPARK2/Course-Schedule,20261071,replace variable Done (order 1),hidden,stillborn
2,concurrency/SPARK2/Course-Schedule,20261071,replace variable P (order 1),hidden,stillborn
2,concurrency/SPARK2/Course-Schedule,20261071,replace variable P (order 1),hidden,stillborn
2,concurrency/SPARK2/Course-Schedule,20261071,replace variable Pick (order 1),hidden,stillborn
2,concurrency/SPARK2/Course-Schedule,20261071,replace variable C (order 1),hidden,stillborn
2,concurrency/SPARK2/Course-Schedule,20261071,replace variable S (order 1),hidden,stillborn
2,concurrency/SPARK2/Course-Schedule,20261071,replace variable P (order 1),hidden,stillborn
2,concurrency/SPARK2/Course-Schedule,20261071,replace variable C (order 1),hidden,stillborn
2,concurrency/SPARK2/Course-Schedule,20261071,replace variable Done (order 1),hidden,stillborn
2,concurrency/SPARK2/Course-Schedule,20261071,replace variable P (order 1),hidden,stillborn
2,concurrency/SPARK2/Course-Schedule,20261071,replace variable S (order 1),hidden,stillborn
2,concurrency/SPARK2/Course-Schedule,20261071,replace variable P (order 1),hidden,stillborn
2,concurrency/SPARK2/Course-Schedule,20261071,replace variable C (order 1),hidden,stillborn
2,concurrency/SPARK2/Course-Schedule,20261071,replace variable C (order 1),hidden,stillborn
2,concurrency/SPARK2/Course-Schedule,20261071,replace variable Done (order 1),hidden,stillborn
2,concurrency/SPARK2/Course-Schedule,20261071,replace variable C (order 1),hidden,stillborn
2,concurrency/SPARK2/Course-Schedule,20261071,replace variable C (order 1),hidden,stillborn
2,concurrency/SPARK2/Course-Schedule,20261071,replace variable C (order 1),hidden,stillborn
2,concurrency/SPARK2/Course-Schedule,20261071,replace variable P (order 1),hidden,stillborn
2,concurrency/SPARK2/Course-Schedule,20261071,replace variable Upto (order 1),hidden,stillborn
2,concurrency/SPARK2/Course-Schedule,20261071,replace variable Stuck (order 1),hidden,killed
2,concurrency/SPARK2/Course-Schedule,20261071,replace variable Upto (order 1),hidden,stillborn
2,concurrency/SPARK2/Course-Schedule,20261071,replace variable C (order 1),hidden,killed
2,misc/SPARK2/Ada-SPARK-Fisher-Yates-Shuffle,20261071,replace variable Data (order 1),hidden,stillborn
2,misc/SPARK2/Ada-SPARK-Fisher-Yates-Shuffle,20261071,replace variable I (order 1),hidden,killed
2,misc/SPARK2/Ada-SPARK-Fisher-Yates-Shuffle,20261071,replace variable B (order 1),hidden,stillborn
2,misc/SPARK2/Ada-SPARK-Fisher-Yates-Shuffle,20261071,replace variable K (order 1),hidden,stillborn
2,misc/SPARK2/Ada-SPARK-Fisher-Yates-Shuffle,20261071,replace variable B (order 1),hidden,stillborn
2,misc/SPARK2/Ada-SPARK-Fisher-Yates-Shuffle,20261071,replace variable Temporary (order 1),hidden,stillborn
2,misc/SPARK2/Ada-SPARK-Fisher-Yates-Shuffle,20261071,replace variable I (order 1),hidden,stillborn
2,misc/SPARK2/Ada-SPARK-Fisher-Yates-Shuffle,20261071,replace variable Temporary (order 1),hidden,stillborn
2,misc/SPARK2/Ada-SPARK-Fisher-Yates-Shuffle,20261071,replace variable Choices (order 1),hidden,stillborn
2,misc/SPARK2/Ada-SPARK-Fisher-Yates-Shuffle,20261071,replace variable Choices (order 1),hidden,stillborn
2,misc/SPARK2/Ada-SPARK-Fisher-Yates-Shuffle,20261071,replace variable Data (order 1),hidden,stillborn
2,misc/SPARK2/Ada-SPARK-Fisher-Yates-Shuffle,20261071,replace variable Data (order 1),hidden,stillborn
2,misc/SPARK2/Ada-SPARK-Fisher-Yates-Shuffle,20261071,replace variable Data (order 1),hidden,stillborn
2,misc/SPARK2/Ada-SPARK-Fisher-Yates-Shuffle,20261071,replace variable B (order 1),hidden,stillborn
2,misc/SPARK2/Ada-SPARK-Fisher-Yates-Shuffle,20261071,replace variable Data (order 1),hidden,stillborn
2,misc/SPARK2/Ada-SPARK-Fisher-Yates-Shuffle,20261071,replace variable A (order 1),hidden,stillborn
2,misc/SPARK2/Ada-SPARK-Fisher-Yates-Shuffle,20261071,replace variable Data (order 1),hidden,stillborn
2,misc/SPARK2/Ada-SPARK-Fisher-Yates-Shuffle,20261071,replace variable Data (order 1),hidden,stillborn
2,misc/SPARK2/Ada-SPARK-Fisher-Yates-Shuffle,20261071,replace variable K (order 1),hidden,stillborn
2,misc/SPARK2/Ada-SPARK-Fisher-Yates-Shuffle,20261071,replace variable Data (order 1),hidden,stillborn
2,misc/SPARK2/Ada-SPARK-Fisher-Yates-Shuffle,20261071,replace variable Data (order 1),hidden,stillborn
2,misc/SPARK2/Ada-SPARK-Fisher-Yates-Shuffle,20261071,replace variable A (order 1),hidden,stillborn
2,misc/SPARK2/Ada-SPARK-Fisher-Yates-Shuffle,20261071,replace variable I (order 1),hidden,killed
2,misc/SPARK2/Ada-SPARK-Fisher-Yates-Shuffle,20261071,replace variable Temporary (order 1),hidden,stillborn
2,misc/SPARK2/Ada-SPARK-Fisher-Yates-Shuffle,20261071,replace variable A (order 1),hidden,stillborn
2,misc/SPARK2/Ada-SPARK-Fisher-Yates-Shuffle,20261071,replace variable Choices (order 1),hidden,stillborn
2,misc/SPARK2/Ada-SPARK-Fisher-Yates-Shuffle,20261071,replace variable Data (order 1),hidden,stillborn
2,misc/SPARK2/Ada-SPARK-Fisher-Yates-Shuffle,20261071,replace variable I (order 1),hidden,killed
2,misc/SPARK2/Ada-SPARK-Fisher-Yates-Shuffle,20261071,replace variable Data (order 1),hidden,stillborn
2,misc/SPARK2/Ada-SPARK-Fisher-Yates-Shuffle,20261071,replace variable Data (order 1),hidden,stillborn
2,misc/SPARK2/Ada-SPARK-Fisher-Yates-Shuffle,20261071,replace variable I (order 1),hidden,stillborn
2,misc/SPARK2/Ada-SPARK-Fisher-Yates-Shuffle,20261071,replace variable Data (order 1),hidden,stillborn
2,misc/SPARK2/Ada-SPARK-Fisher-Yates-Shuffle,20261071,replace variable Choices (order 1),hidden,stillborn
2,misc/SPARK2/Ada-SPARK-Fisher-Yates-Shuffle,20261071,replace variable I (order 1),hidden,stillborn
2,misc/SPARK2/Ada-SPARK-Fisher-Yates-Shuffle,20261071,replace variable I (order 1),hidden,stillborn
2,misc/SPARK2/Ada-SPARK-Fisher-Yates-Shuffle,20261071,replace variable B (order 1),hidden,stillborn
2,misc/SPARK2/Ada-SPARK-Fisher-Yates-Shuffle,20261071,replace variable B (order 1),hidden,stillborn
2,misc/SPARK2/Ada-SPARK-Fisher-Yates-Shuffle,20261071,replace variable Choices (order 1),hidden,killed
2,misc/SPARK2/Ada-SPARK-Fisher-Yates-Shuffle,20261071,replace variable A (order 1),hidden,stillborn
2,misc/SPARK2/Ada-SPARK-Fisher-Yates-Shuffle,20261071,replace variable I (order 1),hidden,stillborn
2,misc/SPARK2/Ada-SPARK-Fisher-Yates-Shuffle,20261071,replace variable Data (order 1),hidden,stillborn
2,misc/SPARK2/Ada-SPARK-Fisher-Yates-Shuffle,20261071,replace variable A (order 1),hidden,stillborn
2,misc/SPARK2/Ada-SPARK-Fisher-Yates-Shuffle,20261071,replace variable Data (order 1),hidden,stillborn
2,misc/SPARK2/Ada-SPARK-Fisher-Yates-Shuffle,20261071,replace variable A (order 1),hidden,killed
2,misc/SPARK2/Ada-SPARK-Fisher-Yates-Shuffle,20261071,replace variable Data (order 1),hidden,stillborn
2,misc/SPARK2/Ada-SPARK-Fisher-Yates-Shuffle,20261071,replace variable I (order 1),hidden,stillborn
2,misc/SPARK2/Ada-SPARK-Fisher-Yates-Shuffle,20261071,replace variable A (order 1),hidden,stillborn
2,misc/SPARK2/Ada-SPARK-Fisher-Yates-Shuffle,20261071,replace variable Choices (order 1),hidden,stillborn
2,misc/SPARK2/Ada-SPARK-Fisher-Yates-Shuffle,20261071,replace variable B (order 1),hidden,stillborn
2,misc/SPARK2/Ada-SPARK-Fisher-Yates-Shuffle,20261071,replace variable I (order 1),hidden,stillborn
2,misc/SPARK2/Ada-SPARK-Fisher-Yates-Shuffle,20261071,replace variable A (order 1),hidden,stillborn
2,misc/SPARK2/Ada-SPARK-Fisher-Yates-Shuffle,20261071,replace variable Data (order 1),hidden,stillborn
2,misc/SPARK2/Ada-SPARK-Fisher-Yates-Shuffle,20261071,replace variable Temporary (order 1),hidden,stillborn
2,misc/SPARK2/Ada-SPARK-Fisher-Yates-Shuffle,20261071,replace variable Data (order 1),hidden,stillborn
2,misc/SPARK2/Ada-SPARK-Fisher-Yates-Shuffle,20261071,replace variable Data (order 1),hidden,stillborn
2,misc/SPARK2/Ada-SPARK-Fisher-Yates-Shuffle,20261071,replace variable Data (order 1),hidden,stillborn
2,misc/SPARK2/Ada-SPARK-Fisher-Yates-Shuffle,20261071,replace variable I (order 1),hidden,stillborn
2,misc/SPARK2/Ada-SPARK-Fisher-Yates-Shuffle,20261071,replace variable K (order 1),hidden,stillborn
2,misc/SPARK2/Ada-SPARK-Fisher-Yates-Shuffle,20261071,replace variable K (order 1),hidden,stillborn
2,misc/SPARK2/Ada-SPARK-Fisher-Yates-Shuffle,20261071,replace variable Choices (order 1),hidden,stillborn
2,misc/SPARK2/Ada-SPARK-Fisher-Yates-Shuffle,20261071,replace variable Data (order 1),hidden,stillborn
2,misc/SPARK2/Ada-SPARK-Fisher-Yates-Shuffle,20261071,replace variable K (order 1),hidden,stillborn
2,misc/SPARK2/Ada-SPARK-Fisher-Yates-Shuffle,20261071,replace variable I (order 1),hidden,stillborn
2,misc/SPARK2/Ada-SPARK-Fisher-Yates-Shuffle,20261071,replace variable I (order 1),hidden,killed
2,misc/SPARK2/Ada-SPARK-Fisher-Yates-Shuffle,20261071,replace variable Data (order 1),hidden,stillborn
2,misc/SPARK2/Ada-SPARK-Fisher-Yates-Shuffle,20261071,replace variable B (order 1),hidden,killed
2,misc/SPARK2/Ada-SPARK-Fisher-Yates-Shuffle,20261071,replace variable A (order 1),hidden,stillborn
2,misc/SPARK2/Ada-SPARK-Fisher-Yates-Shuffle,20261071,replace variable K (order 1),hidden,stillborn
2,misc/SPARK2/Ada-SPARK-Fisher-Yates-Shuffle,20261071,replace variable A (order 1),hidden,stillborn
2,misc/SPARK2/Ada-SPARK-Fisher-Yates-Shuffle,20261071,replace variable Choices (order 1),hidden,stillborn
2,misc/SPARK2/Ada-SPARK-Fisher-Yates-Shuffle,20261071,replace variable Data (order 1),hidden,stillborn
2,misc/SPARK2/Ada-SPARK-Fisher-Yates-Shuffle,20261071,replace variable I (order 1),hidden,stillborn
2,misc/SPARK2/Ada-SPARK-Fisher-Yates-Shuffle,20261071,replace variable I (order 1),hidden,stillborn
2,misc/SPARK2/Ada-SPARK-Fisher-Yates-Shuffle,20261071,replace variable I (order 1),hidden,stillborn
2,misc/SPARK2/Ada-SPARK-Fisher-Yates-Shuffle,20261071,replace variable Data (order 1),hidden,stillborn
2,misc/SPARK2/Ada-SPARK-Fisher-Yates-Shuffle,20261071,replace variable I (order 1),hidden,stillborn
2,misc/SPARK2/Ada-SPARK-Fisher-Yates-Shuffle,20261071,replace variable Choices (order 1),hidden,stillborn
2,misc/SPARK2/Ada-SPARK-Fisher-Yates-Shuffle,20261071,replace variable K (order 1),hidden,stillborn
2,misc/SPARK2/Ada-SPARK-Fisher-Yates-Shuffle,20261071,replace variable Data (order 1),hidden,stillborn
2,misc/SPARK2/Ada-SPARK-Fisher-Yates-Shuffle,20261071,replace variable Data (order 1),hidden,stillborn
2,misc/SPARK2/Ada-SPARK-Fisher-Yates-Shuffle,20261071,replace variable K (order 1),hidden,stillborn
2,misc/SPARK2/Ada-SPARK-Fisher-Yates-Shuffle,20261071,replace variable Data (order 1),hidden,stillborn
2,misc/SPARK2/Ada-SPARK-Fisher-Yates-Shuffle,20261071,loop direction forward (order 1),hidden,survived
2,misc/SPARK2/Ada-SPARK-Fisher-Yates-Shuffle,20261071,replace variable I (order 1),hidden,stillborn
2,misc/SPARK2/Ada-SPARK-Fisher-Yates-Shuffle,20261071,replace variable I (order 1),hidden,stillborn
2,misc/SPARK2/Ada-SPARK-Fisher-Yates-Shuffle,20261071,replace variable Choices (order 1),hidden,stillborn
2,misc/SPARK2/Ada-SPARK-Fisher-Yates-Shuffle,20261071,replace variable I (order 1),hidden,stillborn
2,misc/SPARK2/Ada-SPARK-Fisher-Yates-Shuffle,20261071,replace variable Temporary (order 1),hidden,stillborn
2,misc/SPARK2/Ada-SPARK-Fisher-Yates-Shuffle,20261071,replace variable Temporary (order 1),hidden,stillborn
2,misc/SPARK2/Ada-SPARK-Fisher-Yates-Shuffle,20261071,replace variable Data (order 1),hidden,stillborn
2,misc/SPARK2/Ada-SPARK-Fisher-Yates-Shuffle,20261071,replace variable Choices (order 1),hidden,stillborn
2,misc/SPARK2/Ada-SPARK-Fisher-Yates-Shuffle,20261071,loop direction reverse (order 1),hidden,killed
2,misc/SPARK2/Ada-SPARK-Fisher-Yates-Shuffle,20261071,replace variable K (order 1),hidden,stillborn
2,misc/SPARK2/Ada-SPARK-Fisher-Yates-Shuffle,20261071,replace variable Temporary (order 1),hidden,killed
2,misc/SPARK2/Ada-SPARK-Fisher-Yates-Shuffle,20261071,replace variable Data (order 1),hidden,stillborn
2,misc/SPARK2/Ada-SPARK-Fisher-Yates-Shuffle,20261071,replace variable Data (order 1),hidden,stillborn
2,misc/SPARK2/Ada-SPARK-Fisher-Yates-Shuffle,20261071,replace variable Data (order 1),hidden,stillborn
2,misc/SPARK2/Ada-SPARK-Fisher-Yates-Shuffle,20261071,replace variable I (order 1),hidden,killed
2,misc/SPARK2/Ada-SPARK-Fisher-Yates-Shuffle,20261071,replace variable Choices (order 1),hidden,killed
2,misc/SPARK2/Ada-SPARK-Fisher-Yates-Shuffle,20261071,replace variable B (order 1),hidden,stillborn
2,misc/SPARK2/Ada-SPARK-Fisher-Yates-Shuffle,20261071,replace variable Data (order 1),hidden,killed
2,misc/SPARK2/Ada-SPARK-Fisher-Yates-Shuffle,20261071,replace variable B (order 1),hidden,stillborn
2,misc/SPARK2/Ada-SPARK-Fisher-Yates-Shuffle,20261071,replace variable Choices (order 1),hidden,killed
2,misc/SPARK2/Ada-SPARK-Fisher-Yates-Shuffle,20261071,replace variable I (order 1),hidden,stillborn
2,misc/SPARK2/Ada-SPARK-Fisher-Yates-Shuffle,20261071,replace variable Data (order 1),hidden,killed
2,misc/SPARK2/Ada-SPARK-Fisher-Yates-Shuffle,20261071,replace variable Choices (order 1),hidden,stillborn
2,misc/SPARK2/Ada-SPARK-Fisher-Yates-Shuffle,20261071,replace variable Data (order 1),hidden,stillborn
2,misc/SPARK2/Ada-SPARK-Fisher-Yates-Shuffle,20261071,replace variable Data (order 1),hidden,stillborn
2,misc/SPARK2/Ada-SPARK-Fisher-Yates-Shuffle,20261071,replace variable I (order 1),hidden,stillborn
2,misc/SPARK2/Ada-SPARK-Fisher-Yates-Shuffle,20261071,replace variable I (order 1),hidden,stillborn
2,misc/SPARK2/Ada-SPARK-Fisher-Yates-Shuffle,20261071,replace variable B (order 1),hidden,stillborn
2,misc/SPARK2/Ada-SPARK-Fisher-Yates-Shuffle,20261071,replace variable I (order 1),hidden,stillborn
2,misc/SPARK2/Ada-SPARK-Fisher-Yates-Shuffle,20261071,replace variable Choices (order 1),hidden,stillborn
2,misc/SPARK2/Ada-SPARK-Fisher-Yates-Shuffle,20261071,replace variable K (order 1),hidden,stillborn
2,misc/SPARK2/Ada-SPARK-Fisher-Yates-Shuffle,20261071,replace variable Data (order 1),hidden,stillborn
2,misc/SPARK2/Ada-SPARK-Fisher-Yates-Shuffle,20261071,replace variable Data (order 1),hidden,stillborn
2,misc/SPARK2/Ada-SPARK-Fisher-Yates-Shuffle,20261071,replace variable I (order 1),hidden,stillborn
2,misc/SPARK2/Ada-SPARK-Fisher-Yates-Shuffle,20261071,replace variable I (order 1),hidden,killed
2,misc/SPARK2/Ada-SPARK-Fisher-Yates-Shuffle,20261071,replace variable Temporary (order 1),hidden,stillborn
2,misc/SPARK2/Ada-SPARK-Fisher-Yates-Shuffle,20261071,replace variable Temporary (order 1),hidden,stillborn
2,misc/SPARK2/Ada-SPARK-Fisher-Yates-Shuffle,20261071,replace variable B (order 1),hidden,stillborn
2,misc/SPARK2/Ada-SPARK-Fisher-Yates-Shuffle,20261071,replace variable Temporary (order 1),hidden,stillborn
2,misc/SPARK2/Ada-SPARK-Fisher-Yates-Shuffle,20261071,replace variable K (order 1),hidden,stillborn
2,misc/SPARK2/Ada-SPARK-Fisher-Yates-Shuffle,20261071,replace variable I (order 1),hidden,stillborn
2,misc/SPARK2/Ada-SPARK-Fisher-Yates-Shuffle,20261071,replace variable K (order 1),hidden,stillborn
2,misc/SPARK2/Ada-SPARK-Fisher-Yates-Shuffle,20261071,replace variable B (order 1),hidden,killed
2,misc/SPARK2/Ada-SPARK-Fisher-Yates-Shuffle,20261071,replace variable B (order 1),hidden,stillborn
2,misc/SPARK2/Ada-SPARK-Fisher-Yates-Shuffle,20261071,replace variable Choices (order 1),hidden,stillborn
2,misc/SPARK2/Ada-SPARK-Fisher-Yates-Shuffle,20261071,replace variable I (order 1),hidden,stillborn
2,misc/SPARK2/Ada-SPARK-Fisher-Yates-Shuffle,20261071,replace variable Data (order 1),hidden,stillborn
2,misc/SPARK2/Ada-SPARK-Fisher-Yates-Shuffle,20261071,replace variable I (order 1),hidden,stillborn
2,misc/SPARK2/Ada-SPARK-Fisher-Yates-Shuffle,20261071,replace variable I (order 1),hidden,stillborn
2,misc/SPARK2/Ada-SPARK-Fisher-Yates-Shuffle,20261071,replace variable I (order 1),hidden,stillborn
2,misc/SPARK2/Ada-SPARK-Fisher-Yates-Shuffle,20261071,replace variable A (order 1),hidden,stillborn
2,misc/SPARK2/Ada-SPARK-Fisher-Yates-Shuffle,20261071,replace variable K (order 1),hidden,stillborn
2,misc/SPARK2/Ada-SPARK-Fisher-Yates-Shuffle,20261071,replace variable Choices (order 1),hidden,stillborn
2,misc/SPARK2/Ada-SPARK-Fisher-Yates-Shuffle,20261071,replace variable Data (order 1),hidden,stillborn
2,misc/SPARK2/Ada-SPARK-Fisher-Yates-Shuffle,20261071,replace variable Data (order 1),hidden,stillborn
2,misc/SPARK2/Ada-SPARK-Fisher-Yates-Shuffle,20261071,replace variable Temporary (order 1),hidden,stillborn
2,misc/SPARK2/Ada-SPARK-Fisher-Yates-Shuffle,20261071,replace variable Data (order 1),hidden,stillborn
2,misc/SPARK2/Ada-SPARK-Fisher-Yates-Shuffle,20261071,replace variable Temporary (order 1),hidden,stillborn
2,misc/SPARK2/Ada-SPARK-Fisher-Yates-Shuffle,20261071,replace variable Temporary (order 1),hidden,stillborn
2,misc/SPARK2/Ada-SPARK-Fisher-Yates-Shuffle,20261071,replace variable Choices (order 1),hidden,stillborn
2,misc/SPARK2/Ada-SPARK-Fisher-Yates-Shuffle,20261071,replace variable I (order 1),hidden,stillborn
2,misc/SPARK2/Ada-SPARK-Fisher-Yates-Shuffle,20261071,replace variable Choices (order 1),hidden,stillborn
2,misc/SPARK2/Ada-SPARK-Fisher-Yates-Shuffle,20261071,replace variable I (order 1),hidden,stillborn
2,misc/SPARK2/Ada-SPARK-Fisher-Yates-Shuffle,20261071,replace variable I (order 1),hidden,stillborn
2,misc/SPARK2/Ada-SPARK-Fisher-Yates-Shuffle,20261071,replace variable Data (order 1),hidden,stillborn
2,misc/SPARK2/Ada-SPARK-Fisher-Yates-Shuffle,20261071,replace variable A (order 1),hidden,stillborn
2,misc/SPARK2/Ada-SPARK-Fisher-Yates-Shuffle,20261071,replace variable I (order 1),hidden,stillborn
2,misc/SPARK2/Ada-SPARK-Fisher-Yates-Shuffle,20261071,replace variable I (order 1),hidden,stillborn
2,misc/SPARK2/Ada-SPARK-Fisher-Yates-Shuffle,20261071,replace variable A (order 1),hidden,stillborn
2,misc/SPARK2/Ada-SPARK-Fisher-Yates-Shuffle,20261071,replace variable K (order 1),hidden,stillborn
2,misc/SPARK2/Ada-SPARK-Fisher-Yates-Shuffle,20261071,replace variable Data (order 1),hidden,stillborn
2,misc/SPARK2/Ada-SPARK-Fisher-Yates-Shuffle,20261071,replace variable I (order 1),hidden,stillborn
2,misc/SPARK2/Ada-SPARK-Fisher-Yates-Shuffle,20261071,replace variable B (order 1),hidden,stillborn
2,misc/SPARK2/Ada-SPARK-Fisher-Yates-Shuffle,20261071,replace variable Data (order 1),hidden,stillborn
2,misc/SPARK2/Ada-SPARK-Fisher-Yates-Shuffle,20261071,replace variable Data (order 1),hidden,stillborn
2,misc/SPARK2/Ada-SPARK-Fisher-Yates-Shuffle,20261071,replace variable I (order 1),hidden,stillborn
2,misc/SPARK2/Ada-SPARK-Fisher-Yates-Shuffle,20261071,replace variable Data (order 1),hidden,stillborn
2,misc/SPARK2/Ada-SPARK-Fisher-Yates-Shuffle,20261071,replace variable A (order 1),hidden,killed
2,misc/SPARK2/Ada-SPARK-Fisher-Yates-Shuffle,20261071,replace variable Data (order 1),hidden,stillborn
2,misc/SPARK2/Ada-SPARK-Fisher-Yates-Shuffle,20261071,replace variable Temporary (order 1),hidden,stillborn
2,misc/SPARK2/Ada-SPARK-Fisher-Yates-Shuffle,20261071,replace variable I (order 1),hidden,stillborn
2,misc/SPARK2/Ada-SPARK-Fisher-Yates-Shuffle,20261071,replace variable I (order 1),hidden,stillborn
2,misc/SPARK2/Ada-SPARK-Fisher-Yates-Shuffle,20261071,replace variable Choices (order 1),hidden,stillborn
2,misc/SPARK2/Ada-SPARK-Fisher-Yates-Shuffle,20261071,replace variable Data (order 1),hidden,stillborn
2,misc/SPARK2/Ada-SPARK-Fisher-Yates-Shuffle,20261071,replace variable Data (order 1),hidden,stillborn
2,misc/SPARK2/Ada-SPARK-Fisher-Yates-Shuffle,20261071,replace variable Choices (order 1),hidden,stillborn
2,misc/SPARK2/Ada-SPARK-Fisher-Yates-Shuffle,20261071,replace variable I (order 1),hidden,stillborn
