folder,file,line,pragma,entity,kind,interface_required,reason,allowed
clustering/Ada/Average-Linkage-Clustering,clustering/Ada/Average-Linkage-Clustering/tests.adb,386,Unreferenced,T,local,,,no
clustering/Ada/Average-Linkage-Clustering,clustering/Ada/Average-Linkage-Clustering/tests.adb,403,Unreferenced,T,local,,,no
clustering/Ada/Average-Linkage-Clustering,clustering/Ada/Average-Linkage-Clustering/tests.adb,422,Unreferenced,H,local,,,no
clustering/Ada/Average-Linkage-Clustering,clustering/Ada/Average-Linkage-Clustering/tests.adb,441,Unreferenced,L,local,,,no
clustering/Ada/Average-Linkage-Clustering,clustering/Ada/Average-Linkage-Clustering/tests.adb,461,Unreferenced,Davg,local,,,no
clustering/Ada/Average-Linkage-Clustering,clustering/Ada/Average-Linkage-Clustering/tests.adb,477,Unreferenced,D,local,,,no
clustering/Ada/Canopy-Clustering,clustering/Ada/Canopy-Clustering/tests.adb,111,Unreferenced,Dbg,local,,,no
clustering/Ada/Canopy-Clustering,clustering/Ada/Canopy-Clustering/tests.adb,308,Unreferenced,R,local,,,no
clustering/Ada/Canopy-Clustering,clustering/Ada/Canopy-Clustering/tests.adb,321,Unreferenced,R,local,,,no
clustering/Ada/Canopy-Clustering,clustering/Ada/Canopy-Clustering/tests.adb,337,Unreferenced,Dummy,local,,,no
clustering/Ada/Clustering-Algorithms,clustering/Ada/Clustering-Algorithms/tests.adb,337,Unreferenced,R,local,,,no
clustering/Ada/Clustering-Algorithms,clustering/Ada/Clustering-Algorithms/tests.adb,353,Unreferenced,S,local,,,no
clustering/Ada/Clustering-Algorithms,clustering/Ada/Clustering-Algorithms/tests.adb,367,Unreferenced,D,local,,,no
clustering/Ada/Clustering-Algorithms,clustering/Ada/Clustering-Algorithms/tests.adb,381,Unreferenced,Tree,local,,,no
clustering/Ada/Clustering-Algorithms,clustering/Ada/Clustering-Algorithms/tests.adb,397,Unreferenced,D,local,,,no
clustering/Ada/Complete-Linkage-Clustering,clustering/Ada/Complete-Linkage-Clustering/tests.adb,392,Unreferenced,T,local,,,no
clustering/Ada/Complete-Linkage-Clustering,clustering/Ada/Complete-Linkage-Clustering/tests.adb,408,Unreferenced,T,local,,,no
clustering/Ada/Complete-Linkage-Clustering,clustering/Ada/Complete-Linkage-Clustering/tests.adb,424,Unreferenced,L,local,,,no
clustering/Ada/Complete-Linkage-Clustering,clustering/Ada/Complete-Linkage-Clustering/tests.adb,440,Unreferenced,H,local,,,no
clustering/Ada/Complete-Linkage-Clustering,clustering/Ada/Complete-Linkage-Clustering/tests.adb,459,Unreferenced,Dij,local,,,no
clustering/Ada/Complete-Linkage-Clustering,clustering/Ada/Complete-Linkage-Clustering/tests.adb,474,Unreferenced,D,local,,,no
clustering/Ada/DBSCAN,clustering/Ada/DBSCAN/dbscan.adb,18,Unreferenced,Params,local,,---------------------------------------------------------------------------,yes
clustering/Ada/DBSCAN,clustering/Ada/DBSCAN/dbscan.adb,227,Unreferenced,N,local,,,no
clustering/Ada/DBSCAN,clustering/Ada/DBSCAN/tests.adb,152,Unreferenced,D,local,,,no
clustering/Ada/DBSCAN,clustering/Ada/DBSCAN/tests.adb,161,Unreferenced,Nbr,local,,,no
clustering/Ada/DBSCAN,clustering/Ada/DBSCAN/tests.adb,161,Unreferenced,Len,local,,,no
clustering/Ada/DBSCAN,clustering/Ada/DBSCAN/tests.adb,359,Unreferenced,Bad,local,,,no
clustering/Ada/DBSCAN,clustering/Ada/DBSCAN/tests.adb,370,Unreferenced,RQ,local,,,no
clustering/Ada/DBSCAN,clustering/Ada/DBSCAN/tests.adb,386,Unreferenced,B,local,,,no
clustering/Ada/FLAME-Clustering,clustering/Ada/FLAME-Clustering/flame_clustering.adb,286,Unreferenced,Graph,parameter,,,no
clustering/Ada/FLAME-Clustering,clustering/Ada/FLAME-Clustering/tests.adb,433,Unreferenced,G,local,,,no
clustering/Ada/FLAME-Clustering,clustering/Ada/FLAME-Clustering/tests.adb,449,Unreferenced,G,local,,,no
clustering/Ada/FLAME-Clustering,clustering/Ada/FLAME-Clustering/tests.adb,464,Unreferenced,R,local,,,no
clustering/Ada/FLAME-Clustering,clustering/Ada/FLAME-Clustering/tests.adb,469,Unreferenced,Res,local,,,no
clustering/Ada/FLAME-Clustering,clustering/Ada/FLAME-Clustering/tests.adb,517,Unreferenced,Conv,local,,,no
clustering/Ada/FLAME-Clustering,clustering/Ada/FLAME-Clustering/tests.adb,517,Unreferenced,NAE,local,,,no
clustering/Ada/Fuzzy-Clustering,clustering/Ada/Fuzzy-Clustering/tests.adb,557,Unreferenced,Bad,local,,,no
clustering/Ada/Fuzzy-Clustering,clustering/Ada/Fuzzy-Clustering/tests.adb,570,Unreferenced,Bad,local,,,no
clustering/Ada/Fuzzy-Clustering,clustering/Ada/Fuzzy-Clustering/tests.adb,583,Unreferenced,Init_W,local,,,no
clustering/Ada/Fuzzy-Clustering,clustering/Ada/Fuzzy-Clustering/tests.adb,599,Unreferenced,Init_W,local,,,no
clustering/Ada/Fuzzy-Clustering,clustering/Ada/Fuzzy-Clustering/tests.adb,619,Unreferenced,J,local,,,no
clustering/Ada/K-Means-Clustering,clustering/Ada/K-Means-Clustering/tests.adb,361,Unreferenced,C,local,,,no
clustering/Ada/K-Means-Clustering,clustering/Ada/K-Means-Clustering/tests.adb,375,Unreferenced,C,local,,,no
clustering/Ada/K-Means-Clustering,clustering/Ada/K-Means-Clustering/tests.adb,390,Unreferenced,C,local,,,no
clustering/Ada/K-Means-Plus-Plus,clustering/Ada/K-Means-Plus-Plus/tests.adb,378,Unreferenced,C,local,,,no
clustering/Ada/K-Means-Plus-Plus,clustering/Ada/K-Means-Plus-Plus/tests.adb,394,Unreferenced,R,local,,,no
clustering/Ada/Lloyds-Algorithm,clustering/Ada/Lloyds-Algorithm/tests.adb,381,Unreferenced,S,local,,,no
clustering/Ada/Lloyds-Algorithm,clustering/Ada/Lloyds-Algorithm/tests.adb,395,Unreferenced,Empty_Data,local,,,no
clustering/Ada/Lloyds-Algorithm,clustering/Ada/Lloyds-Algorithm/tests.adb,401,Unreferenced,R,local,,,no
clustering/Ada/Lloyds-Algorithm,clustering/Ada/Lloyds-Algorithm/tests.adb,424,Unreferenced,S,local,,,no
clustering/Ada/OPTICS,clustering/Ada/OPTICS/optics.adb,18,Unreferenced,Params,local,,---------------------------------------------------------------------------,yes
clustering/Ada/OPTICS,clustering/Ada/OPTICS/tests.adb,152,Unreferenced,D,local,,,no
clustering/Ada/OPTICS,clustering/Ada/OPTICS/tests.adb,299,Unreferenced,Prev,local,,,no
clustering/Ada/OPTICS,clustering/Ada/OPTICS/tests.adb,299,Unreferenced,Ok_Mono,local,,,no
clustering/Ada/OPTICS,clustering/Ada/OPTICS/tests.adb,461,Unreferenced,L,local,,,no
clustering/Ada/OPTICS,clustering/Ada/OPTICS/tests.adb,475,Unreferenced,L,local,,,no
clustering/Ada/OPTICS,clustering/Ada/OPTICS/tests.adb,494,Unreferenced,L,local,,,no
clustering/Ada/OPTICS,clustering/Ada/OPTICS/tests.adb,509,Unreferenced,Bad,local,,--  Force invalid via local mutation path: Eps ok but call --  Core_Distance with crafted bad MinPts through Make_Parameters,yes
clustering/Ada/OPTICS,clustering/Ada/OPTICS/tests.adb,509,Unreferenced,Ignore,local,,--  Force invalid via local mutation path: Eps ok but call --  Core_Distance with crafted bad MinPts through Make_Parameters,yes
clustering/Ada/OPTICS,clustering/Ada/OPTICS/tests.adb,515,Unreferenced,Dummy,local,,,no
clustering/Ada/Single-Linkage-Clustering,clustering/Ada/Single-Linkage-Clustering/tests.adb,384,Unreferenced,T,local,,,no
clustering/Ada/Single-Linkage-Clustering,clustering/Ada/Single-Linkage-Clustering/tests.adb,400,Unreferenced,T,local,,,no
clustering/Ada/Single-Linkage-Clustering,clustering/Ada/Single-Linkage-Clustering/tests.adb,416,Unreferenced,L,local,,,no
clustering/Ada/Single-Linkage-Clustering,clustering/Ada/Single-Linkage-Clustering/tests.adb,432,Unreferenced,H,local,,,no
clustering/Ada/Single-Linkage-Clustering,clustering/Ada/Single-Linkage-Clustering/tests.adb,451,Unreferenced,Dij,local,,,no
clustering/Ada/Single-Linkage-Clustering,clustering/Ada/Single-Linkage-Clustering/tests.adb,466,Unreferenced,D,local,,,no
clustering/Ada/WACA-Clustering,clustering/Ada/WACA-Clustering/tests.adb,296,Unreferenced,W,local,,,no
clustering/Ada/WACA-Clustering,clustering/Ada/WACA-Clustering/tests.adb,310,Unreferenced,D,local,,,no
clustering/Ada/WACA-Clustering,clustering/Ada/WACA-Clustering/tests.adb,334,Unreferenced,X,local,,,no
clustering/Ada/WACA-Clustering,clustering/Ada/WACA-Clustering/tests.adb,350,Unreferenced,X,local,,--  Cycle 1→2→1,yes
clustering/Ada/Wards-Method,clustering/Ada/Wards-Method/tests.adb,312,Unreferenced,Unused,local,,,no
clustering/Ada/Wards-Method,clustering/Ada/Wards-Method/tests.adb,330,Unreferenced,Unused,local,,,no
clustering/Ada/Wards-Method,clustering/Ada/Wards-Method/tests.adb,345,Unreferenced,Unused,local,,,no
clustering/Ada/Wards-Method,clustering/Ada/Wards-Method/tests.adb,361,Unreferenced,Unused,local,,,no
compression/Ada/Berlekamp-Root-Finding,compression/Ada/Berlekamp-Root-Finding/tests.adb,86,Unreferenced,Unused,local,,,no
compression/Ada/Berlekamp-Root-Finding,compression/Ada/Berlekamp-Root-Finding/tests.adb,106,Unreferenced,Unused,local,,,no
compression/Ada/Berlekamp-Root-Finding,compression/Ada/Berlekamp-Root-Finding/tests.adb,123,Unreferenced,Unused,local,,,no
compression/Ada/Berlekamp-Root-Finding,compression/Ada/Berlekamp-Root-Finding/tests.adb,256,Unreferenced,Sq,local,,,no
compression/Ada/Burrows-Wheeler-Transform,compression/Ada/Burrows-Wheeler-Transform/tests.adb,72,Unreferenced,S,local,,,no
compression/Ada/Burrows-Wheeler-Transform,compression/Ada/Burrows-Wheeler-Transform/tests.adb,86,Unreferenced,S,local,,,no
compression/Ada/Burrows-Wheeler-Transform,compression/Ada/Burrows-Wheeler-Transform/tests.adb,100,Unreferenced,S,local,,,no
compression/Ada/Burrows-Wheeler-Transform,compression/Ada/Burrows-Wheeler-Transform/tests.adb,114,Unreferenced,S,local,,,no
compression/Ada/Image-Compression,compression/Ada/Image-Compression/tests.adb,53,Unreferenced,RLE,local,,-- Suppress warning for variable used only to trigger error,yes
compression/Ada/Image-Compression,compression/Ada/Image-Compression/tests.adb,82,Unreferenced,Res,local,,-- Suppress warning,yes
compression/Ada/Image-Compression,compression/Ada/Image-Compression/tests.adb,125,Unreferenced,Delta_Seq,local,,-- Suppress warning,yes
compression/Ada/LZ77-LZ78,compression/Ada/LZ77-LZ78/tests.adb,51,Unreferenced,Tokens,local,,,no
compression/Ada/LZ77-LZ78,compression/Ada/LZ77-LZ78/tests.adb,85,Unreferenced,Decoded,local,,,no
compression/Ada/LZ77-LZ78,compression/Ada/LZ77-LZ78/tests.adb,123,Unreferenced,Tokens,local,,,no
compression/Ada/LZ77-LZ78,compression/Ada/LZ77-LZ78/tests.adb,159,Unreferenced,Decoded,local,,,no
compression/Ada/Run-Length-Encoding,compression/Ada/Run-Length-Encoding/tests.adb,88,Unreferenced,Res,local,,,no
compression/Ada/Run-Length-Encoding,compression/Ada/Run-Length-Encoding/tests.adb,99,Unreferenced,Res,local,,,no
compression/Ada/Run-Length-Encoding,compression/Ada/Run-Length-Encoding/tests.adb,110,Unreferenced,Res,local,,,no
compression/Ada/Run-Length-Encoding,compression/Ada/Run-Length-Encoding/tests.adb,121,Unreferenced,Res,local,,,no
compression/Ada/Video-Compression,compression/Ada/Video-Compression/tests.adb,71,Unreferenced,Res,local,,,no
compression/Ada/Video-Compression,compression/Ada/Video-Compression/tests.adb,138,Unreferenced,Res,local,,,no
cryptography/Ada/Argon2,cryptography/Ada/Argon2/argon2.adb,10,Unreferenced,Free_Block,unknown,,,no
cryptography/Ada/Argon2,cryptography/Ada/Argon2/tests.adb,156,Unreferenced,Dummy,local,,,no
cryptography/Ada/Argon2,cryptography/Ada/Argon2/tests.adb,177,Unreferenced,Dummy,local,,,no
cryptography/Ada/Argon2,cryptography/Ada/Argon2/tests.adb,199,Unreferenced,Dummy,local,,"-- but 16 < 8 * 4, forcing the Invalid_Parameter logic to trigger.",yes
cryptography/Ada/Fortuna,cryptography/Ada/Fortuna/fortuna.adb,102,Unreferenced,Ignore,unknown,,-- Fulfill the pseudo-random data request,yes
cryptography/Ada/Fortuna,cryptography/Ada/Fortuna/fortuna.adb,116,Unreferenced,Ignore,unknown,,-- Forward Secrecy: Rekey the generator immediately,yes
cryptography/Ada/IDEA,cryptography/Ada/IDEA/tests.adb,145,Unreferenced,K,local,,,no
cryptography/Ada/IDEA,cryptography/Ada/IDEA/tests.adb,156,Unreferenced,K,local,,,no
cryptography/Ada/IDEA,cryptography/Ada/IDEA/tests.adb,167,Unreferenced,K,local,,,no
cryptography/Ada/Lenstra-Elliptic-Curve-Factorization,cryptography/Ada/Lenstra-Elliptic-Curve-Factorization/lenstra_elliptic_curve_factorization.adb,413,Unreferenced,Unused,unknown,,,no
cryptography/Ada/Lenstra-Elliptic-Curve-Factorization,cryptography/Ada/Lenstra-Elliptic-Curve-Factorization/tests.adb,45,Unreferenced,Unused,local,,,no
cryptography/Ada/Lenstra-Elliptic-Curve-Factorization,cryptography/Ada/Lenstra-Elliptic-Curve-Factorization/tests.adb,62,Unreferenced,Unused,local,,,no
cryptography/Ada/Lenstra-Elliptic-Curve-Factorization,cryptography/Ada/Lenstra-Elliptic-Curve-Factorization/tests.adb,86,Unreferenced,Unused,local,,,no
cryptography/Ada/Shamirs-Secret-Sharing,cryptography/Ada/Shamirs-Secret-Sharing/tests.adb,169,Unreferenced,S,local,,,no
cryptography/Ada/Stochastic-Universal-Sampling,cryptography/Ada/Stochastic-Universal-Sampling/stochastic_universal_sampling.adb,37,Unreferenced,Cfg,parameter,,,no
cryptography/Ada/Stochastic-Universal-Sampling,cryptography/Ada/Stochastic-Universal-Sampling/tests.adb,146,Unreferenced,I,unknown,,,no
cryptography/Ada/Stochastic-Universal-Sampling,cryptography/Ada/Stochastic-Universal-Sampling/tests.adb,208,Unreferenced,Unused,local,,,no
cryptography/Ada/Stochastic-Universal-Sampling,cryptography/Ada/Stochastic-Universal-Sampling/tests.adb,246,Unreferenced,Unused,local,,,no
cryptography/Ada/Stochastic-Universal-Sampling,cryptography/Ada/Stochastic-Universal-Sampling/tests.adb,260,Unreferenced,Unused,local,,,no
cryptography/Ada/Stochastic-Universal-Sampling,cryptography/Ada/Stochastic-Universal-Sampling/tests.adb,274,Unreferenced,Unused,local,,,no
cryptography/Ada/Stochastic-Universal-Sampling,cryptography/Ada/Stochastic-Universal-Sampling/tests.adb,410,Unreferenced,Unused,local,,,no
cryptography/Ada/Stochastic-Universal-Sampling,cryptography/Ada/Stochastic-Universal-Sampling/tests.adb,424,Unreferenced,Unused,local,,,no
cryptography/Ada/Stochastic-Universal-Sampling,cryptography/Ada/Stochastic-Universal-Sampling/tests.adb,438,Unreferenced,Unused,local,,,no
cryptography/Ada/Stochastic-Universal-Sampling,cryptography/Ada/Stochastic-Universal-Sampling/tests.adb,452,Unreferenced,Unused,local,,,no
cryptography/Ada/Symetric-Encryption,cryptography/Ada/Symetric-Encryption/symmetric_ciphers.adb,34,Unreferenced,I,unknown,,--  Standard TEA uses 32 rounds,yes
cryptography/Ada/Symetric-Encryption,cryptography/Ada/Symetric-Encryption/symmetric_ciphers.adb,51,Unreferenced,I,unknown,,--  Reversing the 32 rounds,yes
cryptography/Ada/Tiny-Encryption-Algorithm,cryptography/Ada/Tiny-Encryption-Algorithm/tiny_encryption_algorithm.adb,38,Unreferenced,I,unknown,,,no
cryptography/Ada/Tiny-Encryption-Algorithm,cryptography/Ada/Tiny-Encryption-Algorithm/tiny_encryption_algorithm.adb,53,Unreferenced,I,unknown,,,no
cryptography/Ada/Tiny-Encryption-Algorithm,cryptography/Ada/Tiny-Encryption-Algorithm/tiny_encryption_algorithm.adb,72,Unreferenced,I,unknown,,,no
cryptography/Ada/Tiny-Encryption-Algorithm,cryptography/Ada/Tiny-Encryption-Algorithm/tiny_encryption_algorithm.adb,87,Unreferenced,I,unknown,,,no
cryptography/Ada/Twofish,cryptography/Ada/Twofish/twofish.adb,87,Unreferenced,L,parameter,,-- H Function (Round Function Core) -----------------------------------------------------------------,yes
cryptography/Ada/Twofish,cryptography/Ada/Twofish/twofish.adb,87,Unreferenced,Key_Len,parameter,,-- H Function (Round Function Core) -----------------------------------------------------------------,yes
cryptography/Ada/WHIRLPOOL,cryptography/Ada/WHIRLPOOL/tests.adb,187,Unreferenced,D,local,,,no
geometry/Ada/Ambient-Occlusion,geometry/Ada/Ambient-Occlusion/tests.adb,335,Unreferenced,Dummy,local,,,no
geometry/Ada/Clipping,geometry/Ada/Clipping/tests.adb,102,Unreferenced,Unused,local,,,no
geometry/Ada/Closest-Pair-Problem,geometry/Ada/Closest-Pair-Problem/tests.adb,46,Unreferenced,Res,local,,,no
geometry/Ada/Closest-Pair-Problem,geometry/Ada/Closest-Pair-Problem/tests.adb,59,Unreferenced,Res,local,,,no
geometry/Ada/Closest-Pair-Problem,geometry/Ada/Closest-Pair-Problem/tests.adb,72,Unreferenced,Res,local,,,no
geometry/Ada/Cohen-Sutherland,geometry/Ada/Cohen-Sutherland/tests.adb,120,Unreferenced,Unused,local,,,no
geometry/Ada/Cohen-Sutherland,geometry/Ada/Cohen-Sutherland/tests.adb,215,Unreferenced,Unused_Hit,local,,,no
geometry/Ada/Cohen-Sutherland,geometry/Ada/Cohen-Sutherland/tests.adb,442,Unreferenced,Unused,local,,,no
geometry/Ada/Convex-Hull-Algorithms,geometry/Ada/Convex-Hull-Algorithms/tests.adb,49,Unreferenced,H,local,,,no
geometry/Ada/Convex-Hull-Algorithms,geometry/Ada/Convex-Hull-Algorithms/tests.adb,68,Unreferenced,T,local,,,no
geometry/Ada/Convex-Hull-Algorithms,geometry/Ada/Convex-Hull-Algorithms/tests.adb,75,Unreferenced,T,local,,,no
geometry/Ada/Convex-Hull-Algorithms,geometry/Ada/Convex-Hull-Algorithms/tests.adb,82,Unreferenced,T,local,,,no
geometry/Ada/Convex-Hull-Algorithms,geometry/Ada/Convex-Hull-Algorithms/tests.adb,89,Unreferenced,T,local,,,no
geometry/Ada/Convex-Hull-Algorithms,geometry/Ada/Convex-Hull-Algorithms/tests.adb,96,Unreferenced,T,local,,,no
geometry/Ada/Convex-Hull-Algorithms,geometry/Ada/Convex-Hull-Algorithms/tests.adb,113,Unreferenced,A,local,,,no
geometry/Ada/Delaunay-Triangulation,geometry/Ada/Delaunay-Triangulation/tests.adb,42,Unreferenced,T,local,,,no
geometry/Ada/Fast-Clipping,geometry/Ada/Fast-Clipping/tests.adb,99,Unreferenced,Unused,local,,,no
geometry/Ada/Gift-Wrapping,geometry/Ada/Gift-Wrapping/tests.adb,47,Unreferenced,H,local,,,no
geometry/Ada/Gift-Wrapping,geometry/Ada/Gift-Wrapping/tests.adb,62,Unreferenced,H,local,,,no
geometry/Ada/Gift-Wrapping,geometry/Ada/Gift-Wrapping/tests.adb,77,Unreferenced,H,local,,,no
geometry/Ada/Gift-Wrapping,geometry/Ada/Gift-Wrapping/tests.adb,91,Unreferenced,A,local,,,no
geometry/Ada/Gouraud-Shading,geometry/Ada/Gouraud-Shading/tests.adb,270,Unreferenced,Unused_I,local,,,no
geometry/Ada/Gouraud-Shading,geometry/Ada/Gouraud-Shading/tests.adb,311,Unreferenced,Unused_N,local,,,no
geometry/Ada/Gouraud-Shading,geometry/Ada/Gouraud-Shading/tests.adb,324,Unreferenced,Unused_Norms,local,,,no
geometry/Ada/Grabcut,geometry/Ada/Grabcut/tests.adb,123,Unreferenced,Res,local,,,no
geometry/Ada/Grabcut,geometry/Ada/Grabcut/tests.adb,135,Unreferenced,Res,local,,,no
geometry/Ada/Grabcut,geometry/Ada/Grabcut/tests.adb,147,Unreferenced,Res,local,,,no
geometry/Ada/Grabcut,geometry/Ada/Grabcut/tests.adb,166,Unreferenced,Res,local,,,no
geometry/Ada/Graham-Scan,geometry/Ada/Graham-Scan/tests.adb,47,Unreferenced,H,local,,,no
geometry/Ada/Graham-Scan,geometry/Ada/Graham-Scan/tests.adb,62,Unreferenced,H,local,,,no
geometry/Ada/Graham-Scan,geometry/Ada/Graham-Scan/tests.adb,76,Unreferenced,A,local,,,no
geometry/Ada/Graham-Scan,geometry/Ada/Graham-Scan/tests.adb,284,Unreferenced,A1,local,,,no
geometry/Ada/Graham-Scan,geometry/Ada/Graham-Scan/tests.adb,284,Unreferenced,A2,local,,,no
geometry/Ada/Graham-Scan,geometry/Ada/Graham-Scan/tests.adb,284,Unreferenced,AD,local,,,no
geometry/Ada/Graham-Scan,geometry/Ada/Graham-Scan/tests.adb,511,Unreferenced,H,local,,,no
geometry/Ada/Isosurfaces,geometry/Ada/Isosurfaces/tests.adb,353,Unreferenced,Unused,local,,,no
geometry/Ada/Isosurfaces,geometry/Ada/Isosurfaces/tests.adb,366,Unreferenced,Unused,local,,,no
geometry/Ada/Kirkpatrick-Seidel,geometry/Ada/Kirkpatrick-Seidel/tests.adb,47,Unreferenced,H,local,,,no
geometry/Ada/Kirkpatrick-Seidel,geometry/Ada/Kirkpatrick-Seidel/tests.adb,62,Unreferenced,H,local,,,no
geometry/Ada/Kirkpatrick-Seidel,geometry/Ada/Kirkpatrick-Seidel/tests.adb,76,Unreferenced,A,local,,,no
geometry/Ada/Kirkpatrick-Seidel,geometry/Ada/Kirkpatrick-Seidel/tests.adb,92,Unreferenced,B,local,,,no
geometry/Ada/Liang-Barsky,geometry/Ada/Liang-Barsky/tests.adb,102,Unreferenced,Unused,local,,,no
geometry/Ada/Line-Clipping,geometry/Ada/Line-Clipping/tests.adb,103,Unreferenced,Unused,local,,,no
geometry/Ada/Line-Segment-Intersection,geometry/Ada/Line-Segment-Intersection/line_segment_intersection.adb,414,Unreferenced,K2,local,,,no
geometry/Ada/Line-Segment-Intersection,geometry/Ada/Line-Segment-Intersection/tests.adb,44,Unreferenced,K,local,,,no
geometry/Ada/Line-Segment-Intersection,geometry/Ada/Line-Segment-Intersection/tests.adb,57,Unreferenced,Q,local,,,no
geometry/Ada/Line-Segment-Intersection,geometry/Ada/Line-Segment-Intersection/tests.adb,70,Unreferenced,L,local,,,no
geometry/Ada/Line-Segment-Intersection,geometry/Ada/Line-Segment-Intersection/tests.adb,83,Unreferenced,L,local,,,no
geometry/Ada/Line-Segment-Intersection,geometry/Ada/Line-Segment-Intersection/tests.adb,96,Unreferenced,Q,local,,,no
geometry/Ada/Marching-Cubes,geometry/Ada/Marching-Cubes/marching_cubes.adb,547,Unreferenced,Positions,parameter,,,no
geometry/Ada/Marching-Cubes,geometry/Ada/Marching-Cubes/tests.adb,444,Unreferenced,Dummy,local,,,no
geometry/Ada/Marching-Cubes,geometry/Ada/Marching-Cubes/tests.adb,459,Unreferenced,Dummy,local,,,no
geometry/Ada/Phong-Shading,geometry/Ada/Phong-Shading/tests.adb,224,Unreferenced,Dummy_V,local,,,no
geometry/Ada/Point-In-Polygon,geometry/Ada/Point-In-Polygon/tests.adb,43,Unreferenced,B,local,,,no
geometry/Ada/Point-In-Polygon,geometry/Ada/Point-In-Polygon/tests.adb,57,Unreferenced,B,local,,,no
geometry/Ada/Point-In-Polygon,geometry/Ada/Point-In-Polygon/tests.adb,71,Unreferenced,B,local,,,no
geometry/Ada/Point-In-Polygon,geometry/Ada/Point-In-Polygon/tests.adb,85,Unreferenced,N,local,,,no
geometry/Ada/Point-In-Polygon,geometry/Ada/Point-In-Polygon/tests.adb,98,Unreferenced,N,local,,,no
geometry/Ada/Polygon-Triangulation,geometry/Ada/Polygon-Triangulation/tests.adb,42,Unreferenced,T,local,,,no
geometry/Ada/Quasitriangulation,geometry/Ada/Quasitriangulation/tests.adb,45,Unreferenced,M,local,,,no
geometry/Ada/Quasitriangulation,geometry/Ada/Quasitriangulation/tests.adb,58,Unreferenced,M,local,,,no
geometry/Ada/Quasitriangulation,geometry/Ada/Quasitriangulation/tests.adb,72,Unreferenced,R,local,,,no
geometry/Ada/Quickhull,geometry/Ada/Quickhull/tests.adb,47,Unreferenced,H,local,,,no
geometry/Ada/Quickhull,geometry/Ada/Quickhull/tests.adb,62,Unreferenced,H,local,,,no
geometry/Ada/Quickhull,geometry/Ada/Quickhull/tests.adb,76,Unreferenced,A,local,,,no
geometry/Ada/Quickhull,geometry/Ada/Quickhull/tests.adb,281,Unreferenced,A1,local,,,no
geometry/Ada/Quickhull,geometry/Ada/Quickhull/tests.adb,281,Unreferenced,A2,local,,,no
geometry/Ada/Quickhull,geometry/Ada/Quickhull/tests.adb,281,Unreferenced,AD,local,,,no
geometry/Ada/Quickhull,geometry/Ada/Quickhull/tests.adb,497,Unreferenced,H,local,,,no
geometry/Ada/Slerp,geometry/Ada/Slerp/tests.adb,93,Unreferenced,Unused_V,local,,,no
geometry/Ada/Slerp,geometry/Ada/Slerp/tests.adb,138,Unreferenced,Unused_V,local,,,no
geometry/Ada/Slerp,geometry/Ada/Slerp/tests.adb,166,Unreferenced,Unused_Q,local,,,no
geometry/Ada/Sutherland-Hodgman,geometry/Ada/Sutherland-Hodgman/tests.adb,207,Unreferenced,Ignore,local,,,no
geometry/Ada/Sutherland-Hodgman,geometry/Ada/Sutherland-Hodgman/tests.adb,422,Unreferenced,Ignore,local,,,no
geometry/Ada/Triangulation,geometry/Ada/Triangulation/tests.adb,42,Unreferenced,T,local,,,no
geometry/Ada/Triangulation,geometry/Ada/Triangulation/tests.adb,55,Unreferenced,T,local,,,no
geometry/Ada/Triangulation,geometry/Ada/Triangulation/tests.adb,338,Unreferenced,Dup,local,,,no
geometry/Ada/Triangulation,geometry/Ada/Triangulation/tests.adb,409,Unreferenced,Arrow,local,,,no
geometry/Ada/Vincenty,geometry/Ada/Vincenty/tests.adb,425,Unreferenced,Unused,local,,,no
geometry/Ada/Voronoi-Diagrams,geometry/Ada/Voronoi-Diagrams/tests.adb,42,Unreferenced,T,local,,,no
geometry/Ada/Voronoi-Diagrams,geometry/Ada/Voronoi-Diagrams/tests.adb,55,Unreferenced,V,local,,,no
geometry/Ada/Voronoi-Diagrams,geometry/Ada/Voronoi-Diagrams/tests.adb,70,Unreferenced,I,local,,,no
geometry/Ada/Warnock-Algorithm,geometry/Ada/Warnock-Algorithm/warnock_algorithm.adb,722,Unreferenced,Background_Color,parameter,,,no
geometry/Ada/Xiaolin-Wus-Line-Algorithm,geometry/Ada/Xiaolin-Wus-Line-Algorithm/tests.adb,49,Unreferenced,X,parameter,yes,,yes
geometry/Ada/Xiaolin-Wus-Line-Algorithm,geometry/Ada/Xiaolin-Wus-Line-Algorithm/tests.adb,49,Unreferenced,Y,parameter,yes,,yes
graphs/Ada/A-Star,graphs/Ada/A-Star/tests.adb,72,Unreferenced,Length,local,,,no
graphs/Ada/A-Star,graphs/Ada/A-Star/tests.adb,72,Unreferenced,Found,local,,,no
graphs/Ada/A-Star,graphs/Ada/A-Star/tests.adb,86,Unreferenced,D,local,,,no
graphs/Ada/A-Star,graphs/Ada/A-Star/tests.adb,102,Unreferenced,Ok,local,,,no
graphs/Ada/A-Star,graphs/Ada/A-Star/tests.adb,102,Unreferenced,Length,local,,,no
graphs/Ada/Bellman-Ford-Algorithm,graphs/Ada/Bellman-Ford-Algorithm/tests.adb,64,Unreferenced,Status,local,,,no
graphs/Ada/Bellman-Ford-Algorithm,graphs/Ada/Bellman-Ford-Algorithm/tests.adb,90,Unreferenced,D,local,,,no
graphs/Ada/Bellman-Ford-Algorithm,graphs/Ada/Bellman-Ford-Algorithm/tests.adb,103,Unreferenced,D,local,,,no
graphs/Ada/Bellman-Ford-Algorithm,graphs/Ada/Bellman-Ford-Algorithm/tests.adb,119,Unreferenced,Ok,local,,,no
graphs/Ada/Bellman-Ford-Algorithm,graphs/Ada/Bellman-Ford-Algorithm/tests.adb,119,Unreferenced,Length,local,,,no
graphs/Ada/Bellman-Ford-Algorithm,graphs/Ada/Bellman-Ford-Algorithm/tests.adb,133,Unreferenced,Found,local,,,no
graphs/Ada/Boruvkas-Algorithm,graphs/Ada/Boruvkas-Algorithm/tests.adb,71,Unreferenced,C,local,,,no
graphs/Ada/Boruvkas-Algorithm,graphs/Ada/Boruvkas-Algorithm/tests.adb,71,Unreferenced,W,local,,,no
graphs/Ada/Boruvkas-Algorithm,graphs/Ada/Boruvkas-Algorithm/tests.adb,84,Unreferenced,C,local,,,no
graphs/Ada/Boruvkas-Algorithm,graphs/Ada/Boruvkas-Algorithm/tests.adb,84,Unreferenced,W,local,,,no
graphs/Ada/Cliques,graphs/Ada/Cliques/tests.adb,59,Unreferenced,Unused,local,,,no
graphs/Ada/Cliques,graphs/Ada/Cliques/tests.adb,71,Unreferenced,Unused,local,,,no
graphs/Ada/Cliques,graphs/Ada/Cliques/tests.adb,801,Unreferenced,Cliques,local,,,no
graphs/Ada/Cliques,graphs/Ada/Cliques/tests.adb,801,Unreferenced,Count,local,,,no
graphs/Ada/Coin-Graph,graphs/Ada/Coin-Graph/tests.adb,88,Unreferenced,C,local,,,no
graphs/Ada/Coin-Graph,graphs/Ada/Coin-Graph/tests.adb,101,Unreferenced,B,local,,,no
graphs/Ada/Coin-Graph,graphs/Ada/Coin-Graph/tests.adb,133,Unreferenced,Count,local,,,no
graphs/Ada/Cryptographically-Secure-Pseudorandom-Number-Generator,graphs/Ada/Cryptographically-Secure-Pseudorandom-Number-Generator/csprng.adb,54,Unreferenced,I,unknown,,,no
graphs/Ada/Cryptographically-Secure-Pseudorandom-Number-Generator,graphs/Ada/Cryptographically-Secure-Pseudorandom-Number-Generator/csprng.adb,86,Unreferenced,I,unknown,,-- 20 rounds (10 iterations of column and diagonal double-rounds),yes
graphs/Ada/Cryptographically-Secure-Pseudorandom-Number-Generator,graphs/Ada/Cryptographically-Secure-Pseudorandom-Number-Generator/csprng.adb,162,Unreferenced,I,unknown,,-- Copy bytes from the generated block buffer,yes
graphs/Ada/Cryptographically-Secure-Pseudorandom-Number-Generator,graphs/Ada/Cryptographically-Secure-Pseudorandom-Number-Generator/tests.adb,42,Unreferenced,S,local,,,no
graphs/Ada/Cryptographically-Secure-Pseudorandom-Number-Generator,graphs/Ada/Cryptographically-Secure-Pseudorandom-Number-Generator/tests.adb,54,Unreferenced,S,local,,,no
graphs/Ada/Cryptographically-Secure-Pseudorandom-Number-Generator,graphs/Ada/Cryptographically-Secure-Pseudorandom-Number-Generator/tests.adb,66,Unreferenced,S,local,,,no
graphs/Ada/Cryptographically-Secure-Pseudorandom-Number-Generator,graphs/Ada/Cryptographically-Secure-Pseudorandom-Number-Generator/tests.adb,80,Unreferenced,S,local,,,no
graphs/Ada/Cryptographically-Secure-Pseudorandom-Number-Generator,graphs/Ada/Cryptographically-Secure-Pseudorandom-Number-Generator/tests.adb,92,Unreferenced,S,local,,,no
graphs/Ada/Cryptographically-Secure-Pseudorandom-Number-Generator,graphs/Ada/Cryptographically-Secure-Pseudorandom-Number-Generator/tests.adb,104,Unreferenced,S,local,,,no
graphs/Ada/Dijkstras-Algorithm,graphs/Ada/Dijkstras-Algorithm/tests.adb,76,Unreferenced,D,local,,,no
graphs/Ada/Dijkstras-Algorithm,graphs/Ada/Dijkstras-Algorithm/tests.adb,92,Unreferenced,Ok,local,,,no
graphs/Ada/Dijkstras-Algorithm,graphs/Ada/Dijkstras-Algorithm/tests.adb,92,Unreferenced,Length,local,,,no
graphs/Ada/Dinics-Algorithm,graphs/Ada/Dinics-Algorithm/tests.adb,61,Unreferenced,F,local,,,no
graphs/Ada/Dinics-Algorithm,graphs/Ada/Dinics-Algorithm/tests.adb,88,Unreferenced,C,local,,,no
graphs/Ada/Dinics-Algorithm,graphs/Ada/Dinics-Algorithm/tests.adb,104,Unreferenced,V1,local,,,no
graphs/Ada/Dinics-Algorithm,graphs/Ada/Dinics-Algorithm/tests.adb,104,Unreferenced,V2,local,,,no
graphs/Ada/Dinics-Algorithm,graphs/Ada/Dinics-Algorithm/tests.adb,104,Unreferenced,C,local,,,no
graphs/Ada/Dinics-Algorithm,graphs/Ada/Dinics-Algorithm/tests.adb,104,Unreferenced,F,local,,,no
graphs/Ada/Edmonds-Karp-Algorithm,graphs/Ada/Edmonds-Karp-Algorithm/tests.adb,61,Unreferenced,F,local,,,no
graphs/Ada/Edmonds-Karp-Algorithm,graphs/Ada/Edmonds-Karp-Algorithm/tests.adb,88,Unreferenced,C,local,,,no
graphs/Ada/Edmonds-Karp-Algorithm,graphs/Ada/Edmonds-Karp-Algorithm/tests.adb,104,Unreferenced,V1,local,,,no
graphs/Ada/Edmonds-Karp-Algorithm,graphs/Ada/Edmonds-Karp-Algorithm/tests.adb,104,Unreferenced,V2,local,,,no
graphs/Ada/Edmonds-Karp-Algorithm,graphs/Ada/Edmonds-Karp-Algorithm/tests.adb,104,Unreferenced,C,local,,,no
graphs/Ada/Edmonds-Karp-Algorithm,graphs/Ada/Edmonds-Karp-Algorithm/tests.adb,104,Unreferenced,F,local,,,no
graphs/Ada/Euclidean-Minimum-Spanning-Tree,graphs/Ada/Euclidean-Minimum-Spanning-Tree/tests.adb,70,Unreferenced,C,local,,,no
graphs/Ada/Euclidean-Minimum-Spanning-Tree,graphs/Ada/Euclidean-Minimum-Spanning-Tree/tests.adb,70,Unreferenced,L,local,,,no
graphs/Ada/Euclidean-Minimum-Spanning-Tree,graphs/Ada/Euclidean-Minimum-Spanning-Tree/tests.adb,90,Unreferenced,C,local,,,no
graphs/Ada/Euclidean-Minimum-Spanning-Tree,graphs/Ada/Euclidean-Minimum-Spanning-Tree/tests.adb,90,Unreferenced,L,local,,,no
graphs/Ada/Euclidean-Minimum-Spanning-Tree,graphs/Ada/Euclidean-Minimum-Spanning-Tree/tests.adb,110,Unreferenced,P,local,,,no
graphs/Ada/Floyd-Warshall-Algorithm,graphs/Ada/Floyd-Warshall-Algorithm/tests.adb,61,Unreferenced,St,local,,,no
graphs/Ada/Floyd-Warshall-Algorithm,graphs/Ada/Floyd-Warshall-Algorithm/tests.adb,77,Unreferenced,St,local,,,no
graphs/Ada/Floyd-Warshall-Algorithm,graphs/Ada/Floyd-Warshall-Algorithm/tests.adb,90,Unreferenced,D,local,,,no
graphs/Ada/Floyd-Warshall-Algorithm,graphs/Ada/Floyd-Warshall-Algorithm/tests.adb,101,Unreferenced,D,local,,,no
graphs/Ada/Floyd-Warshall-Algorithm,graphs/Ada/Floyd-Warshall-Algorithm/tests.adb,162,Unreferenced,Ok,local,,,no
graphs/Ada/Floyd-Warshall-Algorithm,graphs/Ada/Floyd-Warshall-Algorithm/tests.adb,162,Unreferenced,Len,local,,,no
graphs/Ada/Floyd-Warshall-Algorithm,graphs/Ada/Floyd-Warshall-Algorithm/tests.adb,575,Unreferenced,St3,local,,,no
graphs/Ada/Floyd-Warshall-Algorithm,graphs/Ada/Floyd-Warshall-Algorithm/tests.adb,575,Unreferenced,Pn,local,,,no
graphs/Ada/Floyds-Cycle-Finding-Algorithm,graphs/Ada/Floyds-Cycle-Finding-Algorithm/tests.adb,41,Unreferenced,R,local,,,no
graphs/Ada/Floyds-Cycle-Finding-Algorithm,graphs/Ada/Floyds-Cycle-Finding-Algorithm/tests.adb,54,Unreferenced,R,local,,,no
graphs/Ada/Floyds-Cycle-Finding-Algorithm,graphs/Ada/Floyds-Cycle-Finding-Algorithm/tests.adb,67,Unreferenced,R,local,,,no
graphs/Ada/Floyds-Cycle-Finding-Algorithm,graphs/Ada/Floyds-Cycle-Finding-Algorithm/tests.adb,80,Unreferenced,Y,local,,,no
graphs/Ada/Floyds-Cycle-Finding-Algorithm,graphs/Ada/Floyds-Cycle-Finding-Algorithm/tests.adb,94,Unreferenced,Y,local,,,no
graphs/Ada/Floyds-Cycle-Finding-Algorithm,graphs/Ada/Floyds-Cycle-Finding-Algorithm/tests.adb,105,Unreferenced,M,local,,,no
graphs/Ada/Floyds-Cycle-Finding-Algorithm,graphs/Ada/Floyds-Cycle-Finding-Algorithm/tests.adb,118,Unreferenced,M,local,,,no
graphs/Ada/Floyds-Cycle-Finding-Algorithm,graphs/Ada/Floyds-Cycle-Finding-Algorithm/tests.adb,131,Unreferenced,M,local,,,no
graphs/Ada/Floyds-Cycle-Finding-Algorithm,graphs/Ada/Floyds-Cycle-Finding-Algorithm/tests.adb,144,Unreferenced,M,local,,,no
graphs/Ada/Floyds-Cycle-Finding-Algorithm,graphs/Ada/Floyds-Cycle-Finding-Algorithm/tests.adb,220,Unreferenced,R,local,,,no
graphs/Ada/Floyds-Cycle-Finding-Algorithm,graphs/Ada/Floyds-Cycle-Finding-Algorithm/tests.adb,665,Unreferenced,Pos,unknown,,,no
graphs/Ada/Ford-Fulkerson-Algorithm,graphs/Ada/Ford-Fulkerson-Algorithm/tests.adb,61,Unreferenced,F,local,,,no
graphs/Ada/Ford-Fulkerson-Algorithm,graphs/Ada/Ford-Fulkerson-Algorithm/tests.adb,74,Unreferenced,F,local,,,no
graphs/Ada/Ford-Fulkerson-Algorithm,graphs/Ada/Ford-Fulkerson-Algorithm/tests.adb,102,Unreferenced,V1,local,,,no
graphs/Ada/Ford-Fulkerson-Algorithm,graphs/Ada/Ford-Fulkerson-Algorithm/tests.adb,102,Unreferenced,V2,local,,,no
graphs/Ada/Ford-Fulkerson-Algorithm,graphs/Ada/Ford-Fulkerson-Algorithm/tests.adb,102,Unreferenced,C,local,,,no
graphs/Ada/Ford-Fulkerson-Algorithm,graphs/Ada/Ford-Fulkerson-Algorithm/tests.adb,102,Unreferenced,F,local,,,no
graphs/Ada/Hungarian-Algorithm,graphs/Ada/Hungarian-Algorithm/tests.adb,62,Unreferenced,Unused,local,,,no
graphs/Ada/Hungarian-Algorithm,graphs/Ada/Hungarian-Algorithm/tests.adb,95,Unreferenced,Unused,local,,,no
graphs/Ada/Hungarian-Method,graphs/Ada/Hungarian-Method/tests.adb,543,Unreferenced,Dummy,local,,,no
graphs/Ada/Kosarajus-Algorithm,graphs/Ada/Kosarajus-Algorithm/tests.adb,61,Unreferenced,Count,local,,,no
graphs/Ada/Kosarajus-Algorithm,graphs/Ada/Kosarajus-Algorithm/tests.adb,74,Unreferenced,Unused,local,,,no
graphs/Ada/Kosarajus-Algorithm,graphs/Ada/Kosarajus-Algorithm/tests.adb,519,Unreferenced,Count,local,,,no
graphs/Ada/Kruskals-Algorithm,graphs/Ada/Kruskals-Algorithm/tests.adb,72,Unreferenced,C,local,,,no
graphs/Ada/Kruskals-Algorithm,graphs/Ada/Kruskals-Algorithm/tests.adb,72,Unreferenced,W,local,,,no
graphs/Ada/Kruskals-Algorithm,graphs/Ada/Kruskals-Algorithm/tests.adb,85,Unreferenced,C,local,,,no
graphs/Ada/Kruskals-Algorithm,graphs/Ada/Kruskals-Algorithm/tests.adb,85,Unreferenced,W,local,,,no
graphs/Ada/MaxCliqueDyn,graphs/Ada/MaxCliqueDyn/tests.adb,60,Unreferenced,Unused,local,,,no
graphs/Ada/MaxCliqueDyn,graphs/Ada/MaxCliqueDyn/tests.adb,72,Unreferenced,Unused,local,,,no
graphs/Ada/Minimum-Spanning-Tree,graphs/Ada/Minimum-Spanning-Tree/tests.adb,81,Unreferenced,C,local,,,no
graphs/Ada/Minimum-Spanning-Tree,graphs/Ada/Minimum-Spanning-Tree/tests.adb,81,Unreferenced,W,local,,,no
graphs/Ada/Minimum-Spanning-Tree,graphs/Ada/Minimum-Spanning-Tree/tests.adb,101,Unreferenced,C,local,,,no
graphs/Ada/Minimum-Spanning-Tree,graphs/Ada/Minimum-Spanning-Tree/tests.adb,101,Unreferenced,W,local,,,no
graphs/Ada/PageRank,graphs/Ada/PageRank/tests.adb,87,Unreferenced,Iters,local,,,no
graphs/Ada/PageRank,graphs/Ada/PageRank/tests.adb,121,Unreferenced,X,local,,,no
graphs/Ada/Prims-Algorithm,graphs/Ada/Prims-Algorithm/prims_algorithm.adb,306,Unreferenced,Tw,local,,,no
graphs/Ada/Prims-Algorithm,graphs/Ada/Prims-Algorithm/prims_algorithm.adb,368,Unreferenced,Tw,local,,,no
graphs/Ada/Prims-Algorithm,graphs/Ada/Prims-Algorithm/tests.adb,71,Unreferenced,C,local,,,no
graphs/Ada/Prims-Algorithm,graphs/Ada/Prims-Algorithm/tests.adb,71,Unreferenced,W,local,,,no
graphs/Ada/Prims-Algorithm,graphs/Ada/Prims-Algorithm/tests.adb,86,Unreferenced,C,local,,,no
graphs/Ada/Prims-Algorithm,graphs/Ada/Prims-Algorithm/tests.adb,86,Unreferenced,W,local,,,no
graphs/Ada/Prims-Algorithm,graphs/Ada/Prims-Algorithm/tests.adb,107,Unreferenced,C,local,,,no
graphs/Ada/Prims-Algorithm,graphs/Ada/Prims-Algorithm/tests.adb,107,Unreferenced,W,local,,,no
graphs/Ada/Prims-Algorithm,graphs/Ada/Prims-Algorithm/tests.adb,122,Unreferenced,W,local,,,no
graphs/Ada/Prims-Algorithm,graphs/Ada/Prims-Algorithm/tests.adb,137,Unreferenced,W,local,,,no
graphs/Ada/Shortest-Path-Problem,graphs/Ada/Shortest-Path-Problem/tests.adb,503,Unreferenced,Unused,local,,,no
graphs/Ada/Tarjans-Off-Line-Lowest-Common-Ancestors,graphs/Ada/Tarjans-Off-Line-Lowest-Common-Ancestors/tests.adb,95,Unreferenced,A,local,,,no
graphs/Ada/Tarjans-Off-Line-Lowest-Common-Ancestors,graphs/Ada/Tarjans-Off-Line-Lowest-Common-Ancestors/tests.adb,108,Unreferenced,A,local,,,no
graphs/Ada/Tarjans-Off-Line-Lowest-Common-Ancestors,graphs/Ada/Tarjans-Off-Line-Lowest-Common-Ancestors/tests.adb,119,Unreferenced,R,local,,,no
graphs/Ada/Tarjans-Off-Line-Lowest-Common-Ancestors,graphs/Ada/Tarjans-Off-Line-Lowest-Common-Ancestors/tests.adb,130,Unreferenced,P,local,,,no
graphs/Ada/Tarjans-Strongly-Connected-Components,graphs/Ada/Tarjans-Strongly-Connected-Components/tests.adb,61,Unreferenced,Count,local,,,no
graphs/Ada/Tarjans-Strongly-Connected-Components,graphs/Ada/Tarjans-Strongly-Connected-Components/tests.adb,74,Unreferenced,Unused,local,,,no
hashing/Ada/Geohash,hashing/Ada/Geohash/geohash.adb,182,Unreferenced,Unused,unknown,,,no
hashing/Ada/Geohash,hashing/Ada/Geohash/tests.adb,348,Unreferenced,D,local,,,no
hashing/Ada/Geohash,hashing/Ada/Geohash/tests.adb,361,Unreferenced,B,local,,,no
hashing/Ada/Geohash,hashing/Ada/Geohash/tests.adb,374,Unreferenced,S,local,,,no
hashing/Ada/Geohash,hashing/Ada/Geohash/tests.adb,387,Unreferenced,S,local,,,no
hashing/Ada/Geohash,hashing/Ada/Geohash/tests.adb,400,Unreferenced,N,local,,,no
hashing/Ada/Geometric-Hashing,hashing/Ada/Geometric-Hashing/tests.adb,79,Unreferenced,T,local,,,no
hashing/Ada/Geometric-Hashing,hashing/Ada/Geometric-Hashing/tests.adb,94,Unreferenced,Res,local,,,no
hashing/Ada/Geometric-Hashing,hashing/Ada/Geometric-Hashing/tests.adb,107,Unreferenced,K,local,,,no
hashing/Ada/Geometric-Hashing,hashing/Ada/Geometric-Hashing/tests.adb,120,Unreferenced,T,local,,,no
hashing/Ada/SipHash,hashing/Ada/SipHash/siphash.adb,79,Unreferenced,I,unknown,,-- Process all complete 8-byte blocks,yes
hashing/Ada/SipHash,hashing/Ada/SipHash/siphash.adb,84,Unreferenced,R,unknown,,,no
hashing/Ada/SipHash,hashing/Ada/SipHash/siphash.adb,103,Unreferenced,R,unknown,,-- Process the final padded block,yes
hashing/Ada/SipHash,hashing/Ada/SipHash/siphash.adb,124,Unreferenced,R,unknown,,-- Finalization for 64-bit tag,yes
hashing/Ada/SipHash,hashing/Ada/SipHash/siphash.adb,147,Unreferenced,R,unknown,,-- Phase 1 Finalization for the low 64-bits,yes
hashing/Ada/SipHash,hashing/Ada/SipHash/siphash.adb,155,Unreferenced,R,unknown,,-- Phase 2 Finalization for the high 64-bits,yes
hashing/Ada/Tiger-Hash,hashing/Ada/Tiger-Hash/tests.adb,161,Unreferenced,Bad_Length_Result,local,,,no
logic/Ada/Chaff,logic/Ada/Chaff/chaff.adb,245,Unreferenced,Nc,local,,,no
logic/Ada/DPLL-Algorithm,logic/Ada/DPLL-Algorithm/tests.adb,282,Unreferenced,Unused_Res,local,,,no
logic/Ada/DPLL-Algorithm,logic/Ada/DPLL-Algorithm/tests.adb,296,Unreferenced,Unused_Res,local,,,no
matrices/Ada/Quantum-Singular-Value-Transformation,matrices/Ada/Quantum-Singular-Value-Transformation/tests.adb,150,Unreferenced,Dummy,local,,,no
matrices/Ada/Schonhage-Strassen,matrices/Ada/Schonhage-Strassen/tests.adb,258,Unreferenced,Unused,local,,,no
matrices/Ada/Schonhage-Strassen,matrices/Ada/Schonhage-Strassen/tests.adb,272,Unreferenced,Unused,local,,,no
matrices/Ada/Schonhage-Strassen,matrices/Ada/Schonhage-Strassen/tests.adb,287,Unreferenced,Unused,local,,,no
misc/Ada/ACORN-Generator,misc/Ada/ACORN-Generator/tests.adb,41,Unreferenced,G,local,,,no
misc/Ada/ACORN-Generator,misc/Ada/ACORN-Generator/tests.adb,54,Unreferenced,G,local,,,no
misc/Ada/ACORN-Generator,misc/Ada/ACORN-Generator/tests.adb,87,Unreferenced,X,local,,,no
misc/Ada/ACORN-Generator,misc/Ada/ACORN-Generator/tests.adb,98,Unreferenced,F,local,,,no
misc/Ada/ACORN-Generator,misc/Ada/ACORN-Generator/tests.adb,109,Unreferenced,K,local,,,no
misc/Ada/ACORN-Generator,misc/Ada/ACORN-Generator/tests.adb,120,Unreferenced,M,local,,,no
misc/Ada/ACORN-Generator,misc/Ada/ACORN-Generator/tests.adb,131,Unreferenced,S,local,,,no
misc/Ada/ACORN-Generator,misc/Ada/ACORN-Generator/tests.adb,144,Unreferenced,X,local,,,no
misc/Ada/ACORN-Generator,misc/Ada/ACORN-Generator/tests.adb,155,Unreferenced,R,local,,,no
misc/Ada/ACORN-Generator,misc/Ada/ACORN-Generator/tests.adb,167,Unreferenced,Discard,local,,,no
misc/Ada/Addition-Chain-Exponentiation,misc/Ada/Addition-Chain-Exponentiation/tests.adb,357,Unreferenced,L,local,,,no
misc/Ada/Addition-Chain-Exponentiation,misc/Ada/Addition-Chain-Exponentiation/tests.adb,364,Unreferenced,C,local,,,no
misc/Ada/Addition-Chain-Exponentiation,misc/Ada/Addition-Chain-Exponentiation/tests.adb,371,Unreferenced,R,local,,,no
misc/Ada/Addition-Chain-Exponentiation,misc/Ada/Addition-Chain-Exponentiation/tests.adb,379,Unreferenced,R,local,,,no
misc/Ada/Addition-Chain-Exponentiation,misc/Ada/Addition-Chain-Exponentiation/tests.adb,386,Unreferenced,R,local,,,no
misc/Ada/Addition-Chain-Exponentiation,misc/Ada/Addition-Chain-Exponentiation/tests.adb,397,Unreferenced,N,local,,,no
misc/Ada/Addition-Chain-Exponentiation,misc/Ada/Addition-Chain-Exponentiation/tests.adb,404,Unreferenced,R,local,,,no
misc/Ada/Algorithm-X,misc/Ada/Algorithm-X/tests.adb,438,Unreferenced,Unused,local,,,no
misc/Ada/Algorithms-For-Calculating-Variance,misc/Ada/Algorithms-For-Calculating-Variance/tests.adb,227,Unreferenced,Unused_V,local,,,no
misc/Ada/Algorithms-For-Calculating-Variance,misc/Ada/Algorithms-For-Calculating-Variance/tests.adb,240,Unreferenced,Unused_V,local,,,no
misc/Ada/Algorithms-For-Calculating-Variance,misc/Ada/Algorithms-For-Calculating-Variance/tests.adb,253,Unreferenced,Unused_V,local,,,no
misc/Ada/Algorithms-For-Calculating-Variance,misc/Ada/Algorithms-For-Calculating-Variance/tests.adb,271,Unreferenced,Unused_V,local,,,no
misc/Ada/Algorithms-For-Calculating-Variance,misc/Ada/Algorithms-For-Calculating-Variance/tests.adb,284,Unreferenced,Unused_V,local,,,no
misc/Ada/Algorithms-For-Calculating-Variance,misc/Ada/Algorithms-For-Calculating-Variance/tests.adb,297,Unreferenced,Unused_V,local,,,no
misc/Ada/Algorithms-For-Calculating-Variance,misc/Ada/Algorithms-For-Calculating-Variance/tests.adb,310,Unreferenced,Unused_V,local,,,no
misc/Ada/Algorithms-For-Calculating-Variance,misc/Ada/Algorithms-For-Calculating-Variance/tests.adb,416,Unreferenced,Unused_V,local,,,no
misc/Ada/Algorithms-For-Calculating-Variance,misc/Ada/Algorithms-For-Calculating-Variance/tests.adb,431,Unreferenced,Bad,local,,,no
misc/Ada/Algorithms-For-Calculating-Variance,misc/Ada/Algorithms-For-Calculating-Variance/tests.adb,486,Unreferenced,Unused_V,local,,,no
misc/Ada/Algorithms-For-Calculating-Variance,misc/Ada/Algorithms-For-Calculating-Variance/tests.adb,499,Unreferenced,Unused_V,local,,,no
misc/Ada/Algorithms-For-Calculating-Variance,misc/Ada/Algorithms-For-Calculating-Variance/tests.adb,513,Unreferenced,Unused_V,local,,,no
misc/Ada/Amplitude-Amplification,misc/Ada/Amplitude-Amplification/tests.adb,40,Unreferenced,Idx,parameter,yes,,yes
misc/Ada/Approximate-Counting,misc/Ada/Approximate-Counting/tests.adb,86,Unreferenced,Unused,local,,,no
misc/Ada/Approximate-Counting,misc/Ada/Approximate-Counting/tests.adb,332,Unreferenced,Unused,local,,,no
misc/Ada/Automated-Planning-And-Scheduling,misc/Ada/Automated-Planning-And-Scheduling/tests.adb,149,Unreferenced,Res,local,,,no
misc/Ada/Automated-Planning-And-Scheduling,misc/Ada/Automated-Planning-And-Scheduling/tests.adb,157,Unreferenced,Res,local,,,no
misc/Ada/Automated-Planning-And-Scheduling,misc/Ada/Automated-Planning-And-Scheduling/tests.adb,165,Unreferenced,Res,local,,,no
misc/Ada/Automated-Planning-And-Scheduling,misc/Ada/Automated-Planning-And-Scheduling/tests.adb,173,Unreferenced,Res,local,,,no
misc/Ada/Automated-Planning-And-Scheduling,misc/Ada/Automated-Planning-And-Scheduling/tests.adb,195,Unreferenced,Res,local,,,no
misc/Ada/Automated-Planning-And-Scheduling,misc/Ada/Automated-Planning-And-Scheduling/tests.adb,203,Unreferenced,Res,local,,,no
misc/Ada/Automated-Planning-And-Scheduling,misc/Ada/Automated-Planning-And-Scheduling/tests.adb,211,Unreferenced,Res,local,,,no
misc/Ada/B-Star,misc/Ada/B-Star/tests.adb,621,Unreferenced,U,local,,,no
misc/Ada/B-Star,misc/Ada/B-Star/tests.adb,621,Unreferenced,N,local,,,no
misc/Ada/B-Star,misc/Ada/B-Star/tests.adb,621,Unreferenced,K,local,,,no
misc/Ada/BCH-Codes,misc/Ada/BCH-Codes/tests.adb,193,Unreferenced,Dummy,local,,,no
misc/Ada/BHT-Algorithm,misc/Ada/BHT-Algorithm/tests.adb,53,Unreferenced,X,parameter,yes,,yes
misc/Ada/BLAST,misc/Ada/BLAST/tests.adb,444,Unreferenced,Dummy,local,,,no
misc/Ada/BLAST,misc/Ada/BLAST/tests.adb,456,Unreferenced,Dummy,local,,,no
misc/Ada/BLAST,misc/Ada/BLAST/tests.adb,470,Unreferenced,Dummy,local,,,no
misc/Ada/BLAST,misc/Ada/BLAST/tests.adb,483,Unreferenced,Dummy,local,,,no
misc/Ada/BLAST,misc/Ada/BLAST/tests.adb,496,Unreferenced,Dummy,local,,,no
misc/Ada/BLAST,misc/Ada/BLAST/tests.adb,508,Unreferenced,Dummy,local,,,no
misc/Ada/Baby-Step-Giant-Step,misc/Ada/Baby-Step-Giant-Step/baby_step_giant_step.adb,105,Unreferenced,Y,local,,,no
misc/Ada/Baby-Step-Giant-Step,misc/Ada/Baby-Step-Giant-Step/tests.adb,42,Unreferenced,Unused,local,,,no
misc/Ada/Baby-Step-Giant-Step,misc/Ada/Baby-Step-Giant-Step/tests.adb,59,Unreferenced,Unused,local,,,no
misc/Ada/Baby-Step-Giant-Step,misc/Ada/Baby-Step-Giant-Step/tests.adb,76,Unreferenced,Unused,local,,,no
misc/Ada/Baby-Step-Giant-Step,misc/Ada/Baby-Step-Giant-Step/tests.adb,96,Unreferenced,Unused,local,,,no
misc/Ada/Backtracking,misc/Ada/Backtracking/backtracking.adb,279,Unreferenced,Chosen,local,,,no
misc/Ada/Backtracking,misc/Ada/Backtracking/tests.adb,49,Unreferenced,Unused,local,,,no
misc/Ada/Backtracking,misc/Ada/Backtracking/tests.adb,61,Unreferenced,Unused,local,,,no
misc/Ada/Backtracking,misc/Ada/Backtracking/tests.adb,73,Unreferenced,Unused,local,,,no
misc/Ada/Backtracking,misc/Ada/Backtracking/tests.adb,86,Unreferenced,Unused,local,,,no
misc/Ada/Backtracking,misc/Ada/Backtracking/tests.adb,99,Unreferenced,Unused,local,,,no
misc/Ada/Backtracking,misc/Ada/Backtracking/tests.adb,114,Unreferenced,Unused,local,,,no
misc/Ada/Backtracking,misc/Ada/Backtracking/tests.adb,126,Unreferenced,Unused,local,,,no
misc/Ada/Backward-Euler,misc/Ada/Backward-Euler/backward_euler.adb,190,Unreferenced,T,parameter,yes,-------------------------------------------------------------------------,yes
misc/Ada/Backward-Euler,misc/Ada/Backward-Euler/backward_euler.adb,196,Unreferenced,T,parameter,yes,,yes
misc/Ada/Backward-Euler,misc/Ada/Backward-Euler/backward_euler.adb,196,Unreferenced,Y,parameter,yes,,yes
misc/Ada/Backward-Euler,misc/Ada/Backward-Euler/backward_euler.adb,202,Unreferenced,T,parameter,yes,,yes
misc/Ada/Backward-Euler,misc/Ada/Backward-Euler/backward_euler.adb,208,Unreferenced,T,parameter,yes,,yes
misc/Ada/Backward-Euler,misc/Ada/Backward-Euler/backward_euler.adb,208,Unreferenced,Y,parameter,yes,,yes
misc/Ada/Backward-Euler,misc/Ada/Backward-Euler/backward_euler.adb,214,Unreferenced,T,parameter,yes,,yes
misc/Ada/Backward-Euler,misc/Ada/Backward-Euler/backward_euler.adb,220,Unreferenced,T,parameter,yes,,yes
misc/Ada/Backward-Euler,misc/Ada/Backward-Euler/backward_euler.adb,220,Unreferenced,Y,parameter,yes,,yes
misc/Ada/Backward-Euler,misc/Ada/Backward-Euler/backward_euler.adb,226,Unreferenced,T,parameter,yes,,yes
misc/Ada/Backward-Euler,misc/Ada/Backward-Euler/backward_euler.adb,232,Unreferenced,T,parameter,yes,,yes
misc/Ada/Backward-Euler,misc/Ada/Backward-Euler/backward_euler.adb,232,Unreferenced,Y,parameter,yes,,yes
misc/Ada/Backward-Euler,misc/Ada/Backward-Euler/backward_euler.adb,238,Unreferenced,T,parameter,yes,,yes
misc/Ada/Backward-Euler,misc/Ada/Backward-Euler/backward_euler.adb,244,Unreferenced,T,parameter,yes,,yes
misc/Ada/Backward-Euler,misc/Ada/Backward-Euler/backward_euler.adb,250,Unreferenced,T,parameter,yes,,yes
misc/Ada/Backward-Euler,misc/Ada/Backward-Euler/backward_euler.adb,256,Unreferenced,T,parameter,yes,,yes
misc/Ada/Backward-Induction,misc/Ada/Backward-Induction/tests.adb,54,Unreferenced,Unused,local,,,no
misc/Ada/Backward-Induction,misc/Ada/Backward-Induction/tests.adb,58,Unreferenced,V,local,,,no
misc/Ada/Backward-Induction,misc/Ada/Backward-Induction/tests.adb,69,Unreferenced,Unused,local,,,no
misc/Ada/Backward-Induction,misc/Ada/Backward-Induction/tests.adb,74,Unreferenced,N,local,,,no
misc/Ada/Backward-Induction,misc/Ada/Backward-Induction/tests.adb,85,Unreferenced,Unused,local,,,no
misc/Ada/Backward-Induction,misc/Ada/Backward-Induction/tests.adb,90,Unreferenced,N,local,,,no
misc/Ada/Backward-Induction,misc/Ada/Backward-Induction/tests.adb,102,Unreferenced,Unused,local,,,no
misc/Ada/Backward-Induction,misc/Ada/Backward-Induction/tests.adb,106,Unreferenced,A,local,,,no
misc/Ada/Backward-Induction,misc/Ada/Backward-Induction/tests.adb,119,Unreferenced,Unused,local,,,no
misc/Ada/Backward-Induction,misc/Ada/Backward-Induction/tests.adb,123,Unreferenced,A,local,,,no
misc/Ada/Backward-Induction,misc/Ada/Backward-Induction/tests.adb,134,Unreferenced,Unused,local,,,no
misc/Ada/Backward-Induction,misc/Ada/Backward-Induction/tests.adb,138,Unreferenced,N,local,,,no
misc/Ada/Backward-Induction,misc/Ada/Backward-Induction/tests.adb,149,Unreferenced,Unused,local,,,no
misc/Ada/Backward-Induction,misc/Ada/Backward-Induction/tests.adb,153,Unreferenced,N,local,,,no
misc/Ada/Backward-Induction,misc/Ada/Backward-Induction/tests.adb,164,Unreferenced,Unused,local,,,no
misc/Ada/Backward-Induction,misc/Ada/Backward-Induction/tests.adb,168,Unreferenced,N,local,,,no
misc/Ada/Backward-Induction,misc/Ada/Backward-Induction/tests.adb,179,Unreferenced,Unused,local,,,no
misc/Ada/Backward-Induction,misc/Ada/Backward-Induction/tests.adb,184,Unreferenced,N,local,,,no
misc/Ada/Backward-Induction,misc/Ada/Backward-Induction/tests.adb,195,Unreferenced,Unused,local,,,no
misc/Ada/Backward-Induction,misc/Ada/Backward-Induction/tests.adb,199,Unreferenced,C,local,,,no
misc/Ada/Baillie-PSW,misc/Ada/Baillie-PSW/tests.adb,68,Unreferenced,Unused,local,,,no
misc/Ada/Baillie-PSW,misc/Ada/Baillie-PSW/tests.adb,107,Unreferenced,Unused,local,,,no
misc/Ada/Bankers-Algorithm,misc/Ada/Bankers-Algorithm/tests.adb,318,Unreferenced,State,local,,--  Note: Initialize_System does not check for zero total resources,yes
misc/Ada/Banzhaf-Power-Index,misc/Ada/Banzhaf-Power-Index/tests.adb,115,Unreferenced,G,local,,,no
misc/Ada/Banzhaf-Power-Index,misc/Ada/Banzhaf-Power-Index/tests.adb,128,Unreferenced,G,local,,,no
misc/Ada/Banzhaf-Power-Index,misc/Ada/Banzhaf-Power-Index/tests.adb,139,Unreferenced,G,local,,,no
misc/Ada/Banzhaf-Power-Index,misc/Ada/Banzhaf-Power-Index/tests.adb,152,Unreferenced,G,local,,,no
misc/Ada/Banzhaf-Power-Index,misc/Ada/Banzhaf-Power-Index/tests.adb,163,Unreferenced,Eta,local,,,no
misc/Ada/Banzhaf-Power-Index,misc/Ada/Banzhaf-Power-Index/tests.adb,219,Unreferenced,Eta,local,,,no
misc/Ada/Banzhaf-Power-Index,misc/Ada/Banzhaf-Power-Index/tests.adb,231,Unreferenced,Beta,local,,,no
misc/Ada/Banzhaf-Power-Index,misc/Ada/Banzhaf-Power-Index/tests.adb,243,Unreferenced,Beta,local,,,no
misc/Ada/Banzhaf-Power-Index,misc/Ada/Banzhaf-Power-Index/tests.adb,255,Unreferenced,V,local,,,no
misc/Ada/Banzhaf-Power-Index,misc/Ada/Banzhaf-Power-Index/tests.adb,267,Unreferenced,W,local,,,no
misc/Ada/Banzhaf-Power-Index,misc/Ada/Banzhaf-Power-Index/tests.adb,278,Unreferenced,Beta,local,,,no
misc/Ada/Banzhaf-Power-Index,misc/Ada/Banzhaf-Power-Index/tests.adb,289,Unreferenced,Beta,local,,,no
misc/Ada/Baum-Welch,misc/Ada/Baum-Welch/tests.adb,429,Unreferenced,Ignore,local,,,no
misc/Ada/Baum-Welch,misc/Ada/Baum-Welch/tests.adb,452,Unreferenced,L,local,,,no
misc/Ada/Baum-Welch,misc/Ada/Baum-Welch/tests.adb,471,Unreferenced,L,local,,,no
misc/Ada/Baum-Welch,misc/Ada/Baum-Welch/tests.adb,487,Unreferenced,L,local,,,no
misc/Ada/Baum-Welch,misc/Ada/Baum-Welch/tests.adb,726,Unreferenced,L,local,,,no
misc/Ada/Baum-Welch,misc/Ada/Baum-Welch/tests.adb,740,Unreferenced,Ignore,local,,,no
misc/Ada/Baum-Welch,misc/Ada/Baum-Welch/tests.adb,770,Unreferenced,Ignore,local,,,no
misc/Ada/Baum-Welch,misc/Ada/Baum-Welch/tests.adb,787,Unreferenced,Ignore,local,,,no
misc/Ada/Bayesian-Nash-Equilibrium,misc/Ada/Bayesian-Nash-Equilibrium/bayesian_nash_equilibrium.adb,682,Unreferenced,G,local,,,no
misc/Ada/Bayesian-Nash-Equilibrium,misc/Ada/Bayesian-Nash-Equilibrium/tests.adb,56,Unreferenced,Unused,local,,,no
misc/Ada/Bayesian-Nash-Equilibrium,misc/Ada/Bayesian-Nash-Equilibrium/tests.adb,60,Unreferenced,R,local,,,no
misc/Ada/Bayesian-Nash-Equilibrium,misc/Ada/Bayesian-Nash-Equilibrium/tests.adb,73,Unreferenced,Unused,local,,,no
misc/Ada/Bayesian-Nash-Equilibrium,misc/Ada/Bayesian-Nash-Equilibrium/tests.adb,77,Unreferenced,B,local,,,no
misc/Ada/Bayesian-Nash-Equilibrium,misc/Ada/Bayesian-Nash-Equilibrium/tests.adb,90,Unreferenced,Unused,local,,,no
misc/Ada/Bayesian-Nash-Equilibrium,misc/Ada/Bayesian-Nash-Equilibrium/tests.adb,94,Unreferenced,B,local,,,no
misc/Ada/Bayesian-Nash-Equilibrium,misc/Ada/Bayesian-Nash-Equilibrium/tests.adb,109,Unreferenced,M,local,,,no
misc/Ada/Bayesian-Nash-Equilibrium,misc/Ada/Bayesian-Nash-Equilibrium/tests.adb,122,Unreferenced,M,local,,,no
misc/Ada/Bayesian-Nash-Equilibrium,misc/Ada/Bayesian-Nash-Equilibrium/tests.adb,146,Unreferenced,G,local,,,no
misc/Ada/Bayesian-Nash-Equilibrium,misc/Ada/Bayesian-Nash-Equilibrium/tests.adb,159,Unreferenced,G,local,,,no
misc/Ada/Bayesian-Nash-Equilibrium,misc/Ada/Bayesian-Nash-Equilibrium/tests.adb,175,Unreferenced,P,local,,,no
misc/Ada/Bayesian-Nash-Equilibrium,misc/Ada/Bayesian-Nash-Equilibrium/tests.adb,623,Unreferenced,Unused,local,,,no
misc/Ada/Bayesian-Nash-Equilibrium,misc/Ada/Bayesian-Nash-Equilibrium/tests.adb,639,Unreferenced,Unused,local,,,no
misc/Ada/Bayesian-Nash-Equilibrium,misc/Ada/Bayesian-Nash-Equilibrium/tests.adb,654,Unreferenced,Unused,local,,,no
misc/Ada/Bayesian-Statistics,misc/Ada/Bayesian-Statistics/tests.adb,124,Unreferenced,Dummy,local,,,no
misc/Ada/Bayesian-Statistics,misc/Ada/Bayesian-Statistics/tests.adb,138,Unreferenced,Dummy,local,,,no
misc/Ada/Bayesian-Statistics,misc/Ada/Bayesian-Statistics/tests.adb,151,Unreferenced,Dummy,local,,,no
misc/Ada/Bayesian-Statistics,misc/Ada/Bayesian-Statistics/tests.adb,165,Unreferenced,Dummy,local,,,no
misc/Ada/Bayesian-Statistics,misc/Ada/Bayesian-Statistics/tests.adb,179,Unreferenced,Dummy,local,,,no
misc/Ada/Bayesian-Statistics,misc/Ada/Bayesian-Statistics/tests.adb,375,Unreferenced,Dummy,local,,,no
misc/Ada/Bayesian-Statistics,misc/Ada/Bayesian-Statistics/tests.adb,390,Unreferenced,Dummy,local,,,no
misc/Ada/Bayesian-Statistics,misc/Ada/Bayesian-Statistics/tests.adb,405,Unreferenced,Dummy,local,,,no
misc/Ada/Bayesian-Statistics,misc/Ada/Bayesian-Statistics/tests.adb,418,Unreferenced,Dummy,local,,,no
misc/Ada/Beam-Tracing,misc/Ada/Beam-Tracing/tests.adb,309,Unreferenced,Dummy,local,,,no
misc/Ada/Beam-Tracing,misc/Ada/Beam-Tracing/tests.adb,328,Unreferenced,Dummy,local,,,no
misc/Ada/Beam-Tracing,misc/Ada/Beam-Tracing/tests.adb,349,Unreferenced,Steep,local,,,no
misc/Ada/Bees-Algorithm,misc/Ada/Bees-Algorithm/tests.adb,504,Unreferenced,Unused,local,,,no
misc/Ada/Bees-Algorithm,misc/Ada/Bees-Algorithm/tests.adb,518,Unreferenced,Unused,local,,,no
misc/Ada/Bees-Algorithm,misc/Ada/Bees-Algorithm/tests.adb,535,Unreferenced,Unused,local,,,no
misc/Ada/Bees-Algorithm,misc/Ada/Bees-Algorithm/tests.adb,553,Unreferenced,Unused,local,,,no
misc/Ada/Bentley-Ottmann,misc/Ada/Bentley-Ottmann/bentley_ottmann.adb,649,Unreferenced,Any,local,,,no
misc/Ada/Bentley-Ottmann,misc/Ada/Bentley-Ottmann/bentley_ottmann.adb,667,Unreferenced,Result,local,,,no
misc/Ada/Bentley-Ottmann,misc/Ada/Bentley-Ottmann/tests.adb,44,Unreferenced,L,local,,,no
misc/Ada/Bentley-Ottmann,misc/Ada/Bentley-Ottmann/tests.adb,57,Unreferenced,B,local,,,no
misc/Ada/Bentley-Ottmann,misc/Ada/Bentley-Ottmann/tests.adb,70,Unreferenced,L,local,,,no
misc/Ada/Bernstein-Varizani-Algorithm,misc/Ada/Bernstein-Varizani-Algorithm/tests.adb,134,Unreferenced,B,local,,,no
misc/Ada/Bernstein-Varizani-Algorithm,misc/Ada/Bernstein-Varizani-Algorithm/tests.adb,150,Unreferenced,R,local,,,no
misc/Ada/Binary-Space-Partitioning,misc/Ada/Binary-Space-Partitioning/binary_space_partitioning.adb,1028,Unreferenced,Mid,local,,,no
misc/Ada/Binary-Space-Partitioning,misc/Ada/Binary-Space-Partitioning/binary_space_partitioning.adb,1028,Unreferenced,Tv,local,,,no
misc/Ada/Binary-Splitting,misc/Ada/Binary-Splitting/tests.adb,295,Unreferenced,R,local,,,no
misc/Ada/Birkhoff-von-Neumann,misc/Ada/Birkhoff-von-Neumann/tests.adb,283,Unreferenced,D,local,,,no
misc/Ada/Birkhoff-von-Neumann,misc/Ada/Birkhoff-von-Neumann/tests.adb,296,Unreferenced,D,local,,,no
misc/Ada/Birkhoff-von-Neumann,misc/Ada/Birkhoff-von-Neumann/tests.adb,392,Unreferenced,M,local,,,no
misc/Ada/Birkhoff-von-Neumann,misc/Ada/Birkhoff-von-Neumann/tests.adb,408,Unreferenced,M,local,,,no
misc/Ada/Bitap-Algorithm,misc/Ada/Bitap-Algorithm/tests.adb,38,Unreferenced,Unused,local,,,no
misc/Ada/Bitap-Algorithm,misc/Ada/Bitap-Algorithm/tests.adb,49,Unreferenced,Unused,local,,,no
misc/Ada/Bitap-Algorithm,misc/Ada/Bitap-Algorithm/tests.adb,62,Unreferenced,Unused,local,,,no
misc/Ada/Blossom-Algorithm,misc/Ada/Blossom-Algorithm/tests.adb,71,Unreferenced,A,local,,,no
misc/Ada/Blossom-Algorithm,misc/Ada/Blossom-Algorithm/tests.adb,71,Unreferenced,B,local,,,no
misc/Ada/Booth-Multiplication,misc/Ada/Booth-Multiplication/tests.adb,195,Unreferenced,Unused,local,,,no
misc/Ada/Bootstrap-Aggregating,misc/Ada/Bootstrap-Aggregating/tests.adb,60,Unreferenced,Sample_Indices,parameter,yes,,yes
misc/Ada/Bootstrap-Aggregating,misc/Ada/Bootstrap-Aggregating/tests.adb,66,Unreferenced,Sample_Indices,parameter,yes,,yes
misc/Ada/Bootstrap-Aggregating,misc/Ada/Bootstrap-Aggregating/tests.adb,192,Unreferenced,Ens,local,,,no
misc/Ada/Bootstrap-Aggregating,misc/Ada/Bootstrap-Aggregating/tests.adb,203,Unreferenced,Ens,local,,,no
misc/Ada/Bootstrap-Aggregating,misc/Ada/Bootstrap-Aggregating/tests.adb,217,Unreferenced,Ens,local,,,no
misc/Ada/Bootstrap-Aggregating,misc/Ada/Bootstrap-Aggregating/tests.adb,228,Unreferenced,Ens,local,,,no
misc/Ada/Bootstrap-Aggregating,misc/Ada/Bootstrap-Aggregating/tests.adb,246,Unreferenced,L,local,,,no
misc/Ada/Bootstrap-Aggregating,misc/Ada/Bootstrap-Aggregating/tests.adb,258,Unreferenced,L,local,,,no
misc/Ada/Bootstrap-Aggregating,misc/Ada/Bootstrap-Aggregating/tests.adb,278,Unreferenced,V,local,,,no
misc/Ada/Bootstrap-Aggregating,misc/Ada/Bootstrap-Aggregating/tests.adb,290,Unreferenced,V,local,,,no
misc/Ada/Bowyer-Watson,misc/Ada/Bowyer-Watson/tests.adb,43,Unreferenced,T,local,,,no
misc/Ada/Branch-and-Cut,misc/Ada/Branch-and-Cut/branch_and_cut.adb,480,Unreferenced,Pivots_Start,local,,--  N_Vars already set; Nodes/Cuts unused for pure LP.,yes
misc/Ada/Branch-and-Cut,misc/Ada/Branch-and-Cut/branch_and_cut.adb,946,Unreferenced,Local_Cuts,local,,,no
misc/Ada/Bron-Kerbosch,misc/Ada/Bron-Kerbosch/tests.adb,60,Unreferenced,Unused,local,,,no
misc/Ada/Bron-Kerbosch,misc/Ada/Bron-Kerbosch/tests.adb,72,Unreferenced,Unused,local,,,no
misc/Ada/Buchbergers-Algorithm,misc/Ada/Buchbergers-Algorithm/tests.adb,415,Unreferenced,Unused,local,,,no
misc/Ada/Buchbergers-Algorithm,misc/Ada/Buchbergers-Algorithm/tests.adb,429,Unreferenced,Unused,local,,,no
misc/Ada/Buchbergers-Algorithm,misc/Ada/Buchbergers-Algorithm/tests.adb,444,Unreferenced,Unused,local,,,no
misc/Ada/Buchbergers-Algorithm,misc/Ada/Buchbergers-Algorithm/tests.adb,459,Unreferenced,Unused,local,,,no
misc/Ada/Buchbergers-Algorithm,misc/Ada/Buchbergers-Algorithm/tests.adb,479,Unreferenced,Unused,local,,,no
misc/Ada/Buechi-Automaton,misc/Ada/Buechi-Automaton/tests.adb,124,Unreferenced,Res,local,,,no
misc/Ada/Buechi-Automaton,misc/Ada/Buechi-Automaton/tests.adb,136,Unreferenced,Res,local,,,no
misc/Ada/Buechi-Automaton,misc/Ada/Buechi-Automaton/tests.adb,147,Unreferenced,Res,local,,,no
misc/Ada/Buzens-Algorithm,misc/Ada/Buzens-Algorithm/tests.adb,353,Unreferenced,Unused,local,,,no
misc/Ada/Buzens-Algorithm,misc/Ada/Buzens-Algorithm/tests.adb,369,Unreferenced,Unused,local,,,no
misc/Ada/Buzens-Algorithm,misc/Ada/Buzens-Algorithm/tests.adb,385,Unreferenced,Unused,local,,,no
misc/Ada/Buzens-Algorithm,misc/Ada/Buzens-Algorithm/tests.adb,401,Unreferenced,Unused,local,,,no
misc/Ada/Buzens-Algorithm,misc/Ada/Buzens-Algorithm/tests.adb,417,Unreferenced,Unused,local,,,no
misc/Ada/Buzens-Algorithm,misc/Ada/Buzens-Algorithm/tests.adb,449,Unreferenced,Unused,local,,,no
misc/Ada/Chans-Algorithm,misc/Ada/Chans-Algorithm/tests.adb,47,Unreferenced,H,local,,,no
misc/Ada/Chans-Algorithm,misc/Ada/Chans-Algorithm/tests.adb,62,Unreferenced,H,local,,,no
misc/Ada/Chans-Algorithm,misc/Ada/Chans-Algorithm/tests.adb,77,Unreferenced,H,local,,,no
misc/Ada/Chans-Algorithm,misc/Ada/Chans-Algorithm/tests.adb,91,Unreferenced,A,local,,,no
misc/Ada/Chans-Algorithm,misc/Ada/Chans-Algorithm/tests.adb,616,Unreferenced,H,local,,,no
misc/Ada/Chans-Algorithm,misc/Ada/Chans-Algorithm/tests.adb,616,Unreferenced,A,local,,,no
misc/Ada/Chans-Algorithm,misc/Ada/Chans-Algorithm/tests.adb,616,Unreferenced,G,local,,,no
misc/Ada/Chews-Second-Algorithm,misc/Ada/Chews-Second-Algorithm/tests.adb,44,Unreferenced,T,local,,,no
misc/Ada/Chews-Second-Algorithm,misc/Ada/Chews-Second-Algorithm/tests.adb,59,Unreferenced,Res,local,,,no
misc/Ada/Chews-Second-Algorithm,misc/Ada/Chews-Second-Algorithm/tests.adb,444,Unreferenced,Res,local,,,no
misc/Ada/Chews-Second-Algorithm,misc/Ada/Chews-Second-Algorithm/tests.adb,464,Unreferenced,Res,local,,,no
misc/Ada/Chinese-Whispers,misc/Ada/Chinese-Whispers/tests.adb,136,Unreferenced,D,local,,,no
misc/Ada/Chinese-Whispers,misc/Ada/Chinese-Whispers/tests.adb,455,Unreferenced,R,local,,,no
misc/Ada/Christofides-Algorithm,misc/Ada/Christofides-Algorithm/christofides_algorithm.adb,92,Unreferenced,N,local,,,no
misc/Ada/Christofides-Algorithm,misc/Ada/Christofides-Algorithm/christofides_algorithm.adb,126,Unreferenced,N,local,,,no
misc/Ada/Christofides-Algorithm,misc/Ada/Christofides-Algorithm/christofides_algorithm.adb,304,Unreferenced,Total,local,,,no
misc/Ada/Christofides-Algorithm,misc/Ada/Christofides-Algorithm/christofides_algorithm.adb,558,Unreferenced,MST_W,local,,,no
misc/Ada/Collision-Detection,misc/Ada/Collision-Detection/tests.adb,42,Unreferenced,Bv,local,,,no
misc/Ada/Collision-Detection,misc/Ada/Collision-Detection/tests.adb,57,Unreferenced,Bv,local,,,no
misc/Ada/Collision-Detection,misc/Ada/Collision-Detection/tests.adb,70,Unreferenced,Bv,local,,,no
misc/Ada/Collision-Detection,misc/Ada/Collision-Detection/tests.adb,85,Unreferenced,Bv,local,,,no
misc/Ada/Collision-Detection,misc/Ada/Collision-Detection/tests.adb,98,Unreferenced,P,local,,,no
misc/Ada/Collision-Detection,misc/Ada/Collision-Detection/tests.adb,111,Unreferenced,P,local,,,no
misc/Ada/Collision-Detection,misc/Ada/Collision-Detection/tests.adb,124,Unreferenced,P,local,,,no
misc/Ada/Collision-Detection,misc/Ada/Collision-Detection/tests.adb,139,Unreferenced,B,local,,,no
misc/Ada/Collision-Detection,misc/Ada/Collision-Detection/tests.adb,152,Unreferenced,C,local,,,no
misc/Ada/Coloring-Algorithm,misc/Ada/Coloring-Algorithm/tests.adb,60,Unreferenced,D,local,,,no
misc/Ada/Coloring-Algorithm,misc/Ada/Coloring-Algorithm/tests.adb,71,Unreferenced,X,local,,,no
misc/Ada/Coloring-Algorithm,misc/Ada/Coloring-Algorithm/tests.adb,84,Unreferenced,X,local,,,no
misc/Ada/Coloring-Algorithm,misc/Ada/Coloring-Algorithm/tests.adb,96,Unreferenced,Num,local,,,no
misc/Ada/Combinatorial-Auction,misc/Ada/Combinatorial-Auction/tests.adb,53,Unreferenced,Unused,local,,,no
misc/Ada/Combinatorial-Auction,misc/Ada/Combinatorial-Auction/tests.adb,57,Unreferenced,A,local,,,no
misc/Ada/Combinatorial-Auction,misc/Ada/Combinatorial-Auction/tests.adb,82,Unreferenced,Unused,local,,,no
misc/Ada/Combinatorial-Auction,misc/Ada/Combinatorial-Auction/tests.adb,86,Unreferenced,A,local,,,no
misc/Ada/Combinatorial-Auction,misc/Ada/Combinatorial-Auction/tests.adb,97,Unreferenced,Unused,local,,,no
misc/Ada/Combinatorial-Auction,misc/Ada/Combinatorial-Auction/tests.adb,101,Unreferenced,Acc,local,,,no
misc/Ada/Combinatorial-Auction,misc/Ada/Combinatorial-Auction/tests.adb,112,Unreferenced,Unused,local,,,no
misc/Ada/Combinatorial-Auction,misc/Ada/Combinatorial-Auction/tests.adb,116,Unreferenced,R,local,,,no
misc/Ada/Combinatorial-Auction,misc/Ada/Combinatorial-Auction/tests.adb,127,Unreferenced,Unused,local,,,no
misc/Ada/Combinatorial-Auction,misc/Ada/Combinatorial-Auction/tests.adb,131,Unreferenced,P,local,,,no
misc/Ada/Combinatorial-Auction,misc/Ada/Combinatorial-Auction/tests.adb,144,Unreferenced,Unused,local,,,no
misc/Ada/Combinatorial-Auction,misc/Ada/Combinatorial-Auction/tests.adb,148,Unreferenced,W,local,,,no
misc/Ada/Combinatorial-Auction,misc/Ada/Combinatorial-Auction/tests.adb,610,Unreferenced,Ok,local,,,no
misc/Ada/Computation-Of-Pi,misc/Ada/Computation-Of-Pi/tests.adb,335,Unreferenced,Unused,local,,,no
misc/Ada/Computation-Of-Pi,misc/Ada/Computation-Of-Pi/tests.adb,349,Unreferenced,Unused,local,,,no
misc/Ada/Computation-Of-Pi,misc/Ada/Computation-Of-Pi/tests.adb,363,Unreferenced,Unused,local,,,no
misc/Ada/Computation-Of-Pi,misc/Ada/Computation-Of-Pi/tests.adb,377,Unreferenced,Unused,local,,,no
misc/Ada/Computation-Of-Pi,misc/Ada/Computation-Of-Pi/tests.adb,391,Unreferenced,Unused,local,,,no
misc/Ada/Computation-Of-Pi,misc/Ada/Computation-Of-Pi/tests.adb,405,Unreferenced,Unused,local,,,no
misc/Ada/Computation-Of-Pi,misc/Ada/Computation-Of-Pi/tests.adb,419,Unreferenced,Unused,local,,,no
misc/Ada/Computation-Of-Pi,misc/Ada/Computation-Of-Pi/tests.adb,433,Unreferenced,Unused,local,,,no
misc/Ada/Computer-Vision,misc/Ada/Computer-Vision/tests.adb,147,Unreferenced,Res,local,,-- Attempt processing on zero-length array,yes
misc/Ada/Computer-Vision,misc/Ada/Computer-Vision/tests.adb,160,Unreferenced,Res,local,,,no
misc/Ada/Computer-Vision,misc/Ada/Computer-Vision/tests.adb,173,Unreferenced,Res,local,,,no
misc/Ada/Computer-Vision,misc/Ada/Computer-Vision/tests.adb,191,Unreferenced,Res,local,,,no
misc/Ada/Computer-Vision,misc/Ada/Computer-Vision/tests.adb,204,Unreferenced,Res,local,,,no
misc/Ada/Computer-Vision,misc/Ada/Computer-Vision/tests.adb,217,Unreferenced,Res,local,,,no
misc/Ada/Cone-Algorithm,misc/Ada/Cone-Algorithm/tests.adb,45,Unreferenced,B,local,,,no
misc/Ada/Cone-Algorithm,misc/Ada/Cone-Algorithm/tests.adb,60,Unreferenced,M,local,,,no
misc/Ada/Cone-Algorithm,misc/Ada/Cone-Algorithm/tests.adb,75,Unreferenced,C,local,,,no
misc/Ada/Cone-Algorithm,misc/Ada/Cone-Algorithm/tests.adb,91,Unreferenced,E,local,,,no
misc/Ada/Cone-Algorithm,misc/Ada/Cone-Algorithm/tests.adb,107,Unreferenced,B,local,,,no
misc/Ada/Cone-Tracing,misc/Ada/Cone-Tracing/tests.adb,324,Unreferenced,Unused,local,,,no
misc/Ada/Cone-Tracing,misc/Ada/Cone-Tracing/tests.adb,342,Unreferenced,Unused,local,,,no
misc/Ada/Congruence-Of-Squares,misc/Ada/Congruence-Of-Squares/tests.adb,43,Unreferenced,Unused,local,,,no
misc/Ada/Congruence-Of-Squares,misc/Ada/Congruence-Of-Squares/tests.adb,60,Unreferenced,Unused,local,,,no
misc/Ada/Congruence-Of-Squares,misc/Ada/Congruence-Of-Squares/tests.adb,77,Unreferenced,Unused,local,,,no
misc/Ada/Congruence-Of-Squares,misc/Ada/Congruence-Of-Squares/tests.adb,94,Unreferenced,Unused,local,,,no
misc/Ada/Congruence-Of-Squares,misc/Ada/Congruence-Of-Squares/tests.adb,111,Unreferenced,Unused,local,,,no
misc/Ada/Congruence-Of-Squares,misc/Ada/Congruence-Of-Squares/tests.adb,129,Unreferenced,Unused,local,,,no
misc/Ada/Constraint-Algorithm,misc/Ada/Constraint-Algorithm/constraint_algorithm.adb,107,Unreferenced,N_Part,parameter,,,no
misc/Ada/Constraint-Algorithm,misc/Ada/Constraint-Algorithm/constraint_algorithm.adb,126,Unreferenced,N_Part,parameter,,,no
misc/Ada/Contour-Lines,misc/Ada/Contour-Lines/tests.adb,341,Unreferenced,Dummy,local,,,no
misc/Ada/Contour-Lines,misc/Ada/Contour-Lines/tests.adb,355,Unreferenced,N,local,,,no
misc/Ada/Core,misc/Ada/Core/core_game_theory.adb,122,Unreferenced,Bit,local,,,no
misc/Ada/Core,misc/Ada/Core/tests.adb,117,Unreferenced,Unused,local,,,no
misc/Ada/Core,misc/Ada/Core/tests.adb,130,Unreferenced,Unused,local,,,no
misc/Ada/Core,misc/Ada/Core/tests.adb,143,Unreferenced,V,local,,,no
misc/Ada/Core,misc/Ada/Core/tests.adb,156,Unreferenced,V,local,,,no
misc/Ada/Core,misc/Ada/Core/tests.adb,169,Unreferenced,V,local,,,no
misc/Ada/Core,misc/Ada/Core/tests.adb,182,Unreferenced,V,local,,,no
misc/Ada/Corporate-Wars-Sim,misc/Ada/Corporate-Wars-Sim/tests.adb,144,Unreferenced,Kind,local,,,no
misc/Ada/Correlated-Equilibrium,misc/Ada/Correlated-Equilibrium/tests.adb,75,Unreferenced,Unused,local,,,no
misc/Ada/Correlated-Equilibrium,misc/Ada/Correlated-Equilibrium/tests.adb,79,Unreferenced,U,local,,,no
misc/Ada/Correlated-Equilibrium,misc/Ada/Correlated-Equilibrium/tests.adb,99,Unreferenced,Unused,local,,,no
misc/Ada/Correlated-Equilibrium,misc/Ada/Correlated-Equilibrium/tests.adb,104,Unreferenced,R,local,,,no
misc/Ada/Correlated-Equilibrium,misc/Ada/Correlated-Equilibrium/tests.adb,117,Unreferenced,Unused,local,,,no
misc/Ada/Correlated-Equilibrium,misc/Ada/Correlated-Equilibrium/tests.adb,121,Unreferenced,D,local,,,no
misc/Ada/Crank-Nicolson,misc/Ada/Crank-Nicolson/tests.adb,51,Unreferenced,X,parameter,yes,,yes
misc/Ada/Crank-Nicolson,misc/Ada/Crank-Nicolson/tests.adb,62,Unreferenced,X,parameter,yes,,yes
misc/Ada/Crank-Nicolson,misc/Ada/Crank-Nicolson/tests.adb,141,Unreferenced,Dummy,local,,,no
misc/Ada/Crank-Nicolson,misc/Ada/Crank-Nicolson/tests.adb,167,Unreferenced,Dummy,local,,,no
misc/Ada/Crank-Nicolson,misc/Ada/Crank-Nicolson/tests.adb,180,Unreferenced,Dummy,local,,,no
misc/Ada/Crank-Nicolson,misc/Ada/Crank-Nicolson/tests.adb,193,Unreferenced,Dummy,local,,,no
misc/Ada/Crank-Nicolson,misc/Ada/Crank-Nicolson/tests.adb,229,Unreferenced,Dummy,local,,,no
misc/Ada/Crank-Nicolson,misc/Ada/Crank-Nicolson/tests.adb,242,Unreferenced,Dummy,local,,,no
misc/Ada/Crank-Nicolson,misc/Ada/Crank-Nicolson/tests.adb,436,Unreferenced,Dummy,local,,,no
misc/Ada/Crank-Nicolson,misc/Ada/Crank-Nicolson/tests.adb,452,Unreferenced,Dummy,local,,,no
misc/Ada/Crank-Nicolson,misc/Ada/Crank-Nicolson/tests.adb,468,Unreferenced,Dummy,local,,,no
misc/Ada/Crank-Nicolson,misc/Ada/Crank-Nicolson/tests.adb,484,Unreferenced,Dummy,local,,,no
misc/Ada/Crank-Nicolson,misc/Ada/Crank-Nicolson/tests.adb,500,Unreferenced,Dummy,local,,,no
misc/Ada/Crank-Nicolson,misc/Ada/Crank-Nicolson/tests.adb,515,Unreferenced,Dummy,local,,,no
misc/Ada/Cyrus-Beck,misc/Ada/Cyrus-Beck/tests.adb,135,Unreferenced,Unused,local,,,no
misc/Ada/D-Star,misc/Ada/D-Star/tests.adb,79,Unreferenced,B,local,,,no
misc/Ada/D-Star,misc/Ada/D-Star/tests.adb,101,Unreferenced,B,local,,,no
misc/Ada/D-Star,misc/Ada/D-Star/tests.adb,123,Unreferenced,Len,local,,,no
misc/Ada/D-Star,misc/Ada/D-Star/tests.adb,136,Unreferenced,Ok,local,,,no
misc/Ada/D-Star,misc/Ada/D-Star/tests.adb,136,Unreferenced,Len,local,,,no
misc/Ada/D-Star,misc/Ada/D-Star/tests.adb,149,Unreferenced,Ok,local,,,no
misc/Ada/D-Star,misc/Ada/D-Star/tests.adb,149,Unreferenced,Len,local,,,no
misc/Ada/Dancing-Links,misc/Ada/Dancing-Links/tests.adb,440,Unreferenced,Ignore,local,,,no
misc/Ada/De-Boor,misc/Ada/De-Boor/de_boor.adb,193,Unreferenced,Degree,parameter,,,no
misc/Ada/Description-Logic,misc/Ada/Description-Logic/tests.adb,200,Unreferenced,S,local,,,no
misc/Ada/Description-Logic,misc/Ada/Description-Logic/tests.adb,219,Unreferenced,N,local,,,no
misc/Ada/Deutsch-Josza-Algorithm,misc/Ada/Deutsch-Josza-Algorithm/tests.adb,34,Unreferenced,X,parameter,yes,-- Helper functions for testing,yes
misc/Ada/Deutsch-Josza-Algorithm,misc/Ada/Deutsch-Josza-Algorithm/tests.adb,40,Unreferenced,X,parameter,yes,,yes
misc/Ada/Deutsch-Josza-Algorithm,misc/Ada/Deutsch-Josza-Algorithm/tests.adb,191,Unreferenced,Dummy,local,,,no
misc/Ada/Dice-Coefficient,misc/Ada/Dice-Coefficient/tests.adb,60,Unreferenced,Unused,local,,,no
misc/Ada/Dice-Coefficient,misc/Ada/Dice-Coefficient/tests.adb,71,Unreferenced,Unused,local,,,no
misc/Ada/Dice-Coefficient,misc/Ada/Dice-Coefficient/tests.adb,82,Unreferenced,Unused,local,,,no
misc/Ada/Dice-Coefficient,misc/Ada/Dice-Coefficient/tests.adb,93,Unreferenced,Unused,local,,,no
misc/Ada/Discrete-Logarithm,misc/Ada/Discrete-Logarithm/discrete_logarithm.adb,118,Unreferenced,Y,local,,,no
misc/Ada/Discrete-Logarithm,misc/Ada/Discrete-Logarithm/discrete_logarithm.adb,474,Unreferenced,Red,unknown,,,no
misc/Ada/Discrete-Logarithm,misc/Ada/Discrete-Logarithm/discrete_logarithm.adb,560,Unreferenced,K,unknown,,,no
misc/Ada/Discrete-Logarithm,misc/Ada/Discrete-Logarithm/tests.adb,43,Unreferenced,Unused,local,,,no
misc/Ada/Discrete-Logarithm,misc/Ada/Discrete-Logarithm/tests.adb,60,Unreferenced,Unused,local,,,no
misc/Ada/Discrete-Logarithm,misc/Ada/Discrete-Logarithm/tests.adb,77,Unreferenced,Unused,local,,,no
misc/Ada/Discrete-Logarithm,misc/Ada/Discrete-Logarithm/tests.adb,97,Unreferenced,Unused,local,,,no
misc/Ada/Discrete-Logarithm,misc/Ada/Discrete-Logarithm/tests.adb,117,Unreferenced,Unused,local,,,no
misc/Ada/Division-Algorithms,misc/Ada/Division-Algorithms/tests.adb,322,Unreferenced,Unused,local,,,no
misc/Ada/Division-Algorithms,misc/Ada/Division-Algorithms/tests.adb,335,Unreferenced,Unused,local,,,no
misc/Ada/Division-Algorithms,misc/Ada/Division-Algorithms/tests.adb,348,Unreferenced,Unused,local,,,no
misc/Ada/Division-Algorithms,misc/Ada/Division-Algorithms/tests.adb,361,Unreferenced,Unused,local,,,no
misc/Ada/Division-Algorithms,misc/Ada/Division-Algorithms/tests.adb,374,Unreferenced,Unused,local,,,no
misc/Ada/Division-Algorithms,misc/Ada/Division-Algorithms/tests.adb,387,Unreferenced,Unused,local,,,no
misc/Ada/Division-Algorithms,misc/Ada/Division-Algorithms/tests.adb,400,Unreferenced,Unused,local,,,no
misc/Ada/Division-Algorithms,misc/Ada/Division-Algorithms/tests.adb,419,Unreferenced,Unused,local,,,no
misc/Ada/Division-Algorithms,misc/Ada/Division-Algorithms/tests.adb,433,Unreferenced,Unused,local,,,no
misc/Ada/Division-Algorithms,misc/Ada/Division-Algorithms/tests.adb,447,Unreferenced,Unused,local,,,no
misc/Ada/Division-Algorithms,misc/Ada/Division-Algorithms/tests.adb,496,Unreferenced,Unused,local,,,no
misc/Ada/Division-Algorithms,misc/Ada/Division-Algorithms/tests.adb,510,Unreferenced,Unused,local,,,no
misc/Ada/Division-Algorithms,misc/Ada/Division-Algorithms/tests.adb,523,Unreferenced,Unused,local,,,no
misc/Ada/Dynamic-Time-Warping,misc/Ada/Dynamic-Time-Warping/tests.adb,55,Unreferenced,D,local,,,no
misc/Ada/Dynamic-Time-Warping,misc/Ada/Dynamic-Time-Warping/tests.adb,68,Unreferenced,D,local,,,no
misc/Ada/EIGamal,misc/Ada/EIGamal/tests.adb,131,Unreferenced,Dummy,local,,,no
misc/Ada/EIGamal,misc/Ada/EIGamal/tests.adb,152,Unreferenced,Dummy,local,,,no
misc/Ada/Edmonds-Algorithm,misc/Ada/Edmonds-Algorithm/edmonds_algorithm.adb,653,Unreferenced,U,local,,,no
misc/Ada/Edmonds-Algorithm,misc/Ada/Edmonds-Algorithm/tests.adb,71,Unreferenced,C,local,,,no
misc/Ada/Edmonds-Algorithm,misc/Ada/Edmonds-Algorithm/tests.adb,71,Unreferenced,W,local,,,no
misc/Ada/Edmonds-Algorithm,misc/Ada/Edmonds-Algorithm/tests.adb,71,Unreferenced,St,local,,,no
misc/Ada/Edmonds-Algorithm,misc/Ada/Edmonds-Algorithm/tests.adb,85,Unreferenced,C,local,,,no
misc/Ada/Edmonds-Algorithm,misc/Ada/Edmonds-Algorithm/tests.adb,85,Unreferenced,W,local,,,no
misc/Ada/Edmonds-Algorithm,misc/Ada/Edmonds-Algorithm/tests.adb,85,Unreferenced,St,local,,,no
misc/Ada/Edmonds-Algorithm,misc/Ada/Edmonds-Algorithm/tests.adb,98,Unreferenced,C,local,,,no
misc/Ada/Edmonds-Algorithm,misc/Ada/Edmonds-Algorithm/tests.adb,98,Unreferenced,W,local,,,no
misc/Ada/Ellipsoid-Method,misc/Ada/Ellipsoid-Method/tests.adb,525,Unreferenced,Z,local,,,no
misc/Ada/Estimation-Theory,misc/Ada/Estimation-Theory/tests.adb,74,Unreferenced,Unused,local,,,no
misc/Ada/Estimation-Theory,misc/Ada/Estimation-Theory/tests.adb,111,Unreferenced,Unused,local,,,no
misc/Ada/Estimation-Theory,misc/Ada/Estimation-Theory/tests.adb,184,Unreferenced,Unused,local,,,no
misc/Ada/Estimation-Theory,misc/Ada/Estimation-Theory/tests.adb,250,Unreferenced,Unused,local,,,no
misc/Ada/Estimation-Theory,misc/Ada/Estimation-Theory/tests.adb,326,Unreferenced,Unused,local,,,no
misc/Ada/Estimation-Theory,misc/Ada/Estimation-Theory/tests.adb,364,Unreferenced,Unused,local,,,no
misc/Ada/Estimation-Theory,misc/Ada/Estimation-Theory/tests.adb,448,Unreferenced,U,local,,,no
misc/Ada/Estimation-Theory,misc/Ada/Estimation-Theory/tests.adb,464,Unreferenced,U,local,,,no
misc/Ada/Estimation-Theory,misc/Ada/Estimation-Theory/tests.adb,480,Unreferenced,U,local,,,no
misc/Ada/Estimation-Theory,misc/Ada/Estimation-Theory/tests.adb,496,Unreferenced,U,local,,,no
misc/Ada/Euclidean-Distance-Transform,misc/Ada/Euclidean-Distance-Transform/tests.adb,136,Unreferenced,M,local,,,no
misc/Ada/Euclidean-Distance-Transform,misc/Ada/Euclidean-Distance-Transform/tests.adb,149,Unreferenced,M,local,,,no
misc/Ada/Euclidean-Distance-Transform,misc/Ada/Euclidean-Distance-Transform/tests.adb,162,Unreferenced,M,local,,,no
misc/Ada/Euclidean-Distance-Transform,misc/Ada/Euclidean-Distance-Transform/tests.adb,175,Unreferenced,M,local,,,no
misc/Ada/Euclidean-Distance-Transform,misc/Ada/Euclidean-Distance-Transform/tests.adb,190,Unreferenced,V,local,,,no
misc/Ada/Euclidean-Distance-Transform,misc/Ada/Euclidean-Distance-Transform/tests.adb,205,Unreferenced,V,local,,,no
misc/Ada/Euler-Integration,misc/Ada/Euler-Integration/euler_integration.adb,116,Unreferenced,T,parameter,yes,-------------------------------------------------------------------------,yes
misc/Ada/Euler-Integration,misc/Ada/Euler-Integration/euler_integration.adb,122,Unreferenced,T,parameter,yes,,yes
misc/Ada/Euler-Integration,misc/Ada/Euler-Integration/euler_integration.adb,128,Unreferenced,T,parameter,yes,,yes
misc/Ada/Euler-Integration,misc/Ada/Euler-Integration/euler_integration.adb,134,Unreferenced,T,parameter,yes,,yes
misc/Ada/Euler-Integration,misc/Ada/Euler-Integration/euler_integration.adb,140,Unreferenced,T,parameter,yes,,yes
misc/Ada/Euler-Integration,misc/Ada/Euler-Integration/tests.adb,198,Unreferenced,Ys_Unstable,local,,--  Unstable step: |R| > 1 so magnitude grows / oscillates.,yes
misc/Ada/Euler-Integration,misc/Ada/Euler-Integration/tests.adb,269,Unreferenced,Dummy,local,,,no
misc/Ada/Euler-Integration,misc/Ada/Euler-Integration/tests.adb,283,Unreferenced,Dummy,local,,,no
misc/Ada/Euler-Integration,misc/Ada/Euler-Integration/tests.adb,297,Unreferenced,Dummy,local,,,no
misc/Ada/Euler-Integration,misc/Ada/Euler-Integration/tests.adb,311,Unreferenced,Dummy,local,,,no
misc/Ada/Euler-Integration,misc/Ada/Euler-Integration/tests.adb,325,Unreferenced,Dummy,local,,,no
misc/Ada/Evolution-Strategy,misc/Ada/Evolution-Strategy/tests.adb,206,Unreferenced,Unused,local,,,no
misc/Ada/Evolution-Strategy,misc/Ada/Evolution-Strategy/tests.adb,499,Unreferenced,Unused,local,,,no
misc/Ada/Evolution-Strategy,misc/Ada/Evolution-Strategy/tests.adb,517,Unreferenced,Unused,local,,,no
misc/Ada/Evolutionary-Computation,misc/Ada/Evolutionary-Computation/evolutionary_computation.adb,292,Unreferenced,Used,local,,,no
misc/Ada/Evolutionary-Computation,misc/Ada/Evolutionary-Computation/evolutionary_computation.adb,467,Unreferenced,CB,local,,,no
misc/Ada/Exponentiating-By-Squaring,misc/Ada/Exponentiating-By-Squaring/tests.adb,203,Unreferenced,X,local,,,no
misc/Ada/Exponentiating-By-Squaring,misc/Ada/Exponentiating-By-Squaring/tests.adb,209,Unreferenced,X,local,,,no
misc/Ada/Exponentiating-By-Squaring,misc/Ada/Exponentiating-By-Squaring/tests.adb,215,Unreferenced,X,local,,,no
misc/Ada/Exponentiating-By-Squaring,misc/Ada/Exponentiating-By-Squaring/tests.adb,252,Unreferenced,X,local,,,no
misc/Ada/Exponentiating-By-Squaring,misc/Ada/Exponentiating-By-Squaring/tests.adb,270,Unreferenced,Ignore,local,,,no
misc/Ada/Exponentiating-By-Squaring,misc/Ada/Exponentiating-By-Squaring/tests.adb,281,Unreferenced,Ignore,local,,,no
misc/Ada/Exponentiating-By-Squaring,misc/Ada/Exponentiating-By-Squaring/tests.adb,292,Unreferenced,Ignore,local,,,no
misc/Ada/Exponentiating-By-Squaring,misc/Ada/Exponentiating-By-Squaring/tests.adb,333,Unreferenced,X,local,,,no
misc/Ada/Exponentiating-By-Squaring,misc/Ada/Exponentiating-By-Squaring/tests.adb,339,Unreferenced,X,local,,,no
misc/Ada/False-Nearest-Neighbor,misc/Ada/False-Nearest-Neighbor/tests.adb,149,Unreferenced,Unused,local,,,no
misc/Ada/False-Nearest-Neighbor,misc/Ada/False-Nearest-Neighbor/tests.adb,164,Unreferenced,Unused,local,,,no
misc/Ada/False-Nearest-Neighbor,misc/Ada/False-Nearest-Neighbor/tests.adb,179,Unreferenced,Unused,local,,,no
misc/Ada/False-Nearest-Neighbor,misc/Ada/False-Nearest-Neighbor/tests.adb,470,Unreferenced,Unused,local,,,no
misc/Ada/False-Nearest-Neighbor,misc/Ada/False-Nearest-Neighbor/tests.adb,496,Unreferenced,Unused,local,,--  τ large vs length: cannot form m+1 vectors,yes
misc/Ada/False-Nearest-Neighbor,misc/Ada/False-Nearest-Neighbor/tests.adb,513,Unreferenced,Unused,local,,,no
misc/Ada/False-Nearest-Neighbor,misc/Ada/False-Nearest-Neighbor/tests.adb,529,Unreferenced,Unused,local,,,no
misc/Ada/False-Position-Method,misc/Ada/False-Position-Method/false_position_method.adb,319,Unreferenced,X,parameter,yes,,yes
misc/Ada/False-Position-Method,misc/Ada/False-Position-Method/false_position_method.adb,325,Unreferenced,X,parameter,yes,,yes
misc/Ada/False-Position-Method,misc/Ada/False-Position-Method/false_position_method.adb,336,Unreferenced,X,parameter,yes,,yes
misc/Ada/Fast-Multipole-Method,misc/Ada/Fast-Multipole-Method/fast_multipole_method.adb,657,Unreferenced,Config,parameter,,,no
misc/Ada/Faugere-F4,misc/Ada/Faugere-F4/tests.adb,374,Unreferenced,Unused,local,,,no
misc/Ada/Faugere-F4,misc/Ada/Faugere-F4/tests.adb,388,Unreferenced,Unused,local,,,no
misc/Ada/Faugere-F4,misc/Ada/Faugere-F4/tests.adb,403,Unreferenced,Unused,local,,,no
misc/Ada/Fermat-Factorization,misc/Ada/Fermat-Factorization/tests.adb,43,Unreferenced,Unused,local,,,no
misc/Ada/Filtered-Back-Projection,misc/Ada/Filtered-Back-Projection/tests.adb,243,Unreferenced,Z,local,,,no
misc/Ada/Financial-Information-Exchange,misc/Ada/Financial-Information-Exchange/tests.adb,129,Unreferenced,M,local,,,no
misc/Ada/Financial-Information-Exchange,misc/Ada/Financial-Information-Exchange/tests.adb,151,Unreferenced,M,local,,,no
misc/Ada/Financial-Information-Exchange,misc/Ada/Financial-Information-Exchange/tests.adb,174,Unreferenced,M,local,,,no
misc/Ada/Financial-Information-Exchange,misc/Ada/Financial-Information-Exchange/tests.adb,197,Unreferenced,Val,local,,,no
misc/Ada/Finite-Difference-Method,misc/Ada/Finite-Difference-Method/tests.adb,526,Unreferenced,Unused,local,,,no
misc/Ada/Finite-Difference-Method,misc/Ada/Finite-Difference-Method/tests.adb,539,Unreferenced,Unused,local,,,no
misc/Ada/Finite-Difference-Method,misc/Ada/Finite-Difference-Method/tests.adb,552,Unreferenced,Unused,local,,,no
misc/Ada/Finite-Difference-Method,misc/Ada/Finite-Difference-Method/tests.adb,565,Unreferenced,Unused,local,,,no
misc/Ada/Finite-Difference-Method,misc/Ada/Finite-Difference-Method/tests.adb,578,Unreferenced,Unused,local,,,no
misc/Ada/Finite-Difference-Method,misc/Ada/Finite-Difference-Method/tests.adb,591,Unreferenced,Unused,local,,,no
misc/Ada/Finite-Difference-Method,misc/Ada/Finite-Difference-Method/tests.adb,605,Unreferenced,Unused,local,,,no
misc/Ada/Finite-Difference-Method,misc/Ada/Finite-Difference-Method/tests.adb,618,Unreferenced,Unused,local,,,no
misc/Ada/Finite-Difference-Method,misc/Ada/Finite-Difference-Method/tests.adb,631,Unreferenced,Unused,local,,,no
misc/Ada/Finite-Difference-Method,misc/Ada/Finite-Difference-Method/tests.adb,644,Unreferenced,Unused,local,,,no
misc/Ada/Finite-Difference-Method,misc/Ada/Finite-Difference-Method/tests.adb,657,Unreferenced,Unused,local,,,no
misc/Ada/Finite-Difference-Method,misc/Ada/Finite-Difference-Method/tests.adb,672,Unreferenced,Unused,local,,,no
misc/Ada/First-Order-Logic,misc/Ada/First-Order-Logic/own_checks.adb,54,Unreferenced,I,parameter,yes,--  arity seen by the interpretation in the last call (Present of Arg2),yes
misc/Ada/First-Order-Logic,misc/Ada/First-Order-Logic/own_checks.adb,54,Unreferenced,Name,parameter,yes,--  arity seen by the interpretation in the last call (Present of Arg2),yes
misc/Ada/First-Order-Logic,misc/Ada/First-Order-Logic/own_checks.adb,63,Unreferenced,I,parameter,yes,,yes
misc/Ada/First-Order-Logic,misc/Ada/First-Order-Logic/own_checks.adb,69,Unreferenced,I,parameter,yes,,yes
misc/Ada/First-Order-Logic,misc/Ada/First-Order-Logic/tests.adb,32,Unreferenced,I,parameter,yes,,yes
misc/Ada/First-Order-Logic,misc/Ada/First-Order-Logic/tests.adb,41,Unreferenced,I,parameter,yes,,yes
misc/Ada/First-Order-Logic,misc/Ada/First-Order-Logic/tests.adb,50,Unreferenced,I,parameter,yes,,yes
misc/Ada/First-Order-Logic,misc/Ada/First-Order-Logic/tests.adb,234,Unreferenced,Bad,local,,,no
misc/Ada/First-Order-Logic,misc/Ada/First-Order-Logic/tests.adb,246,Unreferenced,Bad,local,,,no
misc/Ada/Fisher-Yates-Shuffle,misc/Ada/Fisher-Yates-Shuffle/tests.adb,79,Unreferenced,Hi,parameter,yes,,yes
misc/Ada/Fisher-Yates-Shuffle,misc/Ada/Fisher-Yates-Shuffle/tests.adb,85,Unreferenced,Lo,parameter,yes,,yes
misc/Ada/Fisher-Yates-Shuffle,misc/Ada/Fisher-Yates-Shuffle/tests.adb,91,Unreferenced,Lo,parameter,yes,,yes
misc/Ada/Fisher-Yates-Shuffle,misc/Ada/Fisher-Yates-Shuffle/tests.adb,91,Unreferenced,Hi,parameter,yes,,yes
misc/Ada/Fitness-Proportionate-Selection,misc/Ada/Fitness-Proportionate-Selection/fitness_proportionate_selection.adb,37,Unreferenced,Cfg,parameter,,,no
misc/Ada/Fitness-Proportionate-Selection,misc/Ada/Fitness-Proportionate-Selection/tests.adb,146,Unreferenced,I,unknown,,,no
misc/Ada/Fitness-Proportionate-Selection,misc/Ada/Fitness-Proportionate-Selection/tests.adb,246,Unreferenced,P,local,,,no
misc/Ada/Fitness-Proportionate-Selection,misc/Ada/Fitness-Proportionate-Selection/tests.adb,261,Unreferenced,P,local,,,no
misc/Ada/Fitness-Proportionate-Selection,misc/Ada/Fitness-Proportionate-Selection/tests.adb,276,Unreferenced,P,local,,,no
misc/Ada/Fitness-Proportionate-Selection,misc/Ada/Fitness-Proportionate-Selection/tests.adb,324,Unreferenced,C,local,,,no
misc/Ada/Fitness-Proportionate-Selection,misc/Ada/Fitness-Proportionate-Selection/tests.adb,339,Unreferenced,C,local,,,no
misc/Ada/Fitness-Proportionate-Selection,misc/Ada/Fitness-Proportionate-Selection/tests.adb,354,Unreferenced,C,local,,,no
misc/Ada/Fitness-Proportionate-Selection,misc/Ada/Fitness-Proportionate-Selection/tests.adb,369,Unreferenced,I,local,,,no
misc/Ada/Fitness-Proportionate-Selection,misc/Ada/Fitness-Proportionate-Selection/tests.adb,436,Unreferenced,K,unknown,,,no
misc/Ada/Fitness-Proportionate-Selection,misc/Ada/Fitness-Proportionate-Selection/tests.adb,572,Unreferenced,Idx,local,,,no
misc/Ada/Fitness-Proportionate-Selection,misc/Ada/Fitness-Proportionate-Selection/tests.adb,572,Unreferenced,Idxs,local,,,no
misc/Ada/Fitness-Proportionate-Selection,misc/Ada/Fitness-Proportionate-Selection/tests.adb,572,Unreferenced,Ind,local,,,no
misc/Ada/Flood-Fill,misc/Ada/Flood-Fill/tests.adb,97,Unreferenced,Unused,local,,,no
misc/Ada/Flow-Networks,misc/Ada/Flow-Networks/tests.adb,61,Unreferenced,F,local,,,no
misc/Ada/Flow-Networks,misc/Ada/Flow-Networks/tests.adb,74,Unreferenced,F,local,,,no
misc/Ada/Flow-Networks,misc/Ada/Flow-Networks/tests.adb,107,Unreferenced,S,local,,,no
misc/Ada/Flow-Networks,misc/Ada/Flow-Networks/tests.adb,118,Unreferenced,T,local,,,no
misc/Ada/Flow-Networks,misc/Ada/Flow-Networks/tests.adb,145,Unreferenced,C,local,,,no
misc/Ada/Flow-Networks,misc/Ada/Flow-Networks/tests.adb,161,Unreferenced,V1,local,,,no
misc/Ada/Flow-Networks,misc/Ada/Flow-Networks/tests.adb,161,Unreferenced,V2,local,,,no
misc/Ada/Flow-Networks,misc/Ada/Flow-Networks/tests.adb,161,Unreferenced,C,local,,,no
misc/Ada/Flow-Networks,misc/Ada/Flow-Networks/tests.adb,161,Unreferenced,F,local,,,no
misc/Ada/Force-Based-Algorithms,misc/Ada/Force-Based-Algorithms/tests.adb,175,Unreferenced,X,local,,,no
misc/Ada/Force-Based-Algorithms,misc/Ada/Force-Based-Algorithms/tests.adb,188,Unreferenced,Q,local,,,no
misc/Ada/Forward-Error-Correction,misc/Ada/Forward-Error-Correction/forward_error_correction.adb,18,Unreferenced,J,unknown,,,no
misc/Ada/Forward-Error-Correction,misc/Ada/Forward-Error-Correction/tests.adb,69,Unreferenced,Dummy,local,,,no
misc/Ada/Forward-Error-Correction,misc/Ada/Forward-Error-Correction/tests.adb,82,Unreferenced,Dummy,local,,,no
misc/Ada/Forward-Error-Correction,misc/Ada/Forward-Error-Correction/tests.adb,184,Unreferenced,Dummy,local,,,no
misc/Ada/Forward-Error-Correction,misc/Ada/Forward-Error-Correction/tests.adb,197,Unreferenced,Dummy,local,,,no
misc/Ada/Forward-Error-Correction,misc/Ada/Forward-Error-Correction/tests.adb,241,Unreferenced,Dummy,local,,,no
misc/Ada/Fuzzy-C-Means,misc/Ada/Fuzzy-C-Means/tests.adb,535,Unreferenced,R,local,,--  m=1 is invalid; Pre may or may not fire at runtime depending --  on assertion policy — call body path that checks.,yes
misc/Ada/Fuzzy-C-Means,misc/Ada/Fuzzy-C-Means/tests.adb,569,Unreferenced,R,local,,,no
misc/Ada/Fuzzy-C-Means,misc/Ada/Fuzzy-C-Means/tests.adb,585,Unreferenced,W,local,,,no
misc/Ada/Fuzzy-C-Means,misc/Ada/Fuzzy-C-Means/tests.adb,606,Unreferenced,R,local,,,no
misc/Ada/Gale-Shapley-Algorithm,misc/Ada/Gale-Shapley-Algorithm/tests.adb,104,Unreferenced,Unused,local,,,no
misc/Ada/Gale-Shapley-Algorithm,misc/Ada/Gale-Shapley-Algorithm/tests.adb,117,Unreferenced,Unused,local,,,no
misc/Ada/Gale-Shapley-Algorithm,misc/Ada/Gale-Shapley-Algorithm/tests.adb,130,Unreferenced,Unused,local,,,no
misc/Ada/General-Problem-Solver,misc/Ada/General-Problem-Solver/tests.adb,352,Unreferenced,Unused,local,,,no
misc/Ada/General-Problem-Solver,misc/Ada/General-Problem-Solver/tests.adb,368,Unreferenced,Unused,local,,,no
misc/Ada/General-Problem-Solver,misc/Ada/General-Problem-Solver/tests.adb,384,Unreferenced,Unused,local,,,no
misc/Ada/General-Problem-Solver,misc/Ada/General-Problem-Solver/tests.adb,400,Unreferenced,Unused,local,,,no
misc/Ada/Genetic-Algorithms,misc/Ada/Genetic-Algorithms/genetic_algorithms.adb,212,Unreferenced,T,unknown,,,no
misc/Ada/Genetic-Algorithms,misc/Ada/Genetic-Algorithms/genetic_algorithms.adb,237,Unreferenced,T,unknown,,,no
misc/Ada/Genetic-Algorithms,misc/Ada/Genetic-Algorithms/genetic_algorithms.adb,589,Unreferenced,Gen,unknown,,,no
misc/Ada/Genetic-Algorithms,misc/Ada/Genetic-Algorithms/genetic_algorithms.adb,710,Unreferenced,Gen,unknown,,,no
misc/Ada/Genetic-Algorithms,misc/Ada/Genetic-Algorithms/tests.adb,110,Unreferenced,I,unknown,,,no
misc/Ada/Genetic-Algorithms,misc/Ada/Genetic-Algorithms/tests.adb,185,Unreferenced,K,unknown,,,no
misc/Ada/Genetic-Algorithms,misc/Ada/Genetic-Algorithms/tests.adb,200,Unreferenced,K,unknown,,,no
misc/Ada/Genetic-Algorithms,misc/Ada/Genetic-Algorithms/tests.adb,221,Unreferenced,K,unknown,,,no
misc/Ada/Genetic-Algorithms,misc/Ada/Genetic-Algorithms/tests.adb,245,Unreferenced,K,unknown,,,no
misc/Ada/Genetic-Algorithms,misc/Ada/Genetic-Algorithms/tests.adb,266,Unreferenced,K,unknown,,,no
misc/Ada/Genetic-Algorithms,misc/Ada/Genetic-Algorithms/tests.adb,474,Unreferenced,Bad,local,,--  length 1 with K=2 should fail Pre or raise,yes
misc/Ada/Genetic-Algorithms,misc/Ada/Genetic-Algorithms/tests.adb,474,Unreferenced,Dummy,local,,--  length 1 with K=2 should fail Pre or raise,yes
misc/Ada/Genetic-Algorithms,misc/Ada/Genetic-Algorithms/tests.adb,493,Unreferenced,Dummy,local,,,no
misc/Ada/Gilbert-Johnson-Keerthi,misc/Ada/Gilbert-Johnson-Keerthi/tests.adb,46,Unreferenced,D,local,,,no
misc/Ada/Gilbert-Johnson-Keerthi,misc/Ada/Gilbert-Johnson-Keerthi/tests.adb,59,Unreferenced,Bv,local,,,no
misc/Ada/Gilbert-Johnson-Keerthi,misc/Ada/Gilbert-Johnson-Keerthi/tests.adb,73,Unreferenced,C,local,,,no
misc/Ada/Gilbert-Johnson-Keerthi,misc/Ada/Gilbert-Johnson-Keerthi/tests.adb,87,Unreferenced,Q,local,,,no
misc/Ada/Gilbert-Johnson-Keerthi,misc/Ada/Gilbert-Johnson-Keerthi/tests.adb,103,Unreferenced,Poly,local,,,no
misc/Ada/Gilbert-Johnson-Keerthi,misc/Ada/Gilbert-Johnson-Keerthi/tests.adb,119,Unreferenced,Poly,local,,,no
misc/Ada/Global-Illumination,misc/Ada/Global-Illumination/global_illumination.adb,438,Unreferenced,Dirs,parameter,,,no
misc/Ada/Global-Illumination,misc/Ada/Global-Illumination/tests.adb,380,Unreferenced,Dummy,local,,,no
misc/Ada/Goldschmidt-Division,misc/Ada/Goldschmidt-Division/tests.adb,87,Unreferenced,Unused,local,,,no
misc/Ada/Goldschmidt-Division,misc/Ada/Goldschmidt-Division/tests.adb,216,Unreferenced,Unused,local,,,no
misc/Ada/Goldschmidt-Division,misc/Ada/Goldschmidt-Division/tests.adb,230,Unreferenced,Unused,local,,,no
misc/Ada/Gospers-Algorithm,misc/Ada/Gospers-Algorithm/tests.adb,138,Unreferenced,Unused,local,,,no
misc/Ada/Gospers-Algorithm,misc/Ada/Gospers-Algorithm/tests.adb,305,Unreferenced,Unused,local,,,no
misc/Ada/Gospers-Algorithm,misc/Ada/Gospers-Algorithm/tests.adb,322,Unreferenced,Unused,local,,,no
misc/Ada/Gospers-Algorithm,misc/Ada/Gospers-Algorithm/tests.adb,353,Unreferenced,Unused,local,,,no
misc/Ada/Gospers-Algorithm,misc/Ada/Gospers-Algorithm/tests.adb,370,Unreferenced,Unused,local,,,no
misc/Ada/Gram-Schmidt,misc/Ada/Gram-Schmidt/gram_schmidt.adb,161,Unreferenced,Tol,parameter,,,no
misc/Ada/Gray-Code,misc/Ada/Gray-Code/tests.adb,23,Unreferenced,S,local,,-- Helper procedures to evaluate functions in the statement block -- without needing to declare dynamically sized dummy variables.,yes
misc/Ada/Gray-Code,misc/Ada/Gray-Code/tests.adb,29,Unreferenced,D,local,,,no
misc/Ada/Ground-State,misc/Ada/Ground-State/tests.adb,388,Unreferenced,Dummy,local,,,no
misc/Ada/Grovers-Algorithm,misc/Ada/Grovers-Algorithm/grovers_algorithm.adb,40,Unreferenced,Index,parameter,yes,,yes
misc/Ada/Grovers-Algorithm,misc/Ada/Grovers-Algorithm/grovers_algorithm.adb,99,Unreferenced,Iter,unknown,,--  Perform Grover iterations,yes
misc/Ada/Grovers-Algorithm,misc/Ada/Grovers-Algorithm/grovers_algorithm.adb,185,Unreferenced,Iter,unknown,,,no
misc/Ada/Grovers-Algorithm,misc/Ada/Grovers-Algorithm/grovers_algorithm.adb,269,Unreferenced,Iter,unknown,,,no
misc/Ada/Grovers-Algorithm,misc/Ada/Grovers-Algorithm/tests.adb,131,Unreferenced,Dummy,local,,,no
misc/Ada/HHL-Algorithm,misc/Ada/HHL-Algorithm/hhl_algorithm.adb,68,Unreferenced,Kappa_Max,parameter,yes,,yes
misc/Ada/Hadamard-Test,misc/Ada/Hadamard-Test/tests.adb,150,Unreferenced,Dummy,local,,,no
misc/Ada/Hadamard-Test,misc/Ada/Hadamard-Test/tests.adb,173,Unreferenced,Dummy,local,,,no
misc/Ada/Hadamard-Transform,misc/Ada/Hadamard-Transform/tests.adb,119,Unreferenced,Res,local,,,no
misc/Ada/Hadamard-Transform,misc/Ada/Hadamard-Transform/tests.adb,141,Unreferenced,Res,local,,,no
misc/Ada/Hadamard-Transform,misc/Ada/Hadamard-Transform/tests.adb,163,Unreferenced,Res,local,,,no
misc/Ada/Hadamard-Transform,misc/Ada/Hadamard-Transform/tests.adb,185,Unreferenced,Res,local,,,no
misc/Ada/Halleys-Method,misc/Ada/Halleys-Method/halleys_method.adb,169,Unreferenced,X,parameter,yes,,yes
misc/Ada/Halleys-Method,misc/Ada/Halleys-Method/halleys_method.adb,175,Unreferenced,X,parameter,yes,,yes
misc/Ada/Halleys-Method,misc/Ada/Halleys-Method/halleys_method.adb,191,Unreferenced,X,parameter,yes,,yes
misc/Ada/Halleys-Method,misc/Ada/Halleys-Method/halleys_method.adb,212,Unreferenced,X,parameter,yes,,yes
misc/Ada/Halleys-Method,misc/Ada/Halleys-Method/halleys_method.adb,243,Unreferenced,X,parameter,yes,,yes
misc/Ada/Halleys-Method,misc/Ada/Halleys-Method/halleys_method.adb,365,Unreferenced,X,parameter,yes,,yes
misc/Ada/Halleys-Method,misc/Ada/Halleys-Method/halleys_method.adb,371,Unreferenced,X,parameter,yes,,yes
misc/Ada/Halleys-Method,misc/Ada/Halleys-Method/halleys_method.adb,377,Unreferenced,X,parameter,yes,,yes
misc/Ada/Halleys-Method,misc/Ada/Halleys-Method/halleys_method.adb,383,Unreferenced,X,parameter,yes,,yes
misc/Ada/Halleys-Method,misc/Ada/Halleys-Method/tests.adb,118,Unreferenced,Unused,local,,"--  Constant: f=1, f'=0, f''=0 → denom 0",yes
misc/Ada/Hamming-Code,misc/Ada/Hamming-Code/hamming_code.adb,88,Unreferenced,Data_Length,parameter,,,no
misc/Ada/Hamming-Code,misc/Ada/Hamming-Code/tests.adb,168,Unreferenced,Data,local,,--  Original: 01100110 -> Flipping bits 3 and 6,yes
misc/Ada/Hamming-Code,misc/Ada/Hamming-Code/tests.adb,198,Unreferenced,Data,local,,,no
misc/Ada/Heaps-Algorithm,misc/Ada/Heaps-Algorithm/tests.adb,38,Unreferenced,Unused,local,,,no
misc/Ada/Heaps-Algorithm,misc/Ada/Heaps-Algorithm/tests.adb,49,Unreferenced,Unused,local,,,no
misc/Ada/Heaps-Algorithm,misc/Ada/Heaps-Algorithm/tests.adb,58,Unreferenced,P,parameter,yes,,yes
misc/Ada/Heaps-Algorithm,misc/Ada/Heaps-Algorithm/tests.adb,377,Unreferenced,P,parameter,yes,,yes
misc/Ada/Hidden-Linear-Function-Problem,misc/Ada/Hidden-Linear-Function-Problem/tests.adb,161,Unreferenced,Dummy,local,,,no
misc/Ada/Hidden-Shift-Problem,misc/Ada/Hidden-Shift-Problem/tests.adb,138,Unreferenced,Dummy,local,,,no
misc/Ada/Hidden-Shift-Problem,misc/Ada/Hidden-Shift-Problem/tests.adb,162,Unreferenced,Dummy,local,,,no
misc/Ada/Hidden-Subgroup-Problem,misc/Ada/Hidden-Subgroup-Problem/hidden_subgroup_problem.adb,300,Unreferenced,X,parameter,yes,,yes
misc/Ada/Hidden-Subgroup-Problem,misc/Ada/Hidden-Subgroup-Problem/tests.adb,162,Unreferenced,P,local,,,no
misc/Ada/Hindley-Milner-Type-Inference-Algorithm,misc/Ada/Hindley-Milner-Type-Inference-Algorithm/own_checks.adb,711,Unreferenced,Discard,local,,,no
misc/Ada/Hindley-Milner-Type-Inference-Algorithm,misc/Ada/Hindley-Milner-Type-Inference-Algorithm/own_checks.adb,781,Unreferenced,E,local,,,no
misc/Ada/Hindley-Milner-Type-Inference-Algorithm,misc/Ada/Hindley-Milner-Type-Inference-Algorithm/tests.adb,128,Unreferenced,S3,local,,,no
misc/Ada/Hindley-Milner-Type-Inference-Algorithm,misc/Ada/Hindley-Milner-Type-Inference-Algorithm/tests.adb,157,Unreferenced,S,local,,,no
misc/Ada/Hindley-Milner-Type-Inference-Algorithm,misc/Ada/Hindley-Milner-Type-Inference-Algorithm/tests.adb,168,Unreferenced,S,local,,,no
misc/Ada/Hindley-Milner-Type-Inference-Algorithm,misc/Ada/Hindley-Milner-Type-Inference-Algorithm/tests.adb,250,Unreferenced,T2,local,,,no
misc/Ada/Hindley-Milner-Type-Inference-Algorithm,misc/Ada/Hindley-Milner-Type-Inference-Algorithm/tests.adb,304,Unreferenced,T1,local,,-- Unifying it against its own argument triggers the Occurs Check: (t0 -> t0) vs ((t0 -> t0) -> t1).,yes
misc/Ada/Hindley-Milner-Type-System,misc/Ada/Hindley-Milner-Type-System/own_checks.adb,235,Unreferenced,S,local,,,no
misc/Ada/Hindley-Milner-Type-System,misc/Ada/Hindley-Milner-Type-System/own_checks.adb,319,Unreferenced,S,local,,,no
misc/Ada/Hindley-Milner-Type-System,misc/Ada/Hindley-Milner-Type-System/own_checks.adb,760,Unreferenced,Discard,local,,,no
misc/Ada/Hindley-Milner-Type-System,misc/Ada/Hindley-Milner-Type-System/tests.adb,98,Unreferenced,S,local,,,no
misc/Ada/Hindley-Milner-Type-System,misc/Ada/Hindley-Milner-Type-System/tests.adb,121,Unreferenced,S,local,,,no
misc/Ada/Hindley-Milner-Type-System,misc/Ada/Hindley-Milner-Type-System/tests.adb,229,Unreferenced,S,local,,,no
misc/Ada/Hirschbergs-Algorithm,misc/Ada/Hirschbergs-Algorithm/tests.adb,126,Unreferenced,S,local,,,no
misc/Ada/Hirschbergs-Algorithm,misc/Ada/Hirschbergs-Algorithm/tests.adb,137,Unreferenced,R,local,,,no
misc/Ada/Hopcroft-Karp-Algorithm,misc/Ada/Hopcroft-Karp-Algorithm/tests.adb,73,Unreferenced,A,local,,,no
misc/Ada/Hopcroft-Karp-Algorithm,misc/Ada/Hopcroft-Karp-Algorithm/tests.adb,73,Unreferenced,B,local,,,no
misc/Ada/ID3-Algorithm,misc/Ada/ID3-Algorithm/tests.adb,41,Unreferenced,E,unknown,,,no
misc/Ada/ID3-Algorithm,misc/Ada/ID3-Algorithm/tests.adb,48,Unreferenced,IG,unknown,,,no
misc/Ada/ID3-Algorithm,misc/Ada/ID3-Algorithm/tests.adb,55,Unreferenced,T,unknown,,,no
misc/Ada/ID3-Algorithm,misc/Ada/ID3-Algorithm/tests.adb,154,Unreferenced,IG,local,,,no
misc/Ada/ID3-Algorithm,misc/Ada/ID3-Algorithm/tests.adb,161,Unreferenced,GR,unknown,,,no
misc/Ada/ID3-Algorithm,misc/Ada/ID3-Algorithm/tests.adb,169,Unreferenced,T,local,,,no
misc/Ada/ID3-Algorithm,misc/Ada/ID3-Algorithm/tests.adb,275,Unreferenced,C,unknown,,,no
misc/Ada/ID3-Algorithm,misc/Ada/ID3-Algorithm/tests.adb,299,Unreferenced,C,local,,,no
misc/Ada/ITP-Method,misc/Ada/ITP-Method/itp_method.adb,352,Unreferenced,X,parameter,yes,,yes
misc/Ada/ITP-Method,misc/Ada/ITP-Method/itp_method.adb,358,Unreferenced,X,parameter,yes,,yes
misc/Ada/ITP-Method,misc/Ada/ITP-Method/itp_method.adb,369,Unreferenced,X,parameter,yes,,yes
misc/Ada/Index-Calculus,misc/Ada/Index-Calculus/index_calculus.adb,136,Unreferenced,Y,local,,,no
misc/Ada/Index-Calculus,misc/Ada/Index-Calculus/tests.adb,44,Unreferenced,Unused,local,,,no
misc/Ada/Index-Calculus,misc/Ada/Index-Calculus/tests.adb,61,Unreferenced,Unused,local,,,no
misc/Ada/Index-Calculus,misc/Ada/Index-Calculus/tests.adb,78,Unreferenced,Unused,local,,,no
misc/Ada/Index-Calculus,misc/Ada/Index-Calculus/tests.adb,96,Unreferenced,Unused,local,,,no
misc/Ada/Index-Calculus,misc/Ada/Index-Calculus/tests.adb,117,Unreferenced,Unused,local,,,no
misc/Ada/Inside-Out-Algorithm,misc/Ada/Inside-Out-Algorithm/tests.adb,214,Unreferenced,New_G,local,,,no
misc/Ada/Integer-Factorization,misc/Ada/Integer-Factorization/tests.adb,70,Unreferenced,Unused,local,,,no
misc/Ada/Integer-Factorization,misc/Ada/Integer-Factorization/tests.adb,87,Unreferenced,Unused,local,,,no
misc/Ada/Integer-Factorization,misc/Ada/Integer-Factorization/tests.adb,104,Unreferenced,Unused,local,,,no
misc/Ada/Integer-Factorization,misc/Ada/Integer-Factorization/tests.adb,121,Unreferenced,Unused,local,,,no
misc/Ada/Integer-Factorization,misc/Ada/Integer-Factorization/tests.adb,138,Unreferenced,Unused,local,,,no
misc/Ada/Integer-Factorization,misc/Ada/Integer-Factorization/tests.adb,155,Unreferenced,Unused,local,,,no
misc/Ada/Integer-Factorization,misc/Ada/Integer-Factorization/tests.adb,172,Unreferenced,Unused,local,,,no
misc/Ada/Integer-Linear-Programming,misc/Ada/Integer-Linear-Programming/integer_linear_programming.adb,632,Unreferenced,Tol,parameter,,,no
misc/Ada/Johnsons-Algorithm,misc/Ada/Johnsons-Algorithm/tests.adb,62,Unreferenced,St,local,,,no
misc/Ada/Johnsons-Algorithm,misc/Ada/Johnsons-Algorithm/tests.adb,78,Unreferenced,St,local,,,no
misc/Ada/Johnsons-Algorithm,misc/Ada/Johnsons-Algorithm/tests.adb,91,Unreferenced,D,local,,,no
misc/Ada/Johnsons-Algorithm,misc/Ada/Johnsons-Algorithm/tests.adb,102,Unreferenced,D,local,,,no
misc/Ada/Johnsons-Algorithm,misc/Ada/Johnsons-Algorithm/tests.adb,130,Unreferenced,Ok,local,,,no
misc/Ada/Johnsons-Algorithm,misc/Ada/Johnsons-Algorithm/tests.adb,130,Unreferenced,Length,local,,,no
misc/Ada/Johnsons-Algorithm,misc/Ada/Johnsons-Algorithm/tests.adb,143,Unreferenced,B,local,,,no
misc/Ada/Jump-And-Walk,misc/Ada/Jump-And-Walk/tests.adb,43,Unreferenced,L,local,,,no
misc/Ada/Jump-And-Walk,misc/Ada/Jump-And-Walk/tests.adb,56,Unreferenced,M,local,,,no
misc/Ada/K-Way-Merge,misc/Ada/K-Way-Merge/tests.adb,96,Unreferenced,R,local,,,no
misc/Ada/K-Way-Merge,misc/Ada/K-Way-Merge/tests.adb,109,Unreferenced,R,local,,,no
misc/Ada/Kadanes-Algorithm,misc/Ada/Kadanes-Algorithm/tests.adb,35,Unreferenced,Unused,local,,,no
misc/Ada/Kadanes-Algorithm,misc/Ada/Kadanes-Algorithm/tests.adb,48,Unreferenced,Unused,local,,,no
misc/Ada/Kadanes-Algorithm,misc/Ada/Kadanes-Algorithm/tests.adb,61,Unreferenced,Unused,local,,,no
misc/Ada/Kalman-Filter,misc/Ada/Kalman-Filter/tests.adb,107,Unreferenced,Unused,local,,,no
misc/Ada/Kalman-Filter,misc/Ada/Kalman-Filter/tests.adb,176,Unreferenced,Unused,local,,,no
misc/Ada/Kalman-Filter,misc/Ada/Kalman-Filter/tests.adb,557,Unreferenced,Unused,local,,,no
misc/Ada/Kargers-Algorithm,misc/Ada/Kargers-Algorithm/tests.adb,55,Unreferenced,C,local,,,no
misc/Ada/Kargers-Algorithm,misc/Ada/Kargers-Algorithm/tests.adb,68,Unreferenced,C,local,,,no
misc/Ada/Kargers-Algorithm,misc/Ada/Kargers-Algorithm/tests.adb,79,Unreferenced,C,local,,,no
misc/Ada/Karmarkars-Algorithm,misc/Ada/Karmarkars-Algorithm/tests.adb,228,Unreferenced,Junk,local,,,no
misc/Ada/Key-Exchange,misc/Ada/Key-Exchange/key_exchange.adb,117,Unreferenced,Password,parameter,yes,,yes
misc/Ada/Knuth-Bendix-Completion,misc/Ada/Knuth-Bendix-Completion/tests.adb,292,Unreferenced,W,local,,,no
misc/Ada/Knuth-Bendix-Completion,misc/Ada/Knuth-Bendix-Completion/tests.adb,309,Unreferenced,R,local,,,no
misc/Ada/Knuth-Bendix-Completion,misc/Ada/Knuth-Bendix-Completion/tests.adb,327,Unreferenced,Res,local,,,no
misc/Ada/Knuth-Bendix-Completion,misc/Ada/Knuth-Bendix-Completion/tests.adb,346,Unreferenced,Res,local,,,no
misc/Ada/Knuth-Bendix-Completion,misc/Ada/Knuth-Bendix-Completion/tests.adb,363,Unreferenced,R,local,,,no
misc/Ada/Lagged-Fibonacci-Generator,misc/Ada/Lagged-Fibonacci-Generator/tests.adb,43,Unreferenced,G,local,,,no
misc/Ada/Lagged-Fibonacci-Generator,misc/Ada/Lagged-Fibonacci-Generator/tests.adb,57,Unreferenced,G,local,,,no
misc/Ada/Lagged-Fibonacci-Generator,misc/Ada/Lagged-Fibonacci-Generator/tests.adb,90,Unreferenced,X,local,,,no
misc/Ada/Lagged-Fibonacci-Generator,misc/Ada/Lagged-Fibonacci-Generator/tests.adb,101,Unreferenced,F,local,,,no
misc/Ada/Lagged-Fibonacci-Generator,misc/Ada/Lagged-Fibonacci-Generator/tests.adb,114,Unreferenced,X,local,,,no
misc/Ada/Lagged-Fibonacci-Generator,misc/Ada/Lagged-Fibonacci-Generator/tests.adb,125,Unreferenced,Z,local,,,no
misc/Ada/Lagged-Fibonacci-Generator,misc/Ada/Lagged-Fibonacci-Generator/tests.adb,136,Unreferenced,Z,local,,,no
misc/Ada/Lagged-Fibonacci-Generator,misc/Ada/Lagged-Fibonacci-Generator/tests.adb,147,Unreferenced,Z,local,,,no
misc/Ada/Lagged-Fibonacci-Generator,misc/Ada/Lagged-Fibonacci-Generator/tests.adb,160,Unreferenced,Z,local,,,no
misc/Ada/Laplacian-Smoothing,misc/Ada/Laplacian-Smoothing/tests.adb,48,Unreferenced,Out_V,local,,,no
misc/Ada/Laplacian-Smoothing,misc/Ada/Laplacian-Smoothing/tests.adb,66,Unreferenced,Out_V,local,,,no
misc/Ada/Laplacian-Smoothing,misc/Ada/Laplacian-Smoothing/tests.adb,81,Unreferenced,A,local,,,no
misc/Ada/Laplacian-Smoothing,misc/Ada/Laplacian-Smoothing/tests.adb,96,Unreferenced,Q,local,,,no
misc/Ada/Laplacian-Smoothing,misc/Ada/Laplacian-Smoothing/tests.adb,111,Unreferenced,L,local,,,no
misc/Ada/Laplacian-Smoothing,misc/Ada/Laplacian-Smoothing/tests.adb,541,Unreferenced,Tmp,local,,,no
misc/Ada/Lax-Wendroff,misc/Ada/Lax-Wendroff/tests.adb,134,Unreferenced,S,local,,,no
misc/Ada/Lax-Wendroff,misc/Ada/Lax-Wendroff/tests.adb,147,Unreferenced,S,local,,,no
misc/Ada/Lax-Wendroff,misc/Ada/Lax-Wendroff/tests.adb,161,Unreferenced,S,local,,,no
misc/Ada/Lax-Wendroff,misc/Ada/Lax-Wendroff/tests.adb,175,Unreferenced,S,local,,,no
misc/Ada/Lax-Wendroff,misc/Ada/Lax-Wendroff/tests.adb,212,Unreferenced,Unused,local,,,no
misc/Ada/Lempel-Ziv-Storer-Szymanski,misc/Ada/Lempel-Ziv-Storer-Szymanski/tests.adb,111,Unreferenced,B_Dec,local,,,no
misc/Ada/Lempel-Ziv-Welch,misc/Ada/Lempel-Ziv-Welch/tests.adb,116,Unreferenced,Str,local,,,no
misc/Ada/Lempel-Ziv-Welch,misc/Ada/Lempel-Ziv-Welch/tests.adb,131,Unreferenced,Str,local,,-- Code 260 doesn't exist yet,yes
misc/Ada/Lempel-Ziv-Welch,misc/Ada/Lempel-Ziv-Welch/tests.adb,146,Unreferenced,Res,local,,,no
misc/Ada/Lenstra-Lenstra-Lovasz,misc/Ada/Lenstra-Lenstra-Lovasz/tests.adb,393,Unreferenced,Ignore,local,,,no
misc/Ada/Lenstra-Lenstra-Lovasz,misc/Ada/Lenstra-Lenstra-Lovasz/tests.adb,408,Unreferenced,Ignore,local,,,no
misc/Ada/Lenstra-Lenstra-Lovasz,misc/Ada/Lenstra-Lenstra-Lovasz/tests.adb,423,Unreferenced,Ignore,local,,,no
misc/Ada/Lenstra-Lenstra-Lovasz,misc/Ada/Lenstra-Lenstra-Lovasz/tests.adb,438,Unreferenced,Ignore,local,,,no
misc/Ada/Lenstra-Lenstra-Lovasz,misc/Ada/Lenstra-Lenstra-Lovasz/tests.adb,453,Unreferenced,Ignore,local,,,no
misc/Ada/Linde-Buzo-Gray-Algorithm,misc/Ada/Linde-Buzo-Gray-Algorithm/lbg_algorithm.adb,83,Unreferenced,Iter,unknown,,"-- Prevent ""unused loop variable"" warning",yes
misc/Ada/Linde-Buzo-Gray,misc/Ada/Linde-Buzo-Gray/tests.adb,402,Unreferenced,K,local,,,no
misc/Ada/Linde-Buzo-Gray,misc/Ada/Linde-Buzo-Gray/tests.adb,418,Unreferenced,R,local,,,no
misc/Ada/Linde-Buzo-Gray,misc/Ada/Linde-Buzo-Gray/tests.adb,433,Unreferenced,C,local,,,no
misc/Ada/Linear-Feedback-Shift-Register,misc/Ada/Linear-Feedback-Shift-Register/tests.adb,95,Unreferenced,Dummy,unknown,,,no
misc/Ada/Linear-Feedback-Shift-Register,misc/Ada/Linear-Feedback-Shift-Register/tests.adb,118,Unreferenced,Dummy,unknown,,,no
misc/Ada/Linear-Multistep-Methods,misc/Ada/Linear-Multistep-Methods/linear_multistep_methods.adb,703,Unreferenced,T,parameter,yes,-------------------------------------------------------------------------,yes
misc/Ada/Linear-Multistep-Methods,misc/Ada/Linear-Multistep-Methods/linear_multistep_methods.adb,709,Unreferenced,T,parameter,yes,,yes
misc/Ada/Linear-Multistep-Methods,misc/Ada/Linear-Multistep-Methods/linear_multistep_methods.adb,715,Unreferenced,T,parameter,yes,,yes
misc/Ada/Linear-Multistep-Methods,misc/Ada/Linear-Multistep-Methods/linear_multistep_methods.adb,721,Unreferenced,T,parameter,yes,,yes
misc/Ada/Linear-Multistep-Methods,misc/Ada/Linear-Multistep-Methods/linear_multistep_methods.adb,727,Unreferenced,T,parameter,yes,,yes
misc/Ada/Linear-Multistep-Methods,misc/Ada/Linear-Multistep-Methods/linear_multistep_methods.adb,733,Unreferenced,T,parameter,yes,,yes
misc/Ada/Linear-Multistep-Methods,misc/Ada/Linear-Multistep-Methods/linear_multistep_methods.adb,733,Unreferenced,Y,parameter,yes,,yes
misc/Ada/Linear-Multistep-Methods,misc/Ada/Linear-Multistep-Methods/linear_multistep_methods.adb,739,Unreferenced,T,parameter,yes,,yes
misc/Ada/Linear-Multistep-Methods,misc/Ada/Linear-Multistep-Methods/linear_multistep_methods.adb,739,Unreferenced,Y,parameter,yes,,yes
misc/Ada/Linear-Multistep-Methods,misc/Ada/Linear-Multistep-Methods/linear_multistep_methods.adb,745,Unreferenced,T,parameter,yes,,yes
misc/Ada/Linear-Multistep-Methods,misc/Ada/Linear-Multistep-Methods/linear_multistep_methods.adb,745,Unreferenced,Y,parameter,yes,,yes
misc/Ada/Linear-Multistep-Methods,misc/Ada/Linear-Multistep-Methods/linear_multistep_methods.adb,751,Unreferenced,T,parameter,yes,,yes
misc/Ada/Linear-Multistep-Methods,misc/Ada/Linear-Multistep-Methods/linear_multistep_methods.adb,751,Unreferenced,Y,parameter,yes,,yes
misc/Ada/Linear-Multistep-Methods,misc/Ada/Linear-Multistep-Methods/linear_multistep_methods.adb,757,Unreferenced,T,parameter,yes,,yes
misc/Ada/Linear-Multistep-Methods,misc/Ada/Linear-Multistep-Methods/tests.adb,406,Unreferenced,Dummy,local,,,no
misc/Ada/Linear-Multistep-Methods,misc/Ada/Linear-Multistep-Methods/tests.adb,421,Unreferenced,Dummy,local,,,no
misc/Ada/Linear-Multistep-Methods,misc/Ada/Linear-Multistep-Methods/tests.adb,437,Unreferenced,Dummy,local,,,no
misc/Ada/Linear-Multistep-Methods,misc/Ada/Linear-Multistep-Methods/tests.adb,453,Unreferenced,Dummy,local,,,no
misc/Ada/Linear-Multistep-Methods,misc/Ada/Linear-Multistep-Methods/tests.adb,467,Unreferenced,Dummy,local,,,no
misc/Ada/Linear-Multistep-Methods,misc/Ada/Linear-Multistep-Methods/tests.adb,481,Unreferenced,Dummy,local,,,no
misc/Ada/Linear-Multistep-Methods,misc/Ada/Linear-Multistep-Methods/tests.adb,496,Unreferenced,Dummy,local,,,no
misc/Ada/Linear-Multistep-Methods,misc/Ada/Linear-Multistep-Methods/tests.adb,511,Unreferenced,Dummy,local,,,no
misc/Ada/Long-Division,misc/Ada/Long-Division/tests.adb,352,Unreferenced,Unused,local,,,no
misc/Ada/Long-Division,misc/Ada/Long-Division/tests.adb,367,Unreferenced,Unused,local,,,no
misc/Ada/Long-Division,misc/Ada/Long-Division/tests.adb,381,Unreferenced,Unused,local,,,no
misc/Ada/Long-Division,misc/Ada/Long-Division/tests.adb,395,Unreferenced,Unused,local,,,no
misc/Ada/Long-Division,misc/Ada/Long-Division/tests.adb,409,Unreferenced,Unused,local,,,no
misc/Ada/Long-Division,misc/Ada/Long-Division/tests.adb,424,Unreferenced,Unused,local,,,no
misc/Ada/Long-Division,misc/Ada/Long-Division/tests.adb,439,Unreferenced,Unused,local,,,no
misc/Ada/Long-Division,misc/Ada/Long-Division/tests.adb,454,Unreferenced,Unused,local,,,no
misc/Ada/Longest-Increasing-Subsequence,misc/Ada/Longest-Increasing-Subsequence/tests.adb,91,Unreferenced,Unused,local,,,no
misc/Ada/Longest-Increasing-Subsequence,misc/Ada/Longest-Increasing-Subsequence/tests.adb,104,Unreferenced,Unused,local,,,no
misc/Ada/Longest-Increasing-Subsequence,misc/Ada/Longest-Increasing-Subsequence/tests.adb,117,Unreferenced,Unused,local,,,no
misc/Ada/Longest-Path-Problem,misc/Ada/Longest-Path-Problem/longest_path_problem.adb,497,Unreferenced,Found,local,,,no
misc/Ada/Longest-Path-Problem,misc/Ada/Longest-Path-Problem/longest_path_problem.adb,531,Unreferenced,Found,local,,,no
misc/Ada/Longest-Path-Problem,misc/Ada/Longest-Path-Problem/tests.adb,73,Unreferenced,Length,local,,,no
misc/Ada/Longest-Path-Problem,misc/Ada/Longest-Path-Problem/tests.adb,73,Unreferenced,Weight,local,,,no
misc/Ada/Longest-Path-Problem,misc/Ada/Longest-Path-Problem/tests.adb,73,Unreferenced,Status,local,,,no
misc/Ada/Longest-Path-Problem,misc/Ada/Longest-Path-Problem/tests.adb,86,Unreferenced,Length,local,,,no
misc/Ada/Longest-Path-Problem,misc/Ada/Longest-Path-Problem/tests.adb,86,Unreferenced,Weight,local,,,no
misc/Ada/Longest-Path-Problem,misc/Ada/Longest-Path-Problem/tests.adb,102,Unreferenced,Length,local,,,no
misc/Ada/Longest-Path-Problem,misc/Ada/Longest-Path-Problem/tests.adb,102,Unreferenced,Weight,local,,,no
misc/Ada/Longest-Path-Problem,misc/Ada/Longest-Path-Problem/tests.adb,102,Unreferenced,Found,local,,,no
misc/Ada/Longest-Path-Problem,misc/Ada/Longest-Path-Problem/tests.adb,113,Unreferenced,W,local,,,no
misc/Ada/Longest-Path-Problem,misc/Ada/Longest-Path-Problem/tests.adb,131,Unreferenced,Status,local,,,no
misc/Ada/Longest-Path-Problem,misc/Ada/Longest-Path-Problem/tests.adb,147,Unreferenced,Ok,local,,,no
misc/Ada/Longest-Path-Problem,misc/Ada/Longest-Path-Problem/tests.adb,147,Unreferenced,Length,local,,,no
misc/Ada/Marching-Squares,misc/Ada/Marching-Squares/tests.adb,360,Unreferenced,Dummy,local,,,no
misc/Ada/Marching-Squares,misc/Ada/Marching-Squares/tests.adb,375,Unreferenced,Dummy,local,,,no
misc/Ada/Marching-Tetrahedrons,misc/Ada/Marching-Tetrahedrons/tests.adb,396,Unreferenced,Dummy,local,,,no
misc/Ada/Marching-Tetrahedrons,misc/Ada/Marching-Tetrahedrons/tests.adb,410,Unreferenced,Dummy,local,,,no
misc/Ada/Marching-Triangles,misc/Ada/Marching-Triangles/tests.adb,43,Unreferenced,M,local,,,no
misc/Ada/Marching-Triangles,misc/Ada/Marching-Triangles/tests.adb,56,Unreferenced,T,local,,,no
misc/Ada/Match-Rating-Approach,misc/Ada/Match-Rating-Approach/tests.adb,50,Unreferenced,Unused,local,,,no
misc/Ada/Match-Rating-Approach,misc/Ada/Match-Rating-Approach/tests.adb,64,Unreferenced,Unused,local,,,no
misc/Ada/Match-Rating-Approach,misc/Ada/Match-Rating-Approach/tests.adb,78,Unreferenced,Unused,local,,,no
misc/Ada/Maximum-Parsimony,misc/Ada/Maximum-Parsimony/maximum_parsimony.adb,300,Unreferenced,Unused,local,,,no
misc/Ada/Maximum-Parsimony,misc/Ada/Maximum-Parsimony/tests.adb,61,Unreferenced,Unused,local,,,no
misc/Ada/Maximum-Parsimony,misc/Ada/Maximum-Parsimony/tests.adb,400,Unreferenced,Unused,local,,,no
misc/Ada/Maximum-Parsimony,misc/Ada/Maximum-Parsimony/tests.adb,414,Unreferenced,Unused,local,,,no
misc/Ada/Maximum-Parsimony,misc/Ada/Maximum-Parsimony/tests.adb,427,Unreferenced,Unused,local,,,no
misc/Ada/Memetic-Algorithm,misc/Ada/Memetic-Algorithm/memetic_algorithm.adb,175,Unreferenced,T,unknown,,,no
misc/Ada/Memetic-Algorithm,misc/Ada/Memetic-Algorithm/memetic_algorithm.adb,267,Unreferenced,Step_I,unknown,,,no
misc/Ada/Memetic-Algorithm,misc/Ada/Memetic-Algorithm/memetic_algorithm.adb,565,Unreferenced,Step_I,unknown,,,no
misc/Ada/Memetic-Algorithm,misc/Ada/Memetic-Algorithm/tests.adb,137,Unreferenced,I,unknown,,,no
misc/Ada/Memetic-Algorithm,misc/Ada/Memetic-Algorithm/tests.adb,512,Unreferenced,U,local,,--  Pre may raise; body also checks.,yes
misc/Ada/Memetic-Algorithm,misc/Ada/Memetic-Algorithm/tests.adb,529,Unreferenced,U,local,,,no
misc/Ada/Memetic-Algorithm,misc/Ada/Memetic-Algorithm/tests.adb,548,Unreferenced,C,local,,,no
misc/Ada/Memetic-Algorithm,misc/Ada/Memetic-Algorithm/tests.adb,559,Unreferenced,Unused_B,local,,--  Suppress unused warnings for placeholders,yes
misc/Ada/Memetic-Algorithm,misc/Ada/Memetic-Algorithm/tests.adb,559,Unreferenced,Unused_T,local,,--  Suppress unused warnings for placeholders,yes
misc/Ada/Memetic-Algorithm,misc/Ada/Memetic-Algorithm/tests.adb,559,Unreferenced,Imp,local,,--  Suppress unused warnings for placeholders,yes
misc/Ada/Message-Authentication-Codes,misc/Ada/Message-Authentication-Codes/tests.adb,176,Unreferenced,Dummy,local,,,no
misc/Ada/Message-Authentication-Codes,misc/Ada/Message-Authentication-Codes/tests.adb,188,Unreferenced,Dummy,local,,,no
misc/Ada/Message-Authentication-Codes,misc/Ada/Message-Authentication-Codes/tests.adb,200,Unreferenced,Dummy,local,,,no
misc/Ada/Message-Authentication-Codes,misc/Ada/Message-Authentication-Codes/tests.adb,224,Unreferenced,Dummy,local,,,no
misc/Ada/Message-Authentication-Codes,misc/Ada/Message-Authentication-Codes/tests.adb,236,Unreferenced,Dummy,local,,,no
misc/Ada/Message-Authentication-Codes,misc/Ada/Message-Authentication-Codes/tests.adb,248,Unreferenced,Dummy,local,,,no
misc/Ada/Midpoint-Circle-Algorithm,misc/Ada/Midpoint-Circle-Algorithm/tests.adb,24,Unreferenced,X,parameter,yes,,yes
misc/Ada/Midpoint-Circle-Algorithm,misc/Ada/Midpoint-Circle-Algorithm/tests.adb,24,Unreferenced,Y,parameter,yes,,yes
misc/Ada/Minimum-Bounding-Box,misc/Ada/Minimum-Bounding-Box/tests.adb,46,Unreferenced,B,local,,,no
misc/Ada/Minimum-Bounding-Box,misc/Ada/Minimum-Bounding-Box/tests.adb,59,Unreferenced,B,local,,,no
misc/Ada/Minimum-Bounding-Box,misc/Ada/Minimum-Bounding-Box/tests.adb,73,Unreferenced,H,local,,,no
misc/Ada/Minimum-Bounding-Box,misc/Ada/Minimum-Bounding-Box/tests.adb,179,Unreferenced,H1,local,,,no
misc/Ada/Minimum-Bounding-Box,misc/Ada/Minimum-Bounding-Box/tests.adb,179,Unreferenced,H2,local,,,no
misc/Ada/Minimum-Bounding-Box,misc/Ada/Minimum-Bounding-Box/tests.adb,403,Unreferenced,C1,local,,,no
misc/Ada/Minimum-Bounding-Box,misc/Ada/Minimum-Bounding-Box/tests.adb,403,Unreferenced,C2,local,,,no
misc/Ada/Minimum-Bounding-Box,misc/Ada/Minimum-Bounding-Box/tests.adb,403,Unreferenced,C3,local,,,no
misc/Ada/Minimum-Bounding-Box,misc/Ada/Minimum-Bounding-Box/tests.adb,403,Unreferenced,C4,local,,,no
misc/Ada/Mirror-Descent,misc/Ada/Mirror-Descent/tests.adb,43,Unreferenced,S,local,,,no
misc/Ada/Mirror-Descent,misc/Ada/Mirror-Descent/tests.adb,58,Unreferenced,S,local,,,no
misc/Ada/Mirror-Descent,misc/Ada/Mirror-Descent/tests.adb,82,Unreferenced,X,local,,,no
misc/Ada/Mirror-Descent,misc/Ada/Mirror-Descent/tests.adb,93,Unreferenced,Y,local,,,no
misc/Ada/Mirror-Descent,misc/Ada/Mirror-Descent/tests.adb,104,Unreferenced,Y,local,,,no
misc/Ada/Mirror-Descent,misc/Ada/Mirror-Descent/tests.adb,115,Unreferenced,X,local,,,no
misc/Ada/Mirror-Descent,misc/Ada/Mirror-Descent/tests.adb,126,Unreferenced,X,local,,,no
misc/Ada/Modular-Square-Root,misc/Ada/Modular-Square-Root/tests.adb,47,Unreferenced,Unused,local,,,no
misc/Ada/Modular-Square-Root,misc/Ada/Modular-Square-Root/tests.adb,64,Unreferenced,Unused,local,,,no
misc/Ada/Modular-Square-Root,misc/Ada/Modular-Square-Root/tests.adb,95,Unreferenced,Unused,local,,,no
misc/Ada/Modular-Square-Root,misc/Ada/Modular-Square-Root/tests.adb,112,Unreferenced,Unused,local,,,no
misc/Ada/Modular-Square-Root,misc/Ada/Modular-Square-Root/tests.adb,441,Unreferenced,Unused,local,,,no
misc/Ada/Montgomery-Reduction,misc/Ada/Montgomery-Reduction/tests.adb,87,Unreferenced,X,local,,,no
misc/Ada/Montgomery-Reduction,misc/Ada/Montgomery-Reduction/tests.adb,93,Unreferenced,X,local,,,no
misc/Ada/Montgomery-Reduction,misc/Ada/Montgomery-Reduction/tests.adb,138,Unreferenced,C,local,,,no
misc/Ada/Montgomery-Reduction,misc/Ada/Montgomery-Reduction/tests.adb,144,Unreferenced,C,local,,,no
misc/Ada/Montgomery-Reduction,misc/Ada/Montgomery-Reduction/tests.adb,150,Unreferenced,C,local,,,no
misc/Ada/Montgomery-Reduction,misc/Ada/Montgomery-Reduction/tests.adb,156,Unreferenced,C,local,,,no
misc/Ada/Montgomery-Reduction,misc/Ada/Montgomery-Reduction/tests.adb,162,Unreferenced,C,local,,,no
misc/Ada/Montgomery-Reduction,misc/Ada/Montgomery-Reduction/tests.adb,168,Unreferenced,C,local,,,no
misc/Ada/Montgomery-Reduction,misc/Ada/Montgomery-Reduction/tests.adb,256,Unreferenced,X,local,,,no
misc/Ada/Montgomery-Reduction,misc/Ada/Montgomery-Reduction/tests.adb,342,Unreferenced,X,local,,,no
misc/Ada/Moores-Algorithm,misc/Ada/Moores-Algorithm/tests.adb,199,Unreferenced,Res,local,,,no
misc/Ada/Mullers-Method,misc/Ada/Mullers-Method/mullers_method.adb,310,Unreferenced,X,parameter,yes,,yes
misc/Ada/Mullers-Method,misc/Ada/Mullers-Method/mullers_method.adb,316,Unreferenced,X,parameter,yes,,yes
misc/Ada/Mullers-Method,misc/Ada/Mullers-Method/tests.adb,122,Unreferenced,Unused,local,,,no
misc/Ada/Multigrid-Methods,misc/Ada/Multigrid-Methods/tests.adb,448,Unreferenced,Discard,local,,,no
misc/Ada/Multigrid-Methods,misc/Ada/Multigrid-Methods/tests.adb,462,Unreferenced,Discard,local,,,no
misc/Ada/Multigrid-Methods,misc/Ada/Multigrid-Methods/tests.adb,476,Unreferenced,Discard,local,,,no
misc/Ada/Multigrid-Methods,misc/Ada/Multigrid-Methods/tests.adb,489,Unreferenced,Discard,local,,,no
misc/Ada/Multigrid-Methods,misc/Ada/Multigrid-Methods/tests.adb,502,Unreferenced,Discard,local,,,no
misc/Ada/Multigrid-Methods,misc/Ada/Multigrid-Methods/tests.adb,516,Unreferenced,Discard,local,,,no
misc/Ada/Multigrid-Methods,misc/Ada/Multigrid-Methods/tests.adb,530,Unreferenced,Discard,local,,,no
misc/Ada/Multigrid-Methods,misc/Ada/Multigrid-Methods/tests.adb,572,Unreferenced,Discard,local,,,no
misc/Ada/Multigrid-Methods,misc/Ada/Multigrid-Methods/tests.adb,632,Unreferenced,Discard,local,,,no
misc/Ada/Multigrid-Methods,misc/Ada/Multigrid-Methods/tests.adb,647,Unreferenced,Discard,local,,,no
misc/Ada/Multiplicative-Inverse-Algorithms,misc/Ada/Multiplicative-Inverse-Algorithms/tests.adb,174,Unreferenced,Unused,local,,,no
misc/Ada/Multiplicative-Inverse-Algorithms,misc/Ada/Multiplicative-Inverse-Algorithms/tests.adb,291,Unreferenced,Unused,local,,,no
misc/Ada/Multiplicative-Inverse-Algorithms,misc/Ada/Multiplicative-Inverse-Algorithms/tests.adb,342,Unreferenced,Unused,local,,,no
misc/Ada/Multiplicative-Weight-Update-Method,misc/Ada/Multiplicative-Weight-Update-Method/tests.adb,43,Unreferenced,L,local,,,no
misc/Ada/Multiplicative-Weight-Update-Method,misc/Ada/Multiplicative-Weight-Update-Method/tests.adb,69,Unreferenced,X,local,,,no
misc/Ada/Multiplicative-Weight-Update-Method,misc/Ada/Multiplicative-Weight-Update-Method/tests.adb,82,Unreferenced,X,local,,,no
misc/Ada/Multivariate-Division-Algorithm,misc/Ada/Multivariate-Division-Algorithm/tests.adb,520,Unreferenced,Unused,local,,,no
misc/Ada/Multivariate-Division-Algorithm,misc/Ada/Multivariate-Division-Algorithm/tests.adb,534,Unreferenced,Unused,local,,,no
misc/Ada/Multivariate-Division-Algorithm,misc/Ada/Multivariate-Division-Algorithm/tests.adb,548,Unreferenced,Unused,local,,,no
misc/Ada/Multivariate-Division-Algorithm,misc/Ada/Multivariate-Division-Algorithm/tests.adb,562,Unreferenced,Unused,local,,,no
misc/Ada/N-Body-Problems,misc/Ada/N-Body-Problems/tests.adb,561,Unreferenced,Unused,local,,,no
misc/Ada/Nearest-Neighbor-Algorithm,misc/Ada/Nearest-Neighbor-Algorithm/nearest_neighbor_algorithm.adb,84,Unreferenced,N,local,,,no
misc/Ada/Nested-Sampling,misc/Ada/Nested-Sampling/nested_sampling.adb,135,Unreferenced,Model,local,,,no
misc/Ada/Nested-Sampling,misc/Ada/Nested-Sampling/tests.adb,502,Unreferenced,R,local,,,no
misc/Ada/Nested-Sampling,misc/Ada/Nested-Sampling/tests.adb,518,Unreferenced,R,local,,,no
misc/Ada/Nested-Sampling,misc/Ada/Nested-Sampling/tests.adb,533,Unreferenced,R,local,,,no
misc/Ada/Nested-Sampling,misc/Ada/Nested-Sampling/tests.adb,548,Unreferenced,R,local,,,no
misc/Ada/Nesting-Algorithm,misc/Ada/Nesting-Algorithm/tests.adb,52,Unreferenced,Res,local,,,no
misc/Ada/Nesting-Algorithm,misc/Ada/Nesting-Algorithm/tests.adb,67,Unreferenced,Res,local,,,no
misc/Ada/Newton-Multiplicative-Inverse,misc/Ada/Newton-Multiplicative-Inverse/tests.adb,83,Unreferenced,Unused,local,,,no
misc/Ada/Newton-Multiplicative-Inverse,misc/Ada/Newton-Multiplicative-Inverse/tests.adb,186,Unreferenced,Unused,local,,,no
misc/Ada/Newton-Multiplicative-Inverse,misc/Ada/Newton-Multiplicative-Inverse/tests.adb,203,Unreferenced,Unused,local,,,no
misc/Ada/Newtons-Method,misc/Ada/Newtons-Method/newtons_method.adb,179,Unreferenced,X,parameter,yes,,yes
misc/Ada/Newtons-Method,misc/Ada/Newtons-Method/newtons_method.adb,310,Unreferenced,X,parameter,yes,,yes
misc/Ada/Newtons-Method,misc/Ada/Newtons-Method/newtons_method.adb,316,Unreferenced,X,parameter,yes,,yes
misc/Ada/Newtons-Method,misc/Ada/Newtons-Method/tests.adb,108,Unreferenced,Unused,local,,,no
misc/Ada/Nicholl-Lee-Nicholl,misc/Ada/Nicholl-Lee-Nicholl/nicholl_lee_nicholl.adb,538,Unreferenced,TR,local,,,no
misc/Ada/Nicholl-Lee-Nicholl,misc/Ada/Nicholl-Lee-Nicholl/nicholl_lee_nicholl.adb,538,Unreferenced,BR,local,,,no
misc/Ada/Nicholl-Lee-Nicholl,misc/Ada/Nicholl-Lee-Nicholl/nicholl_lee_nicholl.adb,538,Unreferenced,BL,local,,,no
misc/Ada/Nicholl-Lee-Nicholl,misc/Ada/Nicholl-Lee-Nicholl/nicholl_lee_nicholl.adb,562,Unreferenced,Closer_Left,local,,--  Closer-left vs closer-top selects the textbook (a)/(b) region set; --  intersection work is still the unique 1–2 window edges NLN targets.,yes
misc/Ada/Nicholl-Lee-Nicholl,misc/Ada/Nicholl-Lee-Nicholl/nicholl_lee_nicholl.adb,610,Unreferenced,Family,local,,,no
misc/Ada/Nicholl-Lee-Nicholl,misc/Ada/Nicholl-Lee-Nicholl/tests.adb,154,Unreferenced,Dummy,local,,,no
misc/Ada/Nicholl-Lee-Nicholl,misc/Ada/Nicholl-Lee-Nicholl/tests.adb,427,Unreferenced,Dummy,local,,,no
misc/Ada/Nicholl-Lee-Nicholl,misc/Ada/Nicholl-Lee-Nicholl/tests.adb,441,Unreferenced,Dummy,local,,,no
misc/Ada/Non-Local-Quantum-Computation,misc/Ada/Non-Local-Quantum-Computation/tests.adb,84,Unreferenced,Dummy,local,,,no
misc/Ada/Non-Local-Quantum-Computation,misc/Ada/Non-Local-Quantum-Computation/tests.adb,101,Unreferenced,Dummy,local,,,no
misc/Ada/Non-Local-Quantum-Computation,misc/Ada/Non-Local-Quantum-Computation/tests.adb,122,Unreferenced,Dummy,local,,,no
misc/Ada/Non-Local-Quantum-Computation,misc/Ada/Non-Local-Quantum-Computation/tests.adb,139,Unreferenced,Dummy,local,,,no
misc/Ada/Non-Restoring-Division,misc/Ada/Non-Restoring-Division/tests.adb,179,Unreferenced,R,local,,,no
misc/Ada/Non-Restoring-Division,misc/Ada/Non-Restoring-Division/tests.adb,193,Unreferenced,R,local,,,no
misc/Ada/Non-Restoring-Division,misc/Ada/Non-Restoring-Division/tests.adb,206,Unreferenced,R,local,,,no
misc/Ada/Non-Restoring-Division,misc/Ada/Non-Restoring-Division/tests.adb,220,Unreferenced,R,local,,,no
misc/Ada/Nonblocking-Minimal-Spanning-Switch,misc/Ada/Nonblocking-Minimal-Spanning-Switch/nonblocking_minimal_spanning_switch.adb,404,Unreferenced,Restored,local,,,no
misc/Ada/Nonblocking-Minimal-Spanning-Switch,misc/Ada/Nonblocking-Minimal-Spanning-Switch/tests.adb,81,Unreferenced,B,local,,,no
misc/Ada/Nonblocking-Minimal-Spanning-Switch,misc/Ada/Nonblocking-Minimal-Spanning-Switch/tests.adb,92,Unreferenced,B,local,,,no
misc/Ada/Nth-Root,misc/Ada/Nth-Root/tests.adb,246,Unreferenced,Unused,local,,,no
misc/Ada/Nth-Root,misc/Ada/Nth-Root/tests.adb,259,Unreferenced,Unused,local,,,no
misc/Ada/Nth-Root,misc/Ada/Nth-Root/tests.adb,272,Unreferenced,Unused,local,,,no
misc/Ada/Nucleolus,misc/Ada/Nucleolus/tests.adb,71,Unreferenced,X,local,,,no
misc/Ada/Nucleolus,misc/Ada/Nucleolus/tests.adb,119,Unreferenced,V,local,,,no
misc/Ada/Nucleolus,misc/Ada/Nucleolus/tests.adb,134,Unreferenced,V,local,,,no
misc/Ada/Nucleolus,misc/Ada/Nucleolus/tests.adb,147,Unreferenced,V,local,,,no
misc/Ada/Nucleolus,misc/Ada/Nucleolus/tests.adb,269,Unreferenced,A,local,,,no
misc/Ada/Nucleolus,misc/Ada/Nucleolus/tests.adb,269,Unreferenced,B,local,,,no
misc/Ada/Nucleolus,misc/Ada/Nucleolus/tests.adb,269,Unreferenced,C,local,,,no
misc/Ada/Nucleolus,misc/Ada/Nucleolus/tests.adb,785,Unreferenced,Unused,local,,,no
misc/Ada/Odds-Algorithm,misc/Ada/Odds-Algorithm/tests.adb,73,Unreferenced,Unused,local,,,no
misc/Ada/Odds-Algorithm,misc/Ada/Odds-Algorithm/tests.adb,90,Unreferenced,Unused,local,,,no
misc/Ada/Odds-Algorithm,misc/Ada/Odds-Algorithm/tests.adb,107,Unreferenced,Unused,local,,,no
misc/Ada/Odds-Algorithm,misc/Ada/Odds-Algorithm/tests.adb,256,Unreferenced,Unused,local,,,no
misc/Ada/Odds-Algorithm,misc/Ada/Odds-Algorithm/tests.adb,275,Unreferenced,Unused,local,,,no
misc/Ada/Odds-Algorithm,misc/Ada/Odds-Algorithm/tests.adb,292,Unreferenced,Unused,local,,,no
misc/Ada/Odds-Algorithm,misc/Ada/Odds-Algorithm/tests.adb,307,Unreferenced,Unused,local,,,no
misc/Ada/Odlyzko-Schonhage,misc/Ada/Odlyzko-Schonhage/tests.adb,36,Unreferenced,Unused_R,local,,,no
misc/Ada/Orbital-Mechanics,misc/Ada/Orbital-Mechanics/tests.adb,278,Unreferenced,Dummy,local,,,no
misc/Ada/Ordered-Subset-EM,misc/Ada/Ordered-Subset-EM/tests.adb,78,Unreferenced,Unused,local,,,no
misc/Ada/Ordered-Subset-EM,misc/Ada/Ordered-Subset-EM/tests.adb,169,Unreferenced,Bad,local,,,no
misc/Ada/Ordered-Subset-EM,misc/Ada/Ordered-Subset-EM/tests.adb,358,Unreferenced,Unused,local,,,no
misc/Ada/Ordered-Subset-EM,misc/Ada/Ordered-Subset-EM/tests.adb,376,Unreferenced,Unused,local,,--  J=256 > Max_Pixels=64,yes
misc/Ada/Ordered-Subset-EM,misc/Ada/Ordered-Subset-EM/tests.adb,548,Unreferenced,Unused,local,,,no
misc/Ada/PBKDF2,misc/Ada/PBKDF2/tests.adb,175,Unreferenced,Discard,local,,,no
misc/Ada/PBKDF2,misc/Ada/PBKDF2/tests.adb,186,Unreferenced,Discard,local,,,no
misc/Ada/PBKDF2,misc/Ada/PBKDF2/tests.adb,197,Unreferenced,Discard,local,,,no
misc/Ada/Partial-Differential-Equation,misc/Ada/Partial-Differential-Equation/tests.adb,152,Unreferenced,Dummy,local,,,no
misc/Ada/Partial-Differential-Equation,misc/Ada/Partial-Differential-Equation/tests.adb,211,Unreferenced,U,local,,,no
misc/Ada/Partial-Differential-Equation,misc/Ada/Partial-Differential-Equation/tests.adb,227,Unreferenced,U,local,,,no
misc/Ada/Partial-Differential-Equation,misc/Ada/Partial-Differential-Equation/tests.adb,293,Unreferenced,V,local,,--  r = α Dt / H² = 1.0 / 0.01 = 100 >> 0.5,yes
misc/Ada/Partial-Differential-Equation,misc/Ada/Partial-Differential-Equation/tests.adb,308,Unreferenced,V,local,,,no
misc/Ada/Partial-Differential-Equation,misc/Ada/Partial-Differential-Equation/tests.adb,323,Unreferenced,V,local,,,no
misc/Ada/Partial-Differential-Equation,misc/Ada/Partial-Differential-Equation/tests.adb,343,Unreferenced,Dummy,local,,,no
misc/Ada/Partial-Differential-Equation,misc/Ada/Partial-Differential-Equation/tests.adb,355,Unreferenced,Dummy,local,,,no
misc/Ada/Partial-Differential-Equation,misc/Ada/Partial-Differential-Equation/tests.adb,418,Unreferenced,V,local,,,no
misc/Ada/Partial-Differential-Equation,misc/Ada/Partial-Differential-Equation/tests.adb,433,Unreferenced,V,local,,--  ν = 2 > 1,yes
misc/Ada/Partial-Differential-Equation,misc/Ada/Partial-Differential-Equation/tests.adb,447,Unreferenced,V,local,,,no
misc/Ada/Partial-Differential-Equation,misc/Ada/Partial-Differential-Equation/tests.adb,520,Unreferenced,V,local,,,no
misc/Ada/Partial-Differential-Equation,misc/Ada/Partial-Differential-Equation/tests.adb,535,Unreferenced,V,local,,,no
misc/Ada/Partial-Differential-Equation,misc/Ada/Partial-Differential-Equation/tests.adb,551,Unreferenced,V,local,,,no
misc/Ada/Particle-Swarm,misc/Ada/Particle-Swarm/tests.adb,450,Unreferenced,Unused,local,,,no
misc/Ada/Particle-Swarm,misc/Ada/Particle-Swarm/tests.adb,464,Unreferenced,Unused,local,,,no
misc/Ada/Path-Based-Strong-Component,misc/Ada/Path-Based-Strong-Component/tests.adb,61,Unreferenced,Count,local,,,no
misc/Ada/Path-Based-Strong-Component,misc/Ada/Path-Based-Strong-Component/tests.adb,74,Unreferenced,Unused,local,,,no
misc/Ada/Path-Based-Strong-Component,misc/Ada/Path-Based-Strong-Component/tests.adb,519,Unreferenced,Count,local,,,no
misc/Ada/Path-Tracing,misc/Ada/Path-Tracing/tests.adb,75,Unreferenced,Unused_V,local,,,no
misc/Ada/Path-Tracing,misc/Ada/Path-Tracing/tests.adb,87,Unreferenced,Unused_V,local,,,no
misc/Ada/Petricks-Method,misc/Ada/Petricks-Method/tests.adb,52,Unreferenced,Sols,local,,,no
misc/Ada/Petricks-Method,misc/Ada/Petricks-Method/tests.adb,71,Unreferenced,Sols,local,,,no
misc/Ada/Petricks-Method,misc/Ada/Petricks-Method/tests.adb,232,Unreferenced,R,local,,,no
misc/Ada/Phonetic-Algorithms,misc/Ada/Phonetic-Algorithms/tests.adb,55,Unreferenced,Unused,local,,,no
misc/Ada/Phonetic-Algorithms,misc/Ada/Phonetic-Algorithms/tests.adb,66,Unreferenced,Unused,local,,,no
misc/Ada/Phonetic-Algorithms,misc/Ada/Phonetic-Algorithms/tests.adb,79,Unreferenced,Unused,local,,,no
misc/Ada/Phonetic-Algorithms,misc/Ada/Phonetic-Algorithms/tests.adb,92,Unreferenced,Unused,local,,,no
misc/Ada/Phonetic-Algorithms,misc/Ada/Phonetic-Algorithms/tests.adb,105,Unreferenced,Unused,local,,,no
misc/Ada/Pohlig-Hellman,misc/Ada/Pohlig-Hellman/pohlig_hellman.adb,134,Unreferenced,Y,local,,,no
misc/Ada/Pohlig-Hellman,misc/Ada/Pohlig-Hellman/pohlig_hellman.adb,389,Unreferenced,Red,unknown,,,no
misc/Ada/Pohlig-Hellman,misc/Ada/Pohlig-Hellman/tests.adb,43,Unreferenced,Unused,local,,,no
misc/Ada/Pohlig-Hellman,misc/Ada/Pohlig-Hellman/tests.adb,60,Unreferenced,Unused,local,,,no
misc/Ada/Pohlig-Hellman,misc/Ada/Pohlig-Hellman/tests.adb,77,Unreferenced,Unused,local,,,no
misc/Ada/Pohlig-Hellman,misc/Ada/Pohlig-Hellman/tests.adb,94,Unreferenced,Unused,local,,,no
misc/Ada/Pohlig-Hellman,misc/Ada/Pohlig-Hellman/tests.adb,114,Unreferenced,Unused,local,,,no
misc/Ada/Pohlig-Hellman,misc/Ada/Pohlig-Hellman/tests.adb,137,Unreferenced,Unused,local,,,no
misc/Ada/Point-Set-Registration,misc/Ada/Point-Set-Registration/tests.adb,49,Unreferenced,C,local,,,no
misc/Ada/Point-Set-Registration,misc/Ada/Point-Set-Registration/tests.adb,64,Unreferenced,E,local,,,no
misc/Ada/Point-Set-Registration,misc/Ada/Point-Set-Registration/tests.adb,79,Unreferenced,Res,local,,,no
misc/Ada/Point-Set-Registration,misc/Ada/Point-Set-Registration/tests.adb,94,Unreferenced,Res,local,,,no
misc/Ada/Point-Set-Registration,misc/Ada/Point-Set-Registration/tests.adb,107,Unreferenced,I,local,,,no
misc/Ada/Point-Set-Registration,misc/Ada/Point-Set-Registration/tests.adb,121,Unreferenced,Out_C,local,,,no
misc/Ada/Polynomial-Long-Division,misc/Ada/Polynomial-Long-Division/tests.adb,152,Unreferenced,Unused,local,,,no
misc/Ada/Polynomial-Long-Division,misc/Ada/Polynomial-Long-Division/tests.adb,169,Unreferenced,Unused,local,,,no
misc/Ada/Polynomial-Long-Division,misc/Ada/Polynomial-Long-Division/tests.adb,359,Unreferenced,Unused,local,,,no
misc/Ada/Powerset-Construction,misc/Ada/Powerset-Construction/tests.adb,108,Unreferenced,DFA,local,,,no
misc/Ada/Powerset-Construction,misc/Ada/Powerset-Construction/tests.adb,170,Unreferenced,DFA,local,,,no
misc/Ada/Prufer-Coding,misc/Ada/Prufer-Coding/tests.adb,110,Unreferenced,Len,local,,,no
misc/Ada/Prufer-Coding,misc/Ada/Prufer-Coding/tests.adb,132,Unreferenced,EC,local,,,no
misc/Ada/Prufer-Coding,misc/Ada/Prufer-Coding/tests.adb,132,Unreferenced,N,local,,,no
misc/Ada/Prufer-Coding,misc/Ada/Prufer-Coding/tests.adb,143,Unreferenced,C,local,,,no
misc/Ada/Prufer-Coding,misc/Ada/Prufer-Coding/tests.adb,155,Unreferenced,EC,local,,,no
misc/Ada/QR-Algorithm,misc/Ada/QR-Algorithm/qr_algorithm.adb,636,Unreferenced,Sketch_Sigma,local,,,no
misc/Ada/Quantum-Artificial-Life,misc/Ada/Quantum-Artificial-Life/quantum_artificial_life.adb,175,Unreferenced,Grid,parameter,,-- Validate_Environment Implementation                                    -- ----------------------------------------------------------------------------,yes
misc/Ada/Quantum-Optimization-Algorithms,misc/Ada/Quantum-Optimization-Algorithms/tests.adb,47,Unused,Res,local,,,no
misc/Ada/Quantum-Optimization-Algorithms,misc/Ada/Quantum-Optimization-Algorithms/tests.adb,81,Unused,Res,local,,,no
misc/Ada/Quantum-Optimization-Algorithms,misc/Ada/Quantum-Optimization-Algorithms/tests.adb,117,Unused,Res,local,,,no
misc/Ada/Quantum-Optimization-Algorithms,misc/Ada/Quantum-Optimization-Algorithms/tests.adb,149,Unused,Res,local,,,no
misc/Ada/Quantum-Optimization-Algorithms,misc/Ada/Quantum-Optimization-Algorithms/tests.adb,183,Unused,Res,local,,,no
misc/Ada/Quantum-Phase-Estimation-Algorithm,misc/Ada/Quantum-Phase-Estimation-Algorithm/quantum_phase_estimation.adb,11,Unreferenced,I,unknown,,,no
misc/Ada/Quantum-Phase-Estimation-Algorithm,misc/Ada/Quantum-Phase-Estimation-Algorithm/quantum_phase_estimation.adb,22,Unreferenced,I,unknown,,,no
misc/Ada/Queuing-Theory,misc/Ada/Queuing-Theory/tests.adb,76,Unreferenced,Ign,local,,,no
misc/Ada/Queuing-Theory,misc/Ada/Queuing-Theory/tests.adb,87,Unreferenced,Ign,local,,,no
misc/Ada/Queuing-Theory,misc/Ada/Queuing-Theory/tests.adb,98,Unreferenced,Ign,local,,,no
misc/Ada/Queuing-Theory,misc/Ada/Queuing-Theory/tests.adb,130,Unreferenced,Ign,local,,,no
misc/Ada/Queuing-Theory,misc/Ada/Queuing-Theory/tests.adb,156,Unreferenced,Ign,local,,,no
misc/Ada/Queuing-Theory,misc/Ada/Queuing-Theory/tests.adb,220,Unreferenced,Ign,local,,,no
misc/Ada/Queuing-Theory,misc/Ada/Queuing-Theory/tests.adb,231,Unreferenced,Ign,local,,,no
misc/Ada/Queuing-Theory,misc/Ada/Queuing-Theory/tests.adb,242,Unreferenced,Ign,local,,,no
misc/Ada/Queuing-Theory,misc/Ada/Queuing-Theory/tests.adb,253,Unreferenced,Ign,local,,,no
misc/Ada/Queuing-Theory,misc/Ada/Queuing-Theory/tests.adb,334,Unreferenced,Ign,local,,,no
misc/Ada/Queuing-Theory,misc/Ada/Queuing-Theory/tests.adb,345,Unreferenced,Ign,local,,,no
misc/Ada/Queuing-Theory,misc/Ada/Queuing-Theory/tests.adb,414,Unreferenced,Ign,local,,,no
misc/Ada/RANSAC,misc/Ada/RANSAC/tests.adb,115,Unreferenced,Unused,local,,,no
misc/Ada/RANSAC,misc/Ada/RANSAC/tests.adb,146,Unreferenced,Bad,local,,,no
misc/Ada/RANSAC,misc/Ada/RANSAC/tests.adb,333,Unreferenced,Unused,local,,,no
misc/Ada/RANSAC,misc/Ada/RANSAC/tests.adb,347,Unreferenced,Unused,local,,,no
misc/Ada/RANSAC,misc/Ada/RANSAC/tests.adb,414,Unreferenced,Unused,local,,,no
misc/Ada/RANSAC,misc/Ada/RANSAC/tests.adb,560,Unreferenced,Unused,local,,,no
misc/Ada/RANSAC,misc/Ada/RANSAC/tests.adb,623,Unreferenced,Unused,local,,,no
misc/Ada/Radial-Basis-Function-Network,misc/Ada/Radial-Basis-Function-Network/tests.adb,59,Unreferenced,Dummy_Dist,local,,,no
misc/Ada/Radial-Basis-Function-Network,misc/Ada/Radial-Basis-Function-Network/tests.adb,71,Unreferenced,Dummy_Dist,local,,,no
misc/Ada/Radial-Basis-Function-Network,misc/Ada/Radial-Basis-Function-Network/tests.adb,83,Unreferenced,Dummy_Dist,local,,,no
misc/Ada/Radial-Basis-Function-Network,misc/Ada/Radial-Basis-Function-Network/tests.adb,147,Unreferenced,Net_Err,local,,,no
misc/Ada/Radial-Basis-Function-Network,misc/Ada/Radial-Basis-Function-Network/tests.adb,159,Unreferenced,Net_Err,local,,,no
misc/Ada/Radial-Basis-Function-Network,misc/Ada/Radial-Basis-Function-Network/tests.adb,171,Unreferenced,Net_Err,local,,,no
misc/Ada/Random-Restart-Hill-Climbing,misc/Ada/Random-Restart-Hill-Climbing/random_restart_hill_climbing.adb,167,Unreferenced,Step_I,unknown,,,no
misc/Ada/Random-Restart-Hill-Climbing,misc/Ada/Random-Restart-Hill-Climbing/random_restart_hill_climbing.adb,326,Unreferenced,Step_I,unknown,,,no
misc/Ada/Random-Restart-Hill-Climbing,misc/Ada/Random-Restart-Hill-Climbing/random_restart_hill_climbing.adb,491,Unreferenced,Step_I,unknown,,,no
misc/Ada/Random-Restart-Hill-Climbing,misc/Ada/Random-Restart-Hill-Climbing/tests.adb,587,Unreferenced,R,local,,,no
misc/Ada/Random-Restart-Hill-Climbing,misc/Ada/Random-Restart-Hill-Climbing/tests.adb,601,Unreferenced,R,local,,,no
misc/Ada/Rayleigh-Ritz-Method,misc/Ada/Rayleigh-Ritz-Method/rayleigh_ritz_method.adb,852,Unreferenced,Rank,local,,,no
misc/Ada/Rayleigh-Ritz-Method,misc/Ada/Rayleigh-Ritz-Method/tests.adb,142,Unreferenced,Dummy,local,,,no
misc/Ada/Reed-Solomon-Error-Correction,misc/Ada/Reed-Solomon-Error-Correction/tests.adb,166,Unreferenced,Dec,local,,,no
misc/Ada/Relevance-Vector-Machine,misc/Ada/Relevance-Vector-Machine/relevance_vector_machine.adb,118,Unreferenced,Iter,unknown,,-- 2. EM / Sparse Bayesian Learning Loop,yes
misc/Ada/Relevance-Vector-Machine,misc/Ada/Relevance-Vector-Machine/relevance_vector_machine.adb,160,Unreferenced,IRLS_Iter,unknown,,-- Classification: IRLS inner loop (MacKay / Tipping),yes
misc/Ada/Relevance-Vector-Machine,misc/Ada/Relevance-Vector-Machine/relevance_vector_machine.adb,281,Unreferenced,IRLS_Iter,unknown,,,no
misc/Ada/Relevance-Vector-Machine,misc/Ada/Relevance-Vector-Machine/tests.adb,49,Unreferenced,Val,local,,,no
misc/Ada/Relevance-Vector-Machine,misc/Ada/Relevance-Vector-Machine/tests.adb,64,Unreferenced,Prob,local,,,no
misc/Ada/Relevance-Vector-Machine,misc/Ada/Relevance-Vector-Machine/tests.adb,119,Unreferenced,Val,local,,,no
misc/Ada/Restoring-Division,misc/Ada/Restoring-Division/tests.adb,157,Unreferenced,R,local,,,no
misc/Ada/Restoring-Division,misc/Ada/Restoring-Division/tests.adb,170,Unreferenced,R,local,,,no
misc/Ada/Restoring-Division,misc/Ada/Restoring-Division/tests.adb,183,Unreferenced,R,local,,,no
misc/Ada/Restoring-Division,misc/Ada/Restoring-Division/tests.adb,197,Unreferenced,R,local,,,no
misc/Ada/Reverse-Delete-Algorithm,misc/Ada/Reverse-Delete-Algorithm/tests.adb,71,Unreferenced,C,local,,,no
misc/Ada/Reverse-Delete-Algorithm,misc/Ada/Reverse-Delete-Algorithm/tests.adb,71,Unreferenced,W,local,,,no
misc/Ada/Reverse-Delete-Algorithm,misc/Ada/Reverse-Delete-Algorithm/tests.adb,84,Unreferenced,C,local,,,no
misc/Ada/Reverse-Delete-Algorithm,misc/Ada/Reverse-Delete-Algorithm/tests.adb,84,Unreferenced,W,local,,,no
misc/Ada/Ridders-Method,misc/Ada/Ridders-Method/ridders_method.adb,327,Unreferenced,X,parameter,yes,,yes
misc/Ada/Ridders-Method,misc/Ada/Ridders-Method/ridders_method.adb,333,Unreferenced,X,parameter,yes,,yes
misc/Ada/Ridders-Method,misc/Ada/Ridders-Method/ridders_method.adb,344,Unreferenced,X,parameter,yes,,yes
misc/Ada/Rotating-Calipers,misc/Ada/Rotating-Calipers/rotating_calipers.adb,338,Unreferenced,I,local,,,no
misc/Ada/Rotating-Calipers,misc/Ada/Rotating-Calipers/rotating_calipers.adb,338,Unreferenced,J,local,,,no
misc/Ada/Rotating-Calipers,misc/Ada/Rotating-Calipers/rotating_calipers.adb,357,Unreferenced,D2,local,,,no
misc/Ada/Rotating-Calipers,misc/Ada/Rotating-Calipers/rotating_calipers.adb,506,Unreferenced,K,local,,,no
misc/Ada/Rotating-Calipers,misc/Ada/Rotating-Calipers/tests.adb,46,Unreferenced,D,local,,,no
misc/Ada/Rotating-Calipers,misc/Ada/Rotating-Calipers/tests.adb,59,Unreferenced,W,local,,,no
misc/Ada/Rotating-Calipers,misc/Ada/Rotating-Calipers/tests.adb,73,Unreferenced,C,local,,,no
misc/Ada/Rotating-Calipers,misc/Ada/Rotating-Calipers/tests.adb,87,Unreferenced,L,local,,,no
misc/Ada/Rotating-Calipers,misc/Ada/Rotating-Calipers/tests.adb,100,Unreferenced,B,local,,,no
misc/Ada/Rotating-Calipers,misc/Ada/Rotating-Calipers/tests.adb,297,Unreferenced,Collinear,local,,,no
misc/Ada/Rounding-Functions,misc/Ada/Rounding-Functions/tests.adb,36,Unreferenced,R,local,,,no
misc/Ada/Rupperts-Algorithm,misc/Ada/Rupperts-Algorithm/tests.adb,42,Unreferenced,T,local,,,no
misc/Ada/Rupperts-Algorithm,misc/Ada/Rupperts-Algorithm/tests.adb,57,Unreferenced,Res,local,,,no
misc/Ada/Rupperts-Algorithm,misc/Ada/Rupperts-Algorithm/tests.adb,403,Unreferenced,Res,local,,,no
misc/Ada/Ruzzo-Tompa,misc/Ada/Ruzzo-Tompa/tests.adb,121,Unreferenced,Unused,local,,,no
misc/Ada/Ruzzo-Tompa,misc/Ada/Ruzzo-Tompa/tests.adb,136,Unreferenced,Unused,local,,,no
misc/Ada/Ruzzo-Tompa,misc/Ada/Ruzzo-Tompa/tests.adb,149,Unreferenced,Unused,local,,,no
misc/Ada/SRT-Division,misc/Ada/SRT-Division/tests.adb,149,Unreferenced,R,local,,,no
misc/Ada/SRT-Division,misc/Ada/SRT-Division/tests.adb,162,Unreferenced,R,local,,,no
misc/Ada/SRT-Division,misc/Ada/SRT-Division/tests.adb,175,Unreferenced,R,local,,,no
misc/Ada/SRT-Division,misc/Ada/SRT-Division/tests.adb,188,Unreferenced,R,local,,,no
misc/Ada/SSS-Star,misc/Ada/SSS-Star/tests.adb,580,Unreferenced,U,local,,,no
misc/Ada/SSS-Star,misc/Ada/SSS-Star/tests.adb,580,Unreferenced,N,local,,,no
misc/Ada/SUBCLU,misc/Ada/SUBCLU/tests.adb,449,Unreferenced,D,local,,,no
misc/Ada/SUBCLU,misc/Ada/SUBCLU/tests.adb,461,Unreferenced,D,local,,,no
misc/Ada/SUBCLU,misc/Ada/SUBCLU/tests.adb,474,Unreferenced,DR,local,,,no
misc/Ada/SUBCLU,misc/Ada/SUBCLU/tests.adb,489,Unreferenced,DR,local,,,no
misc/Ada/SUBCLU,misc/Ada/SUBCLU/tests.adb,502,Unreferenced,R,local,,,no
misc/Ada/Schensted,misc/Ada/Schensted/tests.adb,261,Unreferenced,T,local,,,no
misc/Ada/Schensted,misc/Ada/Schensted/tests.adb,274,Unreferenced,T,local,,,no
misc/Ada/Schensted,misc/Ada/Schensted/tests.adb,287,Unreferenced,T,local,,,no
misc/Ada/Schensted,misc/Ada/Schensted/tests.adb,300,Unreferenced,T,local,,,no
misc/Ada/Schensted,misc/Ada/Schensted/tests.adb,326,Unreferenced,T,local,,,no
misc/Ada/Schensted,misc/Ada/Schensted/tests.adb,342,Unreferenced,P,local,,,no
misc/Ada/Schensted,misc/Ada/Schensted/tests.adb,342,Unreferenced,Q,local,,,no
misc/Ada/Schreier-Sims,misc/Ada/Schreier-Sims/tests.adb,92,Unreferenced,Bad,local,,,no
misc/Ada/Schreier-Sims,misc/Ada/Schreier-Sims/tests.adb,106,Unreferenced,Bad,local,,,no
misc/Ada/Schreier-Sims,misc/Ada/Schreier-Sims/tests.adb,121,Unreferenced,G,local,,,no
misc/Ada/Schreier-Sims,misc/Ada/Schreier-Sims/tests.adb,137,Unreferenced,C,local,,,no
misc/Ada/Schreier-Sims,misc/Ada/Schreier-Sims/tests.adb,155,Unreferenced,B,local,,,no
misc/Ada/Schreier-Sims,misc/Ada/Schreier-Sims/tests.adb,394,Unreferenced,Bad,local,,,no
misc/Ada/Schreier-Sims,misc/Ada/Schreier-Sims/tests.adb,414,Unreferenced,Bad,local,,,no
misc/Ada/Scoring-Algorithm,misc/Ada/Scoring-Algorithm/scoring_algorithm.adb,437,Unreferenced,Theta,parameter,yes,,yes
misc/Ada/Scoring-Algorithm,misc/Ada/Scoring-Algorithm/scoring_algorithm.adb,443,Unreferenced,Theta,parameter,yes,,yes
misc/Ada/Scoring-Algorithm,misc/Ada/Scoring-Algorithm/tests.adb,66,Unreferenced,Unused,local,,,no
misc/Ada/Scoring-Algorithm,misc/Ada/Scoring-Algorithm/tests.adb,100,Unreferenced,Unused,local,,,no
misc/Ada/Scoring-Algorithm,misc/Ada/Scoring-Algorithm/tests.adb,115,Unreferenced,Unused,local,,,no
misc/Ada/Scoring-Algorithm,misc/Ada/Scoring-Algorithm/tests.adb,367,Unreferenced,Unused,local,,,no
misc/Ada/Scoring-Algorithm,misc/Ada/Scoring-Algorithm/tests.adb,385,Unreferenced,Unused,local,,,no
misc/Ada/Scoring-Algorithm,misc/Ada/Scoring-Algorithm/tests.adb,404,Unreferenced,Unused,local,,,no
misc/Ada/Scoring-Algorithm,misc/Ada/Scoring-Algorithm/tests.adb,422,Unreferenced,Unused,local,,,no
misc/Ada/Scoring-Algorithm,misc/Ada/Scoring-Algorithm/tests.adb,441,Unreferenced,Unused,local,,,no
misc/Ada/Scoring-Algorithm,misc/Ada/Scoring-Algorithm/tests.adb,458,Unreferenced,Unused,local,,,no
misc/Ada/Scoring-Algorithm,misc/Ada/Scoring-Algorithm/tests.adb,513,Unreferenced,Unused,local,,,no
misc/Ada/Seam-Carving,misc/Ada/Seam-Carving/tests.adb,117,Unreferenced,Res,local,,,no
misc/Ada/Seam-Carving,misc/Ada/Seam-Carving/tests.adb,129,Unreferenced,Res,local,,,no
misc/Ada/Selection-Algorithm,misc/Ada/Selection-Algorithm/tests.adb,66,Unreferenced,X,local,,,no
misc/Ada/Selection-Algorithm,misc/Ada/Selection-Algorithm/tests.adb,77,Unreferenced,X,local,,,no
misc/Ada/Selection-Algorithm,misc/Ada/Selection-Algorithm/tests.adb,89,Unreferenced,X,local,,,no
misc/Ada/Shapley-Value,misc/Ada/Shapley-Value/tests.adb,106,Unreferenced,Phi,local,,,no
misc/Ada/Shapley-Value,misc/Ada/Shapley-Value/tests.adb,119,Unreferenced,Phi,local,,,no
misc/Ada/Shapley-Value,misc/Ada/Shapley-Value/tests.adb,134,Unreferenced,Phi,local,,,no
misc/Ada/Shapley-Value,misc/Ada/Shapley-Value/tests.adb,201,Unreferenced,Phi,local,,,no
misc/Ada/Shoelace-Algorithm,misc/Ada/Shoelace-Algorithm/tests.adb,46,Unreferenced,A,local,,,no
misc/Ada/Shoelace-Algorithm,misc/Ada/Shoelace-Algorithm/tests.adb,59,Unreferenced,A,local,,,no
misc/Ada/Shoelace-Algorithm,misc/Ada/Shoelace-Algorithm/tests.adb,72,Unreferenced,C,local,,,no
misc/Ada/Shoelace-Algorithm,misc/Ada/Shoelace-Algorithm/tests.adb,85,Unreferenced,B,local,,,no
misc/Ada/Shoelace-Algorithm,misc/Ada/Shoelace-Algorithm/tests.adb,98,Unreferenced,D,local,,,no
misc/Ada/Shors-Algorithm,misc/Ada/Shors-Algorithm/tests.adb,62,Unreferenced,Dummy,local,,,no
misc/Ada/Shors-Algorithm,misc/Ada/Shors-Algorithm/tests.adb,132,Unreferenced,Dummy,local,,,no
misc/Ada/Shors-Algorithm,misc/Ada/Shors-Algorithm/tests.adb,159,Unreferenced,Dummy,local,,,no
misc/Ada/Simulated-Annealing,misc/Ada/Simulated-Annealing/simulated_annealing.adb,147,Unreferenced,T,parameter,,,no
misc/Ada/Sinkhorn-Knopp-Algorithm,misc/Ada/Sinkhorn-Knopp-Algorithm/tests.adb,37,Unreferenced,Raised_Invalid,unknown,,--  Placeholder; each raise site checked inline below.,yes
misc/Ada/Sinkhorn-Knopp-Algorithm,misc/Ada/Sinkhorn-Knopp-Algorithm/tests.adb,41,Unreferenced,Thunk_Label,parameter,,,no
misc/Ada/Sinkhorn-Knopp-Algorithm,misc/Ada/Sinkhorn-Knopp-Algorithm/tests.adb,213,Unreferenced,Dummy,local,,,no
misc/Ada/Sinkhorn-Knopp-Algorithm,misc/Ada/Sinkhorn-Knopp-Algorithm/tests.adb,227,Unreferenced,Dummy,local,,,no
misc/Ada/Sinkhorn-Knopp-Algorithm,misc/Ada/Sinkhorn-Knopp-Algorithm/tests.adb,241,Unreferenced,Dummy,local,,,no
misc/Ada/Sinkhorn-Knopp-Algorithm,misc/Ada/Sinkhorn-Knopp-Algorithm/tests.adb,256,Unreferenced,Dummy,local,,,no
misc/Ada/Sinkhorn-Knopp-Algorithm,misc/Ada/Sinkhorn-Knopp-Algorithm/tests.adb,271,Unreferenced,Dummy,local,,,no
misc/Ada/Sinkhorn-Knopp-Algorithm,misc/Ada/Sinkhorn-Knopp-Algorithm/tests.adb,508,Unreferenced,Dummy,local,,,no
misc/Ada/Sinkhorn-Knopp-Algorithm,misc/Ada/Sinkhorn-Knopp-Algorithm/tests.adb,522,Unreferenced,Dummy,local,,,no
misc/Ada/Sinkhorn-Knopp-Algorithm,misc/Ada/Sinkhorn-Knopp-Algorithm/tests.adb,536,Unreferenced,Dummy,local,,,no
misc/Ada/Sinkhorn-Knopp-Algorithm,misc/Ada/Sinkhorn-Knopp-Algorithm/tests.adb,550,Unreferenced,Dummy,local,,,no
misc/Ada/Sinkhorn-Knopp-Algorithm,misc/Ada/Sinkhorn-Knopp-Algorithm/tests.adb,565,Unreferenced,Dummy,local,,,no
misc/Ada/Speeded-Up-Robust-Features,misc/Ada/Speeded-Up-Robust-Features/surf.adb,89,Unreferenced,X,parameter,,-- Assign orientation using Haar wavelet responses,yes
misc/Ada/Speeded-Up-Robust-Features,misc/Ada/Speeded-Up-Robust-Features/surf.adb,89,Unreferenced,Y,parameter,,-- Assign orientation using Haar wavelet responses,yes
misc/Ada/Speeded-Up-Robust-Features,misc/Ada/Speeded-Up-Robust-Features/surf.adb,101,Unreferenced,Pt,parameter,,-- Internal procedure to build 64-dimensional descriptor,yes
misc/Ada/Speeded-Up-Robust-Features,misc/Ada/Speeded-Up-Robust-Features/surf.adb,116,Unreferenced,Pt,parameter,,-- Internal procedure to build 128-dimensional descriptor,yes
misc/Ada/Speeded-Up-Robust-Features,misc/Ada/Speeded-Up-Robust-Features/tests.adb,37,Unreferenced,I_Img_Empty,local,,,no
misc/Ada/Spigot-Algorithm,misc/Ada/Spigot-Algorithm/spigot_algorithm.adb,195,Unreferenced,K,unknown,,,no
misc/Ada/Spigot-Algorithm,misc/Ada/Spigot-Algorithm/spigot_algorithm.adb,204,Unreferenced,K,unknown,,,no
misc/Ada/Spigot-Algorithm,misc/Ada/Spigot-Algorithm/spigot_algorithm.adb,213,Unreferenced,K,unknown,,,no
misc/Ada/Spigot-Algorithm,misc/Ada/Spigot-Algorithm/tests.adb,38,Unreferenced,S,local,,,no
misc/Ada/Spigot-Algorithm,misc/Ada/Spigot-Algorithm/tests.adb,53,Unreferenced,S,local,,,no
misc/Ada/Spigot-Algorithm,misc/Ada/Spigot-Algorithm/tests.adb,251,Unreferenced,S,local,,,no
misc/Ada/Spigot-Algorithm,misc/Ada/Spigot-Algorithm/tests.adb,262,Unreferenced,S,local,,,no
misc/Ada/Spigot-Algorithm,misc/Ada/Spigot-Algorithm/tests.adb,367,Unreferenced,S,local,,,no
misc/Ada/Spigot-Algorithm,misc/Ada/Spigot-Algorithm/tests.adb,384,Unreferenced,S,local,,,no
misc/Ada/State-Action-Reward-State-Action,misc/Ada/State-Action-Reward-State-Action/tests.adb,234,Unreferenced,A,local,,,no
misc/Ada/Steinhaus-Johnson-Trotter,misc/Ada/Steinhaus-Johnson-Trotter/tests.adb,38,Unreferenced,Unused,local,,,no
misc/Ada/Steinhaus-Johnson-Trotter,misc/Ada/Steinhaus-Johnson-Trotter/tests.adb,49,Unreferenced,Unused,local,,,no
misc/Ada/Steinhaus-Johnson-Trotter,misc/Ada/Steinhaus-Johnson-Trotter/tests.adb,58,Unreferenced,P,parameter,yes,,yes
misc/Ada/Steinhaus-Johnson-Trotter,misc/Ada/Steinhaus-Johnson-Trotter/tests.adb,373,Unreferenced,P,parameter,yes,,yes
misc/Ada/Strongly-Connected-Components,misc/Ada/Strongly-Connected-Components/tests.adb,63,Unreferenced,Count,local,,,no
misc/Ada/Strongly-Connected-Components,misc/Ada/Strongly-Connected-Components/tests.adb,76,Unreferenced,Unused,local,,,no
misc/Ada/Strongly-Connected-Components,misc/Ada/Strongly-Connected-Components/tests.adb,537,Unreferenced,Count,local,,,no
misc/Ada/Strongly-Connected-Components,misc/Ada/Strongly-Connected-Components/tests.adb,608,Unreferenced,Count,local,,,no
misc/Ada/Structured-SVM,misc/Ada/Structured-SVM/structured_svm.adb,62,Unreferenced,Epoch,unknown,,-- GNAT suppression,yes
misc/Ada/Structured-SVM,misc/Ada/Structured-SVM/structured_svm.adb,109,Unreferenced,Epoch,unknown,,,no
misc/Ada/Sukhotin,misc/Ada/Sukhotin/tests.adb,143,Unreferenced,Unused,local,,,no
misc/Ada/Supervised-Learning,misc/Ada/Supervised-Learning/supervised_learning.adb,208,Unreferenced,Epoch,unknown,,-- Train for specified epochs,yes
misc/Ada/Supervised-Learning,misc/Ada/Supervised-Learning/tests.adb,153,Unreferenced,L,local,,,no
misc/Ada/Supervised-Learning,misc/Ada/Supervised-Learning/tests.adb,165,Unreferenced,L,local,,,no
misc/Ada/Supervised-Learning,misc/Ada/Supervised-Learning/tests.adb,177,Unreferenced,L,local,,,no
misc/Ada/Supervised-Learning,misc/Ada/Supervised-Learning/tests.adb,228,Unreferenced,L,local,,,no
misc/Ada/Swap-Test,misc/Ada/Swap-Test/tests.adb,162,Unreferenced,Dummy,local,,,no
misc/Ada/Swap-Test,misc/Ada/Swap-Test/tests.adb,184,Unreferenced,Dummy_State,local,,,no
misc/Ada/Sweep-And-Prune,misc/Ada/Sweep-And-Prune/tests.adb,88,Unreferenced,Unused,local,,,no
misc/Ada/Sweep-And-Prune,misc/Ada/Sweep-And-Prune/tests.adb,244,Unreferenced,Unused_P,local,,,no
misc/Ada/Sweep-And-Prune,misc/Ada/Sweep-And-Prune/tests.adb,454,Unreferenced,Unused,local,,,no
misc/Ada/Term-Rewriting,misc/Ada/Term-Rewriting/tests.adb,59,Unreferenced,Dummy,local,,,no
misc/Ada/Term-Rewriting,misc/Ada/Term-Rewriting/tests.adb,75,Unreferenced,Dummy,local,,,no
misc/Ada/Term-Rewriting,misc/Ada/Term-Rewriting/tests.adb,90,Unreferenced,Valid_Rule,local,,,no
misc/Ada/Term-Rewriting,misc/Ada/Term-Rewriting/tests.adb,192,Unreferenced,Res_Loop,local,,,no
misc/Ada/Todd-Coxeter,misc/Ada/Todd-Coxeter/tests.adb,151,Unreferenced,X,local,,,no
misc/Ada/Todd-Coxeter,misc/Ada/Todd-Coxeter/tests.adb,169,Unreferenced,X,local,,,no
misc/Ada/Todd-Coxeter,misc/Ada/Todd-Coxeter/tests.adb,187,Unreferenced,P,local,,,no
misc/Ada/Todd-Coxeter,misc/Ada/Todd-Coxeter/tests.adb,205,Unreferenced,P,local,,,no
misc/Ada/Todd-Coxeter,misc/Ada/Todd-Coxeter/tests.adb,224,Unreferenced,R,local,,,no
misc/Ada/Todd-Coxeter,misc/Ada/Todd-Coxeter/tests.adb,243,Unreferenced,R,local,,,no
misc/Ada/Toom-Cook,misc/Ada/Toom-Cook/tests.adb,300,Unreferenced,Unused,local,,,no
misc/Ada/Toom-Cook,misc/Ada/Toom-Cook/tests.adb,314,Unreferenced,Unused,local,,,no
misc/Ada/Toom-Cook,misc/Ada/Toom-Cook/tests.adb,329,Unreferenced,Unused,local,,,no
misc/Ada/Top-Trading-Cycle,misc/Ada/Top-Trading-Cycle/tests.adb,112,Unreferenced,Unused,local,,,no
misc/Ada/Top-Trading-Cycle,misc/Ada/Top-Trading-Cycle/tests.adb,125,Unreferenced,Unused,local,,,no
misc/Ada/Top-Trading-Cycle,misc/Ada/Top-Trading-Cycle/tests.adb,148,Unreferenced,Unused,local,,,no
misc/Ada/Top-Trading-Cycle,misc/Ada/Top-Trading-Cycle/tests.adb,161,Unreferenced,Unused,local,,,no
misc/Ada/Top-Trading-Cycle,misc/Ada/Top-Trading-Cycle/tests.adb,510,Unreferenced,Prefs_Big,local,,,no
misc/Ada/Transitive-Closure,misc/Ada/Transitive-Closure/tests.adb,60,Unreferenced,B,local,,,no
misc/Ada/Transitive-Closure,misc/Ada/Transitive-Closure/tests.adb,105,Unreferenced,B,local,,,no
misc/Ada/Transitive-Closure,misc/Ada/Transitive-Closure/tests.adb,142,Unreferenced,B,local,,,no
misc/Ada/Transitive-Closure,misc/Ada/Transitive-Closure/tests.adb,155,Unreferenced,B,local,,,no
misc/Ada/Trapezoidal-Rule-DE,misc/Ada/Trapezoidal-Rule-DE/tests.adb,92,Unreferenced,Dummy,local,,,no
misc/Ada/Trapezoidal-Rule-DE,misc/Ada/Trapezoidal-Rule-DE/tests.adb,341,Unreferenced,Dummy,local,,,no
misc/Ada/Trapezoidal-Rule-DE,misc/Ada/Trapezoidal-Rule-DE/tests.adb,355,Unreferenced,Dummy,local,,,no
misc/Ada/Trapezoidal-Rule-DE,misc/Ada/Trapezoidal-Rule-DE/tests.adb,369,Unreferenced,Dummy,local,,,no
misc/Ada/Trapezoidal-Rule-DE,misc/Ada/Trapezoidal-Rule-DE/tests.adb,383,Unreferenced,Dummy,local,,,no
misc/Ada/Trapezoidal-Rule-DE,misc/Ada/Trapezoidal-Rule-DE/tests.adb,397,Unreferenced,Dummy,local,,,no
misc/Ada/Trapezoidal-Rule-DE,misc/Ada/Trapezoidal-Rule-DE/tests.adb,411,Unreferenced,Dummy,local,,,no
misc/Ada/Trapezoidal-Rule-DE,misc/Ada/Trapezoidal-Rule-DE/tests.adb,429,Unreferenced,Dummy,local,,--  One iteration with absurd Tol should fail to converge.,yes
misc/Ada/Trapezoidal-Rule-DE,misc/Ada/Trapezoidal-Rule-DE/trapezoidal_rule_de.adb,211,Unreferenced,T,parameter,yes,-------------------------------------------------------------------------,yes
misc/Ada/Trapezoidal-Rule-DE,misc/Ada/Trapezoidal-Rule-DE/trapezoidal_rule_de.adb,217,Unreferenced,T,parameter,yes,,yes
misc/Ada/Trapezoidal-Rule-DE,misc/Ada/Trapezoidal-Rule-DE/trapezoidal_rule_de.adb,217,Unreferenced,Y,parameter,yes,,yes
misc/Ada/Trapezoidal-Rule-DE,misc/Ada/Trapezoidal-Rule-DE/trapezoidal_rule_de.adb,223,Unreferenced,T,parameter,yes,,yes
misc/Ada/Trapezoidal-Rule-DE,misc/Ada/Trapezoidal-Rule-DE/trapezoidal_rule_de.adb,229,Unreferenced,T,parameter,yes,,yes
misc/Ada/Trapezoidal-Rule-DE,misc/Ada/Trapezoidal-Rule-DE/trapezoidal_rule_de.adb,229,Unreferenced,Y,parameter,yes,,yes
misc/Ada/Trapezoidal-Rule-DE,misc/Ada/Trapezoidal-Rule-DE/trapezoidal_rule_de.adb,235,Unreferenced,T,parameter,yes,,yes
misc/Ada/Trapezoidal-Rule-DE,misc/Ada/Trapezoidal-Rule-DE/trapezoidal_rule_de.adb,241,Unreferenced,T,parameter,yes,,yes
misc/Ada/Trapezoidal-Rule-DE,misc/Ada/Trapezoidal-Rule-DE/trapezoidal_rule_de.adb,241,Unreferenced,Y,parameter,yes,,yes
misc/Ada/Trapezoidal-Rule-DE,misc/Ada/Trapezoidal-Rule-DE/trapezoidal_rule_de.adb,247,Unreferenced,T,parameter,yes,,yes
misc/Ada/Trapezoidal-Rule-DE,misc/Ada/Trapezoidal-Rule-DE/trapezoidal_rule_de.adb,253,Unreferenced,T,parameter,yes,,yes
misc/Ada/Trapezoidal-Rule-DE,misc/Ada/Trapezoidal-Rule-DE/trapezoidal_rule_de.adb,253,Unreferenced,Y,parameter,yes,,yes
misc/Ada/Trapezoidal-Rule-DE,misc/Ada/Trapezoidal-Rule-DE/trapezoidal_rule_de.adb,259,Unreferenced,T,parameter,yes,,yes
misc/Ada/Trapezoidal-Rule-DE,misc/Ada/Trapezoidal-Rule-DE/trapezoidal_rule_de.adb,265,Unreferenced,T,parameter,yes,,yes
misc/Ada/Travelling-Salesman-Problem,misc/Ada/Travelling-Salesman-Problem/travelling_salesman_problem.adb,86,Unreferenced,N,local,,,no
misc/Ada/Travelling-Salesman-Problem,misc/Ada/Travelling-Salesman-Problem/travelling_salesman_problem.adb,119,Unreferenced,N,local,,,no
misc/Ada/Travelling-Salesman-Problem,misc/Ada/Travelling-Salesman-Problem/travelling_salesman_problem.adb,711,Unreferenced,MST_W,local,,,no
misc/Ada/Trial-Division,misc/Ada/Trial-Division/tests.adb,75,Unreferenced,Unused,local,,,no
misc/Ada/Trial-Division,misc/Ada/Trial-Division/tests.adb,92,Unreferenced,Unused,local,,,no
misc/Ada/Trial-Division,misc/Ada/Trial-Division/tests.adb,109,Unreferenced,Unused,local,,,no
misc/Ada/Truncation-Selection,misc/Ada/Truncation-Selection/tests.adb,143,Unreferenced,Unused,local,,,no
misc/Ada/Truncation-Selection,misc/Ada/Truncation-Selection/tests.adb,156,Unreferenced,Unused,local,,,no
misc/Ada/Truncation-Selection,misc/Ada/Truncation-Selection/tests.adb,169,Unreferenced,Unused,local,,,no
misc/Ada/Truncation-Selection,misc/Ada/Truncation-Selection/tests.adb,182,Unreferenced,Unused,local,,,no
misc/Ada/Truncation-Selection,misc/Ada/Truncation-Selection/tests.adb,264,Unreferenced,Unused,local,,,no
misc/Ada/Truncation-Selection,misc/Ada/Truncation-Selection/tests.adb,360,Unreferenced,Unused,local,,,no
misc/Ada/Truncation-Selection,misc/Ada/Truncation-Selection/tests.adb,373,Unreferenced,Unused,local,,,no
misc/Ada/Truncation-Selection,misc/Ada/Truncation-Selection/tests.adb,561,Unreferenced,Unused,local,,,no
misc/Ada/Truncation-Selection,misc/Ada/Truncation-Selection/tests.adb,575,Unreferenced,Unused,local,,,no
misc/Ada/TrustRank,misc/Ada/TrustRank/tests.adb,94,Unreferenced,B,local,,,no
misc/Ada/TrustRank,misc/Ada/TrustRank/tests.adb,109,Unreferenced,Iters,local,,,no
misc/Ada/TrustRank,misc/Ada/TrustRank/tests.adb,143,Unreferenced,X,local,,,no
misc/Ada/Vehicle-Routing-Problem,misc/Ada/Vehicle-Routing-Problem/tests.adb,93,Unreferenced,S,local,,,no
misc/Ada/Vehicle-Routing-Problem,misc/Ada/Vehicle-Routing-Problem/tests.adb,104,Unreferenced,S,local,,,no
misc/Ada/Vehicle-Routing-Problem,misc/Ada/Vehicle-Routing-Problem/tests.adb,115,Unreferenced,S,local,,,no
misc/Ada/Vehicle-Routing-Problem,misc/Ada/Vehicle-Routing-Problem/tests.adb,128,Unreferenced,D,local,,,no
misc/Ada/Vehicle-Routing-Problem,misc/Ada/Vehicle-Routing-Problem/tests.adb,141,Unreferenced,D,local,,,no
misc/Ada/Vehicle-Routing-Problem,misc/Ada/Vehicle-Routing-Problem/tests.adb,154,Unreferenced,S,local,,,no
misc/Ada/Vehicle-Routing-Problem,misc/Ada/Vehicle-Routing-Problem/vehicle_routing_problem.adb,578,Unreferenced,Leftover,local,,,no
misc/Ada/Velvet,misc/Ada/Velvet/tests.adb,110,Unreferenced,U,local,,,no
misc/Ada/Velvet,misc/Ada/Velvet/tests.adb,146,Unreferenced,U,local,,,no
misc/Ada/Vickrey-Clarke-Groves-Mechanism,misc/Ada/Vickrey-Clarke-Groves-Mechanism/tests.adb,221,Unreferenced,V,local,,,no
misc/Ada/Vickrey-Clarke-Groves-Mechanism,misc/Ada/Vickrey-Clarke-Groves-Mechanism/tests.adb,256,Unreferenced,V,local,,,no
misc/Ada/Vickrey-Clarke-Groves-Mechanism,misc/Ada/Vickrey-Clarke-Groves-Mechanism/tests.adb,284,Unreferenced,R,local,,,no
misc/Ada/Vickrey-Clarke-Groves-Mechanism,misc/Ada/Vickrey-Clarke-Groves-Mechanism/vickrey_clarke_groves_mechanism.adb,891,Unreferenced,Unused,local,,,no
misc/Ada/Vickrey-Clarke-Groves-Mechanism,misc/Ada/Vickrey-Clarke-Groves-Mechanism/vickrey_clarke_groves_mechanism.adb,907,Unreferenced,Unused,local,,,no
misc/Ada/Yamartino-Method,misc/Ada/Yamartino-Method/tests.adb,96,Unreferenced,Unused,local,,,no
misc/Ada/Yamartino-Method,misc/Ada/Yamartino-Method/tests.adb,111,Unreferenced,Unused,local,,,no
misc/Ada/Yamartino-Method,misc/Ada/Yamartino-Method/tests.adb,426,Unreferenced,U,local,,,no
misc/Ada/Zellers-Congruence-Algorithm,misc/Ada/Zellers-Congruence-Algorithm/tests.adb,78,Unreferenced,Result,local,,,no
misc/Ada/Zellers-Congruence-Algorithm,misc/Ada/Zellers-Congruence-Algorithm/tests.adb,93,Unreferenced,Result,local,,,no
misc/Ada/Zhu-Takaoka,misc/Ada/Zhu-Takaoka/tests.adb,71,Unreferenced,Unused,local,,,no
misc/Ada/Zhu-Takaoka,misc/Ada/Zhu-Takaoka/tests.adb,84,Unreferenced,Unused,local,,,no
misc/SPARK2/Ada-SPARK-Assign-Cookies,misc/SPARK2/Ada-SPARK-Assign-Cookies/assign_cookies.adb,6,Unreferenced,Greed,parameter,yes,,yes
misc/SPARK2/Ada-SPARK-Assign-Cookies,misc/SPARK2/Ada-SPARK-Assign-Cookies/assign_cookies.adb,6,Unreferenced,Cookies,parameter,yes,,yes
misc/SPARK2/Ada-SPARK-Candy,misc/SPARK2/Ada-SPARK-Candy/candy.adb,6,Unreferenced,Ratings,parameter,yes,,yes
misc/SPARK2/Ada-SPARK-Critical-Connections-In-A-Network-Lite,misc/SPARK2/Ada-SPARK-Critical-Connections-In-A-Network-Lite/critical_connections_in_a_network_lite.adb,4,Unreferenced,Edges,parameter,,,no
misc/SPARK2/Ada-SPARK-Design-Twitter-Lite,misc/SPARK2/Ada-SPARK-Design-Twitter-Lite/design_twitter_lite.adb,7,Unreferenced,Messages,parameter,,,no
misc/SPARK2/Ada-SPARK-Find-The-City-With-Smallest-Number-Of-Neighbors,misc/SPARK2/Ada-SPARK-Find-The-City-With-Smallest-Number-Of-Neighbors/find_the_city_with_smallest_number_of_neighbors.adb,5,Unreferenced,Edges,parameter,,,no
misc/SPARK2/Ada-SPARK-Find-The-City-With-Smallest-Number-Of-Neighbors,misc/SPARK2/Ada-SPARK-Find-The-City-With-Smallest-Number-Of-Neighbors/find_the_city_with_smallest_number_of_neighbors.adb,5,Unreferenced,Threshold,parameter,,,no
misc/SPARK2/Ada-SPARK-Gas-Station,misc/SPARK2/Ada-SPARK-Gas-Station/gas_station.adb,6,Unreferenced,Fuel,parameter,yes,,yes
misc/SPARK2/Ada-SPARK-Gas-Station,misc/SPARK2/Ada-SPARK-Gas-Station/gas_station.adb,6,Unreferenced,Cost,parameter,yes,,yes
misc/SPARK2/Ada-SPARK-Gas-Station,misc/SPARK2/Ada-SPARK-Gas-Station/gas_station.adb,6,Unreferenced,N,parameter,yes,,yes
misc/SPARK2/Ada-SPARK-Insert-Interval,misc/SPARK2/Ada-SPARK-Insert-Interval/insert_interval.adb,6,Unreferenced,Starts,parameter,yes,,yes
misc/SPARK2/Ada-SPARK-Insert-Interval,misc/SPARK2/Ada-SPARK-Insert-Interval/insert_interval.adb,6,Unreferenced,Finishes,parameter,yes,,yes
misc/SPARK2/Ada-SPARK-Jump-Game-II,misc/SPARK2/Ada-SPARK-Jump-Game-II/jump_game_ii.adb,6,Unreferenced,A,parameter,yes,,yes
misc/SPARK2/Ada-SPARK-Linked-List-Cycle-II,misc/SPARK2/Ada-SPARK-Linked-List-Cycle-II/tests.adb,7,Unreferenced,B,local,,,no
misc/SPARK2/Ada-SPARK-Merge-Intervals,misc/SPARK2/Ada-SPARK-Merge-Intervals/merge_intervals.adb,6,Unreferenced,Starts,parameter,yes,,yes
misc/SPARK2/Ada-SPARK-Merge-Intervals,misc/SPARK2/Ada-SPARK-Merge-Intervals/merge_intervals.adb,6,Unreferenced,Finishes,parameter,yes,,yes
misc/SPARK2/Ada-SPARK-Non-Overlapping-Intervals,misc/SPARK2/Ada-SPARK-Non-Overlapping-Intervals/non_overlapping_intervals.adb,6,Unreferenced,Starts,parameter,yes,,yes
misc/SPARK2/Ada-SPARK-Non-Overlapping-Intervals,misc/SPARK2/Ada-SPARK-Non-Overlapping-Intervals/non_overlapping_intervals.adb,6,Unreferenced,Finishes,parameter,yes,,yes
misc/SPARK2/Ada-SPARK-Valid-IP-Address-Stub,misc/SPARK2/Ada-SPARK-Valid-IP-Address-Stub/valid_ip_address_stub.adb,5,Unreferenced,Value,parameter,,,no
misc/SPARK4/Acorn-Generator,misc/SPARK4/Acorn-Generator/tests.adb,67,Unreferenced,Discard,local,,,no
misc/SPARK4/Ada-SPARK-Accumulator,misc/SPARK4/Ada-SPARK-Accumulator/tests.adb,135,Unreferenced,Val,local,,,no
misc/SPARK4/Ada-SPARK-Lagged-Fibonacci-Generator,misc/SPARK4/Ada-SPARK-Lagged-Fibonacci-Generator/tests.adb,67,Unreferenced,Discard,local,,,no
ml/Ada/Boosting-Meta-Algorithm,ml/Ada/Boosting-Meta-Algorithm/tests.adb,64,Unreferenced,M,local,,,no
ml/Ada/Boosting-Meta-Algorithm,ml/Ada/Boosting-Meta-Algorithm/tests.adb,87,Unreferenced,M,local,,,no
ml/Ada/Boosting-Meta-Algorithm,ml/Ada/Boosting-Meta-Algorithm/tests.adb,110,Unreferenced,M,local,,,no
ml/Ada/Expectation-Maximization,ml/Ada/Expectation-Maximization/tests.adb,83,Unreferenced,Unused,local,,,no
ml/Ada/Expectation-Maximization,ml/Ada/Expectation-Maximization/tests.adb,117,Unreferenced,Unused,local,,,no
ml/Ada/Expectation-Maximization,ml/Ada/Expectation-Maximization/tests.adb,163,Unreferenced,Unused,local,,,no
ml/Ada/Expectation-Maximization,ml/Ada/Expectation-Maximization/tests.adb,469,Unreferenced,Unused,local,,,no
ml/Ada/Expectation-Maximization,ml/Ada/Expectation-Maximization/tests.adb,504,Unreferenced,Unused,local,,,no
ml/Ada/Expectation-Maximization,ml/Ada/Expectation-Maximization/tests.adb,522,Unreferenced,Unused,local,,,no
ml/Ada/Expectation-Maximization,ml/Ada/Expectation-Maximization/tests.adb,539,Unreferenced,Unused,local,,,no
ml/Ada/Expectation-Maximization,ml/Ada/Expectation-Maximization/tests.adb,608,Unreferenced,Unused,local,,,no
ml/Ada/Expectation-Maximization,ml/Ada/Expectation-Maximization/tests.adb,626,Unreferenced,Unused,local,,,no
ml/Ada/Forward-Backward,ml/Ada/Forward-Backward/tests.adb,375,Unreferenced,A,local,,,no
ml/Ada/Forward-Backward,ml/Ada/Forward-Backward/tests.adb,391,Unreferenced,A,local,,,no
ml/Ada/Forward-Backward,ml/Ada/Forward-Backward/tests.adb,406,Unreferenced,A,local,,,no
ml/Ada/Forward-Backward,ml/Ada/Forward-Backward/tests.adb,429,Unreferenced,A,local,,,no
ml/Ada/Hidden-Markov-Model,ml/Ada/Hidden-Markov-Model/tests.adb,461,Unreferenced,R,local,,,no
ml/Ada/Hidden-Markov-Model,ml/Ada/Hidden-Markov-Model/tests.adb,475,Unreferenced,L,local,,,no
ml/Ada/Hidden-Markov-Model,ml/Ada/Hidden-Markov-Model/tests.adb,489,Unreferenced,L,local,,,no
ml/Ada/Hidden-Markov-Model,ml/Ada/Hidden-Markov-Model/tests.adb,509,Unreferenced,Fit,local,,,no
ml/Ada/Hidden-Markov-Model,ml/Ada/Hidden-Markov-Model/tests.adb,535,Unreferenced,R,local,,,no
ml/Ada/Hidden-Markov-Model,ml/Ada/Hidden-Markov-Model/tests.adb,549,Unreferenced,L,local,,,no
ml/Ada/Neural-Network,ml/Ada/Neural-Network/tests.adb,111,Unreferenced,Result,local,,,no
ml/Ada/Neural-Network,ml/Ada/Neural-Network/tests.adb,131,Unreferenced,Res,local,,,no
ml/Ada/Neural-Network,ml/Ada/Neural-Network/tests.adb,180,Unreferenced,Bad_Error,local,,,no
ml/Ada/Policy-Iteration,ml/Ada/Policy-Iteration/tests.adb,136,Unreferenced,Unused,local,,,no
ml/Ada/Policy-Iteration,ml/Ada/Policy-Iteration/tests.adb,140,Unreferenced,M,local,,,no
ml/Ada/Policy-Iteration,ml/Ada/Policy-Iteration/tests.adb,181,Unreferenced,M,local,,,no
ml/Ada/Policy-Iteration,ml/Ada/Policy-Iteration/tests.adb,201,Unreferenced,M,local,,,no
ml/Ada/Policy-Iteration,ml/Ada/Policy-Iteration/tests.adb,218,Unreferenced,M,local,,,no
ml/Ada/Policy-Iteration,ml/Ada/Policy-Iteration/tests.adb,231,Unreferenced,M,local,,,no
ml/Ada/Policy-Iteration,ml/Ada/Policy-Iteration/tests.adb,244,Unreferenced,M,local,,,no
ml/Ada/Policy-Iteration,ml/Ada/Policy-Iteration/tests.adb,258,Unreferenced,M,local,,,no
ml/Ada/Policy-Iteration,ml/Ada/Policy-Iteration/tests.adb,273,Unreferenced,M,local,,,no
ml/Ada/Policy-Iteration,ml/Ada/Policy-Iteration/tests.adb,311,Unreferenced,S,local,,,no
ml/Ada/Policy-Iteration,ml/Ada/Policy-Iteration/tests.adb,325,Unreferenced,S,local,,,no
ml/Ada/Policy-Iteration,ml/Ada/Policy-Iteration/tests.adb,341,Unreferenced,V,local,,,no
ml/Ada/Policy-Iteration,ml/Ada/Policy-Iteration/tests.adb,356,Unreferenced,V,local,,,no
ml/Ada/Policy-Iteration,ml/Ada/Policy-Iteration/tests.adb,372,Unreferenced,V,local,,,no
ml/Ada/Random-Forest,ml/Ada/Random-Forest/tests.adb,128,Unreferenced,D,local,,-- We purposely use mismatched lengths to trigger assertion / constraint failure,yes
ml/Ada/Random-Forest,ml/Ada/Random-Forest/tests.adb,146,Unreferenced,D,local,,"-- Type Num_Trees is Positive, so 0 throws Constraint_Error on instantiation",yes
ml/Ada/Support-Vector-Machine,ml/Ada/Support-Vector-Machine/tests.adb,139,Unreferenced,Result,local,,--  Sending 3D vector to 2D model,yes
ml/Ada/Value-Iteration,ml/Ada/Value-Iteration/tests.adb,75,Unreferenced,Unused,local,,,no
ml/Ada/Value-Iteration,ml/Ada/Value-Iteration/tests.adb,79,Unreferenced,M,local,,,no
ml/Ada/Value-Iteration,ml/Ada/Value-Iteration/tests.adb,120,Unreferenced,M,local,,,no
ml/Ada/Value-Iteration,ml/Ada/Value-Iteration/tests.adb,140,Unreferenced,M,local,,,no
ml/Ada/Value-Iteration,ml/Ada/Value-Iteration/tests.adb,157,Unreferenced,M,local,,,no
ml/Ada/Value-Iteration,ml/Ada/Value-Iteration/tests.adb,170,Unreferenced,M,local,,,no
ml/Ada/Value-Iteration,ml/Ada/Value-Iteration/tests.adb,183,Unreferenced,M,local,,,no
ml/Ada/Value-Iteration,ml/Ada/Value-Iteration/tests.adb,197,Unreferenced,M,local,,,no
ml/Ada/Value-Iteration,ml/Ada/Value-Iteration/tests.adb,212,Unreferenced,M,local,,,no
ml/Ada/Value-Iteration,ml/Ada/Value-Iteration/tests.adb,250,Unreferenced,S,local,,,no
ml/Ada/Value-Iteration,ml/Ada/Value-Iteration/tests.adb,264,Unreferenced,S,local,,,no
ml/Ada/Value-Iteration,ml/Ada/Value-Iteration/tests.adb,280,Unreferenced,V,local,,,no
ml/Ada/Value-Iteration,ml/Ada/Value-Iteration/tests.adb,295,Unreferenced,V,local,,,no
ml/Ada/Value-Iteration,ml/Ada/Value-Iteration/tests.adb,897,Unreferenced,A,local,,,no
ml/Ada/Value-Iteration,ml/Ada/Value-Iteration/tests.adb,908,Unreferenced,B,local,,,no
ml/Ada/Value-Iteration,ml/Ada/Value-Iteration/tests.adb,919,Unreferenced,R,local,,,no
ml/Ada/Value-Iteration,ml/Ada/Value-Iteration/tests.adb,930,Unreferenced,E,local,,,no
ml/Ada/Viterbi,ml/Ada/Viterbi/tests.adb,359,Unreferenced,Unused,local,,,no
ml/Ada/Viterbi,ml/Ada/Viterbi/tests.adb,378,Unreferenced,Unused,local,,,no
ml/Ada/Viterbi,ml/Ada/Viterbi/tests.adb,397,Unreferenced,Unused,local,,,no
ml/Ada/Viterbi,ml/Ada/Viterbi/tests.adb,417,Unreferenced,Unused,local,,,no
ml/Ada/Viterbi,ml/Ada/Viterbi/tests.adb,517,Unreferenced,Unused,local,,,no
ml/Ada/Viterbi,ml/Ada/Viterbi/tests.adb,534,Unreferenced,Unused,local,,,no
ml/Ada/Winnow-Algorithm,ml/Ada/Winnow-Algorithm/tests.adb,45,Unreferenced,Bad_Model,local,,,no
numerical/Ada/Aks-Primality-Test,numerical/Ada/Aks-Primality-Test/tests.adb,67,Unreferenced,Unused,local,,,no
numerical/Ada/Aks-Primality-Test,numerical/Ada/Aks-Primality-Test/tests.adb,84,Unreferenced,Unused,local,,,no
numerical/Ada/Aks-Primality-Test,numerical/Ada/Aks-Primality-Test/tests.adb,238,Unreferenced,Unused,local,,,no
numerical/Ada/Aks-Primality-Test,numerical/Ada/Aks-Primality-Test/tests.adb,255,Unreferenced,Unused,local,,,no
numerical/Ada/Bisection-Method,numerical/Ada/Bisection-Method/bisection_method.adb,286,Unreferenced,X,parameter,yes,,yes
numerical/Ada/Bisection-Method,numerical/Ada/Bisection-Method/bisection_method.adb,292,Unreferenced,X,parameter,yes,,yes
numerical/Ada/Bisection-Method,numerical/Ada/Bisection-Method/bisection_method.adb,303,Unreferenced,X,parameter,yes,,yes
numerical/Ada/Brents-Algorithm,numerical/Ada/Brents-Algorithm/tests.adb,41,Unreferenced,R,local,,,no
numerical/Ada/Brents-Algorithm,numerical/Ada/Brents-Algorithm/tests.adb,54,Unreferenced,R,local,,,no
numerical/Ada/Brents-Algorithm,numerical/Ada/Brents-Algorithm/tests.adb,67,Unreferenced,R,local,,,no
numerical/Ada/Brents-Algorithm,numerical/Ada/Brents-Algorithm/tests.adb,80,Unreferenced,Y,local,,,no
numerical/Ada/Brents-Algorithm,numerical/Ada/Brents-Algorithm/tests.adb,94,Unreferenced,Y,local,,,no
numerical/Ada/Brents-Algorithm,numerical/Ada/Brents-Algorithm/tests.adb,105,Unreferenced,M,local,,,no
numerical/Ada/Brents-Algorithm,numerical/Ada/Brents-Algorithm/tests.adb,118,Unreferenced,M,local,,,no
numerical/Ada/Brents-Algorithm,numerical/Ada/Brents-Algorithm/tests.adb,131,Unreferenced,M,local,,,no
numerical/Ada/Brents-Algorithm,numerical/Ada/Brents-Algorithm/tests.adb,144,Unreferenced,M,local,,,no
numerical/Ada/Brents-Algorithm,numerical/Ada/Brents-Algorithm/tests.adb,216,Unreferenced,R,local,,,no
numerical/Ada/Cantor-Zassenhaus,numerical/Ada/Cantor-Zassenhaus/tests.adb,358,Unreferenced,Unused,local,,,no
numerical/Ada/Chakravala,numerical/Ada/Chakravala/tests.adb,43,Unreferenced,Unused,local,,,no
numerical/Ada/Cipolla,numerical/Ada/Cipolla/tests.adb,48,Unreferenced,Unused,local,,,no
numerical/Ada/Cipolla,numerical/Ada/Cipolla/tests.adb,65,Unreferenced,Unused,local,,,no
numerical/Ada/Cipolla,numerical/Ada/Cipolla/tests.adb,96,Unreferenced,Unused,local,,,no
numerical/Ada/Cipolla,numerical/Ada/Cipolla/tests.adb,113,Unreferenced,Unused,local,,,no
numerical/Ada/Cipolla,numerical/Ada/Cipolla/tests.adb,361,Unreferenced,Unused,local,,,no
numerical/Ada/Cipolla,numerical/Ada/Cipolla/tests.adb,378,Unreferenced,Unused,local,,,no
numerical/Ada/Cipolla,numerical/Ada/Cipolla/tests.adb,395,Unreferenced,Unused,local,,,no
numerical/Ada/Dixon,numerical/Ada/Dixon/tests.adb,43,Unreferenced,Unused,local,,,no
numerical/Ada/Dixon,numerical/Ada/Dixon/tests.adb,61,Unreferenced,Unused,local,,,no
numerical/Ada/Dixon,numerical/Ada/Dixon/tests.adb,78,Unreferenced,Unused,local,,,no
numerical/Ada/Dixon,numerical/Ada/Dixon/tests.adb,395,Unreferenced,Unused,local,,,no
numerical/Ada/Dixon,numerical/Ada/Dixon/tests.adb,415,Unreferenced,Unused,local,,,no
numerical/Ada/Dixon,numerical/Ada/Dixon/tests.adb,436,Unreferenced,Unused,local,,,no
numerical/Ada/Euclidean-Algorithm,numerical/Ada/Euclidean-Algorithm/tests.adb,42,Unreferenced,Unused,local,,,no
numerical/Ada/Extended-Euclidean-Algorithm,numerical/Ada/Extended-Euclidean-Algorithm/tests.adb,43,Unreferenced,Unused,local,,,no
numerical/Ada/Fast-Fourier-Transform,numerical/Ada/Fast-Fourier-Transform/tests.adb,59,Unreferenced,Res,local,,,no
numerical/Ada/Fermat-Primality-Test,numerical/Ada/Fermat-Primality-Test/tests.adb,67,Unreferenced,Unused,local,,,no
numerical/Ada/Fermat-Primality-Test,numerical/Ada/Fermat-Primality-Test/tests.adb,84,Unreferenced,Unused,local,,,no
numerical/Ada/Fermat-Primality-Test,numerical/Ada/Fermat-Primality-Test/tests.adb,132,Unreferenced,Unused,local,,,no
numerical/Ada/Fermat-Primality-Test,numerical/Ada/Fermat-Primality-Test/tests.adb,324,Unreferenced,Ok_Comp,local,,,no
numerical/Ada/Furer,numerical/Ada/Furer/tests.adb,258,Unreferenced,Unused,local,,,no
numerical/Ada/Furer,numerical/Ada/Furer/tests.adb,272,Unreferenced,Unused,local,,,no
numerical/Ada/Furer,numerical/Ada/Furer/tests.adb,287,Unreferenced,Unused,local,,,no
numerical/Ada/Gauss-Newton,numerical/Ada/Gauss-Newton/tests.adb,429,Unreferenced,Unused,local,,,no
numerical/Ada/Gauss-Newton,numerical/Ada/Gauss-Newton/tests.adb,443,Unreferenced,Unused,local,,,no
numerical/Ada/Gauss-Newton,numerical/Ada/Gauss-Newton/tests.adb,457,Unreferenced,Unused,local,,,no
numerical/Ada/Gauss-Newton,numerical/Ada/Gauss-Newton/tests.adb,471,Unreferenced,Unused,local,,,no
numerical/Ada/Gauss-Newton,numerical/Ada/Gauss-Newton/tests.adb,485,Unreferenced,Unused,local,,,no
numerical/Ada/General-Number-Field-Sieve,numerical/Ada/General-Number-Field-Sieve/tests.adb,43,Unreferenced,Unused,local,,,no
numerical/Ada/General-Number-Field-Sieve,numerical/Ada/General-Number-Field-Sieve/tests.adb,61,Unreferenced,Unused,local,,,no
numerical/Ada/General-Number-Field-Sieve,numerical/Ada/General-Number-Field-Sieve/tests.adb,78,Unreferenced,Unused,local,,,no
numerical/Ada/General-Number-Field-Sieve,numerical/Ada/General-Number-Field-Sieve/tests.adb,95,Unreferenced,Unused,local,,,no
numerical/Ada/General-Number-Field-Sieve,numerical/Ada/General-Number-Field-Sieve/tests.adb,215,Unreferenced,Unused,local,,,no
numerical/Ada/General-Number-Field-Sieve,numerical/Ada/General-Number-Field-Sieve/tests.adb,444,Unreferenced,Unused,local,,,no
numerical/Ada/General-Number-Field-Sieve,numerical/Ada/General-Number-Field-Sieve/tests.adb,465,Unreferenced,Unused,local,,,no
numerical/Ada/Gradient-Descent,numerical/Ada/Gradient-Descent/tests.adb,508,Unreferenced,Dummy,local,,,no
numerical/Ada/Gradient-Descent,numerical/Ada/Gradient-Descent/tests.adb,522,Unreferenced,Dummy,local,,,no
numerical/Ada/Gradient-Descent,numerical/Ada/Gradient-Descent/tests.adb,536,Unreferenced,Dummy,local,,,no
numerical/Ada/Hybrid-Monte-Carlo,numerical/Ada/Hybrid-Monte-Carlo/tests.adb,442,Unreferenced,Ignore,local,,,no
numerical/Ada/Interior-Point-Method,numerical/Ada/Interior-Point-Method/tests.adb,233,Unreferenced,Unused,local,,,no
numerical/Ada/Interior-Point-Method,numerical/Ada/Interior-Point-Method/tests.adb,612,Unreferenced,R,local,,,no
numerical/Ada/Karatsuba,numerical/Ada/Karatsuba/tests.adb,316,Unreferenced,Unused,local,,,no
numerical/Ada/Karatsuba,numerical/Ada/Karatsuba/tests.adb,330,Unreferenced,Unused,local,,,no
numerical/Ada/Karatsuba,numerical/Ada/Karatsuba/tests.adb,345,Unreferenced,Unused,local,,,no
numerical/Ada/Lanczos,numerical/Ada/Lanczos/tests.adb,484,Unreferenced,Z,local,,,no
numerical/Ada/Levenberg-Marquardt,numerical/Ada/Levenberg-Marquardt/tests.adb,443,Unreferenced,Unused,local,,,no
numerical/Ada/Levenberg-Marquardt,numerical/Ada/Levenberg-Marquardt/tests.adb,457,Unreferenced,Unused,local,,,no
numerical/Ada/Levenberg-Marquardt,numerical/Ada/Levenberg-Marquardt/tests.adb,471,Unreferenced,Unused,local,,,no
numerical/Ada/Levenberg-Marquardt,numerical/Ada/Levenberg-Marquardt/tests.adb,485,Unreferenced,Unused,local,,,no
numerical/Ada/Levenberg-Marquardt,numerical/Ada/Levenberg-Marquardt/tests.adb,499,Unreferenced,Unused,local,,,no
numerical/Ada/Linear-Congruential-Generator,numerical/Ada/Linear-Congruential-Generator/tests.adb,39,Unreferenced,G,local,,,no
numerical/Ada/Linear-Congruential-Generator,numerical/Ada/Linear-Congruential-Generator/tests.adb,60,Unreferenced,X,local,,,no
numerical/Ada/Linear-Congruential-Generator,numerical/Ada/Linear-Congruential-Generator/tests.adb,71,Unreferenced,F,local,,,no
numerical/Ada/Linear-Congruential-Generator,numerical/Ada/Linear-Congruential-Generator/tests.adb,82,Unreferenced,X,local,,,no
numerical/Ada/Linear-Congruential-Generator,numerical/Ada/Linear-Congruential-Generator/tests.adb,93,Unreferenced,R,local,,,no
numerical/Ada/Linear-Congruential-Generator,numerical/Ada/Linear-Congruential-Generator/tests.adb,104,Unreferenced,R,local,,,no
numerical/Ada/Linear-Congruential-Generator,numerical/Ada/Linear-Congruential-Generator/tests.adb,115,Unreferenced,B,local,,,no
numerical/Ada/Linear-Congruential-Generator,numerical/Ada/Linear-Congruential-Generator/tests.adb,126,Unreferenced,B,local,,,no
numerical/Ada/Linear-Congruential-Generator,numerical/Ada/Linear-Congruential-Generator/tests.adb,137,Unreferenced,B,local,,,no
numerical/Ada/Linear-Congruential-Generator,numerical/Ada/Linear-Congruential-Generator/tests.adb,148,Unreferenced,B,local,,,no
numerical/Ada/Linear-Congruential-Generator,numerical/Ada/Linear-Congruential-Generator/tests.adb,159,Unreferenced,B,local,,,no
numerical/Ada/Lucas-Primality-Test,numerical/Ada/Lucas-Primality-Test/tests.adb,67,Unreferenced,Unused,local,,,no
numerical/Ada/Lucas-Primality-Test,numerical/Ada/Lucas-Primality-Test/tests.adb,84,Unreferenced,Unused,local,,,no
numerical/Ada/Lucas-Primality-Test,numerical/Ada/Lucas-Primality-Test/tests.adb,101,Unreferenced,Unused,local,,,no
numerical/Ada/Lucas-Primality-Test,numerical/Ada/Lucas-Primality-Test/tests.adb,122,Unreferenced,Unused,local,,,no
numerical/Ada/Lucas-Primality-Test,numerical/Ada/Lucas-Primality-Test/tests.adb,139,Unreferenced,Unused,local,,,no
numerical/Ada/MISER,numerical/Ada/MISER/miser.adb,305,Unreferenced,X,parameter,yes,-------------------------------------------------------------------------,yes
numerical/Ada/MISER,numerical/Ada/MISER/miser.adb,311,Unreferenced,X,parameter,yes,,yes
numerical/Ada/MISER,numerical/Ada/MISER/tests.adb,392,Unreferenced,Unused,local,,,no
numerical/Ada/Metropolis-Hastings,numerical/Ada/Metropolis-Hastings/tests.adb,397,Unreferenced,R,local,,,no
numerical/Ada/Metropolis-Hastings,numerical/Ada/Metropolis-Hastings/tests.adb,411,Unreferenced,R,local,,,no
numerical/Ada/Metropolis-Hastings,numerical/Ada/Metropolis-Hastings/tests.adb,426,Unreferenced,R,local,,,no
numerical/Ada/Metropolis-Light-Transport,numerical/Ada/Metropolis-Light-Transport/metropolis_light_transport.adb,78,Unreferenced,Current_Path,parameter,,,no
numerical/Ada/Metropolis-Light-Transport,numerical/Ada/Metropolis-Light-Transport/tests.adb,163,Unreferenced,Dummy_Path,local,,,no
numerical/Ada/Miller-Rabin,numerical/Ada/Miller-Rabin/tests.adb,67,Unreferenced,Unused,local,,,no
numerical/Ada/Miller-Rabin,numerical/Ada/Miller-Rabin/tests.adb,84,Unreferenced,Unused,local,,,no
numerical/Ada/Miller-Rabin,numerical/Ada/Miller-Rabin/tests.adb,144,Unreferenced,Unused,local,,,no
numerical/Ada/Newton-Raphson-Division,numerical/Ada/Newton-Raphson-Division/tests.adb,87,Unreferenced,Unused,local,,,no
numerical/Ada/Newton-Raphson-Division,numerical/Ada/Newton-Raphson-Division/tests.adb,101,Unreferenced,Unused,local,,,no
numerical/Ada/Newton-Raphson-Division,numerical/Ada/Newton-Raphson-Division/tests.adb,124,Unreferenced,Unused,local,,,no
numerical/Ada/Newton-Raphson-Division,numerical/Ada/Newton-Raphson-Division/tests.adb,237,Unreferenced,Unused,local,,,no
numerical/Ada/Newton-Raphson-Division,numerical/Ada/Newton-Raphson-Division/tests.adb,252,Unreferenced,Unused,local,,,no
numerical/Ada/Newton-Raphson-Division,numerical/Ada/Newton-Raphson-Division/tests.adb,267,Unreferenced,Unused,local,,,no
numerical/Ada/Partial-Least-Squares,numerical/Ada/Partial-Least-Squares/tests.adb,161,Unreferenced,U,local,,,no
numerical/Ada/Partial-Least-Squares,numerical/Ada/Partial-Least-Squares/tests.adb,356,Unreferenced,Unused,local,,,no
numerical/Ada/Partial-Least-Squares,numerical/Ada/Partial-Least-Squares/tests.adb,490,Unreferenced,W,local,,,no
numerical/Ada/Pollards-Kangaroo-Algorithm,numerical/Ada/Pollards-Kangaroo-Algorithm/tests.adb,66,Unreferenced,Unused,local,,,no
numerical/Ada/Pollards-Kangaroo-Algorithm,numerical/Ada/Pollards-Kangaroo-Algorithm/tests.adb,83,Unreferenced,Unused,local,,,no
numerical/Ada/Pollards-Kangaroo-Algorithm,numerical/Ada/Pollards-Kangaroo-Algorithm/tests.adb,103,Unreferenced,Unused,local,,,no
numerical/Ada/Pollards-Kangaroo-Algorithm,numerical/Ada/Pollards-Kangaroo-Algorithm/tests.adb,123,Unreferenced,Unused,local,,,no
numerical/Ada/Pollards-P-1,numerical/Ada/Pollards-P-1/tests.adb,43,Unreferenced,Unused,local,,,no
numerical/Ada/Pollards-P-1,numerical/Ada/Pollards-P-1/tests.adb,60,Unreferenced,Unused,local,,,no
numerical/Ada/Pollards-P-1,numerical/Ada/Pollards-P-1/tests.adb,79,Unreferenced,Unused,local,,,no
numerical/Ada/Pollards-P-1,numerical/Ada/Pollards-P-1/tests.adb,96,Unreferenced,Unused,local,,,no
numerical/Ada/Pollards-Rho-Logarithms,numerical/Ada/Pollards-Rho-Logarithms/pollards_rho_logarithms.adb,136,Unreferenced,Y,local,,,no
numerical/Ada/Pollards-Rho-Logarithms,numerical/Ada/Pollards-Rho-Logarithms/tests.adb,44,Unreferenced,Unused,local,,,no
numerical/Ada/Pollards-Rho-Logarithms,numerical/Ada/Pollards-Rho-Logarithms/tests.adb,61,Unreferenced,Unused,local,,,no
numerical/Ada/Pollards-Rho-Logarithms,numerical/Ada/Pollards-Rho-Logarithms/tests.adb,78,Unreferenced,Unused,local,,,no
numerical/Ada/Pollards-Rho-Logarithms,numerical/Ada/Pollards-Rho-Logarithms/tests.adb,98,Unreferenced,Unused,local,,,no
numerical/Ada/Pollards-Rho,numerical/Ada/Pollards-Rho/tests.adb,43,Unreferenced,Unused,local,,,no
numerical/Ada/Pollards-Rho,numerical/Ada/Pollards-Rho/tests.adb,60,Unreferenced,Unused,local,,,no
numerical/Ada/Pollards-Rho,numerical/Ada/Pollards-Rho/tests.adb,77,Unreferenced,Unused,local,,,no
numerical/Ada/Pollards-Rho,numerical/Ada/Pollards-Rho/tests.adb,94,Unreferenced,Unused,local,,,no
numerical/Ada/Primality-Test,numerical/Ada/Primality-Test/tests.adb,115,Unreferenced,Unused,local,,,no
numerical/Ada/Primality-Test,numerical/Ada/Primality-Test/tests.adb,129,Unreferenced,Unused,local,,,no
numerical/Ada/Primality-Test,numerical/Ada/Primality-Test/tests.adb,201,Unreferenced,Unused,local,,,no
numerical/Ada/Primality-Test,numerical/Ada/Primality-Test/tests.adb,245,Unreferenced,Unused,local,,,no
numerical/Ada/Primality-Test,numerical/Ada/Primality-Test/tests.adb,291,Unreferenced,Unused,local,,,no
numerical/Ada/Primality-Test,numerical/Ada/Primality-Test/tests.adb,305,Unreferenced,Unused,local,,,no
numerical/Ada/Primality-Test,numerical/Ada/Primality-Test/tests.adb,320,Unreferenced,Unused,local,,,no
numerical/Ada/Primality-Test,numerical/Ada/Primality-Test/tests.adb,335,Unreferenced,Unused,local,,,no
numerical/Ada/Primality-Test,numerical/Ada/Primality-Test/tests.adb,350,Unreferenced,Unused,local,,,no
numerical/Ada/Prime-Factorization,numerical/Ada/Prime-Factorization/tests.adb,59,Unreferenced,Fl,local,,,no
numerical/Ada/Prime-Factorization,numerical/Ada/Prime-Factorization/tests.adb,150,Unreferenced,Unused,local,,,no
numerical/Ada/Prime-Factorization,numerical/Ada/Prime-Factorization/tests.adb,207,Unreferenced,Unused,local,,,no
numerical/Ada/Prime-Factorization,numerical/Ada/Prime-Factorization/tests.adb,221,Unreferenced,Unused,local,,,no
numerical/Ada/Prime-Factorization,numerical/Ada/Prime-Factorization/tests.adb,235,Unreferenced,Unused,local,,,no
numerical/Ada/Prime-Factorization,numerical/Ada/Prime-Factorization/tests.adb,273,Unreferenced,Unused,local,,,no
numerical/Ada/Prime-Factorization,numerical/Ada/Prime-Factorization/tests.adb,305,Unreferenced,Unused,local,,,no
numerical/Ada/Prime-Factorization,numerical/Ada/Prime-Factorization/tests.adb,361,Unreferenced,Unused,local,,,no
numerical/Ada/Prime-Factorization,numerical/Ada/Prime-Factorization/tests.adb,375,Unreferenced,Unused,local,,,no
numerical/Ada/Prime-Factorization,numerical/Ada/Prime-Factorization/tests.adb,389,Unreferenced,Unused,local,,,no
numerical/Ada/Prime-Factorization,numerical/Ada/Prime-Factorization/tests.adb,403,Unreferenced,Unused,local,,,no
numerical/Ada/Prime-Factorization,numerical/Ada/Prime-Factorization/tests.adb,417,Unreferenced,Unused,local,,,no
numerical/Ada/Prime-Factorization,numerical/Ada/Prime-Factorization/tests.adb,431,Unreferenced,Unused,local,,,no
numerical/Ada/Prime-Factorization,numerical/Ada/Prime-Factorization/tests.adb,445,Unreferenced,Unused,local,,,no
numerical/Ada/Prime-Factorization,numerical/Ada/Prime-Factorization/tests.adb,459,Unreferenced,Unused,local,,,no
numerical/Ada/Quadratic-Sieve,numerical/Ada/Quadratic-Sieve/tests.adb,43,Unreferenced,Unused,local,,,no
numerical/Ada/Quadratic-Sieve,numerical/Ada/Quadratic-Sieve/tests.adb,60,Unreferenced,Unused,local,,,no
numerical/Ada/Quadratic-Sieve,numerical/Ada/Quadratic-Sieve/tests.adb,78,Unreferenced,Unused,local,,,no
numerical/Ada/Quadratic-Sieve,numerical/Ada/Quadratic-Sieve/tests.adb,95,Unreferenced,Unused,local,,,no
numerical/Ada/Quadratic-Sieve,numerical/Ada/Quadratic-Sieve/tests.adb,242,Unreferenced,Unused,local,,,no
numerical/Ada/Quadratic-Sieve,numerical/Ada/Quadratic-Sieve/tests.adb,269,Unreferenced,Unused,local,,,no
numerical/Ada/Quadratic-Sieve,numerical/Ada/Quadratic-Sieve/tests.adb,479,Unreferenced,Unused,local,,,no
numerical/Ada/Quadratic-Sieve,numerical/Ada/Quadratic-Sieve/tests.adb,499,Unreferenced,Unused,local,,,no
numerical/Ada/Runge-Kutta,numerical/Ada/Runge-Kutta/runge_kutta.adb,228,Unreferenced,T,parameter,yes,-------------------------------------------------------------------------,yes
numerical/Ada/Runge-Kutta,numerical/Ada/Runge-Kutta/runge_kutta.adb,234,Unreferenced,T,parameter,yes,,yes
numerical/Ada/Runge-Kutta,numerical/Ada/Runge-Kutta/runge_kutta.adb,240,Unreferenced,T,parameter,yes,,yes
numerical/Ada/Runge-Kutta,numerical/Ada/Runge-Kutta/runge_kutta.adb,246,Unreferenced,T,parameter,yes,,yes
numerical/Ada/Runge-Kutta,numerical/Ada/Runge-Kutta/runge_kutta.adb,252,Unreferenced,T,parameter,yes,,yes
numerical/Ada/Runge-Kutta,numerical/Ada/Runge-Kutta/tests.adb,323,Unreferenced,Dummy,local,,,no
numerical/Ada/Runge-Kutta,numerical/Ada/Runge-Kutta/tests.adb,337,Unreferenced,Dummy,local,,,no
numerical/Ada/Runge-Kutta,numerical/Ada/Runge-Kutta/tests.adb,351,Unreferenced,Dummy,local,,,no
numerical/Ada/Runge-Kutta,numerical/Ada/Runge-Kutta/tests.adb,365,Unreferenced,Dummy,local,,,no
numerical/Ada/Runge-Kutta,numerical/Ada/Runge-Kutta/tests.adb,379,Unreferenced,Dummy,local,,,no
numerical/Ada/Runge-Kutta,numerical/Ada/Runge-Kutta/tests.adb,393,Unreferenced,Dummy,local,,,no
numerical/Ada/Runge-Kutta,numerical/Ada/Runge-Kutta/tests.adb,407,Unreferenced,Dummy,local,,,no
numerical/Ada/Runge-Kutta,numerical/Ada/Runge-Kutta/tests.adb,421,Unreferenced,Dummy,local,,,no
numerical/Ada/Runge-Kutta,numerical/Ada/Runge-Kutta/tests.adb,435,Unreferenced,Dummy,local,,,no
numerical/Ada/Secant-Method,numerical/Ada/Secant-Method/tests.adb,16,Unreferenced,X,parameter,yes,"-- f(x) = 5 (Flat function, no roots) -- Prevents the -gnatwu warning",yes
numerical/Ada/Sieve-Of-Atkin,numerical/Ada/Sieve-Of-Atkin/tests.adb,43,Unreferenced,Unused,local,,,no
numerical/Ada/Sieve-Of-Atkin,numerical/Ada/Sieve-Of-Atkin/tests.adb,170,Unreferenced,B,local,,,no
numerical/Ada/Sieve-Of-Atkin,numerical/Ada/Sieve-Of-Atkin/tests.adb,280,Unreferenced,P,local,,,no
numerical/Ada/Sieve-Of-Eratosthenes,numerical/Ada/Sieve-Of-Eratosthenes/tests.adb,43,Unreferenced,Unused,local,,,no
numerical/Ada/Sieve-Of-Eratosthenes,numerical/Ada/Sieve-Of-Eratosthenes/tests.adb,140,Unreferenced,B,local,,,no
numerical/Ada/Sieve-Of-Eratosthenes,numerical/Ada/Sieve-Of-Eratosthenes/tests.adb,250,Unreferenced,P,local,,,no
numerical/Ada/Special-Number-Field-Sieve,numerical/Ada/Special-Number-Field-Sieve/tests.adb,43,Unreferenced,Unused,local,,,no
numerical/Ada/Special-Number-Field-Sieve,numerical/Ada/Special-Number-Field-Sieve/tests.adb,61,Unreferenced,Unused,local,,,no
numerical/Ada/Special-Number-Field-Sieve,numerical/Ada/Special-Number-Field-Sieve/tests.adb,78,Unreferenced,Unused,local,,,no
numerical/Ada/Special-Number-Field-Sieve,numerical/Ada/Special-Number-Field-Sieve/tests.adb,95,Unreferenced,Unused,local,,,no
numerical/Ada/Special-Number-Field-Sieve,numerical/Ada/Special-Number-Field-Sieve/tests.adb,434,Unreferenced,Unused,local,,,no
numerical/Ada/Special-Number-Field-Sieve,numerical/Ada/Special-Number-Field-Sieve/tests.adb,455,Unreferenced,Unused,local,,,no
numerical/Ada/Tonelli-Shanks,numerical/Ada/Tonelli-Shanks/tests.adb,48,Unreferenced,Unused,local,,,no
numerical/Ada/Tonelli-Shanks,numerical/Ada/Tonelli-Shanks/tests.adb,65,Unreferenced,Unused,local,,,no
numerical/Ada/Tonelli-Shanks,numerical/Ada/Tonelli-Shanks/tests.adb,96,Unreferenced,Unused,local,,,no
numerical/Ada/Tonelli-Shanks,numerical/Ada/Tonelli-Shanks/tests.adb,113,Unreferenced,Unused,local,,,no
numerical/Ada/Tonelli-Shanks,numerical/Ada/Tonelli-Shanks/tests.adb,340,Unreferenced,Unused,local,,,no
numerical/Ada/Tonelli-Shanks,numerical/Ada/Tonelli-Shanks/tests.adb,357,Unreferenced,Unused,local,,,no
numerical/Ada/Trigonometric-Interpolation,numerical/Ada/Trigonometric-Interpolation/tests.adb,53,Unreferenced,C,local,,,no
parsing/Ada/LL-Parser,parsing/Ada/LL-Parser/ll_parser.adb,363,Unreferenced,Lookahead_Depth,parameter,,--------------------------,yes
parsing/Ada/LL-Parser,parsing/Ada/LL-Parser/tests.adb,38,Unreferenced,Dummy,local,,,no
parsing/Ada/LL-Parser,parsing/Ada/LL-Parser/tests.adb,107,Unreferenced,Dummy,local,,,no
parsing/Ada/LL-Parser,parsing/Ada/LL-Parser/tests.adb,164,Unreferenced,Dummy,local,,,no
parsing/Ada/Simple-LR-Parser,parsing/Ada/Simple-LR-Parser/tests.adb,158,Unreferenced,Tokens,local,,,no
parsing/Ada/Simple-LR-Parser,parsing/Ada/Simple-LR-Parser/tests.adb,180,Unreferenced,Result,local,,,no
searching/Ada/Beam-Search,searching/Ada/Beam-Search/beam_search.adb,318,Unreferenced,Count,local,,,no
searching/Ada/Beam-Search,searching/Ada/Beam-Search/beam_search.adb,318,Unreferenced,Exp,local,,,no
searching/Ada/Beam-Search,searching/Ada/Beam-Search/beam_search.adb,344,Unreferenced,Count,local,,,no
searching/Ada/Beam-Search,searching/Ada/Beam-Search/tests.adb,64,Unreferenced,Ok,local,,,no
searching/Ada/Beam-Search,searching/Ada/Beam-Search/tests.adb,64,Unreferenced,Length,local,,,no
searching/Ada/Beam-Search,searching/Ada/Beam-Search/tests.adb,82,Unreferenced,Ok,local,,,no
searching/Ada/Beam-Search,searching/Ada/Beam-Search/tests.adb,82,Unreferenced,Length,local,,,no
searching/Ada/Beam-Search,searching/Ada/Beam-Search/tests.adb,98,Unreferenced,Ok,local,,,no
searching/Ada/Beam-Search,searching/Ada/Beam-Search/tests.adb,98,Unreferenced,Length,local,,,no
searching/Ada/Beam-Search,searching/Ada/Beam-Search/tests.adb,532,Unreferenced,B,local,,,no
searching/Ada/Beam-Search,searching/Ada/Beam-Search/tests.adb,532,Unreferenced,L,local,,,no
searching/Ada/Best-First-Search,searching/Ada/Best-First-Search/best_first_search.adb,323,Unreferenced,Count,local,,,no
searching/Ada/Best-First-Search,searching/Ada/Best-First-Search/best_first_search.adb,323,Unreferenced,Exp,local,,,no
searching/Ada/Best-First-Search,searching/Ada/Best-First-Search/best_first_search.adb,346,Unreferenced,Count,local,,,no
searching/Ada/Best-First-Search,searching/Ada/Best-First-Search/tests.adb,63,Unreferenced,Ok,local,,,no
searching/Ada/Best-First-Search,searching/Ada/Best-First-Search/tests.adb,63,Unreferenced,Length,local,,,no
searching/Ada/Best-First-Search,searching/Ada/Best-First-Search/tests.adb,81,Unreferenced,Ok,local,,,no
searching/Ada/Best-First-Search,searching/Ada/Best-First-Search/tests.adb,81,Unreferenced,Length,local,,,no
searching/Ada/Best-First-Search,searching/Ada/Best-First-Search/tests.adb,527,Unreferenced,B,local,,,no
searching/Ada/Best-First-Search,searching/Ada/Best-First-Search/tests.adb,527,Unreferenced,L,local,,,no
searching/Ada/Bidirectional-Search,searching/Ada/Bidirectional-Search/bidirectional_search.adb,141,Unreferenced,N,local,,,no
searching/Ada/Bidirectional-Search,searching/Ada/Bidirectional-Search/bidirectional_search.adb,393,Unreferenced,N,local,,,no
searching/Ada/Bidirectional-Search,searching/Ada/Bidirectional-Search/bidirectional_search.adb,416,Unreferenced,Dist_Out,local,,,no
searching/Ada/Bidirectional-Search,searching/Ada/Bidirectional-Search/bidirectional_search.adb,439,Unreferenced,Length,local,,,no
searching/Ada/Bidirectional-Search,searching/Ada/Bidirectional-Search/tests.adb,63,Unreferenced,Ok,local,,,no
searching/Ada/Bidirectional-Search,searching/Ada/Bidirectional-Search/tests.adb,63,Unreferenced,Length,local,,,no
searching/Ada/Bidirectional-Search,searching/Ada/Bidirectional-Search/tests.adb,76,Unreferenced,D,local,,,no
searching/Ada/Bidirectional-Search,searching/Ada/Bidirectional-Search/tests.adb,89,Unreferenced,D,local,,,no
searching/Ada/Bidirectional-Search,searching/Ada/Bidirectional-Search/tests.adb,102,Unreferenced,R,local,,,no
searching/Ada/Binary-Search,searching/Ada/Binary-Search/tests.adb,66,Unreferenced,Unused,local,,,no
searching/Ada/Binary-Search,searching/Ada/Binary-Search/tests.adb,77,Unreferenced,Unused,local,,,no
searching/Ada/Binary-Search,searching/Ada/Binary-Search/tests.adb,88,Unreferenced,Unused,local,,,no
searching/Ada/Breadth-First-Search,searching/Ada/Breadth-First-Search/breadth_first_search.adb,213,Unreferenced,Count,local,,,no
searching/Ada/Breadth-First-Search,searching/Ada/Breadth-First-Search/breadth_first_search.adb,237,Unreferenced,Count,local,,,no
searching/Ada/Breadth-First-Search,searching/Ada/Breadth-First-Search/tests.adb,62,Unreferenced,Count,local,,,no
searching/Ada/Breadth-First-Search,searching/Ada/Breadth-First-Search/tests.adb,88,Unreferenced,D,local,,,no
searching/Ada/Breadth-First-Search,searching/Ada/Breadth-First-Search/tests.adb,101,Unreferenced,R,local,,,no
searching/Ada/Breadth-First-Search,searching/Ada/Breadth-First-Search/tests.adb,117,Unreferenced,Ok,local,,,no
searching/Ada/Breadth-First-Search,searching/Ada/Breadth-First-Search/tests.adb,117,Unreferenced,Length,local,,,no
searching/Ada/Brute-Force-Search,searching/Ada/Brute-Force-Search/tests.adb,62,Unreferenced,Unused,local,,,no
searching/Ada/Brute-Force-Search,searching/Ada/Brute-Force-Search/tests.adb,75,Unreferenced,Unused,local,,,no
searching/Ada/Brute-Force-Search,searching/Ada/Brute-Force-Search/tests.adb,86,Unreferenced,Unused,local,,,no
searching/Ada/Brute-Force-Search,searching/Ada/Brute-Force-Search/tests.adb,97,Unreferenced,Unused,local,,,no
searching/Ada/Brute-Force-Search,searching/Ada/Brute-Force-Search/tests.adb,108,Unreferenced,Unused,local,,,no
searching/Ada/Chien-Search,searching/Ada/Chien-Search/tests.adb,156,Unreferenced,Unused,local,,,no
searching/Ada/Chien-Search,searching/Ada/Chien-Search/tests.adb,191,Unreferenced,Unused,local,,,no
searching/Ada/Depth-First-Search,searching/Ada/Depth-First-Search/tests.adb,61,Unreferenced,Count,local,,,no
searching/Ada/Depth-First-Search,searching/Ada/Depth-First-Search/tests.adb,75,Unreferenced,Count,local,,,no
searching/Ada/Depth-First-Search,searching/Ada/Depth-First-Search/tests.adb,88,Unreferenced,R,local,,,no
searching/Ada/Depth-First-Search,searching/Ada/Depth-First-Search/tests.adb,178,Unreferenced,G,parameter,,,no
searching/Ada/Fibonacci-Search,searching/Ada/Fibonacci-Search/tests.adb,125,Unreferenced,Unused,local,,,no
searching/Ada/Grid-Search,searching/Ada/Grid-Search/tests.adb,284,Unreferenced,R,local,,,no
searching/Ada/Grid-Search,searching/Ada/Grid-Search/tests.adb,531,Unreferenced,Stop,parameter,yes,,yes
searching/Ada/Grid-Search,searching/Ada/Grid-Search/tests.adb,645,Unreferenced,X,parameter,yes,,yes
searching/Ada/Grid-Search,searching/Ada/Grid-Search/tests.adb,645,Unreferenced,Rank,parameter,yes,,yes
searching/Ada/Grid-Search,searching/Ada/Grid-Search/tests.adb,645,Unreferenced,Stop,parameter,yes,,yes
searching/Ada/Hyperlink-Induced-Topic-Search,searching/Ada/Hyperlink-Induced-Topic-Search/tests.adb,90,Unreferenced,It,local,,,no
searching/Ada/Hyperlink-Induced-Topic-Search,searching/Ada/Hyperlink-Induced-Topic-Search/tests.adb,103,Unreferenced,X,local,,,no
searching/Ada/Interpolation-Search,searching/Ada/Interpolation-Search/tests.adb,73,Unreferenced,Unused,local,,,no
searching/Ada/Introselect,searching/Ada/Introselect/tests.adb,88,Unreferenced,X,local,,,no
searching/Ada/Introselect,searching/Ada/Introselect/tests.adb,100,Unreferenced,X,local,,,no
searching/Ada/Introselect,searching/Ada/Introselect/tests.adb,495,Unreferenced,V,local,,,no
searching/Ada/Iterative-Deepening-Depth-First-Search,searching/Ada/Iterative-Deepening-Depth-First-Search/iterative_deepening_dfs.adb,170,Unreferenced,R,local,,,no
searching/Ada/Iterative-Deepening-Depth-First-Search,searching/Ada/Iterative-Deepening-Depth-First-Search/tests.adb,63,Unreferenced,Ok,local,,,no
searching/Ada/Iterative-Deepening-Depth-First-Search,searching/Ada/Iterative-Deepening-Depth-First-Search/tests.adb,63,Unreferenced,Length,local,,,no
searching/Ada/Iterative-Deepening-Depth-First-Search,searching/Ada/Iterative-Deepening-Depth-First-Search/tests.adb,79,Unreferenced,Ok,local,,,no
searching/Ada/Iterative-Deepening-Depth-First-Search,searching/Ada/Iterative-Deepening-Depth-First-Search/tests.adb,79,Unreferenced,Length,local,,,no
searching/Ada/Jump-Point-Search,searching/Ada/Jump-Point-Search/tests.adb,62,Unreferenced,Unused,local,,,no
searching/Ada/Jump-Point-Search,searching/Ada/Jump-Point-Search/tests.adb,76,Unreferenced,Ok,local,,,no
searching/Ada/Jump-Point-Search,searching/Ada/Jump-Point-Search/tests.adb,90,Unreferenced,Ok,local,,,no
searching/Ada/Jump-Point-Search,searching/Ada/Jump-Point-Search/tests.adb,103,Unreferenced,Unused,local,,,no
searching/Ada/Jump-Point-Search,searching/Ada/Jump-Point-Search/tests.adb,386,Unreferenced,OO,local,,,no
searching/Ada/Jump-Point-Search,searching/Ada/Jump-Point-Search/tests.adb,656,Unreferenced,Deltas,local,,,no
searching/Ada/Jump-Search,searching/Ada/Jump-Search/tests.adb,95,Unreferenced,Unused,local,,,no
searching/Ada/Jump-Search,searching/Ada/Jump-Search/tests.adb,110,Unreferenced,Unused,local,,,no
searching/Ada/Line-Search,searching/Ada/Line-Search/line_search.adb,220,Unreferenced,Attempt,unknown,,,no
searching/Ada/Line-Search,searching/Ada/Line-Search/line_search.adb,279,Unreferenced,Attempt,unknown,,,no
searching/Ada/Line-Search,searching/Ada/Line-Search/line_search.adb,337,Unreferenced,Iter,unknown,,,no
searching/Ada/Line-Search,searching/Ada/Line-Search/line_search.adb,477,Unreferenced,A,parameter,,,no
searching/Ada/Linear-Search,searching/Ada/Linear-Search/tests.adb,65,Unreferenced,Unused,local,,,no
searching/Ada/Linear-Search,searching/Ada/Linear-Search/tests.adb,80,Unreferenced,Unused,local,,,no
searching/Ada/Linear-Search,searching/Ada/Linear-Search/tests.adb,94,Unreferenced,Unused,local,,,no
searching/Ada/Local-Search,searching/Ada/Local-Search/local_search.adb,214,Unreferenced,Step_I,unknown,,,no
searching/Ada/Local-Search,searching/Ada/Local-Search/local_search.adb,277,Unreferenced,Step_I,unknown,,,no
searching/Ada/Local-Search,searching/Ada/Local-Search/local_search.adb,369,Unreferenced,Flip_I,unknown,,,no
searching/Ada/Local-Search,searching/Ada/Local-Search/local_search.adb,407,Unreferenced,Iter,unknown,,--  Outer ILS loop: perturb → climb → accept if better (or equal cost --  with different bits to allow plateaus / diversification lightly).,yes
searching/Ada/Local-Search,searching/Ada/Local-Search/local_search.adb,560,Unreferenced,Step_I,unknown,,,no
searching/Ada/Nearest-Neighbor-Search,searching/Ada/Nearest-Neighbor-Search/tests.adb,534,Unreferenced,Unused,local,,,no
searching/Ada/Quantum-Walk-Search,searching/Ada/Quantum-Walk-Search/quantum_walk_search.adb,51,Unreferenced,Start_Vertex,parameter,yes,,yes
searching/Ada/Quantum-Walk-Search,searching/Ada/Quantum-Walk-Search/tests.adb,188,Unreferenced,P,local,,,no
searching/Ada/Quantum-Walk-Search,searching/Ada/Quantum-Walk-Search/tests.adb,211,Unreferenced,P,local,,,no
searching/Ada/Quickselect,searching/Ada/Quickselect/tests.adb,88,Unreferenced,X,local,,,no
searching/Ada/Quickselect,searching/Ada/Quickselect/tests.adb,100,Unreferenced,X,local,,,no
searching/Ada/Quickselect,searching/Ada/Quickselect/tests.adb,498,Unreferenced,V,local,,,no
searching/Ada/Random-Search,searching/Ada/Random-Search/tests.adb,468,Unreferenced,R,local,,,no
searching/Ada/Substring-Search,searching/Ada/Substring-Search/tests.adb,98,Unreferenced,Unused,local,,,no
searching/Ada/Substring-Search,searching/Ada/Substring-Search/tests.adb,111,Unreferenced,Unused,local,,,no
searching/Ada/Substring-Search,searching/Ada/Substring-Search/tests.adb,125,Unreferenced,Unused,local,,,no
searching/Ada/Substring-Search,searching/Ada/Substring-Search/tests.adb,139,Unreferenced,Unused,local,,,no
searching/Ada/Substring-Search,searching/Ada/Substring-Search/tests.adb,152,Unreferenced,Unused,local,,,no
searching/Ada/Substring-Search,searching/Ada/Substring-Search/tests.adb,166,Unreferenced,Unused,local,,,no
searching/Ada/Substring-Search,searching/Ada/Substring-Search/tests.adb,180,Unreferenced,Unused,local,,,no
searching/Ada/Trigram-Search,searching/Ada/Trigram-Search/tests.adb,48,Unreferenced,Unused,local,,,no
searching/Ada/Trigram-Search,searching/Ada/Trigram-Search/tests.adb,59,Unreferenced,Unused,local,,,no
searching/Ada/Trigram-Search,searching/Ada/Trigram-Search/tests.adb,70,Unreferenced,Unused,local,,,no
searching/Ada/Trigram-Search,searching/Ada/Trigram-Search/tests.adb,81,Unreferenced,Unused,local,,,no
searching/Ada/Trigram-Search,searching/Ada/Trigram-Search/tests.adb,92,Unreferenced,Unused,local,,,no
searching/Ada/Trigram-Search,searching/Ada/Trigram-Search/tests.adb,103,Unreferenced,Unused,local,,,no
searching/Ada/Uniform-Binary-Search,searching/Ada/Uniform-Binary-Search/tests.adb,304,Unreferenced,Dummy,local,,,no
searching/Ada/Uniform-Binary-Search,searching/Ada/Uniform-Binary-Search/tests.adb,319,Unreferenced,Dummy,local,,,no
sorting/Ada/Bogosort,sorting/Ada/Bogosort/bogosort.adb,70,Unreferenced,Dummy,local,,,no
sorting/Ada/Burstsort,sorting/Ada/Burstsort/tests.adb,103,Unreferenced,B,local,,,no
sorting/Ada/Cycle-Sort,sorting/Ada/Cycle-Sort/cycle_sort.adb,85,Unreferenced,Writes,local,,,no
sorting/Ada/Pancake-Sorting,sorting/Ada/Pancake-Sorting/pancake_sorting.adb,125,Unreferenced,Count,local,,,no
sorting/Ada/Smoothsort,sorting/Ada/Smoothsort/tests.adb,82,Unreferenced,Unused,local,,,no
sorting/Ada/Sorted-List,sorting/Ada/Sorted-List/tests.adb,67,Unreferenced,Unused,local,,,no
sorting/Ada/Sorted-List,sorting/Ada/Sorted-List/tests.adb,78,Unreferenced,Unused,local,,,no
sorting/Ada/Sorted-List,sorting/Ada/Sorted-List/tests.adb,89,Unreferenced,Unused,local,,,no
sorting/Ada/Tournament-Selection,sorting/Ada/Tournament-Selection/tests.adb,186,Unreferenced,I,unknown,,,no
sorting/Ada/Tournament-Selection,sorting/Ada/Tournament-Selection/tests.adb,261,Unreferenced,Unused,local,,,no
sorting/Ada/Tournament-Selection,sorting/Ada/Tournament-Selection/tests.adb,275,Unreferenced,Unused,local,,,no
sorting/Ada/Tournament-Selection,sorting/Ada/Tournament-Selection/tests.adb,290,Unreferenced,T,unknown,,,no
sorting/Ada/Tournament-Selection,sorting/Ada/Tournament-Selection/tests.adb,343,Unreferenced,T,unknown,,,no
sorting/Ada/Tournament-Selection,sorting/Ada/Tournament-Selection/tests.adb,358,Unreferenced,T,unknown,,,no
sorting/Ada/Tournament-Selection,sorting/Ada/Tournament-Selection/tests.adb,375,Unreferenced,T,unknown,,,no
sorting/Ada/Tournament-Selection,sorting/Ada/Tournament-Selection/tests.adb,394,Unreferenced,Unused,local,,,no
sorting/Ada/Tournament-Selection,sorting/Ada/Tournament-Selection/tests.adb,409,Unreferenced,Unused,local,,,no
sorting/Ada/Tournament-Selection,sorting/Ada/Tournament-Selection/tests.adb,439,Unreferenced,T,unknown,,,no
sorting/Ada/Tournament-Selection,sorting/Ada/Tournament-Selection/tests.adb,454,Unreferenced,T,unknown,,,no
sorting/Ada/Tournament-Selection,sorting/Ada/Tournament-Selection/tests.adb,493,Unreferenced,T,unknown,,,no
sorting/Ada/Tournament-Selection,sorting/Ada/Tournament-Selection/tests.adb,525,Unreferenced,T,unknown,,,no
sorting/Ada/Tournament-Selection,sorting/Ada/Tournament-Selection/tests.adb,535,Unreferenced,T,unknown,,,no
sorting/Ada/Tournament-Selection,sorting/Ada/Tournament-Selection/tests.adb,545,Unreferenced,T,unknown,,,no
sorting/Ada/Tournament-Selection,sorting/Ada/Tournament-Selection/tests.adb,556,Unreferenced,T,unknown,,,no
sorting/Ada/Tournament-Selection,sorting/Ada/Tournament-Selection/tests.adb,658,Unreferenced,Unused,local,,,no
sorting/Ada/Tournament-Selection,sorting/Ada/Tournament-Selection/tests.adb,671,Unreferenced,Unused,local,,,no
sorting/Ada/Tournament-Selection,sorting/Ada/Tournament-Selection/tests.adb,684,Unreferenced,Unused,local,,,no
sorting/Ada/Tournament-Selection,sorting/Ada/Tournament-Selection/tests.adb,698,Unreferenced,Unused,local,,,no
sorting/Ada/Tournament-Selection,sorting/Ada/Tournament-Selection/tests.adb,712,Unreferenced,Unused,local,,,no
sorting/Ada/Tournament-Selection,sorting/Ada/Tournament-Selection/tests.adb,737,Unreferenced,T,unknown,,--  Large K with replacement + P=1 strongly favors best,yes
sorting/Ada/Tournament-Selection,sorting/Ada/Tournament-Selection/tests.adb,749,Unreferenced,T,unknown,,,no
strings/Ada/Aho-Corasick,strings/Ada/Aho-Corasick/tests.adb,76,Unreferenced,Unused,local,,,no
strings/Ada/Aho-Corasick,strings/Ada/Aho-Corasick/tests.adb,89,Unreferenced,Unused,local,,,no
strings/Ada/Aho-Corasick,strings/Ada/Aho-Corasick/tests.adb,105,Unreferenced,Unused,local,,,no
strings/Ada/Aho-Corasick,strings/Ada/Aho-Corasick/tests.adb,285,Unreferenced,L,local,,,no
strings/Ada/Aho-Corasick,strings/Ada/Aho-Corasick/tests.adb,296,Unreferenced,L,local,,,no
strings/Ada/Boyer-Moore-Horspool,strings/Ada/Boyer-Moore-Horspool/tests.adb,71,Unreferenced,Unused,local,,,no
strings/Ada/Boyer-Moore-Horspool,strings/Ada/Boyer-Moore-Horspool/tests.adb,84,Unreferenced,Unused,local,,,no
strings/Ada/Boyer-Moore-Horspool,strings/Ada/Boyer-Moore-Horspool/tests.adb,98,Unreferenced,Unused,local,,,no
strings/Ada/Boyer-Moore,strings/Ada/Boyer-Moore/tests.adb,71,Unreferenced,Unused,local,,,no
strings/Ada/Boyer-Moore,strings/Ada/Boyer-Moore/tests.adb,84,Unreferenced,Unused,local,,,no
strings/Ada/Boyer-Moore,strings/Ada/Boyer-Moore/tests.adb,98,Unreferenced,Unused,local,,,no
strings/Ada/Boyer-Moore,strings/Ada/Boyer-Moore/tests.adb,111,Unreferenced,Unused,local,,,no
strings/Ada/Daitch-Mokotoff-Soundex,strings/Ada/Daitch-Mokotoff-Soundex/daitch_mokotoff_soundex.adb,1650,Unreferenced,Matched,local,,,no
strings/Ada/Daitch-Mokotoff-Soundex,strings/Ada/Daitch-Mokotoff-Soundex/tests.adb,44,Unreferenced,Unused,local,,,no
strings/Ada/Daitch-Mokotoff-Soundex,strings/Ada/Daitch-Mokotoff-Soundex/tests.adb,58,Unreferenced,Unused,local,,,no
strings/Ada/Daitch-Mokotoff-Soundex,strings/Ada/Daitch-Mokotoff-Soundex/tests.adb,72,Unreferenced,Unused,local,,,no
strings/Ada/Damerau-Levenshtein-Distance,strings/Ada/Damerau-Levenshtein-Distance/tests.adb,54,Unreferenced,Unused,local,,,no
strings/Ada/Damerau-Levenshtein-Distance,strings/Ada/Damerau-Levenshtein-Distance/tests.adb,65,Unreferenced,Unused,local,,,no
strings/Ada/Double-Metaphone,strings/Ada/Double-Metaphone/tests.adb,42,Unreferenced,Unused,local,,,no
strings/Ada/Double-Metaphone,strings/Ada/Double-Metaphone/tests.adb,56,Unreferenced,Unused,local,,,no
strings/Ada/Jaro-Winkler-Distance,strings/Ada/Jaro-Winkler-Distance/tests.adb,56,Unreferenced,Unused,local,,,no
strings/Ada/Jaro-Winkler-Distance,strings/Ada/Jaro-Winkler-Distance/tests.adb,67,Unreferenced,Unused,local,,,no
strings/Ada/Jaro-Winkler-Distance,strings/Ada/Jaro-Winkler-Distance/tests.adb,78,Unreferenced,Unused,local,,,no
strings/Ada/Knuth-Morris-Pratt,strings/Ada/Knuth-Morris-Pratt/tests.adb,97,Unreferenced,Unused,local,,,no
strings/Ada/Knuth-Morris-Pratt,strings/Ada/Knuth-Morris-Pratt/tests.adb,110,Unreferenced,Unused,local,,,no
strings/Ada/Knuth-Morris-Pratt,strings/Ada/Knuth-Morris-Pratt/tests.adb,123,Unreferenced,Unused,local,,,no
strings/Ada/Levenshtein-Distance,strings/Ada/Levenshtein-Distance/tests.adb,54,Unreferenced,Unused,local,,,no
strings/Ada/Levenshtein-Distance,strings/Ada/Levenshtein-Distance/tests.adb,65,Unreferenced,Unused,local,,,no
strings/Ada/Longest-Common-Subsequence,strings/Ada/Longest-Common-Subsequence/tests.adb,50,Unreferenced,Unused,local,,,no
strings/Ada/Longest-Common-Subsequence,strings/Ada/Longest-Common-Subsequence/tests.adb,63,Unreferenced,Unused,local,,,no
strings/Ada/Longest-Common-Subsequence,strings/Ada/Longest-Common-Subsequence/tests.adb,76,Unreferenced,Unused,local,,,no
strings/Ada/Metaphone,strings/Ada/Metaphone/tests.adb,47,Unreferenced,Unused,local,,,no
strings/Ada/Metaphone,strings/Ada/Metaphone/tests.adb,61,Unreferenced,Unused,local,,,no
strings/Ada/NYSIIS,strings/Ada/NYSIIS/tests.adb,47,Unreferenced,Unused,local,,,no
strings/Ada/NYSIIS,strings/Ada/NYSIIS/tests.adb,61,Unreferenced,Unused,local,,,no
strings/Ada/Needleman-Wunsch,strings/Ada/Needleman-Wunsch/tests.adb,35,Unreferenced,S,local,,,no
strings/Ada/Needleman-Wunsch,strings/Ada/Needleman-Wunsch/tests.adb,46,Unreferenced,R,local,,,no
strings/Ada/Rabin-Karp,strings/Ada/Rabin-Karp/tests.adb,83,Unreferenced,Unused,local,,,no
strings/Ada/Rabin-Karp,strings/Ada/Rabin-Karp/tests.adb,96,Unreferenced,Unused,local,,,no
strings/Ada/Rabin-Karp,strings/Ada/Rabin-Karp/tests.adb,113,Unreferenced,Unused,local,,,no
strings/Ada/Smith-Waterman,strings/Ada/Smith-Waterman/tests.adb,35,Unreferenced,S,local,,,no
strings/Ada/Smith-Waterman,strings/Ada/Smith-Waterman/tests.adb,46,Unreferenced,R,local,,,no
strings/Ada/Soundex,strings/Ada/Soundex/tests.adb,47,Unreferenced,Unused,local,,,no
strings/Ada/Soundex,strings/Ada/Soundex/tests.adb,58,Unreferenced,Unused,local,,,no
strings/Ada/Stemming,strings/Ada/Stemming/tests.adb,293,Unreferenced,Unused,local,,,no
strings/Ada/Stemming,strings/Ada/Stemming/tests.adb,311,Unreferenced,Unused,local,,,no
strings/Ada/Stemming,strings/Ada/Stemming/tests.adb,329,Unreferenced,Unused,local,,,no
strings/Ada/String-Metrics,strings/Ada/String-Metrics/tests.adb,67,Unreferenced,Unused,local,,,no
strings/Ada/String-Metrics,strings/Ada/String-Metrics/tests.adb,78,Unreferenced,Unused,local,,,no
strings/Ada/String-Metrics,strings/Ada/String-Metrics/tests.adb,89,Unreferenced,Unused,local,,,no
strings/Ada/String-Metrics,strings/Ada/String-Metrics/tests.adb,100,Unreferenced,Unused,local,,,no
strings/Ada/String-Metrics,strings/Ada/String-Metrics/tests.adb,111,Unreferenced,Unused,local,,,no
strings/Ada/String-Metrics,strings/Ada/String-Metrics/tests.adb,122,Unreferenced,Unused,local,,,no
trees/Ada/Abstract-Syntax-Tree,trees/Ada/Abstract-Syntax-Tree/tests.adb,165,Unreferenced,I,unknown,,,no
trees/Ada/Longest-Common-Substring,trees/Ada/Longest-Common-Substring/tests.adb,50,Unreferenced,Unused,local,,,no
trees/Ada/Longest-Common-Substring,trees/Ada/Longest-Common-Substring/tests.adb,63,Unreferenced,Unused,local,,,no
