folder,file,line,op,before,after,result
compression/SPARK2/Ada-SPARK-Compress-String,compress_string.adb,8,+ 1 -> + 0,if I = Index'Last or else Input (I) /= Input (I + 1) then,if I = Index'Last or else Input (I) /= Input (I + 0) then,killed
compression/SPARK2/Ada-SPARK-Compress-String,compress_string.adb,8,+ -> -,if I = Index'Last or else Input (I) /= Input (I + 1) then,if I = Index'Last or else Input (I) /= Input (I - 1) then,killed
compression/SPARK2/Ada-SPARK-Compress-String,compress_string.adb,8,or else -> and then,if I = Index'Last or else Input (I) /= Input (I + 1) then,if I = Index'Last and then Input (I) /= Input (I + 1) then,killed
compression/SPARK2/Ada-SPARK-Compress-String,compress_string.adb,8,/= -> =,if I = Index'Last or else Input (I) /= Input (I + 1) then,if I = Index'Last or else Input (I) = Input (I + 1) then,killed
compression/SPARK2/Ada-SPARK-Compress-String,compress_string.adb,8,= -> /=,if I = Index'Last or else Input (I) /= Input (I + 1) then,if I /= Index'Last or else Input (I) /= Input (I + 1) then,killed
compression/SPARK2/Ada-SPARK-Compress-String,compress_string.adb,9,+ -> -,Result := Result + 1;,Result := Result - 1;,killed
compression/SPARK2/Ada-SPARK-Compress-String,compress_string.adb,9,+ 1 -> + 0,Result := Result + 1;,Result := Result + 0;,killed
compression/SPARK2/Ada-SPARK-Compress-String,compress_string.adb,10,> -> >=,if Run > 9 then,if Run >= 9 then,survived
compression/SPARK2/Ada-SPARK-Compress-String,compress_string.adb,11,+ -> -,Result := Result + 2;,Result := Result - 2;,survived
compression/SPARK2/Ada-SPARK-Compress-String,compress_string.adb,12,> -> >=,elsif Run > 0 then,elsif Run >= 0 then,survived
compression/SPARK2/Ada-SPARK-Compress-String,compress_string.adb,13,+ 1 -> + 0,Result := Result + 1;,Result := Result + 0;,killed
compression/SPARK2/Ada-SPARK-Compress-String,compress_string.adb,13,+ -> -,Result := Result + 1;,Result := Result - 1;,killed
compression/SPARK2/Ada-SPARK-Compress-String,compress_string.adb,17,+ 1 -> + 0,Run := Run + 1;,Run := Run + 0;,survived
compression/SPARK2/Ada-SPARK-Compress-String,compress_string.adb,17,+ -> -,Run := Run + 1;,Run := Run - 1;,killed
compression/SPARK2/Ada-SPARK-Interleaving-String,interleaving_string.adb,15,+ -> -,K := I + J;,K := I - J;,killed
compression/SPARK2/Ada-SPARK-Interleaving-String,interleaving_string.adb,16,<= -> <,if K > 0 and then K <= NC then,if K > 0 and then K < NC then,killed
compression/SPARK2/Ada-SPARK-Interleaving-String,interleaving_string.adb,16,> -> >=,if K > 0 and then K <= NC then,if K >= 0 and then K <= NC then,survived
compression/SPARK2/Ada-SPARK-Interleaving-String,interleaving_string.adb,16,and then -> or else,if K > 0 and then K <= NC then,if K > 0 or else K <= NC then,killed
compression/SPARK2/Ada-SPARK-Interleaving-String,interleaving_string.adb,17,- 1 -> - 0,"if I > 0 and then D (I - 1, J) and then A (I) = C (K) then","if I > 0 and then D (I - 0, J) and then A (I) = C (K) then",killed
compression/SPARK2/Ada-SPARK-Interleaving-String,interleaving_string.adb,17,and then -> or else,"if I > 0 and then D (I - 1, J) and then A (I) = C (K) then","if I > 0 or else D (I - 1, J) and then A (I) = C (K) then",stillborn
compression/SPARK2/Ada-SPARK-Interleaving-String,interleaving_string.adb,17,- -> +,"if I > 0 and then D (I - 1, J) and then A (I) = C (K) then","if I > 0 and then D (I + 1, J) and then A (I) = C (K) then",killed
compression/SPARK2/Ada-SPARK-Interleaving-String,interleaving_string.adb,17,= -> /=,"if I > 0 and then D (I - 1, J) and then A (I) = C (K) then","if I > 0 and then D (I - 1, J) and then A (I) /= C (K) then",killed
compression/SPARK2/Ada-SPARK-Interleaving-String,interleaving_string.adb,17,and then -> or else,"if I > 0 and then D (I - 1, J) and then A (I) = C (K) then","if I > 0 and then D (I - 1, J) or else A (I) = C (K) then",stillborn
compression/SPARK2/Ada-SPARK-Interleaving-String,interleaving_string.adb,17,> -> >=,"if I > 0 and then D (I - 1, J) and then A (I) = C (K) then","if I >= 0 and then D (I - 1, J) and then A (I) = C (K) then",killed
compression/SPARK2/Ada-SPARK-Interleaving-String,interleaving_string.adb,19,and then -> or else,"elsif J > 0 and then D (I, J - 1) and then B (J) = C (K) then","elsif J > 0 and then D (I, J - 1) or else B (J) = C (K) then",stillborn
compression/SPARK2/Ada-SPARK-Interleaving-String,interleaving_string.adb,19,> -> >=,"elsif J > 0 and then D (I, J - 1) and then B (J) = C (K) then","elsif J >= 0 and then D (I, J - 1) and then B (J) = C (K) then",killed
compression/SPARK2/Ada-SPARK-Interleaving-String,interleaving_string.adb,19,and then -> or else,"elsif J > 0 and then D (I, J - 1) and then B (J) = C (K) then","elsif J > 0 or else D (I, J - 1) and then B (J) = C (K) then",stillborn
compression/SPARK2/Ada-SPARK-Interleaving-String,interleaving_string.adb,19,- -> +,"elsif J > 0 and then D (I, J - 1) and then B (J) = C (K) then","elsif J > 0 and then D (I, J + 1) and then B (J) = C (K) then",killed
compression/SPARK2/Ada-SPARK-Interleaving-String,interleaving_string.adb,19,- 1 -> - 0,"elsif J > 0 and then D (I, J - 1) and then B (J) = C (K) then","elsif J > 0 and then D (I, J - 0) and then B (J) = C (K) then",killed
compression/SPARK2/Ada-SPARK-Interleaving-String,interleaving_string.adb,19,= -> /=,"elsif J > 0 and then D (I, J - 1) and then B (J) = C (K) then","elsif J > 0 and then D (I, J - 1) and then B (J) /= C (K) then",killed
compression/SPARK2/Ada-SPARK-Interleaving-String,interleaving_string.adb,25,= -> /=,"return D (NA, NB) and then NA + NB = NC;","return D (NA, NB) and then NA + NB /= NC;",killed
compression/SPARK2/Ada-SPARK-Interleaving-String,interleaving_string.adb,25,and then -> or else,"return D (NA, NB) and then NA + NB = NC;","return D (NA, NB) or else NA + NB = NC;",killed
compression/SPARK2/Ada-SPARK-Interleaving-String,interleaving_string.adb,25,+ -> -,"return D (NA, NB) and then NA + NB = NC;","return D (NA, NB) and then NA - NB = NC;",killed
compression/SPARK2/Ada-SPARK-Run-Length-Encoding,run_length_encoding.adb,6,= -> /=,if Input'Length = 0 then,if Input'Length /= 0 then,killed
compression/SPARK2/Ada-SPARK-Run-Length-Encoding,run_length_encoding.adb,10,+ -> -,for I in Input'First + 1 .. Input'Last loop,for I in Input'First - 1 .. Input'Last loop,killed
compression/SPARK2/Ada-SPARK-Run-Length-Encoding,run_length_encoding.adb,10,+ 1 -> + 0,for I in Input'First + 1 .. Input'Last loop,for I in Input'First + 0 .. Input'Last loop,killed
compression/SPARK2/Ada-SPARK-Run-Length-Encoding,run_length_encoding.adb,11,/= -> =,if Input (I) /= Input (I - 1) then,if Input (I) = Input (I - 1) then,killed
compression/SPARK2/Ada-SPARK-Run-Length-Encoding,run_length_encoding.adb,11,- -> +,if Input (I) /= Input (I - 1) then,if Input (I) /= Input (I + 1) then,killed
compression/SPARK2/Ada-SPARK-Run-Length-Encoding,run_length_encoding.adb,11,- 1 -> - 0,if Input (I) /= Input (I - 1) then,if Input (I) /= Input (I - 0) then,killed
compression/SPARK2/Ada-SPARK-Run-Length-Encoding,run_length_encoding.adb,12,+ 1 -> + 0,Count := Count + 1;,Count := Count + 0;,killed
compression/SPARK2/Ada-SPARK-Run-Length-Encoding,run_length_encoding.adb,12,+ -> -,Count := Count + 1;,Count := Count - 1;,killed
compression/SPARK2/Ada-SPARK-String-Compression,string_compression.adb,11,> -> >=,if Write > 0 and then Output (Index (Write)) = Input (Index (I)) then,if Write >= 0 and then Output (Index (Write)) = Input (Index (I)) then,killed
compression/SPARK2/Ada-SPARK-String-Compression,string_compression.adb,11,= -> /=,if Write > 0 and then Output (Index (Write)) = Input (Index (I)) then,if Write > 0 and then Output (Index (Write)) /= Input (Index (I)) then,killed
compression/SPARK2/Ada-SPARK-String-Compression,string_compression.adb,11,and then -> or else,if Write > 0 and then Output (Index (Write)) = Input (Index (I)) then,if Write > 0 or else Output (Index (Write)) = Input (Index (I)) then,killed
compression/SPARK2/Ada-SPARK-String-Compression,string_compression.adb,12,< -> <=,if Counts (Index (Write)) < 32 then,if Counts (Index (Write)) <= 32 then,survived
compression/SPARK2/Ada-SPARK-String-Compression,string_compression.adb,13,+ -> -,Counts (Index (Write)) := Counts (Index (Write)) + 1;,Counts (Index (Write)) := Counts (Index (Write)) - 1;,killed
compression/SPARK2/Ada-SPARK-String-Compression,string_compression.adb,13,+ 1 -> + 0,Counts (Index (Write)) := Counts (Index (Write)) + 1;,Counts (Index (Write)) := Counts (Index (Write)) + 0;,killed
compression/SPARK2/Ada-SPARK-String-Compression,string_compression.adb,15,< -> <=,elsif Write < 32 then,elsif Write <= 32 then,survived
compression/SPARK2/Ada-SPARK-String-Compression,string_compression.adb,16,+ -> -,Write := Write + 1;,Write := Write - 1;,killed
compression/SPARK2/Ada-SPARK-String-Compression,string_compression.adb,16,+ 1 -> + 0,Write := Write + 1;,Write := Write + 0;,killed
compression/SPARK2/Burrows-Wheeler-Transform,burrows_wheeler_transform.adb,9,= -> /=,if Position = Index'Last then,if Position /= Index'Last then,killed
compression/SPARK2/Burrows-Wheeler-Transform,burrows_wheeler_transform.adb,12,+ 1 -> + 0,Position := Position + 1;,Position := Position + 0;,killed
compression/SPARK2/Burrows-Wheeler-Transform,burrows_wheeler_transform.adb,12,+ -> -,Position := Position + 1;,Position := Position - 1;,killed
compression/SPARK2/Burrows-Wheeler-Transform,burrows_wheeler_transform.adb,22,- -> +,for Offset in 0 .. Max_Length - 1 loop,for Offset in 0 .. Max_Length + 1 loop,survived
compression/SPARK2/Burrows-Wheeler-Transform,burrows_wheeler_transform.adb,22,- 1 -> - 0,for Offset in 0 .. Max_Length - 1 loop,for Offset in 0 .. Max_Length - 0 loop,survived
compression/SPARK2/Burrows-Wheeler-Transform,burrows_wheeler_transform.adb,28,< -> <=,if L < R then,if L <= R then,killed
compression/SPARK2/Burrows-Wheeler-Transform,burrows_wheeler_transform.adb,31,> -> >=,elsif L > R then,elsif L >= R then,killed
compression/SPARK3/Huffman-Coding,huffman_coding.adb,11,+ -> -,F (Data (I)) := F (Data (I)) + 1;,F (Data (I)) := F (Data (I)) - 1;,killed
compression/SPARK3/Huffman-Coding,huffman_coding.adb,11,+ 1 -> + 0,F (Data (I)) := F (Data (I)) + 1;,F (Data (I)) := F (Data (I)) + 0;,killed
compression/SPARK3/Huffman-Coding,huffman_coding.adb,22,and then -> or else,if F (S) > 0 and then N < 26 then,if F (S) > 0 or else N < 26 then,killed
compression/SPARK3/Huffman-Coding,huffman_coding.adb,22,> -> >=,if F (S) > 0 and then N < 26 then,if F (S) >= 0 and then N < 26 then,killed
compression/SPARK3/Huffman-Coding,huffman_coding.adb,22,< -> <=,if F (S) > 0 and then N < 26 then,if F (S) > 0 and then N <= 26 then,survived
compression/SPARK3/Huffman-Coding,huffman_coding.adb,23,+ -> -,N := N + 1;,N := N - 1;,killed
compression/SPARK3/Huffman-Coding,huffman_coding.adb,23,+ 1 -> + 0,N := N + 1;,N := N + 0;,killed
compression/SPARK3/Huffman-Coding,huffman_coding.adb,33,> -> >=,if F (S) > F (Best) then,if F (S) >= F (Best) then,survived
geometry/Ada/Liang-Barsky,liang_barsky.adb,52,- -> +,return abs (A - B) <= Tol;,return abs (A + B) <= Tol;,killed
geometry/Ada/Liang-Barsky,liang_barsky.adb,57,and then -> or else,"return Near (A.X, B.X, Tol) and then Near (A.Y, B.Y, Tol);","return Near (A.X, B.X, Tol) or else Near (A.Y, B.Y, Tol);",killed
geometry/Ada/Liang-Barsky,liang_barsky.adb,72,* -> +,"return (S * V.X, S * V.Y);","return (S * V.X, S + V.Y);",killed
geometry/Ada/Liang-Barsky,liang_barsky.adb,90,- -> +,D : constant Vec2 := S.P1 - S.P0;,D : constant Vec2 := S.P1 + S.P0;,killed
geometry/Ada/Liang-Barsky,liang_barsky.adb,99,- -> +,return P.X >= W.X_Min - Epsilon,return P.X >= W.X_Min + Epsilon,killed
geometry/Ada/Liang-Barsky,liang_barsky.adb,102,+ -> -,and then P.Y <= W.Y_Max + Epsilon;,and then P.Y <= W.Y_Max - Epsilon;,killed
geometry/Ada/Liang-Barsky,liang_barsky.adb,102,<= -> <,and then P.Y <= W.Y_Max + Epsilon;,and then P.Y < W.Y_Max + Epsilon;,killed
geometry/Ada/Liang-Barsky,liang_barsky.adb,111,> -> >=,return W.X_Max > W.X_Min and then W.Y_Max > W.Y_Min;,return W.X_Max >= W.X_Min and then W.Y_Max > W.Y_Min;,killed
geometry/Ada/Liang-Barsky,liang_barsky.adb,118,and then -> or else,if not (X_Max > X_Min and then Y_Max > Y_Min) then,if not (X_Max > X_Min or else Y_Max > Y_Min) then,survived
geometry/Ada/Liang-Barsky,liang_barsky.adb,131,- -> +,DX : constant Real := S.P1.X - S.P0.X;,DX : constant Real := S.P1.X + S.P0.X;,killed
geometry/Ada/Liang-Barsky,liang_barsky.adb,132,- -> +,DY : constant Real := S.P1.Y - S.P0.Y;,DY : constant Real := S.P1.Y + S.P0.Y;,killed
geometry/Ada/Liang-Barsky,liang_barsky.adb,139,- -> +,R.Q (2) := W.X_Max - S.P0.X;,R.Q (2) := W.X_Max + S.P0.X;,killed
geometry/Ada/Liang-Barsky,liang_barsky.adb,185,> -> >=,if T_Enter > T_Leave then,if T_Enter >= T_Leave then,killed
geometry/Ada/Liang-Barsky,liang_barsky.adb,213,* -> +,"return (S.P0.X + T * DX, S.P0.Y + T * DY);","return (S.P0.X + T + DX, S.P0.Y + T * DY);",killed
geometry/Ada/Liang-Barsky,liang_barsky.adb,213,+ -> -,"return (S.P0.X + T * DX, S.P0.Y + T * DY);","return (S.P0.X + T * DX, S.P0.Y - T * DY);",killed
geometry/Ada/Liang-Barsky,liang_barsky.adb,277,< -> <=,if P.Y < W.Y_Min then,if P.Y <= W.Y_Min then,timeout
geometry/Ada/Liang-Barsky,liang_barsky.adb,279,> -> >=,elsif P.Y > W.Y_Max then,elsif P.Y >= W.Y_Max then,timeout
geometry/Ada/Liang-Barsky,liang_barsky.adb,303,/= -> =,elsif (C0 and C1) /= 0 then,elsif (C0 and C1) = 0 then,killed
geometry/Ada/Liang-Barsky,liang_barsky.adb,311,* -> +,X := X0 + (X1 - X0) * (W.Y_Min - Y0) / (Y1 - Y0);,X := X0 + (X1 - X0) + (W.Y_Min - Y0) / (Y1 - Y0);,killed
geometry/Ada/Liang-Barsky,liang_barsky.adb,347,or else -> and then,or else,and then,killed
geometry/SPARK2/Ada-SPARK-Convex-Hull-Graham,convex_hull_graham.adb,5,- -> +,return Long_Long_Integer (B.X - A.X) * Long_Long_Integer (C.Y - A.Y),return Long_Long_Integer (B.X + A.X) * Long_Long_Integer (C.Y - A.Y),killed
geometry/SPARK2/Ada-SPARK-Convex-Hull-Graham,convex_hull_graham.adb,5,* -> +,return Long_Long_Integer (B.X - A.X) * Long_Long_Integer (C.Y - A.Y),return Long_Long_Integer (B.X - A.X) + Long_Long_Integer (C.Y - A.Y),killed
geometry/SPARK2/Ada-SPARK-Convex-Hull-Graham,convex_hull_graham.adb,5,- -> +,return Long_Long_Integer (B.X - A.X) * Long_Long_Integer (C.Y - A.Y),return Long_Long_Integer (B.X - A.X) * Long_Long_Integer (C.Y + A.Y),killed
geometry/SPARK2/Ada-SPARK-Convex-Hull-Graham,convex_hull_graham.adb,6,- -> +,- Long_Long_Integer (B.Y - A.Y) * Long_Long_Integer (C.X - A.X);,- Long_Long_Integer (B.Y + A.Y) * Long_Long_Integer (C.X - A.X);,killed
geometry/SPARK2/Ada-SPARK-Convex-Hull-Graham,convex_hull_graham.adb,6,- -> +,- Long_Long_Integer (B.Y - A.Y) * Long_Long_Integer (C.X - A.X);,- Long_Long_Integer (B.Y - A.Y) * Long_Long_Integer (C.X + A.X);,killed
geometry/SPARK2/Ada-SPARK-Convex-Hull-Graham,convex_hull_graham.adb,6,* -> +,- Long_Long_Integer (B.Y - A.Y) * Long_Long_Integer (C.X - A.X);,- Long_Long_Integer (B.Y - A.Y) + Long_Long_Integer (C.X - A.X);,killed
geometry/SPARK2/Ada-SPARK-Convex-Hull-Graham,convex_hull_graham.adb,16,> -> >=,exit when I > Number_Of_Points;,exit when I >= Number_Of_Points;,killed
geometry/SPARK2/Ada-SPARK-Convex-Hull-Graham,convex_hull_graham.adb,18,< -> <=,exit when Top < 2,exit when Top <= 2,killed
geometry/SPARK2/Ada-SPARK-Convex-Hull-Graham,convex_hull_graham.adb,19,> -> >=,"or else Turn (Hull (Top - 1), Hull (Top), Points (I)) > 0;","or else Turn (Hull (Top - 1), Hull (Top), Points (I)) >= 0;",killed
geometry/SPARK2/Ada-SPARK-Convex-Hull-Graham,convex_hull_graham.adb,19,or else -> and then,"or else Turn (Hull (Top - 1), Hull (Top), Points (I)) > 0;","and then Turn (Hull (Top - 1), Hull (Top), Points (I)) > 0;",killed
geometry/SPARK2/Ada-SPARK-Convex-Hull-Graham,convex_hull_graham.adb,19,- -> +,"or else Turn (Hull (Top - 1), Hull (Top), Points (I)) > 0;","or else Turn (Hull (Top + 1), Hull (Top), Points (I)) > 0;",killed
geometry/SPARK2/Ada-SPARK-Convex-Hull-Graham,convex_hull_graham.adb,19,- 1 -> - 0,"or else Turn (Hull (Top - 1), Hull (Top), Points (I)) > 0;","or else Turn (Hull (Top - 0), Hull (Top), Points (I)) > 0;",killed
geometry/SPARK2/Ada-SPARK-Convex-Hull-Graham,convex_hull_graham.adb,20,- -> +,Top := Top - 1;,Top := Top + 1;,killed
geometry/SPARK2/Ada-SPARK-Convex-Hull-Graham,convex_hull_graham.adb,20,- 1 -> - 0,Top := Top - 1;,Top := Top - 0;,killed
geometry/SPARK2/Ada-SPARK-Convex-Hull-Graham,convex_hull_graham.adb,22,+ 1 -> + 0,Top := Top + 1;,Top := Top + 0;,killed
geometry/SPARK2/Ada-SPARK-Convex-Hull-Graham,convex_hull_graham.adb,22,+ -> -,Top := Top + 1;,Top := Top - 1;,killed
geometry/SPARK2/Ada-SPARK-Point-In-Polygon,point_in_polygon.adb,11,> -> >=,exit when I > Number_Of_Vertices;,exit when I >= Number_Of_Vertices;,killed
geometry/SPARK2/Ada-SPARK-Point-In-Polygon,point_in_polygon.adb,12,= -> /=,if I = 1 then,if I /= 1 then,stillborn
geometry/SPARK2/Ada-SPARK-Point-In-Polygon,point_in_polygon.adb,15,- -> +,Previous := I - 1;,Previous := I + 1;,killed
geometry/SPARK2/Ada-SPARK-Point-In-Polygon,point_in_polygon.adb,15,- 1 -> - 0,Previous := I - 1;,Previous := I - 0;,killed
geometry/SPARK2/Ada-SPARK-Point-In-Polygon,point_in_polygon.adb,23,> -> >=,if ((Yi > Qy) /= (Yj > Qy)),if ((Yi >= Qy) /= (Yj > Qy)),killed
geometry/SPARK2/Ada-SPARK-Point-In-Polygon,point_in_polygon.adb,23,/= -> =,if ((Yi > Qy) /= (Yj > Qy)),if ((Yi > Qy) = (Yj > Qy)),killed
geometry/SPARK2/Ada-SPARK-Point-In-Polygon,point_in_polygon.adb,23,> -> >=,if ((Yi > Qy) /= (Yj > Qy)),if ((Yi > Qy) /= (Yj >= Qy)),killed
geometry/SPARK2/Ada-SPARK-Point-In-Polygon,point_in_polygon.adb,24,- -> +,and then ((Yj > Yi and then (Qx - Xi) * (Yj - Yi) < (Xj - Xi) * (Qy - Yi)),and then ((Yj > Yi and then (Qx - Xi) * (Yj - Yi) < (Xj + Xi) * (Qy - Yi)),killed
geometry/SPARK2/Ada-SPARK-Point-In-Polygon,point_in_polygon.adb,24,and then -> or else,and then ((Yj > Yi and then (Qx - Xi) * (Yj - Yi) < (Xj - Xi) * (Qy - Yi)),and then ((Yj > Yi or else (Qx - Xi) * (Yj - Yi) < (Xj - Xi) * (Qy - Yi)),killed
geometry/SPARK2/Ada-SPARK-Point-In-Polygon,point_in_polygon.adb,24,- -> +,and then ((Yj > Yi and then (Qx - Xi) * (Yj - Yi) < (Xj - Xi) * (Qy - Yi)),and then ((Yj > Yi and then (Qx + Xi) * (Yj - Yi) < (Xj - Xi) * (Qy - Yi)),killed
geometry/SPARK2/Ada-SPARK-Point-In-Polygon,point_in_polygon.adb,24,- -> +,and then ((Yj > Yi and then (Qx - Xi) * (Yj - Yi) < (Xj - Xi) * (Qy - Yi)),and then ((Yj > Yi and then (Qx - Xi) * (Yj + Yi) < (Xj - Xi) * (Qy - Yi)),killed
geometry/SPARK2/Ada-SPARK-Point-In-Polygon,point_in_polygon.adb,24,and then -> or else,and then ((Yj > Yi and then (Qx - Xi) * (Yj - Yi) < (Xj - Xi) * (Qy - Yi)),or else ((Yj > Yi and then (Qx - Xi) * (Yj - Yi) < (Xj - Xi) * (Qy - Yi)),killed
geometry/SPARK2/Ada-SPARK-Point-In-Polygon,point_in_polygon.adb,24,< -> <=,and then ((Yj > Yi and then (Qx - Xi) * (Yj - Yi) < (Xj - Xi) * (Qy - Yi)),and then ((Yj > Yi and then (Qx - Xi) * (Yj - Yi) <= (Xj - Xi) * (Qy - Yi)),survived
geometry/SPARK2/Ada-SPARK-Point-In-Polygon,point_in_polygon.adb,24,* -> +,and then ((Yj > Yi and then (Qx - Xi) * (Yj - Yi) < (Xj - Xi) * (Qy - Yi)),and then ((Yj > Yi and then (Qx - Xi) + (Yj - Yi) < (Xj - Xi) * (Qy - Yi)),killed
geometry/SPARK2/Ada-SPARK-Point-In-Polygon,point_in_polygon.adb,25,* -> +,or else (Yj < Yi and then (Qx - Xi) * (Yj - Yi) > (Xj - Xi) * (Qy - Yi))),or else (Yj < Yi and then (Qx - Xi) * (Yj - Yi) > (Xj - Xi) + (Qy - Yi))),killed
geometry/SPARK2/Ada-SPARK-Point-In-Polygon,point_in_polygon.adb,25,- -> +,or else (Yj < Yi and then (Qx - Xi) * (Yj - Yi) > (Xj - Xi) * (Qy - Yi))),or else (Yj < Yi and then (Qx - Xi) * (Yj - Yi) > (Xj + Xi) * (Qy - Yi))),killed
geometry/SPARK2/Ada-SPARK-Point-In-Polygon,point_in_polygon.adb,25,- -> +,or else (Yj < Yi and then (Qx - Xi) * (Yj - Yi) > (Xj - Xi) * (Qy - Yi))),or else (Yj < Yi and then (Qx - Xi) * (Yj + Yi) > (Xj - Xi) * (Qy - Yi))),killed
geometry/SPARK2/Ada-SPARK-Point-In-Polygon,point_in_polygon.adb,25,and then -> or else,or else (Yj < Yi and then (Qx - Xi) * (Yj - Yi) > (Xj - Xi) * (Qy - Yi))),or else (Yj < Yi or else (Qx - Xi) * (Yj - Yi) > (Xj - Xi) * (Qy - Yi))),killed
geometry/SPARK2/Ada-SPARK-Point-In-Polygon,point_in_polygon.adb,25,- -> +,or else (Yj < Yi and then (Qx - Xi) * (Yj - Yi) > (Xj - Xi) * (Qy - Yi))),or else (Yj < Yi and then (Qx + Xi) * (Yj - Yi) > (Xj - Xi) * (Qy - Yi))),killed
geometry/SPARK2/Ada-SPARK-Point-In-Polygon,point_in_polygon.adb,25,< -> <=,or else (Yj < Yi and then (Qx - Xi) * (Yj - Yi) > (Xj - Xi) * (Qy - Yi))),or else (Yj <= Yi and then (Qx - Xi) * (Yj - Yi) > (Xj - Xi) * (Qy - Yi))),survived
graphs/Ada/Bellman-Ford-Algorithm,bellman_ford_algorithm.adb,30,or else -> and then,or else Weight > Integer (Weight_Type'Last),and then Weight > Integer (Weight_Type'Last),killed
graphs/Ada/Bellman-Ford-Algorithm,bellman_ford_algorithm.adb,35,> -> >=,or else Natural (From) > G.N,or else Natural (From) >= G.N,killed
graphs/Ada/Bellman-Ford-Algorithm,bellman_ford_algorithm.adb,43,+ 1 -> + 0,G.E := G.E + 1;,G.E := G.E + 0;,killed
graphs/Ada/Bellman-Ford-Algorithm,bellman_ford_algorithm.adb,66,or else -> and then,if G.N = 0 or else Natural (Source) > G.N then,if G.N = 0 and then Natural (Source) > G.N then,killed
graphs/Ada/Bellman-Ford-Algorithm,bellman_ford_algorithm.adb,77,= -> /=,if N = 0 then,if N /= 0 then,killed
graphs/Ada/Bellman-Ford-Algorithm,bellman_ford_algorithm.adb,81,or else -> and then,or else Natural (Dist_Last) < N,and then Natural (Dist_Last) < N,stillborn
graphs/Ada/Bellman-Ford-Algorithm,bellman_ford_algorithm.adb,82,/= -> =,or else Prev_First /= 1,or else Prev_First = 1,killed
graphs/Ada/Bellman-Ford-Algorithm,bellman_ford_algorithm.adb,98,= -> /=,if A = Infinity then,if A /= Infinity then,killed
graphs/Ada/Bellman-Ford-Algorithm,bellman_ford_algorithm.adb,101,and then -> or else,if B > 0 and then A > Infinity - B then,if B > 0 or else A > Infinity - B then,killed
graphs/Ada/Bellman-Ford-Algorithm,bellman_ford_algorithm.adb,101,> -> >=,if B > 0 and then A > Infinity - B then,if B >= 0 and then A > Infinity - B then,survived
graphs/Ada/Bellman-Ford-Algorithm,bellman_ford_algorithm.adb,104,< -> <=,if B < 0 and then A < Distance_Value'First - B then,if B < 0 and then A <= Distance_Value'First - B then,survived
graphs/Ada/Bellman-Ford-Algorithm,bellman_ford_algorithm.adb,104,- -> +,if B < 0 and then A < Distance_Value'First - B then,if B < 0 and then A < Distance_Value'First + B then,survived
graphs/Ada/Bellman-Ford-Algorithm,bellman_ford_algorithm.adb,134,- 1 -> - 0,for Pass in 1 .. N - 1 loop,for Pass in 1 .. N - 0 loop,survived
graphs/Ada/Bellman-Ford-Algorithm,bellman_ford_algorithm.adb,141,/= -> =,while E_Idx /= 0 loop,while E_Idx = 0 loop,killed
graphs/Ada/Bellman-Ford-Algorithm,bellman_ford_algorithm.adb,162,/= -> =,if Dist (U_Id) /= Infinity then,if Dist (U_Id) = Infinity then,killed
graphs/Ada/Bellman-Ford-Algorithm,bellman_ford_algorithm.adb,295,> -> >=,if Natural (Target) > N then,if Natural (Target) >= N then,killed
graphs/Ada/Bellman-Ford-Algorithm,bellman_ford_algorithm.adb,320,or else -> and then,if Source not in Prev'Range or else Target not in Prev'Range then,if Source not in Prev'Range and then Target not in Prev'Range then,survived
graphs/Ada/Bellman-Ford-Algorithm,bellman_ford_algorithm.adb,324,or else -> and then,or else Natural (Path'Last) < Natural (Prev'Last),and then Natural (Path'Last) < Natural (Prev'Last),killed
graphs/Ada/Bellman-Ford-Algorithm,bellman_ford_algorithm.adb,341,+ -> -,if Guard > Max_Vertices + 1 then,if Guard > Max_Vertices - 1 then,survived
graphs/Ada/Bellman-Ford-Algorithm,bellman_ford_algorithm.adb,345,+ 1 -> + 0,Stack_Top := Stack_Top + 1;,Stack_Top := Stack_Top + 0;,killed
graphs/Ada/Dijkstras-Algorithm,dijkstras_algorithm.adb,29,< -> <=,if Weight < 0 then,if Weight <= 0 then,killed
graphs/Ada/Dijkstras-Algorithm,dijkstras_algorithm.adb,32,= -> /=,if G.N = 0,if G.N /= 0,killed
graphs/Ada/Dijkstras-Algorithm,dijkstras_algorithm.adb,34,> -> >=,or else Natural (To) > G.N,or else Natural (To) >= G.N,killed
graphs/Ada/Dijkstras-Algorithm,dijkstras_algorithm.adb,38,= -> /=,if G.E = Max_Edges then,if G.E /= Max_Edges then,killed
graphs/Ada/Dijkstras-Algorithm,dijkstras_algorithm.adb,41,+ 1 -> + 0,G.E := G.E + 1;,G.E := G.E + 0;,killed
graphs/Ada/Dijkstras-Algorithm,dijkstras_algorithm.adb,75,= -> /=,if N = 0 then,if N /= 0 then,killed
graphs/Ada/Dijkstras-Algorithm,dijkstras_algorithm.adb,79,< -> <=,or else Natural (Dist_Last) < N,or else Natural (Dist_Last) <= N,killed
graphs/Ada/Dijkstras-Algorithm,dijkstras_algorithm.adb,80,or else -> and then,or else Prev_First /= 1,and then Prev_First /= 1,stillborn
graphs/Ada/Dijkstras-Algorithm,dijkstras_algorithm.adb,80,/= -> =,or else Prev_First /= 1,or else Prev_First = 1,killed
graphs/Ada/Dijkstras-Algorithm,dijkstras_algorithm.adb,81,< -> <=,or else Natural (Prev_Last) < N,or else Natural (Prev_Last) <= N,killed
graphs/Ada/Dijkstras-Algorithm,dijkstras_algorithm.adb,110,+ -> -,return A + Wd;,return A - Wd;,killed
graphs/Ada/Dijkstras-Algorithm,dijkstras_algorithm.adb,135,and then -> or else,if not Settled (V) and then Dist (V) < Best then,if not Settled (V) or else Dist (V) < Best then,killed
graphs/Ada/Dijkstras-Algorithm,dijkstras_algorithm.adb,140,= -> /=,and then Dist (V) = Best,and then Dist (V) /= Best,survived
graphs/Ada/Dijkstras-Algorithm,dijkstras_algorithm.adb,141,and then -> or else,and then not Found,or else not Found,stillborn
graphs/Ada/Dijkstras-Algorithm,dijkstras_algorithm.adb,149,= -> /=,if not Found or else Best = Infinity then,if not Found or else Best /= Infinity then,killed
graphs/Ada/Dijkstras-Algorithm,dijkstras_algorithm.adb,203,or else -> and then,if Source not in Prev'Range or else Target not in Prev'Range then,if Source not in Prev'Range and then Target not in Prev'Range then,survived
graphs/Ada/Dijkstras-Algorithm,dijkstras_algorithm.adb,226,+ -> -,Guard := Guard + 1;,Guard := Guard - 1;,killed
graphs/Ada/Dijkstras-Algorithm,dijkstras_algorithm.adb,227,+ -> -,if Guard > Max_Vertices + 1 then,if Guard > Max_Vertices - 1 then,survived
graphs/Ada/Dijkstras-Algorithm,dijkstras_algorithm.adb,232,+ 1 -> + 0,Stack_Top := Stack_Top + 1;,Stack_Top := Stack_Top + 0;,killed
graphs/Ada/Dijkstras-Algorithm,dijkstras_algorithm.adb,232,+ -> -,Stack_Top := Stack_Top + 1;,Stack_Top := Stack_Top - 1;,killed
graphs/Ada/Floyd-Warshall-Algorithm,floyd_warshall_algorithm.adb,35,or else -> and then,or else Weight > Integer (Weight_Type'Last),and then Weight > Integer (Weight_Type'Last),killed
graphs/Ada/Floyd-Warshall-Algorithm,floyd_warshall_algorithm.adb,40,> -> >=,or else Natural (From) > G.N,or else Natural (From) >= G.N,killed
graphs/Ada/Floyd-Warshall-Algorithm,floyd_warshall_algorithm.adb,52,+ 1 -> + 0,G.E := G.E + 1;,G.E := G.E + 0;,killed
graphs/Ada/Floyd-Warshall-Algorithm,floyd_warshall_algorithm.adb,71,or else -> and then,or else Natural (From) > G.N,and then Natural (From) > G.N,stillborn
graphs/Ada/Floyd-Warshall-Algorithm,floyd_warshall_algorithm.adb,84,> -> >=,or else Natural (From) > G.N,or else Natural (From) >= G.N,survived
graphs/Ada/Floyd-Warshall-Algorithm,floyd_warshall_algorithm.adb,114,< -> <=,or else Natural (R1_Last) < N,or else Natural (R1_Last) <= N,killed
graphs/Ada/Floyd-Warshall-Algorithm,floyd_warshall_algorithm.adb,115,or else -> and then,or else Natural (R2_Last) < N,and then Natural (R2_Last) < N,stillborn
graphs/Ada/Floyd-Warshall-Algorithm,floyd_warshall_algorithm.adb,131,and then -> or else,if A > 0 and then B > Infinity - A then,if A > 0 or else B > Infinity - A then,killed
graphs/Ada/Floyd-Warshall-Algorithm,floyd_warshall_algorithm.adb,131,> -> >=,if A > 0 and then B > Infinity - A then,if A >= 0 and then B > Infinity - A then,survived
graphs/Ada/Floyd-Warshall-Algorithm,floyd_warshall_algorithm.adb,134,< -> <=,if A < 0 and then B < Distance_Value'First - A then,if A <= 0 and then B < Distance_Value'First - A then,survived
graphs/Ada/Floyd-Warshall-Algorithm,floyd_warshall_algorithm.adb,242,/= -> =,"elsif Dist (I, J) /= Infinity then","elsif Dist (I, J) = Infinity then",killed
graphs/Ada/Floyd-Warshall-Algorithm,floyd_warshall_algorithm.adb,282,/= -> =,"if Dist (I, K) /= Infinity then","if Dist (I, K) = Infinity then",killed
graphs/Ada/Floyd-Warshall-Algorithm,floyd_warshall_algorithm.adb,308,< -> <=,"if Dist (V, V) < 0 then","if Dist (V, V) <= 0 then",killed
graphs/Ada/Floyd-Warshall-Algorithm,floyd_warshall_algorithm.adb,516,= -> /=,return St = Negative_Cycle;,return St /= Negative_Cycle;,killed
graphs/Ada/Floyd-Warshall-Algorithm,floyd_warshall_algorithm.adb,593,/= -> =,while U /= Natural (Target) loop,while U = Natural (Target) loop,killed
graphs/Ada/Floyd-Warshall-Algorithm,floyd_warshall_algorithm.adb,631,+ 1 -> + 0,Stack     : array (1 .. Max_Vertices + 1) of Vertex_Id :=,Stack     : array (1 .. Max_Vertices + 0) of Vertex_Id :=,survived
graphs/Ada/Floyd-Warshall-Algorithm,floyd_warshall_algorithm.adb,643,or else -> and then,or else Natural (Path'Last) < Natural (Prev'Last),and then Natural (Path'Last) < Natural (Prev'Last),survived
graphs/Ada/Floyd-Warshall-Algorithm,floyd_warshall_algorithm.adb,648,= -> /=,if Source = Target then,if Source /= Target then,killed
graphs/Ada/Floyd-Warshall-Algorithm,floyd_warshall_algorithm.adb,657,+ -> -,if Guard > Max_Vertices + 1 then,if Guard > Max_Vertices - 1 then,survived
graphs/Ada/Floyd-Warshall-Algorithm,floyd_warshall_algorithm.adb,663,= -> /=,if Vertex_Id (U) = Source then,if Vertex_Id (U) /= Source then,killed
graphs/Ada/Kruskals-Algorithm,kruskals_algorithm.adb,27,= -> /=,if G.N = 0 then,if G.N /= 0 then,killed
graphs/Ada/Kruskals-Algorithm,kruskals_algorithm.adb,30,> -> >=,if Natural (U) > G.N or else Natural (V) > G.N then,if Natural (U) >= G.N or else Natural (V) > G.N then,killed
graphs/Ada/Kruskals-Algorithm,kruskals_algorithm.adb,33,< -> <=,if Weight < 0 then,if Weight <= 0 then,killed
graphs/Ada/Kruskals-Algorithm,kruskals_algorithm.adb,39,+ -> -,G.M := G.M + 1;,G.M := G.M - 1;,killed
graphs/Ada/Kruskals-Algorithm,kruskals_algorithm.adb,76,/= -> =,while Parent (R) /= R loop,while Parent (R) = R loop,timeout
graphs/Ada/Kruskals-Algorithm,kruskals_algorithm.adb,102,> -> >=,elsif Rank (RA) > Rank (RB) then,elsif Rank (RA) >= Rank (RB) then,survived
graphs/Ada/Kruskals-Algorithm,kruskals_algorithm.adb,106,+ 1 -> + 0,Rank (RA)   := Rank (RA) + 1;,Rank (RA)   := Rank (RA) + 0;,survived
graphs/Ada/Kruskals-Algorithm,kruskals_algorithm.adb,132,- 1 -> - 0,J     := I - 1;,J     := I - 0;,killed
graphs/Ada/Kruskals-Algorithm,kruskals_algorithm.adb,133,>= -> >,while J >= 1 loop,while J > 1 loop,killed
graphs/Ada/Kruskals-Algorithm,kruskals_algorithm.adb,135,> -> >=,G.Edges (Index (J)).Weight > Key_W,G.Edges (Index (J)).Weight >= Key_W,survived
graphs/Ada/Kruskals-Algorithm,kruskals_algorithm.adb,140,+ 1 -> + 0,Index (J + 1) := Index (J);,Index (J + 0) := Index (J);,killed
graphs/Ada/Kruskals-Algorithm,kruskals_algorithm.adb,141,- -> +,J := J - 1;,J := J + 1;,killed
graphs/Ada/Kruskals-Algorithm,kruskals_algorithm.adb,143,+ -> -,Index (J + 1) := Key;,Index (J - 1) := Key;,killed
graphs/Ada/Kruskals-Algorithm,kruskals_algorithm.adb,143,+ 1 -> + 0,Index (J + 1) := Key;,Index (J + 0) := Key;,killed
graphs/Ada/Kruskals-Algorithm,kruskals_algorithm.adb,184,= -> /=,if N = 0 or else M = 0 then,if N = 0 or else M /= 0 then,killed
graphs/Ada/Kruskals-Algorithm,kruskals_algorithm.adb,256,< -> <=,if not Settled (V) and then Key (V) < Best_K then,if not Settled (V) and then Key (V) <= Best_K then,survived
graphs/Ada/Kruskals-Algorithm,kruskals_algorithm.adb,262,= -> /=,exit when Best = 0 or else Best_K = Infinity;,exit when Best /= 0 or else Best_K = Infinity;,killed
graphs/Ada/Kruskals-Algorithm,kruskals_algorithm.adb,268,/= -> =,if Parent (U) /= 0 then,if Parent (U) = 0 then,killed
graphs/Ada/Kruskals-Algorithm,kruskals_algorithm.adb,282,= -> /=,if A = U and then not Settled (B) and then W < Key (B) then,if A /= U and then not Settled (B) and then W < Key (B) then,killed
graphs/Ada/Kruskals-Algorithm,kruskals_algorithm.adb,282,< -> <=,if A = U and then not Settled (B) and then W < Key (B) then,if A = U and then not Settled (B) and then W <= Key (B) then,survived
graphs/SPARK2/Ada-SPARK-Find-If-Path-Exists-In-Graph,find_if_path_exists_in_graph.adb,15,< -> <=,while Head < Tail loop,while Head <= Tail loop,killed
graphs/SPARK2/Ada-SPARK-Find-If-Path-Exists-In-Graph,find_if_path_exists_in_graph.adb,17,+ -> -,Head := Head + 1;,Head := Head - 1;,killed
graphs/SPARK2/Ada-SPARK-Find-If-Path-Exists-In-Graph,find_if_path_exists_in_graph.adb,17,+ 1 -> + 0,Head := Head + 1;,Head := Head + 0;,killed
graphs/SPARK2/Ada-SPARK-Find-If-Path-Exists-In-Graph,find_if_path_exists_in_graph.adb,19,= -> /=,if Current = Goal then,if Current /= Goal then,killed
graphs/SPARK2/Ada-SPARK-Find-If-Path-Exists-In-Graph,find_if_path_exists_in_graph.adb,23,and then -> or else,"if Edges (Current, Next) and then not Seen (Start, Next) then","if Edges (Current, Next) or else not Seen (Start, Next) then",killed
graphs/SPARK2/Ada-SPARK-Find-If-Path-Exists-In-Graph,find_if_path_exists_in_graph.adb,25,< -> <=,if Tail < Queue_Index (Capacity) then,if Tail <= Queue_Index (Capacity) then,survived
graphs/SPARK2/Ada-SPARK-Find-If-Path-Exists-In-Graph,find_if_path_exists_in_graph.adb,26,+ 1 -> + 0,Tail := Tail + 1;,Tail := Tail + 0;,killed
graphs/SPARK2/Ada-SPARK-Find-If-Path-Exists-In-Graph,find_if_path_exists_in_graph.adb,26,+ -> -,Tail := Tail + 1;,Tail := Tail - 1;,killed
graphs/SPARK2/Ada-SPARK-Number-Of-Islands-DFS,number_of_islands_dfs.adb,23,- -> +,Top := Top - 1;,Top := Top + 1;,killed
graphs/SPARK2/Ada-SPARK-Number-Of-Islands-DFS,number_of_islands_dfs.adb,24,< -> <=,"if R > 1 and then G (R - 1, C) and then not Seen (R - 1, C) and then Top < Stack_Size then","if R > 1 and then G (R - 1, C) and then not Seen (R - 1, C) and then Top <= Stack_Size then",survived
graphs/SPARK2/Ada-SPARK-Number-Of-Islands-DFS,number_of_islands_dfs.adb,24,and then -> or else,"if R > 1 and then G (R - 1, C) and then not Seen (R - 1, C) and then Top < Stack_Size then","if R > 1 and then G (R - 1, C) and then not Seen (R - 1, C) or else Top < Stack_Size then",stillborn
graphs/SPARK2/Ada-SPARK-Number-Of-Islands-DFS,number_of_islands_dfs.adb,24,and then -> or else,"if R > 1 and then G (R - 1, C) and then not Seen (R - 1, C) and then Top < Stack_Size then","if R > 1 or else G (R - 1, C) and then not Seen (R - 1, C) and then Top < Stack_Size then",stillborn
graphs/SPARK2/Ada-SPARK-Number-Of-Islands-DFS,number_of_islands_dfs.adb,25,+ 1 -> + 0,"Seen (R - 1, C) := True; Top := Top + 1; Rows (Top) := R - 1; Cols (Top) := C;","Seen (R - 1, C) := True; Top := Top + 0; Rows (Top) := R - 1; Cols (Top) := C;",killed
graphs/SPARK2/Ada-SPARK-Number-Of-Islands-DFS,number_of_islands_dfs.adb,25,- 1 -> - 0,"Seen (R - 1, C) := True; Top := Top + 1; Rows (Top) := R - 1; Cols (Top) := C;","Seen (R - 1, C) := True; Top := Top + 1; Rows (Top) := R - 0; Cols (Top) := C;",killed
graphs/SPARK2/Ada-SPARK-Number-Of-Islands-DFS,number_of_islands_dfs.adb,25,- -> +,"Seen (R - 1, C) := True; Top := Top + 1; Rows (Top) := R - 1; Cols (Top) := C;","Seen (R + 1, C) := True; Top := Top + 1; Rows (Top) := R - 1; Cols (Top) := C;",killed
graphs/SPARK2/Ada-SPARK-Number-Of-Islands-DFS,number_of_islands_dfs.adb,27,+ -> -,"if R < Grid_Size and then G (R + 1, C) and then not Seen (R + 1, C) and then Top < Stack_Size then","if R < Grid_Size and then G (R + 1, C) and then not Seen (R - 1, C) and then Top < Stack_Size then",killed
graphs/SPARK2/Ada-SPARK-Number-Of-Islands-DFS,number_of_islands_dfs.adb,27,+ 1 -> + 0,"if R < Grid_Size and then G (R + 1, C) and then not Seen (R + 1, C) and then Top < Stack_Size then","if R < Grid_Size and then G (R + 1, C) and then not Seen (R + 0, C) and then Top < Stack_Size then",killed
graphs/SPARK2/Ada-SPARK-Number-Of-Islands-DFS,number_of_islands_dfs.adb,28,+ -> -,"Seen (R + 1, C) := True; Top := Top + 1; Rows (Top) := R + 1; Cols (Top) := C;","Seen (R + 1, C) := True; Top := Top + 1; Rows (Top) := R - 1; Cols (Top) := C;",killed
graphs/SPARK2/Ada-SPARK-Number-Of-Islands-DFS,number_of_islands_dfs.adb,30,and then -> or else,"if C > 1 and then G (R, C - 1) and then not Seen (R, C - 1) and then Top < Stack_Size then","if C > 1 or else G (R, C - 1) and then not Seen (R, C - 1) and then Top < Stack_Size then",stillborn
graphs/SPARK2/Ada-SPARK-Number-Of-Islands-DFS,number_of_islands_dfs.adb,30,> -> >=,"if C > 1 and then G (R, C - 1) and then not Seen (R, C - 1) and then Top < Stack_Size then","if C >= 1 and then G (R, C - 1) and then not Seen (R, C - 1) and then Top < Stack_Size then",killed
graphs/SPARK2/Ada-SPARK-Number-Of-Islands-DFS,number_of_islands_dfs.adb,31,+ 1 -> + 0,"Seen (R, C - 1) := True; Top := Top + 1; Rows (Top) := R; Cols (Top) := C - 1;","Seen (R, C - 1) := True; Top := Top + 0; Rows (Top) := R; Cols (Top) := C - 1;",killed
graphs/SPARK2/Ada-SPARK-Number-Of-Islands-DFS,number_of_islands_dfs.adb,31,- -> +,"Seen (R, C - 1) := True; Top := Top + 1; Rows (Top) := R; Cols (Top) := C - 1;","Seen (R, C + 1) := True; Top := Top + 1; Rows (Top) := R; Cols (Top) := C - 1;",killed
graphs/SPARK2/Ada-SPARK-Number-Of-Islands-DFS,number_of_islands_dfs.adb,31,- 1 -> - 0,"Seen (R, C - 1) := True; Top := Top + 1; Rows (Top) := R; Cols (Top) := C - 1;","Seen (R, C - 1) := True; Top := Top + 1; Rows (Top) := R; Cols (Top) := C - 0;",killed
graphs/SPARK2/Ada-SPARK-Number-Of-Islands-DFS,number_of_islands_dfs.adb,33,+ 1 -> + 0,"if C < Grid_Size and then G (R, C + 1) and then not Seen (R, C + 1) and then Top < Stack_Size then","if C < Grid_Size and then G (R, C + 1) and then not Seen (R, C + 0) and then Top < Stack_Size then",killed
graphs/SPARK2/Ada-SPARK-Number-Of-Islands-DFS,number_of_islands_dfs.adb,33,< -> <=,"if C < Grid_Size and then G (R, C + 1) and then not Seen (R, C + 1) and then Top < Stack_Size then","if C <= Grid_Size and then G (R, C + 1) and then not Seen (R, C + 1) and then Top < Stack_Size then",killed
graphs/SPARK2/Ada-SPARK-Number-Of-Islands-DFS,number_of_islands_dfs.adb,34,+ -> -,"Seen (R, C + 1) := True; Top := Top + 1; Rows (Top) := R; Cols (Top) := C + 1;","Seen (R, C + 1) := True; Top := Top - 1; Rows (Top) := R; Cols (Top) := C + 1;",killed
graphs/SPARK2/Ada-SPARK-Number-Of-Islands-DFS,number_of_islands_dfs.adb,34,+ -> -,"Seen (R, C + 1) := True; Top := Top + 1; Rows (Top) := R; Cols (Top) := C + 1;","Seen (R, C - 1) := True; Top := Top + 1; Rows (Top) := R; Cols (Top) := C + 1;",killed
graphs/SPARK2/Ada-SPARK-Number-Of-Islands-DFS,number_of_islands_dfs.adb,46,+ -> -,"Total := Total + 1; Explore (G, R, C, Seen);","Total := Total - 1; Explore (G, R, C, Seen);",killed
graphs/SPARK2/Ada-SPARK-Prims-Algorithm,prims_algorithm.adb,14,< -> <=,if not Used (N) and then Key (N) < Infinity,if not Used (N) and then Key (N) <= Infinity,survived
graphs/SPARK2/Ada-SPARK-Prims-Algorithm,prims_algorithm.adb,14,and then -> or else,if not Used (N) and then Key (N) < Infinity,if not Used (N) or else Key (N) < Infinity,stillborn
graphs/SPARK2/Ada-SPARK-Prims-Algorithm,prims_algorithm.adb,15,< -> <=,and then (not Found or else Key (N) < Key (Best)),and then (not Found or else Key (N) <= Key (Best)),survived
graphs/SPARK2/Ada-SPARK-Prims-Algorithm,prims_algorithm.adb,15,and then -> or else,and then (not Found or else Key (N) < Key (Best)),or else (not Found or else Key (N) < Key (Best)),stillborn
graphs/SPARK2/Ada-SPARK-Prims-Algorithm,prims_algorithm.adb,15,or else -> and then,and then (not Found or else Key (N) < Key (Best)),and then (not Found and then Key (N) < Key (Best)),killed
graphs/SPARK2/Ada-SPARK-Prims-Algorithm,prims_algorithm.adb,23,< -> <=,"if not Used (N) and then Graph (Best, N) < Key (N) then","if not Used (N) and then Graph (Best, N) <= Key (N) then",survived
graphs/SPARK2/Ada-SPARK-Prims-Algorithm,prims_algorithm.adb,23,and then -> or else,"if not Used (N) and then Graph (Best, N) < Key (N) then","if not Used (N) or else Graph (Best, N) < Key (N) then",killed
graphs/SPARK2/Bellman-Ford-Algorithm,bellman_ford_algorithm.adb,9,/= -> =,if D (Edges (I).U) /= Infinity then,if D (Edges (I).U) = Infinity then,killed
graphs/SPARK2/Bellman-Ford-Algorithm,bellman_ford_algorithm.adb,10,and then -> or else,if Edges (I).Weight >= 0 and then D (Edges (I).U) <= Distance'Last - Edges (I).Weight then,if Edges (I).Weight >= 0 or else D (Edges (I).U) <= Distance'Last - Edges (I).Weight then,survived
graphs/SPARK2/Bellman-Ford-Algorithm,bellman_ford_algorithm.adb,10,>= -> >,if Edges (I).Weight >= 0 and then D (Edges (I).U) <= Distance'Last - Edges (I).Weight then,if Edges (I).Weight > 0 and then D (Edges (I).U) <= Distance'Last - Edges (I).Weight then,survived
graphs/SPARK2/Bellman-Ford-Algorithm,bellman_ford_algorithm.adb,10,<= -> <,if Edges (I).Weight >= 0 and then D (Edges (I).U) <= Distance'Last - Edges (I).Weight then,if Edges (I).Weight >= 0 and then D (Edges (I).U) < Distance'Last - Edges (I).Weight then,survived
graphs/SPARK2/Bellman-Ford-Algorithm,bellman_ford_algorithm.adb,10,- -> +,if Edges (I).Weight >= 0 and then D (Edges (I).U) <= Distance'Last - Edges (I).Weight then,if Edges (I).Weight >= 0 and then D (Edges (I).U) <= Distance'Last + Edges (I).Weight then,survived
graphs/SPARK2/Bellman-Ford-Algorithm,bellman_ford_algorithm.adb,11,+ -> -,Candidate := D (Edges (I).U) + Edges (I).Weight;,Candidate := D (Edges (I).U) - Edges (I).Weight;,killed
graphs/SPARK2/Bellman-Ford-Algorithm,bellman_ford_algorithm.adb,12,< -> <=,if Candidate < D (Edges (I).V) then D (Edges (I).V) := Candidate; end if;,if Candidate <= D (Edges (I).V) then D (Edges (I).V) := Candidate; end if;,survived
graphs/SPARK2/Bellman-Ford-Algorithm,bellman_ford_algorithm.adb,13,- -> +,elsif Edges (I).Weight < 0 and then D (Edges (I).U) >= Distance'First - Edges (I).Weight then,elsif Edges (I).Weight < 0 and then D (Edges (I).U) >= Distance'First + Edges (I).Weight then,survived
graphs/SPARK2/Bellman-Ford-Algorithm,bellman_ford_algorithm.adb,13,< -> <=,elsif Edges (I).Weight < 0 and then D (Edges (I).U) >= Distance'First - Edges (I).Weight then,elsif Edges (I).Weight <= 0 and then D (Edges (I).U) >= Distance'First - Edges (I).Weight then,survived
graphs/SPARK2/Bellman-Ford-Algorithm,bellman_ford_algorithm.adb,13,>= -> >,elsif Edges (I).Weight < 0 and then D (Edges (I).U) >= Distance'First - Edges (I).Weight then,elsif Edges (I).Weight < 0 and then D (Edges (I).U) > Distance'First - Edges (I).Weight then,survived
graphs/SPARK2/Bellman-Ford-Algorithm,bellman_ford_algorithm.adb,13,and then -> or else,elsif Edges (I).Weight < 0 and then D (Edges (I).U) >= Distance'First - Edges (I).Weight then,elsif Edges (I).Weight < 0 or else D (Edges (I).U) >= Distance'First - Edges (I).Weight then,survived
graphs/SPARK2/Bellman-Ford-Algorithm,bellman_ford_algorithm.adb,14,+ -> -,Candidate := D (Edges (I).U) + Edges (I).Weight;,Candidate := D (Edges (I).U) - Edges (I).Weight;,survived
graphs/SPARK2/Bellman-Ford-Algorithm,bellman_ford_algorithm.adb,15,< -> <=,if Candidate < D (Edges (I).V) then D (Edges (I).V) := Candidate; end if;,if Candidate <= D (Edges (I).V) then D (Edges (I).V) := Candidate; end if;,survived
hashing/SPARK2/Ada-SPARK-Zobrist-Hashing,zobrist_hashing.adb,5,- -> +,subtype Pos_Index is Natural range 0 .. Max_Len - 1;,subtype Pos_Index is Natural range 0 .. Max_Len + 1;,survived
hashing/SPARK2/Ada-SPARK-Zobrist-Hashing,zobrist_hashing.adb,5,- 1 -> - 0,subtype Pos_Index is Natural range 0 .. Max_Len - 1;,subtype Pos_Index is Natural range 0 .. Max_Len - 0;,survived
hashing/SPARK2/Ada-SPARK-Zobrist-Hashing,zobrist_hashing.adb,11,+ 1 -> + 0,return Hash_Value (Position + 1) * 16#9E3779B1#,return Hash_Value (Position + 0) * 16#9E3779B1#,survived
hashing/SPARK2/Ada-SPARK-Zobrist-Hashing,zobrist_hashing.adb,11,* -> +,return Hash_Value (Position + 1) * 16#9E3779B1#,return Hash_Value (Position + 1) + 16#9E3779B1#,survived
hashing/SPARK2/Ada-SPARK-Zobrist-Hashing,zobrist_hashing.adb,11,+ -> -,return Hash_Value (Position + 1) * 16#9E3779B1#,return Hash_Value (Position - 1) * 16#9E3779B1#,killed
hashing/SPARK2/Ada-SPARK-Zobrist-Hashing,zobrist_hashing.adb,12,* -> +,+ Hash_Value (Character'Pos (C) + 1) * 16#85EBCA6B#;,+ Hash_Value (Character'Pos (C) + 1) + 16#85EBCA6B#;,survived
hashing/SPARK2/Ada-SPARK-Zobrist-Hashing,zobrist_hashing.adb,12,+ -> -,+ Hash_Value (Character'Pos (C) + 1) * 16#85EBCA6B#;,+ Hash_Value (Character'Pos (C) - 1) * 16#85EBCA6B#;,survived
hashing/SPARK2/Ada-SPARK-Zobrist-Hashing,zobrist_hashing.adb,12,+ 1 -> + 0,+ Hash_Value (Character'Pos (C) + 1) * 16#85EBCA6B#;,+ Hash_Value (Character'Pos (C) + 0) * 16#85EBCA6B#;,survived
hashing/SPARK2/Ada-SPARK-Zobrist-Hashing,zobrist_hashing.adb,12,+ -> -,+ Hash_Value (Character'Pos (C) + 1) * 16#85EBCA6B#;,- Hash_Value (Character'Pos (C) + 1) * 16#85EBCA6B#;,survived
hashing/SPARK2/Ada-SPARK-Zobrist-Hashing,zobrist_hashing.adb,19,- -> +,"H := H xor Key (Pos_Index (I - 1), Text (I));","H := H xor Key (Pos_Index (I + 1), Text (I));",killed
hashing/SPARK2/Ada-SPARK-Zobrist-Hashing,zobrist_hashing.adb,19,- 1 -> - 0,"H := H xor Key (Pos_Index (I - 1), Text (I));","H := H xor Key (Pos_Index (I - 0), Text (I));",killed
logic/Ada/DPLL,dpll.adb,65,= -> /=,return A (V) = Is_True;,return A (V) /= Is_True;,killed
logic/Ada/DPLL,dpll.adb,100,= -> /=,if F.Num_Vars = 0 then,if F.Num_Vars /= 0 then,survived
logic/Ada/DPLL,dpll.adb,170,+ -> -,I := I + 1;,I := I - 1;,killed
logic/Ada/DPLL,dpll.adb,181,<= -> <,if I <= Last and then Text (I) = ASCII.CR then,if I < Last and then Text (I) = ASCII.CR then,survived
logic/Ada/DPLL,dpll.adb,185,+ -> -,I := I + 1;,I := I - 1;,killed
logic/Ada/DPLL,dpll.adb,206,+ 1 -> + 0,Digit_Count := Digit_Count + 1;,Digit_Count := Digit_Count + 0;,killed
logic/Ada/DPLL,dpll.adb,207,+ -> -,I := I + 1;,I := I - 1;,killed
logic/Ada/DPLL,dpll.adb,209,= -> /=,if Digit_Count = 0 then,if Digit_Count /= 0 then,killed
logic/Ada/DPLL,dpll.adb,218,> -> >=,if I + Tok'Length - 1 > Last then,if I + Tok'Length - 1 >= Last then,survived
logic/Ada/DPLL,dpll.adb,218,- -> +,if I + Tok'Length - 1 > Last then,if I + Tok'Length + 1 > Last then,survived
logic/Ada/DPLL,dpll.adb,238,or else -> and then,elsif Text (I) = ASCII.LF or else Text (I) = ASCII.CR then,elsif Text (I) = ASCII.LF and then Text (I) = ASCII.CR then,survived
logic/Ada/DPLL,dpll.adb,240,or else -> and then,elsif Text (I) = 'c' or else Text (I) = 'C' then,elsif Text (I) = 'c' and then Text (I) = 'C' then,killed
logic/Ada/DPLL,dpll.adb,240,= -> /=,elsif Text (I) = 'c' or else Text (I) = 'C' then,elsif Text (I) = 'c' or else Text (I) /= 'C' then,killed
logic/Ada/DPLL,dpll.adb,248,< -> <=,if Lit_Val < 0 or else Lit_Val > Max_Vars then,if Lit_Val <= 0 or else Lit_Val > Max_Vars then,killed
logic/Ada/DPLL,dpll.adb,283,= -> /=,and then (Text (I) = ASCII.LF or else Text (I) = ASCII.CR),and then (Text (I) = ASCII.LF or else Text (I) /= ASCII.CR),survived
logic/Ada/DPLL,dpll.adb,326,or else -> and then,"if C.Lits (I) = 0 or else not Lit_Is_False (C.Lits (I), A) then","if C.Lits (I) = 0 and then not Lit_Is_False (C.Lits (I), A) then",killed
logic/Ada/DPLL,dpll.adb,344,+ -> -,Open_Count := Open_Count + 1;,Open_Count := Open_Count - 1;,killed
logic/Ada/DPLL,dpll.adb,425,= -> /=,elsif A (V) = Want then,elsif A (V) /= Want then,killed
logic/Ada/DPLL,dpll.adb,512,+ -> -,Pures.Length := Pures.Length + 1;,Pures.Length := Pures.Length - 1;,killed
logic/Ada/DPLL,dpll.adb,537,= -> /=,exit when Pures.Length = 0;,exit when Pures.Length /= 0;,killed
matrices/SPARK2/Ada-SPARK-Gaussian-Elimination,gaussian_elimination.adb,6,and then -> or else,"Swap : constant Boolean := Augmented (1, 1) = 0 and then Augmented (2, 1) /= 0;","Swap : constant Boolean := Augmented (1, 1) = 0 or else Augmented (2, 1) /= 0;",killed
matrices/SPARK2/Ada-SPARK-Gaussian-Elimination,gaussian_elimination.adb,6,= -> /=,"Swap : constant Boolean := Augmented (1, 1) = 0 and then Augmented (2, 1) /= 0;","Swap : constant Boolean := Augmented (1, 1) /= 0 and then Augmented (2, 1) /= 0;",killed
matrices/SPARK2/Ada-SPARK-Gaussian-Elimination,gaussian_elimination.adb,6,/= -> =,"Swap : constant Boolean := Augmented (1, 1) = 0 and then Augmented (2, 1) /= 0;","Swap : constant Boolean := Augmented (1, 1) = 0 and then Augmented (2, 1) = 0;",killed
matrices/SPARK2/Ada-SPARK-Gaussian-Elimination,gaussian_elimination.adb,15,= -> /=,if Pivot = 0 then,if Pivot /= 0 then,killed
matrices/SPARK2/Ada-SPARK-Gaussian-Elimination,gaussian_elimination.adb,23,* -> +,"Result (2, C) := Long_Long_Integer (Augmented (Bottom, C)) * Pivot","Result (2, C) := Long_Long_Integer (Augmented (Bottom, C)) + Pivot",killed
matrices/SPARK2/Ada-SPARK-Gaussian-Elimination,gaussian_elimination.adb,24,* -> +,"- Long_Long_Integer (Augmented (Top, C)) * Factor;","- Long_Long_Integer (Augmented (Top, C)) + Factor;",killed
matrices/SPARK2/Ada-SPARK-Lucky-Numbers-In-A-Matrix,lucky_numbers.adb,12,< -> <=,"if Input (Row, Column) < Minimum then","if Input (Row, Column) <= Minimum then",survived
matrices/SPARK2/Ada-SPARK-Lucky-Numbers-In-A-Matrix,lucky_numbers.adb,17,= -> /=,"if Input (Row, Column) = Minimum then","if Input (Row, Column) /= Minimum then",killed
matrices/SPARK2/Ada-SPARK-Lucky-Numbers-In-A-Matrix,lucky_numbers.adb,20,> -> >=,"if Input (Other_Row, Column) > Minimum then","if Input (Other_Row, Column) >= Minimum then",killed
matrices/SPARK2/Ada-SPARK-Matrix-Cells-In-Distance-Order,matrix_cells_in_distance_order.adb,4,- -> +,DR : Integer := A.Row - B.Row;,DR : Integer := A.Row + B.Row;,killed
matrices/SPARK2/Ada-SPARK-Matrix-Cells-In-Distance-Order,matrix_cells_in_distance_order.adb,5,- -> +,DC : Integer := A.Column - B.Column;,DC : Integer := A.Column + B.Column;,killed
matrices/SPARK2/Ada-SPARK-Matrix-Cells-In-Distance-Order,matrix_cells_in_distance_order.adb,7,< -> <=,if DR < 0 then DR := -DR; end if;,if DR <= 0 then DR := -DR; end if;,survived
matrices/SPARK2/Ada-SPARK-Matrix-Cells-In-Distance-Order,matrix_cells_in_distance_order.adb,8,< -> <=,if DC < 0 then DC := -DC; end if;,if DC <= 0 then DC := -DC; end if;,survived
matrices/SPARK2/Ada-SPARK-Matrix-Cells-In-Distance-Order,matrix_cells_in_distance_order.adb,9,+ -> -,return DR + DC;,return DR - DC;,killed
matrices/SPARK2/Ada-SPARK-Matrix-Cells-In-Distance-Order,matrix_cells_in_distance_order.adb,18,+ 1 -> + 0,"Cells (I) := (Row => (I - 1) / Side + 1, Column => (I - 1) mod Side + 1);","Cells (I) := (Row => (I - 1) / Side + 0, Column => (I - 1) mod Side + 1);",killed
matrices/SPARK2/Ada-SPARK-Matrix-Cells-In-Distance-Order,matrix_cells_in_distance_order.adb,18,- -> +,"Cells (I) := (Row => (I - 1) / Side + 1, Column => (I - 1) mod Side + 1);","Cells (I) := (Row => (I + 1) / Side + 1, Column => (I - 1) mod Side + 1);",killed
matrices/SPARK2/Ada-SPARK-Matrix-Cells-In-Distance-Order,matrix_cells_in_distance_order.adb,18,- -> +,"Cells (I) := (Row => (I - 1) / Side + 1, Column => (I - 1) mod Side + 1);","Cells (I) := (Row => (I - 1) / Side + 1, Column => (I + 1) mod Side + 1);",survived
matrices/SPARK2/Ada-SPARK-Matrix-Cells-In-Distance-Order,matrix_cells_in_distance_order.adb,18,+ -> -,"Cells (I) := (Row => (I - 1) / Side + 1, Column => (I - 1) mod Side + 1);","Cells (I) := (Row => (I - 1) / Side + 1, Column => (I - 1) mod Side - 1);",killed
matrices/SPARK2/Ada-SPARK-Matrix-Cells-In-Distance-Order,matrix_cells_in_distance_order.adb,18,- 1 -> - 0,"Cells (I) := (Row => (I - 1) / Side + 1, Column => (I - 1) mod Side + 1);","Cells (I) := (Row => (I - 1) / Side + 1, Column => (I - 0) mod Side + 1);",survived
matrices/SPARK2/Ada-SPARK-Matrix-Cells-In-Distance-Order,matrix_cells_in_distance_order.adb,18,+ 1 -> + 0,"Cells (I) := (Row => (I - 1) / Side + 1, Column => (I - 1) mod Side + 1);","Cells (I) := (Row => (I - 1) / Side + 1, Column => (I - 1) mod Side + 0);",killed
matrices/SPARK2/Ada-SPARK-Matrix-Cells-In-Distance-Order,matrix_cells_in_distance_order.adb,18,- 1 -> - 0,"Cells (I) := (Row => (I - 1) / Side + 1, Column => (I - 1) mod Side + 1);","Cells (I) := (Row => (I - 0) / Side + 1, Column => (I - 1) mod Side + 1);",killed
matrices/SPARK2/Ada-SPARK-Matrix-Cells-In-Distance-Order,matrix_cells_in_distance_order.adb,21,+ 1 -> + 0,for I in Cells'First + 1 .. Cells'Last loop,for I in Cells'First + 0 .. Cells'Last loop,survived
matrices/SPARK2/Ada-SPARK-Matrix-Cells-In-Distance-Order,matrix_cells_in_distance_order.adb,25,> -> >=,"while J > Cells'First and then Manhattan (Cells (J - 1), Origin) > Key loop","while J >= Cells'First and then Manhattan (Cells (J - 1), Origin) > Key loop",killed
matrices/SPARK2/Ada-SPARK-Matrix-Cells-In-Distance-Order,matrix_cells_in_distance_order.adb,25,> -> >=,"while J > Cells'First and then Manhattan (Cells (J - 1), Origin) > Key loop","while J > Cells'First and then Manhattan (Cells (J - 1), Origin) >= Key loop",survived
matrices/SPARK2/Ada-SPARK-Matrix-Cells-In-Distance-Order,matrix_cells_in_distance_order.adb,25,- -> +,"while J > Cells'First and then Manhattan (Cells (J - 1), Origin) > Key loop","while J > Cells'First and then Manhattan (Cells (J + 1), Origin) > Key loop",killed
matrices/SPARK2/Ada-SPARK-Matrix-Cells-In-Distance-Order,matrix_cells_in_distance_order.adb,27,- -> +,Cells (J) := Cells (J - 1);,Cells (J) := Cells (J + 1);,killed
matrices/SPARK2/Ada-SPARK-Matrix-Cells-In-Distance-Order,matrix_cells_in_distance_order.adb,27,- 1 -> - 0,Cells (J) := Cells (J - 1);,Cells (J) := Cells (J - 0);,killed
matrices/SPARK2/Ada-SPARK-Matrix-Cells-In-Distance-Order,matrix_cells_in_distance_order.adb,28,- 1 -> - 0,J := J - 1;,J := J - 0;,timeout
matrices/SPARK2/Ada-SPARK-Matrix-Cells-In-Distance-Order,matrix_cells_in_distance_order.adb,28,- -> +,J := J - 1;,J := J + 1;,killed
matrices/SPARK2/Ada-SPARK-Num-Matrix-Block-Sum,num_matrix_block_sum.adb,5,<= -> <,return ((R >= Row and then R - Row <= K) or else (Row >= R and then Row - R <= K)),return ((R >= Row and then R - Row < K) or else (Row >= R and then Row - R <= K)),killed
matrices/SPARK2/Ada-SPARK-Num-Matrix-Block-Sum,num_matrix_block_sum.adb,5,and then -> or else,return ((R >= Row and then R - Row <= K) or else (Row >= R and then Row - R <= K)),return ((R >= Row and then R - Row <= K) or else (Row >= R or else Row - R <= K)),killed
matrices/SPARK2/Ada-SPARK-Num-Matrix-Block-Sum,num_matrix_block_sum.adb,5,>= -> >,return ((R >= Row and then R - Row <= K) or else (Row >= R and then Row - R <= K)),return ((R > Row and then R - Row <= K) or else (Row >= R and then Row - R <= K)),survived
matrices/SPARK2/Ada-SPARK-Num-Matrix-Block-Sum,num_matrix_block_sum.adb,5,or else -> and then,return ((R >= Row and then R - Row <= K) or else (Row >= R and then Row - R <= K)),return ((R >= Row and then R - Row <= K) and then (Row >= R and then Row - R <= K)),killed
matrices/SPARK2/Ada-SPARK-Num-Matrix-Block-Sum,num_matrix_block_sum.adb,5,and then -> or else,return ((R >= Row and then R - Row <= K) or else (Row >= R and then Row - R <= K)),return ((R >= Row or else R - Row <= K) or else (Row >= R and then Row - R <= K)),killed
matrices/SPARK2/Ada-SPARK-Num-Matrix-Block-Sum,num_matrix_block_sum.adb,5,<= -> <,return ((R >= Row and then R - Row <= K) or else (Row >= R and then Row - R <= K)),return ((R >= Row and then R - Row <= K) or else (Row >= R and then Row - R < K)),killed
matrices/SPARK2/Ada-SPARK-Num-Matrix-Block-Sum,num_matrix_block_sum.adb,5,- -> +,return ((R >= Row and then R - Row <= K) or else (Row >= R and then Row - R <= K)),return ((R >= Row and then R + Row <= K) or else (Row >= R and then Row - R <= K)),killed
matrices/SPARK2/Ada-SPARK-Num-Matrix-Block-Sum,num_matrix_block_sum.adb,5,>= -> >,return ((R >= Row and then R - Row <= K) or else (Row >= R and then Row - R <= K)),return ((R >= Row and then R - Row <= K) or else (Row > R and then Row - R <= K)),survived
matrices/SPARK2/Ada-SPARK-Num-Matrix-Block-Sum,num_matrix_block_sum.adb,6,or else -> and then,and then ((C >= Col and then C - Col <= K) or else (Col >= C and then Col - C <= K));,and then ((C >= Col and then C - Col <= K) and then (Col >= C and then Col - C <= K));,killed
matrices/SPARK2/Ada-SPARK-Num-Matrix-Block-Sum,num_matrix_block_sum.adb,6,- -> +,and then ((C >= Col and then C - Col <= K) or else (Col >= C and then Col - C <= K));,and then ((C >= Col and then C + Col <= K) or else (Col >= C and then Col - C <= K));,killed
matrices/SPARK2/Ada-SPARK-Num-Matrix-Block-Sum,num_matrix_block_sum.adb,6,>= -> >,and then ((C >= Col and then C - Col <= K) or else (Col >= C and then Col - C <= K));,and then ((C > Col and then C - Col <= K) or else (Col >= C and then Col - C <= K));,survived
matrices/SPARK2/Ada-SPARK-Num-Matrix-Block-Sum,num_matrix_block_sum.adb,6,>= -> >,and then ((C >= Col and then C - Col <= K) or else (Col >= C and then Col - C <= K));,and then ((C >= Col and then C - Col <= K) or else (Col > C and then Col - C <= K));,survived
matrices/SPARK2/Ada-SPARK-Num-Matrix-Block-Sum,num_matrix_block_sum.adb,6,<= -> <,and then ((C >= Col and then C - Col <= K) or else (Col >= C and then Col - C <= K));,and then ((C >= Col and then C - Col <= K) or else (Col >= C and then Col - C < K));,killed
matrices/SPARK2/Ada-SPARK-Num-Matrix-Block-Sum,num_matrix_block_sum.adb,20,+ -> -,"return Long_Long_Integer (Contribution (A, 1, 1, Row, Col, K)) + Long_Long_Integer (Contribution (A,","return Long_Long_Integer (Contribution (A, 1, 1, Row, Col, K)) + Long_Long_Integer (Contribution (A,",killed
matrices/SPARK2/Ada-SPARK-Num-Matrix-Block-Sum,num_matrix_block_sum.adb,20,+ -> -,"return Long_Long_Integer (Contribution (A, 1, 1, Row, Col, K)) + Long_Long_Integer (Contribution (A,","return Long_Long_Integer (Contribution (A, 1, 1, Row, Col, K)) + Long_Long_Integer (Contribution (A,",killed
matrices/SPARK2/Ada-SPARK-Num-Matrix-Block-Sum,num_matrix_block_sum.adb,20,+ -> -,"return Long_Long_Integer (Contribution (A, 1, 1, Row, Col, K)) + Long_Long_Integer (Contribution (A,","return Long_Long_Integer (Contribution (A, 1, 1, Row, Col, K)) + Long_Long_Integer (Contribution (A,",killed
matrices/SPARK2/Ada-SPARK-Num-Matrix-Block-Sum,num_matrix_block_sum.adb,20,+ -> -,"return Long_Long_Integer (Contribution (A, 1, 1, Row, Col, K)) + Long_Long_Integer (Contribution (A,","return Long_Long_Integer (Contribution (A, 1, 1, Row, Col, K)) + Long_Long_Integer (Contribution (A,",killed
matrices/SPARK2/Ada-SPARK-Num-Matrix-Block-Sum,num_matrix_block_sum.adb,20,+ -> -,"return Long_Long_Integer (Contribution (A, 1, 1, Row, Col, K)) + Long_Long_Integer (Contribution (A,","return Long_Long_Integer (Contribution (A, 1, 1, Row, Col, K)) + Long_Long_Integer (Contribution (A,",killed
matrices/SPARK2/Ada-SPARK-Num-Matrix-Block-Sum,num_matrix_block_sum.adb,20,+ -> -,"return Long_Long_Integer (Contribution (A, 1, 1, Row, Col, K)) + Long_Long_Integer (Contribution (A,","return Long_Long_Integer (Contribution (A, 1, 1, Row, Col, K)) + Long_Long_Integer (Contribution (A,",killed
matrices/SPARK2/Ada-SPARK-Num-Matrix-Block-Sum,num_matrix_block_sum.adb,20,+ -> -,"return Long_Long_Integer (Contribution (A, 1, 1, Row, Col, K)) + Long_Long_Integer (Contribution (A,","return Long_Long_Integer (Contribution (A, 1, 1, Row, Col, K)) + Long_Long_Integer (Contribution (A,",killed
misc/Ada/Backtracking,backtracking.adb,26,= -> /=,or else C + (Row - R) = Col,or else C + (Row - R) /= Col,killed
misc/Ada/Backtracking,backtracking.adb,26,+ -> -,or else C + (Row - R) = Col,or else C - (Row - R) = Col,timeout
misc/Ada/Backtracking,backtracking.adb,37,= -> /=,(C1 = C2,(C1 /= C2,timeout
misc/Ada/Backtracking,backtracking.adb,39,- -> +,or else abs (C1 - C2) = abs (R1 - R2));,or else abs (C1 - C2) = abs (R1 + R2));,timeout
misc/Ada/Backtracking,backtracking.adb,63,+ -> -,Search (Row + 1);,Search (Row - 1);,timeout
misc/Ada/Backtracking,backtracking.adb,96,+ 1 -> + 0,Total := Total + 1;,Total := Total + 0;,timeout
misc/Ada/Backtracking,backtracking.adb,109,> -> >=,if N > Max_N then,if N >= Max_N then,killed
misc/Ada/Backtracking,backtracking.adb,137,or else -> and then,if C < 1 or else C > N then,if C < 1 and then C > N then,timeout
misc/Ada/Backtracking,backtracking.adb,137,< -> <=,if C < 1 or else C > N then,if C <= 1 or else C > N then,timeout
misc/Ada/Backtracking,backtracking.adb,147,- 1 -> - 0,for R1 in 1 .. N - 1 loop,for R1 in 1 .. N - 0 loop,timeout
misc/Ada/Backtracking,backtracking.adb,195,> -> >=,if Index > N then,if Index >= N then,timeout
misc/Ada/Backtracking,backtracking.adb,196,= -> /=,if Partial = Target then,if Partial /= Target then,timeout
misc/Ada/Backtracking,backtracking.adb,216,+ -> -,"Search (Index + 1, Partial + Elem (Index));","Search (Index - 1, Partial + Elem (Index));",timeout
misc/Ada/Backtracking,backtracking.adb,223,+ -> -,"Search (Index + 1, Partial);","Search (Index - 1, Partial);",timeout
misc/Ada/Backtracking,backtracking.adb,246,+ -> -,Pos_Suffix (I) := Pos_Suffix (I + 1) + V;,Pos_Suffix (I) := Pos_Suffix (I + 1) - V;,timeout
misc/Ada/Backtracking,backtracking.adb,262,+ -> -,Chosen (A'First + I - 1) := Pick (I);,Chosen (A'First - I - 1) := Pick (I);,killed
misc/Ada/Backtracking,backtracking.adb,293,= -> /=,if V = 0 then,if V /= 0 then,killed
misc/Ada/Backtracking,backtracking.adb,296,> -> >=,if V > Max_Vertices then,if V >= Max_Vertices then,timeout
misc/Ada/Backtracking,backtracking.adb,302,/= -> =,if Adj'First (1) /= Colors'First,if Adj'First (1) = Colors'First,timeout
misc/Ada/Backtracking,backtracking.adb,308,or else -> and then,or else Adj'Last (2) /= Colors'Last,and then Adj'Last (2) /= Colors'Last,timeout
misc/Ada/Bowyer-Watson,bowyer_watson.adb,29,* -> +,return DX * DX + DY * DY;,return DX * DX + DY + DY;,killed
misc/Ada/Bowyer-Watson,bowyer_watson.adb,39,- -> +,return (B.X - A.X) * (C.Y - A.Y) - (B.Y - A.Y) * (C.X - A.X);,return (B.X - A.X) * (C.Y - A.Y) - (B.Y + A.Y) * (C.X - A.X);,killed
misc/Ada/Bowyer-Watson,bowyer_watson.adb,58,+ -> -,Ad2 : constant Real := Adx * Adx + Ady * Ady;,Ad2 : constant Real := Adx * Adx - Ady * Ady;,killed
misc/Ada/Bowyer-Watson,bowyer_watson.adb,62,- -> +,Adx * (Bdy * Cd2 - Bd2 * Cdy),Adx * (Bdy * Cd2 + Bd2 * Cdy),killed
misc/Ada/Bowyer-Watson,bowyer_watson.adb,64,+ -> -,+ Ad2 * (Bdx * Cdy - Bdy * Cdx);,- Ad2 * (Bdx * Cdy - Bdy * Cdx);,killed
misc/Ada/Bowyer-Watson,bowyer_watson.adb,72,* -> +,A2 : constant Real := A.X * A.X + A.Y * A.Y;,A2 : constant Real := A.X + A.X + A.Y * A.Y;,survived
misc/Ada/Bowyer-Watson,bowyer_watson.adb,72,* -> +,A2 : constant Real := A.X * A.X + A.Y * A.Y;,A2 : constant Real := A.X * A.X + A.Y + A.Y;,survived
misc/Ada/Bowyer-Watson,bowyer_watson.adb,74,* -> +,C2 : constant Real := C.X * C.X + C.Y * C.Y;,C2 : constant Real := C.X * C.X + C.Y + C.Y;,killed
misc/Ada/Bowyer-Watson,bowyer_watson.adb,82,* -> +,Ux := (A2 * (B.Y - C.Y) + B2 * (C.Y - A.Y) + C2 * (A.Y - B.Y)) / D;,Ux := (A2 * (B.Y - C.Y) + B2 * (C.Y - A.Y) + C2 + (A.Y - B.Y)) / D;,killed
misc/Ada/Bowyer-Watson,bowyer_watson.adb,82,- -> +,Ux := (A2 * (B.Y - C.Y) + B2 * (C.Y - A.Y) + C2 * (A.Y - B.Y)) / D;,Ux := (A2 * (B.Y - C.Y) + B2 * (C.Y - A.Y) + C2 * (A.Y + B.Y)) / D;,survived
misc/Ada/Bowyer-Watson,bowyer_watson.adb,83,- -> +,Uy := (A2 * (C.X - B.X) + B2 * (A.X - C.X) + C2 * (B.X - A.X)) / D;,Uy := (A2 * (C.X - B.X) + B2 * (A.X - C.X) + C2 * (B.X + A.X)) / D;,survived
misc/Ada/Bowyer-Watson,bowyer_watson.adb,174,= -> /=,if Mesh.Count = Max_Triangles then,if Mesh.Count /= Max_Triangles then,killed
misc/Ada/Bowyer-Watson,bowyer_watson.adb,205,* -> +,Margin := 1.0E6 * Span + 10.0;,Margin := 1.0E6 + Span + 10.0;,survived
misc/Ada/Bowyer-Watson,bowyer_watson.adb,213,- -> +,"Work (Super_A) := (X => Mid_X - Margin, Y => Mid_Y - Margin);","Work (Super_A) := (X => Mid_X + Margin, Y => Mid_Y - Margin);",survived
misc/Ada/Bowyer-Watson,bowyer_watson.adb,266,+ -> -,and then (P.X - W.X) * (U.X - W.X) + (P.Y - W.Y) * (U.Y - W.Y) > 0.0;,and then (P.X - W.X) * (U.X - W.X) - (P.Y - W.Y) * (U.Y - W.Y) > 0.0;,killed
misc/Ada/Bowyer-Watson,bowyer_watson.adb,279,* -> +,Cy : constant Real := (L2 * D1.X - L1 * D2.X) / Dn;,Cy : constant Real := (L2 * D1.X - L1 + D2.X) / Dn;,killed
misc/Ada/Bowyer-Watson,bowyer_watson.adb,318,= -> /=,if Bad_Count = 0 then,if Bad_Count /= 0 then,killed
misc/Ada/Bowyer-Watson,bowyer_watson.adb,336,and then -> or else,if Bad (J) and then J /= I then,if Bad (J) or else J /= I then,killed
misc/Ada/Bowyer-Watson,bowyer_watson.adb,416,> -> >=,if N > Max_Points then,if N >= Max_Points then,survived
misc/Ada/Bowyer-Watson,bowyer_watson.adb,481,+ 1 -> + 0,K := K + 1;,K := K + 0;,survived
misc/Ada/Computus,computus.adb,37,+ -> -,F : constant Integer := (B + 8) / 25;,F : constant Integer := (B - 8) / 25;,killed
misc/Ada/Computus,computus.adb,38,- -> +,G : constant Integer := (B - F + 1) / 3;,G : constant Integer := (B + F + 1) / 3;,killed
misc/Ada/Computus,computus.adb,40,* -> +,"Mod_Nonneg (19 * A + B - D - G + 15, 30);","Mod_Nonneg (19 + A + B - D - G + 15, 30);",killed
misc/Ada/Computus,computus.adb,44,- -> +,"Mod_Nonneg (32 + 2 * E + 2 * I - H - K, 7);","Mod_Nonneg (32 + 2 * E + 2 * I - H + K, 7);",killed
misc/Ada/Computus,computus.adb,45,+ -> -,M : constant Integer := (A + 11 * H + 22 * L) / 451;,M : constant Integer := (A + 11 * H - 22 * L) / 451;,killed
misc/Ada/Computus,computus.adb,50,+ 1 -> + 0,"return (Year => Year, Month => Month_Number (N), Day => Day_Number (O + 1));","return (Year => Year, Month => Month_Number (N), Day => Day_Number (O + 0));",killed
misc/Ada/Computus,computus.adb,68,+ -> -,"E : constant Integer := Mod_Nonneg (2 * A + 4 * B - D + 34, 7);","E : constant Integer := Mod_Nonneg (2 * A - 4 * B - D + 34, 7);",killed
misc/Ada/Computus,computus.adb,69,+ -> -,T : constant Integer := D + E + 114;,T : constant Integer := D - E + 114;,killed
misc/Ada/Computus,computus.adb,71,+ -> -,Da : constant Integer := (T rem 31) + 1;,Da : constant Integer := (T rem 31) - 1;,killed
misc/Ada/Computus,computus.adb,88,- -> +,return Y / 100 - Y / 400 - 2;,return Y / 100 + Y / 400 - 2;,killed
misc/Ada/Computus,computus.adb,138,- -> +,Rem_Days := Rem_Days - Integer (Dim);,Rem_Days := Rem_Days + Integer (Dim);,killed
misc/Ada/Computus,computus.adb,147,+ -> -,Day : Integer := Integer (D.Day) + Delta_Days;,Day : Integer := Integer (D.Day) - Delta_Days;,killed
misc/Ada/Computus,computus.adb,159,+ -> -,M := M + 1;,M := M - 1;,killed
misc/Ada/Computus,computus.adb,162,+ -> -,Y := Y + 1;,Y := Y - 1;,survived
misc/Ada/Computus,computus.adb,215,- 1 -> - 0,Y := Y - 1;,Y := Y - 0;,killed
misc/Ada/Computus,computus.adb,250,+ -> -,return N + Integer (Ordinal_Day (D));,return N - Integer (Ordinal_Day (D));,killed
misc/Ada/Computus,computus.adb,258,and then -> or else,return A.Year = B.Year and then A.Month = B.Month and then A.Day = B.Day;,return A.Year = B.Year or else A.Month = B.Month and then A.Day = B.Day;,stillborn
misc/Ada/Computus,computus.adb,258,= -> /=,return A.Year = B.Year and then A.Month = B.Month and then A.Day = B.Day;,return A.Year = B.Year and then A.Month = B.Month and then A.Day /= B.Day;,killed
misc/Ada/Computus,computus.adb,270,<= -> <,return -Diff <= Integer (Tol_Days);,return -Diff < Integer (Tol_Days);,killed
misc/Ada/Computus,computus.adb,287,+ -> -,return Positive ((Integer (Year) rem 19) + 1);,return Positive ((Integer (Year) rem 19) - 1);,killed
misc/Ada/Dice-Coefficient,dice_coefficient.adb,14,> -> >=,if S'Length > Max_Len then,if S'Length >= Max_Len then,killed
misc/Ada/Dice-Coefficient,dice_coefficient.adb,22,+ -> -,F : constant Positive := S'First + (P - 1);,F : constant Positive := S'First - (P - 1);,killed
misc/Ada/Dice-Coefficient,dice_coefficient.adb,22,- -> +,F : constant Positive := S'First + (P - 1);,F : constant Positive := S'First + (P + 1);,killed
misc/Ada/Dice-Coefficient,dice_coefficient.adb,22,- 1 -> - 0,F : constant Positive := S'First + (P - 1);,F : constant Positive := S'First + (P - 0);,killed
misc/Ada/Dice-Coefficient,dice_coefficient.adb,24,+ -> -,return S (F .. F + 1);,return S (F .. F - 1);,killed
misc/Ada/Dice-Coefficient,dice_coefficient.adb,24,+ 1 -> + 0,return S (F .. F + 1);,return S (F .. F + 0);,killed
misc/Ada/Dice-Coefficient,dice_coefficient.adb,35,< -> <=,(if S'Length < 2 then 0 else S'Length - 1);,(if S'Length <= 2 then 0 else S'Length - 1);,killed
misc/Ada/Dice-Coefficient,dice_coefficient.adb,35,- 1 -> - 0,(if S'Length < 2 then 0 else S'Length - 1);,(if S'Length < 2 then 0 else S'Length - 0);,killed
misc/Ada/Dice-Coefficient,dice_coefficient.adb,35,- -> +,(if S'Length < 2 then 0 else S'Length - 1);,(if S'Length < 2 then 0 else S'Length + 1);,killed
misc/Ada/Dice-Coefficient,dice_coefficient.adb,46,= -> /=,if Local (J) = T then,if Local (J) /= T then,killed
misc/Ada/Dice-Coefficient,dice_coefficient.adb,63,= -> /=,if Set (J) = T then,if Set (J) /= T then,killed
misc/Ada/Dice-Coefficient,dice_coefficient.adb,75,+ 1 -> + 0,N := N + 1;,N := N + 0;,killed
misc/Ada/Dice-Coefficient,dice_coefficient.adb,75,+ -> -,N := N + 1;,N := N - 1;,killed
misc/Ada/Dice-Coefficient,dice_coefficient.adb,95,= -> /=,if Occ = 0 then,if Occ /= 0 then,killed
misc/Ada/Dice-Coefficient,dice_coefficient.adb,109,= -> /=,if Occ_A = 0 or else Occ_B = 0 then,if Occ_A /= 0 or else Occ_B = 0 then,killed
misc/Ada/Dice-Coefficient,dice_coefficient.adb,126,= -> /=,if A'Length = 0 and then B'Length = 0 then,if A'Length /= 0 and then B'Length = 0 then,killed
misc/Ada/Dice-Coefficient,dice_coefficient.adb,126,= -> /=,if A'Length = 0 and then B'Length = 0 then,if A'Length = 0 and then B'Length /= 0 then,killed
misc/Ada/Dice-Coefficient,dice_coefficient.adb,130,= -> /=,if A'Length = 0 or else B'Length = 0 then,if A'Length = 0 or else B'Length /= 0 then,killed
misc/Ada/Dice-Coefficient,dice_coefficient.adb,137,+ -> -,Denom := Float (NA + NB);,Denom := Float (NA - NB);,killed
misc/Ada/Dice-Coefficient,dice_coefficient.adb,143,* -> +,return 2.0 * Float (Inter) / Denom;,return 2.0 + Float (Inter) / Denom;,killed
misc/Ada/Division-Algorithms,division_algorithms.adb,88,> -> >=,while R.Len > 1 and then R.Limbs (R.Len) = 0 loop,while R.Len >= 1 and then R.Limbs (R.Len) = 0 loop,killed
misc/Ada/Division-Algorithms,division_algorithms.adb,89,- 1 -> - 0,R.Len := R.Len - 1;,R.Len := R.Len - 0;,timeout
misc/Ada/Division-Algorithms,division_algorithms.adb,143,< -> <=,if I < T.Len then,if I <= T.Len then,survived
misc/Ada/Division-Algorithms,division_algorithms.adb,171,and then -> or else,return T.Len = 1 and then T.Limbs (1) = 0;,return T.Len = 1 or else T.Limbs (1) = 0;,killed
misc/Ada/Division-Algorithms,division_algorithms.adb,213,+ -> -,Sum := Sum + Natural (TB.Limbs (I));,Sum := Sum - Natural (TB.Limbs (I));,killed
misc/Ada/Division-Algorithms,division_algorithms.adb,269,+ -> -,Prod := Natural (TA.Limbs (I)) * Natural (D) + Carry;,Prod := Natural (TA.Limbs (I)) * Natural (D) - Carry;,killed
misc/Ada/Division-Algorithms,division_algorithms.adb,269,* -> +,Prod := Natural (TA.Limbs (I)) * Natural (D) + Carry;,Prod := Natural (TA.Limbs (I)) + Natural (D) + Carry;,killed
misc/Ada/Division-Algorithms,division_algorithms.adb,278,+ 1 -> + 0,R.Len := TA.Len + 1;,R.Len := TA.Len + 0;,killed
misc/Ada/Division-Algorithms,division_algorithms.adb,358,or else -> and then,if Q_Digit /= 0 or else Started then,if Q_Digit /= 0 and then Started then,killed
misc/Ada/Division-Algorithms,division_algorithms.adb,363,/= -> =,if Q_Digit /= 0 then,if Q_Digit = 0 then,killed
misc/Ada/Division-Algorithms,division_algorithms.adb,403,+ -> -,Acc := 2 * Acc + Natural (B);,Acc := 2 * Acc - Natural (B);,killed
misc/Ada/Division-Algorithms,division_algorithms.adb,459,< -> <=,Neg_Q := (N < 0) /= (D < 0);,Neg_Q := (N < 0) /= (D <= 0);,survived
misc/Ada/Division-Algorithms,division_algorithms.adb,516,- -> +,Bit_V := Long_Integer ((N / (2 ** (Width - 1 - I))) mod 2);,Bit_V := Long_Integer ((N / (2 ** (Width - 1 + I))) mod 2);,killed
misc/Ada/Division-Algorithms,division_algorithms.adb,521,+ -> -,R := 2 * R + Bit_V + Dd;,R := 2 * R + Bit_V - Dd;,killed
misc/Ada/Division-Algorithms,division_algorithms.adb,609,and then -> or else,while M >= 1.0 and then Guard < 2048 loop,while M >= 1.0 or else Guard < 2048 loop,killed
misc/Ada/Division-Algorithms,division_algorithms.adb,650,<= -> <,or else Rel <= Tol * abs (X),or else Rel < Tol * abs (X),survived
misc/Ada/Division-Algorithms,division_algorithms.adb,699,> -> >=,while Abs_D > 1.0 and then Guard < 2048 loop,while Abs_D >= 1.0 and then Guard < 2048 loop,survived
misc/Ada/Division-Algorithms,division_algorithms.adb,700,* -> +,Abs_D := Abs_D * 0.5;,Abs_D := Abs_D + 0.5;,killed
misc/Ada/Division-Algorithms,division_algorithms.adb,705,and then -> or else,while Abs_D <= 0.5 and then Abs_D > 0.0 and then Guard < 2048 loop,while Abs_D <= 0.5 and then Abs_D > 0.0 or else Guard < 2048 loop,stillborn
misc/Ada/Division-Algorithms,division_algorithms.adb,733,* -> +,"(Quotient    => Sign_Q * Num,","(Quotient    => Sign_Q + Num,",killed
misc/Ada/Hamming-Weight,hamming_weight.adb,13,> -> >=,while Temp > 0 loop,while Temp >= 0 loop,timeout
misc/Ada/Hamming-Weight,hamming_weight.adb,14,= -> /=,if (Temp and 1) = 1 then,if (Temp and 1) /= 1 then,killed
misc/Ada/Hamming-Weight,hamming_weight.adb,15,+ -> -,Count := Count + 1;,Count := Count - 1;,killed
misc/Ada/Hamming-Weight,hamming_weight.adb,15,+ 1 -> + 0,Count := Count + 1;,Count := Count + 0;,killed
misc/Ada/Hamming-Weight,hamming_weight.adb,29,> -> >=,while Temp > 0 loop,while Temp >= 0 loop,killed
misc/Ada/Hamming-Weight,hamming_weight.adb,31,- 1 -> - 0,Temp := Temp and (Temp - 1);,Temp := Temp and (Temp - 0);,killed
misc/Ada/Hamming-Weight,hamming_weight.adb,31,- -> +,Temp := Temp and (Temp - 1);,Temp := Temp and (Temp + 1);,killed
misc/Ada/Hamming-Weight,hamming_weight.adb,32,+ -> -,Count := Count + 1;,Count := Count - 1;,killed
misc/Ada/Hamming-Weight,hamming_weight.adb,32,+ 1 -> + 0,Count := Count + 1;,Count := Count + 0;,killed
misc/Ada/Hamming-Weight,hamming_weight.adb,44,- -> +,Temp := Temp - ((Temp / 2) and 16#5555_5555#);,Temp := Temp + ((Temp / 2) and 16#5555_5555#);,killed
misc/Ada/Hamming-Weight,hamming_weight.adb,46,+ -> -,Temp := (Temp and 16#3333_3333#) + ((Temp / 4) and 16#3333_3333#);,Temp := (Temp and 16#3333_3333#) - ((Temp / 4) and 16#3333_3333#);,killed
misc/Ada/Hamming-Weight,hamming_weight.adb,48,+ -> -,Temp := (Temp + (Temp / 16)) and 16#0F0F_0F0F#;,Temp := (Temp - (Temp / 16)) and 16#0F0F_0F0F#;,killed
misc/Ada/Hamming-Weight,hamming_weight.adb,50,+ -> -,Temp := Temp + (Temp / 256);,Temp := Temp - (Temp / 256);,killed
misc/Ada/Hamming-Weight,hamming_weight.adb,52,+ -> -,Temp := Temp + (Temp / 65536);,Temp := Temp - (Temp / 65536);,killed
misc/Ada/Hamming-Weight,hamming_weight.adb,65,- -> +,Temp := Temp - ((Temp / 2) and 16#5555_5555#);,Temp := Temp + ((Temp / 2) and 16#5555_5555#);,killed
misc/Ada/Hamming-Weight,hamming_weight.adb,66,+ -> -,Temp := (Temp and 16#3333_3333#) + ((Temp / 4) and 16#3333_3333#);,Temp := (Temp and 16#3333_3333#) - ((Temp / 4) and 16#3333_3333#);,killed
misc/Ada/Hamming-Weight,hamming_weight.adb,67,+ -> -,Temp := (Temp + (Temp / 16)) and 16#0F0F_0F0F#;,Temp := (Temp - (Temp / 16)) and 16#0F0F_0F0F#;,killed
misc/Ada/Hamming-Weight,hamming_weight.adb,71,* -> +,Temp := Temp * 16#0101_0101#;,Temp := Temp + 16#0101_0101#;,killed
misc/Ada/Hamming-Weight,hamming_weight.adb,106,+ -> -,Total := Total + Popcount_Table (Byte (Temp and 16#FF#));,Total := Total - Popcount_Table (Byte (Temp and 16#FF#));,killed
misc/Ada/Integer-Factorization,integer_factorization.adb,53,< -> <=,while Lo < Hi loop,while Lo <= Hi loop,timeout
misc/Ada/Integer-Factorization,integer_factorization.adb,54,+ 1 -> + 0,Mid := Lo + (Hi - Lo + 1) / 2;,Mid := Lo + (Hi - Lo + 0) / 2;,timeout
misc/Ada/Integer-Factorization,integer_factorization.adb,81,= -> /=,return R * R = N;,return R * R /= N;,killed
misc/Ada/Integer-Factorization,integer_factorization.adb,103,= -> /=,if N rem D = 0 then,if N rem D /= 0 then,killed
misc/Ada/Integer-Factorization,integer_factorization.adb,112,+ -> -,D := D + 6;,D := D - 6;,killed
misc/Ada/Integer-Factorization,integer_factorization.adb,163,= -> /=,if N = 0 then,if N /= 0 then,killed
misc/Ada/Integer-Factorization,integer_factorization.adb,166,= -> /=,if N = 1 then,if N /= 1 then,killed
misc/Ada/Integer-Factorization,integer_factorization.adb,177,+ 1 -> + 0,Count := Count + 1;,Count := Count + 0;,killed
misc/Ada/Integer-Factorization,integer_factorization.adb,200,- -> +,Hi := Mid - 1;,Hi := Mid + 1;,timeout
misc/Ada/Integer-Factorization,integer_factorization.adb,220,= -> /=,if N rem 2 = 0 then,if N rem 2 /= 0 then,killed
misc/Ada/Integer-Factorization,integer_factorization.adb,236,* -> +,if Unsigned_128 (B) * Unsigned_128 (B) = Diff then,if Unsigned_128 (B) + Unsigned_128 (B) = Diff then,killed
misc/Ada/Integer-Factorization,integer_factorization.adb,316,+ -> -,A := A + 1;,A := A - 1;,killed
misc/Ada/Integer-Factorization,integer_factorization.adb,355,= -> /=,if N rem 3 = 0 then,if N rem 3 /= 0 then,killed
misc/Ada/Integer-Factorization,integer_factorization.adb,375,+ 1 -> + 0,Steps := Steps + 1;,Steps := Steps + 0;,killed
misc/Ada/Integer-Factorization,integer_factorization.adb,489,<= -> <,while D <= Limit and then D <= N / D loop,while D < Limit and then D <= N / D loop,survived
misc/Ada/Integer-Factorization,integer_factorization.adb,562,> -> >=,if N = 0 or else N > Factor_Max then,if N = 0 or else N >= Factor_Max then,killed
misc/Ada/Integer-Factorization,integer_factorization.adb,576,+ 1 -> + 0,Count := Count + 1;,Count := Count + 0;,killed
misc/Ada/Integer-Factorization,integer_factorization.adb,582,+ -> -,Count := Count + 1;,Count := Count - 1;,killed
misc/Ada/Integer-Factorization,integer_factorization.adb,599,+ -> -,Exp := Exp + 1;,Exp := Exp - 1;,killed
misc/Ada/Integer-Factorization,integer_factorization.adb,622,- -> +,while J > 1 and then Buf (J - 1).Prime > Key.Prime loop,while J > 1 and then Buf (J + 1).Prime > Key.Prime loop,killed
misc/Ada/Lempel-Ziv-Ross-Williams,lzrw.adb,6,* -> +,return Input_Size * 2 + 10;,return Input_Size + 2 + 10;,killed
misc/Ada/Lempel-Ziv-Ross-Williams,lzrw.adb,31,> -> >=,if Out_Idx + 2 > Output'Last then,if Out_Idx + 2 >= Output'Last then,survived
misc/Ada/Lempel-Ziv-Ross-Williams,lzrw.adb,49,+ -> -,and then In_Idx + Match_Len <= Input'Last,and then In_Idx - Match_Len <= Input'Last,killed
misc/Ada/Lempel-Ziv-Ross-Williams,lzrw.adb,50,+ -> -,and then Input (S + Match_Len) = Input (In_Idx + Match_Len),and then Input (S + Match_Len) = Input (In_Idx - Match_Len),killed
misc/Ada/Lempel-Ziv-Ross-Williams,lzrw.adb,50,+ -> -,and then Input (S + Match_Len) = Input (In_Idx + Match_Len),and then Input (S - Match_Len) = Input (In_Idx + Match_Len),killed
misc/Ada/Lempel-Ziv-Ross-Williams,lzrw.adb,52,+ 1 -> + 0,Match_Len := Match_Len + 1;,Match_Len := Match_Len + 0;,timeout
misc/Ada/Lempel-Ziv-Ross-Williams,lzrw.adb,64,+ -> -,if Out_Idx + 2 > Output'Last then,if Out_Idx - 2 > Output'Last then,survived
misc/Ada/Lempel-Ziv-Ross-Williams,lzrw.adb,68,+ -> -,Output (Out_Idx + 1) := Stream_Element (Best_Off);,Output (Out_Idx - 1) := Stream_Element (Best_Off);,killed
misc/Ada/Lempel-Ziv-Ross-Williams,lzrw.adb,69,+ -> -,Output (Out_Idx + 2) := Stream_Element (Best_Len);,Output (Out_Idx - 2) := Stream_Element (Best_Len);,killed
misc/Ada/Lempel-Ziv-Ross-Williams,lzrw.adb,71,+ -> -,In_Idx := In_Idx + Best_Len;,In_Idx := In_Idx - Best_Len;,killed
misc/Ada/Lempel-Ziv-Ross-Williams,lzrw.adb,74,+ -> -,Output (Out_Idx + 1) := Input (In_Idx);,Output (Out_Idx - 1) := Input (In_Idx);,killed
misc/Ada/Lempel-Ziv-Ross-Williams,lzrw.adb,82,- -> +,Output_Size := Natural (Out_Idx - Output'First);,Output_Size := Natural (Out_Idx + Output'First);,killed
misc/Ada/Lempel-Ziv-Ross-Williams,lzrw.adb,95,- -> +,Output (Output'First .. Output'First + Stream_Element_Offset (Output_Size) - 1) :=,Output (Output'First .. Output'First + Stream_Element_Offset (Output_Size) + 1) :=,killed
misc/Ada/Lempel-Ziv-Ross-Williams,lzrw.adb,95,+ -> -,Output (Output'First .. Output'First + Stream_Element_Offset (Output_Size) - 1) :=,Output (Output'First .. Output'First - Stream_Element_Offset (Output_Size) - 1) :=,killed
misc/Ada/Lempel-Ziv-Ross-Williams,lzrw.adb,111,= -> /=,if Input'Length = 0 then,if Input'Length /= 0 then,killed
misc/Ada/Lempel-Ziv-Ross-Williams,lzrw.adb,126,+ 1 -> + 0,Output (Out_Idx) := Input (In_Idx + 1);,Output (Out_Idx) := Input (In_Idx + 0);,killed
misc/Ada/Lempel-Ziv-Ross-Williams,lzrw.adb,132,+ -> -,if In_Idx + 2 > Input'Last then,if In_Idx - 2 > Input'Last then,survived
misc/Ada/Lempel-Ziv-Ross-Williams,lzrw.adb,138,+ -> -,Len    : Stream_Element_Offset := Stream_Element_Offset (Input (In_Idx + 2));,Len    : Stream_Element_Offset := Stream_Element_Offset (Input (In_Idx - 2));,killed
misc/Ada/Lempel-Ziv-Ross-Williams,lzrw.adb,144,> -> >=,if Out_Idx + Len - 1 > Output'Last then,if Out_Idx + Len - 1 >= Output'Last then,survived
misc/Ada/Lempel-Ziv-Ross-Williams,lzrw.adb,150,+ -> -,Output (Out_Idx + K) := Output (Copy_Src + K);,Output (Out_Idx - K) := Output (Copy_Src + K);,killed
misc/Ada/Median-Filtering,median_filter.adb,14,= -> /=,if Kernel_Size mod 2 = 0 then,if Kernel_Size mod 2 /= 0 then,killed
misc/Ada/Median-Filtering,median_filter.adb,20,- -> +,for W in 0 .. Kernel_Size - 1 loop,for W in 0 .. Kernel_Size + 1 loop,killed
misc/Ada/Median-Filtering,median_filter.adb,20,- 1 -> - 0,for W in 0 .. Kernel_Size - 1 loop,for W in 0 .. Kernel_Size - 0 loop,killed
misc/Ada/Median-Filtering,median_filter.adb,22,- -> +,Target_Idx : Integer := (I - Radius) + W;,Target_Idx : Integer := (I + Radius) + W;,killed
misc/Ada/Median-Filtering,median_filter.adb,22,+ -> -,Target_Idx : Integer := (I - Radius) + W;,Target_Idx : Integer := (I - Radius) - W;,killed
misc/Ada/Median-Filtering,median_filter.adb,26,> -> >=,elsif Target_Idx > Input'Last then,elsif Target_Idx >= Input'Last then,survived
misc/Ada/Median-Filtering,median_filter.adb,29,+ -> -,Window(W + 1) := Input(Target_Idx);,Window(W - 1) := Input(Target_Idx);,killed
misc/Ada/Median-Filtering,median_filter.adb,29,+ 1 -> + 0,Window(W + 1) := Input(Target_Idx);,Window(W + 0) := Input(Target_Idx);,killed
misc/Ada/Median-Filtering,median_filter.adb,35,+ -> -,Result(I) := Window((Kernel_Size / 2) + 1);,Result(I) := Window((Kernel_Size / 2) - 1);,killed
misc/Ada/Median-Filtering,median_filter.adb,35,+ 1 -> + 0,Result(I) := Window((Kernel_Size / 2) + 1);,Result(I) := Window((Kernel_Size / 2) + 0);,killed
misc/Ada/Median-Filtering,median_filter.adb,47,* -> +,Window : Data_1D (1 .. Kernel_Size * Kernel_Size);,Window : Data_1D (1 .. Kernel_Size + Kernel_Size);,killed
misc/Ada/Median-Filtering,median_filter.adb,49,= -> /=,if Kernel_Size mod 2 = 0 then,if Kernel_Size mod 2 /= 0 then,killed
misc/Ada/Median-Filtering,median_filter.adb,61,+ -> -,TR : Integer := R + DR;,TR : Integer := R - DR;,survived
misc/Ada/Median-Filtering,median_filter.adb,62,+ -> -,TC : Integer := C + DC;,TC : Integer := C - DC;,survived
misc/Ada/Median-Filtering,median_filter.adb,65,< -> <=,if TR < R_Min then TR := R_Min; end if;,if TR <= R_Min then TR := R_Min; end if;,survived
misc/Ada/Median-Filtering,median_filter.adb,66,> -> >=,if TR > R_Max then TR := R_Max; end if;,if TR >= R_Max then TR := R_Max; end if;,survived
misc/Ada/Median-Filtering,median_filter.adb,67,< -> <=,if TC < C_Min then TC := C_Min; end if;,if TC <= C_Min then TC := C_Min; end if;,survived
misc/Ada/Median-Filtering,median_filter.adb,68,> -> >=,if TC > C_Max then TC := C_Max; end if;,if TC >= C_Max then TC := C_Max; end if;,survived
misc/Ada/Median-Filtering,median_filter.adb,70,+ -> -,Count := Count + 1;,Count := Count - 1;,killed
misc/Ada/Median-Filtering,median_filter.adb,75,+ -> -,"Result(R, C) := Window((Window'Length / 2) + 1);","Result(R, C) := Window((Window'Length / 2) - 1);",survived
misc/Ada/Mu-Law-Algorithm,mu_law.adb,16,> -> >=,if Value > 0.0 then,if Value >= 0.0 then,survived
misc/Ada/Mu-Law-Algorithm,mu_law.adb,18,< -> <=,elsif Value < 0.0 then,elsif Value <= 0.0 then,survived
misc/Ada/Mu-Law-Algorithm,mu_law.adb,33,<= -> <,if Mu <= 0.0 then,if Mu < 0.0 then,killed
misc/Ada/Mu-Law-Algorithm,mu_law.adb,38,+ -> -,return Normalized_Signal (Sign(X) * Log(1.0 + Mu * (abs X)) / Log(1.0 + Mu));,return Normalized_Signal (Sign(X) * Log(1.0 + Mu * (abs X)) / Log(1.0 - Mu));,killed
misc/Ada/Mu-Law-Algorithm,mu_law.adb,38,+ -> -,return Normalized_Signal (Sign(X) * Log(1.0 + Mu * (abs X)) / Log(1.0 + Mu));,return Normalized_Signal (Sign(X) * Log(1.0 - Mu * (abs X)) / Log(1.0 + Mu));,killed
misc/Ada/Mu-Law-Algorithm,mu_law.adb,38,* -> +,return Normalized_Signal (Sign(X) * Log(1.0 + Mu * (abs X)) / Log(1.0 + Mu));,return Normalized_Signal (Sign(X) * Log(1.0 + Mu + (abs X)) / Log(1.0 + Mu));,killed
misc/Ada/Mu-Law-Algorithm,mu_law.adb,38,* -> +,return Normalized_Signal (Sign(X) * Log(1.0 + Mu * (abs X)) / Log(1.0 + Mu));,return Normalized_Signal (Sign(X) + Log(1.0 + Mu * (abs X)) / Log(1.0 + Mu));,killed
misc/Ada/Mu-Law-Algorithm,mu_law.adb,45,<= -> <,if Mu <= 0.0 then,if Mu < 0.0 then,survived
misc/Ada/Mu-Law-Algorithm,mu_law.adb,51,- -> +,return Normalized_Signal (Sign(Y) * (1.0 / Mu) * ((1.0 + Mu) ** (abs Y) - 1.0));,return Normalized_Signal (Sign(Y) * (1.0 / Mu) * ((1.0 + Mu) ** (abs Y) + 1.0));,killed
misc/Ada/Mu-Law-Algorithm,mu_law.adb,51,* -> +,return Normalized_Signal (Sign(Y) * (1.0 / Mu) * ((1.0 + Mu) ** (abs Y) - 1.0));,return Normalized_Signal (Sign(Y) * (1.0 / Mu) + ((1.0 + Mu) ** (abs Y) - 1.0));,killed
misc/Ada/Mu-Law-Algorithm,mu_law.adb,51,* -> +,return Normalized_Signal (Sign(Y) * (1.0 / Mu) * ((1.0 + Mu) ** (abs Y) - 1.0));,return Normalized_Signal (Sign(Y) + (1.0 / Mu) * ((1.0 + Mu) ** (abs Y) - 1.0));,killed
misc/Ada/Mu-Law-Algorithm,mu_law.adb,51,+ -> -,return Normalized_Signal (Sign(Y) * (1.0 / Mu) * ((1.0 + Mu) ** (abs Y) - 1.0));,return Normalized_Signal (Sign(Y) * (1.0 / Mu) * ((1.0 - Mu) ** (abs Y) - 1.0));,killed
misc/Ada/Mu-Law-Algorithm,mu_law.adb,51,- 1 -> - 0,return Normalized_Signal (Sign(Y) * (1.0 / Mu) * ((1.0 + Mu) ** (abs Y) - 1.0));,return Normalized_Signal (Sign(Y) * (1.0 / Mu) * ((1.0 + Mu) ** (abs Y) - 0.0));,killed
misc/Ada/Mu-Law-Algorithm,mu_law.adb,70,* -> +,Companded := Normalized_Y * 127.0;,Companded := Normalized_Y + 127.0;,killed
misc/Ada/Mu-Law-Algorithm,mu_law.adb,73,> -> >=,if Companded > 127.0 then,if Companded >= 127.0 then,survived
misc/Ada/Mu-Law-Algorithm,mu_law.adb,75,< -> <=,elsif Companded < -128.0 then,elsif Companded <= -128.0 then,survived
misc/Ada/Mu-Law-Algorithm,mu_law.adb,96,* -> +,Expanded := Normalized_X * 8192.0;,Expanded := Normalized_X + 8192.0;,killed
misc/Ada/Mu-Law-Algorithm,mu_law.adb,99,> -> >=,if Expanded > 8191.0 then,if Expanded >= 8191.0 then,survived
misc/Ada/Mu-Law-Algorithm,mu_law.adb,101,< -> <=,elsif Expanded < -8192.0 then,elsif Expanded <= -8192.0 then,survived
misc/Ada/Poly1305,poly1305.adb,13,+ -> -,"Shift_Left (Unsigned_32 (B (Offset + 3)), 24);","Shift_Left (Unsigned_32 (B (Offset - 3)), 24);",killed
misc/Ada/Poly1305,poly1305.adb,27,- 1 -> - 0,for I in 0 .. Length - 1 loop,for I in 0 .. Length - 0 loop,killed
misc/Ada/Poly1305,poly1305.adb,51,+ -> -,Ctx.h4 := Ctx.h4 + c4;,Ctx.h4 := Ctx.h4 - c4;,killed
misc/Ada/Poly1305,poly1305.adb,55,* -> +,d0 := Ctx.h0 * Ctx.r0 + Ctx.h1 * Ctx.s4 + Ctx.h2 * Ctx.s3 + Ctx.h3 * Ctx.s2 + Ctx.h4 * Ctx.s1;,d0 := Ctx.h0 * Ctx.r0 + Ctx.h1 * Ctx.s4 + Ctx.h2 * Ctx.s3 + Ctx.h3 + Ctx.s2 + Ctx.h4 * Ctx.s1;,killed
misc/Ada/Poly1305,poly1305.adb,55,+ -> -,d0 := Ctx.h0 * Ctx.r0 + Ctx.h1 * Ctx.s4 + Ctx.h2 * Ctx.s3 + Ctx.h3 * Ctx.s2 + Ctx.h4 * Ctx.s1;,d0 := Ctx.h0 * Ctx.r0 + Ctx.h1 * Ctx.s4 + Ctx.h2 * Ctx.s3 + Ctx.h3 * Ctx.s2 - Ctx.h4 * Ctx.s1;,killed
misc/Ada/Poly1305,poly1305.adb,56,* -> +,d1 := Ctx.h0 * Ctx.r1 + Ctx.h1 * Ctx.r0 + Ctx.h2 * Ctx.s4 + Ctx.h3 * Ctx.s3 + Ctx.h4 * Ctx.s2;,d1 := Ctx.h0 * Ctx.r1 + Ctx.h1 * Ctx.r0 + Ctx.h2 + Ctx.s4 + Ctx.h3 * Ctx.s3 + Ctx.h4 * Ctx.s2;,killed
misc/Ada/Poly1305,poly1305.adb,57,* -> +,d2 := Ctx.h0 * Ctx.r2 + Ctx.h1 * Ctx.r1 + Ctx.h2 * Ctx.r0 + Ctx.h3 * Ctx.s4 + Ctx.h4 * Ctx.s3;,d2 := Ctx.h0 * Ctx.r2 + Ctx.h1 * Ctx.r1 + Ctx.h2 * Ctx.r0 + Ctx.h3 + Ctx.s4 + Ctx.h4 * Ctx.s3;,killed
misc/Ada/Poly1305,poly1305.adb,57,+ -> -,d2 := Ctx.h0 * Ctx.r2 + Ctx.h1 * Ctx.r1 + Ctx.h2 * Ctx.r0 + Ctx.h3 * Ctx.s4 + Ctx.h4 * Ctx.s3;,d2 := Ctx.h0 * Ctx.r2 - Ctx.h1 * Ctx.r1 + Ctx.h2 * Ctx.r0 + Ctx.h3 * Ctx.s4 + Ctx.h4 * Ctx.s3;,killed
misc/Ada/Poly1305,poly1305.adb,57,* -> +,d2 := Ctx.h0 * Ctx.r2 + Ctx.h1 * Ctx.r1 + Ctx.h2 * Ctx.r0 + Ctx.h3 * Ctx.s4 + Ctx.h4 * Ctx.s3;,d2 := Ctx.h0 * Ctx.r2 + Ctx.h1 + Ctx.r1 + Ctx.h2 * Ctx.r0 + Ctx.h3 * Ctx.s4 + Ctx.h4 * Ctx.s3;,killed
misc/Ada/Poly1305,poly1305.adb,58,+ -> -,d3 := Ctx.h0 * Ctx.r3 + Ctx.h1 * Ctx.r2 + Ctx.h2 * Ctx.r1 + Ctx.h3 * Ctx.r0 + Ctx.h4 * Ctx.s4;,d3 := Ctx.h0 * Ctx.r3 - Ctx.h1 * Ctx.r2 + Ctx.h2 * Ctx.r1 + Ctx.h3 * Ctx.r0 + Ctx.h4 * Ctx.s4;,killed
misc/Ada/Poly1305,poly1305.adb,59,* -> +,d4 := Ctx.h0 * Ctx.r4 + Ctx.h1 * Ctx.r3 + Ctx.h2 * Ctx.r2 + Ctx.h3 * Ctx.r1 + Ctx.h4 * Ctx.r0;,d4 := Ctx.h0 * Ctx.r4 + Ctx.h1 * Ctx.r3 + Ctx.h2 * Ctx.r2 + Ctx.h3 * Ctx.r1 + Ctx.h4 + Ctx.r0;,killed
misc/Ada/Poly1305,poly1305.adb,59,* -> +,d4 := Ctx.h0 * Ctx.r4 + Ctx.h1 * Ctx.r3 + Ctx.h2 * Ctx.r2 + Ctx.h3 * Ctx.r1 + Ctx.h4 * Ctx.r0;,d4 := Ctx.h0 + Ctx.r4 + Ctx.h1 * Ctx.r3 + Ctx.h2 * Ctx.r2 + Ctx.h3 * Ctx.r1 + Ctx.h4 * Ctx.r0;,killed
misc/Ada/Poly1305,poly1305.adb,59,+ -> -,d4 := Ctx.h0 * Ctx.r4 + Ctx.h1 * Ctx.r3 + Ctx.h2 * Ctx.r2 + Ctx.h3 * Ctx.r1 + Ctx.h4 * Ctx.r0;,d4 := Ctx.h0 * Ctx.r4 + Ctx.h1 * Ctx.r3 + Ctx.h2 * Ctx.r2 + Ctx.h3 * Ctx.r1 - Ctx.h4 * Ctx.r0;,killed
misc/Ada/Poly1305,poly1305.adb,69,+ -> -,"d3 := d3 + Shift_Right (d2, 26);","d3 := d3 - Shift_Right (d2, 26);",killed
misc/Ada/Poly1305,poly1305.adb,137,>= -> >,if Ctx.Leftover = 0 and then Remain >= 16 then,if Ctx.Leftover = 0 and then Remain > 16 then,survived
misc/Ada/Poly1305,poly1305.adb,155,- -> +,Remain := Remain - Copied;,Remain := Remain + Copied;,killed
misc/Ada/Poly1305,poly1305.adb,187,- 1 -> - 0,Temp_Block : constant Byte_Array := Ctx.Buffer (0 .. Ctx.Leftover - 1);,Temp_Block : constant Byte_Array := Ctx.Buffer (0 .. Ctx.Leftover - 0);,survived
misc/Ada/Poly1305,poly1305.adb,194,+ -> -,"Ctx.h2 := Ctx.h2 + Shift_Right (Ctx.h1, 26); Ctx.h1 := Ctx.h1 and 16#3FFFFFF#;","Ctx.h2 := Ctx.h2 - Shift_Right (Ctx.h1, 26); Ctx.h1 := Ctx.h1 and 16#3FFFFFF#;",killed
misc/Ada/Poly1305,poly1305.adb,197,* -> +,"Ctx.h0 := Ctx.h0 + Shift_Right (Ctx.h4, 26) * 5; Ctx.h4 := Ctx.h4 and 16#3FFFFFF#;","Ctx.h0 := Ctx.h0 + Shift_Right (Ctx.h4, 26) + 5; Ctx.h4 := Ctx.h4 and 16#3FFFFFF#;",killed
misc/Ada/Poly1305,poly1305.adb,207,+ -> -,g3 := Ctx.h3 + b;,g3 := Ctx.h3 - b;,killed
misc/Ada/Quine-McCluskey-Algorithm,quine_mccluskey.adb,9,= -> /=,if Temp mod 2 = 1 then,if Temp mod 2 /= 1 then,killed
misc/Ada/Quine-McCluskey-Algorithm,quine_mccluskey.adb,22,+ -> -,Count := Count + 1;,Count := Count - 1;,killed
misc/Ada/Quine-McCluskey-Algorithm,quine_mccluskey.adb,22,+ 1 -> + 0,Count := Count + 1;,Count := Count + 0;,killed
misc/Ada/Quine-McCluskey-Algorithm,quine_mccluskey.adb,34,+ -> -,Diff_Count := Diff_Count + 1;,Diff_Count := Diff_Count - 1;,killed
misc/Ada/Quine-McCluskey-Algorithm,quine_mccluskey.adb,44,/= -> =,if S1 (I) /= S2 (I) then,if S1 (I) = S2 (I) then,killed
misc/Ada/Quine-McCluskey-Algorithm,quine_mccluskey.adb,55,and then -> or else,if PI (I) /= '-' and then PI (I) /= Bin (I) then,if PI (I) /= '-' or else PI (I) /= Bin (I) then,killed
misc/Ada/Quine-McCluskey-Algorithm,quine_mccluskey.adb,64,- -> +,Max_Val : Natural := (2 ** Num_Vars) - 1;,Max_Val : Natural := (2 ** Num_Vars) + 1;,killed
misc/Ada/Quine-McCluskey-Algorithm,quine_mccluskey.adb,64,- 1 -> - 0,Max_Val : Natural := (2 ** Num_Vars) - 1;,Max_Val : Natural := (2 ** Num_Vars) - 0;,killed
misc/Ada/Quine-McCluskey-Algorithm,quine_mccluskey.adb,67,> -> >=,if M > Max_Val then raise Invalid_Input_Error; end if;,if M >= Max_Val then raise Invalid_Input_Error; end if;,killed
misc/Ada/Quine-McCluskey-Algorithm,quine_mccluskey.adb,73,> -> >=,if D > Max_Val then raise Invalid_Input_Error; end if;,if D >= Max_Val then raise Invalid_Input_Error; end if;,killed
misc/Ada/Quine-McCluskey-Algorithm,quine_mccluskey.adb,90,= -> /=,if Minterms'Length = 0 then return Primes; end if;,if Minterms'Length /= 0 then return Primes; end if;,killed
misc/Ada/Quine-McCluskey-Algorithm,quine_mccluskey.adb,149,= -> /=,if Integer(Targets.Length) = 0 then return Solution; end if;,if Integer(Targets.Length) /= 0 then return Solution; end if;,killed
misc/Ada/Quine-McCluskey-Algorithm,quine_mccluskey.adb,156,> -> >=,while Progress and Integer(Remaining_Targets.Length) > 0 loop,while Progress and Integer(Remaining_Targets.Length) >= 0 loop,survived
misc/Ada/Quine-McCluskey-Algorithm,quine_mccluskey.adb,171,= -> /=,if Cover_Count = 1 then,if Cover_Count /= 1 then,killed
misc/Ada/Quine-McCluskey-Algorithm,quine_mccluskey.adb,214,= -> /=,if Integer(Current_Remaining.Length) = 0 then,if Integer(Current_Remaining.Length) /= 0 then,killed
misc/Ada/Quine-McCluskey-Algorithm,quine_mccluskey.adb,215,< -> <=,if Integer(Current_Sol.Length) < Min_Cover then,if Integer(Current_Sol.Length) <= Min_Cover then,survived
misc/Ada/Quine-McCluskey-Algorithm,quine_mccluskey.adb,257,> -> >=,while Integer(Remaining_Targets.Length) > 0 loop,while Integer(Remaining_Targets.Length) >= 0 loop,timeout
misc/Ada/Quine-McCluskey-Algorithm,quine_mccluskey.adb,269,+ 1 -> + 0,"if Covers (P, Remaining_Targets.Element(J)) then Count := Count + 1; end if;","if Covers (P, Remaining_Targets.Element(J)) then Count := Count + 0; end if;",timeout
misc/Ada/Quine-McCluskey-Algorithm,quine_mccluskey.adb,269,+ -> -,"if Covers (P, Remaining_Targets.Element(J)) then Count := Count + 1; end if;","if Covers (P, Remaining_Targets.Element(J)) then Count := Count - 1; end if;",killed
misc/Ada/Quine-McCluskey-Algorithm,quine_mccluskey.adb,271,> -> >=,if Count > Max_Covered then,if Count >= Max_Covered then,survived
misc/Ada/Truncated-Binary-Encoding,truncated_binary.adb,10,= -> /=,if N = 1 then,if N /= 1 then,killed
misc/Ada/Truncated-Binary-Encoding,truncated_binary.adb,17,* -> +,while Temp * 2 <= Natural(N) loop,while Temp + 2 <= Natural(N) loop,killed
misc/Ada/Truncated-Binary-Encoding,truncated_binary.adb,18,* -> +,Temp := Temp * 2;,Temp := Temp + 2;,killed
misc/Ada/Truncated-Binary-Encoding,truncated_binary.adb,19,+ 1 -> + 0,Log2 := Log2 + 1;,Log2 := Log2 + 0;,killed
misc/Ada/Truncated-Binary-Encoding,truncated_binary.adb,23,+ -> -,U := (2 ** (K + 1)) - Natural(N);,U := (2 ** (K - 1)) - Natural(N);,killed
misc/Ada/Truncated-Binary-Encoding,truncated_binary.adb,32,= -> /=,if Temp mod 2 = 1 then,if Temp mod 2 /= 1 then,killed
misc/Ada/Truncated-Binary-Encoding,truncated_binary.adb,56,< -> <=,if Natural(X) < U then,if Natural(X) <= U then,killed
misc/Ada/Truncated-Binary-Encoding,truncated_binary.adb,60,+ -> -,"return To_Binary_String(Natural(X) + U, K + 1);","return To_Binary_String(Natural(X) + U, K - 1);",killed
misc/Ada/Truncated-Binary-Encoding,truncated_binary.adb,60,+ 1 -> + 0,"return To_Binary_String(Natural(X) + U, K + 1);","return To_Binary_String(Natural(X) + U, K + 0);",killed
misc/Ada/Truncated-Binary-Encoding,truncated_binary.adb,60,+ -> -,"return To_Binary_String(Natural(X) + U, K + 1);","return To_Binary_String(Natural(X) - U, K + 1);",killed
misc/Ada/Truncated-Binary-Encoding,truncated_binary.adb,75,= -> /=,if K = 0 then,if K /= 0 then,killed
misc/Ada/Truncated-Binary-Encoding,truncated_binary.adb,86,= -> /=,if Bits(Idx) = '1' then,if Bits(Idx) /= '1' then,killed
misc/Ada/Truncated-Binary-Encoding,truncated_binary.adb,87,+ -> -,V := V * 2 + 1;,V := V * 2 - 1;,killed
misc/Ada/Truncated-Binary-Encoding,truncated_binary.adb,88,= -> /=,elsif Bits(Idx) = '0' then,elsif Bits(Idx) /= '0' then,killed
misc/Ada/Truncated-Binary-Encoding,truncated_binary.adb,89,* -> +,V := V * 2;,V := V + 2;,killed
misc/Ada/Truncated-Binary-Encoding,truncated_binary.adb,94,+ -> -,Consumed := Consumed + 1;,Consumed := Consumed - 1;,killed
misc/Ada/Truncated-Binary-Encoding,truncated_binary.adb,102,>= -> >,if Consumed >= Bits'Length then,if Consumed > Bits'Length then,killed
misc/Ada/Truncated-Binary-Encoding,truncated_binary.adb,107,* -> +,V := V * 2 + 1;,V := V + 2 + 1;,killed
misc/Ada/Truncated-Binary-Encoding,truncated_binary.adb,109,* -> +,V := V * 2;,V := V + 2;,killed
misc/Ada/Truncated-Binary-Encoding,truncated_binary.adb,128,/= -> =,if Consumed /= Bits'Length then,if Consumed = Bits'Length then,killed
misc/Ada/Unicode-Collation-Algorithm,unicode_collation.adb,15,- -> +,Upper_C : constant Character := Character'Val(I - 32);,Upper_C : constant Character := Character'Val(I + 32);,killed
misc/Ada/Unicode-Collation-Algorithm,unicode_collation.adb,16,* -> +,Base_Weight : constant Weight_Level := Weight_Level(I * 10);,Base_Weight : constant Weight_Level := Weight_Level(I + 10);,survived
misc/Ada/Unicode-Collation-Algorithm,unicode_collation.adb,45,- -> +,Result(1 + I - Str'First) := Table(Str(I));,Result(1 + I + Str'First) := Table(Str(I));,killed
misc/Ada/Unicode-Collation-Algorithm,unicode_collation.adb,45,+ -> -,Result(1 + I - Str'First) := Table(Str(I));,Result(1 - I - Str'First) := Table(Str(I));,killed
misc/Ada/Unicode-Collation-Algorithm,unicode_collation.adb,66,/= -> =,if Val /= 0 then,if Val = 0 then,killed
misc/Ada/Unicode-Collation-Algorithm,unicode_collation.adb,67,+ 1 -> + 0,Count := Count + 1;,Count := Count + 0;,killed
misc/Ada/Unicode-Collation-Algorithm,unicode_collation.adb,67,+ -> -,Count := Count + 1;,Count := Count - 1;,killed
misc/Ada/Unicode-Collation-Algorithm,unicode_collation.adb,88,< -> <=,if L_Level(I) < R_Level(I) then return Less; end if;,if L_Level(I) <= R_Level(I) then return Less; end if;,killed
misc/Ada/Unicode-Collation-Algorithm,unicode_collation.adb,89,> -> >=,if L_Level(I) > R_Level(I) then return Greater; end if;,if L_Level(I) >= R_Level(I) then return Greater; end if;,killed
misc/Ada/Unicode-Collation-Algorithm,unicode_collation.adb,93,< -> <=,if L_Level'Length < R_Level'Length then return Less; end if;,if L_Level'Length <= R_Level'Length then return Less; end if;,killed
misc/Ada/Unicode-Collation-Algorithm,unicode_collation.adb,94,> -> >=,if L_Level'Length > R_Level'Length then return Greater; end if;,if L_Level'Length >= R_Level'Length then return Greater; end if;,killed
misc/Ada/Zero-Attribute-Rule,zero_attribute_rule.adb,28,+ -> -,Sum := Sum + Val;,Sum := Sum - Val;,killed
misc/Ada/Zero-Attribute-Rule,zero_attribute_rule.adb,42,+ -> -,Mid := Sorted'First + (Sorted'Length / 2);,Mid := Sorted'First - (Sorted'Length / 2);,killed
misc/Ada/Zero-Attribute-Rule,zero_attribute_rule.adb,44,= -> /=,if Sorted'Length mod 2 = 0 then,if Sorted'Length mod 2 /= 0 then,killed
misc/Ada/Zero-Attribute-Rule,zero_attribute_rule.adb,46,- -> +,return (Sorted (Mid - 1) + Sorted (Mid)) / 2.0;,return (Sorted (Mid + 1) + Sorted (Mid)) / 2.0;,killed
misc/Ada/Zero-Attribute-Rule,zero_attribute_rule.adb,46,+ -> -,return (Sorted (Mid - 1) + Sorted (Mid)) / 2.0;,return (Sorted (Mid - 1) - Sorted (Mid)) / 2.0;,killed
misc/Ada/Zero-Attribute-Rule,zero_attribute_rule.adb,46,- 1 -> - 0,return (Sorted (Mid - 1) + Sorted (Mid)) / 2.0;,return (Sorted (Mid - 0) + Sorted (Mid)) / 2.0;,killed
misc/Ada/Zero-Attribute-Rule,zero_attribute_rule.adb,60,= -> /=,if Targets'Length = 1 then,if Targets'Length /= 1 then,killed
misc/Ada/Zero-Attribute-Rule,zero_attribute_rule.adb,68,+ -> -,for I in Sorted'First + 1 .. Sorted'Last loop,for I in Sorted'First - 1 .. Sorted'Last loop,killed
misc/Ada/Zero-Attribute-Rule,zero_attribute_rule.adb,68,+ 1 -> + 0,for I in Sorted'First + 1 .. Sorted'Last loop,for I in Sorted'First + 0 .. Sorted'Last loop,killed
misc/Ada/Zero-Attribute-Rule,zero_attribute_rule.adb,69,- -> +,if Sorted (I) = Sorted (I - 1) then,if Sorted (I) = Sorted (I + 1) then,killed
misc/Ada/Zero-Attribute-Rule,zero_attribute_rule.adb,69,- 1 -> - 0,if Sorted (I) = Sorted (I - 1) then,if Sorted (I) = Sorted (I - 0) then,killed
misc/Ada/Zero-Attribute-Rule,zero_attribute_rule.adb,69,= -> /=,if Sorted (I) = Sorted (I - 1) then,if Sorted (I) /= Sorted (I - 1) then,killed
misc/Ada/Zero-Attribute-Rule,zero_attribute_rule.adb,70,+ -> -,Curr_Count := Curr_Count + 1;,Curr_Count := Curr_Count - 1;,killed
misc/Ada/Zero-Attribute-Rule,zero_attribute_rule.adb,70,+ 1 -> + 0,Curr_Count := Curr_Count + 1;,Curr_Count := Curr_Count + 0;,killed
misc/Ada/Zero-Attribute-Rule,zero_attribute_rule.adb,73,> -> >=,if Curr_Count > Max_Count then,if Curr_Count >= Max_Count then,killed
misc/Ada/Zero-Attribute-Rule,zero_attribute_rule.adb,75,- 1 -> - 0,Mode_Val  := Sorted (I - 1);,Mode_Val  := Sorted (I - 0);,killed
misc/Ada/Zero-Attribute-Rule,zero_attribute_rule.adb,82,> -> >=,if Curr_Count > Max_Count then,if Curr_Count >= Max_Count then,killed
misc/Ada/Zero-Attribute-Rule,zero_attribute_rule.adb,95,= -> /=,if Targets'Length = 0 then,if Targets'Length /= 0 then,killed
misc/Ada/Zero-Attribute-Rule,zero_attribute_rule.adb,103,= -> /=,if Targets'Length = 0 then,if Targets'Length /= 0 then,killed
misc/Ada/Zero-Attribute-Rule,zero_attribute_rule.adb,111,= -> /=,if Targets'Length = 0 then,if Targets'Length /= 0 then,killed
misc/SPARK2/Ada-SPARK-3Sum-Closest,three_sum_closest.adb,6,>= -> >,if Left >= Right then,if Left > Right then,survived
misc/SPARK2/Ada-SPARK-3Sum-Closest,three_sum_closest.adb,7,- -> +,return Left - Right;,return Left + Right;,killed
misc/SPARK2/Ada-SPARK-3Sum-Closest,three_sum_closest.adb,9,- -> +,return Right - Left;,return Right + Left;,killed
misc/SPARK2/Ada-SPARK-3Sum-Closest,three_sum_closest.adb,20,> -> >=,exit when I > Length;,exit when I >= Length;,survived
misc/SPARK2/Ada-SPARK-3Sum-Closest,three_sum_closest.adb,22,> -> >=,exit when J > Length;,exit when J >= Length;,survived
misc/SPARK2/Ada-SPARK-3Sum-Closest,three_sum_closest.adb,24,> -> >=,exit when K > Length;,exit when K >= Length;,killed
misc/SPARK2/Ada-SPARK-3Sum-Closest,three_sum_closest.adb,25,< -> <=,if I < J and then J < K then,if I < J and then J <= K then,killed
misc/SPARK2/Ada-SPARK-3Sum-Closest,three_sum_closest.adb,25,and then -> or else,if I < J and then J < K then,if I < J or else J < K then,killed
misc/SPARK2/Ada-SPARK-3Sum-Closest,three_sum_closest.adb,25,< -> <=,if I < J and then J < K then,if I <= J and then J < K then,killed
misc/SPARK2/Ada-SPARK-3Sum-Closest,three_sum_closest.adb,26,+ -> -,Candidate := Sum_Value (Data (I) + Data (J) + Data (K));,Candidate := Sum_Value (Data (I) - Data (J) + Data (K));,killed
misc/SPARK2/Ada-SPARK-3Sum-Closest,three_sum_closest.adb,26,+ -> -,Candidate := Sum_Value (Data (I) + Data (J) + Data (K));,Candidate := Sum_Value (Data (I) + Data (J) - Data (K));,killed
misc/SPARK2/Ada-SPARK-3Sum-Closest,three_sum_closest.adb,28,or else -> and then,"or else Distance (Candidate, Sum_Value (Target))","and then Distance (Candidate, Sum_Value (Target))",killed
misc/SPARK2/Ada-SPARK-3Sum-Closest,three_sum_closest.adb,29,< -> <=,"< Distance (Best, Sum_Value (Target))","<= Distance (Best, Sum_Value (Target))",survived
misc/SPARK2/Ada-SPARK-Add-Binary,add_binary.adb,10,+ -> -,Position := Index'Last - Offset + 1;,Position := Index'Last - Offset - 1;,killed
misc/SPARK2/Ada-SPARK-Add-Binary,add_binary.adb,10,- -> +,Position := Index'Last - Offset + 1;,Position := Index'Last + Offset + 1;,stillborn
misc/SPARK2/Ada-SPARK-Add-Binary,add_binary.adb,10,+ 1 -> + 0,Position := Index'Last - Offset + 1;,Position := Index'Last - Offset + 0;,killed
misc/SPARK2/Ada-SPARK-Add-Binary,add_binary.adb,12,= -> /=,if Left (Position) = '1' then Sum := Sum + 1; end if;,if Left (Position) /= '1' then Sum := Sum + 1; end if;,killed
misc/SPARK2/Ada-SPARK-Add-Binary,add_binary.adb,12,+ -> -,if Left (Position) = '1' then Sum := Sum + 1; end if;,if Left (Position) = '1' then Sum := Sum - 1; end if;,killed
misc/SPARK2/Ada-SPARK-Add-Binary,add_binary.adb,12,+ 1 -> + 0,if Left (Position) = '1' then Sum := Sum + 1; end if;,if Left (Position) = '1' then Sum := Sum + 0; end if;,killed
misc/SPARK2/Ada-SPARK-Add-Binary,add_binary.adb,13,= -> /=,if Right (Position) = '1' then Sum := Sum + 1; end if;,if Right (Position) /= '1' then Sum := Sum + 1; end if;,killed
misc/SPARK2/Ada-SPARK-Add-Binary,add_binary.adb,13,+ -> -,if Right (Position) = '1' then Sum := Sum + 1; end if;,if Right (Position) = '1' then Sum := Sum - 1; end if;,killed
misc/SPARK2/Ada-SPARK-Add-Binary,add_binary.adb,13,+ 1 -> + 0,if Right (Position) = '1' then Sum := Sum + 1; end if;,if Right (Position) = '1' then Sum := Sum + 0; end if;,killed
misc/SPARK2/Ada-SPARK-Add-Binary,add_binary.adb,14,= -> /=,Result (Position) := (if Sum mod 2 = 1 then '1' else '0');,Result (Position) := (if Sum mod 2 /= 1 then '1' else '0');,killed
misc/SPARK2/Ada-SPARK-Add-Without-Plus,add_without_plus.adb,8,>= -> >,if Right >= 0 then,if Right > 0 then,survived
misc/SPARK2/Ada-SPARK-Add-Without-Plus,add_without_plus.adb,10,> -> >=,while Remaining > 0 loop,while Remaining >= 0 loop,killed
misc/SPARK2/Ada-SPARK-Add-Without-Plus,add_without_plus.adb,13,+ 1 -> + 0,Result := Result + 1;,Result := Result + 0;,killed
misc/SPARK2/Ada-SPARK-Add-Without-Plus,add_without_plus.adb,13,+ -> -,Result := Result + 1;,Result := Result - 1;,killed
misc/SPARK2/Ada-SPARK-Add-Without-Plus,add_without_plus.adb,14,- -> +,Remaining := Remaining - 1;,Remaining := Remaining + 1;,killed
misc/SPARK2/Ada-SPARK-Add-Without-Plus,add_without_plus.adb,14,- 1 -> - 0,Remaining := Remaining - 1;,Remaining := Remaining - 0;,killed
misc/SPARK2/Ada-SPARK-Add-Without-Plus,add_without_plus.adb,18,> -> >=,while Remaining > 0 loop,while Remaining >= 0 loop,killed
misc/SPARK2/Ada-SPARK-Add-Without-Plus,add_without_plus.adb,21,- -> +,Result := Result - 1;,Result := Result + 1;,killed
misc/SPARK2/Ada-SPARK-Add-Without-Plus,add_without_plus.adb,21,- 1 -> - 0,Result := Result - 1;,Result := Result - 0;,killed
misc/SPARK2/Ada-SPARK-Add-Without-Plus,add_without_plus.adb,22,- -> +,Remaining := Remaining - 1;,Remaining := Remaining + 1;,killed
misc/SPARK2/Ada-SPARK-Add-Without-Plus,add_without_plus.adb,22,- 1 -> - 0,Remaining := Remaining - 1;,Remaining := Remaining - 0;,killed
misc/SPARK2/Ada-SPARK-Adler32,adler32.adb,10,+ -> -,A := (A + Interfaces.Unsigned_32 (Data (I))) mod 65_521;,A := (A - Interfaces.Unsigned_32 (Data (I))) mod 65_521;,killed
misc/SPARK2/Ada-SPARK-Adler32,adler32.adb,11,+ -> -,B := (B + A) mod 65_521;,B := (B - A) mod 65_521;,killed
misc/SPARK2/Ada-SPARK-Arranging-Coins,arranging_coins.adb,11,< -> <=,exit when Remaining < Row;,exit when Remaining <= Row;,killed
misc/SPARK2/Ada-SPARK-Arranging-Coins,arranging_coins.adb,12,- -> +,Remaining := Remaining - Row;,Remaining := Remaining + Row;,killed
misc/SPARK2/Ada-SPARK-Arranging-Coins,arranging_coins.adb,13,+ -> -,Result := Result + 1;,Result := Result - 1;,killed
misc/SPARK2/Ada-SPARK-Arranging-Coins,arranging_coins.adb,13,+ 1 -> + 0,Result := Result + 1;,Result := Result + 0;,killed
misc/SPARK2/Ada-SPARK-Basic-Calculator-II,basic_calculator_ii.adb,6,+ -> -,when Plus   => return Left + Right;,when Plus   => return Left - Right;,killed
misc/SPARK2/Ada-SPARK-Basic-Calculator-II,basic_calculator_ii.adb,7,- -> +,when Minus  => return Left - Right;,when Minus  => return Left + Right;,killed
misc/SPARK2/Ada-SPARK-Basic-Calculator-II,basic_calculator_ii.adb,8,* -> +,when Times  => return Left * Right;,when Times  => return Left + Right;,killed
misc/SPARK2/Ada-SPARK-Beautiful-Arrangement,beautiful_arrangement.adb,7,> -> >=,if A (I) = 0 or else A (I) > N then   --  must be a permutation of 1 .. N,if A (I) = 0 or else A (I) >= N then   --  must be a permutation of 1 .. N,killed
misc/SPARK2/Ada-SPARK-Beautiful-Arrangement,beautiful_arrangement.adb,7,= -> /=,if A (I) = 0 or else A (I) > N then   --  must be a permutation of 1 .. N,if A (I) /= 0 or else A (I) > N then   --  must be a permutation of 1 .. N,killed
misc/SPARK2/Ada-SPARK-Beautiful-Arrangement,beautiful_arrangement.adb,7,or else -> and then,if A (I) = 0 or else A (I) > N then   --  must be a permutation of 1 .. N,if A (I) = 0 and then A (I) > N then   --  must be a permutation of 1 .. N,killed
misc/SPARK2/Ada-SPARK-Beautiful-Arrangement,beautiful_arrangement.adb,10,= -> /=,if not (A (I) mod I = 0 or else I mod A (I) = 0) then,if not (A (I) mod I = 0 or else I mod A (I) /= 0) then,killed
misc/SPARK2/Ada-SPARK-Beautiful-Arrangement,beautiful_arrangement.adb,10,= -> /=,if not (A (I) mod I = 0 or else I mod A (I) = 0) then,if not (A (I) mod I /= 0 or else I mod A (I) = 0) then,killed
misc/SPARK2/Ada-SPARK-Beautiful-Arrangement,beautiful_arrangement.adb,10,or else -> and then,if not (A (I) mod I = 0 or else I mod A (I) = 0) then,if not (A (I) mod I = 0 and then I mod A (I) = 0) then,killed
misc/SPARK2/Ada-SPARK-Beautiful-Arrangement,beautiful_arrangement.adb,13,- 1 -> - 0,for J in Size range 1 .. I - 1 loop,for J in Size range 1 .. I - 0 loop,killed
misc/SPARK2/Ada-SPARK-Beautiful-Arrangement,beautiful_arrangement.adb,13,- -> +,for J in Size range 1 .. I - 1 loop,for J in Size range 1 .. I + 1 loop,killed
misc/SPARK2/Ada-SPARK-Beautiful-Arrangement,beautiful_arrangement.adb,14,= -> /=,if A (I) = A (J) then,if A (I) /= A (J) then,killed
misc/SPARK2/Ada-SPARK-Best-Time-To-Buy-And-Sell-Stock,best_time_to_buy_and_sell_stock.adb,10,- -> +,Today := Input (I) - Minimum;,Today := Input (I) + Minimum;,killed
misc/SPARK2/Ada-SPARK-Best-Time-To-Buy-And-Sell-Stock,best_time_to_buy_and_sell_stock.adb,11,> -> >=,if Today > Best then,if Today >= Best then,survived
misc/SPARK2/Ada-SPARK-Best-Time-To-Buy-And-Sell-Stock,best_time_to_buy_and_sell_stock.adb,14,< -> <=,if Input (I) < Minimum then,if Input (I) <= Minimum then,survived
misc/SPARK2/Ada-SPARK-Best-Time-To-Buy-And-Sell-Stock-With-Cooldownoldown,best_time_to_buy_and_sell_stock_with_cooldownoldown.adb,13,- -> +,if Hold > Rest - Input (I) then,if Hold > Rest + Input (I) then,killed
misc/SPARK2/Ada-SPARK-Best-Time-To-Buy-And-Sell-Stock-With-Cooldownoldown,best_time_to_buy_and_sell_stock_with_cooldownoldown.adb,13,> -> >=,if Hold > Rest - Input (I) then,if Hold >= Rest - Input (I) then,survived
misc/SPARK2/Ada-SPARK-Best-Time-To-Buy-And-Sell-Stock-With-Cooldownoldown,best_time_to_buy_and_sell_stock_with_cooldownoldown.adb,16,- -> +,New_Hold := Rest - Input (I);,New_Hold := Rest + Input (I);,killed
misc/SPARK2/Ada-SPARK-Best-Time-To-Buy-And-Sell-Stock-With-Cooldownoldown,best_time_to_buy_and_sell_stock_with_cooldownoldown.adb,18,+ -> -,New_Sold := Hold + Input (I);,New_Sold := Hold - Input (I);,killed
misc/SPARK2/Ada-SPARK-Best-Time-To-Buy-And-Sell-Stock-With-Cooldownoldown,best_time_to_buy_and_sell_stock_with_cooldownoldown.adb,19,> -> >=,if Rest > Sold then,if Rest >= Sold then,survived
misc/SPARK2/Ada-SPARK-Best-Time-To-Buy-And-Sell-Stock-With-Cooldownoldown,best_time_to_buy_and_sell_stock_with_cooldownoldown.adb,28,> -> >=,if Sold > Rest then,if Sold >= Rest then,survived
misc/SPARK2/Ada-SPARK-Binary-Watch,binary_watch.adb,5,* -> +,return H * 60 + M;,return H + 60 + M;,killed
misc/SPARK2/Ada-SPARK-Binary-Watch,binary_watch.adb,5,+ -> -,return H * 60 + M;,return H * 60 - M;,killed
misc/SPARK2/Ada-SPARK-Binary-Watch,binary_watch.adb,9,<= -> <,"return To_Minutes (H, M) <= 719;","return To_Minutes (H, M) < 719;",killed
misc/SPARK2/Ada-SPARK-Broken-Calculator,broken_calculator.adb,14,<= -> <,exit when T <= Start;,exit when T < Start;,killed
misc/SPARK2/Ada-SPARK-Broken-Calculator,broken_calculator.adb,16,= -> /=,if T mod 2 = 1 then,if T mod 2 /= 1 then,killed
misc/SPARK2/Ada-SPARK-Broken-Calculator,broken_calculator.adb,17,+ -> -,T := T + 1;,T := T - 1;,killed
misc/SPARK2/Ada-SPARK-Broken-Calculator,broken_calculator.adb,17,+ 1 -> + 0,T := T + 1;,T := T + 0;,killed
misc/SPARK2/Ada-SPARK-Broken-Calculator,broken_calculator.adb,18,+ -> -,Ops := Ops + 1;,Ops := Ops - 1;,killed
misc/SPARK2/Ada-SPARK-Broken-Calculator,broken_calculator.adb,18,+ 1 -> + 0,Ops := Ops + 1;,Ops := Ops + 0;,killed
misc/SPARK2/Ada-SPARK-Broken-Calculator,broken_calculator.adb,21,+ 1 -> + 0,Ops := Ops + 1;,Ops := Ops + 0;,killed
misc/SPARK2/Ada-SPARK-Broken-Calculator,broken_calculator.adb,21,+ -> -,Ops := Ops + 1;,Ops := Ops - 1;,killed
misc/SPARK2/Ada-SPARK-Broken-Calculator,broken_calculator.adb,28,+ -> -,return Ops + (Start - T);,return Ops - (Start - T);,killed
misc/SPARK2/Ada-SPARK-Broken-Calculator,broken_calculator.adb,28,- -> +,return Ops + (Start - T);,return Ops + (Start + T);,killed
misc/SPARK2/Ada-SPARK-Bulb-Switcher,bulb_switcher.adb,13,< -> <=,exit when Remaining < Odd;,exit when Remaining <= Odd;,killed
misc/SPARK2/Ada-SPARK-Bulb-Switcher,bulb_switcher.adb,14,- -> +,Remaining := Remaining - Odd;,Remaining := Remaining + Odd;,killed
misc/SPARK2/Ada-SPARK-Bulb-Switcher,bulb_switcher.adb,15,+ -> -,Result := Result + 1;,Result := Result - 1;,killed
misc/SPARK2/Ada-SPARK-Bulb-Switcher,bulb_switcher.adb,15,+ 1 -> + 0,Result := Result + 1;,Result := Result + 0;,killed
misc/SPARK2/Ada-SPARK-Bulb-Switcher,bulb_switcher.adb,16,+ -> -,Odd := Odd + 2;,Odd := Odd - 2;,killed
misc/SPARK2/Ada-SPARK-Capacity-To-Ship-Packages,capacity_to_ship_packages.adb,9,> -> >=,if Weights (I) > Max_Weight then,if Weights (I) >= Max_Weight then,survived
misc/SPARK2/Ada-SPARK-Capacity-To-Ship-Packages,capacity_to_ship_packages.adb,15,>= -> >,if Candidate >= Max_Weight then,if Candidate > Max_Weight then,killed
misc/SPARK2/Ada-SPARK-Capacity-To-Ship-Packages,capacity_to_ship_packages.adb,21,+ -> -,if Load + Integer (Weights (I)) > Candidate then,if Load - Integer (Weights (I)) > Candidate then,killed
misc/SPARK2/Ada-SPARK-Capacity-To-Ship-Packages,capacity_to_ship_packages.adb,21,> -> >=,if Load + Integer (Weights (I)) > Candidate then,if Load + Integer (Weights (I)) >= Candidate then,killed
misc/SPARK2/Ada-SPARK-Capacity-To-Ship-Packages,capacity_to_ship_packages.adb,25,+ -> -,Load := Load + Integer (Weights (I));,Load := Load - Integer (Weights (I));,killed
misc/SPARK2/Ada-SPARK-Capacity-To-Ship-Packages,capacity_to_ship_packages.adb,28,<= -> <,if Used_Days <= Integer (Days) then,if Used_Days < Integer (Days) then,killed
misc/SPARK2/Ada-SPARK-Car-Pooling,car_pooling.adb,11,and then -> or else,if T (I).Pickup <= Stop and then Stop < T (I).Dropoff then,if T (I).Pickup <= Stop or else Stop < T (I).Dropoff then,killed
misc/SPARK2/Ada-SPARK-Car-Pooling,car_pooling.adb,11,< -> <=,if T (I).Pickup <= Stop and then Stop < T (I).Dropoff then,if T (I).Pickup <= Stop and then Stop <= T (I).Dropoff then,killed
misc/SPARK2/Ada-SPARK-Car-Pooling,car_pooling.adb,11,<= -> <,if T (I).Pickup <= Stop and then Stop < T (I).Dropoff then,if T (I).Pickup < Stop and then Stop < T (I).Dropoff then,killed
misc/SPARK2/Ada-SPARK-Car-Pooling,car_pooling.adb,12,+ -> -,On_Board := On_Board + T (I).People;,On_Board := On_Board - T (I).People;,killed
misc/SPARK2/Ada-SPARK-Car-Pooling,car_pooling.adb,15,> -> >=,if On_Board > Limit then,if On_Board >= Limit then,killed
misc/SPARK2/Ada-SPARK-Cheapest-Flights-Within-K-Stops,cheapest_flights_within_k_stops.adb,13,<= -> <,if Pass <= K then,if Pass < K then,killed
misc/SPARK2/Ada-SPARK-Cheapest-Flights-Within-K-Stops,cheapest_flights_within_k_stops.adb,15,/= -> =,if Best (Edges (I).U) /= Infinity,if Best (Edges (I).U) = Infinity,killed
misc/SPARK2/Ada-SPARK-Cheapest-Flights-Within-K-Stops,cheapest_flights_within_k_stops.adb,16,- -> +,and then Best (Edges (I).U) <= Cost'Last - Edges (I).Price,and then Best (Edges (I).U) <= Cost'Last + Edges (I).Price,survived
misc/SPARK2/Ada-SPARK-Cheapest-Flights-Within-K-Stops,cheapest_flights_within_k_stops.adb,16,<= -> <,and then Best (Edges (I).U) <= Cost'Last - Edges (I).Price,and then Best (Edges (I).U) < Cost'Last - Edges (I).Price,survived
misc/SPARK2/Ada-SPARK-Cheapest-Flights-Within-K-Stops,cheapest_flights_within_k_stops.adb,16,and then -> or else,and then Best (Edges (I).U) <= Cost'Last - Edges (I).Price,or else Best (Edges (I).U) <= Cost'Last - Edges (I).Price,survived
misc/SPARK2/Ada-SPARK-Cheapest-Flights-Within-K-Stops,cheapest_flights_within_k_stops.adb,18,+ -> -,Candidate := Best (Edges (I).U) + Edges (I).Price;,Candidate := Best (Edges (I).U) - Edges (I).Price;,killed
misc/SPARK2/Ada-SPARK-Cheapest-Flights-Within-K-Stops,cheapest_flights_within_k_stops.adb,19,< -> <=,if Candidate < Next_Best (Edges (I).V) then,if Candidate <= Next_Best (Edges (I).V) then,survived
misc/SPARK2/Ada-SPARK-Check-If-Number-Is-A-Sum-Of-Powers-Of-Three,sum_powers_three.adb,11,= -> /=,if Digit = 2 then,if Digit /= 2 then,killed
misc/SPARK2/Ada-SPARK-Check-If-Number-Is-A-Sum-Of-Powers-Of-Three,sum_powers_three.adb,16,= -> /=,return Current = 0;,return Current /= 0;,killed
misc/SPARK2/Ada-SPARK-Circular-Queue,circular_queue.adb,5,= -> /=,function Is_Empty (Q : Queue) return Boolean is begin return Q.Count = 0; end Is_Empty;,function Is_Empty (Q : Queue) return Boolean is begin return Q.Count /= 0; end Is_Empty;,killed
misc/SPARK2/Ada-SPARK-Circular-Queue,circular_queue.adb,6,= -> /=,function Is_Full (Q : Queue) return Boolean is begin return Q.Count = Capacity; end Is_Full;,function Is_Full (Q : Queue) return Boolean is begin return Q.Count /= Capacity; end Is_Full;,killed
misc/SPARK2/Ada-SPARK-Circular-Queue,circular_queue.adb,9,< -> <=,begin Q.Data (Q.Tail) := Value; if Q.Tail = Index'Last then Q.Tail := 1; else Q.Tail := Q.Tail + 1; ,begin Q.Data (Q.Tail) := Value; if Q.Tail = Index'Last then Q.Tail := 1; else Q.Tail := Q.Tail + 1; ,survived
misc/SPARK2/Ada-SPARK-Circular-Queue,circular_queue.adb,9,+ 1 -> + 0,begin Q.Data (Q.Tail) := Value; if Q.Tail = Index'Last then Q.Tail := 1; else Q.Tail := Q.Tail + 1; ,begin Q.Data (Q.Tail) := Value; if Q.Tail = Index'Last then Q.Tail := 1; else Q.Tail := Q.Tail + 1; ,killed
misc/SPARK2/Ada-SPARK-Circular-Queue,circular_queue.adb,9,+ -> -,begin Q.Data (Q.Tail) := Value; if Q.Tail = Index'Last then Q.Tail := 1; else Q.Tail := Q.Tail + 1; ,begin Q.Data (Q.Tail) := Value; if Q.Tail = Index'Last then Q.Tail := 1; else Q.Tail := Q.Tail + 1; ,killed
misc/SPARK2/Ada-SPARK-Circular-Queue,circular_queue.adb,9,+ -> -,begin Q.Data (Q.Tail) := Value; if Q.Tail = Index'Last then Q.Tail := 1; else Q.Tail := Q.Tail + 1; ,begin Q.Data (Q.Tail) := Value; if Q.Tail = Index'Last then Q.Tail := 1; else Q.Tail := Q.Tail - 1; ,killed
misc/SPARK2/Ada-SPARK-Circular-Queue,circular_queue.adb,9,= -> /=,begin Q.Data (Q.Tail) := Value; if Q.Tail = Index'Last then Q.Tail := 1; else Q.Tail := Q.Tail + 1; ,begin Q.Data (Q.Tail) := Value; if Q.Tail /= Index'Last then Q.Tail := 1; else Q.Tail := Q.Tail + 1;,killed
misc/SPARK2/Ada-SPARK-Circular-Queue,circular_queue.adb,9,+ 1 -> + 0,begin Q.Data (Q.Tail) := Value; if Q.Tail = Index'Last then Q.Tail := 1; else Q.Tail := Q.Tail + 1; ,begin Q.Data (Q.Tail) := Value; if Q.Tail = Index'Last then Q.Tail := 1; else Q.Tail := Q.Tail + 0; ,killed
misc/SPARK2/Ada-SPARK-Circular-Queue,circular_queue.adb,11,- 1 -> - 0,begin Value := Q.Data (Q.Head); if Q.Head = Index'Last then Q.Head := 1; else Q.Head := Q.Head + 1; ,begin Value := Q.Data (Q.Head); if Q.Head = Index'Last then Q.Head := 1; else Q.Head := Q.Head + 1; ,killed
misc/SPARK2/Ada-SPARK-Circular-Queue,circular_queue.adb,11,= -> /=,begin Value := Q.Data (Q.Head); if Q.Head = Index'Last then Q.Head := 1; else Q.Head := Q.Head + 1; ,begin Value := Q.Data (Q.Head); if Q.Head /= Index'Last then Q.Head := 1; else Q.Head := Q.Head + 1;,killed
misc/SPARK2/Ada-SPARK-Circular-Queue,circular_queue.adb,11,- -> +,begin Value := Q.Data (Q.Head); if Q.Head = Index'Last then Q.Head := 1; else Q.Head := Q.Head + 1; ,begin Value := Q.Data (Q.Head); if Q.Head = Index'Last then Q.Head := 1; else Q.Head := Q.Head + 1; ,killed
misc/SPARK2/Ada-SPARK-Circular-Queue,circular_queue.adb,11,> -> >=,begin Value := Q.Data (Q.Head); if Q.Head = Index'Last then Q.Head := 1; else Q.Head := Q.Head + 1; ,begin Value := Q.Data (Q.Head); if Q.Head = Index'Last then Q.Head := 1; else Q.Head := Q.Head + 1; ,survived
misc/SPARK2/Ada-SPARK-Circular-Queue,circular_queue.adb,11,+ 1 -> + 0,begin Value := Q.Data (Q.Head); if Q.Head = Index'Last then Q.Head := 1; else Q.Head := Q.Head + 1; ,begin Value := Q.Data (Q.Head); if Q.Head = Index'Last then Q.Head := 1; else Q.Head := Q.Head + 0; ,killed
misc/SPARK2/Ada-SPARK-Circular-Queue,circular_queue.adb,11,+ -> -,begin Value := Q.Data (Q.Head); if Q.Head = Index'Last then Q.Head := 1; else Q.Head := Q.Head + 1; ,begin Value := Q.Data (Q.Head); if Q.Head = Index'Last then Q.Head := 1; else Q.Head := Q.Head - 1; ,killed
misc/SPARK2/Ada-SPARK-Coin-Change-II,coin_change_ii.adb,9,- -> +,if Left > Count'Last - Right then,if Left > Count'Last + Right then,survived
misc/SPARK2/Ada-SPARK-Coin-Change-II,coin_change_ii.adb,9,> -> >=,if Left > Count'Last - Right then,if Left >= Count'Last - Right then,survived
misc/SPARK2/Ada-SPARK-Coin-Change-II,coin_change_ii.adb,12,+ -> -,return Left + Right;,return Left - Right;,killed
misc/SPARK2/Ada-SPARK-Coin-Change-II,coin_change_ii.adb,24,- -> +,"W (V) := Add (W (V), W (V - Denominations (C)));","W (V) := Add (W (V), W (V + Denominations (C)));",killed
misc/SPARK2/Ada-SPARK-Combination-Sum-III,combination_sum_iii.adb,5,* -> +,Minimum : constant Natural := K * (K + 1) / 2;,Minimum : constant Natural := K + (K + 1) / 2;,killed
misc/SPARK2/Ada-SPARK-Combination-Sum-III,combination_sum_iii.adb,5,+ 1 -> + 0,Minimum : constant Natural := K * (K + 1) / 2;,Minimum : constant Natural := K * (K + 0) / 2;,killed
misc/SPARK2/Ada-SPARK-Combination-Sum-III,combination_sum_iii.adb,5,+ -> -,Minimum : constant Natural := K * (K + 1) / 2;,Minimum : constant Natural := K * (K - 1) / 2;,killed
misc/SPARK2/Ada-SPARK-Combination-Sum-III,combination_sum_iii.adb,6,- -> +,Maximum : constant Natural := K * (19 - K) / 2;,Maximum : constant Natural := K * (19 + K) / 2;,killed
misc/SPARK2/Ada-SPARK-Combination-Sum-III,combination_sum_iii.adb,6,* -> +,Maximum : constant Natural := K * (19 - K) / 2;,Maximum : constant Natural := K + (19 - K) / 2;,killed
misc/SPARK2/Ada-SPARK-Combination-Sum-III,combination_sum_iii.adb,8,and then -> or else,return N >= Minimum and then N <= Maximum;,return N >= Minimum or else N <= Maximum;,killed
misc/SPARK2/Ada-SPARK-Combination-Sum-III,combination_sum_iii.adb,8,>= -> >,return N >= Minimum and then N <= Maximum;,return N > Minimum and then N <= Maximum;,killed
misc/SPARK2/Ada-SPARK-Combination-Sum-III,combination_sum_iii.adb,8,<= -> <,return N >= Minimum and then N <= Maximum;,return N >= Minimum and then N < Maximum;,killed
misc/SPARK2/Ada-SPARK-Combination-Sum-III,combination_sum_iii.adb,25,= -> /=,if Bits mod 2 = 1 then,if Bits mod 2 /= 1 then,survived
misc/SPARK2/Ada-SPARK-Combination-Sum-III,combination_sum_iii.adb,26,+ -> -,Size := Size + 1;,Size := Size - 1;,killed
misc/SPARK2/Ada-SPARK-Combination-Sum-III,combination_sum_iii.adb,26,+ 1 -> + 0,Size := Size + 1;,Size := Size + 0;,killed
misc/SPARK2/Ada-SPARK-Combination-Sum-III,combination_sum_iii.adb,27,+ -> -,Sum := Sum + D;,Sum := Sum - D;,killed
misc/SPARK2/Ada-SPARK-Combination-Sum-III,combination_sum_iii.adb,31,= -> /=,if Size = K and then Sum = N then,if Size = K and then Sum /= N then,killed
misc/SPARK2/Ada-SPARK-Combination-Sum-III,combination_sum_iii.adb,31,and then -> or else,if Size = K and then Sum = N then,if Size = K or else Sum = N then,killed
misc/SPARK2/Ada-SPARK-Combination-Sum-III,combination_sum_iii.adb,31,= -> /=,if Size = K and then Sum = N then,if Size /= K and then Sum = N then,killed
misc/SPARK2/Ada-SPARK-Combination-Sum-III,combination_sum_iii.adb,32,+ -> -,Found := Found + 1;,Found := Found - 1;,killed
misc/SPARK2/Ada-SPARK-Combination-Sum-III,combination_sum_iii.adb,32,+ 1 -> + 0,Found := Found + 1;,Found := Found + 0;,killed
misc/SPARK2/Ada-SPARK-Combination-Sum-IV,combination_sum_iv.adb,9,>= -> >,if N >= 1 then,if N > 1 then,killed
misc/SPARK2/Ada-SPARK-Combination-Sum-IV,combination_sum_iv.adb,11,- -> +,Ways (T) := Ways (T - 1);,Ways (T) := Ways (T + 1);,killed
misc/SPARK2/Ada-SPARK-Combination-Sum-IV,combination_sum_iv.adb,11,- 1 -> - 0,Ways (T) := Ways (T - 1);,Ways (T) := Ways (T - 0);,killed
misc/SPARK2/Ada-SPARK-Combination-Sum-IV,combination_sum_iv.adb,12,>= -> >,if T >= 2 then,if T > 2 then,killed
misc/SPARK2/Ada-SPARK-Combination-Sum-IV,combination_sum_iv.adb,13,+ -> -,Ways (T) := Ways (T) + Ways (T - 2);,Ways (T) := Ways (T) - Ways (T - 2);,killed
misc/SPARK2/Ada-SPARK-Combination-Sum-IV,combination_sum_iv.adb,13,- -> +,Ways (T) := Ways (T) + Ways (T - 2);,Ways (T) := Ways (T) + Ways (T + 2);,killed
misc/SPARK2/Ada-SPARK-Combination-Sum-IV,combination_sum_iv.adb,15,>= -> >,if T >= 3 then,if T > 3 then,killed
misc/SPARK2/Ada-SPARK-Combination-Sum-IV,combination_sum_iv.adb,16,+ -> -,Ways (T) := Ways (T) + Ways (T - 3);,Ways (T) := Ways (T) - Ways (T - 3);,killed
misc/SPARK2/Ada-SPARK-Combination-Sum-IV,combination_sum_iv.adb,16,- -> +,Ways (T) := Ways (T) + Ways (T - 3);,Ways (T) := Ways (T) + Ways (T + 3);,killed
misc/SPARK2/Ada-SPARK-Container-With-Most-Water,container_with_most_water.adb,11,> -> >=,exit when I > Length;,exit when I >= Length;,survived
misc/SPARK2/Ada-SPARK-Container-With-Most-Water,container_with_most_water.adb,13,> -> >=,exit when J > Length;,exit when J >= Length;,killed
misc/SPARK2/Ada-SPARK-Container-With-Most-Water,container_with_most_water.adb,14,> -> >=,if J > I then,if J >= I then,survived
misc/SPARK2/Ada-SPARK-Container-With-Most-Water,container_with_most_water.adb,15,- -> +,Width := J - I;,Width := J + I;,killed
misc/SPARK2/Ada-SPARK-Container-With-Most-Water,container_with_most_water.adb,16,< -> <=,if Data (I) < Data (J) then,if Data (I) <= Data (J) then,survived
misc/SPARK2/Ada-SPARK-Container-With-Most-Water,container_with_most_water.adb,21,* -> +,Candidate := Area (Width * Low);,Candidate := Area (Width + Low);,killed
misc/SPARK2/Ada-SPARK-Container-With-Most-Water,container_with_most_water.adb,22,> -> >=,if Candidate > Best then,if Candidate >= Best then,survived
misc/SPARK2/Ada-SPARK-Convert-Binary-Number-In-A-Linked-List-To-Integer,convert_binary_number_in_a_linked_list_to_integer.adb,12,< -> <=,if L.Size < Count'Last then,if L.Size <= Count'Last then,survived
misc/SPARK2/Ada-SPARK-Convert-Binary-Number-In-A-Linked-List-To-Integer,convert_binary_number_in_a_linked_list_to_integer.adb,13,+ -> -,L.Size := L.Size + 1;,L.Size := L.Size - 1;,killed
misc/SPARK2/Ada-SPARK-Convert-Binary-Number-In-A-Linked-List-To-Integer,convert_binary_number_in_a_linked_list_to_integer.adb,13,+ 1 -> + 0,L.Size := L.Size + 1;,L.Size := L.Size + 0;,killed
misc/SPARK2/Ada-SPARK-Convert-Binary-Number-In-A-Linked-List-To-Integer,convert_binary_number_in_a_linked_list_to_integer.adb,28,<= -> <,if I <= L.Size and then R <= 32_767 then,if I <= L.Size and then R < 32_767 then,survived
misc/SPARK2/Ada-SPARK-Convert-Binary-Number-In-A-Linked-List-To-Integer,convert_binary_number_in_a_linked_list_to_integer.adb,28,<= -> <,if I <= L.Size and then R <= 32_767 then,if I < L.Size and then R <= 32_767 then,killed
misc/SPARK2/Ada-SPARK-Convert-Binary-Number-In-A-Linked-List-To-Integer,convert_binary_number_in_a_linked_list_to_integer.adb,28,and then -> or else,if I <= L.Size and then R <= 32_767 then,if I <= L.Size or else R <= 32_767 then,killed
misc/SPARK2/Ada-SPARK-Convert-Binary-Number-In-A-Linked-List-To-Integer,convert_binary_number_in_a_linked_list_to_integer.adb,29,= -> /=,if L.Data (I) = 0 then,if L.Data (I) /= 0 then,killed
misc/SPARK2/Ada-SPARK-Convert-Binary-Number-In-A-Linked-List-To-Integer,convert_binary_number_in_a_linked_list_to_integer.adb,30,* -> +,R := 2 * R;,R := 2 + R;,killed
misc/SPARK2/Ada-SPARK-Convert-Binary-Number-In-A-Linked-List-To-Integer,convert_binary_number_in_a_linked_list_to_integer.adb,32,* -> +,R := 2 * R + 1;,R := 2 + R + 1;,killed
misc/SPARK2/Ada-SPARK-Convert-Binary-Number-In-A-Linked-List-To-Integer,convert_binary_number_in_a_linked_list_to_integer.adb,32,+ -> -,R := 2 * R + 1;,R := 2 * R - 1;,killed
misc/SPARK2/Ada-SPARK-Convert-Binary-Number-In-A-Linked-List-To-Integer,convert_binary_number_in_a_linked_list_to_integer.adb,32,+ 1 -> + 0,R := 2 * R + 1;,R := 2 * R + 0;,killed
misc/SPARK2/Ada-SPARK-Copy-List-With-Random-Pointer-Lite,copy_list_with_random_pointer_lite.adb,12,< -> <=,if L.Size < Count'Last then,if L.Size <= Count'Last then,survived
misc/SPARK2/Ada-SPARK-Copy-List-With-Random-Pointer-Lite,copy_list_with_random_pointer_lite.adb,13,+ -> -,L.Size := L.Size + 1;,L.Size := L.Size - 1;,killed
misc/SPARK2/Ada-SPARK-Copy-List-With-Random-Pointer-Lite,copy_list_with_random_pointer_lite.adb,13,+ 1 -> + 0,L.Size := L.Size + 1;,L.Size := L.Size + 0;,killed
misc/SPARK2/Ada-SPARK-Count-And-Say-Stub,count_and_say_stub.adb,21,<= -> <,while I <= Last loop,while I < Last loop,killed
misc/SPARK2/Ada-SPARK-Count-And-Say-Stub,count_and_say_stub.adb,28,+ -> -,while I + Run <= Last and then Text (I + Run) = Text (I) loop,while I - Run <= Last and then Text (I + Run) = Text (I) loop,survived
misc/SPARK2/Ada-SPARK-Count-And-Say-Stub,count_and_say_stub.adb,28,<= -> <,while I + Run <= Last and then Text (I + Run) = Text (I) loop,while I + Run < Last and then Text (I + Run) = Text (I) loop,killed
misc/SPARK2/Ada-SPARK-Count-And-Say-Stub,count_and_say_stub.adb,28,+ -> -,while I + Run <= Last and then Text (I + Run) = Text (I) loop,while I + Run <= Last and then Text (I - Run) = Text (I) loop,killed
misc/SPARK2/Ada-SPARK-Count-And-Say-Stub,count_and_say_stub.adb,28,= -> /=,while I + Run <= Last and then Text (I + Run) = Text (I) loop,while I + Run <= Last and then Text (I + Run) /= Text (I) loop,killed
misc/SPARK2/Ada-SPARK-Count-And-Say-Stub,count_and_say_stub.adb,28,and then -> or else,while I + Run <= Last and then Text (I + Run) = Text (I) loop,while I + Run <= Last or else Text (I + Run) = Text (I) loop,killed
misc/SPARK2/Ada-SPARK-Count-And-Say-Stub,count_and_say_stub.adb,30,+ -> -,Run := Run + 1;,Run := Run - 1;,killed
misc/SPARK2/Ada-SPARK-Count-And-Say-Stub,count_and_say_stub.adb,30,+ 1 -> + 0,Run := Run + 1;,Run := Run + 0;,timeout
misc/SPARK2/Ada-SPARK-Count-And-Say-Stub,count_and_say_stub.adb,34,> -> >=,if Run > 9 or else New_Last + 2 > Max_Text then,if Run >= 9 or else New_Last + 2 > Max_Text then,survived
misc/SPARK2/Ada-SPARK-Count-And-Say-Stub,count_and_say_stub.adb,34,> -> >=,if Run > 9 or else New_Last + 2 > Max_Text then,if Run > 9 or else New_Last + 2 >= Max_Text then,survived
misc/SPARK2/Ada-SPARK-Count-And-Say-Stub,count_and_say_stub.adb,34,+ -> -,if Run > 9 or else New_Last + 2 > Max_Text then,if Run > 9 or else New_Last - 2 > Max_Text then,killed
misc/SPARK2/Ada-SPARK-Count-And-Say-Stub,count_and_say_stub.adb,34,or else -> and then,if Run > 9 or else New_Last + 2 > Max_Text then,if Run > 9 and then New_Last + 2 > Max_Text then,killed
misc/SPARK2/Ada-SPARK-Count-And-Say-Stub,count_and_say_stub.adb,39,+ 1 -> + 0,Next (New_Last + 1) := Character'Val (Character'Pos ('0') + Run);,Next (New_Last + 0) := Character'Val (Character'Pos ('0') + Run);,killed
misc/SPARK2/Ada-SPARK-Count-And-Say-Stub,count_and_say_stub.adb,39,+ -> -,Next (New_Last + 1) := Character'Val (Character'Pos ('0') + Run);,Next (New_Last - 1) := Character'Val (Character'Pos ('0') + Run);,killed
misc/SPARK2/Ada-SPARK-Count-And-Say-Stub,count_and_say_stub.adb,39,+ -> -,Next (New_Last + 1) := Character'Val (Character'Pos ('0') + Run);,Next (New_Last + 1) := Character'Val (Character'Pos ('0') - Run);,killed
misc/SPARK2/Ada-SPARK-Count-And-Say-Stub,count_and_say_stub.adb,40,+ -> -,Next (New_Last + 2) := Text (I);,Next (New_Last - 2) := Text (I);,killed
misc/SPARK2/Ada-SPARK-Count-And-Say-Stub,count_and_say_stub.adb,41,+ -> -,New_Last := New_Last + 2;,New_Last := New_Last - 2;,killed
misc/SPARK2/Ada-SPARK-Count-And-Say-Stub,count_and_say_stub.adb,42,+ -> -,I := I + Run;,I := I - Run;,killed
misc/SPARK2/Ada-SPARK-Count-Odd-Numbers-In-An-Interval,count_odd_numbers.adb,5,+ -> -,Length : constant Natural := High - Low + 1;,Length : constant Natural := High - Low - 1;,killed
misc/SPARK2/Ada-SPARK-Count-Odd-Numbers-In-An-Interval,count_odd_numbers.adb,5,- -> +,Length : constant Natural := High - Low + 1;,Length : constant Natural := High + Low + 1;,killed
misc/SPARK2/Ada-SPARK-Count-Odd-Numbers-In-An-Interval,count_odd_numbers.adb,5,+ 1 -> + 0,Length : constant Natural := High - Low + 1;,Length : constant Natural := High - Low + 0;,killed
misc/SPARK2/Ada-SPARK-Count-Odd-Numbers-In-An-Interval,count_odd_numbers.adb,8,= -> /=,if Length mod 2 = 1 and then Low mod 2 = 1 then,if Length mod 2 = 1 and then Low mod 2 /= 1 then,killed
misc/SPARK2/Ada-SPARK-Count-Odd-Numbers-In-An-Interval,count_odd_numbers.adb,8,= -> /=,if Length mod 2 = 1 and then Low mod 2 = 1 then,if Length mod 2 /= 1 and then Low mod 2 = 1 then,killed
misc/SPARK2/Ada-SPARK-Count-Odd-Numbers-In-An-Interval,count_odd_numbers.adb,8,and then -> or else,if Length mod 2 = 1 and then Low mod 2 = 1 then,if Length mod 2 = 1 or else Low mod 2 = 1 then,killed
misc/SPARK2/Ada-SPARK-Count-Odd-Numbers-In-An-Interval,count_odd_numbers.adb,9,+ 1 -> + 0,Result := Result + 1;,Result := Result + 0;,killed
misc/SPARK2/Ada-SPARK-Count-Odd-Numbers-In-An-Interval,count_odd_numbers.adb,9,+ -> -,Result := Result + 1;,Result := Result - 1;,killed
misc/SPARK2/Ada-SPARK-Count-Of-Smaller-Numbers-After-Self-Lite,count_smaller_after_self.adb,10,+ -> -,for J in I + 1 .. Length loop,for J in I - 1 .. Length loop,killed
misc/SPARK2/Ada-SPARK-Count-Of-Smaller-Numbers-After-Self-Lite,count_smaller_after_self.adb,10,+ 1 -> + 0,for J in I + 1 .. Length loop,for J in I + 0 .. Length loop,survived
misc/SPARK2/Ada-SPARK-Count-Of-Smaller-Numbers-After-Self-Lite,count_smaller_after_self.adb,12,< -> <=,if Input (J) < Input (I) then,if Input (J) <= Input (I) then,killed
misc/SPARK2/Ada-SPARK-Count-Of-Smaller-Numbers-After-Self-Lite,count_smaller_after_self.adb,13,+ -> -,Smaller := Smaller + 1;,Smaller := Smaller - 1;,killed
misc/SPARK2/Ada-SPARK-Count-Of-Smaller-Numbers-After-Self-Lite,count_smaller_after_self.adb,13,+ 1 -> + 0,Smaller := Smaller + 1;,Smaller := Smaller + 0;,killed
misc/SPARK2/Ada-SPARK-Counting-Bits,counting_bits.adb,10,= -> /=,if Work mod 2 = 1 then,if Work mod 2 /= 1 then,killed
misc/SPARK2/Ada-SPARK-Counting-Bits,counting_bits.adb,11,+ -> -,Result := Result + 1;,Result := Result - 1;,killed
misc/SPARK2/Ada-SPARK-Counting-Bits,counting_bits.adb,11,+ 1 -> + 0,Result := Result + 1;,Result := Result + 0;,killed
misc/SPARK2/Ada-SPARK-Covariance,covariance.adb,4,+ -> -,Sum_A : constant Integer := A (1) + A (2) + A (3);,Sum_A : constant Integer := A (1) - A (2) + A (3);,killed
misc/SPARK2/Ada-SPARK-Covariance,covariance.adb,4,+ -> -,Sum_A : constant Integer := A (1) + A (2) + A (3);,Sum_A : constant Integer := A (1) + A (2) - A (3);,killed
misc/SPARK2/Ada-SPARK-Covariance,covariance.adb,5,+ -> -,Sum_B : constant Integer := B (1) + B (2) + B (3);,Sum_B : constant Integer := B (1) + B (2) - B (3);,killed
misc/SPARK2/Ada-SPARK-Covariance,covariance.adb,5,+ -> -,Sum_B : constant Integer := B (1) + B (2) + B (3);,Sum_B : constant Integer := B (1) - B (2) + B (3);,killed
misc/SPARK2/Ada-SPARK-Covariance,covariance.adb,6,+ -> -,Sum_AB : constant Integer := A (1) * B (1) + A (2) * B (2) + A (3) * B (3);,Sum_AB : constant Integer := A (1) * B (1) - A (2) * B (2) + A (3) * B (3);,killed
misc/SPARK2/Ada-SPARK-Covariance,covariance.adb,6,* -> +,Sum_AB : constant Integer := A (1) * B (1) + A (2) * B (2) + A (3) * B (3);,Sum_AB : constant Integer := A (1) * B (1) + A (2) + B (2) + A (3) * B (3);,killed
misc/SPARK2/Ada-SPARK-Covariance,covariance.adb,6,* -> +,Sum_AB : constant Integer := A (1) * B (1) + A (2) * B (2) + A (3) * B (3);,Sum_AB : constant Integer := A (1) + B (1) + A (2) * B (2) + A (3) * B (3);,killed
misc/SPARK2/Ada-SPARK-Covariance,covariance.adb,6,* -> +,Sum_AB : constant Integer := A (1) * B (1) + A (2) * B (2) + A (3) * B (3);,Sum_AB : constant Integer := A (1) * B (1) + A (2) * B (2) + A (3) + B (3);,killed
misc/SPARK2/Ada-SPARK-Covariance,covariance.adb,6,+ -> -,Sum_AB : constant Integer := A (1) * B (1) + A (2) * B (2) + A (3) * B (3);,Sum_AB : constant Integer := A (1) * B (1) + A (2) * B (2) - A (3) * B (3);,killed
misc/SPARK2/Ada-SPARK-Covariance,covariance.adb,10,- -> +,return (3 * Sum_AB - Sum_A * Sum_B) / 9;,return (3 * Sum_AB + Sum_A * Sum_B) / 9;,killed
misc/SPARK2/Ada-SPARK-Covariance,covariance.adb,10,* -> +,return (3 * Sum_AB - Sum_A * Sum_B) / 9;,return (3 + Sum_AB - Sum_A * Sum_B) / 9;,killed
misc/SPARK2/Ada-SPARK-Covariance,covariance.adb,10,* -> +,return (3 * Sum_AB - Sum_A * Sum_B) / 9;,return (3 * Sum_AB - Sum_A + Sum_B) / 9;,killed
misc/SPARK2/Ada-SPARK-Decode-Ways,decode_ways.adb,5,/= -> =,Previous : Result := (if Data (1) /= 0 then 1 else 0);   --  decodings of Data (1 .. I - 1),Previous : Result := (if Data (1) = 0 then 1 else 0);   --  decodings of Data (1 .. I - 1),killed
misc/SPARK2/Ada-SPARK-Decode-Ways,decode_ways.adb,11,/= -> =,Current := (if Data (I) /= 0 then Previous else 0),Current := (if Data (I) = 0 then Previous else 0),killed
misc/SPARK2/Ada-SPARK-Decode-Ways,decode_ways.adb,12,+ -> -,"+ (if Pair_Valid (Data (I - 1), Data (I)) then Before else 0);","- (if Pair_Valid (Data (I - 1), Data (I)) then Before else 0);",killed
misc/SPARK2/Ada-SPARK-Decode-Ways,decode_ways.adb,12,- -> +,"+ (if Pair_Valid (Data (I - 1), Data (I)) then Before else 0);","+ (if Pair_Valid (Data (I + 1), Data (I)) then Before else 0);",killed
misc/SPARK2/Ada-SPARK-Decode-Ways,decode_ways.adb,12,- 1 -> - 0,"+ (if Pair_Valid (Data (I - 1), Data (I)) then Before else 0);","+ (if Pair_Valid (Data (I - 0), Data (I)) then Before else 0);",killed
misc/SPARK2/Ada-SPARK-Delete-Node-In-A-Linked-List,delete_node_in_a_linked_list.adb,12,< -> <=,if L.Size < Count'Last then,if L.Size <= Count'Last then,survived
misc/SPARK2/Ada-SPARK-Delete-Node-In-A-Linked-List,delete_node_in_a_linked_list.adb,13,+ -> -,L.Size := L.Size + 1;,L.Size := L.Size - 1;,killed
misc/SPARK2/Ada-SPARK-Delete-Node-In-A-Linked-List,delete_node_in_a_linked_list.adb,13,+ 1 -> + 0,L.Size := L.Size + 1;,L.Size := L.Size + 0;,killed
misc/SPARK2/Ada-SPARK-Delete-Node-In-A-Linked-List,delete_node_in_a_linked_list.adb,30,<= -> <,if P <= L.Size then,if P < L.Size then,survived
misc/SPARK2/Ada-SPARK-Delete-Node-In-A-Linked-List,delete_node_in_a_linked_list.adb,32,>= -> >,exit when I >= L.Size;,exit when I > L.Size;,survived
misc/SPARK2/Ada-SPARK-Delete-Node-In-A-Linked-List,delete_node_in_a_linked_list.adb,33,>= -> >,if I >= P then,if I > P then,killed
misc/SPARK2/Ada-SPARK-Delete-Node-In-A-Linked-List,delete_node_in_a_linked_list.adb,34,+ 1 -> + 0,L.Data (I) := L.Data (I + 1);,L.Data (I) := L.Data (I + 0);,killed
misc/SPARK2/Ada-SPARK-Delete-Node-In-A-Linked-List,delete_node_in_a_linked_list.adb,34,+ -> -,L.Data (I) := L.Data (I + 1);,L.Data (I) := L.Data (I - 1);,killed
misc/SPARK2/Ada-SPARK-Delete-Node-In-A-Linked-List,delete_node_in_a_linked_list.adb,37,- -> +,L.Size := L.Size - 1;,L.Size := L.Size + 1;,killed
misc/SPARK2/Ada-SPARK-Delete-Node-In-A-Linked-List,delete_node_in_a_linked_list.adb,37,- 1 -> - 0,L.Size := L.Size - 1;,L.Size := L.Size - 0;,killed
misc/SPARK2/Ada-SPARK-Delete-The-Middle-Node,delete_the_middle_node.adb,12,< -> <=,if L.Size < Count'Last then,if L.Size <= Count'Last then,survived
misc/SPARK2/Ada-SPARK-Delete-The-Middle-Node,delete_the_middle_node.adb,13,+ -> -,L.Size := L.Size + 1;,L.Size := L.Size - 1;,killed
misc/SPARK2/Ada-SPARK-Delete-The-Middle-Node,delete_the_middle_node.adb,13,+ 1 -> + 0,L.Size := L.Size + 1;,L.Size := L.Size + 0;,killed
misc/SPARK2/Ada-SPARK-Delete-The-Middle-Node,delete_the_middle_node.adb,51,< -> <=,if I >= Middle and then I < L.Size and then I < Position'Last then,if I >= Middle and then I < L.Size and then I <= Position'Last then,survived
misc/SPARK2/Ada-SPARK-Delete-The-Middle-Node,delete_the_middle_node.adb,51,and then -> or else,if I >= Middle and then I < L.Size and then I < Position'Last then,if I >= Middle and then I < L.Size or else I < Position'Last then,stillborn
misc/SPARK2/Ada-SPARK-Delete-The-Middle-Node,delete_the_middle_node.adb,51,and then -> or else,if I >= Middle and then I < L.Size and then I < Position'Last then,if I >= Middle or else I < L.Size and then I < Position'Last then,stillborn
misc/SPARK2/Ada-SPARK-Delete-The-Middle-Node,delete_the_middle_node.adb,51,< -> <=,if I >= Middle and then I < L.Size and then I < Position'Last then,if I >= Middle and then I <= L.Size and then I < Position'Last then,survived
misc/SPARK2/Ada-SPARK-Delete-The-Middle-Node,delete_the_middle_node.adb,51,>= -> >,if I >= Middle and then I < L.Size and then I < Position'Last then,if I > Middle and then I < L.Size and then I < Position'Last then,killed
misc/SPARK2/Ada-SPARK-Delete-The-Middle-Node,delete_the_middle_node.adb,52,+ -> -,L.Data (I) := L.Data (I + 1);,L.Data (I) := L.Data (I - 1);,killed
misc/SPARK2/Ada-SPARK-Delete-The-Middle-Node,delete_the_middle_node.adb,52,+ 1 -> + 0,L.Data (I) := L.Data (I + 1);,L.Data (I) := L.Data (I + 0);,killed
misc/SPARK2/Ada-SPARK-Delta-Encoding,delta_encoding.adb,5,- -> +,return Integer (Input (Input'Last)) - Integer (Input (1));,return Integer (Input (Input'Last)) + Integer (Input (1));,killed
misc/SPARK2/Ada-SPARK-Design-Bitset,design_bitset.adb,8,and then -> or else,begin for I in Bit_Index loop if S.Data (I) and then Result < Capacity then Result := Result + 1; en,begin for I in Bit_Index loop if S.Data (I) or else Result < Capacity then Result := Result + 1; end,killed
misc/SPARK2/Ada-SPARK-Design-Bitset,design_bitset.adb,8,+ -> -,begin for I in Bit_Index loop if S.Data (I) and then Result < Capacity then Result := Result + 1; en,begin for I in Bit_Index loop if S.Data (I) and then Result < Capacity then Result := Result - 1; en,killed
misc/SPARK2/Ada-SPARK-Design-Bitset,design_bitset.adb,8,< -> <=,begin for I in Bit_Index loop if S.Data (I) and then Result < Capacity then Result := Result + 1; en,begin for I in Bit_Index loop if S.Data (I) and then Result <= Capacity then Result := Result + 1; e,survived
misc/SPARK2/Ada-SPARK-Design-Bitset,design_bitset.adb,8,+ 1 -> + 0,begin for I in Bit_Index loop if S.Data (I) and then Result < Capacity then Result := Result + 1; en,begin for I in Bit_Index loop if S.Data (I) and then Result < Capacity then Result := Result + 0; en,killed
misc/SPARK2/Ada-SPARK-Design-Number-Container-System,design_number_container_system.adb,4,+ -> -,procedure Add (C : in out Container; Value : Integer) is begin C.Count := C.Count + 1; C.Data (C.Cou,procedure Add (C : in out Container; Value : Integer) is begin C.Count := C.Count - 1; C.Data (C.Cou,killed
misc/SPARK2/Ada-SPARK-Design-Number-Container-System,design_number_container_system.adb,4,+ 1 -> + 0,procedure Add (C : in out Container; Value : Integer) is begin C.Count := C.Count + 1; C.Data (C.Cou,procedure Add (C : in out Container; Value : Integer) is begin C.Count := C.Count + 0; C.Data (C.Cou,killed
misc/SPARK2/Ada-SPARK-Design-Number-Container-System,design_number_container_system.adb,5,- -> +,procedure Remove_Last (C : in out Container; Value : out Integer) is begin Value := C.Data (C.Count),procedure Remove_Last (C : in out Container; Value : out Integer) is begin Value := C.Data (C.Count),killed
misc/SPARK2/Ada-SPARK-Design-Number-Container-System,design_number_container_system.adb,5,- 1 -> - 0,procedure Remove_Last (C : in out Container; Value : out Integer) is begin Value := C.Data (C.Count),procedure Remove_Last (C : in out Container; Value : out Integer) is begin Value := C.Data (C.Count),killed
misc/SPARK2/Ada-SPARK-Design-Number-Container-System,design_number_container_system.adb,7,= -> /=,begin for I in 1 .. C.Count loop if C.Data (I) = Value then return True; end if; end loop; return Fa,begin for I in 1 .. C.Count loop if C.Data (I) /= Value then return True; end if; end loop; return F,killed
misc/SPARK2/Ada-SPARK-Design-Underground-System-Lite,design_underground_system_lite.adb,17,<= -> <,if I <= Length,if I < Length,killed
misc/SPARK2/Ada-SPARK-Design-Underground-System-Lite,design_underground_system_lite.adb,18,= -> /=,and then Trips (I).From_Station = From,and then Trips (I).From_Station /= From,killed
misc/SPARK2/Ada-SPARK-Design-Underground-System-Lite,design_underground_system_lite.adb,18,and then -> or else,and then Trips (I).From_Station = From,or else Trips (I).From_Station = From,stillborn
misc/SPARK2/Ada-SPARK-Design-Underground-System-Lite,design_underground_system_lite.adb,19,and then -> or else,and then Trips (I).To_Station = To,or else Trips (I).To_Station = To,stillborn
misc/SPARK2/Ada-SPARK-Design-Underground-System-Lite,design_underground_system_lite.adb,19,= -> /=,and then Trips (I).To_Station = To,and then Trips (I).To_Station /= To,killed
misc/SPARK2/Ada-SPARK-Design-Underground-System-Lite,design_underground_system_lite.adb,21,+ -> -,Total := Total + Trips (I).Duration;,Total := Total - Trips (I).Duration;,killed
misc/SPARK2/Ada-SPARK-Design-Underground-System-Lite,design_underground_system_lite.adb,22,+ 1 -> + 0,Matches := Matches + 1;,Matches := Matches + 0;,killed
misc/SPARK2/Ada-SPARK-Design-Underground-System-Lite,design_underground_system_lite.adb,22,+ -> -,Matches := Matches + 1;,Matches := Matches - 1;,killed
misc/SPARK2/Ada-SPARK-Design-Underground-System-Lite,design_underground_system_lite.adb,25,= -> /=,if Matches = 0 then,if Matches /= 0 then,killed
misc/SPARK2/Ada-SPARK-Dutch-National-Flag,dutch_national_flag.adb,16,+ 1 -> + 0,for J in Index range I + 1 .. 5 loop,for J in Index range I + 0 .. 5 loop,survived
misc/SPARK2/Ada-SPARK-Dutch-National-Flag,dutch_national_flag.adb,16,+ -> -,for J in Index range I + 1 .. 5 loop,for J in Index range I - 1 .. 5 loop,killed
misc/SPARK2/Ada-SPARK-Dutch-National-Flag,dutch_national_flag.adb,17,< -> <=,if Result (J) < Result (I) then,if Result (J) <= Result (I) then,survived
misc/SPARK2/Ada-SPARK-Elevator-Algorithm,elevator_algorithm.adb,6,< -> <=,if Current < Target then,if Current <= Target then,killed
misc/SPARK2/Ada-SPARK-Elevator-Algorithm,elevator_algorithm.adb,7,+ 1 -> + 0,return Current + 1;,return Current + 0;,killed
misc/SPARK2/Ada-SPARK-Elevator-Algorithm,elevator_algorithm.adb,7,+ -> -,return Current + 1;,return Current - 1;,killed
misc/SPARK2/Ada-SPARK-Elevator-Algorithm,elevator_algorithm.adb,8,> -> >=,elsif Current > Target then,elsif Current >= Target then,killed
misc/SPARK2/Ada-SPARK-Elevator-Algorithm,elevator_algorithm.adb,9,- -> +,return Current - 1;,return Current + 1;,killed
misc/SPARK2/Ada-SPARK-Elevator-Algorithm,elevator_algorithm.adb,9,- 1 -> - 0,return Current - 1;,return Current - 0;,killed
misc/SPARK2/Ada-SPARK-Fibonacci-DP,fibonacci_dp.adb,6,- -> +,if Left > Result'Last - Right then,if Left > Result'Last + Right then,survived
misc/SPARK2/Ada-SPARK-Fibonacci-DP,fibonacci_dp.adb,6,> -> >=,if Left > Result'Last - Right then,if Left >= Result'Last - Right then,survived
misc/SPARK2/Ada-SPARK-Fibonacci-DP,fibonacci_dp.adb,9,+ -> -,return Left + Right;,return Left - Right;,killed
misc/SPARK2/Ada-SPARK-Fibonacci-DP,fibonacci_dp.adb,17,= -> /=,if N = 0 then,if N /= 0 then,killed
misc/SPARK2/Ada-SPARK-Fibonacci-DP,fibonacci_dp.adb,19,= -> /=,elsif N = 1 then,elsif N /= 1 then,killed
misc/SPARK2/Ada-SPARK-Find-Median-From-Data-Stream,find_median_from_data_stream.adb,10,and then -> or else,if I <= Count and then J <= Count and then J > I,if I <= Count and then J <= Count or else J > I,stillborn
misc/SPARK2/Ada-SPARK-Find-Median-From-Data-Stream,find_median_from_data_stream.adb,10,<= -> <,if I <= Count and then J <= Count and then J > I,if I < Count and then J <= Count and then J > I,survived
misc/SPARK2/Ada-SPARK-Find-Median-From-Data-Stream,find_median_from_data_stream.adb,10,and then -> or else,if I <= Count and then J <= Count and then J > I,if I <= Count or else J <= Count and then J > I,stillborn
misc/SPARK2/Ada-SPARK-Find-Median-From-Data-Stream,find_median_from_data_stream.adb,10,> -> >=,if I <= Count and then J <= Count and then J > I,if I <= Count and then J <= Count and then J >= I,survived
misc/SPARK2/Ada-SPARK-Find-Median-From-Data-Stream,find_median_from_data_stream.adb,10,<= -> <,if I <= Count and then J <= Count and then J > I,if I <= Count and then J < Count and then J > I,killed
misc/SPARK2/Ada-SPARK-Find-Median-From-Data-Stream,find_median_from_data_stream.adb,11,< -> <=,and then Work (J) < Work (I),and then Work (J) <= Work (I),survived
misc/SPARK2/Ada-SPARK-Find-Median-From-Data-Stream,find_median_from_data_stream.adb,11,and then -> or else,and then Work (J) < Work (I),or else Work (J) < Work (I),stillborn
misc/SPARK2/Ada-SPARK-Find-Median-From-Data-Stream,find_median_from_data_stream.adb,19,= -> /=,if Count mod 2 = 1 then,if Count mod 2 /= 1 then,killed
misc/SPARK2/Ada-SPARK-Find-Median-From-Data-Stream,find_median_from_data_stream.adb,20,+ -> -,return Work ((Count + 1) / 2);,return Work ((Count - 1) / 2);,killed
misc/SPARK2/Ada-SPARK-Find-Median-From-Data-Stream,find_median_from_data_stream.adb,20,+ 1 -> + 0,return Work ((Count + 1) / 2);,return Work ((Count + 0) / 2);,killed
misc/SPARK2/Ada-SPARK-Find-Median-From-Data-Stream,find_median_from_data_stream.adb,22,+ 1 -> + 0,return (Work (Count / 2) + Work (Count / 2 + 1)) / 2;,return (Work (Count / 2) + Work (Count / 2 + 0)) / 2;,killed
misc/SPARK2/Ada-SPARK-Find-Median-From-Data-Stream,find_median_from_data_stream.adb,22,+ -> -,return (Work (Count / 2) + Work (Count / 2 + 1)) / 2;,return (Work (Count / 2) + Work (Count / 2 - 1)) / 2;,killed
misc/SPARK2/Ada-SPARK-Find-Median-From-Data-Stream,find_median_from_data_stream.adb,22,+ -> -,return (Work (Count / 2) + Work (Count / 2 + 1)) / 2;,return (Work (Count / 2) - Work (Count / 2 + 1)) / 2;,killed
misc/SPARK2/Ada-SPARK-Find-The-Smallest-Divisor,find_the_smallest_divisor.adb,7,- -> +,for Candidate in Divisor'First .. Divisor'Last - 1 loop,for Candidate in Divisor'First .. Divisor'Last + 1 loop,survived
misc/SPARK2/Ada-SPARK-Find-The-Smallest-Divisor,find_the_smallest_divisor.adb,7,- 1 -> - 0,for Candidate in Divisor'First .. Divisor'Last - 1 loop,for Candidate in Divisor'First .. Divisor'Last - 0 loop,survived
misc/SPARK2/Ada-SPARK-Find-The-Smallest-Divisor,find_the_smallest_divisor.adb,22,+ -> -,"Total := Total + Quotient (Values (I), Candidate);","Total := Total - Quotient (Values (I), Candidate);",killed
misc/SPARK2/Ada-SPARK-Find-The-Smallest-Divisor,find_the_smallest_divisor.adb,25,<= -> <,if Total <= Integer (Limit) then,if Total < Integer (Limit) then,killed
misc/SPARK2/Ada-SPARK-Greatest-Common-Divisor,greatest_common_divisor.adb,8,/= -> =,while Y /= 0 loop,while Y = 0 loop,killed
misc/SPARK2/Ada-SPARK-Group-Anagrams,group_anagrams.adb,11,= -> /=,if Left (J) = Left (I) then,if Left (J) /= Left (I) then,killed
misc/SPARK2/Ada-SPARK-Group-Anagrams,group_anagrams.adb,12,+ 1 -> + 0,Left_Count := Left_Count + 1;,Left_Count := Left_Count + 0;,killed
misc/SPARK2/Ada-SPARK-Group-Anagrams,group_anagrams.adb,12,+ -> -,Left_Count := Left_Count + 1;,Left_Count := Left_Count - 1;,killed
misc/SPARK2/Ada-SPARK-Group-Anagrams,group_anagrams.adb,14,= -> /=,if Right (J) = Left (I) then,if Right (J) /= Left (I) then,killed
misc/SPARK2/Ada-SPARK-Group-Anagrams,group_anagrams.adb,15,+ 1 -> + 0,Right_Count := Right_Count + 1;,Right_Count := Right_Count + 0;,killed
misc/SPARK2/Ada-SPARK-Group-Anagrams,group_anagrams.adb,15,+ -> -,Right_Count := Right_Count + 1;,Right_Count := Right_Count - 1;,killed
misc/SPARK2/Ada-SPARK-Group-Anagrams,group_anagrams.adb,18,/= -> =,if Left_Count /= Right_Count then,if Left_Count = Right_Count then,killed
misc/SPARK2/Ada-SPARK-Hamming-Weight,hamming_weight.adb,10,= -> /=,if Work mod 2 = 1 then,if Work mod 2 /= 1 then,killed
misc/SPARK2/Ada-SPARK-Hamming-Weight,hamming_weight.adb,11,+ -> -,Result := Result + 1;,Result := Result - 1;,killed
misc/SPARK2/Ada-SPARK-Hamming-Weight,hamming_weight.adb,11,+ 1 -> + 0,Result := Result + 1;,Result := Result + 0;,killed
misc/SPARK2/Ada-SPARK-House-Robber,house_robber.adb,6,+ -> -,"R3 : constant Natural := Natural'Max (R2, A (3) + R1);","R3 : constant Natural := Natural'Max (R2, A (3) - R1);",killed
misc/SPARK2/Ada-SPARK-House-Robber,house_robber.adb,7,+ -> -,"R4 : constant Natural := Natural'Max (R3, A (4) + R2);","R4 : constant Natural := Natural'Max (R3, A (4) - R2);",killed
misc/SPARK2/Ada-SPARK-House-Robber,house_robber.adb,8,+ -> -,"R5 : constant Natural := Natural'Max (R4, A (5) + R3);","R5 : constant Natural := Natural'Max (R4, A (5) - R3);",killed
misc/SPARK2/Ada-SPARK-House-Robber,house_robber.adb,9,+ -> -,"R6 : constant Natural := Natural'Max (R5, A (6) + R4);","R6 : constant Natural := Natural'Max (R5, A (6) - R4);",killed
misc/SPARK2/Ada-SPARK-House-Robber-II,house_robber_ii.adb,7,+ -> -,"E3 : constant Natural := Natural'Max (E2, A (4) + E1);","E3 : constant Natural := Natural'Max (E2, A (4) - E1);",killed
misc/SPARK2/Ada-SPARK-House-Robber-II,house_robber_ii.adb,8,+ -> -,"E4 : constant Natural := Natural'Max (E3, A (5) + E2);","E4 : constant Natural := Natural'Max (E3, A (5) - E2);",survived
misc/SPARK2/Ada-SPARK-House-Robber-II,house_robber_ii.adb,9,+ -> -,"E5 : constant Natural := Natural'Max (E4, A (6) + E3);","E5 : constant Natural := Natural'Max (E4, A (6) - E3);",killed
misc/SPARK2/Ada-SPARK-House-Robber-II,house_robber_ii.adb,12,+ -> -,"F3 : constant Natural := Natural'Max (F2, A (3) + F1);","F3 : constant Natural := Natural'Max (F2, A (3) - F1);",killed
misc/SPARK2/Ada-SPARK-House-Robber-II,house_robber_ii.adb,13,+ -> -,"F4 : constant Natural := Natural'Max (F3, A (4) + F2);","F4 : constant Natural := Natural'Max (F3, A (4) - F2);",killed
misc/SPARK2/Ada-SPARK-House-Robber-II,house_robber_ii.adb,14,+ -> -,"F5 : constant Natural := Natural'Max (F4, A (5) + F3);","F5 : constant Natural := Natural'Max (F4, A (5) - F3);",killed
misc/SPARK2/Ada-SPARK-Image-Smoother,image_smoother.adb,7,+ -> -,"Output (1, 2) := Pixel ((Input (1, 1) + Input (1, 2) + Input (1, 3) + Input (2, 1) + Input (2, 2) + ","Output (1, 2) := Pixel ((Input (1, 1) + Input (1, 2) + Input (1, 3) - Input (2, 1) + Input (2, 2) + ",killed
misc/SPARK2/Ada-SPARK-Image-Smoother,image_smoother.adb,7,+ -> -,"Output (1, 2) := Pixel ((Input (1, 1) + Input (1, 2) + Input (1, 3) + Input (2, 1) + Input (2, 2) + ","Output (1, 2) := Pixel ((Input (1, 1) - Input (1, 2) + Input (1, 3) + Input (2, 1) + Input (2, 2) + ",killed
misc/SPARK2/Ada-SPARK-Image-Smoother,image_smoother.adb,8,+ -> -,"Output (1, 3) := Pixel ((Input (1, 2) + Input (1, 3) + Input (1, 4) + Input (2, 2) + Input (2, 3) + ","Output (1, 3) := Pixel ((Input (1, 2) + Input (1, 3) + Input (1, 4) + Input (2, 2) - Input (2, 3) + ",killed
misc/SPARK2/Ada-SPARK-Image-Smoother,image_smoother.adb,9,+ -> -,"Output (1, 4) := Pixel ((Input (1, 3) + Input (1, 4) + Input (2, 3) + Input (2, 4)) / 4);","Output (1, 4) := Pixel ((Input (1, 3) + Input (1, 4) + Input (2, 3) - Input (2, 4)) / 4);",killed
misc/SPARK2/Ada-SPARK-Image-Smoother,image_smoother.adb,10,+ -> -,"Output (2, 1) := Pixel ((Input (1, 1) + Input (1, 2) + Input (2, 1) + Input (2, 2) + Input (3, 1) + ","Output (2, 1) := Pixel ((Input (1, 1) + Input (1, 2) + Input (2, 1) + Input (2, 2) - Input (3, 1) + ",killed
misc/SPARK2/Ada-SPARK-Image-Smoother,image_smoother.adb,11,+ -> -,"Output (2, 2) := Pixel ((Input (1, 1) + Input (1, 2) + Input (1, 3) + Input (2, 1) + Input (2, 2) + ","Output (2, 2) := Pixel ((Input (1, 1) + Input (1, 2) + Input (1, 3) + Input (2, 1) + Input (2, 2) + ",killed
misc/SPARK2/Ada-SPARK-Image-Smoother,image_smoother.adb,11,+ -> -,"Output (2, 2) := Pixel ((Input (1, 1) + Input (1, 2) + Input (1, 3) + Input (2, 1) + Input (2, 2) + ","Output (2, 2) := Pixel ((Input (1, 1) + Input (1, 2) + Input (1, 3) + Input (2, 1) + Input (2, 2) + ",killed
misc/SPARK2/Ada-SPARK-Image-Smoother,image_smoother.adb,12,+ -> -,"Output (2, 3) := Pixel ((Input (1, 2) + Input (1, 3) + Input (1, 4) + Input (2, 2) + Input (2, 3) + ","Output (2, 3) := Pixel ((Input (1, 2) + Input (1, 3) - Input (1, 4) + Input (2, 2) + Input (2, 3) + ",killed
misc/SPARK2/Ada-SPARK-Image-Smoother,image_smoother.adb,12,+ -> -,"Output (2, 3) := Pixel ((Input (1, 2) + Input (1, 3) + Input (1, 4) + Input (2, 2) + Input (2, 3) + ","Output (2, 3) := Pixel ((Input (1, 2) + Input (1, 3) + Input (1, 4) + Input (2, 2) + Input (2, 3) + ",killed
misc/SPARK2/Ada-SPARK-Image-Smoother,image_smoother.adb,12,+ -> -,"Output (2, 3) := Pixel ((Input (1, 2) + Input (1, 3) + Input (1, 4) + Input (2, 2) + Input (2, 3) + ","Output (2, 3) := Pixel ((Input (1, 2) + Input (1, 3) + Input (1, 4) + Input (2, 2) + Input (2, 3) + ",killed
misc/SPARK2/Ada-SPARK-Image-Smoother,image_smoother.adb,13,+ -> -,"Output (2, 4) := Pixel ((Input (1, 3) + Input (1, 4) + Input (2, 3) + Input (2, 4) + Input (3, 3) + ","Output (2, 4) := Pixel ((Input (1, 3) - Input (1, 4) + Input (2, 3) + Input (2, 4) + Input (3, 3) + ",killed
misc/SPARK2/Ada-SPARK-Image-Smoother,image_smoother.adb,13,+ -> -,"Output (2, 4) := Pixel ((Input (1, 3) + Input (1, 4) + Input (2, 3) + Input (2, 4) + Input (3, 3) + ","Output (2, 4) := Pixel ((Input (1, 3) + Input (1, 4) + Input (2, 3) - Input (2, 4) + Input (3, 3) + ",killed
misc/SPARK2/Ada-SPARK-Image-Smoother,image_smoother.adb,14,+ -> -,"Output (3, 1) := Pixel ((Input (2, 1) + Input (2, 2) + Input (3, 1) + Input (3, 2) + Input (4, 1) + ","Output (3, 1) := Pixel ((Input (2, 1) + Input (2, 2) + Input (3, 1) + Input (3, 2) + Input (4, 1) - ",killed
misc/SPARK2/Ada-SPARK-Image-Smoother,image_smoother.adb,15,+ -> -,"Output (3, 2) := Pixel ((Input (2, 1) + Input (2, 2) + Input (2, 3) + Input (3, 1) + Input (3, 2) + ","Output (3, 2) := Pixel ((Input (2, 1) + Input (2, 2) + Input (2, 3) + Input (3, 1) + Input (3, 2) + ",killed
misc/SPARK2/Ada-SPARK-Image-Smoother,image_smoother.adb,15,+ -> -,"Output (3, 2) := Pixel ((Input (2, 1) + Input (2, 2) + Input (2, 3) + Input (3, 1) + Input (3, 2) + ","Output (3, 2) := Pixel ((Input (2, 1) + Input (2, 2) + Input (2, 3) + Input (3, 1) + Input (3, 2) - ",killed
misc/SPARK2/Ada-SPARK-Image-Smoother,image_smoother.adb,16,+ -> -,"Output (3, 3) := Pixel ((Input (2, 2) + Input (2, 3) + Input (2, 4) + Input (3, 2) + Input (3, 3) + ","Output (3, 3) := Pixel ((Input (2, 2) + Input (2, 3) - Input (2, 4) + Input (3, 2) + Input (3, 3) + ",killed
misc/SPARK2/Ada-SPARK-Image-Smoother,image_smoother.adb,16,+ -> -,"Output (3, 3) := Pixel ((Input (2, 2) + Input (2, 3) + Input (2, 4) + Input (3, 2) + Input (3, 3) + ","Output (3, 3) := Pixel ((Input (2, 2) + Input (2, 3) + Input (2, 4) + Input (3, 2) + Input (3, 3) - ",killed
misc/SPARK2/Ada-SPARK-Image-Smoother,image_smoother.adb,16,+ -> -,"Output (3, 3) := Pixel ((Input (2, 2) + Input (2, 3) + Input (2, 4) + Input (3, 2) + Input (3, 3) + ","Output (3, 3) := Pixel ((Input (2, 2) + Input (2, 3) + Input (2, 4) - Input (3, 2) + Input (3, 3) + ",killed
misc/SPARK2/Ada-SPARK-Image-Smoother,image_smoother.adb,20,+ -> -,"Output (4, 3) := Pixel ((Input (3, 2) + Input (3, 3) + Input (3, 4) + Input (4, 2) + Input (4, 3) + ","Output (4, 3) := Pixel ((Input (3, 2) - Input (3, 3) + Input (3, 4) + Input (4, 2) + Input (4, 3) + ",killed
misc/SPARK2/Ada-SPARK-Image-Smoother,image_smoother.adb,20,+ -> -,"Output (4, 3) := Pixel ((Input (3, 2) + Input (3, 3) + Input (3, 4) + Input (4, 2) + Input (4, 3) + ","Output (4, 3) := Pixel ((Input (3, 2) + Input (3, 3) + Input (3, 4) + Input (4, 2) + Input (4, 3) - ",killed
misc/SPARK2/Ada-SPARK-Intersection-Of-Two-Linked-Lists,intersection_of_two_linked_lists.adb,12,< -> <=,if L.Size < Count'Last then,if L.Size <= Count'Last then,survived
misc/SPARK2/Ada-SPARK-Intersection-Of-Two-Linked-Lists,intersection_of_two_linked_lists.adb,13,+ -> -,L.Size := L.Size + 1;,L.Size := L.Size - 1;,killed
misc/SPARK2/Ada-SPARK-Intersection-Of-Two-Linked-Lists,intersection_of_two_linked_lists.adb,13,+ 1 -> + 0,L.Size := L.Size + 1;,L.Size := L.Size + 0;,killed
misc/SPARK2/Ada-SPARK-Intersection-Of-Two-Linked-Lists,intersection_of_two_linked_lists.adb,26,< -> <=,while Matched < Left.Size and then Matched < Right.Size loop,while Matched < Left.Size and then Matched <= Right.Size loop,survived
misc/SPARK2/Ada-SPARK-Intersection-Of-Two-Linked-Lists,intersection_of_two_linked_lists.adb,26,< -> <=,while Matched < Left.Size and then Matched < Right.Size loop,while Matched <= Left.Size and then Matched < Right.Size loop,survived
misc/SPARK2/Ada-SPARK-Intersection-Of-Two-Linked-Lists,intersection_of_two_linked_lists.adb,26,and then -> or else,while Matched < Left.Size and then Matched < Right.Size loop,while Matched < Left.Size or else Matched < Right.Size loop,survived
misc/SPARK2/Ada-SPARK-Intersection-Of-Two-Linked-Lists,intersection_of_two_linked_lists.adb,28,/= -> =,exit when Left.Data (Left.Size - Matched) /=,exit when Left.Data (Left.Size - Matched) =,killed
misc/SPARK2/Ada-SPARK-Intersection-Of-Two-Linked-Lists,intersection_of_two_linked_lists.adb,28,- -> +,exit when Left.Data (Left.Size - Matched) /=,exit when Left.Data (Left.Size + Matched) /=,killed
misc/SPARK2/Ada-SPARK-Intersection-Of-Two-Linked-Lists,intersection_of_two_linked_lists.adb,29,- -> +,Right.Data (Right.Size - Matched);,Right.Data (Right.Size + Matched);,killed
misc/SPARK2/Ada-SPARK-Intersection-Of-Two-Linked-Lists,intersection_of_two_linked_lists.adb,30,+ -> -,Matched := Matched + 1;,Matched := Matched - 1;,killed
misc/SPARK2/Ada-SPARK-Intersection-Of-Two-Linked-Lists,intersection_of_two_linked_lists.adb,30,+ 1 -> + 0,Matched := Matched + 1;,Matched := Matched + 0;,killed
misc/SPARK2/Ada-SPARK-Jump-Game,jump_game.adb,8,+ -> -,(Long_Long_Integer (J) + Long_Long_Integer (A (J)));,(Long_Long_Integer (J) - Long_Long_Integer (A (J)));,killed
misc/SPARK2/Ada-SPARK-Jump-Game,jump_game.adb,11,> -> >=,if Long_Long_Integer (I) > Reach then,if Long_Long_Integer (I) >= Reach then,killed
misc/SPARK2/Ada-SPARK-Jump-Game,jump_game.adb,19,> -> >=,if Ends (I) > Reach then,if Ends (I) >= Reach then,survived
misc/SPARK2/Ada-SPARK-Knapsack-01,knapsack_01.adb,12,>= -> >,while Remaining >= Weights (Item) loop,while Remaining > Weights (Item) loop,killed
misc/SPARK2/Ada-SPARK-Knapsack-01,knapsack_01.adb,15,- -> +,"(1_000, Best (Capacity_Index (Remaining - Weights (Item)))","(1_000, Best (Capacity_Index (Remaining + Weights (Item)))",killed
misc/SPARK2/Ada-SPARK-Knapsack-01,knapsack_01.adb,16,+ -> -,+ Values (Item));,- Values (Item));,killed
misc/SPARK2/Ada-SPARK-Knapsack-01,knapsack_01.adb,17,> -> >=,if Candidate > Best (Remaining) then,if Candidate >= Best (Remaining) then,survived
misc/SPARK2/Ada-SPARK-Knapsack-01,knapsack_01.adb,20,- -> +,Remaining := Remaining - 1;,Remaining := Remaining + 1;,killed
misc/SPARK2/Ada-SPARK-Knapsack-01,knapsack_01.adb,20,- 1 -> - 0,Remaining := Remaining - 1;,Remaining := Remaining - 0;,killed
misc/SPARK2/Ada-SPARK-LFU-Cache-Lite,lfu_cache_lite.adb,16,= -> /=,if I <= C.Size and then C.Keys (I) = K then,if I <= C.Size and then C.Keys (I) /= K then,killed
misc/SPARK2/Ada-SPARK-LFU-Cache-Lite,lfu_cache_lite.adb,16,and then -> or else,if I <= C.Size and then C.Keys (I) = K then,if I <= C.Size or else C.Keys (I) = K then,killed
misc/SPARK2/Ada-SPARK-LFU-Cache-Lite,lfu_cache_lite.adb,16,<= -> <,if I <= C.Size and then C.Keys (I) = K then,if I < C.Size and then C.Keys (I) = K then,killed
misc/SPARK2/Ada-SPARK-LFU-Cache-Lite,lfu_cache_lite.adb,31,- 1 -> - 0,for I in P .. C.Size - 1 loop,for I in P .. C.Size - 0 loop,killed
misc/SPARK2/Ada-SPARK-LFU-Cache-Lite,lfu_cache_lite.adb,31,- -> +,for I in P .. C.Size - 1 loop,for I in P .. C.Size + 1 loop,killed
misc/SPARK2/Ada-SPARK-LFU-Cache-Lite,lfu_cache_lite.adb,32,+ 1 -> + 0,C.Keys (I) := C.Keys (I + 1);,C.Keys (I) := C.Keys (I + 0);,killed
misc/SPARK2/Ada-SPARK-LFU-Cache-Lite,lfu_cache_lite.adb,33,+ -> -,C.Values (I) := C.Values (I + 1);,C.Values (I) := C.Values (I - 1);,killed
misc/SPARK2/Ada-SPARK-LFU-Cache-Lite,lfu_cache_lite.adb,33,+ 1 -> + 0,C.Values (I) := C.Values (I + 1);,C.Values (I) := C.Values (I + 0);,survived
misc/SPARK2/Ada-SPARK-LFU-Cache-Lite,lfu_cache_lite.adb,34,+ -> -,C.Uses (I) := C.Uses (I + 1);,C.Uses (I) := C.Uses (I - 1);,killed
misc/SPARK2/Ada-SPARK-LFU-Cache-Lite,lfu_cache_lite.adb,34,+ 1 -> + 0,C.Uses (I) := C.Uses (I + 1);,C.Uses (I) := C.Uses (I + 0);,killed
misc/SPARK2/Ada-SPARK-LFU-Cache-Lite,lfu_cache_lite.adb,45,< -> <=,if C.Uses (P) < Frequency'Last then,if C.Uses (P) <= Frequency'Last then,survived
misc/SPARK2/Ada-SPARK-LFU-Cache-Lite,lfu_cache_lite.adb,46,+ -> -,C.Uses (P) := C.Uses (P) + 1;,C.Uses (P) := C.Uses (P) - 1;,killed
misc/SPARK2/Ada-SPARK-LFU-Cache-Lite,lfu_cache_lite.adb,46,+ 1 -> + 0,C.Uses (P) := C.Uses (P) + 1;,C.Uses (P) := C.Uses (P) + 0;,killed
misc/SPARK2/Ada-SPARK-LFU-Cache-Lite,lfu_cache_lite.adb,59,= -> /=,if C.Size = Count'Last then,if C.Size /= Count'Last then,killed
misc/SPARK2/Ada-SPARK-LFU-Cache-Lite,lfu_cache_lite.adb,62,< -> <=,if C.Uses (I) < C.Uses (Low) then,if C.Uses (I) <= C.Uses (Low) then,killed
misc/SPARK2/Ada-SPARK-LFU-Cache-Lite,lfu_cache_lite.adb,67,- -> +,C.Size := C.Size - 1;,C.Size := C.Size + 1;,killed
misc/SPARK2/Ada-SPARK-LFU-Cache-Lite,lfu_cache_lite.adb,67,- 1 -> - 0,C.Size := C.Size - 1;,C.Size := C.Size - 0;,killed
misc/SPARK2/Ada-SPARK-LFU-Cache-Lite,lfu_cache_lite.adb,69,+ -> -,C.Size := C.Size + 1;,C.Size := C.Size - 1;,killed
misc/SPARK2/Ada-SPARK-LFU-Cache-Lite,lfu_cache_lite.adb,69,+ 1 -> + 0,C.Size := C.Size + 1;,C.Size := C.Size + 0;,killed
misc/SPARK2/Ada-SPARK-LFU-Cache-Lite,lfu_cache_lite.adb,88,> -> >=,if I <= C.Size and then C.Uses (I) > C.Uses (Best) then,if I <= C.Size and then C.Uses (I) >= C.Uses (Best) then,killed
misc/SPARK2/Ada-SPARK-LRU-Cache-Lite,lru_cache_lite.adb,15,<= -> <,if I <= C.Size and then C.Keys (I) = K then,if I < C.Size and then C.Keys (I) = K then,killed
misc/SPARK2/Ada-SPARK-LRU-Cache-Lite,lru_cache_lite.adb,15,and then -> or else,if I <= C.Size and then C.Keys (I) = K then,if I <= C.Size or else C.Keys (I) = K then,killed
misc/SPARK2/Ada-SPARK-LRU-Cache-Lite,lru_cache_lite.adb,15,= -> /=,if I <= C.Size and then C.Keys (I) = K then,if I <= C.Size and then C.Keys (I) /= K then,killed
misc/SPARK2/Ada-SPARK-LRU-Cache-Lite,lru_cache_lite.adb,29,- 1 -> - 0,for I in P .. C.Size - 1 loop,for I in P .. C.Size - 0 loop,killed
misc/SPARK2/Ada-SPARK-LRU-Cache-Lite,lru_cache_lite.adb,29,- -> +,for I in P .. C.Size - 1 loop,for I in P .. C.Size + 1 loop,killed
misc/SPARK2/Ada-SPARK-LRU-Cache-Lite,lru_cache_lite.adb,30,+ 1 -> + 0,C.Keys (I) := C.Keys (I + 1);,C.Keys (I) := C.Keys (I + 0);,killed
misc/SPARK2/Ada-SPARK-LRU-Cache-Lite,lru_cache_lite.adb,30,+ -> -,C.Keys (I) := C.Keys (I + 1);,C.Keys (I) := C.Keys (I - 1);,killed
misc/SPARK2/Ada-SPARK-LRU-Cache-Lite,lru_cache_lite.adb,31,+ -> -,C.Values (I) := C.Values (I + 1);,C.Values (I) := C.Values (I - 1);,killed
misc/SPARK2/Ada-SPARK-LRU-Cache-Lite,lru_cache_lite.adb,31,+ 1 -> + 0,C.Values (I) := C.Values (I + 1);,C.Values (I) := C.Values (I + 0);,killed
misc/SPARK2/Ada-SPARK-LRU-Cache-Lite,lru_cache_lite.adb,43,< -> <=,elsif C.Size < Count'Last then,elsif C.Size <= Count'Last then,killed
misc/SPARK2/Ada-SPARK-LRU-Cache-Lite,lru_cache_lite.adb,44,+ -> -,C.Size := C.Size + 1;,C.Size := C.Size - 1;,killed
misc/SPARK2/Ada-SPARK-LRU-Cache-Lite,lru_cache_lite.adb,44,+ 1 -> + 0,C.Size := C.Size + 1;,C.Size := C.Size + 0;,killed
misc/SPARK2/Ada-SPARK-Largest-Rectangle-In-Histogram,largest_rectangle_in_histogram.adb,12,< -> <=,if H (Left) < Current_Min then,if H (Left) <= Current_Min then,survived
misc/SPARK2/Ada-SPARK-Largest-Rectangle-In-Histogram,largest_rectangle_in_histogram.adb,15,< -> <=,if H (Right) < Current_Min then,if H (Right) <= Current_Min then,survived
misc/SPARK2/Ada-SPARK-Largest-Rectangle-In-Histogram,largest_rectangle_in_histogram.adb,18,+ -> -,Candidate := Area (Current_Min) * Area (Right - Left + 1);,Candidate := Area (Current_Min) * Area (Right - Left - 1);,killed
misc/SPARK2/Ada-SPARK-Largest-Rectangle-In-Histogram,largest_rectangle_in_histogram.adb,18,- -> +,Candidate := Area (Current_Min) * Area (Right - Left + 1);,Candidate := Area (Current_Min) * Area (Right + Left + 1);,killed
misc/SPARK2/Ada-SPARK-Largest-Rectangle-In-Histogram,largest_rectangle_in_histogram.adb,18,+ 1 -> + 0,Candidate := Area (Current_Min) * Area (Right - Left + 1);,Candidate := Area (Current_Min) * Area (Right - Left + 0);,killed
misc/SPARK2/Ada-SPARK-Largest-Rectangle-In-Histogram,largest_rectangle_in_histogram.adb,18,* -> +,Candidate := Area (Current_Min) * Area (Right - Left + 1);,Candidate := Area (Current_Min) + Area (Right - Left + 1);,killed
misc/SPARK2/Ada-SPARK-Largest-Rectangle-In-Histogram,largest_rectangle_in_histogram.adb,19,> -> >=,if Candidate > Best then,if Candidate >= Best then,survived
misc/SPARK2/Ada-SPARK-Least-Common-Multiple,least_common_multiple.adb,8,/= -> =,while Y /= 0 loop,while Y = 0 loop,killed
misc/SPARK2/Ada-SPARK-Least-Common-Multiple,least_common_multiple.adb,24,* -> +,return (A / Common) * B;,return (A / Common) + B;,killed
misc/SPARK2/Ada-SPARK-Longest-Increasing-Subsequence,longest_increasing_subsequence.adb,7,= -> /=,if Value = Result'Last then,if Value /= Result'Last then,stillborn
misc/SPARK2/Ada-SPARK-Longest-Increasing-Subsequence,longest_increasing_subsequence.adb,10,+ -> -,return Value + 1;,return Value - 1;,killed
misc/SPARK2/Ada-SPARK-Longest-Increasing-Subsequence,longest_increasing_subsequence.adb,10,+ 1 -> + 0,return Value + 1;,return Value + 0;,killed
misc/SPARK2/Ada-SPARK-Longest-Increasing-Subsequence,longest_increasing_subsequence.adb,20,- 1 -> - 0,for J in Index range Index'First .. I - 1 loop,for J in Index range Index'First .. I - 0 loop,survived
misc/SPARK2/Ada-SPARK-Longest-Increasing-Subsequence,longest_increasing_subsequence.adb,20,- -> +,for J in Index range Index'First .. I - 1 loop,for J in Index range Index'First .. I + 1 loop,killed
misc/SPARK2/Ada-SPARK-Longest-Increasing-Subsequence,longest_increasing_subsequence.adb,22,< -> <=,if Values (J) < Values (I) and then Add_One (Lengths (J)) > Lengths (I) then,if Values (J) <= Values (I) and then Add_One (Lengths (J)) > Lengths (I) then,survived
misc/SPARK2/Ada-SPARK-Longest-Increasing-Subsequence,longest_increasing_subsequence.adb,22,and then -> or else,if Values (J) < Values (I) and then Add_One (Lengths (J)) > Lengths (I) then,if Values (J) < Values (I) or else Add_One (Lengths (J)) > Lengths (I) then,killed
misc/SPARK2/Ada-SPARK-Longest-Increasing-Subsequence,longest_increasing_subsequence.adb,22,> -> >=,if Values (J) < Values (I) and then Add_One (Lengths (J)) > Lengths (I) then,if Values (J) < Values (I) and then Add_One (Lengths (J)) >= Lengths (I) then,survived
misc/SPARK2/Ada-SPARK-Longest-Increasing-Subsequence,longest_increasing_subsequence.adb,26,> -> >=,if Lengths (I) > Best then Best := Lengths (I); end if;,if Lengths (I) >= Best then Best := Lengths (I); end if;,survived
misc/SPARK2/Ada-SPARK-Longest-Ones,longest_ones.adb,11,>= -> >,if Finish >= Start then,if Finish > Start then,killed
misc/SPARK2/Ada-SPARK-Longest-Ones,longest_ones.adb,12,and then -> or else,if Bits (Finish) = 0 and then Zeroes < Count'Last then,if Bits (Finish) = 0 or else Zeroes < Count'Last then,killed
misc/SPARK2/Ada-SPARK-Longest-Ones,longest_ones.adb,12,< -> <=,if Bits (Finish) = 0 and then Zeroes < Count'Last then,if Bits (Finish) = 0 and then Zeroes <= Count'Last then,survived
misc/SPARK2/Ada-SPARK-Longest-Ones,longest_ones.adb,12,= -> /=,if Bits (Finish) = 0 and then Zeroes < Count'Last then,if Bits (Finish) /= 0 and then Zeroes < Count'Last then,killed
misc/SPARK2/Ada-SPARK-Longest-Ones,longest_ones.adb,13,+ -> -,Zeroes := Zeroes + 1;,Zeroes := Zeroes - 1;,killed
misc/SPARK2/Ada-SPARK-Longest-Ones,longest_ones.adb,13,+ 1 -> + 0,Zeroes := Zeroes + 1;,Zeroes := Zeroes + 0;,killed
misc/SPARK2/Ada-SPARK-Longest-Ones,longest_ones.adb,15,<= -> <,if Zeroes <= Flips then,if Zeroes < Flips then,killed
misc/SPARK2/Ada-SPARK-Longest-Ones,longest_ones.adb,16,+ -> -,Length := Finish - Start + 1;,Length := Finish - Start - 1;,killed
misc/SPARK2/Ada-SPARK-Longest-Ones,longest_ones.adb,16,+ 1 -> + 0,Length := Finish - Start + 1;,Length := Finish - Start + 0;,killed
misc/SPARK2/Ada-SPARK-Longest-Ones,longest_ones.adb,16,- -> +,Length := Finish - Start + 1;,Length := Finish + Start + 1;,killed
misc/SPARK2/Ada-SPARK-Longest-Ones,longest_ones.adb,17,> -> >=,if Length > Best then Best := Length; end if;,if Length >= Best then Best := Length; end if;,survived
misc/SPARK2/Ada-SPARK-Longest-Palindromic-Subsequence,longest_palindromic_subsequence.adb,8,< -> <=,if Value < Length'Last then,if Value <= Length'Last then,survived
misc/SPARK2/Ada-SPARK-Longest-Palindromic-Subsequence,longest_palindromic_subsequence.adb,9,+ -> -,return Value + 1;,return Value - 1;,killed
misc/SPARK2/Ada-SPARK-Longest-Palindromic-Subsequence,longest_palindromic_subsequence.adb,9,+ 1 -> + 0,return Value + 1;,return Value + 0;,killed
misc/SPARK2/Ada-SPARK-Longest-Palindromic-Subsequence,longest_palindromic_subsequence.adb,20,+ 1 -> + 0,for J in I + 1 .. N loop,for J in I + 0 .. N loop,killed
misc/SPARK2/Ada-SPARK-Longest-Palindromic-Subsequence,longest_palindromic_subsequence.adb,20,+ -> -,for J in I + 1 .. N loop,for J in I - 1 .. N loop,killed
misc/SPARK2/Ada-SPARK-Longest-Palindromic-Subsequence,longest_palindromic_subsequence.adb,21,= -> /=,if Input (I) = Input (J) then,if Input (I) /= Input (J) then,killed
misc/SPARK2/Ada-SPARK-Longest-Palindromic-Subsequence,longest_palindromic_subsequence.adb,22,- 1 -> - 0,"D (I, J) := Increment (Increment (D (I + 1, J - 1)));","D (I, J) := Increment (Increment (D (I + 1, J - 0)));",killed
misc/SPARK2/Ada-SPARK-Longest-Palindromic-Subsequence,longest_palindromic_subsequence.adb,22,- -> +,"D (I, J) := Increment (Increment (D (I + 1, J - 1)));","D (I, J) := Increment (Increment (D (I + 1, J + 1)));",killed
misc/SPARK2/Ada-SPARK-Longest-Palindromic-Subsequence,longest_palindromic_subsequence.adb,22,+ -> -,"D (I, J) := Increment (Increment (D (I + 1, J - 1)));","D (I, J) := Increment (Increment (D (I - 1, J - 1)));",killed
misc/SPARK2/Ada-SPARK-Longest-Palindromic-Subsequence,longest_palindromic_subsequence.adb,22,+ 1 -> + 0,"D (I, J) := Increment (Increment (D (I + 1, J - 1)));","D (I, J) := Increment (Increment (D (I + 0, J - 1)));",killed
misc/SPARK2/Ada-SPARK-Longest-Palindromic-Subsequence,longest_palindromic_subsequence.adb,23,- 1 -> - 0,"elsif D (I + 1, J) >= D (I, J - 1) then","elsif D (I + 1, J) >= D (I, J - 0) then",killed
misc/SPARK2/Ada-SPARK-Longest-Palindromic-Subsequence,longest_palindromic_subsequence.adb,23,- -> +,"elsif D (I + 1, J) >= D (I, J - 1) then","elsif D (I + 1, J) >= D (I, J + 1) then",killed
misc/SPARK2/Ada-SPARK-Longest-Palindromic-Subsequence,longest_palindromic_subsequence.adb,23,+ 1 -> + 0,"elsif D (I + 1, J) >= D (I, J - 1) then","elsif D (I + 0, J) >= D (I, J - 1) then",killed
misc/SPARK2/Ada-SPARK-Longest-Palindromic-Subsequence,longest_palindromic_subsequence.adb,23,+ -> -,"elsif D (I + 1, J) >= D (I, J - 1) then","elsif D (I - 1, J) >= D (I, J - 1) then",killed
misc/SPARK2/Ada-SPARK-Longest-Palindromic-Subsequence,longest_palindromic_subsequence.adb,23,>= -> >,"elsif D (I + 1, J) >= D (I, J - 1) then","elsif D (I + 1, J) > D (I, J - 1) then",survived
misc/SPARK2/Ada-SPARK-Longest-Palindromic-Subsequence,longest_palindromic_subsequence.adb,24,+ -> -,"D (I, J) := D (I + 1, J);","D (I, J) := D (I - 1, J);",killed
misc/SPARK2/Ada-SPARK-Longest-Palindromic-Subsequence,longest_palindromic_subsequence.adb,24,+ 1 -> + 0,"D (I, J) := D (I + 1, J);","D (I, J) := D (I + 0, J);",killed
misc/SPARK2/Ada-SPARK-Longest-Palindromic-Subsequence,longest_palindromic_subsequence.adb,26,- -> +,"D (I, J) := D (I, J - 1);","D (I, J) := D (I, J + 1);",killed
misc/SPARK2/Ada-SPARK-Longest-Palindromic-Subsequence,longest_palindromic_subsequence.adb,26,- 1 -> - 0,"D (I, J) := D (I, J - 1);","D (I, J) := D (I, J - 0);",killed
misc/SPARK2/Ada-SPARK-Longest-Word-In-Dictionary,longest_word_in_dictionary.adb,6,/= -> =,if A.Len /= B.Len then,if A.Len = B.Len then,killed
misc/SPARK2/Ada-SPARK-Longest-Word-In-Dictionary,longest_word_in_dictionary.adb,10,and then -> or else,if J <= A.Len and then A.Chars (J) /= B.Chars (J) then,if J <= A.Len or else A.Chars (J) /= B.Chars (J) then,killed
misc/SPARK2/Ada-SPARK-Longest-Word-In-Dictionary,longest_word_in_dictionary.adb,10,<= -> <,if J <= A.Len and then A.Chars (J) /= B.Chars (J) then,if J < A.Len and then A.Chars (J) /= B.Chars (J) then,killed
misc/SPARK2/Ada-SPARK-Longest-Word-In-Dictionary,longest_word_in_dictionary.adb,10,/= -> =,if J <= A.Len and then A.Chars (J) /= B.Chars (J) then,if J <= A.Len and then A.Chars (J) = B.Chars (J) then,killed
misc/SPARK2/Ada-SPARK-Longest-Word-In-Dictionary,longest_word_in_dictionary.adb,30,= -> /=,if Candidate.Len = 0 then,if Candidate.Len /= 0 then,killed
misc/SPARK2/Ada-SPARK-Longest-Word-In-Dictionary,longest_word_in_dictionary.adb,34,<= -> <,if J <= Candidate.Len then,if J < Candidate.Len then,survived
misc/SPARK2/Ada-SPARK-Longest-Word-In-Dictionary,longest_word_in_dictionary.adb,48,and then -> or else,"if Words (I).Len > Result and then Complete (Words, Words (I)) then","if Words (I).Len > Result or else Complete (Words, Words (I)) then",killed
misc/SPARK2/Ada-SPARK-Longest-Word-In-Dictionary,longest_word_in_dictionary.adb,48,> -> >=,"if Words (I).Len > Result and then Complete (Words, Words (I)) then","if Words (I).Len >= Result and then Complete (Words, Words (I)) then",survived
misc/SPARK2/Ada-SPARK-Majority-Element,majority_element.adb,8,= -> /=,if Input (2) = Candidate then Balance := Balance + 1;,if Input (2) /= Candidate then Balance := Balance + 1;,killed
misc/SPARK2/Ada-SPARK-Majority-Element,majority_element.adb,8,+ 1 -> + 0,if Input (2) = Candidate then Balance := Balance + 1;,if Input (2) = Candidate then Balance := Balance + 0;,killed
misc/SPARK2/Ada-SPARK-Majority-Element,majority_element.adb,8,+ -> -,if Input (2) = Candidate then Balance := Balance + 1;,if Input (2) = Candidate then Balance := Balance - 1;,killed
misc/SPARK2/Ada-SPARK-Majority-Element,majority_element.adb,9,- 1 -> - 0,else Balance := Balance - 1; end if;,else Balance := Balance - 0; end if;,killed
misc/SPARK2/Ada-SPARK-Majority-Element,majority_element.adb,9,- -> +,else Balance := Balance - 1; end if;,else Balance := Balance + 1; end if;,killed
misc/SPARK2/Ada-SPARK-Majority-Element,majority_element.adb,10,= -> /=,if Balance = 0 then Candidate := Input (3); Balance := 1;,if Balance /= 0 then Candidate := Input (3); Balance := 1;,killed
misc/SPARK2/Ada-SPARK-Majority-Element,majority_element.adb,11,= -> /=,elsif Input (3) = Candidate then Balance := Balance + 1;,elsif Input (3) /= Candidate then Balance := Balance + 1;,killed
misc/SPARK2/Ada-SPARK-Majority-Element,majority_element.adb,11,+ 1 -> + 0,elsif Input (3) = Candidate then Balance := Balance + 1;,elsif Input (3) = Candidate then Balance := Balance + 0;,killed
misc/SPARK2/Ada-SPARK-Majority-Element,majority_element.adb,11,+ -> -,elsif Input (3) = Candidate then Balance := Balance + 1;,elsif Input (3) = Candidate then Balance := Balance - 1;,killed
misc/SPARK2/Ada-SPARK-Majority-Element,majority_element.adb,12,- -> +,else Balance := Balance - 1; end if;,else Balance := Balance + 1; end if;,killed
misc/SPARK2/Ada-SPARK-Majority-Element,majority_element.adb,14,+ 1 -> + 0,elsif Input (4) = Candidate then Balance := Balance + 1;,elsif Input (4) = Candidate then Balance := Balance + 0;,killed
misc/SPARK2/Ada-SPARK-Majority-Element,majority_element.adb,14,= -> /=,elsif Input (4) = Candidate then Balance := Balance + 1;,elsif Input (4) /= Candidate then Balance := Balance + 1;,killed
misc/SPARK2/Ada-SPARK-Majority-Element,majority_element.adb,14,+ -> -,elsif Input (4) = Candidate then Balance := Balance + 1;,elsif Input (4) = Candidate then Balance := Balance - 1;,killed
misc/SPARK2/Ada-SPARK-Majority-Element,majority_element.adb,16,= -> /=,if Balance = 0 then Candidate := Input (5); Balance := 1;,if Balance /= 0 then Candidate := Input (5); Balance := 1;,killed
misc/SPARK2/Ada-SPARK-Majority-Element,majority_element.adb,17,= -> /=,elsif Input (5) = Candidate then Balance := Balance + 1;,elsif Input (5) /= Candidate then Balance := Balance + 1;,killed
misc/SPARK2/Ada-SPARK-Majority-Element,majority_element.adb,18,- 1 -> - 0,else Balance := Balance - 1; end if;,else Balance := Balance - 0; end if;,killed
misc/SPARK2/Ada-SPARK-Majority-Element,majority_element.adb,18,- -> +,else Balance := Balance - 1; end if;,else Balance := Balance + 1; end if;,killed
misc/SPARK2/Ada-SPARK-Majority-Element,majority_element.adb,20,= -> /=,elsif Input (6) = Candidate then Balance := Balance + 1;,elsif Input (6) /= Candidate then Balance := Balance + 1;,killed
misc/SPARK2/Ada-SPARK-Majority-Element,majority_element.adb,21,- -> +,else Balance := Balance - 1; end if;,else Balance := Balance + 1; end if;,killed
misc/SPARK2/Ada-SPARK-Majority-Element,majority_element.adb,22,= -> /=,if Balance = 0 then Candidate := Input (7); end if;,if Balance /= 0 then Candidate := Input (7); end if;,killed
misc/SPARK2/Ada-SPARK-Max-Product-Subarray,max_product_subarray.adb,16,+ -> -,for I in Index range Index'First + 1 .. Index'Last loop,for I in Index range Index'First - 1 .. Index'Last loop,stillborn
misc/SPARK2/Ada-SPARK-Max-Product-Subarray,max_product_subarray.adb,16,+ 1 -> + 0,for I in Index range Index'First + 1 .. Index'Last loop,for I in Index range Index'First + 0 .. Index'Last loop,killed
misc/SPARK2/Ada-SPARK-Max-Product-Subarray,max_product_subarray.adb,22,* -> +,P1 : constant Wide := Wide (Best_Ending) * Wide (X);,P1 : constant Wide := Wide (Best_Ending) + Wide (X);,killed
misc/SPARK2/Ada-SPARK-Max-Product-Subarray,max_product_subarray.adb,23,* -> +,P2 : constant Wide := Wide (Worst_Ending) * Wide (X);,P2 : constant Wide := Wide (Worst_Ending) + Wide (X);,killed
misc/SPARK2/Ada-SPARK-Max-Product-Subarray,max_product_subarray.adb,28,> -> >=,if P1 > New_Best then New_Best := P1; end if;,if P1 >= New_Best then New_Best := P1; end if;,survived
misc/SPARK2/Ada-SPARK-Max-Product-Subarray,max_product_subarray.adb,29,> -> >=,if P2 > New_Best then New_Best := P2; end if;,if P2 >= New_Best then New_Best := P2; end if;,survived
misc/SPARK2/Ada-SPARK-Max-Product-Subarray,max_product_subarray.adb,30,< -> <=,if P1 < New_Worst then New_Worst := P1; end if;,if P1 <= New_Worst then New_Worst := P1; end if;,survived
misc/SPARK2/Ada-SPARK-Max-Product-Subarray,max_product_subarray.adb,31,< -> <=,if P2 < New_Worst then New_Worst := P2; end if;,if P2 <= New_Worst then New_Worst := P2; end if;,survived
misc/SPARK2/Ada-SPARK-Max-Product-Subarray,max_product_subarray.adb,34,> -> >=,if Best_Ending > Best then Best := Best_Ending; end if;,if Best_Ending >= Best then Best := Best_Ending; end if;,survived
misc/SPARK2/Ada-SPARK-Maximal-Square,maximal_square.adb,6,+ -> -,"return A (R, C) = 1 and A (R + 1, C) = 1 and A (R, C + 1) = 1 and A (R + 1, C + 1) = 1;","return A (R, C) = 1 and A (R + 1, C) = 1 and A (R, C + 1) = 1 and A (R - 1, C + 1) = 1;",killed
misc/SPARK2/Ada-SPARK-Maximal-Square,maximal_square.adb,6,+ 1 -> + 0,"return A (R, C) = 1 and A (R + 1, C) = 1 and A (R, C + 1) = 1 and A (R + 1, C + 1) = 1;","return A (R, C) = 1 and A (R + 1, C) = 1 and A (R, C + 0) = 1 and A (R + 1, C + 1) = 1;",killed
misc/SPARK2/Ada-SPARK-Maximal-Square,maximal_square.adb,6,= -> /=,"return A (R, C) = 1 and A (R + 1, C) = 1 and A (R, C + 1) = 1 and A (R + 1, C + 1) = 1;","return A (R, C) = 1 and A (R + 1, C) /= 1 and A (R, C + 1) = 1 and A (R + 1, C + 1) = 1;",killed
misc/SPARK2/Ada-SPARK-Maximal-Square,maximal_square.adb,6,+ -> -,"return A (R, C) = 1 and A (R + 1, C) = 1 and A (R, C + 1) = 1 and A (R + 1, C + 1) = 1;","return A (R, C) = 1 and A (R + 1, C) = 1 and A (R, C + 1) = 1 and A (R + 1, C - 1) = 1;",killed
misc/SPARK2/Ada-SPARK-Maximal-Square,maximal_square.adb,6,+ -> -,"return A (R, C) = 1 and A (R + 1, C) = 1 and A (R, C + 1) = 1 and A (R + 1, C + 1) = 1;","return A (R, C) = 1 and A (R - 1, C) = 1 and A (R, C + 1) = 1 and A (R + 1, C + 1) = 1;",killed
misc/SPARK2/Ada-SPARK-Maximal-Square,maximal_square.adb,6,+ 1 -> + 0,"return A (R, C) = 1 and A (R + 1, C) = 1 and A (R, C + 1) = 1 and A (R + 1, C + 1) = 1;","return A (R, C) = 1 and A (R + 1, C) = 1 and A (R, C + 1) = 1 and A (R + 1, C + 0) = 1;",killed
misc/SPARK2/Ada-SPARK-Maximal-Square,maximal_square.adb,6,= -> /=,"return A (R, C) = 1 and A (R + 1, C) = 1 and A (R, C + 1) = 1 and A (R + 1, C + 1) = 1;","return A (R, C) = 1 and A (R + 1, C) = 1 and A (R, C + 1) = 1 and A (R + 1, C + 1) /= 1;",killed
misc/SPARK2/Ada-SPARK-Maximal-Square,maximal_square.adb,11,+ 1 -> + 0,"return All_2 (A, R, C) and All_2 (A, R + 1, C) and All_2 (A, R, C + 1) and A (R + 2, C + 2) = 1;","return All_2 (A, R, C) and All_2 (A, R + 1, C) and All_2 (A, R, C + 0) and A (R + 2, C + 2) = 1;",killed
misc/SPARK2/Ada-SPARK-Maximal-Square,maximal_square.adb,11,+ -> -,"return All_2 (A, R, C) and All_2 (A, R + 1, C) and All_2 (A, R, C + 1) and A (R + 2, C + 2) = 1;","return All_2 (A, R, C) and All_2 (A, R + 1, C) and All_2 (A, R, C + 1) and A (R + 2, C - 2) = 1;",killed
misc/SPARK2/Ada-SPARK-Maximal-Square,maximal_square.adb,11,+ 1 -> + 0,"return All_2 (A, R, C) and All_2 (A, R + 1, C) and All_2 (A, R, C + 1) and A (R + 2, C + 2) = 1;","return All_2 (A, R, C) and All_2 (A, R + 0, C) and All_2 (A, R, C + 1) and A (R + 2, C + 2) = 1;",killed
misc/SPARK2/Ada-SPARK-Maximal-Square,maximal_square.adb,11,+ -> -,"return All_2 (A, R, C) and All_2 (A, R + 1, C) and All_2 (A, R, C + 1) and A (R + 2, C + 2) = 1;","return All_2 (A, R, C) and All_2 (A, R + 1, C) and All_2 (A, R, C - 1) and A (R + 2, C + 2) = 1;",killed
misc/SPARK2/Ada-SPARK-Maximal-Square,maximal_square.adb,11,+ -> -,"return All_2 (A, R, C) and All_2 (A, R + 1, C) and All_2 (A, R, C + 1) and A (R + 2, C + 2) = 1;","return All_2 (A, R, C) and All_2 (A, R + 1, C) and All_2 (A, R, C + 1) and A (R - 2, C + 2) = 1;",killed
misc/SPARK2/Ada-SPARK-Maximal-Square,maximal_square.adb,11,+ -> -,"return All_2 (A, R, C) and All_2 (A, R + 1, C) and All_2 (A, R, C + 1) and A (R + 2, C + 2) = 1;","return All_2 (A, R, C) and All_2 (A, R - 1, C) and All_2 (A, R, C + 1) and A (R + 2, C + 2) = 1;",killed
misc/SPARK2/Ada-SPARK-Maximal-Square,maximal_square.adb,15,= -> /=,"return All_3 (A, 1, 1) and A (1, 4) = 1 and A (2, 4) = 1 and A (3, 4) = 1 and A (4, 1) = 1 and A (4,","return All_3 (A, 1, 1) and A (1, 4) /= 1 and A (2, 4) = 1 and A (3, 4) = 1 and A (4, 1) = 1 and A (4",killed
misc/SPARK2/Ada-SPARK-Maximal-Square,maximal_square.adb,15,= -> /=,"return All_3 (A, 1, 1) and A (1, 4) = 1 and A (2, 4) = 1 and A (3, 4) = 1 and A (4, 1) = 1 and A (4,","return All_3 (A, 1, 1) and A (1, 4) = 1 and A (2, 4) = 1 and A (3, 4) = 1 and A (4, 1) = 1 and A (4,",killed
misc/SPARK2/Ada-SPARK-Maximal-Square,maximal_square.adb,19,= -> /=,"return A (1, 1) = 1 or A (1, 2) = 1 or A (1, 3) = 1 or A (1, 4) = 1 or A (2, 1) = 1 or A (2, 2) = 1 ","return A (1, 1) = 1 or A (1, 2) = 1 or A (1, 3) /= 1 or A (1, 4) = 1 or A (2, 1) = 1 or A (2, 2) = 1",killed
misc/SPARK2/Ada-SPARK-Maximal-Square,maximal_square.adb,19,= -> /=,"return A (1, 1) = 1 or A (1, 2) = 1 or A (1, 3) = 1 or A (1, 4) = 1 or A (2, 1) = 1 or A (2, 2) = 1 ","return A (1, 1) = 1 or A (1, 2) = 1 or A (1, 3) = 1 or A (1, 4) = 1 or A (2, 1) = 1 or A (2, 2) = 1 ",killed
misc/SPARK2/Ada-SPARK-Maximal-Square,maximal_square.adb,19,= -> /=,"return A (1, 1) = 1 or A (1, 2) = 1 or A (1, 3) = 1 or A (1, 4) = 1 or A (2, 1) = 1 or A (2, 2) = 1 ","return A (1, 1) /= 1 or A (1, 2) = 1 or A (1, 3) = 1 or A (1, 4) = 1 or A (2, 1) = 1 or A (2, 2) = 1",killed
misc/SPARK2/Ada-SPARK-Maximal-Square,maximal_square.adb,19,= -> /=,"return A (1, 1) = 1 or A (1, 2) = 1 or A (1, 3) = 1 or A (1, 4) = 1 or A (2, 1) = 1 or A (2, 2) = 1 ","return A (1, 1) = 1 or A (1, 2) = 1 or A (1, 3) = 1 or A (1, 4) = 1 or A (2, 1) = 1 or A (2, 2) = 1 ",killed
misc/SPARK2/Ada-SPARK-Maximal-Square,maximal_square.adb,19,= -> /=,"return A (1, 1) = 1 or A (1, 2) = 1 or A (1, 3) = 1 or A (1, 4) = 1 or A (2, 1) = 1 or A (2, 2) = 1 ","return A (1, 1) = 1 or A (1, 2) = 1 or A (1, 3) = 1 or A (1, 4) = 1 or A (2, 1) = 1 or A (2, 2) = 1 ",killed
misc/SPARK2/Ada-SPARK-Maximum-Ice-Cream-Bars,maximum_ice_cream_bars.adb,8,>= -> >,if Affordable >= Bar_Count'Last then,if Affordable > Bar_Count'Last then,survived
misc/SPARK2/Ada-SPARK-Maximum-Points-You-Can-Obtain-From-Cards,maximum_points_you_can_obtain_from_cards.adb,9,<= -> <,if Take_Left <= K then,if Take_Left < K then,killed
misc/SPARK2/Ada-SPARK-Maximum-Points-You-Can-Obtain-From-Cards,maximum_points_you_can_obtain_from_cards.adb,10,- -> +,Take_Right := K - Take_Left;,Take_Right := K + Take_Left;,killed
misc/SPARK2/Ada-SPARK-Maximum-Points-You-Can-Obtain-From-Cards,maximum_points_you_can_obtain_from_cards.adb,11,- -> +,if Take_Right <= Element_Count - Take_Left then,if Take_Right <= Element_Count + Take_Left then,survived
misc/SPARK2/Ada-SPARK-Maximum-Points-You-Can-Obtain-From-Cards,maximum_points_you_can_obtain_from_cards.adb,11,<= -> <,if Take_Right <= Element_Count - Take_Left then,if Take_Right < Element_Count - Take_Left then,killed
misc/SPARK2/Ada-SPARK-Maximum-Points-You-Can-Obtain-From-Cards,maximum_points_you_can_obtain_from_cards.adb,14,<= -> <,if I <= Take_Left then,if I < Take_Left then,killed
misc/SPARK2/Ada-SPARK-Maximum-Points-You-Can-Obtain-From-Cards,maximum_points_you_can_obtain_from_cards.adb,15,+ -> -,Total := Total + Answer (Cards (I));,Total := Total - Answer (Cards (I));,killed
misc/SPARK2/Ada-SPARK-Maximum-Points-You-Can-Obtain-From-Cards,maximum_points_you_can_obtain_from_cards.adb,16,> -> >=,elsif I > Element_Count - Take_Right then,elsif I >= Element_Count - Take_Right then,killed
misc/SPARK2/Ada-SPARK-Maximum-Points-You-Can-Obtain-From-Cards,maximum_points_you_can_obtain_from_cards.adb,16,- -> +,elsif I > Element_Count - Take_Right then,elsif I > Element_Count + Take_Right then,killed
misc/SPARK2/Ada-SPARK-Maximum-Points-You-Can-Obtain-From-Cards,maximum_points_you_can_obtain_from_cards.adb,17,+ -> -,Total := Total + Answer (Cards (I));,Total := Total - Answer (Cards (I));,killed
misc/SPARK2/Ada-SPARK-Maximum-Points-You-Can-Obtain-From-Cards,maximum_points_you_can_obtain_from_cards.adb,20,> -> >=,if Total > Best then Best := Total; end if;,if Total >= Best then Best := Total; end if;,survived
misc/SPARK2/Ada-SPARK-Maximum-Product-Subarray,maximum_product_subarray.adb,6,> -> >=,if Left > 100_000 then,if Left >= 100_000 then,survived
misc/SPARK2/Ada-SPARK-Maximum-Product-Subarray,maximum_product_subarray.adb,8,< -> <=,elsif Left < -100_000 then,elsif Left <= -100_000 then,survived
misc/SPARK2/Ada-SPARK-Maximum-Product-Subarray,maximum_product_subarray.adb,11,* -> +,return Left * Right;,return Left + Right;,killed
misc/SPARK2/Ada-SPARK-Maximum-Product-Subarray,maximum_product_subarray.adb,19,= -> /=,if N = 0 then,if N /= 0 then,killed
misc/SPARK2/Ada-SPARK-Maximum-Subarray,maximum_subarray.adb,6,> -> >=,if Left > 900 then,if Left >= 900 then,survived
misc/SPARK2/Ada-SPARK-Maximum-Subarray,maximum_subarray.adb,8,< -> <=,elsif Left < -900 then,elsif Left <= -900 then,survived
misc/SPARK2/Ada-SPARK-Maximum-Subarray,maximum_subarray.adb,11,+ -> -,return Left + Right;,return Left - Right;,killed
misc/SPARK2/Ada-SPARK-Maximum-Subarray,maximum_subarray.adb,18,= -> /=,if N = 0 then,if N /= 0 then,killed
misc/SPARK2/Ada-SPARK-Maximum-Subarray,maximum_subarray.adb,24,< -> <=,if Current < 0 then,if Current <= 0 then,survived
misc/SPARK2/Ada-SPARK-Maximum-Subarray,maximum_subarray.adb,29,> -> >=,if Current > Best then,if Current >= Best then,survived
misc/SPARK2/Ada-SPARK-Maximum-Twin-Sum-Of-A-Linked-List,maximum_twin_sum_of_a_linked_list.adb,12,< -> <=,if L.Size < Count'Last then,if L.Size <= Count'Last then,survived
misc/SPARK2/Ada-SPARK-Maximum-Twin-Sum-Of-A-Linked-List,maximum_twin_sum_of_a_linked_list.adb,13,+ -> -,L.Size := L.Size + 1;,L.Size := L.Size - 1;,killed
misc/SPARK2/Ada-SPARK-Maximum-Twin-Sum-Of-A-Linked-List,maximum_twin_sum_of_a_linked_list.adb,13,+ 1 -> + 0,L.Size := L.Size + 1;,L.Size := L.Size + 0;,killed
misc/SPARK2/Ada-SPARK-Maximum-Twin-Sum-Of-A-Linked-List,maximum_twin_sum_of_a_linked_list.adb,30,<= -> <,if I <= Half then,if I < Half then,survived
misc/SPARK2/Ada-SPARK-Maximum-Twin-Sum-Of-A-Linked-List,maximum_twin_sum_of_a_linked_list.adb,31,+ -> -,J := Position (L.Size - I + 1);,J := Position (L.Size - I - 1);,killed
misc/SPARK2/Ada-SPARK-Maximum-Twin-Sum-Of-A-Linked-List,maximum_twin_sum_of_a_linked_list.adb,31,- -> +,J := Position (L.Size - I + 1);,J := Position (L.Size + I + 1);,killed
misc/SPARK2/Ada-SPARK-Maximum-Twin-Sum-Of-A-Linked-List,maximum_twin_sum_of_a_linked_list.adb,31,+ 1 -> + 0,J := Position (L.Size - I + 1);,J := Position (L.Size - I + 0);,killed
misc/SPARK2/Ada-SPARK-Maximum-Twin-Sum-Of-A-Linked-List,maximum_twin_sum_of_a_linked_list.adb,32,+ -> -,Candidate := L.Data (I) + L.Data (J);,Candidate := L.Data (I) - L.Data (J);,killed
misc/SPARK2/Ada-SPARK-Maximum-Twin-Sum-Of-A-Linked-List,maximum_twin_sum_of_a_linked_list.adb,33,> -> >=,if Candidate > Best then,if Candidate >= Best then,survived
misc/SPARK2/Ada-SPARK-Mean-Variance,mean_variance.adb,8,+ -> -,Total := Total + Samples (I);,Total := Total - Samples (I);,killed
misc/SPARK2/Ada-SPARK-Mean-Variance,mean_variance.adb,20,- -> +,Diff := Samples (I) - Average;,Diff := Samples (I) + Average;,killed
misc/SPARK2/Ada-SPARK-Mean-Variance,mean_variance.adb,21,* -> +,Square := Diff * Diff;,Square := Diff + Diff;,killed
misc/SPARK2/Ada-SPARK-Mean-Variance,mean_variance.adb,23,+ -> -,Total := Total + Square;,Total := Total - Square;,killed
misc/SPARK2/Ada-SPARK-Median-Filtering,median_filtering.adb,12,< -> <=,if R < Integer (Row_Index'First) then,if R <= Integer (Row_Index'First) then,survived
misc/SPARK2/Ada-SPARK-Median-Filtering,median_filtering.adb,14,> -> >=,elsif R > Integer (Row_Index'Last) then,elsif R >= Integer (Row_Index'Last) then,survived
misc/SPARK2/Ada-SPARK-Median-Filtering,median_filtering.adb,25,< -> <=,if C < Integer (Col_Index'First) then,if C <= Integer (Col_Index'First) then,survived
misc/SPARK2/Ada-SPARK-Median-Filtering,median_filtering.adb,27,> -> >=,elsif C > Integer (Col_Index'Last) then,elsif C >= Integer (Col_Index'Last) then,survived
misc/SPARK2/Ada-SPARK-Median-Filtering,median_filtering.adb,42,- -> +,for I in 1 .. 9 - Pass loop,for I in 1 .. 9 + Pass loop,killed
misc/SPARK2/Ada-SPARK-Median-Filtering,median_filtering.adb,43,+ 1 -> + 0,if W (I) > W (I + 1) then,if W (I) > W (I + 0) then,killed
misc/SPARK2/Ada-SPARK-Median-Filtering,median_filtering.adb,43,+ -> -,if W (I) > W (I + 1) then,if W (I) > W (I - 1) then,killed
misc/SPARK2/Ada-SPARK-Median-Filtering,median_filtering.adb,43,> -> >=,if W (I) > W (I + 1) then,if W (I) >= W (I + 1) then,survived
misc/SPARK2/Ada-SPARK-Median-Filtering,median_filtering.adb,45,+ 1 -> + 0,W (I) := W (I + 1);,W (I) := W (I + 0);,killed
misc/SPARK2/Ada-SPARK-Median-Filtering,median_filtering.adb,45,+ -> -,W (I) := W (I + 1);,W (I) := W (I - 1);,killed
misc/SPARK2/Ada-SPARK-Median-Filtering,median_filtering.adb,46,+ 1 -> + 0,W (I + 1) := Tmp;,W (I + 0) := Tmp;,killed
misc/SPARK2/Ada-SPARK-Median-Filtering,median_filtering.adb,46,+ -> -,W (I + 1) := Tmp;,W (I - 1) := Tmp;,killed
misc/SPARK2/Ada-SPARK-Median-Filtering,median_filtering.adb,61,+ -> -,"return Input (Clamp_Row (Integer (R) + DR), Clamp_Col (Integer (C) + DC));","return Input (Clamp_Row (Integer (R) + DR), Clamp_Col (Integer (C) - DC));",survived
misc/SPARK2/Ada-SPARK-Median-Filtering,median_filtering.adb,61,+ -> -,"return Input (Clamp_Row (Integer (R) + DR), Clamp_Col (Integer (C) + DC));","return Input (Clamp_Row (Integer (R) - DR), Clamp_Col (Integer (C) + DC));",survived
misc/SPARK2/Ada-SPARK-Merge-In-Between-Linked-Lists,merge_in_between_linked_lists.adb,12,< -> <=,if L.Size < Count'Last then,if L.Size <= Count'Last then,survived
misc/SPARK2/Ada-SPARK-Merge-In-Between-Linked-Lists,merge_in_between_linked_lists.adb,13,+ 1 -> + 0,L.Size := L.Size + 1;,L.Size := L.Size + 0;,killed
misc/SPARK2/Ada-SPARK-Merge-In-Between-Linked-Lists,merge_in_between_linked_lists.adb,13,+ -> -,L.Size := L.Size + 1;,L.Size := L.Size - 1;,killed
misc/SPARK2/Ada-SPARK-Merge-In-Between-Linked-Lists,merge_in_between_linked_lists.adb,31,<= -> <,if I >= First and then I <= Last then,if I >= First and then I < Last then,survived
misc/SPARK2/Ada-SPARK-Merge-In-Between-Linked-Lists,merge_in_between_linked_lists.adb,31,>= -> >,if I >= First and then I <= Last then,if I > First and then I <= Last then,survived
misc/SPARK2/Ada-SPARK-Merge-In-Between-Linked-Lists,merge_in_between_linked_lists.adb,31,and then -> or else,if I >= First and then I <= Last then,if I >= First or else I <= Last then,killed
misc/SPARK2/Ada-SPARK-Middle-Of-The-Linked-List,middle_of_the_linked_list.adb,6,+ 1 -> + 0,begin if L.Size < Count'Last then L.Size := L.Size + 1; L.Data (L.Size) := V; end if; end Append;,begin if L.Size < Count'Last then L.Size := L.Size + 0; L.Data (L.Size) := V; end if; end Append;,killed
misc/SPARK2/Ada-SPARK-Middle-Of-The-Linked-List,middle_of_the_linked_list.adb,6,+ -> -,begin if L.Size < Count'Last then L.Size := L.Size + 1; L.Data (L.Size) := V; end if; end Append;,begin if L.Size < Count'Last then L.Size := L.Size - 1; L.Data (L.Size) := V; end if; end Append;,killed
misc/SPARK2/Ada-SPARK-Middle-Of-The-Linked-List,middle_of_the_linked_list.adb,6,< -> <=,begin if L.Size < Count'Last then L.Size := L.Size + 1; L.Data (L.Size) := V; end if; end Append;,begin if L.Size <= Count'Last then L.Size := L.Size + 1; L.Data (L.Size) := V; end if; end Append;,survived
misc/SPARK2/Ada-SPARK-Middle-Of-The-Linked-List,middle_of_the_linked_list.adb,10,+ -> -,return L.Data (L.Size / 2 + 1);,return L.Data (L.Size / 2 - 1);,killed
misc/SPARK2/Ada-SPARK-Middle-Of-The-Linked-List,middle_of_the_linked_list.adb,10,+ 1 -> + 0,return L.Data (L.Size / 2 + 1);,return L.Data (L.Size / 2 + 0);,killed
misc/SPARK2/Ada-SPARK-Min-Cost-Climbing-Stairs,min_cost_climbing_stairs.adb,11,+ -> -,"Here := Costs (I) + Integer'Min (Next_1, Next_2);","Here := Costs (I) - Integer'Min (Next_1, Next_2);",killed
misc/SPARK2/Ada-SPARK-Min-Stack,min_stack.adb,11,= -> /=,return S.Size = 0;,return S.Size /= 0;,killed
misc/SPARK2/Ada-SPARK-Min-Stack,min_stack.adb,54,< -> <=,if S.Size >= 2 and then S.V2 < M then M := S.V2; end if;,if S.Size >= 2 and then S.V2 <= M then M := S.V2; end if;,survived
misc/SPARK2/Ada-SPARK-Min-Stack,min_stack.adb,54,>= -> >,if S.Size >= 2 and then S.V2 < M then M := S.V2; end if;,if S.Size > 2 and then S.V2 < M then M := S.V2; end if;,killed
misc/SPARK2/Ada-SPARK-Min-Stack,min_stack.adb,54,and then -> or else,if S.Size >= 2 and then S.V2 < M then M := S.V2; end if;,if S.Size >= 2 or else S.V2 < M then M := S.V2; end if;,killed
misc/SPARK2/Ada-SPARK-Min-Stack,min_stack.adb,55,< -> <=,if S.Size >= 3 and then S.V3 < M then M := S.V3; end if;,if S.Size >= 3 and then S.V3 <= M then M := S.V3; end if;,survived
misc/SPARK2/Ada-SPARK-Min-Stack,min_stack.adb,55,and then -> or else,if S.Size >= 3 and then S.V3 < M then M := S.V3; end if;,if S.Size >= 3 or else S.V3 < M then M := S.V3; end if;,killed
misc/SPARK2/Ada-SPARK-Min-Stack,min_stack.adb,55,>= -> >,if S.Size >= 3 and then S.V3 < M then M := S.V3; end if;,if S.Size > 3 and then S.V3 < M then M := S.V3; end if;,killed
misc/SPARK2/Ada-SPARK-Min-Stack,min_stack.adb,56,< -> <=,if S.Size = 4 and then S.V4 < M then M := S.V4; end if;,if S.Size = 4 and then S.V4 <= M then M := S.V4; end if;,survived
misc/SPARK2/Ada-SPARK-Min-Stack,min_stack.adb,56,= -> /=,if S.Size = 4 and then S.V4 < M then M := S.V4; end if;,if S.Size /= 4 and then S.V4 < M then M := S.V4; end if;,killed
misc/SPARK2/Ada-SPARK-Min-Stack,min_stack.adb,56,and then -> or else,if S.Size = 4 and then S.V4 < M then M := S.V4; end if;,if S.Size = 4 or else S.V4 < M then M := S.V4; end if;,killed
misc/SPARK2/Ada-SPARK-Minimum-Path-Sum,minimum_path_sum.adb,5,+ -> -,"A12 : constant Natural := G (1, 2) + A11;","A12 : constant Natural := G (1, 2) - A11;",killed
misc/SPARK2/Ada-SPARK-Minimum-Path-Sum,minimum_path_sum.adb,6,+ -> -,"A13 : constant Natural := G (1, 3) + A12;","A13 : constant Natural := G (1, 3) - A12;",killed
misc/SPARK2/Ada-SPARK-Minimum-Path-Sum,minimum_path_sum.adb,7,+ -> -,"A14 : constant Natural := G (1, 4) + A13;","A14 : constant Natural := G (1, 4) - A13;",killed
misc/SPARK2/Ada-SPARK-Minimum-Path-Sum,minimum_path_sum.adb,8,+ -> -,"A21 : constant Natural := G (2, 1) + A11;","A21 : constant Natural := G (2, 1) - A11;",killed
misc/SPARK2/Ada-SPARK-Minimum-Path-Sum,minimum_path_sum.adb,9,+ -> -,"A22 : constant Natural := G (2, 2) + Natural'Min (A12, A21);","A22 : constant Natural := G (2, 2) - Natural'Min (A12, A21);",killed
misc/SPARK2/Ada-SPARK-Minimum-Path-Sum,minimum_path_sum.adb,10,+ -> -,"A23 : constant Natural := G (2, 3) + Natural'Min (A13, A22);","A23 : constant Natural := G (2, 3) - Natural'Min (A13, A22);",killed
misc/SPARK2/Ada-SPARK-Minimum-Path-Sum,minimum_path_sum.adb,11,+ -> -,"A24 : constant Natural := G (2, 4) + Natural'Min (A14, A23);","A24 : constant Natural := G (2, 4) - Natural'Min (A14, A23);",killed
misc/SPARK2/Ada-SPARK-Minimum-Path-Sum,minimum_path_sum.adb,12,+ -> -,"A31 : constant Natural := G (3, 1) + A21;","A31 : constant Natural := G (3, 1) - A21;",killed
misc/SPARK2/Ada-SPARK-Minimum-Path-Sum,minimum_path_sum.adb,13,+ -> -,"A32 : constant Natural := G (3, 2) + Natural'Min (A22, A31);","A32 : constant Natural := G (3, 2) - Natural'Min (A22, A31);",killed
misc/SPARK2/Ada-SPARK-Minimum-Path-Sum,minimum_path_sum.adb,14,+ -> -,"A33 : constant Natural := G (3, 3) + Natural'Min (A23, A32);","A33 : constant Natural := G (3, 3) - Natural'Min (A23, A32);",killed
misc/SPARK2/Ada-SPARK-Minimum-Path-Sum,minimum_path_sum.adb,15,+ -> -,"A34 : constant Natural := G (3, 4) + Natural'Min (A24, A33);","A34 : constant Natural := G (3, 4) - Natural'Min (A24, A33);",killed
misc/SPARK2/Ada-SPARK-Minimum-Path-Sum,minimum_path_sum.adb,16,+ -> -,"A41 : constant Natural := G (4, 1) + A31;","A41 : constant Natural := G (4, 1) - A31;",killed
misc/SPARK2/Ada-SPARK-Minimum-Path-Sum,minimum_path_sum.adb,17,+ -> -,"A42 : constant Natural := G (4, 2) + Natural'Min (A32, A41);","A42 : constant Natural := G (4, 2) - Natural'Min (A32, A41);",killed
misc/SPARK2/Ada-SPARK-Minimum-Path-Sum,minimum_path_sum.adb,18,+ -> -,"A43 : constant Natural := G (4, 3) + Natural'Min (A33, A42);","A43 : constant Natural := G (4, 3) - Natural'Min (A33, A42);",killed
misc/SPARK2/Ada-SPARK-Minimum-Path-Sum,minimum_path_sum.adb,19,+ -> -,"A44 : constant Natural := G (4, 4) + Natural'Min (A34, A43);","A44 : constant Natural := G (4, 4) - Natural'Min (A34, A43);",killed
misc/SPARK2/Ada-SPARK-Missing-Number,missing_number.adb,7,- -> +,Total := Total - Input (1);,Total := Total + Input (1);,killed
misc/SPARK2/Ada-SPARK-Missing-Number,missing_number.adb,8,- -> +,Total := Total - Input (2);,Total := Total + Input (2);,killed
misc/SPARK2/Ada-SPARK-Missing-Number,missing_number.adb,9,- -> +,Total := Total - Input (3);,Total := Total + Input (3);,killed
misc/SPARK2/Ada-SPARK-Missing-Number,missing_number.adb,10,- -> +,Total := Total - Input (4);,Total := Total + Input (4);,killed
misc/SPARK2/Ada-SPARK-Missing-Number,missing_number.adb,11,- -> +,Total := Total - Input (5);,Total := Total + Input (5);,killed
misc/SPARK2/Ada-SPARK-Move-Zeroes,move_zeroes.adb,9,/= -> =,if Input (I) /= 0 then,if Input (I) = 0 then,killed
misc/SPARK2/Ada-SPARK-Move-Zeroes,move_zeroes.adb,11,+ -> -,Position := Position + 1;,Position := Position - 1;,killed
misc/SPARK2/Ada-SPARK-Move-Zeroes,move_zeroes.adb,11,+ 1 -> + 0,Position := Position + 1;,Position := Position + 0;,killed
misc/SPARK2/Ada-SPARK-N-th-Tribonacci,n_th_tribonacci.adb,6,- -> +,if Left > Result'Last - Right then,if Left > Result'Last + Right then,survived
misc/SPARK2/Ada-SPARK-N-th-Tribonacci,n_th_tribonacci.adb,6,> -> >=,if Left > Result'Last - Right then,if Left >= Result'Last - Right then,survived
misc/SPARK2/Ada-SPARK-N-th-Tribonacci,n_th_tribonacci.adb,9,+ -> -,return Left + Right;,return Left - Right;,killed
misc/SPARK2/Ada-SPARK-N-th-Tribonacci,n_th_tribonacci.adb,18,= -> /=,if N = 0 then,if N /= 0 then,killed
misc/SPARK2/Ada-SPARK-N-th-Tribonacci,n_th_tribonacci.adb,20,= -> /=,elsif N = 1 then,elsif N /= 1 then,killed
misc/SPARK2/Ada-SPARK-N-th-Tribonacci,n_th_tribonacci.adb,22,= -> /=,elsif N = 2 then,elsif N /= 2 then,killed
misc/SPARK2/Ada-SPARK-Next-Greater-Node-In-Linked-List,next_greater_node_in_linked_list.adb,8,+ 1 -> + 0,for J in I + 1 .. Length loop,for J in I + 0 .. Length loop,survived
misc/SPARK2/Ada-SPARK-Next-Greater-Node-In-Linked-List,next_greater_node_in_linked_list.adb,8,+ -> -,for J in I + 1 .. Length loop,for J in I - 1 .. Length loop,killed
misc/SPARK2/Ada-SPARK-Next-Greater-Node-In-Linked-List,next_greater_node_in_linked_list.adb,9,> -> >=,if A (J) > A (I) then,if A (J) >= A (I) then,killed
misc/SPARK2/Ada-SPARK-Nth-Digit-Stub,nth_digit_stub.adb,22,+ -> -,N      : constant Big := Big (P) + 1;   --  one-based position,N      : constant Big := Big (P) - 1;   --  one-based position,killed
misc/SPARK2/Ada-SPARK-Nth-Digit-Stub,nth_digit_stub.adb,22,+ 1 -> + 0,N      : constant Big := Big (P) + 1;   --  one-based position,N      : constant Big := Big (P) + 0;   --  one-based position,killed
misc/SPARK2/Ada-SPARK-Nth-Digit-Stub,nth_digit_stub.adb,28,> -> >=,while N > Cum (W) loop,while N >= Cum (W) loop,killed
misc/SPARK2/Ada-SPARK-Nth-Digit-Stub,nth_digit_stub.adb,32,+ 1 -> + 0,W := W + 1;,W := W + 0;,killed
misc/SPARK2/Ada-SPARK-Nth-Digit-Stub,nth_digit_stub.adb,32,+ -> -,W := W + 1;,W := W - 1;,killed
misc/SPARK2/Ada-SPARK-Nth-Digit-Stub,nth_digit_stub.adb,35,- -> +,Offset := N - Cum (W - 1) - 1;            --  0 .. W * 9 * 10 ** (W-1) - 1,Offset := N - Cum (W - 1) + 1;            --  0 .. W * 9 * 10 ** (W-1) - 1,killed
misc/SPARK2/Ada-SPARK-Nth-Digit-Stub,nth_digit_stub.adb,35,- -> +,Offset := N - Cum (W - 1) - 1;            --  0 .. W * 9 * 10 ** (W-1) - 1,Offset := N + Cum (W - 1) - 1;            --  0 .. W * 9 * 10 ** (W-1) - 1,killed
misc/SPARK2/Ada-SPARK-Nth-Digit-Stub,nth_digit_stub.adb,35,- 1 -> - 0,Offset := N - Cum (W - 1) - 1;            --  0 .. W * 9 * 10 ** (W-1) - 1,Offset := N - Cum (W - 1) - 0;            --  0 .. W * 9 * 10 ** (W-1) - 1,killed
misc/SPARK2/Ada-SPARK-Nth-Digit-Stub,nth_digit_stub.adb,35,- -> +,Offset := N - Cum (W - 1) - 1;            --  0 .. W * 9 * 10 ** (W-1) - 1,Offset := N - Cum (W + 1) - 1;            --  0 .. W * 9 * 10 ** (W-1) - 1,killed
misc/SPARK2/Ada-SPARK-Nth-Digit-Stub,nth_digit_stub.adb,35,- 1 -> - 0,Offset := N - Cum (W - 1) - 1;            --  0 .. W * 9 * 10 ** (W-1) - 1,Offset := N - Cum (W - 0) - 1;            --  0 .. W * 9 * 10 ** (W-1) - 1,killed
misc/SPARK2/Ada-SPARK-Nth-Digit-Stub,nth_digit_stub.adb,36,+ -> -,Number := First_Of (W) + Offset / Big (W);,Number := First_Of (W) - Offset / Big (W);,killed
misc/SPARK2/Ada-SPARK-Nth-Digit-Stub,nth_digit_stub.adb,37,- 1 -> - 0,Place  := W - 1 - Natural (Offset mod Big (W));,Place  := W - 0 - Natural (Offset mod Big (W));,killed
misc/SPARK2/Ada-SPARK-Nth-Digit-Stub,nth_digit_stub.adb,37,- -> +,Place  := W - 1 - Natural (Offset mod Big (W));,Place  := W + 1 - Natural (Offset mod Big (W));,killed
misc/SPARK2/Ada-SPARK-Nth-Digit-Stub,nth_digit_stub.adb,37,- -> +,Place  := W - 1 - Natural (Offset mod Big (W));,Place  := W - 1 + Natural (Offset mod Big (W));,killed
misc/SPARK2/Ada-SPARK-Nth-Ugly-Number,nth_ugly_number.adb,9,= -> /=,if Value mod 2 = 0 then,if Value mod 2 /= 0 then,killed
misc/SPARK2/Ada-SPARK-Nth-Ugly-Number,nth_ugly_number.adb,12,= -> /=,if Value mod 3 = 0 then,if Value mod 3 /= 0 then,killed
misc/SPARK2/Ada-SPARK-Nth-Ugly-Number,nth_ugly_number.adb,15,= -> /=,if Value mod 5 = 0 then,if Value mod 5 /= 0 then,killed
misc/SPARK2/Ada-SPARK-Nth-Ugly-Number,nth_ugly_number.adb,19,= -> /=,return Value = 1;,return Value /= 1;,killed
misc/SPARK2/Ada-SPARK-Nth-Ugly-Number,nth_ugly_number.adb,28,= -> /=,exit when Seen = N;,exit when Seen /= N;,killed
misc/SPARK2/Ada-SPARK-Nth-Ugly-Number,nth_ugly_number.adb,29,< -> <=,if Is_Ugly (Candidate) and then Seen < N then,if Is_Ugly (Candidate) and then Seen <= N then,survived
misc/SPARK2/Ada-SPARK-Nth-Ugly-Number,nth_ugly_number.adb,29,and then -> or else,if Is_Ugly (Candidate) and then Seen < N then,if Is_Ugly (Candidate) or else Seen < N then,killed
misc/SPARK2/Ada-SPARK-Nth-Ugly-Number,nth_ugly_number.adb,30,+ -> -,Seen := Seen + 1;,Seen := Seen - 1;,killed
misc/SPARK2/Ada-SPARK-Nth-Ugly-Number,nth_ugly_number.adb,30,+ 1 -> + 0,Seen := Seen + 1;,Seen := Seen + 0;,killed
misc/SPARK2/Ada-SPARK-Number-Of-1-Bits,number_of_1_bits.adb,10,= -> /=,if Work mod 2 = 1 then,if Work mod 2 /= 1 then,killed
misc/SPARK2/Ada-SPARK-Number-Of-1-Bits,number_of_1_bits.adb,11,+ -> -,Result := Result + 1;,Result := Result - 1;,killed
misc/SPARK2/Ada-SPARK-Number-Of-1-Bits,number_of_1_bits.adb,11,+ 1 -> + 0,Result := Result + 1;,Result := Result + 0;,killed
misc/SPARK2/Ada-SPARK-PN-Counter,pn_counter.adb,18,+ -> -,Acc := Acc + Integer (C.P (A)) - Integer (C.N (A));,Acc := Acc - Integer (C.P (A)) - Integer (C.N (A));,killed
misc/SPARK2/Ada-SPARK-PN-Counter,pn_counter.adb,18,- -> +,Acc := Acc + Integer (C.P (A)) - Integer (C.N (A));,Acc := Acc + Integer (C.P (A)) + Integer (C.N (A));,killed
misc/SPARK2/Ada-SPARK-PN-Counter,pn_counter.adb,25,+ -> -,C.P (Who) := C.P (Who) + 1;,C.P (Who) := C.P (Who) - 1;,killed
misc/SPARK2/Ada-SPARK-PN-Counter,pn_counter.adb,25,+ 1 -> + 0,C.P (Who) := C.P (Who) + 1;,C.P (Who) := C.P (Who) + 0;,killed
misc/SPARK2/Ada-SPARK-PN-Counter,pn_counter.adb,30,+ -> -,C.N (Who) := C.N (Who) + 1;,C.N (Who) := C.N (Who) - 1;,killed
misc/SPARK2/Ada-SPARK-PN-Counter,pn_counter.adb,30,+ 1 -> + 0,C.N (Who) := C.N (Who) + 1;,C.N (Who) := C.N (Who) + 0;,killed
misc/SPARK2/Ada-SPARK-Palindrome-Linked-List,palindrome_linked_list.adb,12,< -> <=,if L.Size < Count'Last then,if L.Size <= Count'Last then,survived
misc/SPARK2/Ada-SPARK-Palindrome-Linked-List,palindrome_linked_list.adb,13,+ -> -,L.Size := L.Size + 1;,L.Size := L.Size - 1;,killed
misc/SPARK2/Ada-SPARK-Palindrome-Linked-List,palindrome_linked_list.adb,13,+ 1 -> + 0,L.Size := L.Size + 1;,L.Size := L.Size + 0;,killed
misc/SPARK2/Ada-SPARK-Palindrome-Linked-List,palindrome_linked_list.adb,33,> -> >=,exit when I > Half;,exit when I >= Half;,killed
misc/SPARK2/Ada-SPARK-Palindrome-Linked-List,palindrome_linked_list.adb,34,+ -> -,if L.Data (I) /= L.Data (L.Size - I + 1) then,if L.Data (I) /= L.Data (L.Size - I - 1) then,killed
misc/SPARK2/Ada-SPARK-Palindrome-Linked-List,palindrome_linked_list.adb,34,+ 1 -> + 0,if L.Data (I) /= L.Data (L.Size - I + 1) then,if L.Data (I) /= L.Data (L.Size - I + 0) then,killed
misc/SPARK2/Ada-SPARK-Palindrome-Linked-List,palindrome_linked_list.adb,34,- -> +,if L.Data (I) /= L.Data (L.Size - I + 1) then,if L.Data (I) /= L.Data (L.Size + I + 1) then,killed
misc/SPARK2/Ada-SPARK-Palindrome-Linked-List,palindrome_linked_list.adb,34,/= -> =,if L.Data (I) /= L.Data (L.Size - I + 1) then,if L.Data (I) = L.Data (L.Size - I + 1) then,killed
misc/SPARK2/Ada-SPARK-Palindrome-Partitioning,palindrome_partitioning.adb,8,- -> +,for I in 0 .. (Last - First) / 2 loop,for I in 0 .. (Last + First) / 2 loop,killed
misc/SPARK2/Ada-SPARK-Palindrome-Partitioning,palindrome_partitioning.adb,9,+ -> -,if A (First + I) /= A (Last - I) then,if A (First - I) /= A (Last - I) then,killed
misc/SPARK2/Ada-SPARK-Palindrome-Partitioning,palindrome_partitioning.adb,9,/= -> =,if A (First + I) /= A (Last - I) then,if A (First + I) = A (Last - I) then,killed
misc/SPARK2/Ada-SPARK-Palindrome-Partitioning,palindrome_partitioning.adb,9,- -> +,if A (First + I) /= A (Last - I) then,if A (First + I) /= A (Last + I) then,killed
misc/SPARK2/Ada-SPARK-Palindrome-Partitioning,palindrome_partitioning.adb,20,= -> /=,if N = 0 then,if N /= 0 then,killed
misc/SPARK2/Ada-SPARK-Palindrome-Partitioning,palindrome_partitioning.adb,30,+ 1 -> + 0,"if Is_Palindrome (A, J, I) and then Pieces (J - 1) + 1 < Pieces (I) then","if Is_Palindrome (A, J, I) and then Pieces (J - 1) + 0 < Pieces (I) then",survived
misc/SPARK2/Ada-SPARK-Palindrome-Partitioning,palindrome_partitioning.adb,30,< -> <=,"if Is_Palindrome (A, J, I) and then Pieces (J - 1) + 1 < Pieces (I) then","if Is_Palindrome (A, J, I) and then Pieces (J - 1) + 1 <= Pieces (I) then",survived
misc/SPARK2/Ada-SPARK-Palindrome-Partitioning,palindrome_partitioning.adb,30,and then -> or else,"if Is_Palindrome (A, J, I) and then Pieces (J - 1) + 1 < Pieces (I) then","if Is_Palindrome (A, J, I) or else Pieces (J - 1) + 1 < Pieces (I) then",killed
misc/SPARK2/Ada-SPARK-Palindrome-Partitioning,palindrome_partitioning.adb,30,- -> +,"if Is_Palindrome (A, J, I) and then Pieces (J - 1) + 1 < Pieces (I) then","if Is_Palindrome (A, J, I) and then Pieces (J + 1) + 1 < Pieces (I) then",killed
misc/SPARK2/Ada-SPARK-Palindrome-Partitioning,palindrome_partitioning.adb,30,+ -> -,"if Is_Palindrome (A, J, I) and then Pieces (J - 1) + 1 < Pieces (I) then","if Is_Palindrome (A, J, I) and then Pieces (J - 1) - 1 < Pieces (I) then",killed
misc/SPARK2/Ada-SPARK-Palindrome-Partitioning,palindrome_partitioning.adb,30,- 1 -> - 0,"if Is_Palindrome (A, J, I) and then Pieces (J - 1) + 1 < Pieces (I) then","if Is_Palindrome (A, J, I) and then Pieces (J - 0) + 1 < Pieces (I) then",killed
misc/SPARK2/Ada-SPARK-Palindrome-Partitioning,palindrome_partitioning.adb,31,+ 1 -> + 0,Pieces (I) := Pieces (J - 1) + 1;,Pieces (I) := Pieces (J - 1) + 0;,killed
misc/SPARK2/Ada-SPARK-Palindrome-Partitioning,palindrome_partitioning.adb,31,+ -> -,Pieces (I) := Pieces (J - 1) + 1;,Pieces (I) := Pieces (J - 1) - 1;,killed
misc/SPARK2/Ada-SPARK-Palindrome-Partitioning,palindrome_partitioning.adb,31,- 1 -> - 0,Pieces (I) := Pieces (J - 1) + 1;,Pieces (I) := Pieces (J - 0) + 1;,killed
misc/SPARK2/Ada-SPARK-Palindrome-Partitioning,palindrome_partitioning.adb,31,- -> +,Pieces (I) := Pieces (J - 1) + 1;,Pieces (I) := Pieces (J + 1) + 1;,killed
misc/SPARK2/Ada-SPARK-Palindrome-Partitioning,palindrome_partitioning.adb,35,- -> +,return Pieces (N) - 1;,return Pieces (N) + 1;,killed
misc/SPARK2/Ada-SPARK-Palindrome-Partitioning,palindrome_partitioning.adb,35,- 1 -> - 0,return Pieces (N) - 1;,return Pieces (N) - 0;,killed
misc/SPARK2/Ada-SPARK-Parity-Bits,parity_bits.adb,10,/= -> =,if (Input and 1) /= 0 then,if (Input and 1) = 0 then,survived
misc/SPARK2/Ada-SPARK-Partition-Around-Pivot,partition_around_pivot.adb,9,<= -> <,if Input (I) <= Pivot then,if Input (I) < Pivot then,killed
misc/SPARK2/Ada-SPARK-Partition-Around-Pivot,partition_around_pivot.adb,11,< -> <=,if Position < Index'Last then,if Position <= Index'Last then,killed
misc/SPARK2/Ada-SPARK-Partition-Around-Pivot,partition_around_pivot.adb,12,+ 1 -> + 0,Position := Position + 1;,Position := Position + 0;,killed
misc/SPARK2/Ada-SPARK-Partition-Around-Pivot,partition_around_pivot.adb,12,+ -> -,Position := Position + 1;,Position := Position - 1;,killed
misc/SPARK2/Ada-SPARK-Partition-Around-Pivot,partition_around_pivot.adb,17,> -> >=,if Input (I) > Pivot then,if Input (I) >= Pivot then,killed
misc/SPARK2/Ada-SPARK-Partition-Around-Pivot,partition_around_pivot.adb,19,< -> <=,if Position < Index'Last then,if Position <= Index'Last then,killed
misc/SPARK2/Ada-SPARK-Partition-Around-Pivot,partition_around_pivot.adb,20,+ 1 -> + 0,Position := Position + 1;,Position := Position + 0;,killed
misc/SPARK2/Ada-SPARK-Partition-Around-Pivot,partition_around_pivot.adb,20,+ -> -,Position := Position + 1;,Position := Position - 1;,killed
misc/SPARK2/Ada-SPARK-Partition-List,src/partition_list.adb,9,+ -> -,L.Length := L.Length + 1;,L.Length := L.Length - 1;,killed
misc/SPARK2/Ada-SPARK-Partition-List,src/partition_list.adb,9,+ 1 -> + 0,L.Length := L.Length + 1;,L.Length := L.Length + 0;,killed
misc/SPARK2/Ada-SPARK-Partition-List,src/partition_list.adb,21,and then -> or else,if I <= L.Length and then Original (I) < Pivot then,if I <= L.Length or else Original (I) < Pivot then,killed
misc/SPARK2/Ada-SPARK-Partition-List,src/partition_list.adb,21,<= -> <,if I <= L.Length and then Original (I) < Pivot then,if I < L.Length and then Original (I) < Pivot then,killed
misc/SPARK2/Ada-SPARK-Partition-List,src/partition_list.adb,21,< -> <=,if I <= L.Length and then Original (I) < Pivot then,if I <= L.Length and then Original (I) <= Pivot then,killed
misc/SPARK2/Ada-SPARK-Partition-List,src/partition_list.adb,22,< -> <=,if Write < Capacity then,if Write <= Capacity then,survived
misc/SPARK2/Ada-SPARK-Partition-List,src/partition_list.adb,23,+ 1 -> + 0,Write := Write + 1;,Write := Write + 0;,killed
misc/SPARK2/Ada-SPARK-Partition-List,src/partition_list.adb,23,+ -> -,Write := Write + 1;,Write := Write - 1;,killed
misc/SPARK2/Ada-SPARK-Partition-List,src/partition_list.adb,29,>= -> >,if I <= L.Length and then Original (I) >= Pivot then,if I <= L.Length and then Original (I) > Pivot then,killed
misc/SPARK2/Ada-SPARK-Partition-List,src/partition_list.adb,29,and then -> or else,if I <= L.Length and then Original (I) >= Pivot then,if I <= L.Length or else Original (I) >= Pivot then,killed
misc/SPARK2/Ada-SPARK-Partition-List,src/partition_list.adb,29,<= -> <,if I <= L.Length and then Original (I) >= Pivot then,if I < L.Length and then Original (I) >= Pivot then,survived
misc/SPARK2/Ada-SPARK-Partition-List,src/partition_list.adb,30,< -> <=,if Write < Capacity then,if Write <= Capacity then,survived
misc/SPARK2/Ada-SPARK-Partition-List,src/partition_list.adb,31,+ 1 -> + 0,Write := Write + 1;,Write := Write + 0;,killed
misc/SPARK2/Ada-SPARK-Partition-List,src/partition_list.adb,31,+ -> -,Write := Write + 1;,Write := Write - 1;,killed
misc/SPARK2/Ada-SPARK-Pascal-Triangle,pascal_triangle.adb,9,+ -> -,Total := Total + Total;,Total := Total - Total;,killed
misc/SPARK2/Ada-SPARK-Pascal-Triangle-II,pascal_triangle_ii.adb,6,- -> +,if Left > Result'Last - Right then,if Left > Result'Last + Right then,survived
misc/SPARK2/Ada-SPARK-Pascal-Triangle-II,pascal_triangle_ii.adb,6,> -> >=,if Left > Result'Last - Right then,if Left >= Result'Last - Right then,survived
misc/SPARK2/Ada-SPARK-Pascal-Triangle-II,pascal_triangle_ii.adb,9,+ -> -,return Left + Right;,return Left - Right;,killed
misc/SPARK2/Ada-SPARK-Pascal-Triangle-II,pascal_triangle_ii.adb,20,- -> +,"Values (C) := Add_Bounded (Values (C), Values (C - 1));","Values (C) := Add_Bounded (Values (C), Values (C + 1));",killed
misc/SPARK2/Ada-SPARK-Pascal-Triangle-II,pascal_triangle_ii.adb,20,- 1 -> - 0,"Values (C) := Add_Bounded (Values (C), Values (C - 1));","Values (C) := Add_Bounded (Values (C), Values (C - 0));",killed
misc/SPARK2/Ada-SPARK-Pascal-Triangle-II,pascal_triangle_ii.adb,23,<= -> <,if Column <= Row_Number then,if Column < Row_Number then,killed
misc/SPARK2/Ada-SPARK-Pow-X-N-Stub,pow_x_n_stub.adb,16,> -> >=,while E > 0 loop,while E >= 0 loop,timeout
misc/SPARK2/Ada-SPARK-Pow-X-N-Stub,pow_x_n_stub.adb,21,= -> /=,if E mod 2 = 1 then,if E mod 2 /= 1 then,killed
misc/SPARK2/Ada-SPARK-Pow-X-N-Stub,pow_x_n_stub.adb,22,* -> +,Acc := Acc * B;,Acc := Acc + B;,killed
misc/SPARK2/Ada-SPARK-Pow-X-N-Stub,pow_x_n_stub.adb,28,> -> >=,if E > 0 then,if E >= 0 then,killed
misc/SPARK2/Ada-SPARK-Pow-X-N-Stub,pow_x_n_stub.adb,32,* -> +,B := B * B;,B := B + B;,killed
misc/SPARK2/Ada-SPARK-Power-Of-Three,power_of_three.adb,7,<= -> <,while Candidate <= Value / 3 loop,while Candidate < Value / 3 loop,killed
misc/SPARK2/Ada-SPARK-Power-Of-Three,power_of_three.adb,10,* -> +,Candidate := Candidate * 3;,Candidate := Candidate + 3;,killed
misc/SPARK2/Ada-SPARK-Power-Of-Three,power_of_three.adb,12,= -> /=,return Candidate = Value;,return Candidate /= Value;,killed
misc/SPARK2/Ada-SPARK-Product-Of-Array-Except-Self,product_of_array_except_self.adb,13,/= -> =,if J /= I then,if J = I then,killed
misc/SPARK2/Ada-SPARK-Product-Of-Array-Except-Self,product_of_array_except_self.adb,14,* -> +,Product := Product * Input (J);,Product := Product + Input (J);,killed
misc/SPARK2/Ada-SPARK-Range-Sum-Query-Immutable,range_sum_query_immutable.adb,9,+ -> -,Result := Result + A (I);,Result := Result - A (I);,killed
misc/SPARK2/Ada-SPARK-Ravenscar-Job-Pool,bounded_buffer.adb,15,+ -> -,B.Tail := (B.Tail + 1) mod Capacity;,B.Tail := (B.Tail - 1) mod Capacity;,killed
misc/SPARK2/Ada-SPARK-Ravenscar-Job-Pool,bounded_buffer.adb,16,+ -> -,B.Count := B.Count + 1;,B.Count := B.Count - 1;,timeout
misc/SPARK2/Ada-SPARK-Ravenscar-Job-Pool,bounded_buffer.adb,22,+ 1 -> + 0,B.Head := (B.Head + 1) mod Capacity;,B.Head := (B.Head + 0) mod Capacity;,killed
misc/SPARK2/Ada-SPARK-Ravenscar-Job-Pool,bounded_buffer.adb,23,- 1 -> - 0,B.Count := B.Count - 1;,B.Count := B.Count - 0;,timeout
misc/SPARK2/Ada-SPARK-Ravenscar-Job-Pool,bounded_buffer.adb,28,= -> /=,function Is_Full (B : Buffer) return Boolean is (B.Count = Capacity);,function Is_Full (B : Buffer) return Boolean is (B.Count /= Capacity);,timeout
misc/SPARK2/Ada-SPARK-Ravenscar-Job-Pool,channel-sync.adb,12,> -> >=,entry Dequeue (Item : out Integer) when Length > 0 is,entry Dequeue (Item : out Integer) when Length >= 0 is,survived
misc/SPARK2/Ada-SPARK-Ravenscar-Job-Pool,job_pool.adb,21,- 1 -> - 0,subtype Q_Index is Natural range 0 .. Max_Jobs - 1;,subtype Q_Index is Natural range 0 .. Max_Jobs - 0;,survived
misc/SPARK2/Ada-SPARK-Ravenscar-Job-Pool,job_pool.adb,21,- -> +,subtype Q_Index is Natural range 0 .. Max_Jobs - 1;,subtype Q_Index is Natural range 0 .. Max_Jobs + 1;,survived
misc/SPARK2/Ada-SPARK-Ravenscar-Job-Pool,job_pool.adb,43,or else -> and then,entry Take (Id : out Job_Id) when Count > 0 or else Stop is,entry Take (Id : out Job_Id) when Count > 0 and then Stop is,timeout
misc/SPARK2/Ada-SPARK-Ravenscar-Job-Pool,job_pool.adb,43,> -> >=,entry Take (Id : out Job_Id) when Count > 0 or else Stop is,entry Take (Id : out Job_Id) when Count >= 0 or else Stop is,timeout
misc/SPARK2/Ada-SPARK-Ravenscar-Job-Pool,job_pool.adb,49,+ 1 -> + 0,Head := (Head + 1) mod Max_Jobs;,Head := (Head + 0) mod Max_Jobs;,timeout
misc/SPARK2/Ada-SPARK-Ravenscar-Job-Pool,job_pool.adb,49,+ -> -,Head := (Head + 1) mod Max_Jobs;,Head := (Head - 1) mod Max_Jobs;,timeout
misc/SPARK2/Ada-SPARK-Ravenscar-Job-Pool,job_pool.adb,50,- -> +,Count := Count - 1;,Count := Count + 1;,timeout
misc/SPARK2/Ada-SPARK-Ravenscar-Job-Pool,job_pool.adb,59,+ -> -,Count := Count + 1;,Count := Count - 1;,timeout
misc/SPARK2/Ada-SPARK-Ravenscar-Job-Pool,job_pool.adb,59,+ 1 -> + 0,Count := Count + 1;,Count := Count + 0;,timeout
misc/SPARK2/Ada-SPARK-Ravenscar-Job-Pool,job_pool.adb,100,= -> /=,if Jobs (J).State = Unused then,if Jobs (J).State /= Unused then,timeout
misc/SPARK2/Ada-SPARK-Ravenscar-Job-Pool,job_pool.adb,105,- 1 -> - 0,Free := Free - 1;,Free := Free - 0;,survived
misc/SPARK2/Ada-SPARK-Ravenscar-Job-Pool,job_pool.adb,123,< -> <=,if Free < Max_Jobs then,if Free <= Max_Jobs then,survived
misc/SPARK2/Ada-SPARK-Ravenscar-Job-Pool,job_pool.adb,127,- -> +,Busy := Busy - 1;,Busy := Busy + 1;,timeout
misc/SPARK2/Ada-SPARK-Ravenscar-Job-Pool,job_table.adb,36,+ 1 -> + 0,T.Top := T.Top + 1;,T.Top := T.Top + 0;,timeout
misc/SPARK2/Ada-SPARK-Rectangle-Area,rectangle_area.adb,4,* -> +,Result : constant Area_Value := R.Width * R.Height;,Result : constant Area_Value := R.Width + R.Height;,killed
misc/SPARK2/Ada-SPARK-Remove-Linked-List-Elements,remove_linked_list_elements.adb,12,< -> <=,if L.Size < Count'Last then,if L.Size <= Count'Last then,survived
misc/SPARK2/Ada-SPARK-Remove-Linked-List-Elements,remove_linked_list_elements.adb,13,+ 1 -> + 0,L.Size := L.Size + 1;,L.Size := L.Size + 0;,killed
misc/SPARK2/Ada-SPARK-Remove-Linked-List-Elements,remove_linked_list_elements.adb,13,+ -> -,L.Size := L.Size + 1;,L.Size := L.Size - 1;,killed
misc/SPARK2/Ada-SPARK-Remove-Linked-List-Elements,remove_linked_list_elements.adb,32,> -> >=,if L.Size > 0 then,if L.Size >= 0 then,survived
misc/SPARK2/Ada-SPARK-Remove-Linked-List-Elements,remove_linked_list_elements.adb,34,<= -> <,if I <= L.Size and then not Found and then L.Data (I) = V then,if I < L.Size and then not Found and then L.Data (I) = V then,survived
misc/SPARK2/Ada-SPARK-Remove-Linked-List-Elements,remove_linked_list_elements.adb,34,and then -> or else,if I <= L.Size and then not Found and then L.Data (I) = V then,if I <= L.Size and then not Found or else L.Data (I) = V then,stillborn
misc/SPARK2/Ada-SPARK-Remove-Linked-List-Elements,remove_linked_list_elements.adb,34,= -> /=,if I <= L.Size and then not Found and then L.Data (I) = V then,if I <= L.Size and then not Found and then L.Data (I) /= V then,survived
misc/SPARK2/Ada-SPARK-Remove-Linked-List-Elements,remove_linked_list_elements.adb,34,and then -> or else,if I <= L.Size and then not Found and then L.Data (I) = V then,if I <= L.Size or else not Found and then L.Data (I) = V then,stillborn
misc/SPARK2/Ada-SPARK-Remove-Linked-List-Elements,remove_linked_list_elements.adb,41,and then -> or else,if J < L.Size and then J < Position'Last and then J >= Where then,if J < L.Size or else J < Position'Last and then J >= Where then,stillborn
misc/SPARK2/Ada-SPARK-Remove-Linked-List-Elements,remove_linked_list_elements.adb,41,>= -> >,if J < L.Size and then J < Position'Last and then J >= Where then,if J < L.Size and then J < Position'Last and then J > Where then,killed
misc/SPARK2/Ada-SPARK-Remove-Linked-List-Elements,remove_linked_list_elements.adb,41,< -> <=,if J < L.Size and then J < Position'Last and then J >= Where then,if J <= L.Size and then J < Position'Last and then J >= Where then,survived
misc/SPARK2/Ada-SPARK-Remove-Linked-List-Elements,remove_linked_list_elements.adb,41,and then -> or else,if J < L.Size and then J < Position'Last and then J >= Where then,if J < L.Size and then J < Position'Last or else J >= Where then,stillborn
misc/SPARK2/Ada-SPARK-Remove-Linked-List-Elements,remove_linked_list_elements.adb,41,< -> <=,if J < L.Size and then J < Position'Last and then J >= Where then,if J < L.Size and then J <= Position'Last and then J >= Where then,survived
misc/SPARK2/Ada-SPARK-Remove-Linked-List-Elements,remove_linked_list_elements.adb,42,+ 1 -> + 0,L.Data (J) := L.Data (J + 1);,L.Data (J) := L.Data (J + 0);,killed
misc/SPARK2/Ada-SPARK-Remove-Linked-List-Elements,remove_linked_list_elements.adb,42,+ -> -,L.Data (J) := L.Data (J + 1);,L.Data (J) := L.Data (J - 1);,killed
misc/SPARK2/Ada-SPARK-Remove-Nth-Node-From-End,remove_nth_node_from_end.adb,6,+ -> -,begin if L.Size < Count'Last then L.Size := L.Size + 1; L.Data (L.Size) := V; end if; end Append;,begin if L.Size < Count'Last then L.Size := L.Size - 1; L.Data (L.Size) := V; end if; end Append;,killed
misc/SPARK2/Ada-SPARK-Remove-Nth-Node-From-End,remove_nth_node_from_end.adb,6,+ 1 -> + 0,begin if L.Size < Count'Last then L.Size := L.Size + 1; L.Data (L.Size) := V; end if; end Append;,begin if L.Size < Count'Last then L.Size := L.Size + 0; L.Data (L.Size) := V; end if; end Append;,killed
misc/SPARK2/Ada-SPARK-Remove-Nth-Node-From-End,remove_nth_node_from_end.adb,6,< -> <=,begin if L.Size < Count'Last then L.Size := L.Size + 1; L.Data (L.Size) := V; end if; end Append;,begin if L.Size <= Count'Last then L.Size := L.Size + 1; L.Data (L.Size) := V; end if; end Append;,survived
misc/SPARK2/Ada-SPARK-Remove-Nth-Node-From-End,remove_nth_node_from_end.adb,11,- -> +,if N <= L.Size then Target := L.Size - N + 1;,if N <= L.Size then Target := L.Size + N + 1;,killed
misc/SPARK2/Ada-SPARK-Remove-Nth-Node-From-End,remove_nth_node_from_end.adb,11,+ -> -,if N <= L.Size then Target := L.Size - N + 1;,if N <= L.Size then Target := L.Size - N - 1;,survived
misc/SPARK2/Ada-SPARK-Remove-Nth-Node-From-End,remove_nth_node_from_end.adb,11,<= -> <,if N <= L.Size then Target := L.Size - N + 1;,if N < L.Size then Target := L.Size - N + 1;,survived
misc/SPARK2/Ada-SPARK-Remove-Nth-Node-From-End,remove_nth_node_from_end.adb,11,+ 1 -> + 0,if N <= L.Size then Target := L.Size - N + 1;,if N <= L.Size then Target := L.Size - N + 0;,survived
misc/SPARK2/Ada-SPARK-Remove-Nth-Node-From-End,remove_nth_node_from_end.adb,12,+ -> -,for I in Position loop if I >= Target and then I < L.Size then L.Data (I) := L.Data (I + 1); end if;,for I in Position loop if I >= Target and then I < L.Size then L.Data (I) := L.Data (I - 1); end if;,killed
misc/SPARK2/Ada-SPARK-Remove-Nth-Node-From-End,remove_nth_node_from_end.adb,12,+ 1 -> + 0,for I in Position loop if I >= Target and then I < L.Size then L.Data (I) := L.Data (I + 1); end if;,for I in Position loop if I >= Target and then I < L.Size then L.Data (I) := L.Data (I + 0); end if;,killed
misc/SPARK2/Ada-SPARK-Remove-Nth-Node-From-End,remove_nth_node_from_end.adb,12,>= -> >,for I in Position loop if I >= Target and then I < L.Size then L.Data (I) := L.Data (I + 1); end if;,for I in Position loop if I > Target and then I < L.Size then L.Data (I) := L.Data (I + 1); end if; ,killed
misc/SPARK2/Ada-SPARK-Remove-Nth-Node-From-End,remove_nth_node_from_end.adb,12,and then -> or else,for I in Position loop if I >= Target and then I < L.Size then L.Data (I) := L.Data (I + 1); end if;,for I in Position loop if I >= Target or else I < L.Size then L.Data (I) := L.Data (I + 1); end if; ,killed
misc/SPARK2/Ada-SPARK-Remove-Nth-Node-From-End,remove_nth_node_from_end.adb,12,< -> <=,for I in Position loop if I >= Target and then I < L.Size then L.Data (I) := L.Data (I + 1); end if;,for I in Position loop if I >= Target and then I <= L.Size then L.Data (I) := L.Data (I + 1); end if,survived
misc/SPARK2/Ada-SPARK-Remove-Nth-Node-From-End,remove_nth_node_from_end.adb,13,- 1 -> - 0,L.Size := L.Size - 1;,L.Size := L.Size - 0;,killed
misc/SPARK2/Ada-SPARK-Remove-Nth-Node-From-End,remove_nth_node_from_end.adb,13,- -> +,L.Size := L.Size - 1;,L.Size := L.Size + 1;,killed
misc/SPARK2/Ada-SPARK-Reorder-List,reorder_list.adb,12,< -> <=,if L.Size < Count'Last then,if L.Size <= Count'Last then,survived
misc/SPARK2/Ada-SPARK-Reorder-List,reorder_list.adb,13,+ 1 -> + 0,L.Size := L.Size + 1;,L.Size := L.Size + 0;,killed
misc/SPARK2/Ada-SPARK-Reorder-List,reorder_list.adb,13,+ -> -,L.Size := L.Size + 1;,L.Size := L.Size - 1;,killed
misc/SPARK2/Ada-SPARK-Reorder-List,reorder_list.adb,34,> -> >=,exit when I > L.Size;,exit when I >= L.Size;,survived
misc/SPARK2/Ada-SPARK-Reorder-List,reorder_list.adb,36,< -> <=,if Out_Pos < Position'Last then,if Out_Pos <= Position'Last then,survived
misc/SPARK2/Ada-SPARK-Reorder-List,reorder_list.adb,37,+ -> -,Out_Pos := Out_Pos + 1;,Out_Pos := Out_Pos - 1;,killed
misc/SPARK2/Ada-SPARK-Reorder-List,reorder_list.adb,37,+ 1 -> + 0,Out_Pos := Out_Pos + 1;,Out_Pos := Out_Pos + 0;,killed
misc/SPARK2/Ada-SPARK-Reorder-List,reorder_list.adb,39,<= -> <,if I <= L.Size / 2 then,if I < L.Size / 2 then,killed
misc/SPARK2/Ada-SPARK-Reorder-List,reorder_list.adb,40,- -> +,Output (Out_Pos) := Original (L.Size - I + 1);,Output (Out_Pos) := Original (L.Size + I + 1);,killed
misc/SPARK2/Ada-SPARK-Reorder-List,reorder_list.adb,40,+ 1 -> + 0,Output (Out_Pos) := Original (L.Size - I + 1);,Output (Out_Pos) := Original (L.Size - I + 0);,killed
misc/SPARK2/Ada-SPARK-Reorder-List,reorder_list.adb,40,+ -> -,Output (Out_Pos) := Original (L.Size - I + 1);,Output (Out_Pos) := Original (L.Size - I - 1);,killed
misc/SPARK2/Ada-SPARK-Reorder-List,reorder_list.adb,41,< -> <=,if Out_Pos < Position'Last then,if Out_Pos <= Position'Last then,survived
misc/SPARK2/Ada-SPARK-Reorder-List,reorder_list.adb,42,+ 1 -> + 0,Out_Pos := Out_Pos + 1;,Out_Pos := Out_Pos + 0;,killed
misc/SPARK2/Ada-SPARK-Reorder-List,reorder_list.adb,42,+ -> -,Out_Pos := Out_Pos + 1;,Out_Pos := Out_Pos - 1;,killed
misc/SPARK2/Ada-SPARK-Reverse-Bits,reversed_bits.adb,9,* -> +,Result := Result * 2 + Work mod 2;,Result := Result + 2 + Work mod 2;,killed
misc/SPARK2/Ada-SPARK-Reverse-Bits,reversed_bits.adb,9,+ -> -,Result := Result * 2 + Work mod 2;,Result := Result * 2 - Work mod 2;,killed
misc/SPARK2/Ada-SPARK-Reverse-Linked-List,reverse_linked_list.adb,7,+ 1 -> + 0,begin if L.Size < Count'Last then L.Size := L.Size + 1; L.Data (L.Size) := V; end if; end Append;,begin if L.Size < Count'Last then L.Size := L.Size + 0; L.Data (L.Size) := V; end if; end Append;,killed
misc/SPARK2/Ada-SPARK-Reverse-Linked-List,reverse_linked_list.adb,7,+ -> -,begin if L.Size < Count'Last then L.Size := L.Size + 1; L.Data (L.Size) := V; end if; end Append;,begin if L.Size < Count'Last then L.Size := L.Size - 1; L.Data (L.Size) := V; end if; end Append;,killed
misc/SPARK2/Ada-SPARK-Reverse-Linked-List,reverse_linked_list.adb,7,< -> <=,begin if L.Size < Count'Last then L.Size := L.Size + 1; L.Data (L.Size) := V; end if; end Append;,begin if L.Size <= Count'Last then L.Size := L.Size + 1; L.Data (L.Size) := V; end if; end Append;,survived
misc/SPARK2/Ada-SPARK-Reverse-Linked-List,reverse_linked_list.adb,13,<= -> <,if I <= L.Size / 2 then,if I < L.Size / 2 then,survived
misc/SPARK2/Ada-SPARK-Reverse-Linked-List,reverse_linked_list.adb,14,- -> +,declare J : constant Position := Position (L.Size - I + 1); begin,declare J : constant Position := Position (L.Size + I + 1); begin,killed
misc/SPARK2/Ada-SPARK-Reverse-Linked-List,reverse_linked_list.adb,14,+ -> -,declare J : constant Position := Position (L.Size - I + 1); begin,declare J : constant Position := Position (L.Size - I - 1); begin,killed
misc/SPARK2/Ada-SPARK-Reverse-Linked-List,reverse_linked_list.adb,14,+ 1 -> + 0,declare J : constant Position := Position (L.Size - I + 1); begin,declare J : constant Position := Position (L.Size - I + 0); begin,killed
misc/SPARK2/Ada-SPARK-Reverse-Linked-List-II,src/reverse_linked_list_ii.adb,9,+ -> -,L.Length := L.Length + 1;,L.Length := L.Length - 1;,killed
misc/SPARK2/Ada-SPARK-Reverse-Linked-List-II,src/reverse_linked_list_ii.adb,9,+ 1 -> + 0,L.Length := L.Length + 1;,L.Length := L.Length + 0;,killed
misc/SPARK2/Ada-SPARK-Reverse-Linked-List-II,src/reverse_linked_list_ii.adb,21,< -> <=,while I < J loop,while I <= J loop,killed
misc/SPARK2/Ada-SPARK-Reverse-Linked-List-II,src/reverse_linked_list_ii.adb,26,+ -> -,I := I + 1;,I := I - 1;,killed
misc/SPARK2/Ada-SPARK-Reverse-Linked-List-II,src/reverse_linked_list_ii.adb,26,+ 1 -> + 0,I := I + 1;,I := I + 0;,killed
misc/SPARK2/Ada-SPARK-Reverse-Linked-List-II,src/reverse_linked_list_ii.adb,27,- -> +,J := J - 1;,J := J + 1;,killed
misc/SPARK2/Ada-SPARK-Reverse-Linked-List-II,src/reverse_linked_list_ii.adb,27,- 1 -> - 0,J := J - 1;,J := J - 0;,killed
misc/SPARK2/Ada-SPARK-Robot-Return-To-Origin,robot_origin.adb,9,> -> >=,exit when I > Length;,exit when I >= Length;,killed
misc/SPARK2/Ada-SPARK-Robot-Return-To-Origin,robot_origin.adb,12,+ 1 -> + 0,if Y < 32 then Y := Y + 1; end if;,if Y < 32 then Y := Y + 0; end if;,killed
misc/SPARK2/Ada-SPARK-Robot-Return-To-Origin,robot_origin.adb,12,< -> <=,if Y < 32 then Y := Y + 1; end if;,if Y <= 32 then Y := Y + 1; end if;,survived
misc/SPARK2/Ada-SPARK-Robot-Return-To-Origin,robot_origin.adb,12,+ -> -,if Y < 32 then Y := Y + 1; end if;,if Y < 32 then Y := Y - 1; end if;,killed
misc/SPARK2/Ada-SPARK-Robot-Return-To-Origin,robot_origin.adb,14,- -> +,if Y > -32 then Y := Y - 1; end if;,if Y > -32 then Y := Y + 1; end if;,killed
misc/SPARK2/Ada-SPARK-Robot-Return-To-Origin,robot_origin.adb,14,- 1 -> - 0,if Y > -32 then Y := Y - 1; end if;,if Y > -32 then Y := Y - 0; end if;,killed
misc/SPARK2/Ada-SPARK-Robot-Return-To-Origin,robot_origin.adb,14,> -> >=,if Y > -32 then Y := Y - 1; end if;,if Y >= -32 then Y := Y - 1; end if;,survived
misc/SPARK2/Ada-SPARK-Robot-Return-To-Origin,robot_origin.adb,16,- 1 -> - 0,if X > -32 then X := X - 1; end if;,if X > -32 then X := X - 0; end if;,killed
misc/SPARK2/Ada-SPARK-Robot-Return-To-Origin,robot_origin.adb,16,- -> +,if X > -32 then X := X - 1; end if;,if X > -32 then X := X + 1; end if;,killed
misc/SPARK2/Ada-SPARK-Robot-Return-To-Origin,robot_origin.adb,16,> -> >=,if X > -32 then X := X - 1; end if;,if X >= -32 then X := X - 1; end if;,survived
misc/SPARK2/Ada-SPARK-Robot-Return-To-Origin,robot_origin.adb,18,+ 1 -> + 0,if X < 32 then X := X + 1; end if;,if X < 32 then X := X + 0; end if;,killed
misc/SPARK2/Ada-SPARK-Robot-Return-To-Origin,robot_origin.adb,18,+ -> -,if X < 32 then X := X + 1; end if;,if X < 32 then X := X - 1; end if;,killed
misc/SPARK2/Ada-SPARK-Robot-Return-To-Origin,robot_origin.adb,18,< -> <=,if X < 32 then X := X + 1; end if;,if X <= 32 then X := X + 1; end if;,survived
misc/SPARK2/Ada-SPARK-Robot-Return-To-Origin,robot_origin.adb,23,and then -> or else,return X = 0 and then Y = 0;,return X = 0 or else Y = 0;,killed
misc/SPARK2/Ada-SPARK-Robot-Return-To-Origin,robot_origin.adb,23,= -> /=,return X = 0 and then Y = 0;,return X = 0 and then Y /= 0;,killed
misc/SPARK2/Ada-SPARK-Robot-Return-To-Origin,robot_origin.adb,23,= -> /=,return X = 0 and then Y = 0;,return X /= 0 and then Y = 0;,killed
misc/SPARK2/Ada-SPARK-Roman-To-Int,roman_to_int.adb,30,- -> +,if V1 < V2 then Total := Total - V1; else Total := Total + V1; end if;,if V1 < V2 then Total := Total + V1; else Total := Total + V1; end if;,killed
misc/SPARK2/Ada-SPARK-Roman-To-Int,roman_to_int.adb,30,< -> <=,if V1 < V2 then Total := Total - V1; else Total := Total + V1; end if;,if V1 <= V2 then Total := Total - V1; else Total := Total + V1; end if;,killed
misc/SPARK2/Ada-SPARK-Roman-To-Int,roman_to_int.adb,30,+ -> -,if V1 < V2 then Total := Total - V1; else Total := Total + V1; end if;,if V1 < V2 then Total := Total - V1; else Total := Total - V1; end if;,killed
misc/SPARK2/Ada-SPARK-Roman-To-Int,roman_to_int.adb,31,- -> +,if V2 < V3 then Total := Total - V2; else Total := Total + V2; end if;,if V2 < V3 then Total := Total + V2; else Total := Total + V2; end if;,killed
misc/SPARK2/Ada-SPARK-Roman-To-Int,roman_to_int.adb,31,+ -> -,if V2 < V3 then Total := Total - V2; else Total := Total + V2; end if;,if V2 < V3 then Total := Total - V2; else Total := Total - V2; end if;,killed
misc/SPARK2/Ada-SPARK-Roman-To-Int,roman_to_int.adb,31,< -> <=,if V2 < V3 then Total := Total - V2; else Total := Total + V2; end if;,if V2 <= V3 then Total := Total - V2; else Total := Total + V2; end if;,killed
misc/SPARK2/Ada-SPARK-Roman-To-Int,roman_to_int.adb,32,- -> +,if V3 < V4 then Total := Total - V3; else Total := Total + V3; end if;,if V3 < V4 then Total := Total + V3; else Total := Total + V3; end if;,killed
misc/SPARK2/Ada-SPARK-Roman-To-Int,roman_to_int.adb,32,+ -> -,if V3 < V4 then Total := Total - V3; else Total := Total + V3; end if;,if V3 < V4 then Total := Total - V3; else Total := Total - V3; end if;,killed
misc/SPARK2/Ada-SPARK-Roman-To-Int,roman_to_int.adb,32,< -> <=,if V3 < V4 then Total := Total - V3; else Total := Total + V3; end if;,if V3 <= V4 then Total := Total - V3; else Total := Total + V3; end if;,killed
misc/SPARK2/Ada-SPARK-Roman-To-Int,roman_to_int.adb,33,+ -> -,if V4 < V5 then Total := Total - V4; else Total := Total + V4; end if;,if V4 < V5 then Total := Total - V4; else Total := Total - V4; end if;,killed
misc/SPARK2/Ada-SPARK-Roman-To-Int,roman_to_int.adb,33,< -> <=,if V4 < V5 then Total := Total - V4; else Total := Total + V4; end if;,if V4 <= V5 then Total := Total - V4; else Total := Total + V4; end if;,killed
misc/SPARK2/Ada-SPARK-Roman-To-Int,roman_to_int.adb,33,- -> +,if V4 < V5 then Total := Total - V4; else Total := Total + V4; end if;,if V4 < V5 then Total := Total + V4; else Total := Total + V4; end if;,killed
misc/SPARK2/Ada-SPARK-Roman-To-Int,roman_to_int.adb,34,< -> <=,if V5 < V6 then Total := Total - V5; else Total := Total + V5; end if;,if V5 <= V6 then Total := Total - V5; else Total := Total + V5; end if;,killed
misc/SPARK2/Ada-SPARK-Roman-To-Int,roman_to_int.adb,34,- -> +,if V5 < V6 then Total := Total - V5; else Total := Total + V5; end if;,if V5 < V6 then Total := Total + V5; else Total := Total + V5; end if;,killed
misc/SPARK2/Ada-SPARK-Roman-To-Int,roman_to_int.adb,34,+ -> -,if V5 < V6 then Total := Total - V5; else Total := Total + V5; end if;,if V5 < V6 then Total := Total - V5; else Total := Total - V5; end if;,killed
misc/SPARK2/Ada-SPARK-Roman-To-Int,roman_to_int.adb,35,< -> <=,if V6 < V7 then Total := Total - V6; else Total := Total + V6; end if;,if V6 <= V7 then Total := Total - V6; else Total := Total + V6; end if;,killed
misc/SPARK2/Ada-SPARK-Roman-To-Int,roman_to_int.adb,35,+ -> -,if V6 < V7 then Total := Total - V6; else Total := Total + V6; end if;,if V6 < V7 then Total := Total - V6; else Total := Total - V6; end if;,killed
misc/SPARK2/Ada-SPARK-Roman-To-Int,roman_to_int.adb,35,- -> +,if V6 < V7 then Total := Total - V6; else Total := Total + V6; end if;,if V6 < V7 then Total := Total + V6; else Total := Total + V6; end if;,killed
misc/SPARK2/Ada-SPARK-Roman-To-Int,roman_to_int.adb,36,+ -> -,Total := Total + V7;,Total := Total - V7;,killed
misc/SPARK2/Ada-SPARK-Rotate-List,src/rotate_list.adb,9,+ -> -,L.Length := L.Length + 1;,L.Length := L.Length - 1;,killed
misc/SPARK2/Ada-SPARK-Rotate-List,src/rotate_list.adb,9,+ 1 -> + 0,L.Length := L.Length + 1;,L.Length := L.Length + 0;,killed
misc/SPARK2/Ada-SPARK-Rotate-List,src/rotate_list.adb,24,<= -> <,if I <= L.Length then,if I < L.Length then,killed
misc/SPARK2/Ada-SPARK-Rotate-List,src/rotate_list.adb,25,> -> >=,if I > Shift then,if I >= Shift then,killed
misc/SPARK2/Ada-SPARK-Rotate-List,src/rotate_list.adb,26,- -> +,L.Data (I) := Original (I - Shift);,L.Data (I) := Original (I + Shift);,killed
misc/SPARK2/Ada-SPARK-Rotate-List,src/rotate_list.adb,27,> -> >=,elsif Shift > 0 then,elsif Shift >= 0 then,survived
misc/SPARK2/Ada-SPARK-Rotate-List,src/rotate_list.adb,28,- -> +,L.Data (I) := Original (L.Length - Shift + I);,L.Data (I) := Original (L.Length + Shift + I);,killed
misc/SPARK2/Ada-SPARK-Rotate-List,src/rotate_list.adb,28,+ -> -,L.Data (I) := Original (L.Length - Shift + I);,L.Data (I) := Original (L.Length - Shift - I);,killed
misc/SPARK2/Ada-SPARK-Smallest-Integer-Divisible-By-K,smallest_integer_divisible_by_k.adb,8,+ 1 -> + 0,Remainder := (Remainder * 10 + 1) mod K;,Remainder := (Remainder * 10 + 0) mod K;,killed
misc/SPARK2/Ada-SPARK-Smallest-Integer-Divisible-By-K,smallest_integer_divisible_by_k.adb,8,+ -> -,Remainder := (Remainder * 10 + 1) mod K;,Remainder := (Remainder * 10 - 1) mod K;,survived
misc/SPARK2/Ada-SPARK-Smallest-Integer-Divisible-By-K,smallest_integer_divisible_by_k.adb,8,* -> +,Remainder := (Remainder * 10 + 1) mod K;,Remainder := (Remainder + 10 + 1) mod K;,killed
misc/SPARK2/Ada-SPARK-Smallest-Integer-Divisible-By-K,smallest_integer_divisible_by_k.adb,9,= -> /=,if Remainder = 0 then,if Remainder /= 0 then,killed
misc/SPARK2/Ada-SPARK-Special-Array-With-X-Elements,special_array_with_x_elements.adb,5,= -> /=,(if V = X then 1 else 0);,(if V /= X then 1 else 0);,killed
misc/SPARK2/Ada-SPARK-Special-Array-With-X-Elements,special_array_with_x_elements.adb,9,+ -> -,"return Match (A (1), X) + Match (A (2), X)","return Match (A (1), X) - Match (A (2), X)",killed
misc/SPARK2/Ada-SPARK-Special-Array-With-X-Elements,special_array_with_x_elements.adb,10,+ -> -,"+ Match (A (3), X) + Match (A (4), X)","+ Match (A (3), X) - Match (A (4), X)",killed
misc/SPARK2/Ada-SPARK-Special-Array-With-X-Elements,special_array_with_x_elements.adb,10,+ -> -,"+ Match (A (3), X) + Match (A (4), X)","- Match (A (3), X) + Match (A (4), X)",killed
misc/SPARK2/Ada-SPARK-Special-Array-With-X-Elements,special_array_with_x_elements.adb,11,+ -> -,"+ Match (A (5), X) + Match (A (6), X)","- Match (A (5), X) + Match (A (6), X)",killed
misc/SPARK2/Ada-SPARK-Special-Array-With-X-Elements,special_array_with_x_elements.adb,11,+ -> -,"+ Match (A (5), X) + Match (A (6), X)","+ Match (A (5), X) - Match (A (6), X)",killed
misc/SPARK2/Ada-SPARK-Special-Array-With-X-Elements,special_array_with_x_elements.adb,12,+ -> -,"+ Match (A (7), X) + Match (A (8), X);","+ Match (A (7), X) - Match (A (8), X);",killed
misc/SPARK2/Ada-SPARK-Special-Array-With-X-Elements,special_array_with_x_elements.adb,12,+ -> -,"+ Match (A (7), X) + Match (A (8), X);","- Match (A (7), X) + Match (A (8), X);",killed
misc/SPARK2/Ada-SPARK-Special-Array-With-X-Elements,special_array_with_x_elements.adb,17,= -> /=,"return Match_Count (A, X) = X;","return Match_Count (A, X) /= X;",killed
misc/SPARK2/Ada-SPARK-Sum-Of-Subarray-Minimums,sum_of_subarray_minimums.adb,11,< -> <=,if A (Right) < Current_Min then,if A (Right) <= Current_Min then,survived
misc/SPARK2/Ada-SPARK-Sum-Of-Subarray-Minimums,sum_of_subarray_minimums.adb,14,<= -> <,if Total <= Sum_Value'Last - Sum_Value (Current_Min) then,if Total < Sum_Value'Last - Sum_Value (Current_Min) then,survived
misc/SPARK2/Ada-SPARK-Sum-Of-Subarray-Minimums,sum_of_subarray_minimums.adb,14,- -> +,if Total <= Sum_Value'Last - Sum_Value (Current_Min) then,if Total <= Sum_Value'Last + Sum_Value (Current_Min) then,survived
misc/SPARK2/Ada-SPARK-Sum-Of-Subarray-Minimums,sum_of_subarray_minimums.adb,15,+ -> -,Total := Total + Sum_Value (Current_Min);,Total := Total - Sum_Value (Current_Min);,killed
misc/SPARK2/Ada-SPARK-Swap-Nodes-In-Pairs,src/swap_nodes_in_pairs.adb,9,+ -> -,L.Length := L.Length + 1;,L.Length := L.Length - 1;,killed
misc/SPARK2/Ada-SPARK-Swap-Nodes-In-Pairs,src/swap_nodes_in_pairs.adb,9,+ 1 -> + 0,L.Length := L.Length + 1;,L.Length := L.Length + 0;,killed
misc/SPARK2/Ada-SPARK-Swap-Nodes-In-Pairs,src/swap_nodes_in_pairs.adb,19,- 1 -> - 0,for I in 1 .. Capacity - 1 loop,for I in 1 .. Capacity - 0 loop,survived
misc/SPARK2/Ada-SPARK-Swap-Nodes-In-Pairs,src/swap_nodes_in_pairs.adb,19,- -> +,for I in 1 .. Capacity - 1 loop,for I in 1 .. Capacity + 1 loop,survived
misc/SPARK2/Ada-SPARK-Swap-Nodes-In-Pairs,src/swap_nodes_in_pairs.adb,20,+ -> -,if I mod 2 = 1 and then I + 1 <= L.Length then,if I mod 2 = 1 and then I - 1 <= L.Length then,killed
misc/SPARK2/Ada-SPARK-Swap-Nodes-In-Pairs,src/swap_nodes_in_pairs.adb,20,and then -> or else,if I mod 2 = 1 and then I + 1 <= L.Length then,if I mod 2 = 1 or else I + 1 <= L.Length then,killed
misc/SPARK2/Ada-SPARK-Swap-Nodes-In-Pairs,src/swap_nodes_in_pairs.adb,20,<= -> <,if I mod 2 = 1 and then I + 1 <= L.Length then,if I mod 2 = 1 and then I + 1 < L.Length then,killed
misc/SPARK2/Ada-SPARK-Swap-Nodes-In-Pairs,src/swap_nodes_in_pairs.adb,20,+ 1 -> + 0,if I mod 2 = 1 and then I + 1 <= L.Length then,if I mod 2 = 1 and then I + 0 <= L.Length then,killed
misc/SPARK2/Ada-SPARK-Swap-Nodes-In-Pairs,src/swap_nodes_in_pairs.adb,20,= -> /=,if I mod 2 = 1 and then I + 1 <= L.Length then,if I mod 2 /= 1 and then I + 1 <= L.Length then,killed
misc/SPARK2/Ada-SPARK-Swap-Nodes-In-Pairs,src/swap_nodes_in_pairs.adb,22,+ -> -,L.Data (I) := L.Data (I + 1);,L.Data (I) := L.Data (I - 1);,killed
misc/SPARK2/Ada-SPARK-Swap-Nodes-In-Pairs,src/swap_nodes_in_pairs.adb,22,+ 1 -> + 0,L.Data (I) := L.Data (I + 1);,L.Data (I) := L.Data (I + 0);,killed
misc/SPARK2/Ada-SPARK-Swap-Nodes-In-Pairs,src/swap_nodes_in_pairs.adb,23,+ 1 -> + 0,L.Data (I + 1) := Temp;,L.Data (I + 0) := Temp;,killed
misc/SPARK2/Ada-SPARK-Swap-Nodes-In-Pairs,src/swap_nodes_in_pairs.adb,23,+ -> -,L.Data (I + 1) := Temp;,L.Data (I - 1) := Temp;,killed
misc/SPARK2/Ada-SPARK-Swapping-Nodes-In-A-Linked-List,swapping_nodes_in_a_linked_list.adb,12,< -> <=,if L.Size < Count'Last then,if L.Size <= Count'Last then,survived
misc/SPARK2/Ada-SPARK-Swapping-Nodes-In-A-Linked-List,swapping_nodes_in_a_linked_list.adb,13,+ -> -,L.Size := L.Size + 1;,L.Size := L.Size - 1;,killed
misc/SPARK2/Ada-SPARK-Swapping-Nodes-In-A-Linked-List,swapping_nodes_in_a_linked_list.adb,13,+ 1 -> + 0,L.Size := L.Size + 1;,L.Size := L.Size + 0;,killed
misc/SPARK2/Ada-SPARK-Tanimoto,tanimoto.adb,4,* -> +,Dot : constant Integer := Integer (A (1)) * Integer (B (1)),Dot : constant Integer := Integer (A (1)) + Integer (B (1)),killed
misc/SPARK2/Ada-SPARK-Tanimoto,tanimoto.adb,5,+ -> -,+ Integer (A (2)) * Integer (B (2)),- Integer (A (2)) * Integer (B (2)),killed
misc/SPARK2/Ada-SPARK-Tanimoto,tanimoto.adb,5,* -> +,+ Integer (A (2)) * Integer (B (2)),+ Integer (A (2)) + Integer (B (2)),killed
misc/SPARK2/Ada-SPARK-Tanimoto,tanimoto.adb,6,* -> +,+ Integer (A (3)) * Integer (B (3));,+ Integer (A (3)) + Integer (B (3));,killed
misc/SPARK2/Ada-SPARK-Tanimoto,tanimoto.adb,6,+ -> -,+ Integer (A (3)) * Integer (B (3));,- Integer (A (3)) * Integer (B (3));,killed
misc/SPARK2/Ada-SPARK-Tanimoto,tanimoto.adb,7,* -> +,Norm_A : constant Integer := Integer (A (1)) * Integer (A (1)),Norm_A : constant Integer := Integer (A (1)) + Integer (A (1)),killed
misc/SPARK2/Ada-SPARK-Tanimoto,tanimoto.adb,8,* -> +,+ Integer (A (2)) * Integer (A (2)),+ Integer (A (2)) + Integer (A (2)),killed
misc/SPARK2/Ada-SPARK-Tanimoto,tanimoto.adb,8,+ -> -,+ Integer (A (2)) * Integer (A (2)),- Integer (A (2)) * Integer (A (2)),killed
misc/SPARK2/Ada-SPARK-Tanimoto,tanimoto.adb,9,* -> +,+ Integer (A (3)) * Integer (A (3));,+ Integer (A (3)) + Integer (A (3));,killed
misc/SPARK2/Ada-SPARK-Tanimoto,tanimoto.adb,9,+ -> -,+ Integer (A (3)) * Integer (A (3));,- Integer (A (3)) * Integer (A (3));,killed
misc/SPARK2/Ada-SPARK-Tanimoto,tanimoto.adb,10,* -> +,Norm_B : constant Integer := Integer (B (1)) * Integer (B (1)),Norm_B : constant Integer := Integer (B (1)) + Integer (B (1)),killed
misc/SPARK2/Ada-SPARK-Tanimoto,tanimoto.adb,11,+ -> -,+ Integer (B (2)) * Integer (B (2)),- Integer (B (2)) * Integer (B (2)),killed
misc/SPARK2/Ada-SPARK-Tanimoto,tanimoto.adb,11,* -> +,+ Integer (B (2)) * Integer (B (2)),+ Integer (B (2)) + Integer (B (2)),killed
misc/SPARK2/Ada-SPARK-Tanimoto,tanimoto.adb,12,* -> +,+ Integer (B (3)) * Integer (B (3));,+ Integer (B (3)) + Integer (B (3));,killed
misc/SPARK2/Ada-SPARK-Tanimoto,tanimoto.adb,12,+ -> -,+ Integer (B (3)) * Integer (B (3));,- Integer (B (3)) * Integer (B (3));,killed
misc/SPARK2/Ada-SPARK-Tanimoto,tanimoto.adb,13,+ -> -,Denominator : constant Integer := Norm_A + Norm_B - Dot;,Denominator : constant Integer := Norm_A - Norm_B - Dot;,killed
misc/SPARK2/Ada-SPARK-Tanimoto,tanimoto.adb,13,- -> +,Denominator : constant Integer := Norm_A + Norm_B - Dot;,Denominator : constant Integer := Norm_A + Norm_B + Dot;,killed
misc/SPARK2/Ada-SPARK-Tanimoto,tanimoto.adb,15,= -> /=,return (if Denominator = 0 then 100 else (100 * Dot) / Denominator);,return (if Denominator /= 0 then 100 else (100 * Dot) / Denominator);,killed
misc/SPARK2/Ada-SPARK-Tanimoto,tanimoto.adb,15,* -> +,return (if Denominator = 0 then 100 else (100 * Dot) / Denominator);,return (if Denominator = 0 then 100 else (100 + Dot) / Denominator);,killed
misc/SPARK2/Ada-SPARK-Third-Maximum-Number,third_maximum_number.adb,11,+ -> -,if J < Index'Last and then Work (J) < Work (J + 1) then,if J < Index'Last and then Work (J) < Work (J - 1) then,killed
misc/SPARK2/Ada-SPARK-Third-Maximum-Number,third_maximum_number.adb,11,and then -> or else,if J < Index'Last and then Work (J) < Work (J + 1) then,if J < Index'Last or else Work (J) < Work (J + 1) then,killed
misc/SPARK2/Ada-SPARK-Third-Maximum-Number,third_maximum_number.adb,11,< -> <=,if J < Index'Last and then Work (J) < Work (J + 1) then,if J < Index'Last and then Work (J) <= Work (J + 1) then,survived
misc/SPARK2/Ada-SPARK-Third-Maximum-Number,third_maximum_number.adb,11,+ 1 -> + 0,if J < Index'Last and then Work (J) < Work (J + 1) then,if J < Index'Last and then Work (J) < Work (J + 0) then,killed
misc/SPARK2/Ada-SPARK-Third-Maximum-Number,third_maximum_number.adb,11,< -> <=,if J < Index'Last and then Work (J) < Work (J + 1) then,if J <= Index'Last and then Work (J) < Work (J + 1) then,killed
misc/SPARK2/Ada-SPARK-Third-Maximum-Number,third_maximum_number.adb,13,+ 1 -> + 0,Work (J) := Work (J + 1);,Work (J) := Work (J + 0);,killed
misc/SPARK2/Ada-SPARK-Third-Maximum-Number,third_maximum_number.adb,13,+ -> -,Work (J) := Work (J + 1);,Work (J) := Work (J - 1);,killed
misc/SPARK2/Ada-SPARK-Third-Maximum-Number,third_maximum_number.adb,14,+ -> -,Work (J + 1) := Temp;,Work (J - 1) := Temp;,killed
misc/SPARK2/Ada-SPARK-Third-Maximum-Number,third_maximum_number.adb,14,+ 1 -> + 0,Work (J + 1) := Temp;,Work (J + 0) := Temp;,killed
misc/SPARK2/Ada-SPARK-Third-Maximum-Number,third_maximum_number.adb,19,- -> +,if Work (I) /= Work (I - 1) then,if Work (I) /= Work (I + 1) then,killed
misc/SPARK2/Ada-SPARK-Third-Maximum-Number,third_maximum_number.adb,19,/= -> =,if Work (I) /= Work (I - 1) then,if Work (I) = Work (I - 1) then,killed
misc/SPARK2/Ada-SPARK-Third-Maximum-Number,third_maximum_number.adb,19,- 1 -> - 0,if Work (I) /= Work (I - 1) then,if Work (I) /= Work (I - 0) then,killed
misc/SPARK2/Ada-SPARK-Third-Maximum-Number,third_maximum_number.adb,20,< -> <=,if Distinct < 3 then,if Distinct <= 3 then,survived
misc/SPARK2/Ada-SPARK-Third-Maximum-Number,third_maximum_number.adb,21,+ 1 -> + 0,Distinct := Distinct + 1;,Distinct := Distinct + 0;,killed
misc/SPARK2/Ada-SPARK-Third-Maximum-Number,third_maximum_number.adb,21,+ -> -,Distinct := Distinct + 1;,Distinct := Distinct - 1;,killed
misc/SPARK2/Ada-SPARK-Third-Maximum-Number,third_maximum_number.adb,23,= -> /=,if Distinct = 3 then,if Distinct /= 3 then,killed
misc/SPARK2/Ada-SPARK-To-Lower-Case,to_lower_case.adb,7,+ -> -,return Character'Val (Character'Pos (C) + 32);,return Character'Val (Character'Pos (C) - 32);,killed
misc/SPARK2/Ada-SPARK-To-Lower-Case,to_lower_case.adb,20,> -> >=,exit when I > Length;,exit when I >= Length;,killed
misc/SPARK2/Ada-SPARK-Top-K-Frequent-Words,top_k_frequent_words.adb,12,> -> >=,exit when I > N;,exit when I >= N;,killed
misc/SPARK2/Ada-SPARK-Top-K-Frequent-Words,top_k_frequent_words.adb,14,+ 1 -> + 0,C (Pos) := C (Pos) + 1;,C (Pos) := C (Pos) + 0;,killed
misc/SPARK2/Ada-SPARK-Top-K-Frequent-Words,top_k_frequent_words.adb,14,+ -> -,C (Pos) := C (Pos) + 1;,C (Pos) := C (Pos) - 1;,killed
misc/SPARK2/Ada-SPARK-Top-K-Frequent-Words,top_k_frequent_words.adb,19,< -> <=,if Sorted (J) < Sorted (I) then,if Sorted (J) <= Sorted (I) then,survived
misc/SPARK2/Ada-SPARK-Trapping-Rain-Water,trapping_rain_water.adb,12,> -> >=,exit when I > Length;,exit when I >= Length;,survived
misc/SPARK2/Ada-SPARK-Trapping-Rain-Water,trapping_rain_water.adb,16,> -> >=,exit when J > Length;,exit when J >= Length;,killed
misc/SPARK2/Ada-SPARK-Trapping-Rain-Water,trapping_rain_water.adb,17,and then -> or else,if J <= I and then Data (J) > Left_Max then,if J <= I or else Data (J) > Left_Max then,killed
misc/SPARK2/Ada-SPARK-Trapping-Rain-Water,trapping_rain_water.adb,17,> -> >=,if J <= I and then Data (J) > Left_Max then,if J <= I and then Data (J) >= Left_Max then,survived
misc/SPARK2/Ada-SPARK-Trapping-Rain-Water,trapping_rain_water.adb,17,<= -> <,if J <= I and then Data (J) > Left_Max then,if J < I and then Data (J) > Left_Max then,survived
misc/SPARK2/Ada-SPARK-Trapping-Rain-Water,trapping_rain_water.adb,20,and then -> or else,if J >= I and then Data (J) > Right_Max then,if J >= I or else Data (J) > Right_Max then,killed
misc/SPARK2/Ada-SPARK-Trapping-Rain-Water,trapping_rain_water.adb,20,>= -> >,if J >= I and then Data (J) > Right_Max then,if J > I and then Data (J) > Right_Max then,survived
misc/SPARK2/Ada-SPARK-Trapping-Rain-Water,trapping_rain_water.adb,20,> -> >=,if J >= I and then Data (J) > Right_Max then,if J >= I and then Data (J) >= Right_Max then,survived
misc/SPARK2/Ada-SPARK-Trapping-Rain-Water,trapping_rain_water.adb,24,< -> <=,if Left_Max < Right_Max then,if Left_Max <= Right_Max then,survived
misc/SPARK2/Ada-SPARK-Trapping-Rain-Water,trapping_rain_water.adb,29,< -> <=,if Data (I) < Limit then,if Data (I) <= Limit then,survived
misc/SPARK2/Ada-SPARK-Trapping-Rain-Water,trapping_rain_water.adb,30,+ -> -,Total := Total + Limit - Data (I);,Total := Total - Limit - Data (I);,killed
misc/SPARK2/Ada-SPARK-Trapping-Rain-Water,trapping_rain_water.adb,30,- -> +,Total := Total + Limit - Data (I);,Total := Total + Limit + Data (I);,killed
misc/SPARK2/Ada-SPARK-Trapping-Rain-Water-II-Lite,trapping_rain_water_ii_lite.adb,12,> -> >=,exit when I > Length;,exit when I >= Length;,survived
misc/SPARK2/Ada-SPARK-Trapping-Rain-Water-II-Lite,trapping_rain_water_ii_lite.adb,15,>= -> >,exit when J >= I;,exit when J > I;,survived
misc/SPARK2/Ada-SPARK-Trapping-Rain-Water-II-Lite,trapping_rain_water_ii_lite.adb,16,> -> >=,if Data (J) > Left_Max then,if Data (J) >= Left_Max then,survived
misc/SPARK2/Ada-SPARK-Trapping-Rain-Water-II-Lite,trapping_rain_water_ii_lite.adb,22,> -> >=,exit when J > Length;,exit when J >= Length;,killed
misc/SPARK2/Ada-SPARK-Trapping-Rain-Water-II-Lite,trapping_rain_water_ii_lite.adb,23,> -> >=,if J > I and then Data (J) > Right_Max then,if J >= I and then Data (J) > Right_Max then,survived
misc/SPARK2/Ada-SPARK-Trapping-Rain-Water-II-Lite,trapping_rain_water_ii_lite.adb,23,and then -> or else,if J > I and then Data (J) > Right_Max then,if J > I or else Data (J) > Right_Max then,killed
misc/SPARK2/Ada-SPARK-Trapping-Rain-Water-II-Lite,trapping_rain_water_ii_lite.adb,23,> -> >=,if J > I and then Data (J) > Right_Max then,if J > I and then Data (J) >= Right_Max then,survived
misc/SPARK2/Ada-SPARK-Trapping-Rain-Water-II-Lite,trapping_rain_water_ii_lite.adb,27,< -> <=,if Left_Max < Right_Max then,if Left_Max <= Right_Max then,survived
misc/SPARK2/Ada-SPARK-Trapping-Rain-Water-II-Lite,trapping_rain_water_ii_lite.adb,32,> -> >=,if Level > Data (I) then,if Level >= Data (I) then,survived
misc/SPARK2/Ada-SPARK-Trapping-Rain-Water-II-Lite,trapping_rain_water_ii_lite.adb,33,+ -> -,Total := Total + Level - Data (I);,Total := Total - Level - Data (I);,killed
misc/SPARK2/Ada-SPARK-Trapping-Rain-Water-II-Lite,trapping_rain_water_ii_lite.adb,33,- -> +,Total := Total + Level - Data (I);,Total := Total + Level + Data (I);,killed
misc/SPARK2/Ada-SPARK-Triangle-Min-Path,triangle_min_path.adb,8,+ -> -,"B31 : constant Natural := T (3, 1) + Natural'Min (B41, B42);","B31 : constant Natural := T (3, 1) - Natural'Min (B41, B42);",killed
misc/SPARK2/Ada-SPARK-Triangle-Min-Path,triangle_min_path.adb,9,+ -> -,"B32 : constant Natural := T (3, 2) + Natural'Min (B42, B43);","B32 : constant Natural := T (3, 2) - Natural'Min (B42, B43);",killed
misc/SPARK2/Ada-SPARK-Triangle-Min-Path,triangle_min_path.adb,10,+ -> -,"B33 : constant Natural := T (3, 3) + Natural'Min (B43, B44);","B33 : constant Natural := T (3, 3) - Natural'Min (B43, B44);",killed
misc/SPARK2/Ada-SPARK-Triangle-Min-Path,triangle_min_path.adb,11,+ -> -,"B21 : constant Natural := T (2, 1) + Natural'Min (B31, B32);","B21 : constant Natural := T (2, 1) - Natural'Min (B31, B32);",killed
misc/SPARK2/Ada-SPARK-Triangle-Min-Path,triangle_min_path.adb,12,+ -> -,"B22 : constant Natural := T (2, 2) + Natural'Min (B32, B33);","B22 : constant Natural := T (2, 2) - Natural'Min (B32, B33);",killed
misc/SPARK2/Ada-SPARK-Triangle-Min-Path,triangle_min_path.adb,13,+ -> -,"B11 : constant Natural := T (1, 1) + Natural'Min (B21, B22);","B11 : constant Natural := T (1, 1) - Natural'Min (B21, B22);",killed
misc/SPARK2/Ada-SPARK-Tribonacci,tribonacci.adb,6,- -> +,if Left > Result'Last - Right then,if Left > Result'Last + Right then,survived
misc/SPARK2/Ada-SPARK-Tribonacci,tribonacci.adb,6,> -> >=,if Left > Result'Last - Right then,if Left >= Result'Last - Right then,survived
misc/SPARK2/Ada-SPARK-Tribonacci,tribonacci.adb,9,+ -> -,return Left + Right;,return Left - Right;,killed
misc/SPARK2/Ada-SPARK-Tribonacci,tribonacci.adb,18,= -> /=,if N = 0 then,if N /= 0 then,killed
misc/SPARK2/Ada-SPARK-Tribonacci,tribonacci.adb,20,= -> /=,elsif N = 1 then,elsif N /= 1 then,killed
misc/SPARK2/Ada-SPARK-Tribonacci,tribonacci.adb,22,= -> /=,elsif N = 2 then,elsif N /= 2 then,killed
misc/SPARK2/Ada-SPARK-Tribonacci-Number,tribonacci_number.adb,6,- -> +,if Left > Result'Last - Right then,if Left > Result'Last + Right then,survived
misc/SPARK2/Ada-SPARK-Tribonacci-Number,tribonacci_number.adb,6,> -> >=,if Left > Result'Last - Right then,if Left >= Result'Last - Right then,survived
misc/SPARK2/Ada-SPARK-Tribonacci-Number,tribonacci_number.adb,9,+ -> -,return Left + Right;,return Left - Right;,killed
misc/SPARK2/Ada-SPARK-Tribonacci-Number,tribonacci_number.adb,18,= -> /=,if N = 0 then,if N /= 0 then,killed
misc/SPARK2/Ada-SPARK-Tribonacci-Number,tribonacci_number.adb,20,= -> /=,elsif N = 1 then,elsif N /= 1 then,killed
misc/SPARK2/Ada-SPARK-Tribonacci-Number,tribonacci_number.adb,22,= -> /=,elsif N = 2 then,elsif N /= 2 then,killed
misc/SPARK2/Ada-SPARK-Unique-Paths-II,unique_paths_ii.adb,7,- -> +,if Left > Result'Last - Right then,if Left > Result'Last + Right then,survived
misc/SPARK2/Ada-SPARK-Unique-Paths-II,unique_paths_ii.adb,7,> -> >=,if Left > Result'Last - Right then,if Left >= Result'Last - Right then,survived
misc/SPARK2/Ada-SPARK-Unique-Paths-II,unique_paths_ii.adb,10,+ -> -,return Left + Right;,return Left - Right;,killed
misc/SPARK2/Ada-SPARK-Unique-Paths-II,unique_paths_ii.adb,23,= -> /=,elsif R = 1 and then C = 1 then,elsif R /= 1 and then C = 1 then,killed
misc/SPARK2/Ada-SPARK-Unique-Paths-II,unique_paths_ii.adb,23,= -> /=,elsif R = 1 and then C = 1 then,elsif R = 1 and then C /= 1 then,killed
misc/SPARK2/Ada-SPARK-Unique-Paths-II,unique_paths_ii.adb,23,and then -> or else,elsif R = 1 and then C = 1 then,elsif R = 1 or else C = 1 then,killed
misc/SPARK2/Ada-SPARK-Unique-Paths-II,unique_paths_ii.adb,25,= -> /=,elsif R = 1 then,elsif R /= 1 then,killed
misc/SPARK2/Ada-SPARK-Unique-Paths-II,unique_paths_ii.adb,26,- -> +,"Ways (R, C) := Ways (R, C - 1);","Ways (R, C) := Ways (R, C + 1);",killed
misc/SPARK2/Ada-SPARK-Unique-Paths-II,unique_paths_ii.adb,26,- 1 -> - 0,"Ways (R, C) := Ways (R, C - 1);","Ways (R, C) := Ways (R, C - 0);",killed
misc/SPARK2/Ada-SPARK-Unique-Paths-II,unique_paths_ii.adb,27,= -> /=,elsif C = 1 then,elsif C /= 1 then,stillborn
misc/SPARK2/Ada-SPARK-Unique-Paths-II,unique_paths_ii.adb,28,- -> +,"Ways (R, C) := Ways (R - 1, C);","Ways (R, C) := Ways (R + 1, C);",killed
misc/SPARK2/Ada-SPARK-Unique-Paths-II,unique_paths_ii.adb,28,- 1 -> - 0,"Ways (R, C) := Ways (R - 1, C);","Ways (R, C) := Ways (R - 0, C);",killed
misc/SPARK2/Ada-SPARK-Unique-Paths-II,unique_paths_ii.adb,30,- -> +,"Ways (R, C) := Add_Bounded (Ways (R - 1, C), Ways (R, C - 1));","Ways (R, C) := Add_Bounded (Ways (R + 1, C), Ways (R, C - 1));",killed
misc/SPARK2/Ada-SPARK-Unique-Paths-II,unique_paths_ii.adb,30,- 1 -> - 0,"Ways (R, C) := Add_Bounded (Ways (R - 1, C), Ways (R, C - 1));","Ways (R, C) := Add_Bounded (Ways (R - 1, C), Ways (R, C - 0));",killed
misc/SPARK2/Ada-SPARK-Unique-Paths-II,unique_paths_ii.adb,30,- 1 -> - 0,"Ways (R, C) := Add_Bounded (Ways (R - 1, C), Ways (R, C - 1));","Ways (R, C) := Add_Bounded (Ways (R - 0, C), Ways (R, C - 1));",killed
misc/SPARK2/Ada-SPARK-Unique-Paths-II,unique_paths_ii.adb,30,- -> +,"Ways (R, C) := Add_Bounded (Ways (R - 1, C), Ways (R, C - 1));","Ways (R, C) := Add_Bounded (Ways (R - 1, C), Ways (R, C + 1));",killed
misc/SPARK2/Ada-SPARK-Valid-Parentheses,valid_parentheses.adb,9,= -> /=,return (Open = '(' and then Close = ')'),return (Open = '(' and then Close /= ')'),killed
misc/SPARK2/Ada-SPARK-Valid-Parentheses,valid_parentheses.adb,9,and then -> or else,return (Open = '(' and then Close = ')'),return (Open = '(' or else Close = ')'),killed
misc/SPARK2/Ada-SPARK-Valid-Parentheses,valid_parentheses.adb,9,= -> /=,return (Open = '(' and then Close = ')'),return (Open /= '(' and then Close = ')'),killed
misc/SPARK2/Ada-SPARK-Valid-Parentheses,valid_parentheses.adb,10,= -> /=,or else (Open = '[' and then Close = ']'),or else (Open = '[' and then Close /= ']'),killed
misc/SPARK2/Ada-SPARK-Valid-Parentheses,valid_parentheses.adb,10,or else -> and then,or else (Open = '[' and then Close = ']'),and then (Open = '[' and then Close = ']'),stillborn
misc/SPARK2/Ada-SPARK-Valid-Parentheses,valid_parentheses.adb,10,= -> /=,or else (Open = '[' and then Close = ']'),or else (Open /= '[' and then Close = ']'),killed
misc/SPARK2/Ada-SPARK-Valid-Parentheses,valid_parentheses.adb,10,and then -> or else,or else (Open = '[' and then Close = ']'),or else (Open = '[' or else Close = ']'),killed
misc/SPARK2/Ada-SPARK-Valid-Parentheses,valid_parentheses.adb,11,and then -> or else,or else (Open = '{' and then Close = '}');,or else (Open = '{' or else Close = '}');,killed
misc/SPARK2/Ada-SPARK-Valid-Parentheses,valid_parentheses.adb,11,= -> /=,or else (Open = '{' and then Close = '}');,or else (Open /= '{' and then Close = '}');,killed
misc/SPARK2/Ada-SPARK-Valid-Parentheses,valid_parentheses.adb,11,= -> /=,or else (Open = '{' and then Close = '}');,or else (Open = '{' and then Close /= '}');,killed
misc/SPARK2/Ada-SPARK-Valid-Parentheses,valid_parentheses.adb,19,or else -> and then,if Input (I) = '(' or else Input (I) = '[' or else Input (I) = '{' then,if Input (I) = '(' and then Input (I) = '[' or else Input (I) = '{' then,stillborn
misc/SPARK2/Ada-SPARK-Valid-Parentheses,valid_parentheses.adb,19,= -> /=,if Input (I) = '(' or else Input (I) = '[' or else Input (I) = '{' then,if Input (I) = '(' or else Input (I) = '[' or else Input (I) /= '{' then,killed
misc/SPARK2/Ada-SPARK-Valid-Parentheses,valid_parentheses.adb,19,= -> /=,if Input (I) = '(' or else Input (I) = '[' or else Input (I) = '{' then,if Input (I) /= '(' or else Input (I) = '[' or else Input (I) = '{' then,killed
misc/SPARK2/Ada-SPARK-Valid-Parentheses,valid_parentheses.adb,20,= -> /=,if Top = Length / 2 then,if Top /= Length / 2 then,killed
misc/SPARK2/Ada-SPARK-Valid-Parentheses,valid_parentheses.adb,23,+ 1 -> + 0,Top := Top + 1;,Top := Top + 0;,killed
misc/SPARK2/Ada-SPARK-Valid-Parentheses,valid_parentheses.adb,25,= -> /=,elsif Input (I) = ')' or else Input (I) = ']' or else Input (I) = '}' then,elsif Input (I) = ')' or else Input (I) /= ']' or else Input (I) = '}' then,killed
misc/SPARK2/Ada-SPARK-Valid-Parentheses,valid_parentheses.adb,25,or else -> and then,elsif Input (I) = ')' or else Input (I) = ']' or else Input (I) = '}' then,elsif Input (I) = ')' or else Input (I) = ']' and then Input (I) = '}' then,stillborn
misc/SPARK2/Ada-SPARK-Valid-Parentheses,valid_parentheses.adb,26,= -> /=,if Top = 0 then,if Top /= 0 then,killed
misc/SPARK2/Ada-SPARK-Valid-Parentheses,valid_parentheses.adb,32,- -> +,Top := Top - 1;,Top := Top + 1;,killed
misc/SPARK2/Ada-SPARK-Valid-Parentheses,valid_parentheses.adb,37,= -> /=,return Top = 0;,return Top /= 0;,killed
misc/SPARK2/Ada-SPARK-Validate-Stack-Sequences,validate_stack_sequences.adb,8,< -> <=,while Good and then Next_Push < N and then (Top = 0 or else Work (Top) /= Popped (I)) loop,while Good and then Next_Push <= N and then (Top = 0 or else Work (Top) /= Popped (I)) loop,killed
misc/SPARK2/Ada-SPARK-Validate-Stack-Sequences,validate_stack_sequences.adb,8,and then -> or else,while Good and then Next_Push < N and then (Top = 0 or else Work (Top) /= Popped (I)) loop,while Good or else Next_Push < N and then (Top = 0 or else Work (Top) /= Popped (I)) loop,stillborn
misc/SPARK2/Ada-SPARK-Validate-Stack-Sequences,validate_stack_sequences.adb,8,/= -> =,while Good and then Next_Push < N and then (Top = 0 or else Work (Top) /= Popped (I)) loop,while Good and then Next_Push < N and then (Top = 0 or else Work (Top) = Popped (I)) loop,killed
misc/SPARK2/Ada-SPARK-Validate-Stack-Sequences,validate_stack_sequences.adb,8,and then -> or else,while Good and then Next_Push < N and then (Top = 0 or else Work (Top) /= Popped (I)) loop,while Good and then Next_Push < N or else (Top = 0 or else Work (Top) /= Popped (I)) loop,stillborn
misc/SPARK2/Ada-SPARK-Validate-Stack-Sequences,validate_stack_sequences.adb,8,= -> /=,while Good and then Next_Push < N and then (Top = 0 or else Work (Top) /= Popped (I)) loop,while Good and then Next_Push < N and then (Top /= 0 or else Work (Top) /= Popped (I)) loop,killed
misc/SPARK2/Ada-SPARK-Validate-Stack-Sequences,validate_stack_sequences.adb,8,or else -> and then,while Good and then Next_Push < N and then (Top = 0 or else Work (Top) /= Popped (I)) loop,while Good and then Next_Push < N and then (Top = 0 and then Work (Top) /= Popped (I)) loop,killed
misc/SPARK2/Ada-SPARK-Validate-Stack-Sequences,validate_stack_sequences.adb,10,< -> <=,if Top < Capacity then,if Top <= Capacity then,survived
misc/SPARK2/Ada-SPARK-Validate-Stack-Sequences,validate_stack_sequences.adb,11,+ 1 -> + 0,Next_Push := Next_Push + 1; Top := Top + 1; Work (Top) := Pushed (Next_Push);,Next_Push := Next_Push + 0; Top := Top + 1; Work (Top) := Pushed (Next_Push);,killed
misc/SPARK2/Ada-SPARK-Validate-Stack-Sequences,validate_stack_sequences.adb,11,+ -> -,Next_Push := Next_Push + 1; Top := Top + 1; Work (Top) := Pushed (Next_Push);,Next_Push := Next_Push - 1; Top := Top + 1; Work (Top) := Pushed (Next_Push);,killed
misc/SPARK2/Ada-SPARK-Validate-Stack-Sequences,validate_stack_sequences.adb,11,+ 1 -> + 0,Next_Push := Next_Push + 1; Top := Top + 1; Work (Top) := Pushed (Next_Push);,Next_Push := Next_Push + 1; Top := Top + 0; Work (Top) := Pushed (Next_Push);,killed
misc/SPARK2/Ada-SPARK-Validate-Stack-Sequences,validate_stack_sequences.adb,11,+ -> -,Next_Push := Next_Push + 1; Top := Top + 1; Work (Top) := Pushed (Next_Push);,Next_Push := Next_Push + 1; Top := Top - 1; Work (Top) := Pushed (Next_Push);,killed
misc/SPARK2/Ada-SPARK-Validate-Stack-Sequences,validate_stack_sequences.adb,15,> -> >=,if Top > 0 and then Work (Top) = Popped (I) then Top := Top - 1;,if Top >= 0 and then Work (Top) = Popped (I) then Top := Top - 1;,survived
misc/SPARK2/Ada-SPARK-Validate-Stack-Sequences,validate_stack_sequences.adb,15,- 1 -> - 0,if Top > 0 and then Work (Top) = Popped (I) then Top := Top - 1;,if Top > 0 and then Work (Top) = Popped (I) then Top := Top - 0;,killed
misc/SPARK2/Ada-SPARK-Validate-Stack-Sequences,validate_stack_sequences.adb,15,and then -> or else,if Top > 0 and then Work (Top) = Popped (I) then Top := Top - 1;,if Top > 0 or else Work (Top) = Popped (I) then Top := Top - 1;,killed
misc/SPARK2/Ada-SPARK-Validate-Stack-Sequences,validate_stack_sequences.adb,15,= -> /=,if Top > 0 and then Work (Top) = Popped (I) then Top := Top - 1;,if Top > 0 and then Work (Top) /= Popped (I) then Top := Top - 1;,killed
misc/SPARK2/Ada-SPARK-Validate-Stack-Sequences,validate_stack_sequences.adb,15,- -> +,if Top > 0 and then Work (Top) = Popped (I) then Top := Top - 1;,if Top > 0 and then Work (Top) = Popped (I) then Top := Top + 1;,killed
misc/SPARK2/Ada-SPARK-Water-Bottles,water_bottles.adb,8,= -> /=,if Full_Bottles = 0 then,if Full_Bottles /= 0 then,killed
misc/SPARK2/Ada-SPARK-Water-Bottles,water_bottles.adb,11,- -> +,return Full_Bottles + (Full_Bottles - 1) / (Exchange - 1);,return Full_Bottles + (Full_Bottles + 1) / (Exchange - 1);,killed
misc/SPARK2/Ada-SPARK-Water-Bottles,water_bottles.adb,11,- -> +,return Full_Bottles + (Full_Bottles - 1) / (Exchange - 1);,return Full_Bottles + (Full_Bottles - 1) / (Exchange + 1);,killed
misc/SPARK2/Ada-SPARK-Water-Bottles,water_bottles.adb,11,- 1 -> - 0,return Full_Bottles + (Full_Bottles - 1) / (Exchange - 1);,return Full_Bottles + (Full_Bottles - 0) / (Exchange - 1);,killed
misc/SPARK2/Ada-SPARK-Water-Bottles,water_bottles.adb,11,- 1 -> - 0,return Full_Bottles + (Full_Bottles - 1) / (Exchange - 1);,return Full_Bottles + (Full_Bottles - 1) / (Exchange - 0);,killed
misc/SPARK2/Ada-SPARK-Water-Bottles,water_bottles.adb,11,+ -> -,return Full_Bottles + (Full_Bottles - 1) / (Exchange - 1);,return Full_Bottles - (Full_Bottles - 1) / (Exchange - 1);,killed
misc/SPARK2/Pattern-132,pattern_132.adb,7,+ -> -,for J in I + 1 .. Length loop,for J in I - 1 .. Length loop,killed
misc/SPARK2/Pattern-132,pattern_132.adb,7,+ 1 -> + 0,for J in I + 1 .. Length loop,for J in I + 0 .. Length loop,survived
misc/SPARK2/Pattern-132,pattern_132.adb,8,> -> >=,if A (J) > A (I) then,if A (J) >= A (I) then,survived
misc/SPARK2/Pattern-132,pattern_132.adb,9,+ -> -,for K in J + 1 .. Length loop,for K in J - 1 .. Length loop,killed
misc/SPARK2/Pattern-132,pattern_132.adb,9,+ 1 -> + 0,for K in J + 1 .. Length loop,for K in J + 0 .. Length loop,survived
misc/SPARK2/Pattern-132,pattern_132.adb,10,< -> <=,if A (I) < A (K) and A (K) < A (J) then,if A (I) <= A (K) and A (K) < A (J) then,killed
misc/SPARK2/Pattern-132,pattern_132.adb,10,< -> <=,if A (I) < A (K) and A (K) < A (J) then,if A (I) < A (K) and A (K) <= A (J) then,killed
misc/SPARK4/Ada-SPARK-Package-Merge-Algorithm,package_merge.adb,41,>= -> >,(if A >= Weight_Value'Last - B then Weight_Value'Last else A + B),(if A > Weight_Value'Last - B then Weight_Value'Last else A + B),survived
misc/SPARK4/Ada-SPARK-Package-Merge-Algorithm,package_merge.adb,55,and then -> or else,and then Lengths'Last in 1 .. Max_Symbols,or else Lengths'Last in 1 .. Max_Symbols,stillborn
misc/SPARK4/Ada-SPARK-Package-Merge-Algorithm,package_merge.adb,91,- 1 -> - 0,J    : Natural := I - 1;,J    : Natural := I - 0;,killed
misc/SPARK4/Ada-SPARK-Package-Merge-Algorithm,package_merge.adb,98,+ -> -,L.Elems (J + 1) := L.Elems (J);,L.Elems (J - 1) := L.Elems (J);,killed
misc/SPARK4/Ada-SPARK-Package-Merge-Algorithm,package_merge.adb,101,+ -> -,L.Elems (J + 1) := Temp;,L.Elems (J - 1) := Temp;,killed
misc/SPARK4/Ada-SPARK-Package-Merge-Algorithm,package_merge.adb,123,* -> +,and then 2 * N - 1 <= Max_List,and then 2 + N - 1 <= Max_List,survived
misc/SPARK4/Ada-SPARK-Package-Merge-Algorithm,package_merge.adb,123,- -> +,and then 2 * N - 1 <= Max_List,and then 2 * N + 1 <= Max_List,survived
misc/SPARK4/Ada-SPARK-Package-Merge-Algorithm,package_merge.adb,126,>= -> >,and then Last_Node >= N,and then Last_Node > N,killed
misc/SPARK4/Ada-SPARK-Package-Merge-Algorithm,package_merge.adb,127,- -> +,"and then Last_Node <= Max_Nodes - (N - 1),","and then Last_Node <= Max_Nodes + (N - 1),",survived
misc/SPARK4/Ada-SPARK-Package-Merge-Algorithm,package_merge.adb,127,<= -> <,"and then Last_Node <= Max_Nodes - (N - 1),","and then Last_Node < Max_Nodes - (N - 1),",survived
misc/SPARK4/Ada-SPARK-Package-Merge-Algorithm,package_merge.adb,151,* -> +,Li : constant Node_Index := L_Curr.Elems (2 * P - 1);,Li : constant Node_Index := L_Curr.Elems (2 + P - 1);,killed
misc/SPARK4/Ada-SPARK-Package-Merge-Algorithm,package_merge.adb,151,- -> +,Li : constant Node_Index := L_Curr.Elems (2 * P - 1);,Li : constant Node_Index := L_Curr.Elems (2 * P + 1);,killed
misc/SPARK4/Ada-SPARK-Package-Merge-Algorithm,package_merge.adb,156,+ 1 -> + 0,Last_Node := Last_Node + 1;,Last_Node := Last_Node + 0;,timeout
misc/SPARK4/Ada-SPARK-Package-Merge-Algorithm,package_merge.adb,172,<= -> <,while I <= Packages.Count and then J <= L_0.Count loop,while I < Packages.Count and then J <= L_0.Count loop,killed
misc/SPARK4/Ada-SPARK-Package-Merge-Algorithm,package_merge.adb,197,+ -> -,Next_L.Count := Next_L.Count + 1;,Next_L.Count := Next_L.Count - 1;,killed
misc/SPARK4/Ada-SPARK-Package-Merge-Algorithm,package_merge.adb,241,and then -> or else,and then Select_Count <= Max_List,or else Select_Count <= Max_List,stillborn
misc/SPARK4/Ada-SPARK-Package-Merge-Algorithm,package_merge.adb,254,+ 1 -> + 0,Top := Top + 1;,Top := Top + 0;,killed
misc/SPARK4/Ada-SPARK-Package-Merge-Algorithm,package_merge.adb,258,> -> >=,while Top > 0 loop,while Top >= 0 loop,killed
misc/SPARK4/Ada-SPARK-Package-Merge-Algorithm,package_merge.adb,268,< -> <=,if Buf (S) < Max_L then,if Buf (S) <= Max_L then,survived
misc/SPARK4/Ada-SPARK-Package-Merge-Algorithm,package_merge.adb,276,+ -> -,Top := Top + 1;,Top := Top - 1;,killed
misc/SPARK4/Ada-SPARK-Selection-Algorithm,selection_algorithm.adb,28,<= -> <,and then R <= A'Last;,and then R < A'Last;,survived
misc/SPARK4/Ada-SPARK-Selection-Algorithm,selection_algorithm.adb,36,or else -> and then,(L > R or else (for all K in L .. R => A (K) >= V)),(L > R and then (for all K in L .. R => A (K) >= V)),killed
misc/SPARK4/Ada-SPARK-Selection-Algorithm,selection_algorithm.adb,59,and then -> or else,and then Hi in Lo - 1 .. A'Last,or else Hi in Lo - 1 .. A'Last,stillborn
misc/SPARK4/Ada-SPARK-Selection-Algorithm,selection_algorithm.adb,76,- -> +,and then Hi in Lo - 1 .. A'Last,and then Hi in Lo + 1 .. A'Last,killed
misc/SPARK4/Ada-SPARK-Selection-Algorithm,selection_algorithm.adb,88,and then -> or else,and then A (X) = A'Old (Y),or else A (X) = A'Old (Y),stillborn
misc/SPARK4/Ada-SPARK-Selection-Algorithm,selection_algorithm.adb,117,and then -> or else,"and then Suffix_Geq_Window (A, Lo, Hi),","or else Suffix_Geq_Window (A, Lo, Hi),",stillborn
misc/SPARK4/Ada-SPARK-Selection-Algorithm,selection_algorithm.adb,120,and then -> or else,"and then Prefix_Leq_Window (A, Lo, Hi)","or else Prefix_Leq_Window (A, Lo, Hi)",stillborn
misc/SPARK4/Ada-SPARK-Selection-Algorithm,selection_algorithm.adb,122,and then -> or else,and then,or else,stillborn
misc/SPARK4/Ada-SPARK-Selection-Algorithm,selection_algorithm.adb,123,- 1 -> - 0,(for all K in 1 .. Lo - 1 => A (K) = A'Old (K)),(for all K in 1 .. Lo - 0 => A (K) = A'Old (K)),killed
misc/SPARK4/Ada-SPARK-Selection-Algorithm,selection_algorithm.adb,124,and then -> or else,and then,or else,stillborn
misc/SPARK4/Ada-SPARK-Selection-Algorithm,selection_algorithm.adb,168,and then -> or else,and then A'Last >= 2,or else A'Last >= 2,stillborn
misc/SPARK4/Ada-SPARK-Selection-Algorithm,selection_algorithm.adb,170,and then -> or else,and then Hi in Lo + 1 .. A'Last,or else Hi in Lo + 1 .. A'Last,stillborn
misc/SPARK4/Ada-SPARK-Selection-Algorithm,selection_algorithm.adb,176,- -> +,"and then All_Leq (A, Lo, P - 1, A (P))","and then All_Leq (A, Lo, P + 1, A (P))",killed
misc/SPARK4/Ada-SPARK-Selection-Algorithm,selection_algorithm.adb,183,= -> /=,(for all K in Hi + 1 .. A'Last => A (K) = A'Old (K)),(for all K in Hi + 1 .. A'Last => A (K) /= A'Old (K)),killed
misc/SPARK4/Ada-SPARK-Selection-Algorithm,selection_algorithm.adb,257,>= -> >,and then A'Length >= 1,and then A'Length > 1,survived
misc/SPARK4/Ada-SPARK-Selection-Algorithm,selection_algorithm.adb,258,and then -> or else,and then K in 1 .. A'Length,or else K in 1 .. A'Length,stillborn
misc/SPARK4/Ada-SPARK-Selection-Algorithm,selection_algorithm.adb,265,- -> +,"and then All_Leq (A, Lo, P - 1, A (P))","and then All_Leq (A, Lo, P + 1, A (P))",killed
misc/SPARK4/Ada-SPARK-Selection-Algorithm,selection_algorithm.adb,299,and then -> or else,and then A'Length >= 1,or else A'Length >= 1,stillborn
misc/SPARK4/Ada-SPARK-Selection-Algorithm,selection_algorithm.adb,337,- 1 -> - 0,"Prefix_Leq_Window (A, Lo, P - 1)","Prefix_Leq_Window (A, Lo, P - 0)",survived
misc/SPARK4/Ada-SPARK-Selection-Algorithm,selection_algorithm.adb,458,= -> /=,if P = Target then,if P /= Target then,killed
ml/SPARK2/Linear-Regression,linear_regression.adb,7,+ -> -,S : constant Integer range -400 .. 400 := Y1 + Y2 + Y3 + Y4;,S : constant Integer range -400 .. 400 := Y1 - Y2 + Y3 + Y4;,killed
ml/SPARK2/Linear-Regression,linear_regression.adb,7,+ -> -,S : constant Integer range -400 .. 400 := Y1 + Y2 + Y3 + Y4;,S : constant Integer range -400 .. 400 := Y1 + Y2 + Y3 - Y4;,killed
ml/SPARK2/Linear-Regression,linear_regression.adb,7,+ -> -,S : constant Integer range -400 .. 400 := Y1 + Y2 + Y3 + Y4;,S : constant Integer range -400 .. 400 := Y1 + Y2 - Y3 + Y4;,killed
ml/SPARK2/Linear-Regression,linear_regression.adb,8,+ -> -,T : constant Integer range -800 .. 800 := -3 * Y1 - Y2 + Y3 + 3 * Y4;,T : constant Integer range -800 .. 800 := -3 * Y1 - Y2 + Y3 - 3 * Y4;,killed
ml/SPARK2/Linear-Regression,linear_regression.adb,8,* -> +,T : constant Integer range -800 .. 800 := -3 * Y1 - Y2 + Y3 + 3 * Y4;,T : constant Integer range -800 .. 800 := -3 * Y1 - Y2 + Y3 + 3 + Y4;,killed
ml/SPARK2/Linear-Regression,linear_regression.adb,8,+ -> -,T : constant Integer range -800 .. 800 := -3 * Y1 - Y2 + Y3 + 3 * Y4;,T : constant Integer range -800 .. 800 := -3 * Y1 - Y2 - Y3 + 3 * Y4;,killed
ml/SPARK2/Linear-Regression,linear_regression.adb,8,- -> +,T : constant Integer range -800 .. 800 := -3 * Y1 - Y2 + Y3 + 3 * Y4;,T : constant Integer range -800 .. 800 := -3 * Y1 + Y2 + Y3 + 3 * Y4;,killed
ml/SPARK2/Linear-Regression,linear_regression.adb,8,* -> +,T : constant Integer range -800 .. 800 := -3 * Y1 - Y2 + Y3 + 3 * Y4;,T : constant Integer range -800 .. 800 := -3 + Y1 - Y2 + Y3 + 3 * Y4;,killed
ml/SPARK2/Linear-Regression,linear_regression.adb,10,* -> +,return (5 * S + T * (2 * X - 5)) / 20;,return (5 * S + T * (2 + X - 5)) / 20;,killed
ml/SPARK2/Linear-Regression,linear_regression.adb,10,* -> +,return (5 * S + T * (2 * X - 5)) / 20;,return (5 * S + T + (2 * X - 5)) / 20;,killed
ml/SPARK2/Linear-Regression,linear_regression.adb,10,+ -> -,return (5 * S + T * (2 * X - 5)) / 20;,return (5 * S - T * (2 * X - 5)) / 20;,killed
ml/SPARK2/Linear-Regression,linear_regression.adb,10,- -> +,return (5 * S + T * (2 * X - 5)) / 20;,return (5 * S + T * (2 * X + 5)) / 20;,killed
ml/SPARK2/Linear-Regression,linear_regression.adb,10,* -> +,return (5 * S + T * (2 * X - 5)) / 20;,return (5 + S + T * (2 * X - 5)) / 20;,killed
numerical/SPARK2/Ada-SPARK-Cooley-Tukey-FFT,cooley_tukey_fft.adb,9,* -> +,M1 : constant := 2 * M0;                --  424,M1 : constant := 2 + M0;                --  424,killed
numerical/SPARK2/Ada-SPARK-Cooley-Tukey-FFT,cooley_tukey_fft.adb,11,+ -> -,M3 : constant := M2 + (C707 * 2 * M2) / Scale;   --  2047,M3 : constant := M2 - (C707 * 2 * M2) / Scale;   --  2047,stillborn
numerical/SPARK2/Ada-SPARK-Cooley-Tukey-FFT,cooley_tukey_fft.adb,11,* -> +,M3 : constant := M2 + (C707 * 2 * M2) / Scale;   --  2047,M3 : constant := M2 + (C707 + 2 * M2) / Scale;   --  2047,killed
numerical/SPARK2/Ada-SPARK-Cooley-Tukey-FFT,cooley_tukey_fft.adb,21,* -> +,R := R * 2 + (V mod 2);,R := R + 2 + (V mod 2);,killed
numerical/SPARK2/Ada-SPARK-Cooley-Tukey-FFT,cooley_tukey_fft.adb,32,/= -> =,and then (for all K in Index => (if K /= A and K /= B then X (K) = X'Old (K))),and then (for all K in Index => (if K /= A and K = B then X (K) = X'Old (K))),killed
numerical/SPARK2/Ada-SPARK-Cooley-Tukey-FFT,cooley_tukey_fft.adb,32,/= -> =,and then (for all K in Index => (if K /= A and K /= B then X (K) = X'Old (K))),and then (for all K in Index => (if K = A and K /= B then X (K) = X'Old (K))),killed
numerical/SPARK2/Ada-SPARK-Cooley-Tukey-FFT,cooley_tukey_fft.adb,59,<= -> <,(abs C.Re <= M and then abs C.Im <= M),(abs C.Re <= M and then abs C.Im < M),killed
numerical/SPARK2/Ada-SPARK-Cooley-Tukey-FFT,cooley_tukey_fft.adb,59,and then -> or else,(abs C.Re <= M and then abs C.Im <= M),(abs C.Re <= M or else abs C.Im <= M),survived
numerical/SPARK2/Ada-SPARK-Cooley-Tukey-FFT,cooley_tukey_fft.adb,59,<= -> <,(abs C.Re <= M and then abs C.Im <= M),(abs C.Re < M and then abs C.Im <= M),killed
numerical/SPARK2/Ada-SPARK-Cooley-Tukey-FFT,cooley_tukey_fft.adb,71,* -> +,"and then Small (X (J), (if W in W0 | W2 then 2 * M else M + (C707 * 2 * M) / Scale))","and then Small (X (J), (if W in W0 | W2 then 2 * M else M + (C707 + 2 * M) / Scale))",killed
numerical/SPARK2/Ada-SPARK-Cooley-Tukey-FFT,cooley_tukey_fft.adb,71,+ -> -,"and then Small (X (J), (if W in W0 | W2 then 2 * M else M + (C707 * 2 * M) / Scale))","and then Small (X (J), (if W in W0 | W2 then 2 * M else M - (C707 * 2 * M) / Scale))",killed
numerical/SPARK2/Ada-SPARK-Cooley-Tukey-FFT,cooley_tukey_fft.adb,72,/= -> =,and then (for all K in Index => (if K /= I and K /= J then X (K) = X'Old (K))),and then (for all K in Index => (if K /= I and K = J then X (K) = X'Old (K))),killed
numerical/SPARK2/Ada-SPARK-Cooley-Tukey-FFT,cooley_tukey_fft.adb,72,/= -> =,and then (for all K in Index => (if K /= I and K /= J then X (K) = X'Old (K))),and then (for all K in Index => (if K = I and K /= J then X (K) = X'Old (K))),killed
numerical/SPARK2/Ada-SPARK-Cooley-Tukey-FFT,cooley_tukey_fft.adb,85,* -> +,Tr := (C707 * (Ar + Ai)) / Scale;,Tr := (C707 + (Ar + Ai)) / Scale;,killed
numerical/SPARK2/Ada-SPARK-Cooley-Tukey-FFT,cooley_tukey_fft.adb,86,* -> +,Ti := (C707 * (Ai - Ar)) / Scale;,Ti := (C707 + (Ai - Ar)) / Scale;,killed
numerical/SPARK2/Ada-SPARK-Cooley-Tukey-FFT,cooley_tukey_fft.adb,91,- -> +,Tr := (C707 * (Ai - Ar)) / Scale;,Tr := (C707 * (Ai + Ar)) / Scale;,killed
numerical/SPARK2/Ada-SPARK-Cooley-Tukey-FFT,cooley_tukey_fft.adb,92,* -> +,Ti := (-C707 * (Ar + Ai)) / Scale;,Ti := (-C707 + (Ar + Ai)) / Scale;,killed
numerical/SPARK2/Ada-SPARK-Cooley-Tukey-FFT,cooley_tukey_fft.adb,96,+ -> -,"X (I) := (Re => Ur + Tr, Im => Ui + Ti);","X (I) := (Re => Ur + Tr, Im => Ui - Ti);",killed
numerical/SPARK2/Ada-SPARK-Cooley-Tukey-FFT,cooley_tukey_fft.adb,97,- -> +,"X (J) := (Re => Ur - Tr, Im => Ui - Ti);","X (J) := (Re => Ur + Tr, Im => Ui - Ti);",killed
numerical/SPARK2/Ada-SPARK-Cooley-Tukey-FFT,cooley_tukey_fft.adb,97,- -> +,"X (J) := (Re => Ur - Tr, Im => Ui - Ti);","X (J) := (Re => Ur - Tr, Im => Ui + Ti);",killed
numerical/SPARK2/Ada-SPARK-Count-Primes-Stub,count_primes.adb,7,< -> <=,if Value < 2 then,if Value <= 2 then,killed
numerical/SPARK2/Ada-SPARK-Count-Primes-Stub,count_primes.adb,10,<= -> <,while Divisor <= Value / Divisor loop,while Divisor < Value / Divisor loop,killed
numerical/SPARK2/Ada-SPARK-Count-Primes-Stub,count_primes.adb,13,= -> /=,if Value mod Divisor = 0 then,if Value mod Divisor /= 0 then,killed
numerical/SPARK2/Ada-SPARK-Count-Primes-Stub,count_primes.adb,16,+ 1 -> + 0,Divisor := Divisor + 1;,Divisor := Divisor + 0;,killed
numerical/SPARK2/Ada-SPARK-Count-Primes-Stub,count_primes.adb,16,+ -> -,Divisor := Divisor + 1;,Divisor := Divisor - 1;,killed
numerical/SPARK2/Ada-SPARK-Count-Primes-Stub,count_primes.adb,25,< -> <=,while Candidate < Value loop,while Candidate <= Value loop,killed
numerical/SPARK2/Ada-SPARK-Count-Primes-Stub,count_primes.adb,31,+ 1 -> + 0,Answer := Answer + 1;,Answer := Answer + 0;,killed
numerical/SPARK2/Ada-SPARK-Count-Primes-Stub,count_primes.adb,31,+ -> -,Answer := Answer + 1;,Answer := Answer - 1;,killed
numerical/SPARK2/Ada-SPARK-Count-Primes-Stub,count_primes.adb,33,+ -> -,Candidate := Candidate + 1;,Candidate := Candidate - 1;,killed
numerical/SPARK2/Ada-SPARK-Count-Primes-Stub,count_primes.adb,33,+ 1 -> + 0,Candidate := Candidate + 1;,Candidate := Candidate + 0;,killed
numerical/SPARK2/Ada-SPARK-Extended-Euclidean,extended_euclidean.adb,8,/= -> =,while Divisor /= 0 loop,while Divisor = 0 loop,killed
numerical/SPARK2/Ada-SPARK-Lagrange-Interpolation,lagrange_interpolation.adb,4,+ -> -,A : constant Integer := Y0 + Y2 - 2 * Y1;,A : constant Integer := Y0 - Y2 - 2 * Y1;,killed
numerical/SPARK2/Ada-SPARK-Lagrange-Interpolation,lagrange_interpolation.adb,4,- -> +,A : constant Integer := Y0 + Y2 - 2 * Y1;,A : constant Integer := Y0 + Y2 + 2 * Y1;,killed
numerical/SPARK2/Ada-SPARK-Lagrange-Interpolation,lagrange_interpolation.adb,4,* -> +,A : constant Integer := Y0 + Y2 - 2 * Y1;,A : constant Integer := Y0 + Y2 - 2 + Y1;,killed
numerical/SPARK2/Ada-SPARK-Lagrange-Interpolation,lagrange_interpolation.adb,5,- -> +,B : constant Integer := Y2 - Y0;,B : constant Integer := Y2 + Y0;,killed
numerical/SPARK2/Ada-SPARK-Lagrange-Interpolation,lagrange_interpolation.adb,8,+ -> -,return (A * X * X + B * X + 2 * Y1) / 2;,return (A * X * X - B * X + 2 * Y1) / 2;,killed
numerical/SPARK2/Ada-SPARK-Lagrange-Interpolation,lagrange_interpolation.adb,8,* -> +,return (A * X * X + B * X + 2 * Y1) / 2;,return (A * X + X + B * X + 2 * Y1) / 2;,killed
numerical/SPARK2/Ada-SPARK-Lagrange-Interpolation,lagrange_interpolation.adb,8,* -> +,return (A * X * X + B * X + 2 * Y1) / 2;,return (A + X * X + B * X + 2 * Y1) / 2;,killed
numerical/SPARK2/Ada-SPARK-Lagrange-Interpolation,lagrange_interpolation.adb,8,* -> +,return (A * X * X + B * X + 2 * Y1) / 2;,return (A * X * X + B + X + 2 * Y1) / 2;,killed
numerical/SPARK2/Ada-SPARK-Lagrange-Interpolation,lagrange_interpolation.adb,8,* -> +,return (A * X * X + B * X + 2 * Y1) / 2;,return (A * X * X + B * X + 2 + Y1) / 2;,killed
numerical/SPARK2/Ada-SPARK-Lagrange-Interpolation,lagrange_interpolation.adb,8,+ -> -,return (A * X * X + B * X + 2 * Y1) / 2;,return (A * X * X + B * X - 2 * Y1) / 2;,killed
numerical/SPARK2/Ada-SPARK-Minimum-Limit-Of-Balls-In-A-Bag,minimum_limit_of_balls_in_a_bag.adb,13,- 1 -> - 0,(Integer (Bags (I)) - 1) / Integer (Candidate);,(Integer (Bags (I)) - 0) / Integer (Candidate);,killed
numerical/SPARK2/Ada-SPARK-Minimum-Limit-Of-Balls-In-A-Bag,minimum_limit_of_balls_in_a_bag.adb,13,- -> +,(Integer (Bags (I)) - 1) / Integer (Candidate);,(Integer (Bags (I)) + 1) / Integer (Candidate);,killed
numerical/SPARK2/Ada-SPARK-Minimum-Limit-Of-Balls-In-A-Bag,minimum_limit_of_balls_in_a_bag.adb,15,<= -> <,if Needed <= Integer (Allowed) then,if Needed < Integer (Allowed) then,killed
numerical/SPARK2/Ada-SPARK-Modular-Exponentiation,modular_exponentiation.adb,9,> -> >=,while Remaining > 0 loop,while Remaining >= 0 loop,killed
numerical/SPARK2/Ada-SPARK-Modular-Exponentiation,modular_exponentiation.adb,14,= -> /=,if Remaining mod 2 = 1 then,if Remaining mod 2 /= 1 then,killed
numerical/SPARK2/Ada-SPARK-Modular-Exponentiation,modular_exponentiation.adb,15,* -> +,Accumulator := (Accumulator * Factor) mod Modulo;,Accumulator := (Accumulator + Factor) mod Modulo;,killed
numerical/SPARK2/Ada-SPARK-Modular-Exponentiation,modular_exponentiation.adb,17,* -> +,Factor := (Factor * Factor) mod Modulo;,Factor := (Factor + Factor) mod Modulo;,killed
numerical/SPARK2/Ada-SPARK-Newton-Raphson,newton_raphson.adb,11,+ -> -,Next := (X + N / X) / 2;,Next := (X - N / X) / 2;,survived
numerical/SPARK2/Ada-SPARK-Newton-Raphson,newton_raphson.adb,12,< -> <=,if Next < 1 then,if Next <= 1 then,survived
numerical/SPARK2/Ada-SPARK-Newton-Raphson,newton_raphson.adb,14,> -> >=,elsif Next > 10_000 then,elsif Next >= 10_000 then,survived
numerical/SPARK2/Ada-SPARK-Newton-Raphson,newton_raphson.adb,20,> -> >=,while X * X > N loop,while X * X >= N loop,killed
numerical/SPARK2/Ada-SPARK-Newton-Raphson,newton_raphson.adb,20,* -> +,while X * X > N loop,while X + X > N loop,killed
numerical/SPARK2/Ada-SPARK-Newton-Raphson,newton_raphson.adb,23,- 1 -> - 0,X := X - 1;,X := X - 0;,killed
numerical/SPARK2/Ada-SPARK-Newton-Raphson,newton_raphson.adb,23,- -> +,X := X - 1;,X := X + 1;,killed
numerical/SPARK2/Ada-SPARK-Newton-Raphson,newton_raphson.adb,26,< -> <=,while X < 100 and then (X + 1) * (X + 1) <= N loop,while X <= 100 and then (X + 1) * (X + 1) <= N loop,survived
numerical/SPARK2/Ada-SPARK-Newton-Raphson,newton_raphson.adb,26,+ -> -,while X < 100 and then (X + 1) * (X + 1) <= N loop,while X < 100 and then (X - 1) * (X + 1) <= N loop,killed
numerical/SPARK2/Ada-SPARK-Newton-Raphson,newton_raphson.adb,26,+ 1 -> + 0,while X < 100 and then (X + 1) * (X + 1) <= N loop,while X < 100 and then (X + 0) * (X + 1) <= N loop,killed
numerical/SPARK2/Ada-SPARK-Newton-Raphson,newton_raphson.adb,26,and then -> or else,while X < 100 and then (X + 1) * (X + 1) <= N loop,while X < 100 or else (X + 1) * (X + 1) <= N loop,killed
numerical/SPARK2/Ada-SPARK-Newton-Raphson,newton_raphson.adb,26,+ 1 -> + 0,while X < 100 and then (X + 1) * (X + 1) <= N loop,while X < 100 and then (X + 1) * (X + 0) <= N loop,killed
numerical/SPARK2/Ada-SPARK-Newton-Raphson,newton_raphson.adb,26,+ -> -,while X < 100 and then (X + 1) * (X + 1) <= N loop,while X < 100 and then (X + 1) * (X - 1) <= N loop,killed
numerical/SPARK2/Ada-SPARK-Newton-Raphson,newton_raphson.adb,26,<= -> <,while X < 100 and then (X + 1) * (X + 1) <= N loop,while X < 100 and then (X + 1) * (X + 1) < N loop,survived
numerical/SPARK2/Ada-SPARK-Newton-Raphson,newton_raphson.adb,26,* -> +,while X < 100 and then (X + 1) * (X + 1) <= N loop,while X < 100 and then (X + 1) + (X + 1) <= N loop,killed
numerical/SPARK2/Ada-SPARK-Newton-Raphson,newton_raphson.adb,29,+ -> -,X := X + 1;,X := X - 1;,survived
numerical/SPARK2/Ada-SPARK-Newton-Raphson,newton_raphson.adb,29,+ 1 -> + 0,X := X + 1;,X := X + 0;,survived
numerical/SPARK2/Ada-SPARK-Sieve-Of-Eratosthenes,sieve_of_eratosthenes.adb,6,< -> <=,if N < 2 then,if N <= 2 then,killed
numerical/SPARK2/Ada-SPARK-Sieve-Of-Eratosthenes,sieve_of_eratosthenes.adb,9,<= -> <,while Divisor <= N / Divisor loop,while Divisor < N / Divisor loop,killed
numerical/SPARK2/Ada-SPARK-Sieve-Of-Eratosthenes,sieve_of_eratosthenes.adb,12,= -> /=,if N mod Divisor = 0 then,if N mod Divisor /= 0 then,killed
numerical/SPARK2/Ada-SPARK-Sieve-Of-Eratosthenes,sieve_of_eratosthenes.adb,15,+ -> -,Divisor := Divisor + 1;,Divisor := Divisor - 1;,killed
numerical/SPARK2/Ada-SPARK-Sieve-Of-Eratosthenes,sieve_of_eratosthenes.adb,15,+ 1 -> + 0,Divisor := Divisor + 1;,Divisor := Divisor + 0;,killed
numerical/SPARK2/Ada-SPARK-Simpson-Rule,simpson_rule.adb,6,* -> +,return Steps * Steps * Steps / 3;,return Steps * Steps + Steps / 3;,killed
numerical/SPARK2/Ada-SPARK-Simpson-Rule,simpson_rule.adb,6,* -> +,return Steps * Steps * Steps / 3;,return Steps + Steps * Steps / 3;,killed
numerical/SPARK4/Ada-SPARK-Euclidean-Algorithm,euclidean_algorithm.adb,21,= -> /=,if B = 0 then,if B /= 0 then,killed
numerical/SPARK4/Ada-SPARK-Euclidean-Algorithm,euclidean_algorithm.adb,23,= -> /=,elsif A = 0 then,elsif A /= 0 then,killed
numerical/SPARK4/Ada-SPARK-Euclidean-Algorithm,euclidean_algorithm.adb,27,/= -> =,while V /= 0 loop,while V = 0 loop,killed
numerical/SPARK4/Ada-SPARK-Euclidean-Algorithm,euclidean_algorithm.adb,45,= -> /=,if B = 0 then,if B /= 0 then,killed
numerical/SPARK4/Ada-SPARK-Euclidean-Algorithm,euclidean_algorithm.adb,47,= -> /=,elsif A = 0 then,elsif A /= 0 then,killed
numerical/SPARK4/Ada-SPARK-Euclidean-Algorithm,euclidean_algorithm.adb,61,or else -> and then,if A = 0 or else B = 0 then,if A = 0 and then B = 0 then,survived
numerical/SPARK4/Ada-SPARK-Euclidean-Algorithm,euclidean_algorithm.adb,61,= -> /=,if A = 0 or else B = 0 then,if A = 0 or else B /= 0 then,killed
numerical/SPARK4/Ada-SPARK-Euclidean-Algorithm,euclidean_algorithm.adb,61,= -> /=,if A = 0 or else B = 0 then,if A /= 0 or else B = 0 then,killed
numerical/SPARK4/Ada-SPARK-Euclidean-Algorithm,euclidean_algorithm.adb,65,* -> +,return (A / G) * B;,return (A / G) + B;,killed
numerical/SPARK4/Ada-SPARK-Euclidean-Algorithm,euclidean_algorithm.adb,74,= -> /=,"return Gcd (A, B) = 1;","return Gcd (A, B) /= 1;",killed
numerical/SPARK4/Ada-SPARK-Euclidean-Algorithm,euclidean_algorithm.adb,98,+ 1 -> + 0,Steps := Steps + 1;,Steps := Steps + 0;,killed
numerical/SPARK4/Ada-SPARK-Euclidean-Algorithm,euclidean_algorithm.adb,98,+ -> -,Steps := Steps + 1;,Steps := Steps - 1;,killed
numerical/SPARK4/Ada-SPARK-Euclidean-Algorithm,euclidean_algorithm.adb,113,= -> /=,if U = 0 then,if U /= 0 then,killed
numerical/SPARK4/Ada-SPARK-Euclidean-Algorithm,euclidean_algorithm.adb,120,and then -> or else,while U rem 2 = 0 and then V rem 2 = 0 and then Shift < 63 loop,while U rem 2 = 0 or else V rem 2 = 0 and then Shift < 63 loop,stillborn
numerical/SPARK4/Ada-SPARK-Euclidean-Algorithm,euclidean_algorithm.adb,120,= -> /=,while U rem 2 = 0 and then V rem 2 = 0 and then Shift < 63 loop,while U rem 2 /= 0 and then V rem 2 = 0 and then Shift < 63 loop,killed
numerical/SPARK4/Ada-SPARK-Euclidean-Algorithm,euclidean_algorithm.adb,125,+ 1 -> + 0,Shift := Shift + 1;,Shift := Shift + 0;,killed
numerical/SPARK4/Ada-SPARK-Euclidean-Algorithm,euclidean_algorithm.adb,125,+ -> -,Shift := Shift + 1;,Shift := Shift - 1;,killed
numerical/SPARK4/Ada-SPARK-Euclidean-Algorithm,euclidean_algorithm.adb,141,= -> /=,while V rem 2 = 0 loop,while V rem 2 /= 0 loop,killed
numerical/SPARK4/Ada-SPARK-Euclidean-Algorithm,euclidean_algorithm.adb,158,- -> +,V := V - U;,V := V + U;,survived
numerical/SPARK4/Ada-SPARK-Euclidean-Algorithm,euclidean_algorithm.adb,167,* -> +,return U * (2 ** Shift);,return U + (2 ** Shift);,killed
numerical/SPARK4/Ada-SPARK-Extended-Euclidean-Algorithm,extended_euclidean_algorithm.adb,17,and then -> or else,"and then Cur in -Coeff_Bound .. Coeff_Bound,","or else Cur in -Coeff_Bound .. Coeff_Bound,",survived
numerical/SPARK4/Ada-SPARK-Extended-Euclidean-Algorithm,extended_euclidean_algorithm.adb,22,- -> +,return Old - Cur * Q;,return Old + Cur * Q;,killed
numerical/SPARK4/Ada-SPARK-Extended-Euclidean-Algorithm,extended_euclidean_algorithm.adb,22,* -> +,return Old - Cur * Q;,return Old - Cur + Q;,killed
numerical/SPARK4/Ada-SPARK-Extended-Euclidean-Algorithm,extended_euclidean_algorithm.adb,34,* -> +,return (A * Inv) rem M = 1;,return (A + Inv) rem M = 1;,killed
numerical/SPARK4/Ada-SPARK-Extended-Euclidean-Algorithm,extended_euclidean_algorithm.adb,34,= -> /=,return (A * Inv) rem M = 1;,return (A * Inv) rem M /= 1;,killed
numerical/SPARK4/Ada-SPARK-Extended-Euclidean-Algorithm,extended_euclidean_algorithm.adb,41,* -> +,return A * R.X + B * R.Y = R.Gcd;,return A + R.X + B * R.Y = R.Gcd;,killed
numerical/SPARK4/Ada-SPARK-Extended-Euclidean-Algorithm,extended_euclidean_algorithm.adb,41,* -> +,return A * R.X + B * R.Y = R.Gcd;,return A * R.X + B + R.Y = R.Gcd;,killed
numerical/SPARK4/Ada-SPARK-Extended-Euclidean-Algorithm,extended_euclidean_algorithm.adb,41,= -> /=,return A * R.X + B * R.Y = R.Gcd;,return A * R.X + B * R.Y /= R.Gcd;,killed
numerical/SPARK4/Ada-SPARK-Extended-Euclidean-Algorithm,extended_euclidean_algorithm.adb,41,+ -> -,return A * R.X + B * R.Y = R.Gcd;,return A * R.X - B * R.Y = R.Gcd;,killed
numerical/SPARK4/Ada-SPARK-Extended-Euclidean-Algorithm,extended_euclidean_algorithm.adb,49,= -> /=,if B = 0 then,if B /= 0 then,killed
numerical/SPARK4/Ada-SPARK-Extended-Euclidean-Algorithm,extended_euclidean_algorithm.adb,51,= -> /=,elsif A = 0 then,elsif A /= 0 then,killed
numerical/SPARK4/Ada-SPARK-Extended-Euclidean-Algorithm,extended_euclidean_algorithm.adb,55,/= -> =,while V /= 0 loop,while V = 0 loop,killed
numerical/SPARK4/Ada-SPARK-Extended-Euclidean-Algorithm,extended_euclidean_algorithm.adb,81,= -> /=,if B = 0 then,if B /= 0 then,killed
numerical/SPARK4/Ada-SPARK-Extended-Euclidean-Algorithm,extended_euclidean_algorithm.adb,84,= -> /=,if A = 0 then,if A /= 0 then,killed
numerical/SPARK4/Ada-SPARK-Extended-Euclidean-Algorithm,extended_euclidean_algorithm.adb,88,/= -> =,while R /= 0 loop,while R = 0 loop,killed
numerical/SPARK4/Ada-SPARK-Extended-Euclidean-Algorithm,extended_euclidean_algorithm.adb,101,* -> +,R := Old_R - Quotient * Prov;,R := Old_R - Quotient + Prov;,killed
numerical/SPARK4/Ada-SPARK-Extended-Euclidean-Algorithm,extended_euclidean_algorithm.adb,134,= -> /=,"return Gcd (A, B) = 1;","return Gcd (A, B) /= 1;",killed
numerical/SPARK4/Ada-SPARK-Extended-Euclidean-Algorithm,extended_euclidean_algorithm.adb,141,= -> /=,if G = 0 then,if G /= 0 then,killed
numerical/SPARK4/Ada-SPARK-Extended-Euclidean-Algorithm,extended_euclidean_algorithm.adb,157,< -> <=,if Raw < 0 then,if Raw <= 0 then,survived
numerical/SPARK4/Ada-SPARK-Extended-Euclidean-Algorithm,extended_euclidean_algorithm.adb,158,+ -> -,Inv := Educational (Raw + M);,Inv := Educational (Raw - M);,killed
numerical/SPARK4/Ada-SPARK-Mersenne-Twister,mersenne_twister.adb,37,- -> +,for I in 1 .. MT_Index'(N - 1) loop,for I in 1 .. MT_Index'(N + 1) loop,stillborn
numerical/SPARK4/Ada-SPARK-Mersenne-Twister,mersenne_twister.adb,44,- -> +,"* (MT (I - 1) xor Shift_Right (MT (I - 1), 30))","* (MT (I + 1) xor Shift_Right (MT (I - 1), 30))",killed
numerical/SPARK4/Ada-SPARK-Mersenne-Twister,mersenne_twister.adb,44,- 1 -> - 0,"* (MT (I - 1) xor Shift_Right (MT (I - 1), 30))","* (MT (I - 0) xor Shift_Right (MT (I - 1), 30))",killed
numerical/SPARK4/Ada-SPARK-Mersenne-Twister,mersenne_twister.adb,44,- -> +,"* (MT (I - 1) xor Shift_Right (MT (I - 1), 30))","* (MT (I - 1) xor Shift_Right (MT (I + 1), 30))",killed
numerical/SPARK4/Ada-SPARK-Mersenne-Twister,mersenne_twister.adb,45,+ -> -,+ Unsigned_32 (I);,- Unsigned_32 (I);,killed
numerical/SPARK4/Ada-SPARK-Mersenne-Twister,mersenne_twister.adb,59,and then -> or else,and then Get_Index (G) = 0,or else Get_Index (G) = 0,stillborn
numerical/SPARK4/Ada-SPARK-Mersenne-Twister,mersenne_twister.adb,60,= -> /=,and then Get_Seed (G) = Get_Seed (G'Old);,and then Get_Seed (G) /= Get_Seed (G'Old);,killed
numerical/SPARK4/Ada-SPARK-Mersenne-Twister,mersenne_twister.adb,67,- 1 -> - 0,for I in 0 .. N - M - 1 loop,for I in 0 .. N - M - 0 loop,killed
numerical/SPARK4/Ada-SPARK-Mersenne-Twister,mersenne_twister.adb,67,- -> +,for I in 0 .. N - M - 1 loop,for I in 0 .. N - M + 1 loop,killed
numerical/SPARK4/Ada-SPARK-Mersenne-Twister,mersenne_twister.adb,67,- -> +,for I in 0 .. N - M - 1 loop,for I in 0 .. N + M - 1 loop,killed
numerical/SPARK4/Ada-SPARK-Mersenne-Twister,mersenne_twister.adb,71,+ 1 -> + 0,or (G.MT (I + 1) and Lower_Mask);,or (G.MT (I + 0) and Lower_Mask);,killed
numerical/SPARK4/Ada-SPARK-Mersenne-Twister,mersenne_twister.adb,71,+ -> -,or (G.MT (I + 1) and Lower_Mask);,or (G.MT (I - 1) and Lower_Mask);,killed
numerical/SPARK4/Ada-SPARK-Mersenne-Twister,mersenne_twister.adb,80,- -> +,for I in N - M .. N - 2 loop,for I in N + M .. N - 2 loop,survived
numerical/SPARK4/Ada-SPARK-Mersenne-Twister,mersenne_twister.adb,84,+ 1 -> + 0,or (G.MT (I + 1) and Lower_Mask);,or (G.MT (I + 0) and Lower_Mask);,survived
numerical/SPARK4/Ada-SPARK-Mersenne-Twister,mersenne_twister.adb,86,- -> +,G.MT (I - (N - M)),G.MT (I + (N - M)),killed
numerical/SPARK4/Ada-SPARK-Mersenne-Twister,mersenne_twister.adb,92,- 1 -> - 0,Y := (G.MT (N - 1) and Upper_Mask),Y := (G.MT (N - 0) and Upper_Mask),stillborn
numerical/SPARK4/Ada-SPARK-Mersenne-Twister,mersenne_twister.adb,94,- 1 -> - 0,G.MT (N - 1) :=,G.MT (N - 0) :=,stillborn
numerical/SPARK4/Ada-SPARK-Mersenne-Twister,mersenne_twister.adb,94,- -> +,G.MT (N - 1) :=,G.MT (N + 1) :=,stillborn
numerical/SPARK4/Ada-SPARK-Mersenne-Twister,mersenne_twister.adb,147,+ -> -,G.Index := Idx + 1;,G.Index := Idx - 1;,killed
numerical/SPARK4/Ada-SPARK-Mersenne-Twister,mersenne_twister.adb,147,+ 1 -> + 0,G.Index := Idx + 1;,G.Index := Idx + 0;,killed
numerical/SPARK4/Binary-Gcd,binary_gcd.adb,19,= -> /=,if X = 0 then,if X /= 0 then,killed
numerical/SPARK4/Binary-Gcd,binary_gcd.adb,24,< -> <=,while X rem 2 = 0 and then Count < 63 loop,while X rem 2 = 0 and then Count <= 63 loop,survived
numerical/SPARK4/Binary-Gcd,binary_gcd.adb,24,= -> /=,while X rem 2 = 0 and then Count < 63 loop,while X rem 2 /= 0 and then Count < 63 loop,killed
numerical/SPARK4/Binary-Gcd,binary_gcd.adb,24,and then -> or else,while X rem 2 = 0 and then Count < 63 loop,while X rem 2 = 0 or else Count < 63 loop,killed
numerical/SPARK4/Binary-Gcd,binary_gcd.adb,28,+ -> -,Count := Count + 1;,Count := Count - 1;,killed
numerical/SPARK4/Binary-Gcd,binary_gcd.adb,28,+ 1 -> + 0,Count := Count + 1;,Count := Count + 0;,killed
numerical/SPARK4/Binary-Gcd,binary_gcd.adb,38,>= -> >,if Amount >= 64 then,if Amount > 64 then,survived
numerical/SPARK4/Binary-Gcd,binary_gcd.adb,52,>= -> >,if Amount >= 64 then,if Amount > 64 then,survived
numerical/SPARK4/Binary-Gcd,binary_gcd.adb,58,* -> +,X := X * 2;,X := X + 2;,killed
numerical/SPARK4/Binary-Gcd,binary_gcd.adb,72,= -> /=,if B = 0 then,if B /= 0 then,killed
numerical/SPARK4/Binary-Gcd,binary_gcd.adb,109,= -> /=,if U = 0 then,if U /= 0 then,killed
numerical/SPARK4/Binary-Gcd,binary_gcd.adb,111,= -> /=,elsif V = 0 then,elsif V /= 0 then,killed
numerical/SPARK4/Binary-Gcd,binary_gcd.adb,116,< -> <=,while U rem 2 = 0 and then V rem 2 = 0 and then Shift < 63 loop,while U rem 2 = 0 and then V rem 2 = 0 and then Shift <= 63 loop,survived
numerical/SPARK4/Binary-Gcd,binary_gcd.adb,116,and then -> or else,while U rem 2 = 0 and then V rem 2 = 0 and then Shift < 63 loop,while U rem 2 = 0 or else V rem 2 = 0 and then Shift < 63 loop,stillborn
numerical/SPARK4/Binary-Gcd,binary_gcd.adb,121,+ -> -,Shift := Shift + 1;,Shift := Shift - 1;,killed
numerical/SPARK4/Binary-Gcd,binary_gcd.adb,124,= -> /=,while U rem 2 = 0 loop,while U rem 2 /= 0 loop,killed
numerical/SPARK4/Binary-Gcd,binary_gcd.adb,147,> -> >=,if U > V then,if U >= V then,survived
numerical/SPARK4/Binary-Gcd,binary_gcd.adb,157,- -> +,V := V - U;,V := V + U;,survived
numerical/SPARK4/Binary-Gcd,binary_gcd.adb,160,/= -> =,if V /= 0 then,if V = 0 then,survived
numerical/SPARK4/Binary-Gcd,binary_gcd.adb,185,= -> /=,"return Gcd (A, B) = 1;","return Gcd (A, B) /= 1;",killed
parsing/Ada/Recursive-Descent-Parser,recursive_descent_parser.adb,39,and then -> or else,while State.Pos <= State.Expr'Last and then,while State.Pos <= State.Expr'Last or else,killed
parsing/Ada/Recursive-Descent-Parser,recursive_descent_parser.adb,56,+ -> -,State.Pos := State.Pos + 1;,State.Pos := State.Pos - 1;,timeout
parsing/Ada/Recursive-Descent-Parser,recursive_descent_parser.adb,59,+ -> -,State.Pos := State.Pos + 1;,State.Pos := State.Pos - 1;,killed
parsing/Ada/Recursive-Descent-Parser,recursive_descent_parser.adb,65,+ -> -,State.Pos := State.Pos + 1;,State.Pos := State.Pos - 1;,killed
parsing/Ada/Recursive-Descent-Parser,recursive_descent_parser.adb,68,+ -> -,State.Pos := State.Pos + 1;,State.Pos := State.Pos - 1;,killed
parsing/Ada/Recursive-Descent-Parser,recursive_descent_parser.adb,79,* -> +,State.Val := State.Val * 10 +,State.Val := State.Val + 10 +,killed
parsing/Ada/Recursive-Descent-Parser,recursive_descent_parser.adb,111,= -> /=,if S.Current = Tok_Int then,if S.Current /= Tok_Int then,killed
parsing/Ada/Recursive-Descent-Parser,recursive_descent_parser.adb,115,= -> /=,elsif S.Current = Tok_LParen then,elsif S.Current /= Tok_LParen then,killed
parsing/Ada/Recursive-Descent-Parser,recursive_descent_parser.adb,118,/= -> =,if S.Current /= Tok_RParen then,if S.Current = Tok_RParen then,killed
parsing/Ada/Recursive-Descent-Parser,recursive_descent_parser.adb,132,or else -> and then,while S.Current = Tok_Mul or else S.Current = Tok_Div loop,while S.Current = Tok_Mul and then S.Current = Tok_Div loop,killed
parsing/Ada/Recursive-Descent-Parser,recursive_descent_parser.adb,132,= -> /=,while S.Current = Tok_Mul or else S.Current = Tok_Div loop,while S.Current = Tok_Mul or else S.Current /= Tok_Div loop,killed
parsing/Ada/Recursive-Descent-Parser,recursive_descent_parser.adb,155,= -> /=,while S.Current = Tok_Plus or else S.Current = Tok_Minus loop,while S.Current = Tok_Plus or else S.Current /= Tok_Minus loop,killed
parsing/Ada/Recursive-Descent-Parser,recursive_descent_parser.adb,155,or else -> and then,while S.Current = Tok_Plus or else S.Current = Tok_Minus loop,while S.Current = Tok_Plus and then S.Current = Tok_Minus loop,killed
parsing/Ada/Recursive-Descent-Parser,recursive_descent_parser.adb,156,= -> /=,if S.Current = Tok_Plus then,if S.Current /= Tok_Plus then,killed
parsing/Ada/Recursive-Descent-Parser,recursive_descent_parser.adb,203,= -> /=,elsif S.Current = Tok_LParen then,elsif S.Current /= Tok_LParen then,killed
parsing/Ada/Recursive-Descent-Parser,recursive_descent_parser.adb,218,= -> /=,while S.Current = Tok_Mul or else S.Current = Tok_Div loop,while S.Current /= Tok_Mul or else S.Current = Tok_Div loop,killed
parsing/Ada/Recursive-Descent-Parser,recursive_descent_parser.adb,218,or else -> and then,while S.Current = Tok_Mul or else S.Current = Tok_Div loop,while S.Current = Tok_Mul and then S.Current = Tok_Div loop,killed
parsing/Ada/Recursive-Descent-Parser,recursive_descent_parser.adb,227,or else -> and then,while S.Current = Tok_Plus or else S.Current = Tok_Minus loop,while S.Current = Tok_Plus and then S.Current = Tok_Minus loop,killed
parsing/Ada/Recursive-Descent-Parser,recursive_descent_parser.adb,286,= -> /=,while S.Current = Tok_Mul or else S.Current = Tok_Div loop,while S.Current /= Tok_Mul or else S.Current = Tok_Div loop,killed
parsing/Ada/Recursive-Descent-Parser,recursive_descent_parser.adb,332,> -> >=,if Final_String'Length > 0 and then,if Final_String'Length >= 0 and then,survived
searching/Ada/Binary-Search,binary_search.adb,12,> -> >=,if A'Length > Max_N then,if A'Length >= Max_N then,survived
searching/Ada/Binary-Search,binary_search.adb,20,- 1 -> - 0,return Integer (A'First) - 1;,return Integer (A'First) - 0;,killed
searching/Ada/Binary-Search,binary_search.adb,34,= -> /=,if A'Length = 0 then,if A'Length /= 0 then,killed
searching/Ada/Binary-Search,binary_search.adb,44,+ -> -,Mid := Lo + (Hi - Lo) / 2;,Mid := Lo - (Hi - Lo) / 2;,killed
searching/Ada/Binary-Search,binary_search.adb,44,- -> +,Mid := Lo + (Hi - Lo) / 2;,Mid := Lo + (Hi + Lo) / 2;,killed
searching/Ada/Binary-Search,binary_search.adb,47,+ 1 -> + 0,Lo := Mid + 1;,Lo := Mid + 0;,timeout
searching/Ada/Binary-Search,binary_search.adb,49,- 1 -> - 0,Hi := Mid - 1;,Hi := Mid - 0;,timeout
searching/Ada/Binary-Search,binary_search.adb,49,- -> +,Hi := Mid - 1;,Hi := Mid + 1;,timeout
searching/Ada/Binary-Search,binary_search.adb,70,= -> /=,if A'Length = 0 then,if A'Length /= 0 then,killed
searching/Ada/Binary-Search,binary_search.adb,76,+ 1 -> + 0,Hi := Integer (A'Last) + 1;,Hi := Integer (A'Last) + 0;,survived
searching/Ada/Binary-Search,binary_search.adb,76,+ -> -,Hi := Integer (A'Last) + 1;,Hi := Integer (A'Last) - 1;,killed
searching/Ada/Binary-Search,binary_search.adb,79,- -> +,Mid := Lo + (Hi - Lo) / 2;,Mid := Lo + (Hi + Lo) / 2;,killed
searching/Ada/Binary-Search,binary_search.adb,79,+ -> -,Mid := Lo + (Hi - Lo) / 2;,Mid := Lo - (Hi - Lo) / 2;,killed
searching/Ada/Binary-Search,binary_search.adb,81,+ 1 -> + 0,Lo := Mid + 1;,Lo := Mid + 0;,timeout
searching/Ada/Binary-Search,binary_search.adb,89,<= -> <,if Lo <= Integer (A'Last) and then A (Natural (Lo)) = Key then,if Lo < Integer (A'Last) and then A (Natural (Lo)) = Key then,killed
searching/Ada/Binary-Search,binary_search.adb,109,= -> /=,if A'Length = 0 then,if A'Length /= 0 then,killed
searching/Ada/Binary-Search,binary_search.adb,116,< -> <=,while Lo < Hi loop,while Lo <= Hi loop,killed
searching/Ada/Binary-Search,binary_search.adb,118,> -> >=,if A (Natural (Mid)) > Key then,if A (Natural (Mid)) >= Key then,killed
searching/Ada/Binary-Search,binary_search.adb,127,- -> +,Cand := Hi - 1;,Cand := Hi + 1;,killed
searching/Ada/Binary-Search,binary_search.adb,128,and then -> or else,if Cand >= Integer (A'First) and then A (Natural (Cand)) = Key then,if Cand >= Integer (A'First) or else A (Natural (Cand)) = Key then,killed
searching/Ada/Breadth-First-Search,breadth_first_search.adb,29,= -> /=,if G.N = 0,if G.N /= 0,killed
searching/Ada/Breadth-First-Search,breadth_first_search.adb,31,or else -> and then,or else Natural (To) > G.N,and then Natural (To) > G.N,stillborn
searching/Ada/Breadth-First-Search,breadth_first_search.adb,38,+ -> -,G.E := G.E + 1;,G.E := G.E - 1;,killed
searching/Ada/Breadth-First-Search,breadth_first_search.adb,60,> -> >=,if G.N = 0 or else Natural (V) > G.N then,if G.N = 0 or else Natural (V) >= G.N then,killed
searching/Ada/Breadth-First-Search,breadth_first_search.adb,70,or else -> and then,if First /= 1 or else Natural (Last) < N then,if First /= 1 and then Natural (Last) < N then,killed
searching/Ada/Breadth-First-Search,breadth_first_search.adb,70,< -> <=,if First /= 1 or else Natural (Last) < N then,if First /= 1 or else Natural (Last) <= N then,survived
searching/Ada/Breadth-First-Search,breadth_first_search.adb,84,/= -> =,if D_First /= 1,if D_First = 1,killed
searching/Ada/Breadth-First-Search,breadth_first_search.adb,85,or else -> and then,or else Natural (D_Last) < N,and then Natural (D_Last) < N,stillborn
searching/Ada/Breadth-First-Search,breadth_first_search.adb,125,+ -> -,Q_Head := Q_Head + 1;,Q_Head := Q_Head - 1;,killed
searching/Ada/Breadth-First-Search,breadth_first_search.adb,153,/= -> =,while E_Idx /= 0 loop,while E_Idx = 0 loop,killed
searching/Ada/Breadth-First-Search,breadth_first_search.adb,261,< -> <=,if Start < Prev'First,if Start <= Prev'First,killed
searching/Ada/Breadth-First-Search,breadth_first_search.adb,262,> -> >=,or else Start > Prev'Last,or else Start >= Prev'Last,survived
searching/Ada/Breadth-First-Search,breadth_first_search.adb,269,/= -> =,if Path'First /= 1,if Path'First = 1,killed
searching/Ada/Breadth-First-Search,breadth_first_search.adb,270,- -> +,or else Natural (Path'Last) < Natural (Prev'Last - Prev'First + 1),or else Natural (Path'Last) < Natural (Prev'Last + Prev'First + 1),killed
searching/Ada/Breadth-First-Search,breadth_first_search.adb,270,or else -> and then,or else Natural (Path'Last) < Natural (Prev'Last - Prev'First + 1),and then Natural (Path'Last) < Natural (Prev'Last - Prev'First + 1),killed
searching/Ada/Breadth-First-Search,breadth_first_search.adb,281,= -> /=,if Prev (Target) = 0 then,if Prev (Target) /= 0 then,killed
searching/Ada/Breadth-First-Search,breadth_first_search.adb,299,< -> <=,if P < Natural (Prev'First) or else P > Natural (Prev'Last) then,if P <= Natural (Prev'First) or else P > Natural (Prev'Last) then,killed
searching/Ada/Breadth-First-Search,breadth_first_search.adb,299,or else -> and then,if P < Natural (Prev'First) or else P > Natural (Prev'Last) then,if P < Natural (Prev'First) and then P > Natural (Prev'Last) then,survived
searching/Ada/Breadth-First-Search,breadth_first_search.adb,299,> -> >=,if P < Natural (Prev'First) or else P > Natural (Prev'Last) then,if P < Natural (Prev'First) or else P >= Natural (Prev'Last) then,survived
searching/Ada/Breadth-First-Search,breadth_first_search.adb,313,+ 1 -> + 0,Path (I) := Tmp (L + 1 - I);,Path (I) := Tmp (L + 0 - I);,killed
searching/Ada/Trigram-Search,trigram_search.adb,14,> -> >=,if S'Length > Max_Len then,if S'Length >= Max_Len then,killed
searching/Ada/Trigram-Search,trigram_search.adb,22,- -> +,F : constant Positive := S'First + (P - 1);,F : constant Positive := S'First + (P + 1);,killed
searching/Ada/Trigram-Search,trigram_search.adb,22,- 1 -> - 0,F : constant Positive := S'First + (P - 1);,F : constant Positive := S'First + (P - 0);,killed
searching/Ada/Trigram-Search,trigram_search.adb,24,+ -> -,return S (F .. F + 2);,return S (F .. F - 2);,killed
searching/Ada/Trigram-Search,trigram_search.adb,35,< -> <=,(if S'Length < 3 then 0 else S'Length - 2);,(if S'Length <= 3 then 0 else S'Length - 2);,killed
searching/Ada/Trigram-Search,trigram_search.adb,35,- -> +,(if S'Length < 3 then 0 else S'Length - 2);,(if S'Length < 3 then 0 else S'Length + 2);,killed
searching/Ada/Trigram-Search,trigram_search.adb,46,= -> /=,if Local (J) = T then,if Local (J) /= T then,killed
searching/Ada/Trigram-Search,trigram_search.adb,52,+ -> -,Count := Count + 1;,Count := Count - 1;,killed
searching/Ada/Trigram-Search,trigram_search.adb,52,+ 1 -> + 0,Count := Count + 1;,Count := Count + 0;,killed
searching/Ada/Trigram-Search,trigram_search.adb,75,+ 1 -> + 0,N := N + 1;,N := N + 0;,killed
searching/Ada/Trigram-Search,trigram_search.adb,84,< -> <=,if S'Length < 3 then,if S'Length <= 3 then,killed
searching/Ada/Trigram-Search,trigram_search.adb,87,- -> +,return S'Length - 2;,return S'Length + 2;,killed
searching/Ada/Trigram-Search,trigram_search.adb,109,or else -> and then,if Occ_A = 0 or else Occ_B = 0 then,if Occ_A = 0 and then Occ_B = 0 then,survived
searching/Ada/Trigram-Search,trigram_search.adb,126,and then -> or else,if A'Length = 0 and then B'Length = 0 then,if A'Length = 0 or else B'Length = 0 then,killed
searching/Ada/Trigram-Search,trigram_search.adb,130,< -> <=,if A'Length < 3 or else B'Length < 3 then,if A'Length <= 3 or else B'Length < 3 then,killed
searching/Ada/Trigram-Search,trigram_search.adb,137,+ -> -,Denom := Float (NA + NB);,Denom := Float (NA - NB);,killed
searching/Ada/Trigram-Search,trigram_search.adb,139,<= -> <,if Denom <= 0.0 then,if Denom < 0.0 then,survived
searching/Ada/Trigram-Search,trigram_search.adb,153,= -> /=,if Occ_N = 0 then,if Occ_N /= 0 then,killed
searching/Ada/Trigram-Search,trigram_search.adb,176,< -> <=,Occ := (if Haystack'Length < 3 then 0 else Haystack'Length - 2);,Occ := (if Haystack'Length <= 3 then 0 else Haystack'Length - 2);,killed
searching/Ada/Trigram-Search,trigram_search.adb,178,= -> /=,"if Window (Haystack, P) = Tri then","if Window (Haystack, P) /= Tri then",killed
searching/SPARK2/Ada-SPARK-Design-Add-And-Search-Words,design_add_and_search_words.adb,6,/= -> =,if W.Len /= P.Len then,if W.Len = P.Len then,killed
searching/SPARK2/Ada-SPARK-Design-Add-And-Search-Words,design_add_and_search_words.adb,10,and then -> or else,if J <= W.Len and then P.Chars (J) /= '.' and then W.Chars (J) /= P.Chars (J) then,if J <= W.Len or else P.Chars (J) /= '.' and then W.Chars (J) /= P.Chars (J) then,stillborn
searching/SPARK2/Ada-SPARK-Design-Add-And-Search-Words,design_add_and_search_words.adb,10,/= -> =,if J <= W.Len and then P.Chars (J) /= '.' and then W.Chars (J) /= P.Chars (J) then,if J <= W.Len and then P.Chars (J) /= '.' and then W.Chars (J) = P.Chars (J) then,killed
searching/SPARK2/Ada-SPARK-Design-Add-And-Search-Words,design_add_and_search_words.adb,10,/= -> =,if J <= W.Len and then P.Chars (J) /= '.' and then W.Chars (J) /= P.Chars (J) then,if J <= W.Len and then P.Chars (J) = '.' and then W.Chars (J) /= P.Chars (J) then,killed
searching/SPARK2/Ada-SPARK-Design-Add-And-Search-Words,design_add_and_search_words.adb,10,<= -> <,if J <= W.Len and then P.Chars (J) /= '.' and then W.Chars (J) /= P.Chars (J) then,if J < W.Len and then P.Chars (J) /= '.' and then W.Chars (J) /= P.Chars (J) then,killed
searching/SPARK2/Ada-SPARK-Design-Add-And-Search-Words,design_add_and_search_words.adb,10,and then -> or else,if J <= W.Len and then P.Chars (J) /= '.' and then W.Chars (J) /= P.Chars (J) then,if J <= W.Len and then P.Chars (J) /= '.' or else W.Chars (J) /= P.Chars (J) then,stillborn
searching/SPARK2/Ada-SPARK-Design-Add-And-Search-Words,design_add_and_search_words.adb,19,< -> <=,if D.Used < Max_Words then,if D.Used <= Max_Words then,survived
searching/SPARK2/Ada-SPARK-Design-Add-And-Search-Words,design_add_and_search_words.adb,20,+ -> -,D.Used := D.Used + 1;,D.Used := D.Used - 1;,killed
searching/SPARK2/Ada-SPARK-Design-Add-And-Search-Words,design_add_and_search_words.adb,20,+ 1 -> + 0,D.Used := D.Used + 1;,D.Used := D.Used + 0;,killed
searching/SPARK2/Ada-SPARK-Design-Add-And-Search-Words,design_add_and_search_words.adb,28,and then -> or else,"if I <= D.Used and then Matches (D.Words (I), Pattern) then","if I <= D.Used or else Matches (D.Words (I), Pattern) then",killed
searching/SPARK2/Ada-SPARK-Design-Add-And-Search-Words,design_add_and_search_words.adb,28,<= -> <,"if I <= D.Used and then Matches (D.Words (I), Pattern) then","if I < D.Used and then Matches (D.Words (I), Pattern) then",killed
searching/SPARK2/Ada-SPARK-Design-Add-And-Search-Words,full_insert_check.adb,10,+ -> -,"(Len => 3, Chars => [1 => Character'Val (Character'Pos ('a') + N mod 4),","(Len => 3, Chars => [1 => Character'Val (Character'Pos ('a') - N mod 4),",survived
searching/SPARK2/Ada-SPARK-Design-Add-And-Search-Words,full_insert_check.adb,11,+ -> -,"2 => Character'Val (Character'Pos ('a') + (N / 4) mod 4),","2 => Character'Val (Character'Pos ('a') - (N / 4) mod 4),",survived
searching/SPARK2/Ada-SPARK-Design-Add-And-Search-Words,full_insert_check.adb,14,- 1 -> - 0,for I in 0 .. Max_Words - 1 loop,for I in 0 .. Max_Words - 0 loop,killed
searching/SPARK2/Ada-SPARK-Design-Add-And-Search-Words,full_insert_check.adb,14,- -> +,for I in 0 .. Max_Words - 1 loop,for I in 0 .. Max_Words + 1 loop,killed
searching/SPARK2/Ada-SPARK-Exponential-Search,exponential_search.adb,9,= -> /=,if A (Index'First) = Target then,if A (Index'First) /= Target then,killed
searching/SPARK2/Ada-SPARK-Exponential-Search,exponential_search.adb,12,> -> >=,if A (Index'First) > Target then,if A (Index'First) >= Target then,survived
searching/SPARK2/Ada-SPARK-Exponential-Search,exponential_search.adb,16,< -> <=,while Bound < Capacity and then A (Index (Bound)) < Target loop,while Bound < Capacity and then A (Index (Bound)) <= Target loop,killed
searching/SPARK2/Ada-SPARK-Exponential-Search,exponential_search.adb,16,< -> <=,while Bound < Capacity and then A (Index (Bound)) < Target loop,while Bound <= Capacity and then A (Index (Bound)) < Target loop,killed
searching/SPARK2/Ada-SPARK-Exponential-Search,exponential_search.adb,16,and then -> or else,while Bound < Capacity and then A (Index (Bound)) < Target loop,while Bound < Capacity or else A (Index (Bound)) < Target loop,killed
searching/SPARK2/Ada-SPARK-Exponential-Search,exponential_search.adb,19,> -> >=,if Bound > Capacity / 2 then,if Bound >= Capacity / 2 then,survived
searching/SPARK2/Ada-SPARK-Exponential-Search,exponential_search.adb,22,* -> +,Bound := Bound * 2;,Bound := Bound + 2;,survived
searching/SPARK2/Ada-SPARK-Exponential-Search,exponential_search.adb,25,+ -> -,Low := Bound / 2 + 1;,Low := Bound / 2 - 1;,killed
searching/SPARK2/Ada-SPARK-Exponential-Search,exponential_search.adb,25,+ 1 -> + 0,Low := Bound / 2 + 1;,Low := Bound / 2 + 0;,survived
searching/SPARK2/Ada-SPARK-Exponential-Search,exponential_search.adb,28,<= -> <,while Low <= High loop,while Low < High loop,killed
searching/SPARK2/Ada-SPARK-Exponential-Search,exponential_search.adb,32,+ -> -,Middle := (Low + High) / 2;,Middle := (Low - High) / 2;,killed
searching/SPARK2/Ada-SPARK-Exponential-Search,exponential_search.adb,33,= -> /=,if A (Index (Middle)) = Target then,if A (Index (Middle)) /= Target then,killed
searching/SPARK2/Ada-SPARK-Exponential-Search,exponential_search.adb,35,< -> <=,elsif A (Index (Middle)) < Target then,elsif A (Index (Middle)) <= Target then,survived
searching/SPARK2/Ada-SPARK-Exponential-Search,exponential_search.adb,36,+ -> -,Low := Middle + 1;,Low := Middle - 1;,killed
searching/SPARK2/Ada-SPARK-Exponential-Search,exponential_search.adb,36,+ 1 -> + 0,Low := Middle + 1;,Low := Middle + 0;,killed
searching/SPARK2/Ada-SPARK-Exponential-Search,exponential_search.adb,38,- -> +,High := Middle - 1;,High := Middle + 1;,killed
searching/SPARK2/Ada-SPARK-Exponential-Search,exponential_search.adb,38,- 1 -> - 0,High := Middle - 1;,High := Middle - 0;,killed
searching/SPARK2/Ada-SPARK-Search-A-2D-Matrix,search_a_2d_matrix.adb,5,+ -> -,R : Integer range 1 .. Rows + 1 := 1;,R : Integer range 1 .. Rows - 1 := 1;,killed
searching/SPARK2/Ada-SPARK-Search-A-2D-Matrix,search_a_2d_matrix.adb,5,+ 1 -> + 0,R : Integer range 1 .. Rows + 1 := 1;,R : Integer range 1 .. Rows + 0 := 1;,killed
searching/SPARK2/Ada-SPARK-Search-A-2D-Matrix,search_a_2d_matrix.adb,9,+ -> -,for Step in 1 .. Rows + Cols loop,for Step in 1 .. Rows - Cols loop,killed
searching/SPARK2/Ada-SPARK-Search-A-2D-Matrix,search_a_2d_matrix.adb,12,= -> /=,exit when Found or else R > Rows or else C = 0;,exit when Found or else R > Rows or else C /= 0;,killed
searching/SPARK2/Ada-SPARK-Search-A-2D-Matrix,search_a_2d_matrix.adb,12,> -> >=,exit when Found or else R > Rows or else C = 0;,exit when Found or else R >= Rows or else C = 0;,killed
searching/SPARK2/Ada-SPARK-Search-A-2D-Matrix,search_a_2d_matrix.adb,12,or else -> and then,exit when Found or else R > Rows or else C = 0;,exit when Found and then R > Rows or else C = 0;,stillborn
searching/SPARK2/Ada-SPARK-Search-A-2D-Matrix,search_a_2d_matrix.adb,12,or else -> and then,exit when Found or else R > Rows or else C = 0;,exit when Found or else R > Rows and then C = 0;,stillborn
searching/SPARK2/Ada-SPARK-Search-A-2D-Matrix,search_a_2d_matrix.adb,13,= -> /=,"if Grid (Row (R), Column (C)) = Target then","if Grid (Row (R), Column (C)) /= Target then",killed
searching/SPARK2/Ada-SPARK-Search-A-2D-Matrix,search_a_2d_matrix.adb,15,< -> <=,"elsif Grid (Row (R), Column (C)) < Target then","elsif Grid (Row (R), Column (C)) <= Target then",survived
searching/SPARK2/Ada-SPARK-Search-A-2D-Matrix,search_a_2d_matrix.adb,16,+ -> -,R := R + 1;,R := R - 1;,killed
searching/SPARK2/Ada-SPARK-Search-A-2D-Matrix,search_a_2d_matrix.adb,16,+ 1 -> + 0,R := R + 1;,R := R + 0;,killed
searching/SPARK2/Ada-SPARK-Search-A-2D-Matrix,search_a_2d_matrix.adb,18,- 1 -> - 0,C := C - 1;,C := C - 0;,killed
searching/SPARK2/Ada-SPARK-Search-A-2D-Matrix,search_a_2d_matrix.adb,18,- -> +,C := C - 1;,C := C + 1;,killed
searching/SPARK2/Ada-SPARK-Validate-Binary-Search-Tree,validate_binary_search_tree.adb,45,or else -> and then,if Root = 0 or else not T.Used (Root) then return True; end if;,if Root = 0 and then not T.Used (Root) then return True; end if;,survived
searching/SPARK2/Ada-SPARK-Validate-Binary-Search-Tree,validate_binary_search_tree.adb,45,= -> /=,if Root = 0 or else not T.Used (Root) then return True; end if;,if Root /= 0 or else not T.Used (Root) then return True; end if;,killed
searching/SPARK2/Ada-SPARK-Validate-Binary-Search-Tree,validate_binary_search_tree.adb,49,> -> >=,if Top > 0 and then Valid then,if Top >= 0 and then Valid then,killed
searching/SPARK2/Ada-SPARK-Validate-Binary-Search-Tree,validate_binary_search_tree.adb,49,and then -> or else,if Top > 0 and then Valid then,if Top > 0 or else Valid then,killed
searching/SPARK2/Ada-SPARK-Validate-Binary-Search-Tree,validate_binary_search_tree.adb,53,- -> +,Top := Top - 1;,Top := Top + 1;,killed
searching/SPARK2/Ada-SPARK-Validate-Binary-Search-Tree,validate_binary_search_tree.adb,53,- 1 -> - 0,Top := Top - 1;,Top := Top - 0;,killed
searching/SPARK2/Ada-SPARK-Validate-Binary-Search-Tree,validate_binary_search_tree.adb,54,>= -> >,if V <= Lo or else V >= Hi then,if V <= Lo or else V > Hi then,survived
searching/SPARK2/Ada-SPARK-Validate-Binary-Search-Tree,validate_binary_search_tree.adb,54,<= -> <,if V <= Lo or else V >= Hi then,if V < Lo or else V >= Hi then,survived
searching/SPARK2/Ada-SPARK-Validate-Binary-Search-Tree,validate_binary_search_tree.adb,54,or else -> and then,if V <= Lo or else V >= Hi then,if V <= Lo and then V >= Hi then,killed
searching/SPARK2/Ada-SPARK-Validate-Binary-Search-Tree,validate_binary_search_tree.adb,57,< -> <=,if T.Rights (N) /= 0 and then Top < Stack_Position'Last then,if T.Rights (N) /= 0 and then Top <= Stack_Position'Last then,survived
searching/SPARK2/Ada-SPARK-Validate-Binary-Search-Tree,validate_binary_search_tree.adb,57,and then -> or else,if T.Rights (N) /= 0 and then Top < Stack_Position'Last then,if T.Rights (N) /= 0 or else Top < Stack_Position'Last then,killed
searching/SPARK2/Ada-SPARK-Validate-Binary-Search-Tree,validate_binary_search_tree.adb,57,/= -> =,if T.Rights (N) /= 0 and then Top < Stack_Position'Last then,if T.Rights (N) = 0 and then Top < Stack_Position'Last then,killed
searching/SPARK2/Ada-SPARK-Validate-Binary-Search-Tree,validate_binary_search_tree.adb,58,+ 1 -> + 0,Top := Top + 1; Nodes (Top) := T.Rights (N);,Top := Top + 0; Nodes (Top) := T.Rights (N);,killed
searching/SPARK2/Ada-SPARK-Validate-Binary-Search-Tree,validate_binary_search_tree.adb,58,+ -> -,Top := Top + 1; Nodes (Top) := T.Rights (N);,Top := Top - 1; Nodes (Top) := T.Rights (N);,killed
searching/SPARK2/Ada-SPARK-Validate-Binary-Search-Tree,validate_binary_search_tree.adb,61,< -> <=,if T.Lefts (N) /= 0 and then Top < Stack_Position'Last then,if T.Lefts (N) /= 0 and then Top <= Stack_Position'Last then,survived
searching/SPARK2/Ada-SPARK-Validate-Binary-Search-Tree,validate_binary_search_tree.adb,61,/= -> =,if T.Lefts (N) /= 0 and then Top < Stack_Position'Last then,if T.Lefts (N) = 0 and then Top < Stack_Position'Last then,killed
searching/SPARK2/Ada-SPARK-Validate-Binary-Search-Tree,validate_binary_search_tree.adb,61,and then -> or else,if T.Lefts (N) /= 0 and then Top < Stack_Position'Last then,if T.Lefts (N) /= 0 or else Top < Stack_Position'Last then,killed
searching/SPARK2/Ada-SPARK-Validate-Binary-Search-Tree,validate_binary_search_tree.adb,62,+ -> -,Top := Top + 1; Nodes (Top) := T.Lefts (N);,Top := Top - 1; Nodes (Top) := T.Lefts (N);,killed
searching/SPARK2/Ada-SPARK-Validate-Binary-Search-Tree,validate_binary_search_tree.adb,62,+ 1 -> + 0,Top := Top + 1; Nodes (Top) := T.Lefts (N);,Top := Top + 0; Nodes (Top) := T.Lefts (N);,killed
searching/SPARK2/Ada-SPARK-Word-Search-II-Lite,word_search_ii_lite.adb,8,= -> /=,"if B (R, S) = W (1) and then B (R, S + 1) = W (2) and then B (R, S + 2) = W (3) then","if B (R, S) = W (1) and then B (R, S + 1) = W (2) and then B (R, S + 2) /= W (3) then",killed
searching/SPARK2/Ada-SPARK-Word-Search-II-Lite,word_search_ii_lite.adb,8,+ -> -,"if B (R, S) = W (1) and then B (R, S + 1) = W (2) and then B (R, S + 2) = W (3) then","if B (R, S) = W (1) and then B (R, S - 1) = W (2) and then B (R, S + 2) = W (3) then",killed
searching/SPARK2/Ada-SPARK-Word-Search-II-Lite,word_search_ii_lite.adb,8,+ 1 -> + 0,"if B (R, S) = W (1) and then B (R, S + 1) = W (2) and then B (R, S + 2) = W (3) then","if B (R, S) = W (1) and then B (R, S + 0) = W (2) and then B (R, S + 2) = W (3) then",killed
searching/SPARK2/Ada-SPARK-Word-Search-II-Lite,word_search_ii_lite.adb,8,+ -> -,"if B (R, S) = W (1) and then B (R, S + 1) = W (2) and then B (R, S + 2) = W (3) then","if B (R, S) = W (1) and then B (R, S + 1) = W (2) and then B (R, S - 2) = W (3) then",stillborn
searching/SPARK2/Ada-SPARK-Word-Search-II-Lite,word_search_ii_lite.adb,8,and then -> or else,"if B (R, S) = W (1) and then B (R, S + 1) = W (2) and then B (R, S + 2) = W (3) then","if B (R, S) = W (1) and then B (R, S + 1) = W (2) or else B (R, S + 2) = W (3) then",stillborn
searching/SPARK2/Ada-SPARK-Word-Search-II-Lite,word_search_ii_lite.adb,8,= -> /=,"if B (R, S) = W (1) and then B (R, S + 1) = W (2) and then B (R, S + 2) = W (3) then","if B (R, S) /= W (1) and then B (R, S + 1) = W (2) and then B (R, S + 2) = W (3) then",killed
searching/SPARK2/Ada-SPARK-Word-Search-II-Lite,word_search_ii_lite.adb,8,= -> /=,"if B (R, S) = W (1) and then B (R, S + 1) = W (2) and then B (R, S + 2) = W (3) then","if B (R, S) = W (1) and then B (R, S + 1) /= W (2) and then B (R, S + 2) = W (3) then",killed
searching/SPARK2/Ada-SPARK-Word-Search-II-Lite,word_search_ii_lite.adb,8,and then -> or else,"if B (R, S) = W (1) and then B (R, S + 1) = W (2) and then B (R, S + 2) = W (3) then","if B (R, S) = W (1) or else B (R, S + 1) = W (2) and then B (R, S + 2) = W (3) then",stillborn
searching/SPARK2/Ada-SPARK-Word-Search-II-Lite,word_search_ii_lite.adb,21,+ -> -,Result := Result + 1;,Result := Result - 1;,killed
searching/SPARK2/Ada-SPARK-Word-Search-II-Lite,word_search_ii_lite.adb,21,+ 1 -> + 0,Result := Result + 1;,Result := Result + 0;,killed
searching/SPARK2/Bst-Insert-Search,bst_insert_search.adb,14,= -> /=,if T.Count = 0 then,if T.Count /= 0 then,killed
searching/SPARK2/Bst-Insert-Search,bst_insert_search.adb,28,= -> /=,if V = T.Values (Cur) then,if V /= T.Values (Cur) then,killed
searching/SPARK2/Bst-Insert-Search,bst_insert_search.adb,31,+ 1 -> + 0,New_Slot := T.Count + 1;,New_Slot := T.Count + 0;,killed
searching/SPARK2/Bst-Insert-Search,bst_insert_search.adb,31,+ -> -,New_Slot := T.Count + 1;,New_Slot := T.Count - 1;,killed
searching/SPARK2/Bst-Insert-Search,bst_insert_search.adb,32,< -> <=,if V < T.Values (Cur) then,if V <= T.Values (Cur) then,survived
searching/SPARK2/Bst-Insert-Search,bst_insert_search.adb,33,= -> /=,if T.Lefts (Cur) = 0 then,if T.Lefts (Cur) /= 0 then,killed
searching/SPARK2/Bst-Insert-Search,bst_insert_search.adb,45,= -> /=,if T.Rights (Cur) = 0 then,if T.Rights (Cur) /= 0 then,killed
searching/SPARK2/Bst-Insert-Search,bst_insert_search.adb,61,= -> /=,Cur : Index := (if T.Count = 0 then 0 else 1);,Cur : Index := (if T.Count /= 0 then 0 else 1);,killed
searching/SPARK2/Bst-Insert-Search,bst_insert_search.adb,65,= -> /=,if Cur = 0 then,if Cur /= 0 then,stillborn
searching/SPARK2/Bst-Insert-Search,bst_insert_search.adb,67,= -> /=,elsif V = T.Values (Cur) then,elsif V /= T.Values (Cur) then,killed
searching/SPARK2/Bst-Insert-Search,bst_insert_search.adb,69,< -> <=,elsif V < T.Values (Cur) then,elsif V <= T.Values (Cur) then,survived
searching/SPARK4/Ada-SPARK-Binary-Search,binary_search.adb,18,= -> /=,if A'Length = 0 then,if A'Length /= 0 then,killed
searching/SPARK4/Ada-SPARK-Binary-Search,binary_search.adb,26,+ 1 -> + 0,for Guard in 1 .. Max_N + 1 loop,for Guard in 1 .. Max_N + 0 loop,survived
searching/SPARK4/Ada-SPARK-Binary-Search,binary_search.adb,34,> -> >=,exit when Lo > Hi;,exit when Lo >= Hi;,killed
searching/SPARK4/Ada-SPARK-Binary-Search,binary_search.adb,36,- -> +,Mid := Lo + (Hi - Lo) / 2;,Mid := Lo + (Hi + Lo) / 2;,killed
searching/SPARK4/Ada-SPARK-Binary-Search,binary_search.adb,41,+ -> -,Lo := Mid + 1;,Lo := Mid - 1;,killed
searching/SPARK4/Ada-SPARK-Binary-Search,binary_search.adb,42,> -> >=,elsif A (Mid) > Key then,elsif A (Mid) >= Key then,killed
searching/SPARK4/Ada-SPARK-Binary-Search,binary_search.adb,43,- 1 -> - 0,Hi := Mid - 1;,Hi := Mid - 0;,survived
searching/SPARK4/Ada-SPARK-Binary-Search,binary_search.adb,61,= -> /=,if A'Length = 0 then,if A'Length /= 0 then,killed
searching/SPARK4/Ada-SPARK-Binary-Search,binary_search.adb,67,+ -> -,Hi := A'Last + 1;,Hi := A'Last - 1;,killed
searching/SPARK4/Ada-SPARK-Binary-Search,binary_search.adb,67,+ 1 -> + 0,Hi := A'Last + 1;,Hi := A'Last + 0;,killed
searching/SPARK4/Ada-SPARK-Binary-Search,binary_search.adb,69,+ -> -,for Guard in 1 .. Max_N + 1 loop,for Guard in 1 .. Max_N - 1 loop,survived
searching/SPARK4/Ada-SPARK-Binary-Search,binary_search.adb,77,>= -> >,exit when Lo >= Hi;,exit when Lo > Hi;,killed
searching/SPARK4/Ada-SPARK-Binary-Search,binary_search.adb,79,+ -> -,Mid := Lo + (Hi - Lo) / 2;,Mid := Lo - (Hi - Lo) / 2;,killed
searching/SPARK4/Ada-SPARK-Binary-Search,binary_search.adb,79,- -> +,Mid := Lo + (Hi - Lo) / 2;,Mid := Lo + (Hi + Lo) / 2;,killed
searching/SPARK4/Ada-SPARK-Binary-Search,binary_search.adb,90,<= -> <,if Lo <= A'Last and then A (Lo) = Key then,if Lo < A'Last and then A (Lo) = Key then,killed
searching/SPARK4/Ada-SPARK-Binary-Search,binary_search.adb,107,= -> /=,if A'Length = 0 then,if A'Length /= 0 then,killed
searching/SPARK4/Ada-SPARK-Binary-Search,binary_search.adb,112,+ 1 -> + 0,Hi := A'Last + 1;,Hi := A'Last + 0;,killed
searching/SPARK4/Ada-SPARK-Binary-Search,binary_search.adb,128,> -> >=,if A (Mid) > Key then,if A (Mid) >= Key then,killed
searching/SPARK4/Ada-SPARK-Binary-Search,binary_search.adb,136,and then -> or else,if Cand >= A'First and then A (Cand) = Key then,if Cand >= A'First or else A (Cand) = Key then,killed
searching/SPARK4/Ada-SPARK-Binary-Search,binary_search.adb,136,>= -> >,if Cand >= A'First and then A (Cand) = Key then,if Cand > A'First and then A (Cand) = Key then,killed
searching/SPARK4/Ada-SPARK-Fibonacci-Search,fibonacci_search.adb,30,<= -> <,Min_Index'Result <= X,Min_Index'Result < X,killed
searching/SPARK4/Ada-SPARK-Fibonacci-Search,fibonacci_search.adb,31,and then -> or else,and then Min_Index'Result <= Y,or else Min_Index'Result <= Y,stillborn
searching/SPARK4/Ada-SPARK-Fibonacci-Search,fibonacci_search.adb,32,= -> /=,and then (Min_Index'Result = X or else Min_Index'Result = Y),and then (Min_Index'Result = X or else Min_Index'Result /= Y),killed
searching/SPARK4/Ada-SPARK-Fibonacci-Search,fibonacci_search.adb,32,or else -> and then,and then (Min_Index'Result = X or else Min_Index'Result = Y),and then (Min_Index'Result = X and then Min_Index'Result = Y),killed
searching/SPARK4/Ada-SPARK-Fibonacci-Search,fibonacci_search.adb,32,= -> /=,and then (Min_Index'Result = X or else Min_Index'Result = Y),and then (Min_Index'Result /= X or else Min_Index'Result = Y),killed
searching/SPARK4/Ada-SPARK-Fibonacci-Search,fibonacci_search.adb,32,and then -> or else,and then (Min_Index'Result = X or else Min_Index'Result = Y),or else (Min_Index'Result = X or else Min_Index'Result = Y),stillborn
searching/SPARK4/Ada-SPARK-Fibonacci-Search,fibonacci_search.adb,35,<= -> <,if X <= Y then,if X < Y then,survived
searching/SPARK4/Ada-SPARK-Fibonacci-Search,fibonacci_search.adb,54,= -> /=,if N = 0 then,if N /= 0 then,killed
searching/SPARK4/Ada-SPARK-Fibonacci-Search,fibonacci_search.adb,67,>= -> >,exit when Fibs (I) >= N;,exit when Fibs (I) > N;,survived
searching/SPARK4/Ada-SPARK-Fibonacci-Search,fibonacci_search.adb,91,- -> +,if Natural (Offset) <= Max_N + 1 - Natural (Step) then,if Natural (Offset) <= Max_N + 1 + Natural (Step) then,killed
searching/SPARK4/Ada-SPARK-Fibonacci-Search,fibonacci_search.adb,91,<= -> <,if Natural (Offset) <= Max_N + 1 - Natural (Step) then,if Natural (Offset) < Max_N + 1 - Natural (Step) then,survived
searching/SPARK4/Ada-SPARK-Fibonacci-Search,fibonacci_search.adb,91,+ -> -,if Natural (Offset) <= Max_N + 1 - Natural (Step) then,if Natural (Offset) <= Max_N - 1 - Natural (Step) then,survived
searching/SPARK4/Ada-SPARK-Fibonacci-Search,fibonacci_search.adb,94,+ 1 -> + 0,Cand := Max_N + 1;,Cand := Max_N + 0;,survived
searching/SPARK4/Ada-SPARK-Fibonacci-Search,fibonacci_search.adb,103,- 1 -> - 0,M      := M - 1;,M      := M - 0;,survived
searching/SPARK4/Ada-SPARK-Fibonacci-Search,fibonacci_search.adb,105,> -> >=,elsif A (Probe) > Key then,elsif A (Probe) >= Key then,killed
searching/SPARK4/Ada-SPARK-Fibonacci-Search,fibonacci_search.adb,116,- 1 -> - 0,and then Fibs (M - 1) /= 0,and then Fibs (M - 0) /= 0,survived
searching/SPARK4/Ada-SPARK-Fibonacci-Search,fibonacci_search.adb,116,/= -> =,and then Fibs (M - 1) /= 0,and then Fibs (M - 1) = 0,killed
searching/SPARK4/Ada-SPARK-Fibonacci-Search,fibonacci_search.adb,116,- -> +,and then Fibs (M - 1) /= 0,and then Fibs (M + 1) /= 0,survived
searching/SPARK4/Ada-SPARK-Fibonacci-Search,fibonacci_search.adb,119,+ 1 -> + 0,Cand := Offset + 1;,Cand := Offset + 0;,killed
searching/SPARK4/Ada-SPARK-Fibonacci-Search,fibonacci_search.adb,123,= -> /=,if A (Cand) = Key then,if A (Cand) /= Key then,killed
searching/SPARK4/Ada-SPARK-Interpolation-Search,interpolation_search.adb,21,>= -> >,Lo >= 1,Lo > 1,killed
searching/SPARK4/Ada-SPARK-Interpolation-Search,interpolation_search.adb,22,<= -> <,and then Hi <= Max_N,and then Hi < Max_N,killed
searching/SPARK4/Ada-SPARK-Interpolation-Search,interpolation_search.adb,22,and then -> or else,and then Hi <= Max_N,or else Hi <= Max_N,stillborn
searching/SPARK4/Ada-SPARK-Interpolation-Search,interpolation_search.adb,23,and then -> or else,and then Lo < Hi,or else Lo < Hi,stillborn
searching/SPARK4/Ada-SPARK-Interpolation-Search,interpolation_search.adb,23,< -> <=,and then Lo < Hi,and then Lo <= Hi,survived
searching/SPARK4/Ada-SPARK-Interpolation-Search,interpolation_search.adb,24,and then -> or else,and then A_Hi > A_Lo,or else A_Hi > A_Lo,stillborn
searching/SPARK4/Ada-SPARK-Interpolation-Search,interpolation_search.adb,24,> -> >=,and then A_Hi > A_Lo,and then A_Hi >= A_Lo,survived
searching/SPARK4/Ada-SPARK-Interpolation-Search,interpolation_search.adb,25,>= -> >,and then Key >= A_Lo,and then Key > A_Lo,killed
searching/SPARK4/Ada-SPARK-Interpolation-Search,interpolation_search.adb,25,and then -> or else,and then Key >= A_Lo,or else Key >= A_Lo,stillborn
searching/SPARK4/Ada-SPARK-Interpolation-Search,interpolation_search.adb,26,<= -> <,"and then Key <= A_Hi,","and then Key < A_Hi,",killed
searching/SPARK4/Ada-SPARK-Interpolation-Search,interpolation_search.adb,32,- -> +,Long_Long_Integer (Hi - Lo);,Long_Long_Integer (Hi + Lo);,survived
searching/SPARK4/Ada-SPARK-Interpolation-Search,interpolation_search.adb,34,- -> +,Long_Long_Integer (A_Hi) - Long_Long_Integer (A_Lo);,Long_Long_Integer (A_Hi) + Long_Long_Integer (A_Lo);,killed
searching/SPARK4/Ada-SPARK-Interpolation-Search,interpolation_search.adb,43,* -> +,Offset := (Diff_Key * Span) / Diff_Val;,Offset := (Diff_Key + Span) / Diff_Val;,survived
searching/SPARK4/Ada-SPARK-Interpolation-Search,interpolation_search.adb,65,= -> /=,if A'Length = 0 then,if A'Length /= 0 then,killed
searching/SPARK4/Ada-SPARK-Interpolation-Search,interpolation_search.adb,82,> -> >=,exit when Lo > Hi;,exit when Lo >= Hi;,killed
searching/SPARK4/Ada-SPARK-Interpolation-Search,interpolation_search.adb,87,or else -> and then,exit when Key < A (Lo) or else Key > A (Hi);,exit when Key < A (Lo) and then Key > A (Hi);,killed
searching/SPARK4/Ada-SPARK-Interpolation-Search,interpolation_search.adb,90,= -> /=,if A (Hi) = A (Lo) then,if A (Hi) /= A (Lo) then,killed
searching/SPARK4/Ada-SPARK-Interpolation-Search,interpolation_search.adb,104,< -> <=,elsif A (Pos) < Key then,elsif A (Pos) <= Key then,survived
searching/SPARK4/Ada-SPARK-Interpolation-Search,interpolation_search.adb,105,+ 1 -> + 0,Lo := Ext_Index (Pos) + 1;,Lo := Ext_Index (Pos) + 0;,killed
searching/SPARK4/Ada-SPARK-Interpolation-Search,interpolation_search.adb,107,- 1 -> - 0,Hi := Ext_Index (Pos) - 1;,Hi := Ext_Index (Pos) - 0;,survived
searching/SPARK4/Ada-SPARK-Introselect,introselect.adb,48,<= -> <,and then R <= A'Last;,and then R < A'Last;,killed
searching/SPARK4/Ada-SPARK-Introselect,introselect.adb,64,- 1 -> - 0,and then Hi in Lo - 1 .. A'Last,and then Hi in Lo - 0 .. A'Last,survived
searching/SPARK4/Ada-SPARK-Introselect,introselect.adb,97,/= -> =,(if K /= X and then K /= Y then A (K) = A'Old (K))),(if K = X and then K /= Y then A (K) = A'Old (K))),killed
searching/SPARK4/Ada-SPARK-Introselect,introselect.adb,151,and then -> or else,"and then Suffix_Geq_Window (A, Lo, Hi)","or else Suffix_Geq_Window (A, Lo, Hi)",stillborn
searching/SPARK4/Ada-SPARK-Introselect,introselect.adb,200,and then -> or else,and then G_Lo in Win_Lo .. Win_Hi,or else G_Lo in Win_Lo .. Win_Hi,stillborn
searching/SPARK4/Ada-SPARK-Introselect,introselect.adb,280,and then -> or else,"and then Prefix_Leq_Window (A, Win_Lo, Win_Hi)","or else Prefix_Leq_Window (A, Win_Lo, Win_Hi)",stillborn
searching/SPARK4/Ada-SPARK-Introselect,introselect.adb,282,and then -> or else,and then,or else,stillborn
searching/SPARK4/Ada-SPARK-Introselect,introselect.adb,283,- 1 -> - 0,(for all K in 1 .. Win_Lo - 1 => A (K) = A'Old (K)),(for all K in 1 .. Win_Lo - 0 => A (K) = A'Old (K)),survived
searching/SPARK4/Ada-SPARK-Introselect,introselect.adb,287,+ 1 -> + 0,N            : constant Index := Hi - Lo + 1;,N            : constant Index := Hi - Lo + 0;,survived
searching/SPARK4/Ada-SPARK-Introselect,introselect.adb,293,<= -> <,if N <= 5 then,if N < 5 then,survived
searching/SPARK4/Ada-SPARK-Introselect,introselect.adb,362,+ -> -,and then Hi in Lo + 1 .. A'Last,and then Hi in Lo - 1 .. A'Last,survived
searching/SPARK4/Ada-SPARK-Introselect,introselect.adb,363,and then -> or else,"and then Prefix_Leq_Window (A, Lo, Hi)","or else Prefix_Leq_Window (A, Lo, Hi)",stillborn
searching/SPARK4/Ada-SPARK-Introselect,introselect.adb,368,- -> +,"and then All_Leq (A, Lo, P - 1, A (P))","and then All_Leq (A, Lo, P + 1, A (P))",killed
searching/SPARK4/Ada-SPARK-Introselect,introselect.adb,373,- -> +,(for all K in 1 .. Lo - 1 => A (K) = A'Old (K)),(for all K in 1 .. Lo + 1 => A (K) = A'Old (K)),killed
searching/SPARK4/Ada-SPARK-Introselect,introselect.adb,485,>= -> >,and then A'Length >= 1,and then A'Length > 1,survived
searching/SPARK4/Ada-SPARK-Introselect,introselect.adb,518,and then -> or else,"and then Prefix_Leq_Window (A, Lo, Hi)","or else Prefix_Leq_Window (A, Lo, Hi)",stillborn
searching/SPARK4/Ada-SPARK-Introselect,introselect.adb,521,+ -> -,"and then All_Geq (A, P + 1, Hi, A (P)),","and then All_Geq (A, P - 1, Hi, A (P)),",killed
searching/SPARK4/Ada-SPARK-Introselect,introselect.adb,558,+ 1 -> + 0,and then Target in P + 1 .. Hi,and then Target in P + 0 .. Hi,survived
searching/SPARK4/Ada-SPARK-Introselect,introselect.adb,562,+ -> -,"and then All_Geq (A, P + 1, Hi, A (P)),","and then All_Geq (A, P - 1, Hi, A (P)),",killed
searching/SPARK4/Ada-SPARK-Introselect,introselect.adb,609,* -> +,Depth := Depth_Count (2 * Floor_Log2 (A'Last));,Depth := Depth_Count (2 + Floor_Log2 (A'Last));,survived
searching/SPARK4/Ada-SPARK-Jump-Search,jump_search.adb,19,and then -> or else,and then (if Floor_Sqrt'Result < 8 then,or else (if Floor_Sqrt'Result < 8 then,stillborn
searching/SPARK4/Ada-SPARK-Jump-Search,jump_search.adb,20,* -> +,(Floor_Sqrt'Result + 1) * (Floor_Sqrt'Result + 1) > N),(Floor_Sqrt'Result + 1) + (Floor_Sqrt'Result + 1) > N),killed
searching/SPARK4/Ada-SPARK-Jump-Search,jump_search.adb,20,+ -> -,(Floor_Sqrt'Result + 1) * (Floor_Sqrt'Result + 1) > N),(Floor_Sqrt'Result + 1) * (Floor_Sqrt'Result - 1) > N),killed
searching/SPARK4/Ada-SPARK-Jump-Search,jump_search.adb,21,= -> /=,and then (if N = 0 then Floor_Sqrt'Result = 0),and then (if N = 0 then Floor_Sqrt'Result /= 0),survived
searching/SPARK4/Ada-SPARK-Jump-Search,jump_search.adb,22,and then -> or else,and then (if N >= 1 then Floor_Sqrt'Result >= 1),or else (if N >= 1 then Floor_Sqrt'Result >= 1),stillborn
searching/SPARK4/Ada-SPARK-Jump-Search,jump_search.adb,27,* -> +,if R * R <= N then,if R + R <= N then,killed
searching/SPARK4/Ada-SPARK-Jump-Search,jump_search.adb,44,- -> +,and then (if Natural (Step) >= (Max_N + 1) - Natural (Curr) then,and then (if Natural (Step) >= (Max_N + 1) + Natural (Curr) then,killed
searching/SPARK4/Ada-SPARK-Jump-Search,jump_search.adb,44,+ 1 -> + 0,and then (if Natural (Step) >= (Max_N + 1) - Natural (Curr) then,and then (if Natural (Step) >= (Max_N + 0) - Natural (Curr) then,killed
searching/SPARK4/Ada-SPARK-Jump-Search,jump_search.adb,45,+ -> -,Advance'Result = Max_N + 1,Advance'Result = Max_N - 1,killed
searching/SPARK4/Ada-SPARK-Jump-Search,jump_search.adb,49,+ 1 -> + 0,Room : constant Natural := (Max_N + 1) - Natural (Curr);,Room : constant Natural := (Max_N + 0) - Natural (Curr);,killed
searching/SPARK4/Ada-SPARK-Jump-Search,jump_search.adb,49,- -> +,Room : constant Natural := (Max_N + 1) - Natural (Curr);,Room : constant Natural := (Max_N + 1) + Natural (Curr);,killed
searching/SPARK4/Ada-SPARK-Jump-Search,jump_search.adb,71,> -> >=,and then (if Find_With_Step'Result > 0 then,and then (if Find_With_Step'Result >= 0 then,killed
searching/SPARK4/Ada-SPARK-Jump-Search,jump_search.adb,72,= -> /=,A (Find_With_Step'Result) = Key),A (Find_With_Step'Result) /= Key),killed
searching/SPARK4/Ada-SPARK-Jump-Search,jump_search.adb,87,+ 1 -> + 0,Curr := Ext_Index (if Natural (Step) >= Max_N + 1 then Max_N + 1,Curr := Ext_Index (if Natural (Step) >= Max_N + 0 then Max_N + 1,survived
searching/SPARK4/Ada-SPARK-Jump-Search,jump_search.adb,87,+ -> -,Curr := Ext_Index (if Natural (Step) >= Max_N + 1 then Max_N + 1,Curr := Ext_Index (if Natural (Step) >= Max_N - 1 then Max_N + 1,survived
searching/SPARK4/Ada-SPARK-Jump-Search,jump_search.adb,113,>= -> >,if Prev >= N then,if Prev > N then,survived
searching/SPARK4/Ada-SPARK-Jump-Search,jump_search.adb,119,<= -> <,if Curr <= N then,if Curr < N then,survived
searching/SPARK4/Ada-SPARK-Jump-Search,jump_search.adb,125,>= -> >,if Prev >= Bound then,if Prev > Bound then,survived
searching/SPARK4/Ada-SPARK-Jump-Search,jump_search.adb,143,= -> /=,if A (Idx) = Key then,if A (Idx) /= Key then,killed
searching/SPARK4/Ada-SPARK-Jump-Search,jump_search.adb,149,+ 1 -> + 0,Idx := Idx + 1;,Idx := Idx + 0;,killed
searching/SPARK4/Ada-SPARK-Linear-Search,linear_search.adb,15,= -> /=,if A'Length = 0 then,if A'Length /= 0 then,killed
searching/SPARK4/Ada-SPARK-Linear-Search,linear_search.adb,22,= -> /=,if A (I) = Key then,if A (I) /= Key then,killed
searching/SPARK4/Ada-SPARK-Linear-Search,linear_search.adb,40,= -> /=,if A'Length = 0 then,if A'Length /= 0 then,killed
searching/SPARK4/Ada-SPARK-Linear-Search,linear_search.adb,50,= -> /=,if A (I) = Key then,if A (I) /= Key then,killed
searching/SPARK4/Ada-SPARK-Linear-Search,linear_search.adb,64,> -> >=,"return Find (A, Key) > 0;","return Find (A, Key) >= 0;",killed
searching/SPARK4/Ada-SPARK-Quickselect,quickselect.adb,27,<= -> <,and then R <= A'Last;,and then R < A'Last;,survived
searching/SPARK4/Ada-SPARK-Quickselect,quickselect.adb,35,or else -> and then,(L > R or else (for all K in L .. R => A (K) >= V)),(L > R and then (for all K in L .. R => A (K) >= V)),killed
searching/SPARK4/Ada-SPARK-Quickselect,quickselect.adb,58,and then -> or else,and then Hi in Lo - 1 .. A'Last,or else Hi in Lo - 1 .. A'Last,stillborn
searching/SPARK4/Ada-SPARK-Quickselect,quickselect.adb,75,- -> +,and then Hi in Lo - 1 .. A'Last,and then Hi in Lo + 1 .. A'Last,killed
searching/SPARK4/Ada-SPARK-Quickselect,quickselect.adb,87,and then -> or else,and then A (X) = A'Old (Y),or else A (X) = A'Old (Y),stillborn
searching/SPARK4/Ada-SPARK-Quickselect,quickselect.adb,116,and then -> or else,"and then Suffix_Geq_Window (A, Lo, Hi),","or else Suffix_Geq_Window (A, Lo, Hi),",stillborn
searching/SPARK4/Ada-SPARK-Quickselect,quickselect.adb,119,and then -> or else,"and then Prefix_Leq_Window (A, Lo, Hi)","or else Prefix_Leq_Window (A, Lo, Hi)",stillborn
searching/SPARK4/Ada-SPARK-Quickselect,quickselect.adb,121,and then -> or else,and then,or else,stillborn
searching/SPARK4/Ada-SPARK-Quickselect,quickselect.adb,122,- 1 -> - 0,(for all K in 1 .. Lo - 1 => A (K) = A'Old (K)),(for all K in 1 .. Lo - 0 => A (K) = A'Old (K)),killed
searching/SPARK4/Ada-SPARK-Quickselect,quickselect.adb,123,and then -> or else,and then,or else,stillborn
searching/SPARK4/Ada-SPARK-Quickselect,quickselect.adb,167,and then -> or else,and then A'Last >= 2,or else A'Last >= 2,stillborn
searching/SPARK4/Ada-SPARK-Quickselect,quickselect.adb,169,and then -> or else,and then Hi in Lo + 1 .. A'Last,or else Hi in Lo + 1 .. A'Last,stillborn
searching/SPARK4/Ada-SPARK-Quickselect,quickselect.adb,175,- -> +,"and then All_Leq (A, Lo, P - 1, A (P))","and then All_Leq (A, Lo, P + 1, A (P))",killed
searching/SPARK4/Ada-SPARK-Quickselect,quickselect.adb,182,= -> /=,(for all K in Hi + 1 .. A'Last => A (K) = A'Old (K)),(for all K in Hi + 1 .. A'Last => A (K) /= A'Old (K)),killed
searching/SPARK4/Ada-SPARK-Quickselect,quickselect.adb,256,>= -> >,and then A'Length >= 1,and then A'Length > 1,survived
searching/SPARK4/Ada-SPARK-Quickselect,quickselect.adb,257,and then -> or else,and then K in 1 .. A'Length,or else K in 1 .. A'Length,stillborn
searching/SPARK4/Ada-SPARK-Quickselect,quickselect.adb,264,- -> +,"and then All_Leq (A, Lo, P - 1, A (P))","and then All_Leq (A, Lo, P + 1, A (P))",killed
searching/SPARK4/Ada-SPARK-Quickselect,quickselect.adb,298,and then -> or else,and then A'Length >= 1,or else A'Length >= 1,stillborn
searching/SPARK4/Ada-SPARK-Quickselect,quickselect.adb,336,- 1 -> - 0,"Prefix_Leq_Window (A, Lo, P - 1)","Prefix_Leq_Window (A, Lo, P - 0)",survived
searching/SPARK4/Ada-SPARK-Quickselect,quickselect.adb,457,= -> /=,if P = Target then,if P /= Target then,killed
searching/SPARK4/Ada-SPARK-Ternary-Search,ternary_search.adb,24,= -> /=,if A'Length = 1 then,if A'Length /= 1 then,killed
searching/SPARK4/Ada-SPARK-Ternary-Search,ternary_search.adb,37,<= -> <,exit when Hi - Lo <= Threshold;,exit when Hi - Lo < Threshold;,survived
searching/SPARK4/Ada-SPARK-Ternary-Search,ternary_search.adb,39,- -> +,Span := Hi - Lo;,Span := Hi + Lo;,killed
searching/SPARK4/Ada-SPARK-Ternary-Search,ternary_search.adb,46,< -> <=,if A (M1) < A (M2) then,if A (M1) <= A (M2) then,survived
searching/SPARK4/Ada-SPARK-Ternary-Search,ternary_search.adb,48,+ 1 -> + 0,Lo := M1 + 1;,Lo := M1 + 0;,survived
searching/SPARK4/Ada-SPARK-Ternary-Search,ternary_search.adb,49,> -> >=,elsif A (M1) > A (M2) then,elsif A (M1) >= A (M2) then,survived
searching/SPARK4/Ada-SPARK-Ternary-Search,ternary_search.adb,60,+ 1 -> + 0,for I in Lo + 1 .. Hi loop,for I in Lo + 0 .. Hi loop,killed
searching/SPARK4/Ada-SPARK-Ternary-Search,ternary_search.adb,60,+ -> -,for I in Lo + 1 .. Hi loop,for I in Lo - 1 .. Hi loop,killed
searching/SPARK4/Ada-SPARK-Ternary-Search,ternary_search.adb,63,> -> >=,if A (I) > A (Best) then,if A (I) >= A (Best) then,survived
searching/SPARK4/Ada-SPARK-Ternary-Search,ternary_search.adb,79,= -> /=,if A'Length = 0 then,if A'Length /= 0 then,killed
searching/SPARK4/Ada-SPARK-Ternary-Search,ternary_search.adb,95,> -> >=,exit when Lo > Hi;,exit when Lo >= Hi;,killed
searching/SPARK4/Ada-SPARK-Ternary-Search,ternary_search.adb,99,- -> +,M2 := Hi - Span / 3;,M2 := Hi + Span / 3;,killed
searching/SPARK4/Ada-SPARK-Ternary-Search,ternary_search.adb,104,= -> /=,if A (M1) = Key then,if A (M1) /= Key then,killed
searching/SPARK4/Ada-SPARK-Ternary-Search,ternary_search.adb,107,and then -> or else,if M2 /= M1 and then A (M2) = Key then,if M2 /= M1 or else A (M2) = Key then,killed
searching/SPARK4/Ada-SPARK-Ternary-Search,ternary_search.adb,112,- 1 -> - 0,Hi := M1 - 1;,Hi := M1 - 0;,survived
searching/SPARK4/Ada-SPARK-Ternary-Search,ternary_search.adb,112,- -> +,Hi := M1 - 1;,Hi := M1 + 1;,survived
searching/SPARK4/Ada-SPARK-Ternary-Search,ternary_search.adb,114,+ 1 -> + 0,Lo := M2 + 1;,Lo := M2 + 0;,survived
searching/SPARK4/Ada-SPARK-Ternary-Search,ternary_search.adb,117,+ 1 -> + 0,Lo := M1 + 1;,Lo := M1 + 0;,survived
searching/SPARK4/Ada-SPARK-Ternary-Search,ternary_search.adb,118,- -> +,Hi := M2 - 1;,Hi := M2 + 1;,killed
searching/SPARK4/Ada-SPARK-Ternary-Search,ternary_search.adb,118,- 1 -> - 0,Hi := M2 - 1;,Hi := M2 - 0;,survived
sorting/Ada/Bucket-Sort,bucket_sort.adb,24,<= -> <,if Last <= First then,if Last < First then,survived
sorting/Ada/Bucket-Sort,bucket_sort.adb,27,+ -> -,for I in First + 1 .. Last loop,for I in First - 1 .. Last loop,killed
sorting/Ada/Bucket-Sort,bucket_sort.adb,30,- 1 -> - 0,J   : Integer := Integer (I) - 1;,J   : Integer := Integer (I) - 0;,killed
sorting/Ada/Bucket-Sort,bucket_sort.adb,32,>= -> >,while J >= Integer (First) and then Work (J) > Key loop,while J > Integer (First) and then Work (J) > Key loop,killed
sorting/Ada/Bucket-Sort,bucket_sort.adb,33,+ -> -,Work (J + 1) := Work (J);,Work (J - 1) := Work (J);,killed
sorting/Ada/Bucket-Sort,bucket_sort.adb,34,- 1 -> - 0,J := J - 1;,J := J - 0;,timeout
sorting/Ada/Bucket-Sort,bucket_sort.adb,34,- -> +,J := J - 1;,J := J + 1;,killed
sorting/Ada/Bucket-Sort,bucket_sort.adb,36,+ -> -,Work (J + 1) := Key;,Work (J - 1) := Key;,killed
sorting/Ada/Bucket-Sort,bucket_sort.adb,36,+ 1 -> + 0,Work (J + 1) := Key;,Work (J + 0) := Key;,killed
sorting/Ada/Bucket-Sort,bucket_sort.adb,48,<= -> <,if N <= 1 then,if N < 1 then,survived
sorting/Ada/Bucket-Sort,bucket_sort.adb,54,+ 1 -> + 0,for I in A'First + 1 .. A'Last loop,for I in A'First + 0 .. A'Last loop,survived
sorting/Ada/Bucket-Sort,bucket_sort.adb,55,< -> <=,if A (I) < Min_Val then,if A (I) <= Min_Val then,survived
sorting/Ada/Bucket-Sort,bucket_sort.adb,57,> -> >=,elsif A (I) > Max_Val then,elsif A (I) >= Max_Val then,survived
sorting/Ada/Bucket-Sort,bucket_sort.adb,89,- 1 -> - 0,Long_Long_Integer (K - 1),Long_Long_Integer (K - 0),killed
sorting/Ada/Bucket-Sort,bucket_sort.adb,98,+ -> -,Counts (B) := Counts (B) + 1;,Counts (B) := Counts (B) - 1;,killed
sorting/Ada/Bucket-Sort,bucket_sort.adb,98,+ 1 -> + 0,Counts (B) := Counts (B) + 1;,Counts (B) := Counts (B) + 0;,killed
sorting/Ada/Bucket-Sort,bucket_sort.adb,118,+ 1 -> + 0,Next (B) := Next (B) + 1;,Next (B) := Next (B) + 0;,killed
sorting/Ada/Bucket-Sort,bucket_sort.adb,126,- -> +,Seg_Last  := Seg_First + Counts (B) - 1;,Seg_Last  := Seg_First + Counts (B) + 1;,killed
sorting/Ada/Bucket-Sort,bucket_sort.adb,140,+ -> -,for I in A'First + 1 .. A'Last loop,for I in A'First - 1 .. A'Last loop,killed
sorting/Ada/Bucket-Sort,bucket_sort.adb,141,- -> +,if A (I - 1) > A (I) then,if A (I + 1) > A (I) then,killed
sorting/Ada/Heapsort,heapsort.adb,11,> -> >=,if A'Length > Max_Length then,if A'Length >= Max_Length then,survived
sorting/Ada/Heapsort,heapsort.adb,20,= -> /=,if I = J then,if I /= J then,killed
sorting/Ada/Heapsort,heapsort.adb,32,- -> +,return A'First + 2 * (I - A'First) + 1;,return A'First + 2 * (I + A'First) + 1;,killed
sorting/Ada/Heapsort,heapsort.adb,32,+ -> -,return A'First + 2 * (I - A'First) + 1;,return A'First - 2 * (I - A'First) + 1;,killed
sorting/Ada/Heapsort,heapsort.adb,32,+ 1 -> + 0,return A'First + 2 * (I - A'First) + 1;,return A'First + 2 * (I - A'First) + 0;,killed
sorting/Ada/Heapsort,heapsort.adb,32,+ -> -,return A'First + 2 * (I - A'First) + 1;,return A'First + 2 * (I - A'First) - 1;,killed
sorting/Ada/Heapsort,heapsort.adb,32,* -> +,return A'First + 2 * (I - A'First) + 1;,return A'First + 2 + (I - A'First) + 1;,killed
sorting/Ada/Heapsort,heapsort.adb,46,> -> >=,exit when Child > Heap_Last;,exit when Child >= Heap_Last;,killed
sorting/Ada/Heapsort,heapsort.adb,49,+ -> -,if Child < Heap_Last and then A (Child) < A (Child + 1) then,if Child < Heap_Last and then A (Child) < A (Child - 1) then,killed
sorting/Ada/Heapsort,heapsort.adb,49,< -> <=,if Child < Heap_Last and then A (Child) < A (Child + 1) then,if Child <= Heap_Last and then A (Child) < A (Child + 1) then,killed
sorting/Ada/Heapsort,heapsort.adb,49,+ 1 -> + 0,if Child < Heap_Last and then A (Child) < A (Child + 1) then,if Child < Heap_Last and then A (Child) < A (Child + 0) then,killed
sorting/Ada/Heapsort,heapsort.adb,50,+ 1 -> + 0,Child := Child + 1;,Child := Child + 0;,killed
sorting/Ada/Heapsort,heapsort.adb,50,+ -> -,Child := Child + 1;,Child := Child - 1;,killed
sorting/Ada/Heapsort,heapsort.adb,73,- -> +,Start := A'First + (A'Length - 2) / 2;,Start := A'First + (A'Length + 2) / 2;,killed
sorting/Ada/Heapsort,heapsort.adb,77,= -> /=,exit when Start = A'First;,exit when Start /= A'First;,killed
sorting/Ada/Heapsort,heapsort.adb,78,- 1 -> - 0,Start := Start - 1;,Start := Start - 0;,timeout
sorting/Ada/Heapsort,heapsort.adb,86,<= -> <,if A'Length <= 1 then,if A'Length < 1 then,survived
sorting/Ada/Heapsort,heapsort.adb,94,> -> >=,while Heap_Last > A'First loop,while Heap_Last >= A'First loop,killed
sorting/Ada/Heapsort,heapsort.adb,107,- -> +,if A (I - 1) > A (I) then,if A (I + 1) > A (I) then,killed
sorting/Ada/Heapsort,heapsort.adb,107,- 1 -> - 0,if A (I - 1) > A (I) then,if A (I - 0) > A (I) then,killed
sorting/Ada/Odd-Even-Sort,odd_even_sort.adb,13,> -> >=,if A'Length > Max_N then,if A'Length >= Max_N then,killed
sorting/Ada/Odd-Even-Sort,odd_even_sort.adb,34,<= -> <,if N <= 1 then,if N < 1 then,survived
sorting/Ada/Odd-Even-Sort,odd_even_sort.adb,42,+ -> -,Idx := A'First + 1;,Idx := A'First - 1;,killed
sorting/Ada/Odd-Even-Sort,odd_even_sort.adb,42,+ 1 -> + 0,Idx := A'First + 1;,Idx := A'First + 0;,killed
sorting/Ada/Odd-Even-Sort,odd_even_sort.adb,43,< -> <=,while Idx < A'Last loop,while Idx <= A'Last loop,killed
sorting/Ada/Odd-Even-Sort,odd_even_sort.adb,44,+ 1 -> + 0,if A (Idx) > A (Idx + 1) then,if A (Idx) > A (Idx + 0) then,killed
sorting/Ada/Odd-Even-Sort,odd_even_sort.adb,44,> -> >=,if A (Idx) > A (Idx + 1) then,if A (Idx) >= A (Idx + 1) then,timeout
sorting/Ada/Odd-Even-Sort,odd_even_sort.adb,44,+ -> -,if A (Idx) > A (Idx + 1) then,if A (Idx) > A (Idx - 1) then,timeout
sorting/Ada/Odd-Even-Sort,odd_even_sort.adb,45,+ 1 -> + 0,"Swap (Idx, Idx + 1);","Swap (Idx, Idx + 0);",timeout
sorting/Ada/Odd-Even-Sort,odd_even_sort.adb,45,+ -> -,"Swap (Idx, Idx + 1);","Swap (Idx, Idx - 1);",timeout
sorting/Ada/Odd-Even-Sort,odd_even_sort.adb,48,< -> <=,exit when A'Last - Idx < 2;,exit when A'Last - Idx <= 2;,survived
sorting/Ada/Odd-Even-Sort,odd_even_sort.adb,54,< -> <=,while Idx < A'Last loop,while Idx <= A'Last loop,killed
sorting/Ada/Odd-Even-Sort,odd_even_sort.adb,55,+ -> -,if A (Idx) > A (Idx + 1) then,if A (Idx) > A (Idx - 1) then,killed
sorting/Ada/Odd-Even-Sort,odd_even_sort.adb,55,+ 1 -> + 0,if A (Idx) > A (Idx + 1) then,if A (Idx) > A (Idx + 0) then,killed
sorting/Ada/Odd-Even-Sort,odd_even_sort.adb,56,+ 1 -> + 0,"Swap (Idx, Idx + 1);","Swap (Idx, Idx + 0);",timeout
sorting/Ada/Odd-Even-Sort,odd_even_sort.adb,59,< -> <=,exit when A'Last - Idx < 2;,exit when A'Last - Idx <= 2;,survived
sorting/Ada/Odd-Even-Sort,odd_even_sort.adb,72,+ -> -,for I in A'First + 1 .. A'Last loop,for I in A'First - 1 .. A'Last loop,killed
sorting/Ada/Odd-Even-Sort,odd_even_sort.adb,72,+ 1 -> + 0,for I in A'First + 1 .. A'Last loop,for I in A'First + 0 .. A'Last loop,killed
sorting/Ada/Odd-Even-Sort,odd_even_sort.adb,73,- 1 -> - 0,if A (I - 1) > A (I) then,if A (I - 0) > A (I) then,killed
sorting/Ada/Odd-Even-Sort,odd_even_sort.adb,73,- -> +,if A (I - 1) > A (I) then,if A (I + 1) > A (I) then,killed
sorting/SPARK2/Ada-SPARK-Bitonic-Sort,bitonic_sort.adb,12,+ 1 -> + 0,if I < Index'Last and then Work (I) > Work (I + 1) then,if I < Index'Last and then Work (I) > Work (I + 0) then,killed
sorting/SPARK2/Ada-SPARK-Bitonic-Sort,bitonic_sort.adb,12,+ -> -,if I < Index'Last and then Work (I) > Work (I + 1) then,if I < Index'Last and then Work (I) > Work (I - 1) then,killed
sorting/SPARK2/Ada-SPARK-Bitonic-Sort,bitonic_sort.adb,12,and then -> or else,if I < Index'Last and then Work (I) > Work (I + 1) then,if I < Index'Last or else Work (I) > Work (I + 1) then,killed
sorting/SPARK2/Ada-SPARK-Bitonic-Sort,bitonic_sort.adb,12,< -> <=,if I < Index'Last and then Work (I) > Work (I + 1) then,if I <= Index'Last and then Work (I) > Work (I + 1) then,killed
sorting/SPARK2/Ada-SPARK-Bitonic-Sort,bitonic_sort.adb,12,> -> >=,if I < Index'Last and then Work (I) > Work (I + 1) then,if I < Index'Last and then Work (I) >= Work (I + 1) then,survived
sorting/SPARK2/Ada-SPARK-Bitonic-Sort,bitonic_sort.adb,14,+ -> -,Work (I) := Work (I + 1);,Work (I) := Work (I - 1);,killed
sorting/SPARK2/Ada-SPARK-Bitonic-Sort,bitonic_sort.adb,14,+ 1 -> + 0,Work (I) := Work (I + 1);,Work (I) := Work (I + 0);,killed
sorting/SPARK2/Ada-SPARK-Bitonic-Sort,bitonic_sort.adb,15,+ -> -,Work (I + 1) := Temporary;,Work (I - 1) := Temporary;,killed
sorting/SPARK2/Ada-SPARK-Bitonic-Sort,bitonic_sort.adb,15,+ 1 -> + 0,Work (I + 1) := Temporary;,Work (I + 0) := Temporary;,killed
sorting/SPARK2/Ada-SPARK-Block-Sort,block_sort.adb,12,+ 1 -> + 0,if I < Index'Last and then Work (I) > Work (I + 1) then,if I < Index'Last and then Work (I) > Work (I + 0) then,killed
sorting/SPARK2/Ada-SPARK-Block-Sort,block_sort.adb,12,+ -> -,if I < Index'Last and then Work (I) > Work (I + 1) then,if I < Index'Last and then Work (I) > Work (I - 1) then,killed
sorting/SPARK2/Ada-SPARK-Block-Sort,block_sort.adb,12,and then -> or else,if I < Index'Last and then Work (I) > Work (I + 1) then,if I < Index'Last or else Work (I) > Work (I + 1) then,killed
sorting/SPARK2/Ada-SPARK-Block-Sort,block_sort.adb,12,< -> <=,if I < Index'Last and then Work (I) > Work (I + 1) then,if I <= Index'Last and then Work (I) > Work (I + 1) then,killed
sorting/SPARK2/Ada-SPARK-Block-Sort,block_sort.adb,12,> -> >=,if I < Index'Last and then Work (I) > Work (I + 1) then,if I < Index'Last and then Work (I) >= Work (I + 1) then,survived
sorting/SPARK2/Ada-SPARK-Block-Sort,block_sort.adb,14,+ -> -,Work (I) := Work (I + 1);,Work (I) := Work (I - 1);,killed
sorting/SPARK2/Ada-SPARK-Block-Sort,block_sort.adb,14,+ 1 -> + 0,Work (I) := Work (I + 1);,Work (I) := Work (I + 0);,killed
sorting/SPARK2/Ada-SPARK-Block-Sort,block_sort.adb,15,+ -> -,Work (I + 1) := Temporary;,Work (I - 1) := Temporary;,killed
sorting/SPARK2/Ada-SPARK-Block-Sort,block_sort.adb,15,+ 1 -> + 0,Work (I + 1) := Temporary;,Work (I + 0) := Temporary;,killed
sorting/SPARK2/Ada-SPARK-Circle-Sort,circle_sort.adb,12,+ 1 -> + 0,if I < Index'Last and then Work (I) > Work (I + 1) then,if I < Index'Last and then Work (I) > Work (I + 0) then,killed
sorting/SPARK2/Ada-SPARK-Circle-Sort,circle_sort.adb,12,+ -> -,if I < Index'Last and then Work (I) > Work (I + 1) then,if I < Index'Last and then Work (I) > Work (I - 1) then,killed
sorting/SPARK2/Ada-SPARK-Circle-Sort,circle_sort.adb,12,and then -> or else,if I < Index'Last and then Work (I) > Work (I + 1) then,if I < Index'Last or else Work (I) > Work (I + 1) then,killed
sorting/SPARK2/Ada-SPARK-Circle-Sort,circle_sort.adb,12,< -> <=,if I < Index'Last and then Work (I) > Work (I + 1) then,if I <= Index'Last and then Work (I) > Work (I + 1) then,killed
sorting/SPARK2/Ada-SPARK-Circle-Sort,circle_sort.adb,12,> -> >=,if I < Index'Last and then Work (I) > Work (I + 1) then,if I < Index'Last and then Work (I) >= Work (I + 1) then,survived
sorting/SPARK2/Ada-SPARK-Circle-Sort,circle_sort.adb,14,+ -> -,Work (I) := Work (I + 1);,Work (I) := Work (I - 1);,killed
sorting/SPARK2/Ada-SPARK-Circle-Sort,circle_sort.adb,14,+ 1 -> + 0,Work (I) := Work (I + 1);,Work (I) := Work (I + 0);,killed
sorting/SPARK2/Ada-SPARK-Circle-Sort,circle_sort.adb,15,+ -> -,Work (I + 1) := Temporary;,Work (I - 1) := Temporary;,killed
sorting/SPARK2/Ada-SPARK-Circle-Sort,circle_sort.adb,15,+ 1 -> + 0,Work (I + 1) := Temporary;,Work (I + 0) := Temporary;,killed
sorting/SPARK2/Ada-SPARK-Cocktail-Sort,cocktail_sort.adb,12,+ 1 -> + 0,if I < Index'Last and then Work (I) > Work (I + 1) then,if I < Index'Last and then Work (I) > Work (I + 0) then,killed
sorting/SPARK2/Ada-SPARK-Cocktail-Sort,cocktail_sort.adb,12,+ -> -,if I < Index'Last and then Work (I) > Work (I + 1) then,if I < Index'Last and then Work (I) > Work (I - 1) then,killed
sorting/SPARK2/Ada-SPARK-Cocktail-Sort,cocktail_sort.adb,12,and then -> or else,if I < Index'Last and then Work (I) > Work (I + 1) then,if I < Index'Last or else Work (I) > Work (I + 1) then,killed
sorting/SPARK2/Ada-SPARK-Cocktail-Sort,cocktail_sort.adb,12,< -> <=,if I < Index'Last and then Work (I) > Work (I + 1) then,if I <= Index'Last and then Work (I) > Work (I + 1) then,killed
sorting/SPARK2/Ada-SPARK-Cocktail-Sort,cocktail_sort.adb,12,> -> >=,if I < Index'Last and then Work (I) > Work (I + 1) then,if I < Index'Last and then Work (I) >= Work (I + 1) then,survived
sorting/SPARK2/Ada-SPARK-Cocktail-Sort,cocktail_sort.adb,14,+ -> -,Work (I) := Work (I + 1);,Work (I) := Work (I - 1);,killed
sorting/SPARK2/Ada-SPARK-Cocktail-Sort,cocktail_sort.adb,14,+ 1 -> + 0,Work (I) := Work (I + 1);,Work (I) := Work (I + 0);,killed
sorting/SPARK2/Ada-SPARK-Cocktail-Sort,cocktail_sort.adb,15,+ -> -,Work (I + 1) := Temporary;,Work (I - 1) := Temporary;,killed
sorting/SPARK2/Ada-SPARK-Cocktail-Sort,cocktail_sort.adb,15,+ 1 -> + 0,Work (I + 1) := Temporary;,Work (I + 0) := Temporary;,killed
sorting/SPARK2/Ada-SPARK-Exchange-Sort,exchange_sort.adb,12,+ 1 -> + 0,if I < Index'Last and then Work (I) > Work (I + 1) then,if I < Index'Last and then Work (I) > Work (I + 0) then,killed
sorting/SPARK2/Ada-SPARK-Exchange-Sort,exchange_sort.adb,12,+ -> -,if I < Index'Last and then Work (I) > Work (I + 1) then,if I < Index'Last and then Work (I) > Work (I - 1) then,killed
sorting/SPARK2/Ada-SPARK-Exchange-Sort,exchange_sort.adb,12,and then -> or else,if I < Index'Last and then Work (I) > Work (I + 1) then,if I < Index'Last or else Work (I) > Work (I + 1) then,killed
sorting/SPARK2/Ada-SPARK-Exchange-Sort,exchange_sort.adb,12,< -> <=,if I < Index'Last and then Work (I) > Work (I + 1) then,if I <= Index'Last and then Work (I) > Work (I + 1) then,killed
sorting/SPARK2/Ada-SPARK-Exchange-Sort,exchange_sort.adb,12,> -> >=,if I < Index'Last and then Work (I) > Work (I + 1) then,if I < Index'Last and then Work (I) >= Work (I + 1) then,survived
sorting/SPARK2/Ada-SPARK-Exchange-Sort,exchange_sort.adb,14,+ -> -,Work (I) := Work (I + 1);,Work (I) := Work (I - 1);,killed
sorting/SPARK2/Ada-SPARK-Exchange-Sort,exchange_sort.adb,14,+ 1 -> + 0,Work (I) := Work (I + 1);,Work (I) := Work (I + 0);,killed
sorting/SPARK2/Ada-SPARK-Exchange-Sort,exchange_sort.adb,15,+ -> -,Work (I + 1) := Temporary;,Work (I - 1) := Temporary;,killed
sorting/SPARK2/Ada-SPARK-Exchange-Sort,exchange_sort.adb,15,+ 1 -> + 0,Work (I + 1) := Temporary;,Work (I + 0) := Temporary;,killed
sorting/SPARK2/Ada-SPARK-Find-Median-Sorted-Arrays-Lite,median_sorted_arrays_lite.adb,3,* -> +,type Combined is array (Positive range 1 .. 2 * Capacity) of Value;,type Combined is array (Positive range 1 .. 2 + Capacity) of Value;,killed
sorting/SPARK2/Ada-SPARK-Find-Median-Sorted-Arrays-Lite,median_sorted_arrays_lite.adb,6,+ -> -,Total : constant Natural := NA + NB;,Total : constant Natural := NA - NB;,killed
sorting/SPARK2/Ada-SPARK-Find-Median-Sorted-Arrays-Lite,median_sorted_arrays_lite.adb,11,<= -> <,if I <= NA then C (I) := A (I); end if;,if I < NA then C (I) := A (I); end if;,killed
sorting/SPARK2/Ada-SPARK-Find-Median-Sorted-Arrays-Lite,median_sorted_arrays_lite.adb,12,+ -> -,if I <= NB then C (NA + I) := B (I); end if;,if I <= NB then C (NA - I) := B (I); end if;,killed
sorting/SPARK2/Ada-SPARK-Find-Median-Sorted-Arrays-Lite,median_sorted_arrays_lite.adb,12,<= -> <,if I <= NB then C (NA + I) := B (I); end if;,if I < NB then C (NA + I) := B (I); end if;,killed
sorting/SPARK2/Ada-SPARK-Find-Median-Sorted-Arrays-Lite,median_sorted_arrays_lite.adb,14,* -> +,for I in Positive range 1 .. 2 * Capacity loop,for I in Positive range 1 .. 2 + Capacity loop,survived
sorting/SPARK2/Ada-SPARK-Find-Median-Sorted-Arrays-Lite,median_sorted_arrays_lite.adb,15,>= -> >,exit when I >= Total;,exit when I > Total;,survived
sorting/SPARK2/Ada-SPARK-Find-Median-Sorted-Arrays-Lite,median_sorted_arrays_lite.adb,16,+ 1 -> + 0,for J in Positive range I + 1 .. 2 * Capacity loop,for J in Positive range I + 0 .. 2 * Capacity loop,survived
sorting/SPARK2/Ada-SPARK-Find-Median-Sorted-Arrays-Lite,median_sorted_arrays_lite.adb,16,* -> +,for J in Positive range I + 1 .. 2 * Capacity loop,for J in Positive range I + 1 .. 2 + Capacity loop,killed
sorting/SPARK2/Ada-SPARK-Find-Median-Sorted-Arrays-Lite,median_sorted_arrays_lite.adb,16,+ -> -,for J in Positive range I + 1 .. 2 * Capacity loop,for J in Positive range I - 1 .. 2 * Capacity loop,killed
sorting/SPARK2/Ada-SPARK-Find-Median-Sorted-Arrays-Lite,median_sorted_arrays_lite.adb,17,> -> >=,exit when J > Total;,exit when J >= Total;,killed
sorting/SPARK2/Ada-SPARK-Find-Median-Sorted-Arrays-Lite,median_sorted_arrays_lite.adb,18,< -> <=,if C (J) < C (I) then Temp := C (I); C (I) := C (J); C (J) := Temp; end if;,if C (J) <= C (I) then Temp := C (I); C (I) := C (J); C (J) := Temp; end if;,survived
sorting/SPARK2/Ada-SPARK-Find-Median-Sorted-Arrays-Lite,median_sorted_arrays_lite.adb,21,+ -> -,Mid := Positive ((Total + 1) / 2);,Mid := Positive ((Total - 1) / 2);,killed
sorting/SPARK2/Ada-SPARK-Find-Median-Sorted-Arrays-Lite,median_sorted_arrays_lite.adb,21,+ 1 -> + 0,Mid := Positive ((Total + 1) / 2);,Mid := Positive ((Total + 0) / 2);,killed
sorting/SPARK2/Ada-SPARK-Find-Median-Sorted-Arrays-Lite,median_sorted_arrays_lite.adb,22,= -> /=,if Total mod 2 = 1 then return C (Mid); end if;,if Total mod 2 /= 1 then return C (Mid); end if;,killed
sorting/SPARK2/Ada-SPARK-Find-Median-Sorted-Arrays-Lite,median_sorted_arrays_lite.adb,23,+ -> -,return (Integer (C (Mid)) + Integer (C (Mid + 1))) / 2;,return (Integer (C (Mid)) + Integer (C (Mid - 1))) / 2;,killed
sorting/SPARK2/Ada-SPARK-Find-Median-Sorted-Arrays-Lite,median_sorted_arrays_lite.adb,23,+ -> -,return (Integer (C (Mid)) + Integer (C (Mid + 1))) / 2;,return (Integer (C (Mid)) - Integer (C (Mid + 1))) / 2;,killed
sorting/SPARK2/Ada-SPARK-Find-Median-Sorted-Arrays-Lite,median_sorted_arrays_lite.adb,23,+ 1 -> + 0,return (Integer (C (Mid)) + Integer (C (Mid + 1))) / 2;,return (Integer (C (Mid)) + Integer (C (Mid + 0))) / 2;,killed
sorting/SPARK2/Ada-SPARK-Flash-Sort,flash_sort.adb,12,+ 1 -> + 0,if I < Index'Last and then Work (I) > Work (I + 1) then,if I < Index'Last and then Work (I) > Work (I + 0) then,killed
sorting/SPARK2/Ada-SPARK-Flash-Sort,flash_sort.adb,12,+ -> -,if I < Index'Last and then Work (I) > Work (I + 1) then,if I < Index'Last and then Work (I) > Work (I - 1) then,killed
sorting/SPARK2/Ada-SPARK-Flash-Sort,flash_sort.adb,12,and then -> or else,if I < Index'Last and then Work (I) > Work (I + 1) then,if I < Index'Last or else Work (I) > Work (I + 1) then,killed
sorting/SPARK2/Ada-SPARK-Flash-Sort,flash_sort.adb,12,< -> <=,if I < Index'Last and then Work (I) > Work (I + 1) then,if I <= Index'Last and then Work (I) > Work (I + 1) then,killed
sorting/SPARK2/Ada-SPARK-Flash-Sort,flash_sort.adb,12,> -> >=,if I < Index'Last and then Work (I) > Work (I + 1) then,if I < Index'Last and then Work (I) >= Work (I + 1) then,survived
sorting/SPARK2/Ada-SPARK-Flash-Sort,flash_sort.adb,14,+ -> -,Work (I) := Work (I + 1);,Work (I) := Work (I - 1);,killed
sorting/SPARK2/Ada-SPARK-Flash-Sort,flash_sort.adb,14,+ 1 -> + 0,Work (I) := Work (I + 1);,Work (I) := Work (I + 0);,killed
sorting/SPARK2/Ada-SPARK-Flash-Sort,flash_sort.adb,15,+ -> -,Work (I + 1) := Temporary;,Work (I - 1) := Temporary;,killed
sorting/SPARK2/Ada-SPARK-Flash-Sort,flash_sort.adb,15,+ 1 -> + 0,Work (I + 1) := Temporary;,Work (I + 0) := Temporary;,killed
sorting/SPARK2/Ada-SPARK-Heap-Sort,heap_sort.adb,12,+ 1 -> + 0,if I < Index'Last and then Work (I) > Work (I + 1) then,if I < Index'Last and then Work (I) > Work (I + 0) then,killed
sorting/SPARK2/Ada-SPARK-Heap-Sort,heap_sort.adb,12,+ -> -,if I < Index'Last and then Work (I) > Work (I + 1) then,if I < Index'Last and then Work (I) > Work (I - 1) then,killed
sorting/SPARK2/Ada-SPARK-Heap-Sort,heap_sort.adb,12,and then -> or else,if I < Index'Last and then Work (I) > Work (I + 1) then,if I < Index'Last or else Work (I) > Work (I + 1) then,killed
sorting/SPARK2/Ada-SPARK-Heap-Sort,heap_sort.adb,12,< -> <=,if I < Index'Last and then Work (I) > Work (I + 1) then,if I <= Index'Last and then Work (I) > Work (I + 1) then,killed
sorting/SPARK2/Ada-SPARK-Heap-Sort,heap_sort.adb,12,> -> >=,if I < Index'Last and then Work (I) > Work (I + 1) then,if I < Index'Last and then Work (I) >= Work (I + 1) then,survived
sorting/SPARK2/Ada-SPARK-Heap-Sort,heap_sort.adb,14,+ -> -,Work (I) := Work (I + 1);,Work (I) := Work (I - 1);,killed
sorting/SPARK2/Ada-SPARK-Heap-Sort,heap_sort.adb,14,+ 1 -> + 0,Work (I) := Work (I + 1);,Work (I) := Work (I + 0);,killed
sorting/SPARK2/Ada-SPARK-Heap-Sort,heap_sort.adb,15,+ -> -,Work (I + 1) := Temporary;,Work (I - 1) := Temporary;,killed
sorting/SPARK2/Ada-SPARK-Heap-Sort,heap_sort.adb,15,+ 1 -> + 0,Work (I + 1) := Temporary;,Work (I + 0) := Temporary;,killed
sorting/SPARK2/Ada-SPARK-Intro-Sort,intro_sort.adb,12,+ 1 -> + 0,if I < Index'Last and then Work (I) > Work (I + 1) then,if I < Index'Last and then Work (I) > Work (I + 0) then,killed
sorting/SPARK2/Ada-SPARK-Intro-Sort,intro_sort.adb,12,+ -> -,if I < Index'Last and then Work (I) > Work (I + 1) then,if I < Index'Last and then Work (I) > Work (I - 1) then,killed
sorting/SPARK2/Ada-SPARK-Intro-Sort,intro_sort.adb,12,and then -> or else,if I < Index'Last and then Work (I) > Work (I + 1) then,if I < Index'Last or else Work (I) > Work (I + 1) then,killed
sorting/SPARK2/Ada-SPARK-Intro-Sort,intro_sort.adb,12,< -> <=,if I < Index'Last and then Work (I) > Work (I + 1) then,if I <= Index'Last and then Work (I) > Work (I + 1) then,killed
sorting/SPARK2/Ada-SPARK-Intro-Sort,intro_sort.adb,12,> -> >=,if I < Index'Last and then Work (I) > Work (I + 1) then,if I < Index'Last and then Work (I) >= Work (I + 1) then,survived
sorting/SPARK2/Ada-SPARK-Intro-Sort,intro_sort.adb,14,+ -> -,Work (I) := Work (I + 1);,Work (I) := Work (I - 1);,killed
sorting/SPARK2/Ada-SPARK-Intro-Sort,intro_sort.adb,14,+ 1 -> + 0,Work (I) := Work (I + 1);,Work (I) := Work (I + 0);,killed
sorting/SPARK2/Ada-SPARK-Intro-Sort,intro_sort.adb,15,+ -> -,Work (I + 1) := Temporary;,Work (I - 1) := Temporary;,killed
sorting/SPARK2/Ada-SPARK-Intro-Sort,intro_sort.adb,15,+ 1 -> + 0,Work (I + 1) := Temporary;,Work (I + 0) := Temporary;,killed
sorting/SPARK2/Ada-SPARK-Median-Of-Two-Sorted-Arrays-Lite,median_of_two_sorted_arrays_lite.adb,14,< -> <=,if Work (J) < Work (Min_Pos) then,if Work (J) <= Work (Min_Pos) then,survived
sorting/SPARK2/Ada-SPARK-Median-Of-Two-Sorted-Arrays-Lite,median_of_two_sorted_arrays_lite.adb,22,+ -> -,return (Work (4) + Work (5)) / 2;,return (Work (4) - Work (5)) / 2;,killed
sorting/SPARK2/Ada-SPARK-Merge-K-Sorted-Lists-Stub,merge_k_sorted_lists_stub.adb,12,< -> <=,if Result (J) < Result (Minimum) then,if Result (J) <= Result (Minimum) then,survived
sorting/SPARK2/Ada-SPARK-Merge-Sorted-Array,merge_sorted_array.adb,12,> -> >=,exit when K > Length;,exit when K >= Length;,killed
sorting/SPARK2/Ada-SPARK-Merge-Sorted-Array,merge_sorted_array.adb,13,<= -> <,if Left (I) <= Right (J) then,if Left (I) < Right (J) then,survived
sorting/SPARK2/Ada-SPARK-Merge-Sorted-Array,merge_sorted_array.adb,14,+ -> -,Total := Total + Left (I);,Total := Total - Left (I);,killed
sorting/SPARK2/Ada-SPARK-Merge-Sorted-Array,merge_sorted_array.adb,15,< -> <=,if I < Index'Last then,if I <= Index'Last then,survived
sorting/SPARK2/Ada-SPARK-Merge-Sorted-Array,merge_sorted_array.adb,16,+ -> -,I := I + 1;,I := I - 1;,killed
sorting/SPARK2/Ada-SPARK-Merge-Sorted-Array,merge_sorted_array.adb,16,+ 1 -> + 0,I := I + 1;,I := I + 0;,killed
sorting/SPARK2/Ada-SPARK-Merge-Sorted-Array,merge_sorted_array.adb,19,+ -> -,Total := Total + Right (J);,Total := Total - Right (J);,killed
sorting/SPARK2/Ada-SPARK-Merge-Sorted-Array,merge_sorted_array.adb,20,< -> <=,if J < Index'Last then,if J <= Index'Last then,survived
sorting/SPARK2/Ada-SPARK-Merge-Sorted-Array,merge_sorted_array.adb,21,+ -> -,J := J + 1;,J := J - 1;,killed
sorting/SPARK2/Ada-SPARK-Merge-Sorted-Array,merge_sorted_array.adb,21,+ 1 -> + 0,J := J + 1;,J := J + 0;,killed
sorting/SPARK2/Ada-SPARK-Merge-Sorted-Arrays,merge_sorted_arrays.adb,10,<= -> <,if Left_Position <= Left'Last,if Left_Position < Left'Last,killed
sorting/SPARK2/Ada-SPARK-Merge-Sorted-Arrays,merge_sorted_arrays.adb,11,and then -> or else,and then (Right_Position > Right'Last,or else (Right_Position > Right'Last,killed
sorting/SPARK2/Ada-SPARK-Merge-Sorted-Arrays,merge_sorted_arrays.adb,11,> -> >=,and then (Right_Position > Right'Last,and then (Right_Position >= Right'Last,killed
sorting/SPARK2/Ada-SPARK-Merge-Sorted-Arrays,merge_sorted_arrays.adb,12,or else -> and then,or else Left (Left_Position) <= Right (Right_Position)),and then Left (Left_Position) <= Right (Right_Position)),killed
sorting/SPARK2/Ada-SPARK-Merge-Sorted-Arrays,merge_sorted_arrays.adb,12,<= -> <,or else Left (Left_Position) <= Right (Right_Position)),or else Left (Left_Position) < Right (Right_Position)),survived
sorting/SPARK2/Ada-SPARK-Merge-Sorted-Arrays,merge_sorted_arrays.adb,15,< -> <=,if Left_Position < Left'Last then,if Left_Position <= Left'Last then,survived
sorting/SPARK2/Ada-SPARK-Merge-Sorted-Arrays,merge_sorted_arrays.adb,16,+ 1 -> + 0,Left_Position := Left_Position + 1;,Left_Position := Left_Position + 0;,killed
sorting/SPARK2/Ada-SPARK-Merge-Sorted-Arrays,merge_sorted_arrays.adb,16,+ -> -,Left_Position := Left_Position + 1;,Left_Position := Left_Position - 1;,killed
sorting/SPARK2/Ada-SPARK-Merge-Sorted-Arrays,merge_sorted_arrays.adb,18,+ -> -,Left_Position := Left'Last + 1;,Left_Position := Left'Last - 1;,killed
sorting/SPARK2/Ada-SPARK-Merge-Sorted-Arrays,merge_sorted_arrays.adb,18,+ 1 -> + 0,Left_Position := Left'Last + 1;,Left_Position := Left'Last + 0;,killed
sorting/SPARK2/Ada-SPARK-Merge-Sorted-Arrays,merge_sorted_arrays.adb,22,< -> <=,if Right_Position < Right'Last then,if Right_Position <= Right'Last then,survived
sorting/SPARK2/Ada-SPARK-Merge-Sorted-Arrays,merge_sorted_arrays.adb,23,+ -> -,Right_Position := Right_Position + 1;,Right_Position := Right_Position - 1;,killed
sorting/SPARK2/Ada-SPARK-Merge-Sorted-Arrays,merge_sorted_arrays.adb,23,+ 1 -> + 0,Right_Position := Right_Position + 1;,Right_Position := Right_Position + 0;,killed
sorting/SPARK2/Ada-SPARK-Merge-Sorted-Arrays,merge_sorted_arrays.adb,25,+ 1 -> + 0,Right_Position := Right'Last + 1;,Right_Position := Right'Last + 0;,killed
sorting/SPARK2/Ada-SPARK-Merge-Sorted-Arrays,merge_sorted_arrays.adb,25,+ -> -,Right_Position := Right'Last + 1;,Right_Position := Right'Last - 1;,killed
sorting/SPARK2/Ada-SPARK-Merge-Two-Sorted-Lists,full_append_check.adb,28,* -> +,"Append (A, Value (2 * I));","Append (A, Value (2 + I));",survived
sorting/SPARK2/Ada-SPARK-Merge-Two-Sorted-Lists,full_append_check.adb,29,+ -> -,"Append (B, Value (2 * I + 1));","Append (B, Value (2 * I - 1));",survived
sorting/SPARK2/Ada-SPARK-Merge-Two-Sorted-Lists,full_append_check.adb,29,+ 1 -> + 0,"Append (B, Value (2 * I + 1));","Append (B, Value (2 * I + 0));",survived
sorting/SPARK2/Ada-SPARK-Merge-Two-Sorted-Lists,full_append_check.adb,29,* -> +,"Append (B, Value (2 * I + 1));","Append (B, Value (2 + I + 1));",survived
sorting/SPARK2/Ada-SPARK-Merge-Two-Sorted-Lists,merge_two_sorted_lists.adb,6,+ -> -,begin L.Size := L.Size + 1; L.Data (L.Size) := V; end Append;,begin L.Size := L.Size - 1; L.Data (L.Size) := V; end Append;,killed
sorting/SPARK2/Ada-SPARK-Merge-Two-Sorted-Lists,merge_two_sorted_lists.adb,6,+ 1 -> + 0,begin L.Size := L.Size + 1; L.Data (L.Size) := V; end Append;,begin L.Size := L.Size + 0; L.Data (L.Size) := V; end Append;,killed
sorting/SPARK2/Ada-SPARK-Merge-Two-Sorted-Lists,merge_two_sorted_lists.adb,13,<= -> <,while I <= A.Size or else J <= B.Size loop,while I < A.Size or else J <= B.Size loop,killed
sorting/SPARK2/Ada-SPARK-Merge-Two-Sorted-Lists,merge_two_sorted_lists.adb,13,or else -> and then,while I <= A.Size or else J <= B.Size loop,while I <= A.Size and then J <= B.Size loop,killed
sorting/SPARK2/Ada-SPARK-Merge-Two-Sorted-Lists,merge_two_sorted_lists.adb,13,<= -> <,while I <= A.Size or else J <= B.Size loop,while I <= A.Size or else J < B.Size loop,killed
sorting/SPARK2/Ada-SPARK-Merge-Two-Sorted-Lists,merge_two_sorted_lists.adb,17,<= -> <,if J > B.Size or else (I <= A.Size and then A.Data (I) <= B.Data (J)) then,if J > B.Size or else (I < A.Size and then A.Data (I) <= B.Data (J)) then,killed
sorting/SPARK2/Ada-SPARK-Merge-Two-Sorted-Lists,merge_two_sorted_lists.adb,17,and then -> or else,if J > B.Size or else (I <= A.Size and then A.Data (I) <= B.Data (J)) then,if J > B.Size or else (I <= A.Size or else A.Data (I) <= B.Data (J)) then,killed
sorting/SPARK2/Ada-SPARK-Merge-Two-Sorted-Lists,merge_two_sorted_lists.adb,17,<= -> <,if J > B.Size or else (I <= A.Size and then A.Data (I) <= B.Data (J)) then,if J > B.Size or else (I <= A.Size and then A.Data (I) < B.Data (J)) then,survived
sorting/SPARK2/Ada-SPARK-Merge-Two-Sorted-Lists,merge_two_sorted_lists.adb,17,> -> >=,if J > B.Size or else (I <= A.Size and then A.Data (I) <= B.Data (J)) then,if J >= B.Size or else (I <= A.Size and then A.Data (I) <= B.Data (J)) then,killed
sorting/SPARK2/Ada-SPARK-Merge-Two-Sorted-Lists,merge_two_sorted_lists.adb,17,or else -> and then,if J > B.Size or else (I <= A.Size and then A.Data (I) <= B.Data (J)) then,if J > B.Size and then (I <= A.Size and then A.Data (I) <= B.Data (J)) then,killed
sorting/SPARK2/Ada-SPARK-Merge-Two-Sorted-Lists,merge_two_sorted_lists.adb,19,+ -> -,I := I + 1;,I := I - 1;,killed
sorting/SPARK2/Ada-SPARK-Merge-Two-Sorted-Lists,merge_two_sorted_lists.adb,19,+ 1 -> + 0,I := I + 1;,I := I + 0;,killed
sorting/SPARK2/Ada-SPARK-Merge-Two-Sorted-Lists,merge_two_sorted_lists.adb,22,+ -> -,J := J + 1;,J := J - 1;,killed
sorting/SPARK2/Ada-SPARK-Merge-Two-Sorted-Lists,merge_two_sorted_lists.adb,22,+ 1 -> + 0,J := J + 1;,J := J + 0;,killed
sorting/SPARK2/Ada-SPARK-Odd-Even-Linked-List,src/odd_even_linked_list.adb,9,+ -> -,L.Length := L.Length + 1;,L.Length := L.Length - 1;,killed
sorting/SPARK2/Ada-SPARK-Odd-Even-Linked-List,src/odd_even_linked_list.adb,9,+ 1 -> + 0,L.Length := L.Length + 1;,L.Length := L.Length + 0;,killed
sorting/SPARK2/Ada-SPARK-Odd-Even-Linked-List,src/odd_even_linked_list.adb,21,and then -> or else,if I <= L.Length and then I mod 2 = 1 then,if I <= L.Length or else I mod 2 = 1 then,killed
sorting/SPARK2/Ada-SPARK-Odd-Even-Linked-List,src/odd_even_linked_list.adb,21,= -> /=,if I <= L.Length and then I mod 2 = 1 then,if I <= L.Length and then I mod 2 /= 1 then,killed
sorting/SPARK2/Ada-SPARK-Odd-Even-Linked-List,src/odd_even_linked_list.adb,21,<= -> <,if I <= L.Length and then I mod 2 = 1 then,if I < L.Length and then I mod 2 = 1 then,killed
sorting/SPARK2/Ada-SPARK-Odd-Even-Linked-List,src/odd_even_linked_list.adb,22,< -> <=,if Write < Capacity then,if Write <= Capacity then,survived
sorting/SPARK2/Ada-SPARK-Odd-Even-Linked-List,src/odd_even_linked_list.adb,23,+ 1 -> + 0,Write := Write + 1;,Write := Write + 0;,killed
sorting/SPARK2/Ada-SPARK-Odd-Even-Linked-List,src/odd_even_linked_list.adb,23,+ -> -,Write := Write + 1;,Write := Write - 1;,killed
sorting/SPARK2/Ada-SPARK-Odd-Even-Linked-List,src/odd_even_linked_list.adb,29,= -> /=,if I <= L.Length and then I mod 2 = 0 then,if I <= L.Length and then I mod 2 /= 0 then,killed
sorting/SPARK2/Ada-SPARK-Odd-Even-Linked-List,src/odd_even_linked_list.adb,29,and then -> or else,if I <= L.Length and then I mod 2 = 0 then,if I <= L.Length or else I mod 2 = 0 then,killed
sorting/SPARK2/Ada-SPARK-Odd-Even-Linked-List,src/odd_even_linked_list.adb,29,<= -> <,if I <= L.Length and then I mod 2 = 0 then,if I < L.Length and then I mod 2 = 0 then,survived
sorting/SPARK2/Ada-SPARK-Odd-Even-Linked-List,src/odd_even_linked_list.adb,30,< -> <=,if Write < Capacity then,if Write <= Capacity then,survived
sorting/SPARK2/Ada-SPARK-Odd-Even-Linked-List,src/odd_even_linked_list.adb,31,+ 1 -> + 0,Write := Write + 1;,Write := Write + 0;,killed
sorting/SPARK2/Ada-SPARK-Odd-Even-Linked-List,src/odd_even_linked_list.adb,31,+ -> -,Write := Write + 1;,Write := Write - 1;,killed
sorting/SPARK2/Ada-SPARK-Odd-Even-Merge-Sort,odd_even_merge_sort.adb,12,+ 1 -> + 0,if I < Index'Last and then Work (I) > Work (I + 1) then,if I < Index'Last and then Work (I) > Work (I + 0) then,killed
sorting/SPARK2/Ada-SPARK-Odd-Even-Merge-Sort,odd_even_merge_sort.adb,12,+ -> -,if I < Index'Last and then Work (I) > Work (I + 1) then,if I < Index'Last and then Work (I) > Work (I - 1) then,killed
sorting/SPARK2/Ada-SPARK-Odd-Even-Merge-Sort,odd_even_merge_sort.adb,12,and then -> or else,if I < Index'Last and then Work (I) > Work (I + 1) then,if I < Index'Last or else Work (I) > Work (I + 1) then,killed
sorting/SPARK2/Ada-SPARK-Odd-Even-Merge-Sort,odd_even_merge_sort.adb,12,< -> <=,if I < Index'Last and then Work (I) > Work (I + 1) then,if I <= Index'Last and then Work (I) > Work (I + 1) then,killed
sorting/SPARK2/Ada-SPARK-Odd-Even-Merge-Sort,odd_even_merge_sort.adb,12,> -> >=,if I < Index'Last and then Work (I) > Work (I + 1) then,if I < Index'Last and then Work (I) >= Work (I + 1) then,survived
sorting/SPARK2/Ada-SPARK-Odd-Even-Merge-Sort,odd_even_merge_sort.adb,14,+ -> -,Work (I) := Work (I + 1);,Work (I) := Work (I - 1);,killed
sorting/SPARK2/Ada-SPARK-Odd-Even-Merge-Sort,odd_even_merge_sort.adb,14,+ 1 -> + 0,Work (I) := Work (I + 1);,Work (I) := Work (I + 0);,killed
sorting/SPARK2/Ada-SPARK-Odd-Even-Merge-Sort,odd_even_merge_sort.adb,15,+ -> -,Work (I + 1) := Temporary;,Work (I - 1) := Temporary;,killed
sorting/SPARK2/Ada-SPARK-Odd-Even-Merge-Sort,odd_even_merge_sort.adb,15,+ 1 -> + 0,Work (I + 1) := Temporary;,Work (I + 0) := Temporary;,killed
sorting/SPARK2/Ada-SPARK-Pancake-Sort,pancake_sort.adb,12,+ 1 -> + 0,if I < Index'Last and then Work (I) > Work (I + 1) then,if I < Index'Last and then Work (I) > Work (I + 0) then,killed
sorting/SPARK2/Ada-SPARK-Pancake-Sort,pancake_sort.adb,12,+ -> -,if I < Index'Last and then Work (I) > Work (I + 1) then,if I < Index'Last and then Work (I) > Work (I - 1) then,killed
sorting/SPARK2/Ada-SPARK-Pancake-Sort,pancake_sort.adb,12,and then -> or else,if I < Index'Last and then Work (I) > Work (I + 1) then,if I < Index'Last or else Work (I) > Work (I + 1) then,killed
sorting/SPARK2/Ada-SPARK-Pancake-Sort,pancake_sort.adb,12,< -> <=,if I < Index'Last and then Work (I) > Work (I + 1) then,if I <= Index'Last and then Work (I) > Work (I + 1) then,killed
sorting/SPARK2/Ada-SPARK-Pancake-Sort,pancake_sort.adb,12,> -> >=,if I < Index'Last and then Work (I) > Work (I + 1) then,if I < Index'Last and then Work (I) >= Work (I + 1) then,survived
sorting/SPARK2/Ada-SPARK-Pancake-Sort,pancake_sort.adb,14,+ -> -,Work (I) := Work (I + 1);,Work (I) := Work (I - 1);,killed
sorting/SPARK2/Ada-SPARK-Pancake-Sort,pancake_sort.adb,14,+ 1 -> + 0,Work (I) := Work (I + 1);,Work (I) := Work (I + 0);,killed
sorting/SPARK2/Ada-SPARK-Pancake-Sort,pancake_sort.adb,15,+ -> -,Work (I + 1) := Temporary;,Work (I - 1) := Temporary;,killed
sorting/SPARK2/Ada-SPARK-Pancake-Sort,pancake_sort.adb,15,+ 1 -> + 0,Work (I + 1) := Temporary;,Work (I + 0) := Temporary;,killed
sorting/SPARK2/Ada-SPARK-Patience-Sort,patience_sort.adb,12,+ 1 -> + 0,if I < Index'Last and then Work (I) > Work (I + 1) then,if I < Index'Last and then Work (I) > Work (I + 0) then,killed
sorting/SPARK2/Ada-SPARK-Patience-Sort,patience_sort.adb,12,+ -> -,if I < Index'Last and then Work (I) > Work (I + 1) then,if I < Index'Last and then Work (I) > Work (I - 1) then,killed
sorting/SPARK2/Ada-SPARK-Patience-Sort,patience_sort.adb,12,and then -> or else,if I < Index'Last and then Work (I) > Work (I + 1) then,if I < Index'Last or else Work (I) > Work (I + 1) then,killed
sorting/SPARK2/Ada-SPARK-Patience-Sort,patience_sort.adb,12,< -> <=,if I < Index'Last and then Work (I) > Work (I + 1) then,if I <= Index'Last and then Work (I) > Work (I + 1) then,killed
sorting/SPARK2/Ada-SPARK-Patience-Sort,patience_sort.adb,12,> -> >=,if I < Index'Last and then Work (I) > Work (I + 1) then,if I < Index'Last and then Work (I) >= Work (I + 1) then,survived
sorting/SPARK2/Ada-SPARK-Patience-Sort,patience_sort.adb,14,+ -> -,Work (I) := Work (I + 1);,Work (I) := Work (I - 1);,killed
sorting/SPARK2/Ada-SPARK-Patience-Sort,patience_sort.adb,14,+ 1 -> + 0,Work (I) := Work (I + 1);,Work (I) := Work (I + 0);,killed
sorting/SPARK2/Ada-SPARK-Patience-Sort,patience_sort.adb,15,+ -> -,Work (I + 1) := Temporary;,Work (I - 1) := Temporary;,killed
sorting/SPARK2/Ada-SPARK-Patience-Sort,patience_sort.adb,15,+ 1 -> + 0,Work (I + 1) := Temporary;,Work (I + 0) := Temporary;,killed
sorting/SPARK2/Ada-SPARK-Quick-Sort,quick_sort.adb,12,+ 1 -> + 0,if I < Index'Last and then Work (I) > Work (I + 1) then,if I < Index'Last and then Work (I) > Work (I + 0) then,killed
sorting/SPARK2/Ada-SPARK-Quick-Sort,quick_sort.adb,12,+ -> -,if I < Index'Last and then Work (I) > Work (I + 1) then,if I < Index'Last and then Work (I) > Work (I - 1) then,killed
sorting/SPARK2/Ada-SPARK-Quick-Sort,quick_sort.adb,12,and then -> or else,if I < Index'Last and then Work (I) > Work (I + 1) then,if I < Index'Last or else Work (I) > Work (I + 1) then,killed
sorting/SPARK2/Ada-SPARK-Quick-Sort,quick_sort.adb,12,< -> <=,if I < Index'Last and then Work (I) > Work (I + 1) then,if I <= Index'Last and then Work (I) > Work (I + 1) then,killed
sorting/SPARK2/Ada-SPARK-Quick-Sort,quick_sort.adb,12,> -> >=,if I < Index'Last and then Work (I) > Work (I + 1) then,if I < Index'Last and then Work (I) >= Work (I + 1) then,survived
sorting/SPARK2/Ada-SPARK-Quick-Sort,quick_sort.adb,14,+ -> -,Work (I) := Work (I + 1);,Work (I) := Work (I - 1);,killed
sorting/SPARK2/Ada-SPARK-Quick-Sort,quick_sort.adb,14,+ 1 -> + 0,Work (I) := Work (I + 1);,Work (I) := Work (I + 0);,killed
sorting/SPARK2/Ada-SPARK-Quick-Sort,quick_sort.adb,15,+ -> -,Work (I + 1) := Temporary;,Work (I - 1) := Temporary;,killed
sorting/SPARK2/Ada-SPARK-Quick-Sort,quick_sort.adb,15,+ 1 -> + 0,Work (I + 1) := Temporary;,Work (I + 0) := Temporary;,killed
sorting/SPARK2/Ada-SPARK-Remove-Duplicates-From-Sorted-Array-II,remove_duplicates_from_sorted_array_ii.adb,13,> -> >=,exit when I > Length;,exit when I >= Length;,killed
sorting/SPARK2/Ada-SPARK-Remove-Duplicates-From-Sorted-Array-II,remove_duplicates_from_sorted_array_ii.adb,14,or else -> and then,if not Have_Previous or else Data (I) /= Previous then,if not Have_Previous and then Data (I) /= Previous then,killed
sorting/SPARK2/Ada-SPARK-Remove-Duplicates-From-Sorted-Array-II,remove_duplicates_from_sorted_array_ii.adb,14,/= -> =,if not Have_Previous or else Data (I) /= Previous then,if not Have_Previous or else Data (I) = Previous then,killed
sorting/SPARK2/Ada-SPARK-Remove-Duplicates-From-Sorted-Array-II,remove_duplicates_from_sorted_array_ii.adb,19,+ -> -,New_Length := New_Length + 1;,New_Length := New_Length - 1;,killed
sorting/SPARK2/Ada-SPARK-Remove-Duplicates-From-Sorted-Array-II,remove_duplicates_from_sorted_array_ii.adb,19,+ 1 -> + 0,New_Length := New_Length + 1;,New_Length := New_Length + 0;,killed
sorting/SPARK2/Ada-SPARK-Remove-Duplicates-From-Sorted-Array-II,remove_duplicates_from_sorted_array_ii.adb,20,< -> <=,if Write_Pos < Index'Last then,if Write_Pos <= Index'Last then,killed
sorting/SPARK2/Ada-SPARK-Remove-Duplicates-From-Sorted-Array-II,remove_duplicates_from_sorted_array_ii.adb,21,+ 1 -> + 0,Write_Pos := Write_Pos + 1;,Write_Pos := Write_Pos + 0;,killed
sorting/SPARK2/Ada-SPARK-Remove-Duplicates-From-Sorted-Array-II,remove_duplicates_from_sorted_array_ii.adb,21,+ -> -,Write_Pos := Write_Pos + 1;,Write_Pos := Write_Pos - 1;,killed
sorting/SPARK2/Ada-SPARK-Remove-Duplicates-From-Sorted-Array-II,remove_duplicates_from_sorted_array_ii.adb,23,< -> <=,elsif Run < 2 then,elsif Run <= 2 then,killed
sorting/SPARK2/Ada-SPARK-Remove-Duplicates-From-Sorted-Array-II,remove_duplicates_from_sorted_array_ii.adb,24,+ -> -,Run := Run + 1;,Run := Run - 1;,killed
sorting/SPARK2/Ada-SPARK-Remove-Duplicates-From-Sorted-Array-II,remove_duplicates_from_sorted_array_ii.adb,24,+ 1 -> + 0,Run := Run + 1;,Run := Run + 0;,killed
sorting/SPARK2/Ada-SPARK-Remove-Duplicates-From-Sorted-Array-II,remove_duplicates_from_sorted_array_ii.adb,26,+ 1 -> + 0,New_Length := New_Length + 1;,New_Length := New_Length + 0;,killed
sorting/SPARK2/Ada-SPARK-Remove-Duplicates-From-Sorted-Array-II,remove_duplicates_from_sorted_array_ii.adb,26,+ -> -,New_Length := New_Length + 1;,New_Length := New_Length - 1;,killed
sorting/SPARK2/Ada-SPARK-Remove-Duplicates-From-Sorted-Array-II,remove_duplicates_from_sorted_array_ii.adb,27,< -> <=,if Write_Pos < Index'Last then,if Write_Pos <= Index'Last then,survived
sorting/SPARK2/Ada-SPARK-Remove-Duplicates-From-Sorted-Array-II,remove_duplicates_from_sorted_array_ii.adb,28,+ 1 -> + 0,Write_Pos := Write_Pos + 1;,Write_Pos := Write_Pos + 0;,killed
sorting/SPARK2/Ada-SPARK-Remove-Duplicates-From-Sorted-Array-II,remove_duplicates_from_sorted_array_ii.adb,28,+ -> -,Write_Pos := Write_Pos + 1;,Write_Pos := Write_Pos - 1;,killed
sorting/SPARK2/Ada-SPARK-Remove-Duplicates-From-Sorted-List,src/remove_duplicates_from_sorted_list.adb,9,+ -> -,L.Length := L.Length + 1;,L.Length := L.Length - 1;,killed
sorting/SPARK2/Ada-SPARK-Remove-Duplicates-From-Sorted-List,src/remove_duplicates_from_sorted_list.adb,9,+ 1 -> + 0,L.Length := L.Length + 1;,L.Length := L.Length + 0;,killed
sorting/SPARK2/Ada-SPARK-Remove-Duplicates-From-Sorted-List,src/remove_duplicates_from_sorted_list.adb,23,and then -> or else,if I <= L.Length and then (not Have_Previous or else Original (I) /= Previous) then,if I <= L.Length or else (not Have_Previous or else Original (I) /= Previous) then,killed
sorting/SPARK2/Ada-SPARK-Remove-Duplicates-From-Sorted-List,src/remove_duplicates_from_sorted_list.adb,23,/= -> =,if I <= L.Length and then (not Have_Previous or else Original (I) /= Previous) then,if I <= L.Length and then (not Have_Previous or else Original (I) = Previous) then,killed
sorting/SPARK2/Ada-SPARK-Remove-Duplicates-From-Sorted-List,src/remove_duplicates_from_sorted_list.adb,23,or else -> and then,if I <= L.Length and then (not Have_Previous or else Original (I) /= Previous) then,if I <= L.Length and then (not Have_Previous and then Original (I) /= Previous) then,killed
sorting/SPARK2/Ada-SPARK-Remove-Duplicates-From-Sorted-List,src/remove_duplicates_from_sorted_list.adb,23,<= -> <,if I <= L.Length and then (not Have_Previous or else Original (I) /= Previous) then,if I < L.Length and then (not Have_Previous or else Original (I) /= Previous) then,killed
sorting/SPARK2/Ada-SPARK-Remove-Duplicates-From-Sorted-List,src/remove_duplicates_from_sorted_list.adb,24,< -> <=,if Write < Capacity then,if Write <= Capacity then,survived
sorting/SPARK2/Ada-SPARK-Remove-Duplicates-From-Sorted-List,src/remove_duplicates_from_sorted_list.adb,25,+ -> -,Write := Write + 1;,Write := Write - 1;,killed
sorting/SPARK2/Ada-SPARK-Remove-Duplicates-From-Sorted-List,src/remove_duplicates_from_sorted_list.adb,25,+ 1 -> + 0,Write := Write + 1;,Write := Write + 0;,killed
sorting/SPARK2/Ada-SPARK-Remove-Duplicates-From-Sorted-List-II,src/remove_duplicates_from_sorted_list_ii.adb,9,+ -> -,L.Length := L.Length + 1;,L.Length := L.Length - 1;,killed
sorting/SPARK2/Ada-SPARK-Remove-Duplicates-From-Sorted-List-II,src/remove_duplicates_from_sorted_list_ii.adb,9,+ 1 -> + 0,L.Length := L.Length + 1;,L.Length := L.Length + 0;,killed
sorting/SPARK2/Ada-SPARK-Remove-Duplicates-From-Sorted-List-II,src/remove_duplicates_from_sorted_list_ii.adb,25,+ -> -,Write := Write + 1;,Write := Write - 1;,killed
sorting/SPARK2/Ada-SPARK-Remove-Duplicates-From-Sorted-List-II,src/remove_duplicates_from_sorted_list_ii.adb,25,+ 1 -> + 0,Write := Write + 1;,Write := Write + 0;,killed
sorting/SPARK2/Ada-SPARK-Shaker-Sort,shaker_sort.adb,12,+ 1 -> + 0,if I < Index'Last and then Work (I) > Work (I + 1) then,if I < Index'Last and then Work (I) > Work (I + 0) then,killed
sorting/SPARK2/Ada-SPARK-Shaker-Sort,shaker_sort.adb,12,+ -> -,if I < Index'Last and then Work (I) > Work (I + 1) then,if I < Index'Last and then Work (I) > Work (I - 1) then,killed
sorting/SPARK2/Ada-SPARK-Shaker-Sort,shaker_sort.adb,12,and then -> or else,if I < Index'Last and then Work (I) > Work (I + 1) then,if I < Index'Last or else Work (I) > Work (I + 1) then,killed
sorting/SPARK2/Ada-SPARK-Shaker-Sort,shaker_sort.adb,12,< -> <=,if I < Index'Last and then Work (I) > Work (I + 1) then,if I <= Index'Last and then Work (I) > Work (I + 1) then,killed
sorting/SPARK2/Ada-SPARK-Shaker-Sort,shaker_sort.adb,12,> -> >=,if I < Index'Last and then Work (I) > Work (I + 1) then,if I < Index'Last and then Work (I) >= Work (I + 1) then,survived
sorting/SPARK2/Ada-SPARK-Shaker-Sort,shaker_sort.adb,14,+ -> -,Work (I) := Work (I + 1);,Work (I) := Work (I - 1);,killed
sorting/SPARK2/Ada-SPARK-Shaker-Sort,shaker_sort.adb,14,+ 1 -> + 0,Work (I) := Work (I + 1);,Work (I) := Work (I + 0);,killed
sorting/SPARK2/Ada-SPARK-Shaker-Sort,shaker_sort.adb,15,+ -> -,Work (I + 1) := Temporary;,Work (I - 1) := Temporary;,killed
sorting/SPARK2/Ada-SPARK-Shaker-Sort,shaker_sort.adb,15,+ 1 -> + 0,Work (I + 1) := Temporary;,Work (I + 0) := Temporary;,killed
sorting/SPARK2/Ada-SPARK-Smooth-Sort,smooth_sort.adb,12,+ 1 -> + 0,if I < Index'Last and then Work (I) > Work (I + 1) then,if I < Index'Last and then Work (I) > Work (I + 0) then,killed
sorting/SPARK2/Ada-SPARK-Smooth-Sort,smooth_sort.adb,12,+ -> -,if I < Index'Last and then Work (I) > Work (I + 1) then,if I < Index'Last and then Work (I) > Work (I - 1) then,killed
sorting/SPARK2/Ada-SPARK-Smooth-Sort,smooth_sort.adb,12,and then -> or else,if I < Index'Last and then Work (I) > Work (I + 1) then,if I < Index'Last or else Work (I) > Work (I + 1) then,killed
sorting/SPARK2/Ada-SPARK-Smooth-Sort,smooth_sort.adb,12,< -> <=,if I < Index'Last and then Work (I) > Work (I + 1) then,if I <= Index'Last and then Work (I) > Work (I + 1) then,killed
sorting/SPARK2/Ada-SPARK-Smooth-Sort,smooth_sort.adb,12,> -> >=,if I < Index'Last and then Work (I) > Work (I + 1) then,if I < Index'Last and then Work (I) >= Work (I + 1) then,survived
sorting/SPARK2/Ada-SPARK-Smooth-Sort,smooth_sort.adb,14,+ -> -,Work (I) := Work (I + 1);,Work (I) := Work (I - 1);,killed
sorting/SPARK2/Ada-SPARK-Smooth-Sort,smooth_sort.adb,14,+ 1 -> + 0,Work (I) := Work (I + 1);,Work (I) := Work (I + 0);,killed
sorting/SPARK2/Ada-SPARK-Smooth-Sort,smooth_sort.adb,15,+ -> -,Work (I + 1) := Temporary;,Work (I - 1) := Temporary;,killed
sorting/SPARK2/Ada-SPARK-Smooth-Sort,smooth_sort.adb,15,+ 1 -> + 0,Work (I + 1) := Temporary;,Work (I + 0) := Temporary;,killed
sorting/SPARK2/Ada-SPARK-Sort-Array-By-Parity,sort_array_by_parity.adb,10,< -> <=,if J < Index'Last,if J <= Index'Last,killed
sorting/SPARK2/Ada-SPARK-Sort-Array-By-Parity,sort_array_by_parity.adb,11,/= -> =,and then Result (J) mod 2 /= 0,and then Result (J) mod 2 = 0,killed
sorting/SPARK2/Ada-SPARK-Sort-Array-By-Parity,sort_array_by_parity.adb,11,and then -> or else,and then Result (J) mod 2 /= 0,or else Result (J) mod 2 /= 0,stillborn
sorting/SPARK2/Ada-SPARK-Sort-Array-By-Parity,sort_array_by_parity.adb,12,= -> /=,and then Result (J + 1) mod 2 = 0,and then Result (J + 1) mod 2 /= 0,killed
sorting/SPARK2/Ada-SPARK-Sort-Array-By-Parity,sort_array_by_parity.adb,12,+ -> -,and then Result (J + 1) mod 2 = 0,and then Result (J - 1) mod 2 = 0,killed
sorting/SPARK2/Ada-SPARK-Sort-Array-By-Parity,sort_array_by_parity.adb,12,+ 1 -> + 0,and then Result (J + 1) mod 2 = 0,and then Result (J + 0) mod 2 = 0,killed
sorting/SPARK2/Ada-SPARK-Sort-Array-By-Parity,sort_array_by_parity.adb,12,and then -> or else,and then Result (J + 1) mod 2 = 0,or else Result (J + 1) mod 2 = 0,stillborn
sorting/SPARK2/Ada-SPARK-Sort-Array-By-Parity,sort_array_by_parity.adb,15,+ -> -,Result (J) := Result (J + 1);,Result (J) := Result (J - 1);,killed
sorting/SPARK2/Ada-SPARK-Sort-Array-By-Parity,sort_array_by_parity.adb,15,+ 1 -> + 0,Result (J) := Result (J + 1);,Result (J) := Result (J + 0);,killed
sorting/SPARK2/Ada-SPARK-Sort-Array-By-Parity,sort_array_by_parity.adb,16,+ -> -,Result (J + 1) := Temp;,Result (J - 1) := Temp;,killed
sorting/SPARK2/Ada-SPARK-Sort-Array-By-Parity,sort_array_by_parity.adb,16,+ 1 -> + 0,Result (J + 1) := Temp;,Result (J + 0) := Temp;,killed
sorting/SPARK2/Ada-SPARK-Sort-Array-By-Parity-II,sort_array_by_parity_ii.adb,9,= -> /=,if Input (I) mod 2 = 0 then,if Input (I) mod 2 /= 0 then,killed
sorting/SPARK2/Ada-SPARK-Sort-Array-By-Parity-II,sort_array_by_parity_ii.adb,11,+ -> -,Even_Position := Even_Position + 2;,Even_Position := Even_Position - 2;,killed
sorting/SPARK2/Ada-SPARK-Sort-Array-By-Parity-II,sort_array_by_parity_ii.adb,14,+ -> -,Odd_Position := Odd_Position + 2;,Odd_Position := Odd_Position - 2;,killed
sorting/SPARK2/Ada-SPARK-Sort-Characters-By-Frequency,sort_characters_by_frequency.adb,12,+ 1 -> + 0,for J in I + 1 .. Index'Last loop,for J in I + 0 .. Index'Last loop,survived
sorting/SPARK2/Ada-SPARK-Sort-Characters-By-Frequency,sort_characters_by_frequency.adb,12,+ -> -,for J in I + 1 .. Index'Last loop,for J in I - 1 .. Index'Last loop,killed
sorting/SPARK2/Ada-SPARK-Sort-Characters-By-Frequency,sort_characters_by_frequency.adb,13,< -> <=,"if Rank (Input, Work (J)) < Rank (Input, Work (Best)) then","if Rank (Input, Work (J)) <= Rank (Input, Work (Best)) then",survived
sorting/SPARK2/Ada-SPARK-Sort-Colors,sort_colors.adb,8,>= -> >,exit when I >= Length;,exit when I > Length;,survived
sorting/SPARK2/Ada-SPARK-Sort-Colors,sort_colors.adb,10,>= -> >,exit when J >= Length;,exit when J > Length;,killed
sorting/SPARK2/Ada-SPARK-Sort-Colors,sort_colors.adb,11,> -> >=,if J < Index'Last and then Data (J) > Data (J + 1) then,if J < Index'Last and then Data (J) >= Data (J + 1) then,survived
sorting/SPARK2/Ada-SPARK-Sort-Colors,sort_colors.adb,11,< -> <=,if J < Index'Last and then Data (J) > Data (J + 1) then,if J <= Index'Last and then Data (J) > Data (J + 1) then,survived
sorting/SPARK2/Ada-SPARK-Sort-Colors,sort_colors.adb,11,+ -> -,if J < Index'Last and then Data (J) > Data (J + 1) then,if J < Index'Last and then Data (J) > Data (J - 1) then,killed
sorting/SPARK2/Ada-SPARK-Sort-Colors,sort_colors.adb,11,+ 1 -> + 0,if J < Index'Last and then Data (J) > Data (J + 1) then,if J < Index'Last and then Data (J) > Data (J + 0) then,killed
sorting/SPARK2/Ada-SPARK-Sort-Colors,sort_colors.adb,11,and then -> or else,if J < Index'Last and then Data (J) > Data (J + 1) then,if J < Index'Last or else Data (J) > Data (J + 1) then,killed
sorting/SPARK2/Ada-SPARK-Sort-Colors,sort_colors.adb,13,+ -> -,Data (J) := Data (J + 1);,Data (J) := Data (J - 1);,killed
sorting/SPARK2/Ada-SPARK-Sort-Colors,sort_colors.adb,13,+ 1 -> + 0,Data (J) := Data (J + 1);,Data (J) := Data (J + 0);,killed
sorting/SPARK2/Ada-SPARK-Sort-Colors,sort_colors.adb,14,+ -> -,Data (J + 1) := Temp;,Data (J - 1) := Temp;,killed
sorting/SPARK2/Ada-SPARK-Sort-Colors,sort_colors.adb,14,+ 1 -> + 0,Data (J + 1) := Temp;,Data (J + 0) := Temp;,killed
sorting/SPARK2/Ada-SPARK-Sort-List-Lite,src/sort_list_lite.adb,9,+ -> -,L.Length := L.Length + 1;,L.Length := L.Length - 1;,killed
sorting/SPARK2/Ada-SPARK-Sort-List-Lite,src/sort_list_lite.adb,9,+ 1 -> + 0,L.Length := L.Length + 1;,L.Length := L.Length + 0;,killed
sorting/SPARK2/Ada-SPARK-Sort-List-Lite,src/sort_list_lite.adb,20,- -> +,for I in 1 .. Capacity - 1 loop,for I in 1 .. Capacity + 1 loop,survived
sorting/SPARK2/Ada-SPARK-Sort-List-Lite,src/sort_list_lite.adb,20,- 1 -> - 0,for I in 1 .. Capacity - 1 loop,for I in 1 .. Capacity - 0 loop,survived
sorting/SPARK2/Ada-SPARK-Sort-List-Lite,src/sort_list_lite.adb,21,< -> <=,if I < L.Length then,if I <= L.Length then,survived
sorting/SPARK2/Ada-SPARK-Sort-List-Lite,src/sort_list_lite.adb,24,> -> >=,if J > I and then J <= L.Length and then L.Data (J) < L.Data (Smallest) then,if J >= I and then J <= L.Length and then L.Data (J) < L.Data (Smallest) then,survived
sorting/SPARK2/Ada-SPARK-Sort-List-Lite,src/sort_list_lite.adb,24,<= -> <,if J > I and then J <= L.Length and then L.Data (J) < L.Data (Smallest) then,if J > I and then J < L.Length and then L.Data (J) < L.Data (Smallest) then,killed
sorting/SPARK2/Ada-SPARK-Sort-List-Lite,src/sort_list_lite.adb,24,and then -> or else,if J > I and then J <= L.Length and then L.Data (J) < L.Data (Smallest) then,if J > I or else J <= L.Length and then L.Data (J) < L.Data (Smallest) then,stillborn
sorting/SPARK2/Ada-SPARK-Sort-List-Lite,src/sort_list_lite.adb,24,and then -> or else,if J > I and then J <= L.Length and then L.Data (J) < L.Data (Smallest) then,if J > I and then J <= L.Length or else L.Data (J) < L.Data (Smallest) then,stillborn
sorting/SPARK2/Ada-SPARK-Sort-List-Lite,src/sort_list_lite.adb,24,< -> <=,if J > I and then J <= L.Length and then L.Data (J) < L.Data (Smallest) then,if J > I and then J <= L.Length and then L.Data (J) <= L.Data (Smallest) then,survived
sorting/SPARK2/Ada-SPARK-Squares-Of-A-Sorted-Array,squares_of_a_sorted_array.adb,24,> -> >=,if abs A (L) > abs A (R) then,if abs A (L) >= abs A (R) then,survived
sorting/SPARK2/Ada-SPARK-Squares-Of-A-Sorted-Array,squares_of_a_sorted_array.adb,26,< -> <=,if L < R then,if L <= R then,survived
sorting/SPARK2/Ada-SPARK-Squares-Of-A-Sorted-Array,squares_of_a_sorted_array.adb,27,+ 1 -> + 0,L := L + 1;,L := L + 0;,killed
sorting/SPARK2/Ada-SPARK-Squares-Of-A-Sorted-Array,squares_of_a_sorted_array.adb,27,+ -> -,L := L + 1;,L := L - 1;,killed
sorting/SPARK2/Ada-SPARK-Squares-Of-A-Sorted-Array,squares_of_a_sorted_array.adb,31,< -> <=,if L < R then,if L <= R then,killed
sorting/SPARK2/Ada-SPARK-Squares-Of-A-Sorted-Array,squares_of_a_sorted_array.adb,32,- -> +,R := R - 1;,R := R + 1;,killed
sorting/SPARK2/Ada-SPARK-Squares-Of-A-Sorted-Array,squares_of_a_sorted_array.adb,32,- 1 -> - 0,R := R - 1;,R := R - 0;,killed
sorting/SPARK2/Ada-SPARK-Squares-Of-A-Sorted-Array,squares_of_a_sorted_array.adb,37,* -> +,Result (Pos) := Mag * Mag;,Result (Pos) := Mag + Mag;,killed
sorting/SPARK2/Ada-SPARK-Tim-Sort,tim_sort.adb,12,+ 1 -> + 0,if I < Index'Last and then Work (I) > Work (I + 1) then,if I < Index'Last and then Work (I) > Work (I + 0) then,killed
sorting/SPARK2/Ada-SPARK-Tim-Sort,tim_sort.adb,12,+ -> -,if I < Index'Last and then Work (I) > Work (I + 1) then,if I < Index'Last and then Work (I) > Work (I - 1) then,killed
sorting/SPARK2/Ada-SPARK-Tim-Sort,tim_sort.adb,12,and then -> or else,if I < Index'Last and then Work (I) > Work (I + 1) then,if I < Index'Last or else Work (I) > Work (I + 1) then,killed
sorting/SPARK2/Ada-SPARK-Tim-Sort,tim_sort.adb,12,< -> <=,if I < Index'Last and then Work (I) > Work (I + 1) then,if I <= Index'Last and then Work (I) > Work (I + 1) then,killed
sorting/SPARK2/Ada-SPARK-Tim-Sort,tim_sort.adb,12,> -> >=,if I < Index'Last and then Work (I) > Work (I + 1) then,if I < Index'Last and then Work (I) >= Work (I + 1) then,survived
sorting/SPARK2/Ada-SPARK-Tim-Sort,tim_sort.adb,14,+ -> -,Work (I) := Work (I + 1);,Work (I) := Work (I - 1);,killed
sorting/SPARK2/Ada-SPARK-Tim-Sort,tim_sort.adb,14,+ 1 -> + 0,Work (I) := Work (I + 1);,Work (I) := Work (I + 0);,killed
sorting/SPARK2/Ada-SPARK-Tim-Sort,tim_sort.adb,15,+ -> -,Work (I + 1) := Temporary;,Work (I - 1) := Temporary;,killed
sorting/SPARK2/Ada-SPARK-Tim-Sort,tim_sort.adb,15,+ 1 -> + 0,Work (I + 1) := Temporary;,Work (I + 0) := Temporary;,killed
sorting/SPARK2/Ada-SPARK-Tim-Sort-Stub,tim_sort_stub.adb,9,<= -> <,if Work'Length <= 1 then,if Work'Length < 1 then,survived
sorting/SPARK2/Ada-SPARK-Tim-Sort-Stub,tim_sort_stub.adb,12,+ 1 -> + 0,for I in Work'First + 1 .. Work'Last loop,for I in Work'First + 0 .. Work'Last loop,survived
sorting/SPARK2/Ada-SPARK-Tim-Sort-Stub,tim_sort_stub.adb,12,+ -> -,for I in Work'First + 1 .. Work'Last loop,for I in Work'First - 1 .. Work'Last loop,killed
sorting/SPARK2/Ada-SPARK-Tim-Sort-Stub,tim_sort_stub.adb,15,> -> >=,while J > Work'First and then Work (J - 1) > Work (J) loop,while J >= Work'First and then Work (J - 1) > Work (J) loop,killed
sorting/SPARK2/Ada-SPARK-Tim-Sort-Stub,tim_sort_stub.adb,15,- 1 -> - 0,while J > Work'First and then Work (J - 1) > Work (J) loop,while J > Work'First and then Work (J - 0) > Work (J) loop,killed
sorting/SPARK2/Ada-SPARK-Tim-Sort-Stub,tim_sort_stub.adb,15,- -> +,while J > Work'First and then Work (J - 1) > Work (J) loop,while J > Work'First and then Work (J + 1) > Work (J) loop,killed
sorting/SPARK2/Ada-SPARK-Tim-Sort-Stub,tim_sort_stub.adb,15,> -> >=,while J > Work'First and then Work (J - 1) > Work (J) loop,while J > Work'First and then Work (J - 1) >= Work (J) loop,survived
sorting/SPARK2/Ada-SPARK-Tim-Sort-Stub,tim_sort_stub.adb,15,and then -> or else,while J > Work'First and then Work (J - 1) > Work (J) loop,while J > Work'First or else Work (J - 1) > Work (J) loop,killed
sorting/SPARK2/Ada-SPARK-Tim-Sort-Stub,tim_sort_stub.adb,23,- 1 -> - 0,Temporary := Work (J - 1);,Temporary := Work (J - 0);,killed
sorting/SPARK2/Ada-SPARK-Tim-Sort-Stub,tim_sort_stub.adb,23,- -> +,Temporary := Work (J - 1);,Temporary := Work (J + 1);,killed
sorting/SPARK2/Ada-SPARK-Tim-Sort-Stub,tim_sort_stub.adb,24,- 1 -> - 0,Work (J - 1) := Work (J);,Work (J - 0) := Work (J);,killed
sorting/SPARK2/Ada-SPARK-Tim-Sort-Stub,tim_sort_stub.adb,24,- -> +,Work (J - 1) := Work (J);,Work (J + 1) := Work (J);,killed
sorting/SPARK2/Ada-SPARK-Tim-Sort-Stub,tim_sort_stub.adb,26,- 1 -> - 0,J := J - 1;,J := J - 0;,killed
sorting/SPARK2/Ada-SPARK-Tim-Sort-Stub,tim_sort_stub.adb,26,- -> +,J := J - 1;,J := J + 1;,killed
sorting/SPARK2/Ada-SPARK-Tournament-Sort,tournament_sort.adb,12,+ 1 -> + 0,if I < Index'Last and then Work (I) > Work (I + 1) then,if I < Index'Last and then Work (I) > Work (I + 0) then,killed
sorting/SPARK2/Ada-SPARK-Tournament-Sort,tournament_sort.adb,12,+ -> -,if I < Index'Last and then Work (I) > Work (I + 1) then,if I < Index'Last and then Work (I) > Work (I - 1) then,killed
sorting/SPARK2/Ada-SPARK-Tournament-Sort,tournament_sort.adb,12,and then -> or else,if I < Index'Last and then Work (I) > Work (I + 1) then,if I < Index'Last or else Work (I) > Work (I + 1) then,killed
sorting/SPARK2/Ada-SPARK-Tournament-Sort,tournament_sort.adb,12,< -> <=,if I < Index'Last and then Work (I) > Work (I + 1) then,if I <= Index'Last and then Work (I) > Work (I + 1) then,killed
sorting/SPARK2/Ada-SPARK-Tournament-Sort,tournament_sort.adb,12,> -> >=,if I < Index'Last and then Work (I) > Work (I + 1) then,if I < Index'Last and then Work (I) >= Work (I + 1) then,survived
sorting/SPARK2/Ada-SPARK-Tournament-Sort,tournament_sort.adb,14,+ -> -,Work (I) := Work (I + 1);,Work (I) := Work (I - 1);,killed
sorting/SPARK2/Ada-SPARK-Tournament-Sort,tournament_sort.adb,14,+ 1 -> + 0,Work (I) := Work (I + 1);,Work (I) := Work (I + 0);,killed
sorting/SPARK2/Ada-SPARK-Tournament-Sort,tournament_sort.adb,15,+ -> -,Work (I + 1) := Temporary;,Work (I - 1) := Temporary;,killed
sorting/SPARK2/Ada-SPARK-Tournament-Sort,tournament_sort.adb,15,+ 1 -> + 0,Work (I + 1) := Temporary;,Work (I + 0) := Temporary;,killed
sorting/SPARK2/Ada-SPARK-Wiggle-Sort,wiggle_sort.adb,9,< -> <=,if I < Index'Last then,if I <= Index'Last then,killed
sorting/SPARK2/Ada-SPARK-Wiggle-Sort,wiggle_sort.adb,10,+ -> -,if I mod 2 = 1 and then Work (I) > Work (I + 1) then,if I mod 2 = 1 and then Work (I) > Work (I - 1) then,killed
sorting/SPARK2/Ada-SPARK-Wiggle-Sort,wiggle_sort.adb,10,> -> >=,if I mod 2 = 1 and then Work (I) > Work (I + 1) then,if I mod 2 = 1 and then Work (I) >= Work (I + 1) then,survived
sorting/SPARK2/Ada-SPARK-Wiggle-Sort,wiggle_sort.adb,10,and then -> or else,if I mod 2 = 1 and then Work (I) > Work (I + 1) then,if I mod 2 = 1 or else Work (I) > Work (I + 1) then,killed
sorting/SPARK2/Ada-SPARK-Wiggle-Sort,wiggle_sort.adb,10,= -> /=,if I mod 2 = 1 and then Work (I) > Work (I + 1) then,if I mod 2 /= 1 and then Work (I) > Work (I + 1) then,killed
sorting/SPARK2/Ada-SPARK-Wiggle-Sort,wiggle_sort.adb,10,+ 1 -> + 0,if I mod 2 = 1 and then Work (I) > Work (I + 1) then,if I mod 2 = 1 and then Work (I) > Work (I + 0) then,killed
sorting/SPARK2/Ada-SPARK-Wiggle-Sort,wiggle_sort.adb,12,+ 1 -> + 0,Work (I) := Work (I + 1);,Work (I) := Work (I + 0);,killed
sorting/SPARK2/Ada-SPARK-Wiggle-Sort,wiggle_sort.adb,12,+ -> -,Work (I) := Work (I + 1);,Work (I) := Work (I - 1);,killed
sorting/SPARK2/Ada-SPARK-Wiggle-Sort,wiggle_sort.adb,13,+ 1 -> + 0,Work (I + 1) := Temporary;,Work (I + 0) := Temporary;,killed
sorting/SPARK2/Ada-SPARK-Wiggle-Sort,wiggle_sort.adb,13,+ -> -,Work (I + 1) := Temporary;,Work (I - 1) := Temporary;,killed
sorting/SPARK2/Ada-SPARK-Wiggle-Sort,wiggle_sort.adb,14,+ 1 -> + 0,elsif I mod 2 = 0 and then Work (I) < Work (I + 1) then,elsif I mod 2 = 0 and then Work (I) < Work (I + 0) then,killed
sorting/SPARK2/Ada-SPARK-Wiggle-Sort,wiggle_sort.adb,14,< -> <=,elsif I mod 2 = 0 and then Work (I) < Work (I + 1) then,elsif I mod 2 = 0 and then Work (I) <= Work (I + 1) then,survived
sorting/SPARK2/Ada-SPARK-Wiggle-Sort,wiggle_sort.adb,14,and then -> or else,elsif I mod 2 = 0 and then Work (I) < Work (I + 1) then,elsif I mod 2 = 0 or else Work (I) < Work (I + 1) then,killed
sorting/SPARK2/Ada-SPARK-Wiggle-Sort,wiggle_sort.adb,14,+ -> -,elsif I mod 2 = 0 and then Work (I) < Work (I + 1) then,elsif I mod 2 = 0 and then Work (I) < Work (I - 1) then,killed
sorting/SPARK2/Ada-SPARK-Wiggle-Sort,wiggle_sort.adb,14,= -> /=,elsif I mod 2 = 0 and then Work (I) < Work (I + 1) then,elsif I mod 2 /= 0 and then Work (I) < Work (I + 1) then,killed
sorting/SPARK2/Ada-SPARK-Wiggle-Sort,wiggle_sort.adb,16,+ -> -,Work (I) := Work (I + 1);,Work (I) := Work (I - 1);,killed
sorting/SPARK2/Ada-SPARK-Wiggle-Sort,wiggle_sort.adb,16,+ 1 -> + 0,Work (I) := Work (I + 1);,Work (I) := Work (I + 0);,killed
sorting/SPARK2/Ada-SPARK-Wiggle-Sort,wiggle_sort.adb,17,+ -> -,Work (I + 1) := Temporary;,Work (I - 1) := Temporary;,killed
sorting/SPARK2/Ada-SPARK-Wiggle-Sort,wiggle_sort.adb,17,+ 1 -> + 0,Work (I + 1) := Temporary;,Work (I + 0) := Temporary;,killed
sorting/SPARK2/Binary-Insertion-Sort,binary_insertion_sort.adb,12,+ 1 -> + 0,if I < Index'Last and then Work (I) > Work (I + 1) then,if I < Index'Last and then Work (I) > Work (I + 0) then,killed
sorting/SPARK2/Binary-Insertion-Sort,binary_insertion_sort.adb,12,+ -> -,if I < Index'Last and then Work (I) > Work (I + 1) then,if I < Index'Last and then Work (I) > Work (I - 1) then,killed
sorting/SPARK2/Binary-Insertion-Sort,binary_insertion_sort.adb,12,and then -> or else,if I < Index'Last and then Work (I) > Work (I + 1) then,if I < Index'Last or else Work (I) > Work (I + 1) then,killed
sorting/SPARK2/Binary-Insertion-Sort,binary_insertion_sort.adb,12,< -> <=,if I < Index'Last and then Work (I) > Work (I + 1) then,if I <= Index'Last and then Work (I) > Work (I + 1) then,killed
sorting/SPARK2/Binary-Insertion-Sort,binary_insertion_sort.adb,12,> -> >=,if I < Index'Last and then Work (I) > Work (I + 1) then,if I < Index'Last and then Work (I) >= Work (I + 1) then,survived
sorting/SPARK2/Binary-Insertion-Sort,binary_insertion_sort.adb,14,+ -> -,Work (I) := Work (I + 1);,Work (I) := Work (I - 1);,killed
sorting/SPARK2/Binary-Insertion-Sort,binary_insertion_sort.adb,14,+ 1 -> + 0,Work (I) := Work (I + 1);,Work (I) := Work (I + 0);,killed
sorting/SPARK2/Binary-Insertion-Sort,binary_insertion_sort.adb,15,+ -> -,Work (I + 1) := Temporary;,Work (I - 1) := Temporary;,killed
sorting/SPARK2/Binary-Insertion-Sort,binary_insertion_sort.adb,15,+ 1 -> + 0,Work (I + 1) := Temporary;,Work (I + 0) := Temporary;,killed
sorting/SPARK4/Ada-SPARK-Bitonic-Sorter,bitonic_sorter.adb,17,+ 1 -> + 0,or else (for all K in L .. R - 1 => A (K) <= A (K + 1))),or else (for all K in L .. R - 1 => A (K) <= A (K + 0))),survived
sorting/SPARK4/Ada-SPARK-Bitonic-Sorter,bitonic_sorter.adb,17,<= -> <,or else (for all K in L .. R - 1 => A (K) <= A (K + 1))),or else (for all K in L .. R - 1 => A (K) < A (K + 1))),killed
sorting/SPARK4/Ada-SPARK-Bitonic-Sorter,bitonic_sorter.adb,31,< -> <=,(Hi_P < Lo_P,(Hi_P <= Lo_P,survived
sorting/SPARK4/Ada-SPARK-Bitonic-Sorter,bitonic_sorter.adb,35,<= -> <,(for all L in Lo_S .. Hi_S => A (K) <= A (L)))),(for all L in Lo_S .. Hi_S => A (K) < A (L)))),killed
sorting/SPARK4/Ada-SPARK-Bitonic-Sorter,bitonic_sorter.adb,42,and then -> or else,and then Hi_P <= A'Last,or else Hi_P <= A'Last,stillborn
sorting/SPARK4/Ada-SPARK-Bitonic-Sorter,bitonic_sorter.adb,48,or else -> and then,(N = 1 or else N = 2 or else N = 4 or else N = 8,(N = 1 or else N = 2 or else N = 4 and then N = 8,stillborn
sorting/SPARK4/Ada-SPARK-Bitonic-Sorter,bitonic_sorter.adb,48,= -> /=,(N = 1 or else N = 2 or else N = 4 or else N = 8,(N = 1 or else N = 2 or else N = 4 or else N /= 8,killed
sorting/SPARK4/Ada-SPARK-Bitonic-Sorter,bitonic_sorter.adb,49,or else -> and then,or else N = 16 or else N = 32 or else N = 64),or else N = 16 and then N = 32 or else N = 64),stillborn
sorting/SPARK4/Ada-SPARK-Bitonic-Sorter,bitonic_sorter.adb,59,and then -> or else,and then Is_Power_Of_Two (Next_Power_Of_Two'Result),or else Is_Power_Of_Two (Next_Power_Of_Two'Result),survived
sorting/SPARK4/Ada-SPARK-Bitonic-Sorter,bitonic_sorter.adb,72,* -> +,P := P * 2;,P := P + 2;,killed
sorting/SPARK4/Ada-SPARK-Bitonic-Sorter,bitonic_sorter.adb,95,= -> /=,if X = Y then,if X /= Y then,killed
sorting/SPARK4/Ada-SPARK-Bitonic-Sorter,bitonic_sorter.adb,113,and then -> or else,and then I in 1 .. A'Last,or else I in 1 .. A'Last,stillborn
sorting/SPARK4/Ada-SPARK-Bitonic-Sorter,bitonic_sorter.adb,142,<= -> <,and then Count <= Max_N,and then Count < Max_N,killed
sorting/SPARK4/Ada-SPARK-Bitonic-Sorter,bitonic_sorter.adb,144,<= -> <,(Count <= 1,(Count < 1,survived
sorting/SPARK4/Ada-SPARK-Bitonic-Sorter,bitonic_sorter.adb,178,+ -> -,"Bitonic_Merge (A, Low + K, K, Ascending);","Bitonic_Merge (A, Low - K, K, Ascending);",killed
sorting/SPARK4/Ada-SPARK-Bitonic-Sorter,bitonic_sorter.adb,233,>= -> >,and then A'Last >= 2,and then A'Last > 2,killed
sorting/SPARK4/Ada-SPARK-Bitonic-Sorter,bitonic_sorter.adb,235,+ 1 -> + 0,"and then Sorted_Slice (A, Bound + 1, A'Last)","and then Sorted_Slice (A, Bound + 0, A'Last)",survived
sorting/SPARK4/Ada-SPARK-Bitonic-Sorter,bitonic_sorter.adb,235,and then -> or else,"and then Sorted_Slice (A, Bound + 1, A'Last)","or else Sorted_Slice (A, Bound + 1, A'Last)",stillborn
sorting/SPARK4/Ada-SPARK-Bitonic-Sorter,bitonic_sorter.adb,239,and then -> or else,"and then Sorted_Slice (A, Bound, A'Last)","or else Sorted_Slice (A, Bound, A'Last)",stillborn
sorting/SPARK4/Ada-SPARK-Bitonic-Sorter,bitonic_sorter.adb,247,- -> +,for I in 1 .. Bound - 1 loop,for I in 1 .. Bound + 1 loop,killed
sorting/SPARK4/Ada-SPARK-Bogosort,bogosort.adb,17,+ 1 -> + 0,or else (for all K in L .. R - 1 => A (K) <= A (K + 1))),or else (for all K in L .. R - 1 => A (K) <= A (K + 0))),survived
sorting/SPARK4/Ada-SPARK-Bogosort,bogosort.adb,17,<= -> <,or else (for all K in L .. R - 1 => A (K) <= A (K + 1))),or else (for all K in L .. R - 1 => A (K) < A (K + 1))),killed
sorting/SPARK4/Ada-SPARK-Bogosort,bogosort.adb,31,< -> <=,(Hi_P < Lo_P,(Hi_P <= Lo_P,survived
sorting/SPARK4/Ada-SPARK-Bogosort,bogosort.adb,35,<= -> <,(for all L in Lo_S .. Hi_S => A (K) <= A (L)))),(for all L in Lo_S .. Hi_S => A (K) < A (L)))),killed
sorting/SPARK4/Ada-SPARK-Bogosort,bogosort.adb,42,and then -> or else,and then Hi_P <= A'Last,or else Hi_P <= A'Last,stillborn
sorting/SPARK4/Ada-SPARK-Bogosort,bogosort.adb,55,and then -> or else,and then A (X) = A'Old (Y),or else A (X) = A'Old (Y),stillborn
sorting/SPARK4/Ada-SPARK-Bogosort,bogosort.adb,56,= -> /=,and then A (Y) = A'Old (X),and then A (Y) /= A'Old (X),killed
sorting/SPARK4/Ada-SPARK-Bogosort,bogosort.adb,57,and then -> or else,and then,or else,stillborn
sorting/SPARK4/Ada-SPARK-Bogosort,bogosort.adb,63,= -> /=,if X = Y then,if X /= Y then,killed
sorting/SPARK4/Ada-SPARK-Bogosort,bogosort.adb,84,and then -> or else,and then A'Last >= 2,or else A'Last >= 2,stillborn
sorting/SPARK4/Ada-SPARK-Bogosort,bogosort.adb,86,+ -> -,"and then Sorted_Slice (A, Bound + 1, A'Last)","and then Sorted_Slice (A, Bound - 1, A'Last)",survived
sorting/SPARK4/Ada-SPARK-Bogosort,bogosort.adb,91,- -> +,"and then Prefix_Leq_Suffix (A, 1, Bound - 1, Bound, A'Last)","and then Prefix_Leq_Suffix (A, 1, Bound + 1, Bound, A'Last)",killed
sorting/SPARK4/Ada-SPARK-Bogosort,bogosort.adb,98,- 1 -> - 0,for I in 1 .. Bound - 1 loop,for I in 1 .. Bound - 0 loop,killed
sorting/SPARK4/Ada-SPARK-Bogosort,bogosort.adb,110,+ -> -,if A (I) > A (I + 1) then,if A (I) > A (I - 1) then,killed
sorting/SPARK4/Ada-SPARK-Bogosort,bogosort.adb,111,+ 1 -> + 0,"Swap (A, I, I + 1);","Swap (A, I, I + 0);",survived
sorting/SPARK4/Ada-SPARK-Bogosort,bogosort.adb,166,- 1 -> - 0,Bound := Bound - 1;,Bound := Bound - 0;,survived
sorting/SPARK4/Ada-SPARK-Bogosort,bogosort.adb,223,and then -> or else,while I > 1 and then A (I) >= A (I + 1) loop,while I > 1 or else A (I) >= A (I + 1) loop,killed
sorting/SPARK4/Ada-SPARK-Bogosort,bogosort.adb,258,- -> +,if I < A'Last - 1 then,if I < A'Last + 1 then,survived
sorting/SPARK4/Ada-SPARK-Bogosort,bogosort.adb,259,+ 1 -> + 0,"Reverse_Range (A, I + 1, A'Last);","Reverse_Range (A, I + 0, A'Last);",survived
sorting/SPARK4/Ada-SPARK-Bogosort,bogosort.adb,285,<= -> <,if A'Length <= 1 then,if A'Length < 1 then,killed
sorting/SPARK4/Ada-SPARK-Bubble-Sort,bubble_sort.adb,16,- -> +,or else (for all K in L .. R - 1 => A (K) <= A (K + 1))),or else (for all K in L .. R + 1 => A (K) <= A (K + 1))),killed
sorting/SPARK4/Ada-SPARK-Bubble-Sort,bubble_sort.adb,16,+ 1 -> + 0,or else (for all K in L .. R - 1 => A (K) <= A (K + 1))),or else (for all K in L .. R - 1 => A (K) <= A (K + 0))),survived
sorting/SPARK4/Ada-SPARK-Bubble-Sort,bubble_sort.adb,16,+ -> -,or else (for all K in L .. R - 1 => A (K) <= A (K + 1))),or else (for all K in L .. R - 1 => A (K) <= A (K - 1))),killed
sorting/SPARK4/Ada-SPARK-Bubble-Sort,bubble_sort.adb,22,>= -> >,and then L >= 1,and then L > 1,killed
sorting/SPARK4/Ada-SPARK-Bubble-Sort,bubble_sort.adb,23,<= -> <,and then R <= A'Last;,and then R < A'Last;,killed
sorting/SPARK4/Ada-SPARK-Bubble-Sort,bubble_sort.adb,31,or else -> and then,or else Hi_S < Lo_S,and then Hi_S < Lo_S,stillborn
sorting/SPARK4/Ada-SPARK-Bubble-Sort,bubble_sort.adb,34,<= -> <,(for all L in Lo_S .. Hi_S => A (K) <= A (L)))),(for all L in Lo_S .. Hi_S => A (K) < A (L)))),killed
sorting/SPARK4/Ada-SPARK-Bubble-Sort,bubble_sort.adb,40,and then -> or else,and then Lo_P >= 1,or else Lo_P >= 1,stillborn
sorting/SPARK4/Ada-SPARK-Bubble-Sort,bubble_sort.adb,41,<= -> <,and then Hi_P <= A'Last,and then Hi_P < A'Last,killed
sorting/SPARK4/Ada-SPARK-Bubble-Sort,bubble_sort.adb,41,and then -> or else,and then Hi_P <= A'Last,or else Hi_P <= A'Last,stillborn
sorting/SPARK4/Ada-SPARK-Bubble-Sort,bubble_sort.adb,51,and then -> or else,"and then Y in 1 .. A'Last,","or else Y in 1 .. A'Last,",stillborn
sorting/SPARK4/Ada-SPARK-Bubble-Sort,bubble_sort.adb,54,= -> /=,and then A (X) = A'Old (Y),and then A (X) /= A'Old (Y),killed
sorting/SPARK4/Ada-SPARK-Bubble-Sort,bubble_sort.adb,55,= -> /=,and then A (Y) = A'Old (X),and then A (Y) /= A'Old (X),killed
sorting/SPARK4/Ada-SPARK-Bubble-Sort,bubble_sort.adb,55,and then -> or else,and then A (Y) = A'Old (X),or else A (Y) = A'Old (X),stillborn
sorting/SPARK4/Ada-SPARK-Bubble-Sort,bubble_sort.adb,83,>= -> >,and then A'Last >= 2,and then A'Last > 2,killed
sorting/SPARK4/Ada-SPARK-Bubble-Sort,bubble_sort.adb,86,and then -> or else,"and then Prefix_Leq_Suffix (A, 1, Bound, Bound + 1, A'Last),","or else Prefix_Leq_Suffix (A, 1, Bound, Bound + 1, A'Last),",stillborn
sorting/SPARK4/Ada-SPARK-Bubble-Sort,bubble_sort.adb,89,and then -> or else,"and then Sorted_Slice (A, Bound, A'Last)","or else Sorted_Slice (A, Bound, A'Last)",stillborn
sorting/SPARK4/Ada-SPARK-Bubble-Sort,bubble_sort.adb,97,- -> +,for I in 1 .. Bound - 1 loop,for I in 1 .. Bound + 1 loop,killed
sorting/SPARK4/Ada-SPARK-Bubble-Sort,bubble_sort.adb,112,> -> >=,if A (I) > A (I + 1) then,if A (I) >= A (I + 1) then,survived
sorting/SPARK4/Ada-SPARK-Bubble-Sort,bubble_sort.adb,112,+ -> -,if A (I) > A (I + 1) then,if A (I) > A (I - 1) then,killed
sorting/SPARK4/Ada-SPARK-Bucket-Sort,bucket_sort.adb,19,* -> +,is (B * Max_N + J),is (B + Max_N + J),killed
sorting/SPARK4/Ada-SPARK-Bucket-Sort,bucket_sort.adb,19,+ -> -,is (B * Max_N + J),is (B * Max_N - J),killed
sorting/SPARK4/Ada-SPARK-Bucket-Sort,bucket_sort.adb,35,- 1 -> - 0,or else (for all K in L .. R - 1 => A (K) <= A (K + 1))),or else (for all K in L .. R - 0 => A (K) <= A (K + 1))),killed
sorting/SPARK4/Ada-SPARK-Bucket-Sort,bucket_sort.adb,35,- -> +,or else (for all K in L .. R - 1 => A (K) <= A (K + 1))),or else (for all K in L .. R + 1 => A (K) <= A (K + 1))),killed
sorting/SPARK4/Ada-SPARK-Bucket-Sort,bucket_sort.adb,35,or else -> and then,or else (for all K in L .. R - 1 => A (K) <= A (K + 1))),and then (for all K in L .. R - 1 => A (K) <= A (K + 1))),killed
sorting/SPARK4/Ada-SPARK-Bucket-Sort,bucket_sort.adb,42,and then -> or else,and then R <= A'Last;,or else R <= A'Last;,stillborn
sorting/SPARK4/Ada-SPARK-Bucket-Sort,bucket_sort.adb,51,and then -> or else,and then I in 2 .. A'Last,or else I in 2 .. A'Last,stillborn
sorting/SPARK4/Ada-SPARK-Bucket-Sort,bucket_sort.adb,52,- -> +,"and then Sorted_Slice (A, 1, I - 1),","and then Sorted_Slice (A, 1, I + 1),",killed
sorting/SPARK4/Ada-SPARK-Bucket-Sort,bucket_sort.adb,52,- 1 -> - 0,"and then Sorted_Slice (A, 1, I - 1),","and then Sorted_Slice (A, 1, I - 0),",survived
sorting/SPARK4/Ada-SPARK-Bucket-Sort,bucket_sort.adb,55,and then -> or else,"and then Sorted_Slice (A, 1, I)","or else Sorted_Slice (A, 1, I)",stillborn
sorting/SPARK4/Ada-SPARK-Bucket-Sort,bucket_sort.adb,56,+ -> -,and then (for all K in I + 1 .. A'Last => A (K) = A'Old (K)),and then (for all K in I - 1 .. A'Last => A (K) = A'Old (K)),survived
sorting/SPARK4/Ada-SPARK-Bucket-Sort,bucket_sort.adb,61,and then -> or else,while J > 1 and then Key < A (J - 1) loop,while J > 1 or else Key < A (J - 1) loop,killed
sorting/SPARK4/Ada-SPARK-Bucket-Sort,bucket_sort.adb,61,> -> >=,while J > 1 and then Key < A (J - 1) loop,while J >= 1 and then Key < A (J - 1) loop,survived
sorting/SPARK4/Ada-SPARK-Bucket-Sort,bucket_sort.adb,61,- -> +,while J > 1 and then Key < A (J - 1) loop,while J > 1 and then Key < A (J + 1) loop,killed
sorting/SPARK4/Ada-SPARK-Bucket-Sort,bucket_sort.adb,75,- -> +,A (J) := A (J - 1);,A (J) := A (J + 1);,survived
sorting/SPARK4/Ada-SPARK-Bucket-Sort,bucket_sort.adb,75,- 1 -> - 0,A (J) := A (J - 1);,A (J) := A (J - 0);,survived
sorting/SPARK4/Ada-SPARK-Bucket-Sort,bucket_sort.adb,76,- 1 -> - 0,J     := J - 1;,J     := J - 0;,survived
sorting/SPARK4/Ada-SPARK-Bucket-Sort,bucket_sort.adb,139,and then -> or else,"while J > 1 and then Key < Store (Slot (B, J - 1)) loop","while J > 1 or else Key < Store (Slot (B, J - 1)) loop",killed
sorting/SPARK4/Ada-SPARK-Bucket-Sort,bucket_sort.adb,145,- -> +,J                   := J - 1;,J                   := J + 1;,killed
sorting/SPARK4/Ada-SPARK-Bucket-Sort,bucket_sort.adb,175,+ 1 -> + 0,Counts (B) := Counts (B) + 1;,Counts (B) := Counts (B) + 0;,killed
sorting/SPARK4/Ada-SPARK-Cocktail-Shaker-Sort,cocktail_shaker_sort.adb,16,+ 1 -> + 0,or else (for all K in L .. R - 1 => A (K) <= A (K + 1))),or else (for all K in L .. R - 1 => A (K) <= A (K + 0))),survived
sorting/SPARK4/Ada-SPARK-Cocktail-Shaker-Sort,cocktail_shaker_sort.adb,16,<= -> <,or else (for all K in L .. R - 1 => A (K) <= A (K + 1))),or else (for all K in L .. R - 1 => A (K) < A (K + 1))),killed
sorting/SPARK4/Ada-SPARK-Cocktail-Shaker-Sort,cocktail_shaker_sort.adb,30,< -> <=,(Hi_P < Lo_P,(Hi_P <= Lo_P,survived
sorting/SPARK4/Ada-SPARK-Cocktail-Shaker-Sort,cocktail_shaker_sort.adb,34,<= -> <,(for all L in Lo_S .. Hi_S => A (K) <= A (L)))),(for all L in Lo_S .. Hi_S => A (K) < A (L)))),killed
sorting/SPARK4/Ada-SPARK-Cocktail-Shaker-Sort,cocktail_shaker_sort.adb,41,and then -> or else,and then Hi_P <= A'Last,or else Hi_P <= A'Last,stillborn
sorting/SPARK4/Ada-SPARK-Cocktail-Shaker-Sort,cocktail_shaker_sort.adb,54,and then -> or else,and then A (X) = A'Old (Y),or else A (X) = A'Old (Y),stillborn
sorting/SPARK4/Ada-SPARK-Cocktail-Shaker-Sort,cocktail_shaker_sort.adb,55,= -> /=,and then A (Y) = A'Old (X),and then A (Y) /= A'Old (X),killed
sorting/SPARK4/Ada-SPARK-Cocktail-Shaker-Sort,cocktail_shaker_sort.adb,56,and then -> or else,and then,or else,stillborn
sorting/SPARK4/Ada-SPARK-Cocktail-Shaker-Sort,cocktail_shaker_sort.adb,62,= -> /=,if X = Y then,if X /= Y then,killed
sorting/SPARK4/Ada-SPARK-Cocktail-Shaker-Sort,cocktail_shaker_sort.adb,81,and then -> or else,and then A'Length >= 2,or else A'Length >= 2,stillborn
sorting/SPARK4/Ada-SPARK-Cocktail-Shaker-Sort,cocktail_shaker_sort.adb,83,and then -> or else,and then Hi in 1 .. A'Last,or else Hi in 1 .. A'Last,stillborn
sorting/SPARK4/Ada-SPARK-Cocktail-Shaker-Sort,cocktail_shaker_sort.adb,92,+ 1 -> + 0,if A (I) > A (I + 1) then,if A (I) > A (I + 0) then,survived
sorting/SPARK4/Ada-SPARK-Cocktail-Shaker-Sort,cocktail_shaker_sort.adb,111,and then -> or else,and then Lo in 1 .. A'Last,or else Lo in 1 .. A'Last,stillborn
sorting/SPARK4/Ada-SPARK-Cocktail-Shaker-Sort,cocktail_shaker_sort.adb,112,and then -> or else,and then Hi in 1 .. A'Last,or else Hi in 1 .. A'Last,stillborn
sorting/SPARK4/Ada-SPARK-Cocktail-Shaker-Sort,cocktail_shaker_sort.adb,126,- -> +,if A (I - 1) > A (I) then,if A (I + 1) > A (I) then,survived
sorting/SPARK4/Ada-SPARK-Cocktail-Shaker-Sort,cocktail_shaker_sort.adb,127,- -> +,"Swap (A, I - 1, I);","Swap (A, I + 1, I);",survived
sorting/SPARK4/Ada-SPARK-Cocktail-Shaker-Sort,cocktail_shaker_sort.adb,154,and then -> or else,"and then Sorted_Slice (A, Bound, A'Last)","or else Sorted_Slice (A, Bound, A'Last)",stillborn
sorting/SPARK4/Ada-SPARK-Cocktail-Shaker-Sort,cocktail_shaker_sort.adb,230,- 1 -> - 0,Bound := Bound - 1;,Bound := Bound - 0;,survived
sorting/SPARK4/Ada-SPARK-Cocktail-Shaker-Sort,cocktail_shaker_sort.adb,270,- 1 -> - 0,Hi := Hi - 1;,Hi := Hi - 0;,survived
sorting/SPARK4/Ada-SPARK-Cocktail-Shaker-Sort,cocktail_shaker_sort.adb,272,>= -> >,exit when Lo >= Hi;,exit when Lo > Hi;,killed
sorting/SPARK4/Ada-SPARK-Comb-Sort,comb_sort.adb,19,+ 1 -> + 0,or else (for all K in L .. R - 1 => A (K) <= A (K + 1))),or else (for all K in L .. R - 1 => A (K) <= A (K + 0))),survived
sorting/SPARK4/Ada-SPARK-Comb-Sort,comb_sort.adb,19,+ -> -,or else (for all K in L .. R - 1 => A (K) <= A (K + 1))),or else (for all K in L .. R - 1 => A (K) <= A (K - 1))),killed
sorting/SPARK4/Ada-SPARK-Comb-Sort,comb_sort.adb,25,>= -> >,and then L >= 1,and then L > 1,killed
sorting/SPARK4/Ada-SPARK-Comb-Sort,comb_sort.adb,33,< -> <=,(Hi_P < Lo_P,(Hi_P <= Lo_P,survived
sorting/SPARK4/Ada-SPARK-Comb-Sort,comb_sort.adb,35,or else -> and then,or else,and then,stillborn
sorting/SPARK4/Ada-SPARK-Comb-Sort,comb_sort.adb,37,<= -> <,(for all L in Lo_S .. Hi_S => A (K) <= A (L)))),(for all L in Lo_S .. Hi_S => A (K) < A (L)))),killed
sorting/SPARK4/Ada-SPARK-Comb-Sort,comb_sort.adb,44,and then -> or else,and then Hi_P <= A'Last,or else Hi_P <= A'Last,stillborn
sorting/SPARK4/Ada-SPARK-Comb-Sort,comb_sort.adb,46,and then -> or else,and then Hi_S <= A'Last;,or else Hi_S <= A'Last;,stillborn
sorting/SPARK4/Ada-SPARK-Comb-Sort,comb_sort.adb,54,and then -> or else,"and then Y in 1 .. A'Last,","or else Y in 1 .. A'Last,",stillborn
sorting/SPARK4/Ada-SPARK-Comb-Sort,comb_sort.adb,57,and then -> or else,and then A (X) = A'Old (Y),or else A (X) = A'Old (Y),stillborn
sorting/SPARK4/Ada-SPARK-Comb-Sort,comb_sort.adb,58,and then -> or else,and then A (Y) = A'Old (X),or else A (Y) = A'Old (X),stillborn
sorting/SPARK4/Ada-SPARK-Comb-Sort,comb_sort.adb,59,and then -> or else,and then,or else,stillborn
sorting/SPARK4/Ada-SPARK-Comb-Sort,comb_sort.adb,65,= -> /=,if X = Y then,if X /= Y then,killed
sorting/SPARK4/Ada-SPARK-Comb-Sort,comb_sort.adb,80,and then -> or else,and then A'Length >= 2,or else A'Length >= 2,stillborn
sorting/SPARK4/Ada-SPARK-Comb-Sort,comb_sort.adb,80,>= -> >,and then A'Length >= 2,and then A'Length > 2,survived
sorting/SPARK4/Ada-SPARK-Comb-Sort,comb_sort.adb,81,and then -> or else,"and then Gap in 2 .. A'Last - 1,","or else Gap in 2 .. A'Last - 1,",stillborn
sorting/SPARK4/Ada-SPARK-Comb-Sort,comb_sort.adb,110,and then -> or else,and then Bound in 2 .. A'Last,or else Bound in 2 .. A'Last,stillborn
sorting/SPARK4/Ada-SPARK-Comb-Sort,comb_sort.adb,112,and then -> or else,"and then Prefix_Leq_Suffix (A, 1, Bound, Bound + 1, A'Last),","or else Prefix_Leq_Suffix (A, 1, Bound, Bound + 1, A'Last),",stillborn
sorting/SPARK4/Ada-SPARK-Comb-Sort,comb_sort.adb,116,and then -> or else,"and then Prefix_Leq_Suffix (A, 1, Bound - 1, Bound, A'Last)","or else Prefix_Leq_Suffix (A, 1, Bound - 1, Bound, A'Last)",stillborn
sorting/SPARK4/Ada-SPARK-Comb-Sort,comb_sort.adb,189,= -> /=,exit when Bound = 2;,exit when Bound /= 2;,killed
sorting/SPARK4/Ada-SPARK-Cycle-Sort,cycle_sort.adb,15,+ 1 -> + 0,or else (for all K in L .. R - 1 => A (K) <= A (K + 1))),or else (for all K in L .. R - 1 => A (K) <= A (K + 0))),survived
sorting/SPARK4/Ada-SPARK-Cycle-Sort,cycle_sort.adb,15,<= -> <,or else (for all K in L .. R - 1 => A (K) <= A (K + 1))),or else (for all K in L .. R - 1 => A (K) < A (K + 1))),killed
sorting/SPARK4/Ada-SPARK-Cycle-Sort,cycle_sort.adb,28,< -> <=,(Hi_P < Lo_P,(Hi_P <= Lo_P,survived
sorting/SPARK4/Ada-SPARK-Cycle-Sort,cycle_sort.adb,32,<= -> <,(for all L in Lo_S .. Hi_S => A (K) <= A (L)))),(for all L in Lo_S .. Hi_S => A (K) < A (L)))),killed
sorting/SPARK4/Ada-SPARK-Cycle-Sort,cycle_sort.adb,39,and then -> or else,and then Hi_P <= A'Last,or else Hi_P <= A'Last,stillborn
sorting/SPARK4/Ada-SPARK-Cycle-Sort,cycle_sort.adb,53,and then -> or else,and then,or else,survived
sorting/SPARK4/Ada-SPARK-Cycle-Sort,cycle_sort.adb,55,>= -> >,(for all K in CS + 1 .. A'Last => A (K) >= Item),(for all K in CS + 1 .. A'Last => A (K) > Item),killed
sorting/SPARK4/Ada-SPARK-Cycle-Sort,cycle_sort.adb,67,< -> <=,if A (I) < Item then,if A (I) <= Item then,killed
sorting/SPARK4/Ada-SPARK-Cycle-Sort,cycle_sort.adb,68,+ 1 -> + 0,Pos := Pos + 1;,Pos := Pos + 0;,killed
sorting/SPARK4/Ada-SPARK-Cycle-Sort,cycle_sort.adb,82,and then -> or else,and then A'Last >= 1,or else A'Last >= 1,stillborn
sorting/SPARK4/Ada-SPARK-Cycle-Sort,cycle_sort.adb,109,and then -> or else,and then Item = A'Old (Pos),or else Item = A'Old (Pos),stillborn
sorting/SPARK4/Ada-SPARK-Cycle-Sort,cycle_sort.adb,109,= -> /=,and then Item = A'Old (Pos),and then Item /= A'Old (Pos),killed
sorting/SPARK4/Ada-SPARK-Cycle-Sort,cycle_sort.adb,110,+ 1 -> + 0,and then Count = Count'Old + 1,and then Count = Count'Old + 0,killed
sorting/SPARK4/Ada-SPARK-Cycle-Sort,cycle_sort.adb,112,and then -> or else,and then,or else,stillborn
sorting/SPARK4/Ada-SPARK-Cycle-Sort,cycle_sort.adb,138,+ 1 -> + 0,and then Count = Count'Old + 1,and then Count = Count'Old + 0,killed
sorting/SPARK4/Ada-SPARK-Cycle-Sort,cycle_sort.adb,159,and then -> or else,"and then Sorted_Slice (A, 1, CS - 1)","or else Sorted_Slice (A, 1, CS - 1)",stillborn
sorting/SPARK4/Ada-SPARK-Cycle-Sort,cycle_sort.adb,160,- 1 -> - 0,"and then Prefix_Leq_Suffix (A, 1, CS - 1, CS, A'Last),","and then Prefix_Leq_Suffix (A, 1, CS - 0, CS, A'Last),",killed
sorting/SPARK4/Ada-SPARK-Cycle-Sort,cycle_sort.adb,163,and then -> or else,"and then Sorted_Slice (A, 1, CS)","or else Sorted_Slice (A, 1, CS)",stillborn
sorting/SPARK4/Ada-SPARK-Cycle-Sort,cycle_sort.adb,165,<= -> <,and then Writes <= Max_N,and then Writes < Max_N,survived
sorting/SPARK4/Ada-SPARK-Cycle-Sort,cycle_sort.adb,167,- 1 -> - 0,(for all K in 1 .. CS - 1 => A (K) = A'Old (K)),(for all K in 1 .. CS - 0 => A (K) = A'Old (K)),killed
sorting/SPARK4/Ada-SPARK-Flashsort,flashsort.adb,20,+ 1 -> + 0,or else (for all K in L .. R - 1 => A (K) <= A (K + 1))),or else (for all K in L .. R - 1 => A (K) <= A (K + 0))),survived
sorting/SPARK4/Ada-SPARK-Flashsort,flashsort.adb,20,<= -> <,or else (for all K in L .. R - 1 => A (K) <= A (K + 1))),or else (for all K in L .. R - 1 => A (K) < A (K + 1))),killed
sorting/SPARK4/Ada-SPARK-Flashsort,flashsort.adb,34,< -> <=,(Hi_P < Lo_P,(Hi_P <= Lo_P,survived
sorting/SPARK4/Ada-SPARK-Flashsort,flashsort.adb,38,<= -> <,(for all L in Lo_S .. Hi_S => A (K) <= A (L)))),(for all L in Lo_S .. Hi_S => A (K) < A (L)))),killed
sorting/SPARK4/Ada-SPARK-Flashsort,flashsort.adb,45,and then -> or else,and then Hi_P <= A'Last,or else Hi_P <= A'Last,stillborn
sorting/SPARK4/Ada-SPARK-Flashsort,flashsort.adb,58,and then -> or else,and then A (X) = A'Old (Y),or else A (X) = A'Old (Y),stillborn
sorting/SPARK4/Ada-SPARK-Flashsort,flashsort.adb,60,and then -> or else,and then,or else,stillborn
sorting/SPARK4/Ada-SPARK-Flashsort,flashsort.adb,66,= -> /=,if X = Y then,if X /= Y then,survived
sorting/SPARK4/Ada-SPARK-Flashsort,flashsort.adb,84,and then -> or else,and then A'Last >= 2,or else A'Last >= 2,stillborn
sorting/SPARK4/Ada-SPARK-Flashsort,flashsort.adb,86,+ -> -,"and then Sorted_Slice (A, Bound + 1, A'Last)","and then Sorted_Slice (A, Bound - 1, A'Last)",survived
sorting/SPARK4/Ada-SPARK-Flashsort,flashsort.adb,98,- 1 -> - 0,for I in 1 .. Bound - 1 loop,for I in 1 .. Bound - 0 loop,killed
sorting/SPARK4/Ada-SPARK-Flashsort,flashsort.adb,110,+ -> -,if A (I) > A (I + 1) then,if A (I) > A (I - 1) then,killed
sorting/SPARK4/Ada-SPARK-Flashsort,flashsort.adb,111,+ 1 -> + 0,"Swap (A, I, I + 1);","Swap (A, I, I + 0);",survived
sorting/SPARK4/Ada-SPARK-Flashsort,flashsort.adb,166,- 1 -> - 0,Bound := Bound - 1;,Bound := Bound - 0;,survived
sorting/SPARK4/Ada-SPARK-Flashsort,flashsort.adb,269,+ -> -,K := 1 + Num / Den;,K := 1 - Num / Den;,survived
sorting/SPARK4/Ada-SPARK-Flashsort,flashsort.adb,375,- -> +,L (B) := L (B) - 1;,L (B) := L (B) + 1;,killed
sorting/SPARK4/Ada-SPARK-Flashsort,flashsort.adb,381,+ 1 -> + 0,Steps := Steps + 1;,Steps := Steps + 0;,killed
sorting/SPARK4/Ada-SPARK-Flashsort,flashsort.adb,382,>= -> >,exit when Steps >= N;,exit when Steps > N;,survived
sorting/SPARK4/Ada-SPARK-Flashsort,flashsort.adb,398,- 1 -> - 0,elsif Upper (K - 1) < N then,elsif Upper (K - 0) < N then,survived
sorting/SPARK4/Ada-SPARK-Flashsort,flashsort.adb,402,+ -> -,Lo := N + 1;,Lo := N - 1;,survived
sorting/SPARK4/Ada-SPARK-Gnome-Sort,gnome_sort.adb,14,>= -> >,(L >= R,(L > R,survived
sorting/SPARK4/Ada-SPARK-Gnome-Sort,gnome_sort.adb,15,- -> +,or else (for all K in L .. R - 1 => A (K) <= A (K + 1))),or else (for all K in L .. R + 1 => A (K) <= A (K + 1))),killed
sorting/SPARK4/Ada-SPARK-Gnome-Sort,gnome_sort.adb,15,+ 1 -> + 0,or else (for all K in L .. R - 1 => A (K) <= A (K + 1))),or else (for all K in L .. R - 1 => A (K) <= A (K + 0))),survived
sorting/SPARK4/Ada-SPARK-Gnome-Sort,gnome_sort.adb,15,<= -> <,or else (for all K in L .. R - 1 => A (K) <= A (K + 1))),or else (for all K in L .. R - 1 => A (K) < A (K + 1))),killed
sorting/SPARK4/Ada-SPARK-Gnome-Sort,gnome_sort.adb,21,>= -> >,and then L >= 1,and then L > 1,killed
sorting/SPARK4/Ada-SPARK-Gnome-Sort,gnome_sort.adb,22,<= -> <,and then R <= A'Last;,and then R < A'Last;,killed
sorting/SPARK4/Ada-SPARK-Gnome-Sort,gnome_sort.adb,29,and then -> or else,and then X in 1 .. A'Last,or else X in 1 .. A'Last,stillborn
sorting/SPARK4/Ada-SPARK-Gnome-Sort,gnome_sort.adb,30,and then -> or else,"and then Y in 1 .. A'Last,","or else Y in 1 .. A'Last,",stillborn
sorting/SPARK4/Ada-SPARK-Gnome-Sort,gnome_sort.adb,33,= -> /=,and then A (X) = A'Old (Y),and then A (X) /= A'Old (Y),killed
sorting/SPARK4/Ada-SPARK-Gnome-Sort,gnome_sort.adb,33,and then -> or else,and then A (X) = A'Old (Y),or else A (X) = A'Old (Y),stillborn
sorting/SPARK4/Ada-SPARK-Gnome-Sort,gnome_sort.adb,34,= -> /=,and then A (Y) = A'Old (X),and then A (Y) /= A'Old (X),killed
sorting/SPARK4/Ada-SPARK-Gnome-Sort,gnome_sort.adb,35,and then -> or else,and then,or else,stillborn
sorting/SPARK4/Ada-SPARK-Gnome-Sort,gnome_sort.adb,37,= -> /=,(if K /= X and then K /= Y then A (K) = A'Old (K))),(if K /= X and then K /= Y then A (K) /= A'Old (K))),killed
sorting/SPARK4/Ada-SPARK-Gnome-Sort,gnome_sort.adb,37,/= -> =,(if K /= X and then K /= Y then A (K) = A'Old (K))),(if K = X and then K /= Y then A (K) = A'Old (K))),killed
sorting/SPARK4/Ada-SPARK-Gnome-Sort,gnome_sort.adb,57,and then -> or else,and then I in 2 .. A'Last,or else I in 2 .. A'Last,stillborn
sorting/SPARK4/Ada-SPARK-Gnome-Sort,gnome_sort.adb,58,- 1 -> - 0,"and then Sorted_Slice (A, 1, I - 1),","and then Sorted_Slice (A, 1, I - 0),",killed
sorting/SPARK4/Ada-SPARK-Gnome-Sort,gnome_sort.adb,62,+ -> -,and then (for all K in I + 1 .. A'Last => A (K) = A'Old (K)),and then (for all K in I - 1 .. A'Last => A (K) = A'Old (K)),killed
sorting/SPARK4/Ada-SPARK-Gnome-Sort,gnome_sort.adb,68,> -> >=,while Pos > 1 and then A (Pos) < A (Pos - 1) loop,while Pos >= 1 and then A (Pos) < A (Pos - 1) loop,killed
sorting/SPARK4/Ada-SPARK-Gnome-Sort,gnome_sort.adb,81,- -> +,Pos := Pos - 1;,Pos := Pos + 1;,killed
sorting/SPARK4/Ada-SPARK-Gnome-Sort,gnome_sort.adb,96,<= -> <,if A'Length <= 1 then,if A'Length < 1 then,survived
sorting/SPARK4/Ada-SPARK-Heapsort,heapsort.adb,16,+ 1 -> + 0,or else (for all K in L .. R - 1 => A (K) <= A (K + 1))),or else (for all K in L .. R - 1 => A (K) <= A (K + 0))),survived
sorting/SPARK4/Ada-SPARK-Heapsort,heapsort.adb,16,<= -> <,or else (for all K in L .. R - 1 => A (K) <= A (K + 1))),or else (for all K in L .. R - 1 => A (K) < A (K + 1))),killed
sorting/SPARK4/Ada-SPARK-Heapsort,heapsort.adb,26,< -> <=,(Last < 2,(Last <= 2,survived
sorting/SPARK4/Ada-SPARK-Heapsort,heapsort.adb,37,> -> >=,or else Bound > Natural (Last),or else Bound >= Natural (Last),survived
sorting/SPARK4/Ada-SPARK-Heapsort,heapsort.adb,40,>= -> >,(if Natural (I / 2) >= Bound then A (I / 2) >= A (I)))),(if Natural (I / 2) >= Bound then A (I / 2) > A (I)))),killed
sorting/SPARK4/Ada-SPARK-Heapsort,heapsort.adb,53,>= -> >,or else Heap_Last >= N,or else Heap_Last > N,survived
sorting/SPARK4/Ada-SPARK-Heapsort,heapsort.adb,56,+ -> -,(for all S in Heap_Last + 1 .. N => A (H) <= A (S)))),(for all S in Heap_Last - 1 .. N => A (H) <= A (S)))),killed
sorting/SPARK4/Ada-SPARK-Heapsort,heapsort.adb,63,<= -> <,and then Heap_Last <= N;,and then Heap_Last < N;,killed
sorting/SPARK4/Ada-SPARK-Heapsort,heapsort.adb,70,>= -> >,(if I / 2 >= Root and then I / 2 /= R then A (I / 2) >= A (I))),(if I / 2 > Root and then I / 2 /= R then A (I / 2) >= A (I))),survived
sorting/SPARK4/Ada-SPARK-Heapsort,heapsort.adb,70,/= -> =,(if I / 2 >= Root and then I / 2 /= R then A (I / 2) >= A (I))),(if I / 2 >= Root and then I / 2 = R then A (I / 2) >= A (I))),killed
sorting/SPARK4/Ada-SPARK-Heapsort,heapsort.adb,91,and then -> or else,and then,or else,stillborn
sorting/SPARK4/Ada-SPARK-Heapsort,heapsort.adb,93,= -> /=,(if K /= X and then K /= Y then A (K) = A'Old (K))),(if K /= X and then K /= Y then A (K) /= A'Old (K))),killed
sorting/SPARK4/Ada-SPARK-Heapsort,heapsort.adb,97,= -> /=,if X = Y then,if X /= Y then,killed
sorting/SPARK4/Ada-SPARK-Heapsort,heapsort.adb,115,>= -> >,(for all K in 1 .. Last => A (1) >= A (K)),(for all K in 1 .. Last => A (1) > A (K)),killed
sorting/SPARK4/Ada-SPARK-Heapsort,heapsort.adb,163,= -> /=,(for all K in Heap_Last + 1 .. A'Last => A (K) = A'Old (K)),(for all K in Heap_Last + 1 .. A'Last => A (K) /= A'Old (K)),killed
sorting/SPARK4/Ada-SPARK-Heapsort,heapsort.adb,202,+ 1 -> + 0,Child := Left + 1;,Child := Left + 0;,killed
sorting/SPARK4/Ada-SPARK-Heapsort,heapsort.adb,278,< -> <=,if Left < Heap_Last and then A (Left) < A (Left + 1) then,if Left <= Heap_Last and then A (Left) < A (Left + 1) then,killed
sorting/SPARK4/Ada-SPARK-Heapsort,heapsort.adb,278,+ -> -,if Left < Heap_Last and then A (Left) < A (Left + 1) then,if Left < Heap_Last and then A (Left) < A (Left - 1) then,killed
sorting/SPARK4/Ada-SPARK-Heapsort,heapsort.adb,279,+ -> -,Child := Left + 1;,Child := Left - 1;,survived
sorting/SPARK4/Ada-SPARK-Heapsort,heapsort.adb,316,- -> +,Start := Start - 1;,Start := Start + 1;,killed
sorting/SPARK4/Ada-SPARK-Insertion-Sort,insertion_sort.adb,13,>= -> >,(L >= R,(L > R,survived
sorting/SPARK4/Ada-SPARK-Insertion-Sort,insertion_sort.adb,14,+ -> -,or else (for all K in L .. R - 1 => A (K) <= A (K + 1))),or else (for all K in L .. R - 1 => A (K) <= A (K - 1))),killed
sorting/SPARK4/Ada-SPARK-Insertion-Sort,insertion_sort.adb,14,or else -> and then,or else (for all K in L .. R - 1 => A (K) <= A (K + 1))),and then (for all K in L .. R - 1 => A (K) <= A (K + 1))),killed
sorting/SPARK4/Ada-SPARK-Insertion-Sort,insertion_sort.adb,14,- -> +,or else (for all K in L .. R - 1 => A (K) <= A (K + 1))),or else (for all K in L .. R + 1 => A (K) <= A (K + 1))),killed
sorting/SPARK4/Ada-SPARK-Insertion-Sort,insertion_sort.adb,14,- 1 -> - 0,or else (for all K in L .. R - 1 => A (K) <= A (K + 1))),or else (for all K in L .. R - 0 => A (K) <= A (K + 1))),killed
sorting/SPARK4/Ada-SPARK-Insertion-Sort,insertion_sort.adb,14,<= -> <,or else (for all K in L .. R - 1 => A (K) <= A (K + 1))),or else (for all K in L .. R - 1 => A (K) < A (K + 1))),killed
sorting/SPARK4/Ada-SPARK-Insertion-Sort,insertion_sort.adb,14,+ 1 -> + 0,or else (for all K in L .. R - 1 => A (K) <= A (K + 1))),or else (for all K in L .. R - 1 => A (K) <= A (K + 0))),survived
sorting/SPARK4/Ada-SPARK-Insertion-Sort,insertion_sort.adb,20,>= -> >,and then L >= 1,and then L > 1,killed
sorting/SPARK4/Ada-SPARK-Insertion-Sort,insertion_sort.adb,20,and then -> or else,and then L >= 1,or else L >= 1,stillborn
sorting/SPARK4/Ada-SPARK-Insertion-Sort,insertion_sort.adb,21,<= -> <,and then R <= A'Last;,and then R < A'Last;,killed
sorting/SPARK4/Ada-SPARK-Insertion-Sort,insertion_sort.adb,31,- 1 -> - 0,"and then Sorted_Slice (A, 1, I - 1),","and then Sorted_Slice (A, 1, I - 0),",killed
sorting/SPARK4/Ada-SPARK-Insertion-Sort,insertion_sort.adb,31,and then -> or else,"and then Sorted_Slice (A, 1, I - 1),","or else Sorted_Slice (A, 1, I - 1),",stillborn
sorting/SPARK4/Ada-SPARK-Insertion-Sort,insertion_sort.adb,31,- -> +,"and then Sorted_Slice (A, 1, I - 1),","and then Sorted_Slice (A, 1, I + 1),",killed
sorting/SPARK4/Ada-SPARK-Insertion-Sort,insertion_sort.adb,35,+ 1 -> + 0,and then (for all K in I + 1 .. A'Last => A (K) = A'Old (K)),and then (for all K in I + 0 .. A'Last => A (K) = A'Old (K)),killed
sorting/SPARK4/Ada-SPARK-Insertion-Sort,insertion_sort.adb,35,= -> /=,and then (for all K in I + 1 .. A'Last => A (K) = A'Old (K)),and then (for all K in I + 1 .. A'Last => A (K) /= A'Old (K)),killed
sorting/SPARK4/Ada-SPARK-Insertion-Sort,insertion_sort.adb,44,> -> >=,while J > 1 and then Key < A (J - 1) loop,while J >= 1 and then Key < A (J - 1) loop,killed
sorting/SPARK4/Ada-SPARK-Insertion-Sort,insertion_sort.adb,44,< -> <=,while J > 1 and then Key < A (J - 1) loop,while J > 1 and then Key <= A (J - 1) loop,killed
sorting/SPARK4/Ada-SPARK-Insertion-Sort,insertion_sort.adb,58,- -> +,A (J) := A (J - 1);,A (J) := A (J + 1);,killed
sorting/SPARK4/Ada-SPARK-Insertion-Sort,insertion_sort.adb,59,- -> +,J     := J - 1;,J     := J + 1;,killed
sorting/SPARK4/Ada-SPARK-Insertion-Sort,insertion_sort.adb,78,<= -> <,if A'Length <= 1 then,if A'Length < 1 then,survived
sorting/SPARK4/Ada-SPARK-Introsort,introsort.adb,41,> -> >=,(L > R or else (for all K in L .. R => A (K) <= V)),(L >= R or else (for all K in L .. R => A (K) <= V)),survived
sorting/SPARK4/Ada-SPARK-Introsort,introsort.adb,62,>= -> >,and then L >= 1,and then L > 1,killed
sorting/SPARK4/Ada-SPARK-Introsort,introsort.adb,93,or else -> and then,or else Heap_Last >= N,and then Heap_Last >= N,stillborn
sorting/SPARK4/Ada-SPARK-Introsort,introsort.adb,125,and then -> or else,"and then Y in 1 .. A'Last,","or else Y in 1 .. A'Last,",stillborn
sorting/SPARK4/Ada-SPARK-Introsort,introsort.adb,178,and then -> or else,and then Last in 1 .. A'Last,or else Last in 1 .. A'Last,stillborn
sorting/SPARK4/Ada-SPARK-Introsort,introsort.adb,265,< -> <=,while J > Lo and then Key < A (J - 1) loop,while J > Lo and then Key <= A (J - 1) loop,killed
sorting/SPARK4/Ada-SPARK-Introsort,introsort.adb,265,and then -> or else,while J > Lo and then Key < A (J - 1) loop,while J > Lo or else Key < A (J - 1) loop,killed
sorting/SPARK4/Ada-SPARK-Introsort,introsort.adb,283,- 1 -> - 0,A (J) := A (J - 1);,A (J) := A (J - 0);,killed
sorting/SPARK4/Ada-SPARK-Introsort,introsort.adb,320,and then -> or else,"and then Sorted_Slice (A, Lo, Hi)","or else Sorted_Slice (A, Lo, Hi)",stillborn
sorting/SPARK4/Ada-SPARK-Introsort,introsort.adb,321,and then -> or else,"and then All_Geq (A, Lo, Hi, Lower_Bound)","or else All_Geq (A, Lo, Hi, Lower_Bound)",stillborn
sorting/SPARK4/Ada-SPARK-Introsort,introsort.adb,376,and then -> or else,"and then All_Leq (A, 1, N, Upper_Bound),","or else All_Leq (A, 1, N, Upper_Bound),",stillborn
sorting/SPARK4/Ada-SPARK-Introsort,introsort.adb,381,and then -> or else,"and then All_Geq (A, 1, N, Lower_Bound)","or else All_Geq (A, 1, N, Lower_Bound)",stillborn
sorting/SPARK4/Ada-SPARK-Introsort,introsort.adb,384,+ -> -,(for all K in Heap_Last + 1 .. A'Last => A (K) = A'Old (K)),(for all K in Heap_Last - 1 .. A'Last => A (K) = A'Old (K)),killed
sorting/SPARK4/Ada-SPARK-Introsort,introsort.adb,423,+ -> -,if Left < Heap_Last and then A (Left) < A (Left + 1) then,if Left < Heap_Last and then A (Left) < A (Left - 1) then,killed
sorting/SPARK4/Ada-SPARK-Introsort,introsort.adb,585,and then -> or else,"and then All_Geq (A, Lo, Hi, Lower_Bound)","or else All_Geq (A, Lo, Hi, Lower_Bound)",stillborn
sorting/SPARK4/Ada-SPARK-Introsort,introsort.adb,619,- 1 -> - 0,A (Lo + I - 1) := T (I);,A (Lo + I - 0) := T (I);,killed
sorting/SPARK4/Ada-SPARK-Introsort,introsort.adb,653,and then -> or else,and then Hi in Lo + 1 .. A'Last,or else Hi in Lo + 1 .. A'Last,stillborn
sorting/SPARK4/Ada-SPARK-Introsort,introsort.adb,665,- -> +,Mid : constant Index := Lo + (Hi - Lo) / 2;,Mid : constant Index := Lo + (Hi + Lo) / 2;,killed
sorting/SPARK4/Ada-SPARK-Introsort,introsort.adb,711,- -> +,"and then All_Leq (A, Lo, P - 1, A (P))","and then All_Leq (A, Lo, P + 1, A (P))",killed
sorting/SPARK4/Ada-SPARK-Introsort,introsort.adb,892,<= -> <,if A'Length <= 1 then,if A'Length < 1 then,killed
sorting/SPARK4/Ada-SPARK-Library-Sort,library_sort.adb,31,<= -> <,or else (for all K in L .. R - 1 => A (K) <= A (K + 1))),or else (for all K in L .. R - 1 => A (K) < A (K + 1))),killed
sorting/SPARK4/Ada-SPARK-Library-Sort,library_sort.adb,37,>= -> >,and then L >= 1,and then L > 1,killed
sorting/SPARK4/Ada-SPARK-Library-Sort,library_sort.adb,56,<= -> <,and then Hi_P <= A'Last,and then Hi_P < A'Last,killed
sorting/SPARK4/Ada-SPARK-Library-Sort,library_sort.adb,69,and then -> or else,and then A (X) = A'Old (Y),or else A (X) = A'Old (Y),stillborn
sorting/SPARK4/Ada-SPARK-Library-Sort,library_sort.adb,77,= -> /=,if X = Y then,if X /= Y then,survived
sorting/SPARK4/Ada-SPARK-Library-Sort,library_sort.adb,112,- -> +,for I in 1 .. Bound - 1 loop,for I in 1 .. Bound + 1 loop,killed
sorting/SPARK4/Ada-SPARK-Library-Sort,library_sort.adb,112,- 1 -> - 0,for I in 1 .. Bound - 1 loop,for I in 1 .. Bound - 0 loop,killed
sorting/SPARK4/Ada-SPARK-Library-Sort,library_sort.adb,178,= -> /=,exit when Bound = 2;,exit when Bound /= 2;,survived
sorting/SPARK4/Ada-SPARK-Library-Sort,library_sort.adb,211,<= -> <,Count <= Cap,Count < Cap,survived
sorting/SPARK4/Ada-SPARK-Library-Sort,library_sort.adb,213,and then -> or else,and then,or else,stillborn
sorting/SPARK4/Ada-SPARK-Library-Sort,library_sort.adb,249,= -> /=,and then W'Last = Max_Cap,and then W'Last /= Max_Cap,killed
sorting/SPARK4/Ada-SPARK-Library-Sort,library_sort.adb,298,+ 1 -> + 0,Pos := Pos + 1;,Pos := Pos + 0;,survived
sorting/SPARK4/Ada-SPARK-Library-Sort,library_sort.adb,310,and then -> or else,while P < Cap and then W (P).Occupied loop,while P < Cap or else W (P).Occupied loop,survived
sorting/SPARK4/Ada-SPARK-Library-Sort,library_sort.adb,335,<= -> <,and then Count <= Max_N,and then Count < Max_N,survived
sorting/SPARK4/Ada-SPARK-Library-Sort,library_sort.adb,357,and then -> or else,and then W'Last = Max_Cap,or else W'Last = Max_Cap,stillborn
sorting/SPARK4/Ada-SPARK-Library-Sort,library_sort.adb,419,= -> /=,if Lo = 0 or else Lo > Max_Cap then,if Lo /= 0 or else Lo > Max_Cap then,survived
sorting/SPARK4/Ada-SPARK-Library-Sort,library_sort.adb,512,- 1 -> - 0,J := J - 1;,J := J - 0;,killed
sorting/SPARK4/Ada-SPARK-Library-Sort,library_sort.adb,581,<= -> <,if Next_Goal <= Max_N / 2 then,if Next_Goal < Max_N / 2 then,survived
sorting/SPARK4/Ada-SPARK-Library-Sort,library_sort.adb,598,< -> <=,if Got < Max_N then,if Got <= Max_N then,survived
sorting/SPARK4/Ada-SPARK-Library-Sort,library_sort.adb,620,< -> <=,if W (I).Occupied and then K < N then,if W (I).Occupied and then K <= N then,survived
sorting/SPARK4/Ada-SPARK-Merge-Sort,merge_sort.adb,18,+ 1 -> + 0,or else (for all K in L .. R - 1 => A (K) <= A (K + 1))),or else (for all K in L .. R - 1 => A (K) <= A (K + 0))),survived
sorting/SPARK4/Ada-SPARK-Merge-Sort,merge_sort.adb,25,<= -> <,and then R <= A'Last;,and then R < A'Last;,killed
sorting/SPARK4/Ada-SPARK-Merge-Sort,merge_sort.adb,46,and then -> or else,and then (K - 1) / Width = K / Width,or else (K - 1) / Width = K / Width,killed
sorting/SPARK4/Ada-SPARK-Merge-Sort,merge_sort.adb,61,>= -> >,(if K >= Lo,(if K > Lo,survived
sorting/SPARK4/Ada-SPARK-Merge-Sort,merge_sort.adb,69,<= -> <,and then Width <= Max_N,and then Width < Max_N,survived
sorting/SPARK4/Ada-SPARK-Merge-Sort,merge_sort.adb,84,- 1 -> - 0,and then (Lo - 1) rem Width = 0,and then (Lo - 0) rem Width = 0,killed
sorting/SPARK4/Ada-SPARK-Merge-Sort,merge_sort.adb,85,+ -> -,"and then Hi = Natural'Min (Lo + Width - 1, A'Last)","and then Hi = Natural'Min (Lo - Width - 1, A'Last)",killed
sorting/SPARK4/Ada-SPARK-Merge-Sort,merge_sort.adb,87,- -> +,"and then Sorted_Runs_Prefix (A, Width, Lo - 1),","and then Sorted_Runs_Prefix (A, Width, Lo + 1),",survived
sorting/SPARK4/Ada-SPARK-Merge-Sort,merge_sort.adb,105,and then -> or else,"and then Sorted_Runs_Suffix (A, Width, Lo),","or else Sorted_Runs_Suffix (A, Width, Lo),",stillborn
sorting/SPARK4/Ada-SPARK-Merge-Sort,merge_sort.adb,107,- 1 -> - 0,"Sorted_Slice (A, Lo, Natural'Min (Lo + Width - 1, A'Last))","Sorted_Slice (A, Lo, Natural'Min (Lo + Width - 0, A'Last))",killed
sorting/SPARK4/Ada-SPARK-Merge-Sort,merge_sort.adb,127,and then -> or else,and then A'Last >= 2,or else A'Last >= 2,stillborn
sorting/SPARK4/Ada-SPARK-Merge-Sort,merge_sort.adb,144,+ -> -,J : Cursor := Mid + 1;,J : Cursor := Mid - 1;,killed
sorting/SPARK4/Ada-SPARK-Merge-Sort,merge_sort.adb,178,+ -> -,J := J + 1;,J := J - 1;,killed
sorting/SPARK4/Ada-SPARK-Merge-Sort,merge_sort.adb,206,+ -> -,K := K + 1;,K := K - 1;,killed
sorting/SPARK4/Ada-SPARK-Merge-Sort,merge_sort.adb,279,* -> +,Twice : constant Positive := 2 * Width;,Twice : constant Positive := 2 + Width;,killed
sorting/SPARK4/Ada-SPARK-Merge-Sort,merge_sort.adb,329,- -> +,and then (Lo = A'Last + 1 or else (Lo - 1) rem (2 * Width) = 0),and then (Lo = A'Last + 1 or else (Lo + 1) rem (2 * Width) = 0),killed
sorting/SPARK4/Ada-SPARK-Merge-Sort,merge_sort.adb,330,- 1 -> - 0,"and then Sorted_Runs_Prefix (A, 2 * Width, Lo - 1)","and then Sorted_Runs_Prefix (A, 2 * Width, Lo - 0)",survived
sorting/SPARK4/Ada-SPARK-Merge-Sort,merge_sort.adb,330,and then -> or else,"and then Sorted_Runs_Prefix (A, 2 * Width, Lo - 1)","or else Sorted_Runs_Prefix (A, 2 * Width, Lo - 1)",stillborn
sorting/SPARK4/Ada-SPARK-Merge-Sort,merge_sort.adb,341,<= -> <,if Lo <= N then,if Lo < N then,survived
sorting/SPARK4/Ada-SPARK-Merge-Sort,merge_sort.adb,361,+ -> -,"Lemma_Runs_To_Slice (A, Width, Mid + 1);","Lemma_Runs_To_Slice (A, Width, Mid - 1);",killed
sorting/SPARK4/Ada-SPARK-Odd-Even-Sort,odd_even_sort.adb,16,+ 1 -> + 0,or else (for all K in L .. R - 1 => A (K) <= A (K + 1))),or else (for all K in L .. R - 1 => A (K) <= A (K + 0))),survived
sorting/SPARK4/Ada-SPARK-Odd-Even-Sort,odd_even_sort.adb,16,<= -> <,or else (for all K in L .. R - 1 => A (K) <= A (K + 1))),or else (for all K in L .. R - 1 => A (K) < A (K + 1))),killed
sorting/SPARK4/Ada-SPARK-Odd-Even-Sort,odd_even_sort.adb,30,< -> <=,(Hi_P < Lo_P,(Hi_P <= Lo_P,survived
sorting/SPARK4/Ada-SPARK-Odd-Even-Sort,odd_even_sort.adb,32,or else -> and then,or else,and then,stillborn
sorting/SPARK4/Ada-SPARK-Odd-Even-Sort,odd_even_sort.adb,34,<= -> <,(for all L in Lo_S .. Hi_S => A (K) <= A (L)))),(for all L in Lo_S .. Hi_S => A (K) < A (L)))),killed
sorting/SPARK4/Ada-SPARK-Odd-Even-Sort,odd_even_sort.adb,41,and then -> or else,and then Hi_P <= A'Last,or else Hi_P <= A'Last,stillborn
sorting/SPARK4/Ada-SPARK-Odd-Even-Sort,odd_even_sort.adb,41,<= -> <,and then Hi_P <= A'Last,and then Hi_P < A'Last,killed
sorting/SPARK4/Ada-SPARK-Odd-Even-Sort,odd_even_sort.adb,54,and then -> or else,and then A (X) = A'Old (Y),or else A (X) = A'Old (Y),stillborn
sorting/SPARK4/Ada-SPARK-Odd-Even-Sort,odd_even_sort.adb,55,= -> /=,and then A (Y) = A'Old (X),and then A (Y) /= A'Old (X),killed
sorting/SPARK4/Ada-SPARK-Odd-Even-Sort,odd_even_sort.adb,56,and then -> or else,and then,or else,stillborn
sorting/SPARK4/Ada-SPARK-Odd-Even-Sort,odd_even_sort.adb,62,= -> /=,if X = Y then,if X /= Y then,killed
sorting/SPARK4/Ada-SPARK-Odd-Even-Sort,odd_even_sort.adb,88,+ -> -,if A (I) > A (I + 1) then,if A (I) > A (I - 1) then,survived
sorting/SPARK4/Ada-SPARK-Odd-Even-Sort,odd_even_sort.adb,88,+ 1 -> + 0,if A (I) > A (I + 1) then,if A (I) > A (I + 0) then,survived
sorting/SPARK4/Ada-SPARK-Odd-Even-Sort,odd_even_sort.adb,116,+ -> -,if A (I) > A (I + 1) then,if A (I) > A (I - 1) then,killed
sorting/SPARK4/Ada-SPARK-Odd-Even-Sort,odd_even_sort.adb,121,< -> <=,exit when A'Last - I < 2;,exit when A'Last - I <= 2;,survived
sorting/SPARK4/Ada-SPARK-Odd-Even-Sort,odd_even_sort.adb,121,- -> +,exit when A'Last - I < 2;,exit when A'Last + I < 2;,killed
sorting/SPARK4/Ada-SPARK-Odd-Even-Sort,odd_even_sort.adb,156,and then -> or else,and then Bound in 2 .. A'Last,or else Bound in 2 .. A'Last,stillborn
sorting/SPARK4/Ada-SPARK-Odd-Even-Sort,odd_even_sort.adb,157,+ 1 -> + 0,"and then Sorted_Slice (A, Bound + 1, A'Last)","and then Sorted_Slice (A, Bound + 0, A'Last)",survived
sorting/SPARK4/Ada-SPARK-Odd-Even-Sort,odd_even_sort.adb,163,and then -> or else,and then,or else,stillborn
sorting/SPARK4/Ada-SPARK-Odd-Even-Sort,odd_even_sort.adb,181,> -> >=,if A (I) > A (I + 1) then,if A (I) >= A (I + 1) then,survived
sorting/SPARK4/Ada-SPARK-Pancake-Sorting,pancake_sorting.adb,15,+ 1 -> + 0,or else (for all K in L .. R - 1 => A (K) <= A (K + 1))),or else (for all K in L .. R - 1 => A (K) <= A (K + 0))),survived
sorting/SPARK4/Ada-SPARK-Pancake-Sorting,pancake_sorting.adb,15,<= -> <,or else (for all K in L .. R - 1 => A (K) <= A (K + 1))),or else (for all K in L .. R - 1 => A (K) < A (K + 1))),killed
sorting/SPARK4/Ada-SPARK-Pancake-Sorting,pancake_sorting.adb,29,< -> <=,(Hi_P < Lo_P,(Hi_P <= Lo_P,survived
sorting/SPARK4/Ada-SPARK-Pancake-Sorting,pancake_sorting.adb,33,<= -> <,(for all L in Lo_S .. Hi_S => A (K) <= A (L)))),(for all L in Lo_S .. Hi_S => A (K) < A (L)))),killed
sorting/SPARK4/Ada-SPARK-Pancake-Sorting,pancake_sorting.adb,40,and then -> or else,and then Hi_P <= A'Last,or else Hi_P <= A'Last,stillborn
sorting/SPARK4/Ada-SPARK-Pancake-Sorting,pancake_sorting.adb,53,and then -> or else,and then A (X) = A'Old (Y),or else A (X) = A'Old (Y),stillborn
sorting/SPARK4/Ada-SPARK-Pancake-Sorting,pancake_sorting.adb,54,= -> /=,and then A (Y) = A'Old (X),and then A (Y) /= A'Old (X),killed
sorting/SPARK4/Ada-SPARK-Pancake-Sorting,pancake_sorting.adb,55,and then -> or else,and then,or else,stillborn
sorting/SPARK4/Ada-SPARK-Pancake-Sorting,pancake_sorting.adb,61,= -> /=,if X = Y then,if X /= Y then,killed
sorting/SPARK4/Ada-SPARK-Pancake-Sorting,pancake_sorting.adb,80,< -> <=,while I < J loop,while I <= J loop,survived
sorting/SPARK4/Ada-SPARK-Pancake-Sorting,pancake_sorting.adb,99,+ 1 -> + 0,I := I + 1;,I := I + 0;,killed
sorting/SPARK4/Ada-SPARK-Pancake-Sorting,pancake_sorting.adb,146,and then -> or else,"and then Sorted_Slice (A, Size + 1, A'Last)","or else Sorted_Slice (A, Size + 1, A'Last)",stillborn
sorting/SPARK4/Ada-SPARK-Pancake-Sorting,pancake_sorting.adb,150,and then -> or else,"and then Sorted_Slice (A, Size, A'Last)","or else Sorted_Slice (A, Size, A'Last)",stillborn
sorting/SPARK4/Ada-SPARK-Pancake-Sorting,pancake_sorting.adb,151,- -> +,"and then Prefix_Leq_Suffix (A, 1, Size - 1, Size, A'Last)","and then Prefix_Leq_Suffix (A, 1, Size + 1, Size, A'Last)",killed
sorting/SPARK4/Ada-SPARK-Pancake-Sorting,pancake_sorting.adb,152,and then -> or else,and then NFlip <= 2,or else NFlip <= 2,stillborn
sorting/SPARK4/Ada-SPARK-Pancake-Sorting,pancake_sorting.adb,153,and then -> or else,and then (if Size = 2 then NFlip <= 1),or else (if Size = 2 then NFlip <= 1),stillborn
sorting/SPARK4/Ada-SPARK-Pancake-Sorting,pancake_sorting.adb,158,and then -> or else,and then (if NFlip = 0 then F1 = 0 and then F2 = 0),and then (if NFlip = 0 then F1 = 0 or else F2 = 0),survived
sorting/SPARK4/Ada-SPARK-Pancake-Sorting,pancake_sorting.adb,352,>= -> >,if NFlip >= 1 then,if NFlip > 1 then,killed
sorting/SPARK4/Ada-SPARK-Pancake-Sorting,pancake_sorting.adb,357,+ 1 -> + 0,Count := Count + 1;,Count := Count + 0;,killed
sorting/SPARK4/Ada-SPARK-Pancake-Sorting,pancake_sorting.adb,357,+ -> -,Count := Count + 1;,Count := Count - 1;,killed
sorting/SPARK4/Ada-SPARK-Patience-Sorting,patience_sorting.adb,31,<= -> <,or else (for all K in L .. R - 1 => A (K) <= A (K + 1))),or else (for all K in L .. R - 1 => A (K) < A (K + 1))),killed
sorting/SPARK4/Ada-SPARK-Patience-Sorting,patience_sorting.adb,31,+ -> -,or else (for all K in L .. R - 1 => A (K) <= A (K + 1))),or else (for all K in L .. R - 1 => A (K) <= A (K - 1))),killed
sorting/SPARK4/Ada-SPARK-Patience-Sorting,patience_sorting.adb,38,<= -> <,and then R <= A'Last;,and then R < A'Last;,killed
sorting/SPARK4/Ada-SPARK-Patience-Sorting,patience_sorting.adb,46,or else -> and then,or else Hi_S < Lo_S,and then Hi_S < Lo_S,stillborn
sorting/SPARK4/Ada-SPARK-Patience-Sorting,patience_sorting.adb,55,and then -> or else,and then Lo_P >= 1,or else Lo_P >= 1,stillborn
sorting/SPARK4/Ada-SPARK-Patience-Sorting,patience_sorting.adb,66,and then -> or else,"and then Y in 1 .. A'Last,","or else Y in 1 .. A'Last,",stillborn
sorting/SPARK4/Ada-SPARK-Patience-Sorting,patience_sorting.adb,69,= -> /=,and then A (X) = A'Old (Y),and then A (X) /= A'Old (Y),survived
sorting/SPARK4/Ada-SPARK-Patience-Sorting,patience_sorting.adb,70,= -> /=,and then A (Y) = A'Old (X),and then A (Y) /= A'Old (X),survived
sorting/SPARK4/Ada-SPARK-Patience-Sorting,patience_sorting.adb,73,/= -> =,(if K /= X and then K /= Y then A (K) = A'Old (K))),(if K /= X and then K = Y then A (K) = A'Old (K))),survived
sorting/SPARK4/Ada-SPARK-Patience-Sorting,patience_sorting.adb,73,and then -> or else,(if K /= X and then K /= Y then A (K) = A'Old (K))),(if K /= X or else K /= Y then A (K) = A'Old (K))),survived
sorting/SPARK4/Ada-SPARK-Patience-Sorting,patience_sorting.adb,77,= -> /=,if X = Y then,if X /= Y then,survived
sorting/SPARK4/Ada-SPARK-Patience-Sorting,patience_sorting.adb,98,and then -> or else,and then A'Last >= 2,or else A'Last >= 2,stillborn
sorting/SPARK4/Ada-SPARK-Patience-Sorting,patience_sorting.adb,101,+ 1 -> + 0,"and then Prefix_Leq_Suffix (A, 1, Bound, Bound + 1, A'Last),","and then Prefix_Leq_Suffix (A, 1, Bound, Bound + 0, A'Last),",survived
sorting/SPARK4/Ada-SPARK-Patience-Sorting,patience_sorting.adb,106,and then -> or else,and then,or else,stillborn
sorting/SPARK4/Ada-SPARK-Patience-Sorting,patience_sorting.adb,112,- -> +,for I in 1 .. Bound - 1 loop,for I in 1 .. Bound + 1 loop,killed
sorting/SPARK4/Ada-SPARK-Patience-Sorting,patience_sorting.adb,124,+ 1 -> + 0,if A (I) > A (I + 1) then,if A (I) > A (I + 0) then,survived
sorting/SPARK4/Ada-SPARK-Patience-Sorting,patience_sorting.adb,178,= -> /=,exit when Bound = 2;,exit when Bound /= 2;,survived
sorting/SPARK4/Ada-SPARK-Patience-Sorting,patience_sorting.adb,291,+ -> -,Num_Piles := Num_Piles + 1;,Num_Piles := Num_Piles - 1;,killed
sorting/SPARK4/Ada-SPARK-Patience-Sorting,patience_sorting.adb,339,< -> <=,if Pool (Pile_Tops (Q)).Value < Best_Val then,if Pool (Pile_Tops (Q)).Value <= Best_Val then,survived
sorting/SPARK4/Ada-SPARK-Patience-Sorting,patience_sorting.adb,355,< -> <=,if Best < Num_Piles then,if Best <= Num_Piles then,survived
sorting/SPARK4/Ada-SPARK-Pigeonhole-Sort,pigeonhole_sort.adb,16,+ 1 -> + 0,or else (for all K in L .. R - 1 => A (K) <= A (K + 1))),or else (for all K in L .. R - 1 => A (K) <= A (K + 0))),survived
sorting/SPARK4/Ada-SPARK-Pigeonhole-Sort,pigeonhole_sort.adb,16,<= -> <,or else (for all K in L .. R - 1 => A (K) <= A (K + 1))),or else (for all K in L .. R - 1 => A (K) < A (K + 1))),killed
sorting/SPARK4/Ada-SPARK-Pigeonhole-Sort,pigeonhole_sort.adb,30,< -> <=,(Hi_P < Lo_P,(Hi_P <= Lo_P,survived
sorting/SPARK4/Ada-SPARK-Pigeonhole-Sort,pigeonhole_sort.adb,34,<= -> <,(for all L in Lo_S .. Hi_S => A (K) <= A (L)))),(for all L in Lo_S .. Hi_S => A (K) < A (L)))),killed
sorting/SPARK4/Ada-SPARK-Pigeonhole-Sort,pigeonhole_sort.adb,41,and then -> or else,and then Hi_P <= A'Last,or else Hi_P <= A'Last,stillborn
sorting/SPARK4/Ada-SPARK-Pigeonhole-Sort,pigeonhole_sort.adb,54,and then -> or else,and then A (X) = A'Old (Y),or else A (X) = A'Old (Y),stillborn
sorting/SPARK4/Ada-SPARK-Pigeonhole-Sort,pigeonhole_sort.adb,55,= -> /=,and then A (Y) = A'Old (X),and then A (Y) /= A'Old (X),survived
sorting/SPARK4/Ada-SPARK-Pigeonhole-Sort,pigeonhole_sort.adb,56,and then -> or else,and then,or else,stillborn
sorting/SPARK4/Ada-SPARK-Pigeonhole-Sort,pigeonhole_sort.adb,62,= -> /=,if X = Y then,if X /= Y then,survived
sorting/SPARK4/Ada-SPARK-Pigeonhole-Sort,pigeonhole_sort.adb,80,and then -> or else,and then A'Last >= 2,or else A'Last >= 2,stillborn
sorting/SPARK4/Ada-SPARK-Pigeonhole-Sort,pigeonhole_sort.adb,82,+ -> -,"and then Sorted_Slice (A, Bound + 1, A'Last)","and then Sorted_Slice (A, Bound - 1, A'Last)",survived
sorting/SPARK4/Ada-SPARK-Pigeonhole-Sort,pigeonhole_sort.adb,87,- -> +,"and then Prefix_Leq_Suffix (A, 1, Bound - 1, Bound, A'Last)","and then Prefix_Leq_Suffix (A, 1, Bound + 1, Bound, A'Last)",killed
sorting/SPARK4/Ada-SPARK-Pigeonhole-Sort,pigeonhole_sort.adb,94,- 1 -> - 0,for I in 1 .. Bound - 1 loop,for I in 1 .. Bound - 0 loop,killed
sorting/SPARK4/Ada-SPARK-Pigeonhole-Sort,pigeonhole_sort.adb,106,+ -> -,if A (I) > A (I + 1) then,if A (I) > A (I - 1) then,killed
sorting/SPARK4/Ada-SPARK-Pigeonhole-Sort,pigeonhole_sort.adb,107,+ 1 -> + 0,"Swap (A, I, I + 1);","Swap (A, I, I + 0);",survived
sorting/SPARK4/Ada-SPARK-Pigeonhole-Sort,pigeonhole_sort.adb,162,- 1 -> - 0,Bound := Bound - 1;,Bound := Bound - 0;,survived
sorting/SPARK4/Ada-SPARK-Pigeonhole-Sort,pigeonhole_sort.adb,229,>= -> >,and then A'Length >= 2,and then A'Length > 2,survived
sorting/SPARK4/Ada-SPARK-Pigeonhole-Sort,pigeonhole_sort.adb,322,+ -> -,Dest := Counts (H) + 1;,Dest := Counts (H) - 1;,killed
sorting/SPARK4/Ada-SPARK-Pigeonhole-Sort,pigeonhole_sort.adb,326,+ 1 -> + 0,Counts (H) := Counts (H) + 1;,Counts (H) := Counts (H) + 0;,killed
sorting/SPARK4/Ada-SPARK-Pigeonhole-Sort,pigeonhole_sort.adb,342,<= -> <,if A'Length <= 1 then,if A'Length < 1 then,killed
sorting/SPARK4/Ada-SPARK-Postman-Sort,postman_sort.adb,17,+ 1 -> + 0,or else (for all K in L .. R - 1 => A (K) <= A (K + 1))),or else (for all K in L .. R - 1 => A (K) <= A (K + 0))),survived
sorting/SPARK4/Ada-SPARK-Postman-Sort,postman_sort.adb,17,<= -> <,or else (for all K in L .. R - 1 => A (K) <= A (K + 1))),or else (for all K in L .. R - 1 => A (K) < A (K + 1))),killed
sorting/SPARK4/Ada-SPARK-Postman-Sort,postman_sort.adb,31,< -> <=,(Hi_P < Lo_P,(Hi_P <= Lo_P,survived
sorting/SPARK4/Ada-SPARK-Postman-Sort,postman_sort.adb,35,<= -> <,(for all L in Lo_S .. Hi_S => A (K) <= A (L)))),(for all L in Lo_S .. Hi_S => A (K) < A (L)))),killed
sorting/SPARK4/Ada-SPARK-Postman-Sort,postman_sort.adb,42,and then -> or else,and then Hi_P <= A'Last,or else Hi_P <= A'Last,stillborn
sorting/SPARK4/Ada-SPARK-Postman-Sort,postman_sort.adb,55,and then -> or else,and then A (X) = A'Old (Y),or else A (X) = A'Old (Y),stillborn
sorting/SPARK4/Ada-SPARK-Postman-Sort,postman_sort.adb,57,and then -> or else,and then,or else,stillborn
sorting/SPARK4/Ada-SPARK-Postman-Sort,postman_sort.adb,63,= -> /=,if X = Y then,if X /= Y then,survived
sorting/SPARK4/Ada-SPARK-Postman-Sort,postman_sort.adb,81,and then -> or else,and then A'Last >= 2,or else A'Last >= 2,stillborn
sorting/SPARK4/Ada-SPARK-Postman-Sort,postman_sort.adb,83,+ -> -,"and then Sorted_Slice (A, Bound + 1, A'Last)","and then Sorted_Slice (A, Bound - 1, A'Last)",survived
sorting/SPARK4/Ada-SPARK-Postman-Sort,postman_sort.adb,95,- 1 -> - 0,for I in 1 .. Bound - 1 loop,for I in 1 .. Bound - 0 loop,killed
sorting/SPARK4/Ada-SPARK-Postman-Sort,postman_sort.adb,107,+ -> -,if A (I) > A (I + 1) then,if A (I) > A (I - 1) then,killed
sorting/SPARK4/Ada-SPARK-Postman-Sort,postman_sort.adb,108,+ 1 -> + 0,"Swap (A, I, I + 1);","Swap (A, I, I + 0);",survived
sorting/SPARK4/Ada-SPARK-Postman-Sort,postman_sort.adb,163,- 1 -> - 0,Bound := Bound - 1;,Bound := Bound - 0;,survived
sorting/SPARK4/Ada-SPARK-Postman-Sort,postman_sort.adb,263,- -> +,if Start (K - 1) <= Max_N - C then,if Start (K + 1) <= Max_N - C then,killed
sorting/SPARK4/Ada-SPARK-Postman-Sort,postman_sort.adb,317,+ 1 -> + 0,Count (D) := Count (D) + 1;,Count (D) := Count (D) + 0;,killed
sorting/SPARK4/Ada-SPARK-Postman-Sort,postman_sort.adb,344,and then -> or else,if Dest in 1 .. Max_N and then Dest in Lo .. Hi then,if Dest in 1 .. Max_N or else Dest in Lo .. Hi then,survived
sorting/SPARK4/Ada-SPARK-Postman-Sort,postman_sort.adb,346,< -> <=,if Start (D) < Max_N then,if Start (D) <= Max_N then,survived
sorting/SPARK4/Ada-SPARK-Postman-Sort,postman_sort.adb,382,< -> <=,if Next_Exp < 1 then,if Next_Exp <= 1 then,survived
sorting/SPARK4/Ada-SPARK-Postman-Sort,postman_sort.adb,408,<= -> <,and then Count (DD) - 1 <= A'Last - B_Lo,and then Count (DD) - 1 < A'Last - B_Lo,survived
sorting/SPARK4/Ada-SPARK-Quantum-Sort,quantum_sort.adb,30,>= -> >,and then L >= 1,and then L > 1,killed
sorting/SPARK4/Ada-SPARK-Quantum-Sort,quantum_sort.adb,38,< -> <=,(Hi_P < Lo_P,(Hi_P <= Lo_P,survived
sorting/SPARK4/Ada-SPARK-Quantum-Sort,quantum_sort.adb,51,<= -> <,and then Hi_S <= A'Last;,and then Hi_S < A'Last;,killed
sorting/SPARK4/Ada-SPARK-Quantum-Sort,quantum_sort.adb,66,= -> /=,(if K /= X and then K /= Y then A (K) = A'Old (K))),(if K /= X and then K /= Y then A (K) /= A'Old (K))),killed
sorting/SPARK4/Ada-SPARK-Quantum-Sort,quantum_sort.adb,88,- 1 -> - 0,"and then Sorted_Slice (A, 1, I - 1),","and then Sorted_Slice (A, 1, I - 0),",killed
sorting/SPARK4/Ada-SPARK-Quantum-Sort,quantum_sort.adb,155,>= -> >,and then A'Length >= 2,and then A'Length > 2,survived
sorting/SPARK4/Ada-SPARK-Quantum-Sort,quantum_sort.adb,155,and then -> or else,and then A'Length >= 2,or else A'Length >= 2,stillborn
sorting/SPARK4/Ada-SPARK-Quantum-Sort,quantum_sort.adb,156,and then -> or else,"and then Gap in 2 .. A'Last - 1,","or else Gap in 2 .. A'Last - 1,",stillborn
sorting/SPARK4/Ada-SPARK-Quantum-Sort,quantum_sort.adb,162,+ 1 -> + 0,for I in Gap + 1 .. A'Last loop,for I in Gap + 0 .. A'Last loop,killed
sorting/SPARK4/Ada-SPARK-Quantum-Sort,quantum_sort.adb,169,+ -> -,while J >= Gap + 1 and then A (J - Gap) > Key loop,while J >= Gap - 1 and then A (J - Gap) > Key loop,killed
sorting/SPARK4/Ada-SPARK-Quantum-Sort,quantum_sort.adb,193,- -> +,and then I in 1 .. A'Last - 1,and then I in 1 .. A'Last + 1,survived
sorting/SPARK4/Ada-SPARK-Quantum-Sort,quantum_sort.adb,193,- 1 -> - 0,and then I in 1 .. A'Last - 1,and then I in 1 .. A'Last - 0,survived
sorting/SPARK4/Ada-SPARK-Quantum-Sort,quantum_sort.adb,194,- -> +,"and then Sorted_Slice (A, 1, I - 1)","and then Sorted_Slice (A, 1, I + 1)",killed
sorting/SPARK4/Ada-SPARK-Quantum-Sort,quantum_sort.adb,195,- 1 -> - 0,"and then Prefix_Leq_Suffix (A, 1, I - 1, I, A'Last),","and then Prefix_Leq_Suffix (A, 1, I - 0, I, A'Last),",killed
sorting/SPARK4/Ada-SPARK-Quantum-Sort,quantum_sort.adb,251,- -> +,for I in Lo .. Hi - 1 loop,for I in Lo .. Hi + 1 loop,killed
sorting/SPARK4/Ada-SPARK-Quantum-Sort,quantum_sort.adb,271,and then -> or else,and then Lo in 1 .. A'Last,or else Lo in 1 .. A'Last,stillborn
sorting/SPARK4/Ada-SPARK-Quantum-Sort,quantum_sort.adb,273,< -> <=,"and then Lo < Hi,","and then Lo <= Hi,",survived
sorting/SPARK4/Ada-SPARK-Quantum-Sort,quantum_sort.adb,290,- -> +,I := I - 1;,I := I + 1;,killed
sorting/SPARK4/Ada-SPARK-Quantum-Sort,quantum_sort.adb,304,+ 1 -> + 0,"and then Sorted_Slice (A, Bound + 1, A'Last)","and then Sorted_Slice (A, Bound + 0, A'Last)",survived
sorting/SPARK4/Ada-SPARK-Quantum-Sort,quantum_sort.adb,451,- 1 -> - 0,for I in 1 .. A'Last - 1 loop,for I in 1 .. A'Last - 0 loop,killed
sorting/SPARK4/Ada-SPARK-Quicksort,quicksort.adb,20,<= -> <,or else (for all K in L .. R - 1 => A (K) <= A (K + 1))),or else (for all K in L .. R - 1 => A (K) < A (K + 1))),killed
sorting/SPARK4/Ada-SPARK-Quicksort,quicksort.adb,20,+ -> -,or else (for all K in L .. R - 1 => A (K) <= A (K + 1))),or else (for all K in L .. R - 1 => A (K) <= A (K - 1))),killed
sorting/SPARK4/Ada-SPARK-Quicksort,quicksort.adb,27,<= -> <,and then R <= A'Last;,and then R < A'Last;,killed
sorting/SPARK4/Ada-SPARK-Quicksort,quicksort.adb,35,or else -> and then,(L > R or else (for all K in L .. R => A (K) <= V)),(L > R and then (for all K in L .. R => A (K) <= V)),killed
sorting/SPARK4/Ada-SPARK-Quicksort,quicksort.adb,42,and then -> or else,and then R <= A'Last;,or else R <= A'Last;,stillborn
sorting/SPARK4/Ada-SPARK-Quicksort,quicksort.adb,64,and then -> or else,and then X in 1 .. A'Last,or else X in 1 .. A'Last,stillborn
sorting/SPARK4/Ada-SPARK-Quicksort,quicksort.adb,68,and then -> or else,and then A (X) = A'Old (Y),or else A (X) = A'Old (Y),stillborn
sorting/SPARK4/Ada-SPARK-Quicksort,quicksort.adb,72,and then -> or else,(if K /= X and then K /= Y then A (K) = A'Old (K))),(if K /= X or else K /= Y then A (K) = A'Old (K))),killed
sorting/SPARK4/Ada-SPARK-Quicksort,quicksort.adb,72,/= -> =,(if K /= X and then K /= Y then A (K) = A'Old (K))),(if K = X and then K /= Y then A (K) = A'Old (K))),killed
sorting/SPARK4/Ada-SPARK-Quicksort,quicksort.adb,94,and then -> or else,and then Lo in 1 .. A'Last,or else Lo in 1 .. A'Last,stillborn
sorting/SPARK4/Ada-SPARK-Quicksort,quicksort.adb,124,and then -> or else,"and then All_Leq (A, Lo, Hi, Upper_Bound),","or else All_Leq (A, Lo, Hi, Upper_Bound),",stillborn
sorting/SPARK4/Ada-SPARK-Quicksort,quicksort.adb,127,and then -> or else,"and then All_Geq (A, Lo, Hi, Lower_Bound)","or else All_Geq (A, Lo, Hi, Lower_Bound)",stillborn
sorting/SPARK4/Ada-SPARK-Quicksort,quicksort.adb,130,= -> /=,(for all K in 1 .. Lo - 1 => A (K) = A'Old (K)),(for all K in 1 .. Lo - 1 => A (K) /= A'Old (K)),killed
sorting/SPARK4/Ada-SPARK-Quicksort,quicksort.adb,132,+ -> -,(for all K in Hi + 1 .. A'Last => A (K) = A'Old (K)),(for all K in Hi - 1 .. A'Last => A (K) = A'Old (K)),killed
sorting/SPARK4/Ada-SPARK-Quicksort,quicksort.adb,176,+ 1 -> + 0,and then Hi in Lo + 1 .. A'Last,and then Hi in Lo + 0 .. A'Last,survived
sorting/SPARK4/Ada-SPARK-Quicksort,quicksort.adb,187,= -> /=,(for all K in 1 .. Lo - 1 => A (K) = A'Old (K)),(for all K in 1 .. Lo - 1 => A (K) /= A'Old (K)),killed
sorting/SPARK4/Ada-SPARK-Quicksort,quicksort.adb,189,+ 1 -> + 0,(for all K in Hi + 1 .. A'Last => A (K) = A'Old (K)),(for all K in Hi + 0 .. A'Last => A (K) = A'Old (K)),killed
sorting/SPARK4/Ada-SPARK-Quicksort,quicksort.adb,189,= -> /=,(for all K in Hi + 1 .. A'Last => A (K) = A'Old (K)),(for all K in Hi + 1 .. A'Last => A (K) /= A'Old (K)),killed
sorting/SPARK4/Ada-SPARK-Quicksort,quicksort.adb,221,+ -> -,I := I + 1;,I := I - 1;,killed
sorting/SPARK4/Ada-SPARK-Quicksort,quicksort.adb,263,and then -> or else,"and then All_Geq (A, Lo, Hi, Lower_Bound)","or else All_Geq (A, Lo, Hi, Lower_Bound)",stillborn
sorting/SPARK4/Ada-SPARK-Radix-Sort,radix_sort.adb,30,>= -> >,and then L >= 1,and then L > 1,survived
sorting/SPARK4/Ada-SPARK-Radix-Sort,radix_sort.adb,36,= -> /=,(if Last = 0 then 0,(if Last /= 0 then 0,survived
sorting/SPARK4/Ada-SPARK-Radix-Sort,radix_sort.adb,50,+ 1 -> + 0,"else Occ (A, Last, Lo) + Sum_Occ (A, Last, Lo + 1, Hi))","else Occ (A, Last, Lo) + Sum_Occ (A, Last, Lo + 0, Hi))",survived
sorting/SPARK4/Ada-SPARK-Radix-Sort,radix_sort.adb,60,<= -> <,"Sum_Occ'Result <= Last * (if Hi >= Lo then Hi - Lo + 1 else 0),","Sum_Occ'Result < Last * (if Hi >= Lo then Hi - Lo + 1 else 0),",survived
sorting/SPARK4/Ada-SPARK-Radix-Sort,radix_sort.adb,67,> -> >=,(if Lo > Hi then 0,(if Lo >= Hi then 0,survived
sorting/SPARK4/Ada-SPARK-Radix-Sort,radix_sort.adb,80,+ -> -,(Decreases => (if Lo > Hi then 0 else Hi - Lo + 1));,(Decreases => (if Lo > Hi then 0 else Hi - Lo - 1));,survived
sorting/SPARK4/Ada-SPARK-Radix-Sort,radix_sort.adb,80,- -> +,(Decreases => (if Lo > Hi then 0 else Hi - Lo + 1));,(Decreases => (if Lo > Hi then 0 else Hi + Lo + 1));,survived
sorting/SPARK4/Ada-SPARK-Radix-Sort,radix_sort.adb,80,+ 1 -> + 0,(Decreases => (if Lo > Hi then 0 else Hi - Lo + 1));,(Decreases => (if Lo > Hi then 0 else Hi - Lo + 0));,survived
sorting/SPARK4/Ada-SPARK-Radix-Sort,radix_sort.adb,92,and then -> or else,and then Lo >= 0,or else Lo >= 0,stillborn
sorting/SPARK4/Ada-SPARK-Radix-Sort,radix_sort.adb,92,>= -> >,and then Lo >= 0,and then Lo > 0,survived
sorting/SPARK4/Ada-SPARK-Radix-Sort,radix_sort.adb,99,+ -> -,"+ Sum_Occ (A, Last, Mid + 1, Hi),","- Sum_Occ (A, Last, Mid + 1, Hi),",survived
sorting/SPARK4/Ada-SPARK-Radix-Sort,radix_sort.adb,101,+ -> -,(Decreases => (if Lo > Mid then 0 else Mid - Lo + 1)),(Decreases => (if Lo > Mid then 0 else Mid - Lo - 1)),survived
sorting/SPARK4/Ada-SPARK-Radix-Sort,radix_sort.adb,106,= -> /=,elsif Lo = Mid then,elsif Lo /= Mid then,survived
sorting/SPARK4/Ada-SPARK-Radix-Sort,radix_sort.adb,127,and then -> or else,+ (if Lo <= A (Last) and then A (Last) <= Hi,+ (if Lo <= A (Last) or else A (Last) <= Hi,survived
sorting/SPARK4/Ada-SPARK-Radix-Sort,radix_sort.adb,146,- -> +,Mid := Lo + (Hi - Lo) / 2;,Mid := Lo + (Hi + Lo) / 2;,survived
sorting/SPARK4/Ada-SPARK-Radix-Sort,radix_sort.adb,149,+ 1 -> + 0,"Lemma_Sum_Occ_Step (A, Last, Mid + 1, Hi);","Lemma_Sum_Occ_Step (A, Last, Mid + 0, Hi);",survived
sorting/SPARK4/Ada-SPARK-Radix-Sort,radix_sort.adb,186,and then -> or else,and then Hi <= Max_Key,or else Hi <= Max_Key,stillborn
sorting/SPARK4/Ada-SPARK-Radix-Sort,radix_sort.adb,189,<= -> <,"and then (for all K in Element => Hist (K) <= Max_N),","and then (for all K in Element => Hist (K) < Max_N),",survived
sorting/SPARK4/Ada-SPARK-Radix-Sort,radix_sort.adb,224,= -> /=,"Sum_Hist (Hist, Lo, Hi) = Sum_Occ (A, N, Lo, Hi),","Sum_Hist (Hist, Lo, Hi) /= Sum_Occ (A, N, Lo, Hi),",survived
sorting/SPARK4/Ada-SPARK-Radix-Sort,radix_sort.adb,341,+ -> -,C   := C + 1;,C   := C - 1;,killed
sorting/SPARK4/Ada-SPARK-Samplesort,samplesort.adb,28,>= -> >,and then L >= 1,and then L > 1,killed
sorting/SPARK4/Ada-SPARK-Samplesort,samplesort.adb,36,< -> <=,(Hi_P < Lo_P,(Hi_P <= Lo_P,survived
sorting/SPARK4/Ada-SPARK-Samplesort,samplesort.adb,49,<= -> <,and then Hi_S <= A'Last;,and then Hi_S < A'Last;,killed
sorting/SPARK4/Ada-SPARK-Samplesort,samplesort.adb,64,= -> /=,(if K /= X and then K /= Y then A (K) = A'Old (K))),(if K /= X and then K /= Y then A (K) /= A'Old (K))),killed
sorting/SPARK4/Ada-SPARK-Samplesort,samplesort.adb,88,+ -> -,"and then Sorted_Slice (A, Bound + 1, A'Last)","and then Sorted_Slice (A, Bound - 1, A'Last)",killed
sorting/SPARK4/Ada-SPARK-Samplesort,samplesort.adb,112,+ 1 -> + 0,if A (I) > A (I + 1) then,if A (I) > A (I + 0) then,killed
sorting/SPARK4/Ada-SPARK-Samplesort,samplesort.adb,113,+ -> -,"Swap (A, I, I + 1);","Swap (A, I, I - 1);",killed
sorting/SPARK4/Ada-SPARK-Samplesort,samplesort.adb,166,= -> /=,exit when Bound = 2;,exit when Bound /= 2;,killed
sorting/SPARK4/Ada-SPARK-Samplesort,samplesort.adb,190,= -> /=,Pivots'First = 1,Pivots'First /= 1,killed
sorting/SPARK4/Ada-SPARK-Samplesort,samplesort.adb,191,- -> +,"and then Pivots'Last = Num_Buckets - 1,","and then Pivots'Last = Num_Buckets + 1,",killed
sorting/SPARK4/Ada-SPARK-Samplesort,samplesort.adb,212,or else -> and then,"and then (Hi < Lo or else Lo <= Hi),","and then (Hi < Lo and then Lo <= Hi),",killed
sorting/SPARK4/Ada-SPARK-Samplesort,samplesort.adb,212,< -> <=,"and then (Hi < Lo or else Lo <= Hi),","and then (Hi <= Lo or else Lo <= Hi),",survived
sorting/SPARK4/Ada-SPARK-Samplesort,samplesort.adb,212,and then -> or else,"and then (Hi < Lo or else Lo <= Hi),","or else (Hi < Lo or else Lo <= Hi),",stillborn
sorting/SPARK4/Ada-SPARK-Samplesort,samplesort.adb,229,< -> <=,while P > Lo and then Key < Work (P - 1) loop,while P > Lo and then Key <= Work (P - 1) loop,survived
sorting/SPARK4/Ada-SPARK-Samplesort,samplesort.adb,283,> -> >=,if Sample > N then,if Sample >= N then,survived
sorting/SPARK4/Ada-SPARK-Samplesort,samplesort.adb,300,- 1 -> - 0,Pivots (P) := Pivots (P - 1);,Pivots (P) := Pivots (P - 0);,survived
sorting/SPARK4/Ada-SPARK-Samplesort,samplesort.adb,301,- 1 -> - 0,P          := P - 1;,P          := P - 0;,killed
sorting/SPARK4/Ada-SPARK-Samplesort,samplesort.adb,342,+ -> -,Curr := N + 1;,Curr := N - 1;,survived
sorting/SPARK4/Ada-SPARK-Samplesort,samplesort.adb,369,< -> <=,if Indices (B) < Max_N + 1 then,if Indices (B) <= Max_N + 1 then,survived
sorting/SPARK4/Ada-SPARK-Samplesort,samplesort.adb,385,<= -> <,if Counts (K) > 0 and then Starts (K) <= N then,if Counts (K) > 0 and then Starts (K) < N then,survived
sorting/SPARK4/Ada-SPARK-Selection-Sort,selection_sort.adb,15,+ 1 -> + 0,or else (for all K in L .. R - 1 => A (K) <= A (K + 1))),or else (for all K in L .. R - 1 => A (K) <= A (K + 0))),survived
sorting/SPARK4/Ada-SPARK-Selection-Sort,selection_sort.adb,15,<= -> <,or else (for all K in L .. R - 1 => A (K) <= A (K + 1))),or else (for all K in L .. R - 1 => A (K) < A (K + 1))),killed
sorting/SPARK4/Ada-SPARK-Selection-Sort,selection_sort.adb,28,>= -> >,(L >= R,(L > R,survived
sorting/SPARK4/Ada-SPARK-Selection-Sort,selection_sort.adb,29,or else -> and then,or else (for all K in L .. R - 1 => A (K) >= A (K + 1))),and then (for all K in L .. R - 1 => A (K) >= A (K + 1))),killed
sorting/SPARK4/Ada-SPARK-Selection-Sort,selection_sort.adb,35,and then -> or else,and then L >= 1,or else L >= 1,stillborn
sorting/SPARK4/Ada-SPARK-Selection-Sort,selection_sort.adb,53,>= -> >,and then Lo_P >= 1,and then Lo_P > 1,killed
sorting/SPARK4/Ada-SPARK-Selection-Sort,selection_sort.adb,54,and then -> or else,and then Hi_P <= A'Last,or else Hi_P <= A'Last,stillborn
sorting/SPARK4/Ada-SPARK-Selection-Sort,selection_sort.adb,63,< -> <=,(Hi_P < Lo_P,(Hi_P <= Lo_P,survived
sorting/SPARK4/Ada-SPARK-Selection-Sort,selection_sort.adb,64,or else -> and then,or else Hi_S < Lo_S,and then Hi_S < Lo_S,stillborn
sorting/SPARK4/Ada-SPARK-Selection-Sort,selection_sort.adb,67,>= -> >,(for all L in Lo_S .. Hi_S => A (K) >= A (L)))),(for all L in Lo_S .. Hi_S => A (K) > A (L)))),killed
sorting/SPARK4/Ada-SPARK-Selection-Sort,selection_sort.adb,87,and then -> or else,and then A (X) = A'Old (Y),or else A (X) = A'Old (Y),stillborn
sorting/SPARK4/Ada-SPARK-Selection-Sort,selection_sort.adb,88,= -> /=,and then A (Y) = A'Old (X),and then A (Y) /= A'Old (X),killed
sorting/SPARK4/Ada-SPARK-Selection-Sort,selection_sort.adb,91,/= -> =,(if K /= X and then K /= Y then A (K) = A'Old (K))),(if K = X and then K /= Y then A (K) = A'Old (K))),killed
sorting/SPARK4/Ada-SPARK-Selection-Sort,selection_sort.adb,95,= -> /=,if X = Y then,if X /= Y then,killed
sorting/SPARK4/Ada-SPARK-Selection-Sort,selection_sort.adb,116,+ -> -,"and then Prefix_Leq_Suffix (A, 1, I, I + 1, A'Last)","and then Prefix_Leq_Suffix (A, 1, I, I - 1, A'Last)",killed
sorting/SPARK4/Ada-SPARK-Selection-Sort,selection_sort.adb,159,- -> +,"and then Prefix_Geq_Suffix (A, 1, I - 1, I, A'Last),","and then Prefix_Geq_Suffix (A, 1, I + 1, I, A'Last),",killed
sorting/SPARK4/Ada-SPARK-Selection-Sort,selection_sort.adb,163,and then -> or else,"and then Prefix_Geq_Suffix (A, 1, I, I + 1, A'Last)","or else Prefix_Geq_Suffix (A, 1, I, I + 1, A'Last)",stillborn
sorting/SPARK4/Ada-SPARK-Selection-Sort,selection_sort.adb,163,+ -> -,"and then Prefix_Geq_Suffix (A, 1, I, I + 1, A'Last)","and then Prefix_Geq_Suffix (A, 1, I, I - 1, A'Last)",killed
sorting/SPARK4/Ada-SPARK-Selection-Sort,selection_sort.adb,177,> -> >=,if A (J) > A (Max_Index) then,if A (J) >= A (Max_Index) then,survived
sorting/SPARK4/Ada-SPARK-Selection-Sort,selection_sort.adb,228,- -> +,for I in 1 .. A'Last - 1 loop,for I in 1 .. A'Last + 1 loop,killed
sorting/SPARK4/Ada-SPARK-Shell-Sort,shell_sort.adb,20,- -> +,or else (for all K in L .. R - 1 => A (K) <= A (K + 1))),or else (for all K in L .. R + 1 => A (K) <= A (K + 1))),killed
sorting/SPARK4/Ada-SPARK-Shell-Sort,shell_sort.adb,20,+ 1 -> + 0,or else (for all K in L .. R - 1 => A (K) <= A (K + 1))),or else (for all K in L .. R - 1 => A (K) <= A (K + 0))),survived
sorting/SPARK4/Ada-SPARK-Shell-Sort,shell_sort.adb,20,+ -> -,or else (for all K in L .. R - 1 => A (K) <= A (K + 1))),or else (for all K in L .. R - 1 => A (K) <= A (K - 1))),killed
sorting/SPARK4/Ada-SPARK-Shell-Sort,shell_sort.adb,26,>= -> >,and then L >= 1,and then L > 1,killed
sorting/SPARK4/Ada-SPARK-Shell-Sort,shell_sort.adb,27,<= -> <,and then R <= A'Last;,and then R < A'Last;,killed
sorting/SPARK4/Ada-SPARK-Shell-Sort,shell_sort.adb,37,and then -> or else,"and then Sorted_Slice (A, 1, I - 1),","or else Sorted_Slice (A, 1, I - 1),",stillborn
sorting/SPARK4/Ada-SPARK-Shell-Sort,shell_sort.adb,37,- 1 -> - 0,"and then Sorted_Slice (A, 1, I - 1),","and then Sorted_Slice (A, 1, I - 0),",killed
sorting/SPARK4/Ada-SPARK-Shell-Sort,shell_sort.adb,40,and then -> or else,"and then Sorted_Slice (A, 1, I)","or else Sorted_Slice (A, 1, I)",stillborn
sorting/SPARK4/Ada-SPARK-Shell-Sort,shell_sort.adb,41,and then -> or else,and then (for all K in I + 1 .. A'Last => A (K) = A'Old (K)),or else (for all K in I + 1 .. A'Last => A (K) = A'Old (K)),stillborn
sorting/SPARK4/Ada-SPARK-Shell-Sort,shell_sort.adb,41,= -> /=,and then (for all K in I + 1 .. A'Last => A (K) = A'Old (K)),and then (for all K in I + 1 .. A'Last => A (K) /= A'Old (K)),killed
sorting/SPARK4/Ada-SPARK-Shell-Sort,shell_sort.adb,41,+ 1 -> + 0,and then (for all K in I + 1 .. A'Last => A (K) = A'Old (K)),and then (for all K in I + 0 .. A'Last => A (K) = A'Old (K)),killed
sorting/SPARK4/Ada-SPARK-Shell-Sort,shell_sort.adb,46,and then -> or else,while J > 1 and then Key < A (J - 1) loop,while J > 1 or else Key < A (J - 1) loop,killed
sorting/SPARK4/Ada-SPARK-Shell-Sort,shell_sort.adb,60,- 1 -> - 0,A (J) := A (J - 1);,A (J) := A (J - 0);,killed
sorting/SPARK4/Ada-SPARK-Shell-Sort,shell_sort.adb,60,- -> +,A (J) := A (J - 1);,A (J) := A (J + 1);,killed
sorting/SPARK4/Ada-SPARK-Shell-Sort,shell_sort.adb,61,- 1 -> - 0,J     := J - 1;,J     := J - 0;,killed
sorting/SPARK4/Ada-SPARK-Shell-Sort,shell_sort.adb,106,>= -> >,and then A'Length >= 2,and then A'Length > 2,survived
sorting/SPARK4/Ada-SPARK-Shell-Sort,shell_sort.adb,107,- -> +,"and then Gap in 2 .. A'Last - 1,","and then Gap in 2 .. A'Last + 1,",survived
sorting/SPARK4/Ada-SPARK-Shell-Sort,shell_sort.adb,120,and then -> or else,while J >= Gap + 1 and then A (J - Gap) > Key loop,while J >= Gap + 1 or else A (J - Gap) > Key loop,killed
sorting/SPARK4/Ada-SPARK-Shell-Sort,shell_sort.adb,120,+ -> -,while J >= Gap + 1 and then A (J - Gap) > Key loop,while J >= Gap - 1 and then A (J - Gap) > Key loop,killed
sorting/SPARK4/Ada-SPARK-Shell-Sort,shell_sort.adb,127,- -> +,J     := J - Gap;,J     := J + Gap;,killed
sorting/SPARK4/Ada-SPARK-Slowsort,slowsort.adb,17,+ 1 -> + 0,or else (for all K in L .. R - 1 => A (K) <= A (K + 1))),or else (for all K in L .. R - 1 => A (K) <= A (K + 0))),survived
sorting/SPARK4/Ada-SPARK-Slowsort,slowsort.adb,17,<= -> <,or else (for all K in L .. R - 1 => A (K) <= A (K + 1))),or else (for all K in L .. R - 1 => A (K) < A (K + 1))),killed
sorting/SPARK4/Ada-SPARK-Slowsort,slowsort.adb,31,< -> <=,(Hi_P < Lo_P,(Hi_P <= Lo_P,survived
sorting/SPARK4/Ada-SPARK-Slowsort,slowsort.adb,35,<= -> <,(for all L in Lo_S .. Hi_S => A (K) <= A (L)))),(for all L in Lo_S .. Hi_S => A (K) < A (L)))),killed
sorting/SPARK4/Ada-SPARK-Slowsort,slowsort.adb,42,and then -> or else,and then Hi_P <= A'Last,or else Hi_P <= A'Last,stillborn
sorting/SPARK4/Ada-SPARK-Slowsort,slowsort.adb,42,<= -> <,and then Hi_P <= A'Last,and then Hi_P < A'Last,killed
sorting/SPARK4/Ada-SPARK-Slowsort,slowsort.adb,55,and then -> or else,and then A (X) = A'Old (Y),or else A (X) = A'Old (Y),stillborn
sorting/SPARK4/Ada-SPARK-Slowsort,slowsort.adb,56,= -> /=,and then A (Y) = A'Old (X),and then A (Y) /= A'Old (X),killed
sorting/SPARK4/Ada-SPARK-Slowsort,slowsort.adb,57,and then -> or else,and then,or else,stillborn
sorting/SPARK4/Ada-SPARK-Slowsort,slowsort.adb,63,= -> /=,if X = Y then,if X /= Y then,killed
sorting/SPARK4/Ada-SPARK-Slowsort,slowsort.adb,84,and then -> or else,and then I in 1 .. A'Last,or else I in 1 .. A'Last,stillborn
sorting/SPARK4/Ada-SPARK-Slowsort,slowsort.adb,88,and then -> or else,and then,or else,stillborn
sorting/SPARK4/Ada-SPARK-Slowsort,slowsort.adb,91,+ 1 -> + 0,(for all K in J + 1 .. A'Last => A (K) = A'Old (K)),(for all K in J + 0 .. A'Last => A (K) = A'Old (K)),killed
sorting/SPARK4/Ada-SPARK-Slowsort,slowsort.adb,107,+ 1 -> + 0,"Slowsort_Range (A, M + 1, J);","Slowsort_Range (A, M + 0, J);",killed
sorting/SPARK4/Ada-SPARK-Slowsort,slowsort.adb,109,> -> >=,if A (M) > A (J) then,if A (M) >= A (J) then,survived
sorting/SPARK4/Ada-SPARK-Slowsort,slowsort.adb,127,and then -> or else,and then A'Last >= 2,or else A'Last >= 2,stillborn
sorting/SPARK4/Ada-SPARK-Slowsort,slowsort.adb,129,and then -> or else,"and then Sorted_Slice (A, Bound + 1, A'Last)","or else Sorted_Slice (A, Bound + 1, A'Last)",stillborn
sorting/SPARK4/Ada-SPARK-Slowsort,slowsort.adb,130,+ 1 -> + 0,"and then Prefix_Leq_Suffix (A, 1, Bound, Bound + 1, A'Last),","and then Prefix_Leq_Suffix (A, 1, Bound, Bound + 0, A'Last),",survived
sorting/SPARK4/Ada-SPARK-Slowsort,slowsort.adb,135,and then -> or else,and then,or else,stillborn
sorting/SPARK4/Ada-SPARK-Slowsort,slowsort.adb,153,> -> >=,if A (I) > A (I + 1) then,if A (I) >= A (I + 1) then,survived
sorting/SPARK4/Ada-SPARK-Smoothsort,smoothsort.adb,38,>= -> >,Order >= 2,Order > 2,killed
sorting/SPARK4/Ada-SPARK-Smoothsort,smoothsort.adb,39,and then -> or else,and then Natural (Leonardo (Order)) <= Natural (Root),or else Natural (Leonardo (Order)) <= Natural (Root),stillborn
sorting/SPARK4/Ada-SPARK-Smoothsort,smoothsort.adb,52,+ -> -,or else (for all K in L .. R - 1 => A (K) <= A (K + 1))),or else (for all K in L .. R - 1 => A (K) <= A (K - 1))),killed
sorting/SPARK4/Ada-SPARK-Smoothsort,smoothsort.adb,52,+ 1 -> + 0,or else (for all K in L .. R - 1 => A (K) <= A (K + 1))),or else (for all K in L .. R - 1 => A (K) <= A (K + 0))),survived
sorting/SPARK4/Ada-SPARK-Smoothsort,smoothsort.adb,58,and then -> or else,and then L >= 1,or else L >= 1,stillborn
sorting/SPARK4/Ada-SPARK-Smoothsort,smoothsort.adb,59,<= -> <,and then R <= A'Last;,and then R < A'Last;,killed
sorting/SPARK4/Ada-SPARK-Smoothsort,smoothsort.adb,68,+ 1 -> + 0,(for all T in Heap_Last + 1 .. N => A (H) <= A (T)))),(for all T in Heap_Last + 0 .. N => A (H) <= A (T)))),killed
sorting/SPARK4/Ada-SPARK-Smoothsort,smoothsort.adb,74,<= -> <,and then N <= A'Last,and then N < A'Last,killed
sorting/SPARK4/Ada-SPARK-Smoothsort,smoothsort.adb,75,<= -> <,and then Heap_Last <= N;,and then Heap_Last < N;,killed
sorting/SPARK4/Ada-SPARK-Smoothsort,smoothsort.adb,111,> -> >=,while Remaining > 0 loop,while Remaining >= 0 loop,killed
sorting/SPARK4/Ada-SPARK-Smoothsort,smoothsort.adb,132,+ -> -,Root_Pos := Index (Pos + Natural (Len) - 1);,Root_Pos := Index (Pos - Natural (Len) - 1);,killed
sorting/SPARK4/Ada-SPARK-Smoothsort,smoothsort.adb,132,- 1 -> - 0,Root_Pos := Index (Pos + Natural (Len) - 1);,Root_Pos := Index (Pos + Natural (Len) - 0);,killed
sorting/SPARK4/Ada-SPARK-Smoothsort,smoothsort.adb,150,= -> /=,and then A (X) = A'Old (Y),and then A (X) /= A'Old (Y),killed
sorting/SPARK4/Ada-SPARK-Smoothsort,smoothsort.adb,154,/= -> =,(if K /= X and then K /= Y then A (K) = A'Old (K))),(if K = X and then K /= Y then A (K) = A'Old (K))),killed
sorting/SPARK4/Ada-SPARK-Smoothsort,smoothsort.adb,154,= -> /=,(if K /= X and then K /= Y then A (K) = A'Old (K))),(if K /= X and then K /= Y then A (K) /= A'Old (K))),killed
sorting/SPARK4/Ada-SPARK-Smoothsort,smoothsort.adb,175,and then -> or else,and then Last in 1 .. A'Last,or else Last in 1 .. A'Last,stillborn
sorting/SPARK4/Ada-SPARK-Smoothsort,smoothsort.adb,177,and then -> or else,"and then Natural (Leonardo (Order)) <= Natural (Root),","or else Natural (Leonardo (Order)) <= Natural (Root),",stillborn
sorting/SPARK4/Ada-SPARK-Smoothsort,smoothsort.adb,194,- -> +,"Heapify_Stretch (A, Right_Child_Root (Root), Order - 2, Last);","Heapify_Stretch (A, Right_Child_Root (Root), Order + 2, Last);",killed
sorting/SPARK4/Ada-SPARK-Smoothsort,smoothsort.adb,215,- -> +,Child_Ord := Ord - 2;,Child_Ord := Ord + 2;,killed
sorting/SPARK4/Ada-SPARK-Smoothsort,smoothsort.adb,252,+ 1 -> + 0,I := I + 1;,I := I + 0;,killed
sorting/SPARK4/Ada-SPARK-Spaghetti-Sort,spaghetti_sort.adb,17,+ 1 -> + 0,or else (for all K in L .. R - 1 => A (K) <= A (K + 1))),or else (for all K in L .. R - 1 => A (K) <= A (K + 0))),survived
sorting/SPARK4/Ada-SPARK-Spaghetti-Sort,spaghetti_sort.adb,17,+ -> -,or else (for all K in L .. R - 1 => A (K) <= A (K + 1))),or else (for all K in L .. R - 1 => A (K) <= A (K - 1))),killed
sorting/SPARK4/Ada-SPARK-Spaghetti-Sort,spaghetti_sort.adb,31,< -> <=,(Hi_P < Lo_P,(Hi_P <= Lo_P,survived
sorting/SPARK4/Ada-SPARK-Spaghetti-Sort,spaghetti_sort.adb,33,or else -> and then,or else,and then,stillborn
sorting/SPARK4/Ada-SPARK-Spaghetti-Sort,spaghetti_sort.adb,35,<= -> <,(for all L in Lo_S .. Hi_S => A (K) <= A (L)))),(for all L in Lo_S .. Hi_S => A (K) < A (L)))),killed
sorting/SPARK4/Ada-SPARK-Spaghetti-Sort,spaghetti_sort.adb,42,and then -> or else,and then Hi_P <= A'Last,or else Hi_P <= A'Last,stillborn
sorting/SPARK4/Ada-SPARK-Spaghetti-Sort,spaghetti_sort.adb,44,and then -> or else,and then Hi_S <= A'Last;,or else Hi_S <= A'Last;,stillborn
sorting/SPARK4/Ada-SPARK-Spaghetti-Sort,spaghetti_sort.adb,52,and then -> or else,"and then Y in 1 .. A'Last,","or else Y in 1 .. A'Last,",stillborn
sorting/SPARK4/Ada-SPARK-Spaghetti-Sort,spaghetti_sort.adb,55,and then -> or else,and then A (X) = A'Old (Y),or else A (X) = A'Old (Y),stillborn
sorting/SPARK4/Ada-SPARK-Spaghetti-Sort,spaghetti_sort.adb,56,and then -> or else,and then A (Y) = A'Old (X),or else A (Y) = A'Old (X),stillborn
sorting/SPARK4/Ada-SPARK-Spaghetti-Sort,spaghetti_sort.adb,57,and then -> or else,and then,or else,stillborn
sorting/SPARK4/Ada-SPARK-Spaghetti-Sort,spaghetti_sort.adb,63,= -> /=,if X = Y then,if X /= Y then,survived
sorting/SPARK4/Ada-SPARK-Spaghetti-Sort,spaghetti_sort.adb,81,and then -> or else,and then A'Last >= 2,or else A'Last >= 2,stillborn
sorting/SPARK4/Ada-SPARK-Spaghetti-Sort,spaghetti_sort.adb,81,>= -> >,and then A'Last >= 2,and then A'Last > 2,killed
sorting/SPARK4/Ada-SPARK-Spaghetti-Sort,spaghetti_sort.adb,83,+ -> -,"and then Sorted_Slice (A, Bound + 1, A'Last)","and then Sorted_Slice (A, Bound - 1, A'Last)",survived
sorting/SPARK4/Ada-SPARK-Spaghetti-Sort,spaghetti_sort.adb,88,and then -> or else,"and then Prefix_Leq_Suffix (A, 1, Bound - 1, Bound, A'Last)","or else Prefix_Leq_Suffix (A, 1, Bound - 1, Bound, A'Last)",stillborn
sorting/SPARK4/Ada-SPARK-Spaghetti-Sort,spaghetti_sort.adb,107,+ -> -,if A (I) > A (I + 1) then,if A (I) > A (I - 1) then,killed
sorting/SPARK4/Ada-SPARK-Spaghetti-Sort,spaghetti_sort.adb,108,+ 1 -> + 0,"Swap (A, I, I + 1);","Swap (A, I, I + 0);",survived
sorting/SPARK4/Ada-SPARK-Spaghetti-Sort,spaghetti_sort.adb,199,and then -> or else,and then A'Length >= 2,or else A'Length >= 2,stillborn
sorting/SPARK4/Ada-SPARK-Spaghetti-Sort,spaghetti_sort.adb,223,+ -> -,Counts (H) := Counts (H) + 1;,Counts (H) := Counts (H) - 1;,killed
sorting/SPARK4/Ada-SPARK-Stooge-Sort,stooge_sort.adb,17,+ 1 -> + 0,or else (for all K in L .. R - 1 => A (K) <= A (K + 1))),or else (for all K in L .. R - 1 => A (K) <= A (K + 0))),survived
sorting/SPARK4/Ada-SPARK-Stooge-Sort,stooge_sort.adb,17,<= -> <,or else (for all K in L .. R - 1 => A (K) <= A (K + 1))),or else (for all K in L .. R - 1 => A (K) < A (K + 1))),killed
sorting/SPARK4/Ada-SPARK-Stooge-Sort,stooge_sort.adb,31,< -> <=,(Hi_P < Lo_P,(Hi_P <= Lo_P,survived
sorting/SPARK4/Ada-SPARK-Stooge-Sort,stooge_sort.adb,35,<= -> <,(for all L in Lo_S .. Hi_S => A (K) <= A (L)))),(for all L in Lo_S .. Hi_S => A (K) < A (L)))),killed
sorting/SPARK4/Ada-SPARK-Stooge-Sort,stooge_sort.adb,42,and then -> or else,and then Hi_P <= A'Last,or else Hi_P <= A'Last,stillborn
sorting/SPARK4/Ada-SPARK-Stooge-Sort,stooge_sort.adb,42,<= -> <,and then Hi_P <= A'Last,and then Hi_P < A'Last,killed
sorting/SPARK4/Ada-SPARK-Stooge-Sort,stooge_sort.adb,55,and then -> or else,and then A (X) = A'Old (Y),or else A (X) = A'Old (Y),stillborn
sorting/SPARK4/Ada-SPARK-Stooge-Sort,stooge_sort.adb,56,= -> /=,and then A (Y) = A'Old (X),and then A (Y) /= A'Old (X),killed
sorting/SPARK4/Ada-SPARK-Stooge-Sort,stooge_sort.adb,57,and then -> or else,and then,or else,stillborn
sorting/SPARK4/Ada-SPARK-Stooge-Sort,stooge_sort.adb,63,= -> /=,if X = Y then,if X /= Y then,killed
sorting/SPARK4/Ada-SPARK-Stooge-Sort,stooge_sort.adb,84,and then -> or else,and then Lo in 1 .. A'Last,or else Lo in 1 .. A'Last,stillborn
sorting/SPARK4/Ada-SPARK-Stooge-Sort,stooge_sort.adb,88,and then -> or else,and then,or else,stillborn
sorting/SPARK4/Ada-SPARK-Stooge-Sort,stooge_sort.adb,91,+ 1 -> + 0,(for all K in Hi + 1 .. A'Last => A (K) = A'Old (K)),(for all K in Hi + 0 .. A'Last => A (K) = A'Old (K)),killed
sorting/SPARK4/Ada-SPARK-Stooge-Sort,stooge_sort.adb,101,<= -> <,if L <= 2 then,if L < 2 then,killed
sorting/SPARK4/Ada-SPARK-Stooge-Sort,stooge_sort.adb,110,- -> +,"Stooge_Range (A, Lo, Hi - T);","Stooge_Range (A, Lo, Hi + T);",killed
sorting/SPARK4/Ada-SPARK-Stooge-Sort,stooge_sort.adb,126,and then -> or else,and then A'Last >= 2,or else A'Last >= 2,stillborn
sorting/SPARK4/Ada-SPARK-Stooge-Sort,stooge_sort.adb,128,and then -> or else,"and then Sorted_Slice (A, Bound + 1, A'Last)","or else Sorted_Slice (A, Bound + 1, A'Last)",stillborn
sorting/SPARK4/Ada-SPARK-Stooge-Sort,stooge_sort.adb,129,+ 1 -> + 0,"and then Prefix_Leq_Suffix (A, 1, Bound, Bound + 1, A'Last),","and then Prefix_Leq_Suffix (A, 1, Bound, Bound + 0, A'Last),",survived
sorting/SPARK4/Ada-SPARK-Stooge-Sort,stooge_sort.adb,134,and then -> or else,and then,or else,stillborn
sorting/SPARK4/Ada-SPARK-Stooge-Sort,stooge_sort.adb,152,> -> >=,if A (I) > A (I + 1) then,if A (I) >= A (I + 1) then,survived
sorting/SPARK4/Ada-SPARK-Strand-Sort,strand_sort.adb,18,<= -> <,or else (for all K in L .. R - 1 => A (K) <= A (K + 1))),or else (for all K in L .. R - 1 => A (K) < A (K + 1))),killed
sorting/SPARK4/Ada-SPARK-Strand-Sort,strand_sort.adb,18,+ -> -,or else (for all K in L .. R - 1 => A (K) <= A (K + 1))),or else (for all K in L .. R - 1 => A (K) <= A (K - 1))),killed
sorting/SPARK4/Ada-SPARK-Strand-Sort,strand_sort.adb,25,<= -> <,and then R <= A'Last;,and then R < A'Last;,killed
sorting/SPARK4/Ada-SPARK-Strand-Sort,strand_sort.adb,33,or else -> and then,or else Hi_S < Lo_S,and then Hi_S < Lo_S,stillborn
sorting/SPARK4/Ada-SPARK-Strand-Sort,strand_sort.adb,42,and then -> or else,and then Lo_P >= 1,or else Lo_P >= 1,stillborn
sorting/SPARK4/Ada-SPARK-Strand-Sort,strand_sort.adb,53,and then -> or else,"and then Y in 1 .. A'Last,","or else Y in 1 .. A'Last,",stillborn
sorting/SPARK4/Ada-SPARK-Strand-Sort,strand_sort.adb,56,= -> /=,and then A (X) = A'Old (Y),and then A (X) /= A'Old (Y),survived
sorting/SPARK4/Ada-SPARK-Strand-Sort,strand_sort.adb,57,= -> /=,and then A (Y) = A'Old (X),and then A (Y) /= A'Old (X),survived
sorting/SPARK4/Ada-SPARK-Strand-Sort,strand_sort.adb,60,/= -> =,(if K /= X and then K /= Y then A (K) = A'Old (K))),(if K /= X and then K = Y then A (K) = A'Old (K))),survived
sorting/SPARK4/Ada-SPARK-Strand-Sort,strand_sort.adb,60,and then -> or else,(if K /= X and then K /= Y then A (K) = A'Old (K))),(if K /= X or else K /= Y then A (K) = A'Old (K))),survived
sorting/SPARK4/Ada-SPARK-Strand-Sort,strand_sort.adb,64,= -> /=,if X = Y then,if X /= Y then,survived
sorting/SPARK4/Ada-SPARK-Strand-Sort,strand_sort.adb,85,and then -> or else,and then A'Last >= 2,or else A'Last >= 2,stillborn
sorting/SPARK4/Ada-SPARK-Strand-Sort,strand_sort.adb,88,+ 1 -> + 0,"and then Prefix_Leq_Suffix (A, 1, Bound, Bound + 1, A'Last),","and then Prefix_Leq_Suffix (A, 1, Bound, Bound + 0, A'Last),",survived
sorting/SPARK4/Ada-SPARK-Strand-Sort,strand_sort.adb,93,and then -> or else,and then,or else,stillborn
sorting/SPARK4/Ada-SPARK-Strand-Sort,strand_sort.adb,99,- -> +,for I in 1 .. Bound - 1 loop,for I in 1 .. Bound + 1 loop,killed
sorting/SPARK4/Ada-SPARK-Strand-Sort,strand_sort.adb,111,+ 1 -> + 0,if A (I) > A (I + 1) then,if A (I) > A (I + 0) then,survived
sorting/SPARK4/Ada-SPARK-Strand-Sort,strand_sort.adb,112,+ -> -,"Swap (A, I, I + 1);","Swap (A, I, I - 1);",survived
sorting/SPARK4/Ada-SPARK-Strand-Sort,strand_sort.adb,165,= -> /=,exit when Bound = 2;,exit when Bound /= 2;,survived
sorting/SPARK4/Ada-SPARK-Strand-Sort,strand_sort.adb,288,<= -> <,if Output (I) <= Strand (J) then,if Output (I) < Strand (J) then,survived
sorting/SPARK4/Ada-SPARK-Strand-Sort,strand_sort.adb,326,+ 1 -> + 0,J := J + 1;,J := J + 0;,killed
sorting/SPARK4/Ada-SPARK-Timsort,timsort.adb,33,- -> +,(if (K - 1) / Width = K / Width then A (K) <= A (K + 1))),(if (K + 1) / Width = K / Width then A (K) <= A (K + 1))),killed
sorting/SPARK4/Ada-SPARK-Timsort,timsort.adb,44,- 1 -> - 0,and then (K - 1) / Width = K / Width,and then (K - 0) / Width = K / Width,killed
sorting/SPARK4/Ada-SPARK-Timsort,timsort.adb,68,<= -> <,and then Lo <= A'Last + 1;,and then Lo < A'Last + 1;,survived
sorting/SPARK4/Ada-SPARK-Timsort,timsort.adb,84,and then -> or else,"and then Sorted_Runs_Prefix (A, Width, Lo - 1),","or else Sorted_Runs_Prefix (A, Width, Lo - 1),",stillborn
sorting/SPARK4/Ada-SPARK-Timsort,timsort.adb,124,and then -> or else,and then Lo in 1 .. A'Last,or else Lo in 1 .. A'Last,stillborn
sorting/SPARK4/Ada-SPARK-Timsort,timsort.adb,183,= -> /=,and then (for all K in 1 .. Lo - 1 => A (K) = A'Old (K)),and then (for all K in 1 .. Lo - 1 => A (K) /= A'Old (K)),killed
sorting/SPARK4/Ada-SPARK-Timsort,timsort.adb,183,- 1 -> - 0,and then (for all K in 1 .. Lo - 1 => A (K) = A'Old (K)),and then (for all K in 1 .. Lo - 0 => A (K) = A'Old (K)),killed
sorting/SPARK4/Ada-SPARK-Timsort,timsort.adb,184,and then -> or else,and then (for all K in Hi + 1 .. A'Last => A (K) = A'Old (K)),or else (for all K in Hi + 1 .. A'Last => A (K) = A'Old (K)),stillborn
sorting/SPARK4/Ada-SPARK-Timsort,timsort.adb,218,= -> /=,and then (for all K in 1 .. Lo - 1 => A (K) = A'Old (K)),and then (for all K in 1 .. Lo - 1 => A (K) /= A'Old (K)),killed
sorting/SPARK4/Ada-SPARK-Timsort,timsort.adb,218,- -> +,and then (for all K in 1 .. Lo - 1 => A (K) = A'Old (K)),and then (for all K in 1 .. Lo + 1 => A (K) = A'Old (K)),killed
sorting/SPARK4/Ada-SPARK-Timsort,timsort.adb,259,and then -> or else,and then (for all K in Hi + 1 .. A'Last => A (K) = A'Old (K)),or else (for all K in Hi + 1 .. A'Last => A (K) = A'Old (K)),stillborn
sorting/SPARK4/Ada-SPARK-Timsort,timsort.adb,268,+ -> -,if A (Lo) <= A (Lo + 1) then,if A (Lo) <= A (Lo - 1) then,killed
sorting/SPARK4/Ada-SPARK-Timsort,timsort.adb,271,+ -> -,while Run_Hi < Hi and then A (Run_Hi) <= A (Run_Hi + 1) loop,while Run_Hi < Hi and then A (Run_Hi) <= A (Run_Hi - 1) loop,killed
sorting/SPARK4/Ada-SPARK-Timsort,timsort.adb,287,> -> >=,while Run_Hi < Hi and then A (Run_Hi) > A (Run_Hi + 1) loop,while Run_Hi < Hi and then A (Run_Hi) >= A (Run_Hi + 1) loop,survived
sorting/SPARK4/Ada-SPARK-Timsort,timsort.adb,371,- 1 -> - 0,and then Mid in Lo .. Hi - 1,and then Mid in Lo .. Hi - 0,survived
sorting/SPARK4/Ada-SPARK-Timsort,timsort.adb,386,and then -> or else,while I <= Mid and then J <= Hi loop,while I <= Mid or else J <= Hi loop,killed
sorting/SPARK4/Ada-SPARK-Timsort,timsort.adb,417,+ 1 -> + 0,J := J + 1;,J := J + 0;,killed
sorting/SPARK4/Ada-SPARK-Timsort,timsort.adb,505,+ -> -,and then A'Last < Lo + Width,and then A'Last < Lo - Width,killed
sorting/SPARK4/Ada-SPARK-Timsort,timsort.adb,508,- 1 -> - 0,"and then Sorted_Runs_Prefix (A, 2 * Width, Lo - 1)","and then Sorted_Runs_Prefix (A, 2 * Width, Lo - 0)",survived
sorting/SPARK4/Ada-SPARK-Timsort,timsort.adb,582,- 1 -> - 0,Mid : constant Index := Lo + Width - 1;,Mid : constant Index := Lo + Width - 0;,killed
sorting/SPARK4/Ada-SPARK-Tree-Sort,tree_sort.adb,29,+ 1 -> + 0,or else (for all K in L .. R - 1 => A (K) <= A (K + 1))),or else (for all K in L .. R - 1 => A (K) <= A (K + 0))),survived
sorting/SPARK4/Ada-SPARK-Tree-Sort,tree_sort.adb,29,<= -> <,or else (for all K in L .. R - 1 => A (K) <= A (K + 1))),or else (for all K in L .. R - 1 => A (K) < A (K + 1))),killed
sorting/SPARK4/Ada-SPARK-Tree-Sort,tree_sort.adb,40,= -> /=,(if Used = 0 then 0,(if Used /= 0 then 0,killed
sorting/SPARK4/Ada-SPARK-Tree-Sort,tree_sort.adb,55,>= -> >,(if Pool (K).Live then Pool (K).Value >= Bound)),(if Pool (K).Live then Pool (K).Value > Bound)),killed
sorting/SPARK4/Ada-SPARK-Tree-Sort,tree_sort.adb,64,+ 1 -> + 0,or else Pool (K).Left in K + 1 .. Used),or else Pool (K).Left in K + 0 .. Used),survived
sorting/SPARK4/Ada-SPARK-Tree-Sort,tree_sort.adb,95,- 1 -> - 0,"Lemma_Live_Count_All (Pool, Used - 1);","Lemma_Live_Count_All (Pool, Used - 0);",killed
sorting/SPARK4/Ada-SPARK-Tree-Sort,tree_sort.adb,106,and then -> or else,and then,or else,survived
sorting/SPARK4/Ada-SPARK-Tree-Sort,tree_sort.adb,113,= -> /=,if Used = 0 then,if Used /= 0 then,killed
sorting/SPARK4/Ada-SPARK-Tree-Sort,tree_sort.adb,131,and then -> or else,and then not Pool (I).Live,or else not Pool (I).Live,stillborn
sorting/SPARK4/Ada-SPARK-Tree-Sort,tree_sort.adb,132,and then -> or else,and then,or else,stillborn
sorting/SPARK4/Ada-SPARK-Tree-Sort,tree_sort.adb,134,= -> /=,"(if K /= I then Pool (K).Live = Pool_Old (K).Live)),","(if K /= I then Pool (K).Live /= Pool_Old (K).Live)),",killed
sorting/SPARK4/Ada-SPARK-Tree-Sort,tree_sort.adb,136,- -> +,"Live_Count (Pool, Used) = Live_Count (Pool_Old, Used) - 1,","Live_Count (Pool, Used) = Live_Count (Pool_Old, Used) + 1,",killed
sorting/SPARK4/Ada-SPARK-Tree-Sort,tree_sort.adb,161,- 1 -> - 0,"Lemma_Live_Count_Clear (Pool_Old, Pool, Used - 1, I);","Lemma_Live_Count_Clear (Pool_Old, Pool, Used - 0, I);",killed
sorting/SPARK4/Ada-SPARK-Tree-Sort,tree_sort.adb,191,and then -> or else,"and then All_Live (Pool, Used)","or else All_Live (Pool, Used)",stillborn
sorting/SPARK4/Ada-SPARK-Tree-Sort,tree_sort.adb,192,= -> /=,"and then Live_Count (Pool, Used) = Used,","and then Live_Count (Pool, Used) /= Used,",killed
sorting/SPARK4/Ada-SPARK-Tree-Sort,tree_sort.adb,197,and then -> or else,"and then All_Live (Pool, Used)","or else All_Live (Pool, Used)",stillborn
sorting/SPARK4/Ada-SPARK-Tree-Sort,tree_sort.adb,198,= -> /=,"and then Live_Count (Pool, Used) = Used","and then Live_Count (Pool, Used) /= Used",killed
sorting/SPARK4/Ada-SPARK-Tree-Sort,tree_sort.adb,199,= -> /=,and then Pool (Used).Value = V,and then Pool (Used).Value /= V,killed
sorting/SPARK4/Ada-SPARK-Tree-Sort,tree_sort.adb,270,= -> /=,"Live_Count (Pool, Used) = Live_Count (Pool'Old, Used) - 1","Live_Count (Pool, Used) /= Live_Count (Pool'Old, Used) - 1",killed
sorting/SPARK4/Ada-SPARK-Tree-Sort,tree_sort.adb,378,- -> +,"Extract_Min (Pool, Used, A (Out_I - 1), True, V);","Extract_Min (Pool, Used, A (Out_I + 1), True, V);",killed
sorting/SPARK4/Bead-Sort,bead_sort.adb,18,+ 1 -> + 0,or else (for all K in L .. R - 1 => A (K) <= A (K + 1))),or else (for all K in L .. R - 1 => A (K) <= A (K + 0))),survived
sorting/SPARK4/Bead-Sort,bead_sort.adb,18,+ -> -,or else (for all K in L .. R - 1 => A (K) <= A (K + 1))),or else (for all K in L .. R - 1 => A (K) <= A (K - 1))),killed
sorting/SPARK4/Bead-Sort,bead_sort.adb,32,< -> <=,(Hi_P < Lo_P,(Hi_P <= Lo_P,survived
sorting/SPARK4/Bead-Sort,bead_sort.adb,34,or else -> and then,or else,and then,stillborn
sorting/SPARK4/Bead-Sort,bead_sort.adb,36,<= -> <,(for all L in Lo_S .. Hi_S => A (K) <= A (L)))),(for all L in Lo_S .. Hi_S => A (K) < A (L)))),killed
sorting/SPARK4/Bead-Sort,bead_sort.adb,43,and then -> or else,and then Hi_P <= A'Last,or else Hi_P <= A'Last,stillborn
sorting/SPARK4/Bead-Sort,bead_sort.adb,43,<= -> <,and then Hi_P <= A'Last,and then Hi_P < A'Last,killed
sorting/SPARK4/Bead-Sort,bead_sort.adb,45,and then -> or else,and then Hi_S <= A'Last;,or else Hi_S <= A'Last;,stillborn
sorting/SPARK4/Bead-Sort,bead_sort.adb,53,and then -> or else,"and then Y in 1 .. A'Last,","or else Y in 1 .. A'Last,",stillborn
sorting/SPARK4/Bead-Sort,bead_sort.adb,56,and then -> or else,and then A (X) = A'Old (Y),or else A (X) = A'Old (Y),stillborn
sorting/SPARK4/Bead-Sort,bead_sort.adb,57,= -> /=,and then A (Y) = A'Old (X),and then A (Y) /= A'Old (X),survived
sorting/SPARK4/Bead-Sort,bead_sort.adb,58,and then -> or else,and then,or else,stillborn
sorting/SPARK4/Bead-Sort,bead_sort.adb,64,= -> /=,if X = Y then,if X /= Y then,survived
sorting/SPARK4/Bead-Sort,bead_sort.adb,82,and then -> or else,and then A'Last >= 2,or else A'Last >= 2,stillborn
sorting/SPARK4/Bead-Sort,bead_sort.adb,84,+ -> -,"and then Sorted_Slice (A, Bound + 1, A'Last)","and then Sorted_Slice (A, Bound - 1, A'Last)",survived
sorting/SPARK4/Bead-Sort,bead_sort.adb,108,+ -> -,if A (I) > A (I + 1) then,if A (I) > A (I - 1) then,killed
sorting/SPARK4/Bead-Sort,bead_sort.adb,109,+ 1 -> + 0,"Swap (A, I, I + 1);","Swap (A, I, I + 0);",survived
sorting/SPARK4/Bead-Sort,bead_sort.adb,164,- 1 -> - 0,Bound := Bound - 1;,Bound := Bound - 0;,survived
sorting/SPARK4/Bead-Sort,bead_sort.adb,188,+ 1 -> + 0,subtype Cursor is Natural range 0 .. Max_N + 1;,subtype Cursor is Natural range 0 .. Max_N + 0;,killed
sorting/SPARK4/Bead-Sort,bead_sort.adb,245,+ -> -,Rods (J) := Rods (J) + 1;,Rods (J) := Rods (J) - 1;,killed
strings/Ada/String-Metrics,string_metrics.adb,25,- 1 -> - 0,(S (S'First + (P - 1)));,(S (S'First + (P - 0)));,killed
strings/Ada/String-Metrics,string_metrics.adb,25,+ -> -,(S (S'First + (P - 1)));,(S (S'First - (P - 1)));,killed
strings/Ada/String-Metrics,string_metrics.adb,61,+ -> -,"Curr (J - 1) + 1,","Curr (J - 1) - 1,",killed
strings/Ada/String-Metrics,string_metrics.adb,62,+ -> -,Prev (J - 1) + Cost);,Prev (J - 1) - Cost);,killed
strings/Ada/String-Metrics,string_metrics.adb,79,= -> /=,if N = 0 then,if N /= 0 then,killed
strings/Ada/String-Metrics,string_metrics.adb,116,- 1 -> - 0,"Curr (J - 1) + 1,","Curr (J - 0) + 1,",killed
strings/Ada/String-Metrics,string_metrics.adb,117,- 1 -> - 0,Prev (J - 1) + Cost);,Prev (J - 0) + Cost);,killed
strings/Ada/String-Metrics,string_metrics.adb,119,- 1 -> - 0,"and then Char_At (Outer, I) = Char_At (Inner, J - 1)","and then Char_At (Outer, I) = Char_At (Inner, J - 0)",killed
strings/Ada/String-Metrics,string_metrics.adb,119,= -> /=,"and then Char_At (Outer, I) = Char_At (Inner, J - 1)","and then Char_At (Outer, I) /= Char_At (Inner, J - 1)",killed
strings/Ada/String-Metrics,string_metrics.adb,120,= -> /=,"and then Char_At (Outer, I - 1) = Char_At (Inner, J)","and then Char_At (Outer, I - 1) /= Char_At (Inner, J)",killed
strings/Ada/String-Metrics,string_metrics.adb,182,- 1 -> - 0,W := Integer (M / 2) - 1;,W := Integer (M / 2) - 0;,killed
strings/Ada/String-Metrics,string_metrics.adb,182,- -> +,W := Integer (M / 2) - 1;,W := Integer (M / 2) + 1;,killed
strings/Ada/String-Metrics,string_metrics.adb,197,+ 1 -> + 0,Count := Count + 1;,Count := Count + 0;,killed
strings/Ada/String-Metrics,string_metrics.adb,215,and then -> or else,if Len_A = 0 and then Len_B = 0 then,if Len_A = 0 or else Len_B = 0 then,survived
strings/Ada/String-Metrics,string_metrics.adb,259,= -> /=,if Matches = 0 then,if Matches /= 0 then,killed
strings/Ada/String-Metrics,string_metrics.adb,294,= -> /=,if A'Length = 0 and then B'Length = 0 then,if A'Length /= 0 and then B'Length = 0 then,killed
strings/Ada/String-Metrics,string_metrics.adb,297,or else -> and then,if A'Length = 0 or else B'Length = 0 then,if A'Length = 0 and then B'Length = 0 then,survived
strings/Ada/String-Metrics,string_metrics.adb,297,= -> /=,if A'Length = 0 or else B'Length = 0 then,if A'Length = 0 or else B'Length /= 0 then,killed
strings/Ada/String-Metrics,string_metrics.adb,303,* -> +,return Sim_J + Float (Ell) * P * (1.0 - Sim_J);,return Sim_J + Float (Ell) * P + (1.0 - Sim_J);,killed
strings/Ada/String-Metrics,string_metrics.adb,313,+ 1 -> + 0,return S (F .. F + 1);,return S (F .. F + 0);,killed
strings/SPARK2/Ada-SPARK-Count-The-Number-Of-Consistent-Strings,count_the_number_of_consistent_strings.adb,6,<= -> <,return (if Input (1) <= Allowed then 1 else 0),return (if Input (1) < Allowed then 1 else 0),killed
strings/SPARK2/Ada-SPARK-Count-The-Number-Of-Consistent-Strings,count_the_number_of_consistent_strings.adb,7,<= -> <,+ (if Input (2) <= Allowed then 1 else 0),+ (if Input (2) < Allowed then 1 else 0),killed
strings/SPARK2/Ada-SPARK-Count-The-Number-Of-Consistent-Strings,count_the_number_of_consistent_strings.adb,7,+ -> -,+ (if Input (2) <= Allowed then 1 else 0),- (if Input (2) <= Allowed then 1 else 0),killed
strings/SPARK2/Ada-SPARK-Count-The-Number-Of-Consistent-Strings,count_the_number_of_consistent_strings.adb,8,+ -> -,+ (if Input (3) <= Allowed then 1 else 0),- (if Input (3) <= Allowed then 1 else 0),killed
strings/SPARK2/Ada-SPARK-Count-The-Number-Of-Consistent-Strings,count_the_number_of_consistent_strings.adb,8,<= -> <,+ (if Input (3) <= Allowed then 1 else 0),+ (if Input (3) < Allowed then 1 else 0),killed
strings/SPARK2/Ada-SPARK-Count-The-Number-Of-Consistent-Strings,count_the_number_of_consistent_strings.adb,9,+ -> -,+ (if Input (4) <= Allowed then 1 else 0);,- (if Input (4) <= Allowed then 1 else 0);,killed
strings/SPARK2/Ada-SPARK-Count-The-Number-Of-Consistent-Strings,count_the_number_of_consistent_strings.adb,9,<= -> <,+ (if Input (4) <= Allowed then 1 else 0);,+ (if Input (4) < Allowed then 1 else 0);,killed
strings/SPARK2/Ada-SPARK-Damerau-Levenshtein-Distance,damerau_levenshtein_distance.adb,9,<= -> <,if X <= Y then return X; else return Y; end if;,if X < Y then return X; else return Y; end if;,survived
strings/SPARK2/Ada-SPARK-Damerau-Levenshtein-Distance,damerau_levenshtein_distance.adb,14,+ -> -,if X = Natural'Last then return X; else return X + 1; end if;,if X = Natural'Last then return X; else return X - 1; end if;,killed
strings/SPARK2/Ada-SPARK-Damerau-Levenshtein-Distance,damerau_levenshtein_distance.adb,14,= -> /=,if X = Natural'Last then return X; else return X + 1; end if;,if X /= Natural'Last then return X; else return X + 1; end if;,stillborn
strings/SPARK2/Ada-SPARK-Damerau-Levenshtein-Distance,damerau_levenshtein_distance.adb,14,+ 1 -> + 0,if X = Natural'Last then return X; else return X + 1; end if;,if X = Natural'Last then return X; else return X + 0; end if;,killed
strings/SPARK2/Ada-SPARK-Damerau-Levenshtein-Distance,damerau_levenshtein_distance.adb,30,= -> /=,if M = 0 then return N; end if;,if M /= 0 then return N; end if;,killed
strings/SPARK2/Ada-SPARK-Damerau-Levenshtein-Distance,damerau_levenshtein_distance.adb,31,= -> /=,if N = 0 then return M; end if;,if N /= 0 then return M; end if;,killed
strings/SPARK2/Ada-SPARK-Damerau-Levenshtein-Distance,damerau_levenshtein_distance.adb,40,= -> /=,if A (I) = B (J) then Cost := 0; else Cost := 1; end if;,if A (I) /= B (J) then Cost := 0; else Cost := 1; end if;,killed
strings/SPARK2/Ada-SPARK-Damerau-Levenshtein-Distance,damerau_levenshtein_distance.adb,42,- -> +,"(Inc (Prev (J)), Inc (Curr (J - 1)),","(Inc (Prev (J)), Inc (Curr (J + 1)),",killed
strings/SPARK2/Ada-SPARK-Damerau-Levenshtein-Distance,damerau_levenshtein_distance.adb,42,- 1 -> - 0,"(Inc (Prev (J)), Inc (Curr (J - 1)),","(Inc (Prev (J)), Inc (Curr (J - 0)),",survived
strings/SPARK2/Ada-SPARK-Damerau-Levenshtein-Distance,damerau_levenshtein_distance.adb,43,- -> +,(if Cost = 0 then Prev (J - 1) else Inc (Prev (J - 1))));,(if Cost = 0 then Prev (J + 1) else Inc (Prev (J - 1))));,killed
strings/SPARK2/Ada-SPARK-Damerau-Levenshtein-Distance,damerau_levenshtein_distance.adb,43,- 1 -> - 0,(if Cost = 0 then Prev (J - 1) else Inc (Prev (J - 1))));,(if Cost = 0 then Prev (J - 1) else Inc (Prev (J - 0))));,killed
strings/SPARK2/Ada-SPARK-Damerau-Levenshtein-Distance,damerau_levenshtein_distance.adb,43,= -> /=,(if Cost = 0 then Prev (J - 1) else Inc (Prev (J - 1))));,(if Cost /= 0 then Prev (J - 1) else Inc (Prev (J - 1))));,killed
strings/SPARK2/Ada-SPARK-Damerau-Levenshtein-Distance,damerau_levenshtein_distance.adb,44,>= -> >,if I >= 2 and then J >= 2,if I > 2 and then J >= 2,killed
strings/SPARK2/Ada-SPARK-Damerau-Levenshtein-Distance,damerau_levenshtein_distance.adb,44,and then -> or else,if I >= 2 and then J >= 2,if I >= 2 or else J >= 2,stillborn
strings/SPARK2/Ada-SPARK-Damerau-Levenshtein-Distance,damerau_levenshtein_distance.adb,45,= -> /=,and then A (I) = B (J - 1),and then A (I) /= B (J - 1),killed
strings/SPARK2/Ada-SPARK-Damerau-Levenshtein-Distance,damerau_levenshtein_distance.adb,45,- -> +,and then A (I) = B (J - 1),and then A (I) = B (J + 1),killed
strings/SPARK2/Ada-SPARK-Damerau-Levenshtein-Distance,damerau_levenshtein_distance.adb,46,- 1 -> - 0,and then A (I - 1) = B (J),and then A (I - 0) = B (J),killed
strings/SPARK2/Ada-SPARK-Damerau-Levenshtein-Distance,damerau_levenshtein_distance.adb,46,= -> /=,and then A (I - 1) = B (J),and then A (I - 1) /= B (J),killed
strings/SPARK2/Ada-SPARK-Damerau-Levenshtein-Distance,damerau_levenshtein_distance.adb,46,and then -> or else,and then A (I - 1) = B (J),or else A (I - 1) = B (J),stillborn
strings/SPARK2/Ada-SPARK-Damerau-Levenshtein-Distance,damerau_levenshtein_distance.adb,48,- -> +,"Curr (J) := Nat_Min (Curr (J), Inc (Prev2 (J - 2)));","Curr (J) := Nat_Min (Curr (J), Inc (Prev2 (J + 2)));",survived
strings/SPARK2/Ada-SPARK-Edit-Distance,edit_distance.adb,9,< -> <=,if Value < Length'Last then,if Value <= Length'Last then,killed
strings/SPARK2/Ada-SPARK-Edit-Distance,edit_distance.adb,10,+ 1 -> + 0,return Value + 1;,return Value + 0;,killed
strings/SPARK2/Ada-SPARK-Edit-Distance,edit_distance.adb,10,+ -> -,return Value + 1;,return Value - 1;,killed
strings/SPARK2/Ada-SPARK-Edit-Distance,edit_distance.adb,31,= -> /=,if Left (I) = Right (J) then,if Left (I) /= Right (J) then,killed
strings/SPARK2/Ada-SPARK-Edit-Distance,edit_distance.adb,32,- 1 -> - 0,"D (I, J) := D (I - 1, J - 1);","D (I, J) := D (I - 1, J - 0);",killed
strings/SPARK2/Ada-SPARK-Edit-Distance,edit_distance.adb,32,- -> +,"D (I, J) := D (I - 1, J - 1);","D (I, J) := D (I + 1, J - 1);",killed
strings/SPARK2/Ada-SPARK-Edit-Distance,edit_distance.adb,32,- 1 -> - 0,"D (I, J) := D (I - 1, J - 1);","D (I, J) := D (I - 0, J - 1);",killed
strings/SPARK2/Ada-SPARK-Edit-Distance,edit_distance.adb,32,- -> +,"D (I, J) := D (I - 1, J - 1);","D (I, J) := D (I - 1, J + 1);",killed
strings/SPARK2/Ada-SPARK-Edit-Distance,edit_distance.adb,34,- -> +,"Diagonal := Increment (D (I - 1, J - 1));","Diagonal := Increment (D (I - 1, J + 1));",killed
strings/SPARK2/Ada-SPARK-Edit-Distance,edit_distance.adb,34,- 1 -> - 0,"Diagonal := Increment (D (I - 1, J - 1));","Diagonal := Increment (D (I - 0, J - 1));",killed
strings/SPARK2/Ada-SPARK-Edit-Distance,edit_distance.adb,34,- -> +,"Diagonal := Increment (D (I - 1, J - 1));","Diagonal := Increment (D (I + 1, J - 1));",killed
strings/SPARK2/Ada-SPARK-Edit-Distance,edit_distance.adb,34,- 1 -> - 0,"Diagonal := Increment (D (I - 1, J - 1));","Diagonal := Increment (D (I - 1, J - 0));",killed
strings/SPARK2/Ada-SPARK-Edit-Distance,edit_distance.adb,35,- -> +,"Delete_Cost := Increment (D (I - 1, J));","Delete_Cost := Increment (D (I + 1, J));",killed
strings/SPARK2/Ada-SPARK-Edit-Distance,edit_distance.adb,35,- 1 -> - 0,"Delete_Cost := Increment (D (I - 1, J));","Delete_Cost := Increment (D (I - 0, J));",killed
strings/SPARK2/Ada-SPARK-Edit-Distance,edit_distance.adb,36,- 1 -> - 0,"Insert_Cost := Increment (D (I, J - 1));","Insert_Cost := Increment (D (I, J - 0));",killed
strings/SPARK2/Ada-SPARK-Edit-Distance,edit_distance.adb,36,- -> +,"Insert_Cost := Increment (D (I, J - 1));","Insert_Cost := Increment (D (I, J + 1));",killed
strings/SPARK2/Ada-SPARK-Find-All-Anagrams-In-A-String,find_all_anagrams_in_a_string.adb,6,and then -> or else,return (A = 'a' and then B = 'b') or else (A = 'b' and then B = 'a');,return (A = 'a' or else B = 'b') or else (A = 'b' and then B = 'a');,killed
strings/SPARK2/Ada-SPARK-Find-All-Anagrams-In-A-String,find_all_anagrams_in_a_string.adb,6,= -> /=,return (A = 'a' and then B = 'b') or else (A = 'b' and then B = 'a');,return (A /= 'a' and then B = 'b') or else (A = 'b' and then B = 'a');,killed
strings/SPARK2/Ada-SPARK-Find-All-Anagrams-In-A-String,find_all_anagrams_in_a_string.adb,6,= -> /=,return (A = 'a' and then B = 'b') or else (A = 'b' and then B = 'a');,return (A = 'a' and then B = 'b') or else (A = 'b' and then B /= 'a');,killed
strings/SPARK2/Ada-SPARK-Find-All-Anagrams-In-A-String,find_all_anagrams_in_a_string.adb,6,= -> /=,return (A = 'a' and then B = 'b') or else (A = 'b' and then B = 'a');,return (A = 'a' and then B = 'b') or else (A /= 'b' and then B = 'a');,killed
strings/SPARK2/Ada-SPARK-Find-All-Anagrams-In-A-String,find_all_anagrams_in_a_string.adb,6,and then -> or else,return (A = 'a' and then B = 'b') or else (A = 'b' and then B = 'a');,return (A = 'a' and then B = 'b') or else (A = 'b' or else B = 'a');,killed
strings/SPARK2/Ada-SPARK-Find-All-Anagrams-In-A-String,find_all_anagrams_in_a_string.adb,6,= -> /=,return (A = 'a' and then B = 'b') or else (A = 'b' and then B = 'a');,return (A = 'a' and then B /= 'b') or else (A = 'b' and then B = 'a');,killed
strings/SPARK2/Ada-SPARK-Find-All-Anagrams-In-A-String,find_all_anagrams_in_a_string.adb,6,or else -> and then,return (A = 'a' and then B = 'b') or else (A = 'b' and then B = 'a');,return (A = 'a' and then B = 'b') and then (A = 'b' and then B = 'a');,killed
strings/SPARK2/Ada-SPARK-Find-All-Anagrams-In-A-String,find_all_anagrams_in_a_string.adb,14,+ -> -,"return Hit (Input (1), Input (2)) + Hit (Input (2), Input (3)) + Hit (Input (3), Input (4)) + Hit (I","return Hit (Input (1), Input (2)) - Hit (Input (2), Input (3)) + Hit (Input (3), Input (4)) + Hit (I",killed
strings/SPARK2/Ada-SPARK-Find-All-Anagrams-In-A-String,find_all_anagrams_in_a_string.adb,14,+ -> -,"return Hit (Input (1), Input (2)) + Hit (Input (2), Input (3)) + Hit (Input (3), Input (4)) + Hit (I","return Hit (Input (1), Input (2)) + Hit (Input (2), Input (3)) + Hit (Input (3), Input (4)) + Hit (I",killed
strings/SPARK2/Ada-SPARK-Find-All-Anagrams-In-A-String,find_all_anagrams_in_a_string.adb,14,+ -> -,"return Hit (Input (1), Input (2)) + Hit (Input (2), Input (3)) + Hit (Input (3), Input (4)) + Hit (I","return Hit (Input (1), Input (2)) + Hit (Input (2), Input (3)) + Hit (Input (3), Input (4)) + Hit (I",killed
strings/SPARK2/Ada-SPARK-Find-All-Anagrams-In-A-String,find_all_anagrams_in_a_string.adb,14,+ -> -,"return Hit (Input (1), Input (2)) + Hit (Input (2), Input (3)) + Hit (Input (3), Input (4)) + Hit (I","return Hit (Input (1), Input (2)) + Hit (Input (2), Input (3)) - Hit (Input (3), Input (4)) + Hit (I",killed
strings/SPARK2/Ada-SPARK-Find-All-Anagrams-In-A-String,find_all_anagrams_in_a_string.adb,14,+ -> -,"return Hit (Input (1), Input (2)) + Hit (Input (2), Input (3)) + Hit (Input (3), Input (4)) + Hit (I","return Hit (Input (1), Input (2)) + Hit (Input (2), Input (3)) + Hit (Input (3), Input (4)) - Hit (I",killed
strings/SPARK2/Ada-SPARK-Find-All-Anagrams-In-A-String,find_all_anagrams_in_a_string.adb,14,+ -> -,"return Hit (Input (1), Input (2)) + Hit (Input (2), Input (3)) + Hit (Input (3), Input (4)) + Hit (I","return Hit (Input (1), Input (2)) + Hit (Input (2), Input (3)) + Hit (Input (3), Input (4)) + Hit (I",killed
strings/SPARK2/Ada-SPARK-Hamming-Distance,hamming_distance.adb,5,= -> /=,return (if A (1) = B (1) then 0 else 1),return (if A (1) /= B (1) then 0 else 1),killed
strings/SPARK2/Ada-SPARK-Hamming-Distance,hamming_distance.adb,6,= -> /=,+ (if A (2) = B (2) then 0 else 1),+ (if A (2) /= B (2) then 0 else 1),killed
strings/SPARK2/Ada-SPARK-Hamming-Distance,hamming_distance.adb,6,+ -> -,+ (if A (2) = B (2) then 0 else 1),- (if A (2) = B (2) then 0 else 1),killed
strings/SPARK2/Ada-SPARK-Hamming-Distance,hamming_distance.adb,7,+ -> -,+ (if A (3) = B (3) then 0 else 1);,- (if A (3) = B (3) then 0 else 1);,killed
strings/SPARK2/Ada-SPARK-Hamming-Distance,hamming_distance.adb,7,= -> /=,+ (if A (3) = B (3) then 0 else 1);,+ (if A (3) /= B (3) then 0 else 1);,killed
strings/SPARK2/Ada-SPARK-Knuth-Morris-Pratt,kmp.adb,11,<= -> <,while I <= Pat'Last loop,while I < Pat'Last loop,killed
strings/SPARK2/Ada-SPARK-Knuth-Morris-Pratt,kmp.adb,15,+ 1 -> + 0,if Pat (I) = Pat (Len + 1) then,if Pat (I) = Pat (Len + 0) then,killed
strings/SPARK2/Ada-SPARK-Knuth-Morris-Pratt,kmp.adb,15,+ -> -,if Pat (I) = Pat (Len + 1) then,if Pat (I) = Pat (Len - 1) then,killed
strings/SPARK2/Ada-SPARK-Knuth-Morris-Pratt,kmp.adb,15,= -> /=,if Pat (I) = Pat (Len + 1) then,if Pat (I) /= Pat (Len + 1) then,killed
strings/SPARK2/Ada-SPARK-Knuth-Morris-Pratt,kmp.adb,16,+ -> -,Len := Len + 1;,Len := Len - 1;,killed
strings/SPARK2/Ada-SPARK-Knuth-Morris-Pratt,kmp.adb,16,+ 1 -> + 0,Len := Len + 1;,Len := Len + 0;,killed
strings/SPARK2/Ada-SPARK-Knuth-Morris-Pratt,kmp.adb,18,+ 1 -> + 0,I := I + 1;,I := I + 0;,killed
strings/SPARK2/Ada-SPARK-Knuth-Morris-Pratt,kmp.adb,18,+ -> -,I := I + 1;,I := I - 1;,killed
strings/SPARK2/Ada-SPARK-Knuth-Morris-Pratt,kmp.adb,19,/= -> =,elsif Len /= 0 then,elsif Len = 0 then,killed
strings/SPARK2/Ada-SPARK-Knuth-Morris-Pratt,kmp.adb,23,+ -> -,I := I + 1;,I := I - 1;,timeout
strings/SPARK2/Ada-SPARK-Knuth-Morris-Pratt,kmp.adb,23,+ 1 -> + 0,I := I + 1;,I := I + 0;,timeout
strings/SPARK2/Ada-SPARK-Make-The-String-Great,make_the_string_great.adb,7,and then -> or else,or else (Left = 'b' and then Right = 'B') or else (Left = 'B' and then Right = 'b'),or else (Left = 'b' or else Right = 'B') or else (Left = 'B' and then Right = 'b'),killed
strings/SPARK2/Ada-SPARK-Make-The-String-Great,make_the_string_great.adb,7,= -> /=,or else (Left = 'b' and then Right = 'B') or else (Left = 'B' and then Right = 'b'),or else (Left /= 'b' and then Right = 'B') or else (Left = 'B' and then Right = 'b'),killed
strings/SPARK2/Ada-SPARK-Make-The-String-Great,make_the_string_great.adb,8,or else -> and then,or else (Left = 'c' and then Right = 'C') or else (Left = 'C' and then Right = 'c'),or else (Left = 'c' and then Right = 'C') and then (Left = 'C' and then Right = 'c'),stillborn
strings/SPARK2/Ada-SPARK-Make-The-String-Great,make_the_string_great.adb,10,= -> /=,or else (Left = 'e' and then Right = 'E') or else (Left = 'E' and then Right = 'e'),or else (Left /= 'e' and then Right = 'E') or else (Left = 'E' and then Right = 'e'),survived
strings/SPARK2/Ada-SPARK-Make-The-String-Great,make_the_string_great.adb,11,= -> /=,or else (Left = 'f' and then Right = 'F') or else (Left = 'F' and then Right = 'f'),or else (Left /= 'f' and then Right = 'F') or else (Left = 'F' and then Right = 'f'),survived
strings/SPARK2/Ada-SPARK-Make-The-String-Great,make_the_string_great.adb,12,or else -> and then,or else (Left = 'g' and then Right = 'G') or else (Left = 'G' and then Right = 'g'),or else (Left = 'g' and then Right = 'G') and then (Left = 'G' and then Right = 'g'),stillborn
strings/SPARK2/Ada-SPARK-Make-The-String-Great,make_the_string_great.adb,13,or else -> and then,or else (Left = 'h' and then Right = 'H') or else (Left = 'H' and then Right = 'h'),and then (Left = 'h' and then Right = 'H') or else (Left = 'H' and then Right = 'h'),stillborn
strings/SPARK2/Ada-SPARK-Make-The-String-Great,make_the_string_great.adb,13,= -> /=,or else (Left = 'h' and then Right = 'H') or else (Left = 'H' and then Right = 'h'),or else (Left /= 'h' and then Right = 'H') or else (Left = 'H' and then Right = 'h'),survived
strings/SPARK2/Ada-SPARK-Make-The-String-Great,make_the_string_great.adb,15,= -> /=,or else (Left = 'j' and then Right = 'J') or else (Left = 'J' and then Right = 'j'),or else (Left = 'j' and then Right = 'J') or else (Left = 'J' and then Right /= 'j'),survived
strings/SPARK2/Ada-SPARK-Make-The-String-Great,make_the_string_great.adb,15,= -> /=,or else (Left = 'j' and then Right = 'J') or else (Left = 'J' and then Right = 'j'),or else (Left /= 'j' and then Right = 'J') or else (Left = 'J' and then Right = 'j'),survived
strings/SPARK2/Ada-SPARK-Make-The-String-Great,make_the_string_great.adb,16,= -> /=,or else (Left = 'k' and then Right = 'K') or else (Left = 'K' and then Right = 'k'),or else (Left /= 'k' and then Right = 'K') or else (Left = 'K' and then Right = 'k'),survived
strings/SPARK2/Ada-SPARK-Make-The-String-Great,make_the_string_great.adb,19,= -> /=,or else (Left = 'n' and then Right = 'N') or else (Left = 'N' and then Right = 'n'),or else (Left = 'n' and then Right /= 'N') or else (Left = 'N' and then Right = 'n'),survived
strings/SPARK2/Ada-SPARK-Make-The-String-Great,make_the_string_great.adb,20,= -> /=,or else (Left = 'o' and then Right = 'O') or else (Left = 'O' and then Right = 'o'),or else (Left = 'o' and then Right /= 'O') or else (Left = 'O' and then Right = 'o'),killed
strings/SPARK2/Ada-SPARK-Make-The-String-Great,make_the_string_great.adb,21,= -> /=,or else (Left = 'p' and then Right = 'P') or else (Left = 'P' and then Right = 'p'),or else (Left /= 'p' and then Right = 'P') or else (Left = 'P' and then Right = 'p'),survived
strings/SPARK2/Ada-SPARK-Make-The-String-Great,make_the_string_great.adb,24,= -> /=,or else (Left = 's' and then Right = 'S') or else (Left = 'S' and then Right = 's'),or else (Left = 's' and then Right = 'S') or else (Left /= 'S' and then Right = 's'),survived
strings/SPARK2/Ada-SPARK-Make-The-String-Great,make_the_string_great.adb,27,and then -> or else,or else (Left = 'v' and then Right = 'V') or else (Left = 'V' and then Right = 'v'),or else (Left = 'v' and then Right = 'V') or else (Left = 'V' or else Right = 'v'),survived
strings/SPARK2/Ada-SPARK-Make-The-String-Great,make_the_string_great.adb,28,or else -> and then,or else (Left = 'w' and then Right = 'W') or else (Left = 'W' and then Right = 'w'),and then (Left = 'w' and then Right = 'W') or else (Left = 'W' and then Right = 'w'),stillborn
strings/SPARK2/Ada-SPARK-Make-The-String-Great,make_the_string_great.adb,29,= -> /=,or else (Left = 'x' and then Right = 'X') or else (Left = 'X' and then Right = 'x'),or else (Left /= 'x' and then Right = 'X') or else (Left = 'X' and then Right = 'x'),survived
strings/SPARK2/Ada-SPARK-Make-The-String-Great,make_the_string_great.adb,30,= -> /=,or else (Left = 'y' and then Right = 'Y') or else (Left = 'Y' and then Right = 'y'),or else (Left /= 'y' and then Right = 'Y') or else (Left = 'Y' and then Right = 'y'),survived
strings/SPARK2/Ada-SPARK-Make-The-String-Great,make_the_string_great.adb,31,= -> /=,or else (Left = 'z' and then Right = 'Z') or else (Left = 'Z' and then Right = 'z');,or else (Left = 'z' and then Right /= 'Z') or else (Left = 'Z' and then Right = 'z');,survived
strings/SPARK2/Ada-SPARK-Multiply-Strings-Stub,multiply_strings.adb,7,+ -> -,subtype Pos is Positive range 1 .. L1 + L2;,subtype Pos is Positive range 1 .. L1 - L2;,killed
strings/SPARK2/Ada-SPARK-Multiply-Strings-Stub,multiply_strings.adb,19,+ -> -,D1 := Character'Pos (Left (Left'First + I - 1)) - Character'Pos ('0');,D1 := Character'Pos (Left (Left'First - I - 1)) - Character'Pos ('0');,killed
strings/SPARK2/Ada-SPARK-Multiply-Strings-Stub,multiply_strings.adb,19,- -> +,D1 := Character'Pos (Left (Left'First + I - 1)) - Character'Pos ('0');,D1 := Character'Pos (Left (Left'First + I + 1)) - Character'Pos ('0');,killed
strings/SPARK2/Ada-SPARK-Multiply-Strings-Stub,multiply_strings.adb,19,- 1 -> - 0,D1 := Character'Pos (Left (Left'First + I - 1)) - Character'Pos ('0');,D1 := Character'Pos (Left (Left'First + I - 0)) - Character'Pos ('0');,killed
strings/SPARK2/Ada-SPARK-Multiply-Strings-Stub,multiply_strings.adb,19,- -> +,D1 := Character'Pos (Left (Left'First + I - 1)) - Character'Pos ('0');,D1 := Character'Pos (Left (Left'First + I - 1)) + Character'Pos ('0');,stillborn
strings/SPARK2/Ada-SPARK-Multiply-Strings-Stub,multiply_strings.adb,24,- 1 -> - 0,D2 := Character'Pos (Right (Right'First + J - 1)),D2 := Character'Pos (Right (Right'First + J - 0)),killed
strings/SPARK2/Ada-SPARK-Multiply-Strings-Stub,multiply_strings.adb,24,- -> +,D2 := Character'Pos (Right (Right'First + J - 1)),D2 := Character'Pos (Right (Right'First + J + 1)),killed
strings/SPARK2/Ada-SPARK-Multiply-Strings-Stub,multiply_strings.adb,24,+ -> -,D2 := Character'Pos (Right (Right'First + J - 1)),D2 := Character'Pos (Right (Right'First - J - 1)),killed
strings/SPARK2/Ada-SPARK-Multiply-Strings-Stub,multiply_strings.adb,26,+ -> -,Acc (I + J) := Acc (I + J) + D1 * D2;,Acc (I + J) := Acc (I - J) + D1 * D2;,killed
strings/SPARK2/Ada-SPARK-Multiply-Strings-Stub,multiply_strings.adb,26,* -> +,Acc (I + J) := Acc (I + J) + D1 * D2;,Acc (I + J) := Acc (I + J) + D1 + D2;,killed
strings/SPARK2/Ada-SPARK-Multiply-Strings-Stub,multiply_strings.adb,26,+ -> -,Acc (I + J) := Acc (I + J) + D1 * D2;,Acc (I + J) := Acc (I + J) - D1 * D2;,killed
strings/SPARK2/Ada-SPARK-Multiply-Strings-Stub,multiply_strings.adb,26,+ -> -,Acc (I + J) := Acc (I + J) + D1 * D2;,Acc (I - J) := Acc (I + J) + D1 * D2;,killed
strings/SPARK2/Ada-SPARK-Multiply-Strings-Stub,multiply_strings.adb,33,+ -> -,T := Acc (P) + Carry;,T := Acc (P) - Carry;,killed
strings/SPARK2/Ada-SPARK-Multiply-Strings-Stub,multiply_strings.adb,34,+ -> -,Digits_Out (P) := Character'Val (Character'Pos ('0') + T mod 10);,Digits_Out (P) := Character'Val (Character'Pos ('0') - T mod 10);,killed
strings/SPARK2/Ada-SPARK-Multiply-Strings-Stub,multiply_strings.adb,40,< -> <=,while First < Pos'Last and then Digits_Out (First) = '0' loop,while First <= Pos'Last and then Digits_Out (First) = '0' loop,killed
strings/SPARK2/Ada-SPARK-Multiply-Strings-Stub,multiply_strings.adb,40,= -> /=,while First < Pos'Last and then Digits_Out (First) = '0' loop,while First < Pos'Last and then Digits_Out (First) /= '0' loop,killed
strings/SPARK2/Ada-SPARK-Multiply-Strings-Stub,multiply_strings.adb,40,and then -> or else,while First < Pos'Last and then Digits_Out (First) = '0' loop,while First < Pos'Last or else Digits_Out (First) = '0' loop,killed
strings/SPARK2/Ada-SPARK-Multiply-Strings-Stub,multiply_strings.adb,43,+ -> -,First := First + 1;,First := First - 1;,killed
strings/SPARK2/Ada-SPARK-Multiply-Strings-Stub,multiply_strings.adb,43,+ 1 -> + 0,First := First + 1;,First := First + 0;,killed
strings/SPARK2/Ada-SPARK-Number-Of-Lines-To-Write-String,write_string_lines.adb,15,> -> >=,exit when I > Length;,exit when I >= Length;,killed
strings/SPARK2/Ada-SPARK-Number-Of-Lines-To-Write-String,write_string_lines.adb,17,+ -> -,Total := Current + Widths (Input (I));,Total := Current - Widths (Input (I));,killed
strings/SPARK2/Ada-SPARK-Number-Of-Lines-To-Write-String,write_string_lines.adb,21,> -> >=,if Total > 100 then,if Total >= 100 then,killed
strings/SPARK2/Ada-SPARK-Number-Of-Lines-To-Write-String,write_string_lines.adb,22,< -> <=,if Lines < 32 then,if Lines <= 32 then,survived
strings/SPARK2/Ada-SPARK-Number-Of-Lines-To-Write-String,write_string_lines.adb,23,+ -> -,Lines := Lines + 1;,Lines := Lines - 1;,killed
strings/SPARK2/Ada-SPARK-Number-Of-Lines-To-Write-String,write_string_lines.adb,23,+ 1 -> + 0,Lines := Lines + 1;,Lines := Lines + 0;,killed
strings/SPARK2/Ada-SPARK-One-Edit-Distance,one_edit_distance.adb,11,<= -> <,if Left_Length <= Right_Length + 1 and Right_Length <= Left_Length + 1 then,if Left_Length < Right_Length + 1 and Right_Length <= Left_Length + 1 then,killed
strings/SPARK2/Ada-SPARK-One-Edit-Distance,one_edit_distance.adb,11,+ 1 -> + 0,if Left_Length <= Right_Length + 1 and Right_Length <= Left_Length + 1 then,if Left_Length <= Right_Length + 0 and Right_Length <= Left_Length + 1 then,killed
strings/SPARK2/Ada-SPARK-One-Edit-Distance,one_edit_distance.adb,11,<= -> <,if Left_Length <= Right_Length + 1 and Right_Length <= Left_Length + 1 then,if Left_Length <= Right_Length + 1 and Right_Length < Left_Length + 1 then,killed
strings/SPARK2/Ada-SPARK-One-Edit-Distance,one_edit_distance.adb,11,+ -> -,if Left_Length <= Right_Length + 1 and Right_Length <= Left_Length + 1 then,if Left_Length <= Right_Length - 1 and Right_Length <= Left_Length + 1 then,killed
strings/SPARK2/Ada-SPARK-One-Edit-Distance,one_edit_distance.adb,12,<= -> <,while I <= Left_Length and J <= Right_Length and Edits <= 1 loop,while I <= Left_Length and J <= Right_Length and Edits < 1 loop,killed
strings/SPARK2/Ada-SPARK-One-Edit-Distance,one_edit_distance.adb,12,<= -> <,while I <= Left_Length and J <= Right_Length and Edits <= 1 loop,while I < Left_Length and J <= Right_Length and Edits <= 1 loop,killed
strings/SPARK2/Ada-SPARK-One-Edit-Distance,one_edit_distance.adb,13,= -> /=,if Left (Index (I)) = Right (Index (J)) then,if Left (Index (I)) /= Right (Index (J)) then,killed
strings/SPARK2/Ada-SPARK-One-Edit-Distance,one_edit_distance.adb,14,+ 1 -> + 0,I := I + 1;,I := I + 0;,killed
strings/SPARK2/Ada-SPARK-One-Edit-Distance,one_edit_distance.adb,15,+ 1 -> + 0,J := J + 1;,J := J + 0;,killed
strings/SPARK2/Ada-SPARK-One-Edit-Distance,one_edit_distance.adb,15,+ -> -,J := J + 1;,J := J - 1;,killed
strings/SPARK2/Ada-SPARK-One-Edit-Distance,one_edit_distance.adb,17,+ 1 -> + 0,Edits := Edits + 1;,Edits := Edits + 0;,killed
strings/SPARK2/Ada-SPARK-One-Edit-Distance,one_edit_distance.adb,17,+ -> -,Edits := Edits + 1;,Edits := Edits - 1;,killed
strings/SPARK2/Ada-SPARK-One-Edit-Distance,one_edit_distance.adb,19,+ 1 -> + 0,I := I + 1;,I := I + 0;,killed
strings/SPARK2/Ada-SPARK-One-Edit-Distance,one_edit_distance.adb,21,+ 1 -> + 0,J := J + 1;,J := J + 0;,killed
strings/SPARK2/Ada-SPARK-One-Edit-Distance,one_edit_distance.adb,23,+ -> -,I := I + 1;,I := I - 1;,killed
strings/SPARK2/Ada-SPARK-One-Edit-Distance,one_edit_distance.adb,30,= -> /=,if Edits = 0 then,if Edits /= 0 then,killed
strings/SPARK2/Ada-SPARK-One-Edit-Distance,one_edit_distance.adb,31,<= -> <,if I <= Left_Length or J <= Right_Length then,if I <= Left_Length or J < Right_Length then,killed
strings/SPARK2/Ada-SPARK-One-Edit-Distance,one_edit_distance.adb,31,<= -> <,if I <= Left_Length or J <= Right_Length then,if I < Left_Length or J <= Right_Length then,killed
strings/SPARK2/Ada-SPARK-One-Edit-Distance,one_edit_distance.adb,34,and then -> or else,elsif Edits = 1 and then I <= Left_Length and then J <= Right_Length then,elsif Edits = 1 and then I <= Left_Length or else J <= Right_Length then,stillborn
strings/SPARK2/Ada-SPARK-One-Edit-Distance,one_edit_distance.adb,37,= -> /=,Result := Edits = 1;,Result := Edits /= 1;,killed
strings/SPARK2/Ada-SPARK-Rabin-Karp,rabin_karp.adb,13,+ -> -,H := (H * Base + Character'Pos (C)) rem Modulus;,H := (H * Base - Character'Pos (C)) rem Modulus;,killed
strings/SPARK2/Ada-SPARK-Rabin-Karp,rabin_karp.adb,13,* -> +,H := (H * Base + Character'Pos (C)) rem Modulus;,H := (H + Base + Character'Pos (C)) rem Modulus;,survived
strings/SPARK2/Ada-SPARK-Rabin-Karp,rabin_karp.adb,23,> -> >=,if M > N then,if M >= N then,survived
strings/SPARK2/Ada-SPARK-Rabin-Karp,rabin_karp.adb,26,- -> +,for I in Text'First .. Text'First + (N - M) loop,for I in Text'First .. Text'First + (N + M) loop,killed
strings/SPARK2/Ada-SPARK-Rabin-Karp,rabin_karp.adb,26,+ -> -,for I in Text'First .. Text'First + (N - M) loop,for I in Text'First .. Text'First - (N - M) loop,killed
strings/SPARK2/Ada-SPARK-Rabin-Karp,rabin_karp.adb,29,- 1 -> - 0,Window : constant String := Text (I .. I + M - 1);,Window : constant String := Text (I .. I + M - 0);,killed
strings/SPARK2/Ada-SPARK-Rabin-Karp,rabin_karp.adb,29,- -> +,Window : constant String := Text (I .. I + M - 1);,Window : constant String := Text (I .. I + M + 1);,killed
strings/SPARK2/Ada-SPARK-Rabin-Karp,rabin_karp.adb,29,+ -> -,Window : constant String := Text (I .. I + M - 1);,Window : constant String := Text (I .. I - M - 1);,killed
strings/SPARK2/Ada-SPARK-Rabin-Karp,rabin_karp.adb,31,= -> /=,if Hash (Window) = PH and then Window = Pat then,if Hash (Window) = PH and then Window /= Pat then,killed
strings/SPARK2/Ada-SPARK-Rabin-Karp,rabin_karp.adb,31,= -> /=,if Hash (Window) = PH and then Window = Pat then,if Hash (Window) /= PH and then Window = Pat then,killed
strings/SPARK2/Ada-SPARK-Rabin-Karp,rabin_karp.adb,31,and then -> or else,if Hash (Window) = PH and then Window = Pat then,if Hash (Window) = PH or else Window = Pat then,survived
strings/SPARK2/Ada-SPARK-Remove-All-Adjacent-Duplicates-In-String,remove_all_adjacent_duplicates_in_string.adb,7,- 1 -> - 0,if Top > 0 and then Output (Top) = Input (I) then Top := Top - 1;,if Top > 0 and then Output (Top) = Input (I) then Top := Top - 0;,killed
strings/SPARK2/Ada-SPARK-Remove-All-Adjacent-Duplicates-In-String,remove_all_adjacent_duplicates_in_string.adb,7,- -> +,if Top > 0 and then Output (Top) = Input (I) then Top := Top - 1;,if Top > 0 and then Output (Top) = Input (I) then Top := Top + 1;,killed
strings/SPARK2/Ada-SPARK-Remove-All-Adjacent-Duplicates-In-String,remove_all_adjacent_duplicates_in_string.adb,7,and then -> or else,if Top > 0 and then Output (Top) = Input (I) then Top := Top - 1;,if Top > 0 or else Output (Top) = Input (I) then Top := Top - 1;,killed
strings/SPARK2/Ada-SPARK-Remove-All-Adjacent-Duplicates-In-String,remove_all_adjacent_duplicates_in_string.adb,7,> -> >=,if Top > 0 and then Output (Top) = Input (I) then Top := Top - 1;,if Top >= 0 and then Output (Top) = Input (I) then Top := Top - 1;,killed
strings/SPARK2/Ada-SPARK-Remove-All-Adjacent-Duplicates-In-String,remove_all_adjacent_duplicates_in_string.adb,7,= -> /=,if Top > 0 and then Output (Top) = Input (I) then Top := Top - 1;,if Top > 0 and then Output (Top) /= Input (I) then Top := Top - 1;,killed
strings/SPARK2/Ada-SPARK-Remove-All-Adjacent-Duplicates-In-String,remove_all_adjacent_duplicates_in_string.adb,8,+ 1 -> + 0,elsif Top < Capacity then Top := Top + 1; Output (Top) := Input (I); end if;,elsif Top < Capacity then Top := Top + 0; Output (Top) := Input (I); end if;,killed
strings/SPARK2/Ada-SPARK-Remove-All-Adjacent-Duplicates-In-String,remove_all_adjacent_duplicates_in_string.adb,8,+ -> -,elsif Top < Capacity then Top := Top + 1; Output (Top) := Input (I); end if;,elsif Top < Capacity then Top := Top - 1; Output (Top) := Input (I); end if;,killed
strings/SPARK2/Ada-SPARK-Remove-All-Adjacent-Duplicates-In-String,remove_all_adjacent_duplicates_in_string.adb,8,< -> <=,elsif Top < Capacity then Top := Top + 1; Output (Top) := Input (I); end if;,elsif Top <= Capacity then Top := Top + 1; Output (Top) := Input (I); end if;,survived
strings/SPARK2/Ada-SPARK-Repeated-String-Match,repeated_string_match.adb,8,- 1 -> - 0,for S in 0 .. Source_Length - 1 loop,for S in 0 .. Source_Length - 0 loop,killed
strings/SPARK2/Ada-SPARK-Repeated-String-Match,repeated_string_match.adb,8,- -> +,for S in 0 .. Source_Length - 1 loop,for S in 0 .. Source_Length + 1 loop,killed
strings/SPARK2/Ada-SPARK-Reverse-Vowels-Of-A-String,reverse_vowels_of_a_string.adb,6,or else -> and then,return Value = 'a' or else Value = 'e' or else Value = 'i',return Value = 'a' or else Value = 'e' and then Value = 'i',stillborn
strings/SPARK2/Ada-SPARK-Reverse-Vowels-Of-A-String,reverse_vowels_of_a_string.adb,6,= -> /=,return Value = 'a' or else Value = 'e' or else Value = 'i',return Value /= 'a' or else Value = 'e' or else Value = 'i',killed
strings/SPARK2/Ada-SPARK-Reverse-Vowels-Of-A-String,reverse_vowels_of_a_string.adb,6,or else -> and then,return Value = 'a' or else Value = 'e' or else Value = 'i',return Value = 'a' and then Value = 'e' or else Value = 'i',stillborn
strings/SPARK2/Ada-SPARK-Reverse-Vowels-Of-A-String,reverse_vowels_of_a_string.adb,6,= -> /=,return Value = 'a' or else Value = 'e' or else Value = 'i',return Value = 'a' or else Value /= 'e' or else Value = 'i',killed
strings/SPARK2/Ada-SPARK-Reverse-Vowels-Of-A-String,reverse_vowels_of_a_string.adb,6,= -> /=,return Value = 'a' or else Value = 'e' or else Value = 'i',return Value = 'a' or else Value = 'e' or else Value /= 'i',killed
strings/SPARK2/Ada-SPARK-Reverse-Vowels-Of-A-String,reverse_vowels_of_a_string.adb,7,= -> /=,or else Value = 'o' or else Value = 'u';,or else Value /= 'o' or else Value = 'u';,killed
strings/SPARK2/Ada-SPARK-Reverse-Vowels-Of-A-String,reverse_vowels_of_a_string.adb,7,or else -> and then,or else Value = 'o' or else Value = 'u';,and then Value = 'o' or else Value = 'u';,stillborn
strings/SPARK2/Ada-SPARK-Reverse-Vowels-Of-A-String,reverse_vowels_of_a_string.adb,7,= -> /=,or else Value = 'o' or else Value = 'u';,or else Value = 'o' or else Value /= 'u';,killed
strings/SPARK2/Ada-SPARK-Reverse-Vowels-Of-A-String,reverse_vowels_of_a_string.adb,7,or else -> and then,or else Value = 'o' or else Value = 'u';,or else Value = 'o' and then Value = 'u';,stillborn
strings/SPARK2/Ada-SPARK-Reverse-Words-In-A-String-III,reverse_words_in_a_string_iii.adb,14,<= -> <,while Pos <= Length loop,while Pos < Length loop,survived
strings/SPARK2/Ada-SPARK-Reverse-Words-In-A-String-III,reverse_words_in_a_string_iii.adb,16,= -> /=,if Output (Index (Pos)) = ' ' then,if Output (Index (Pos)) /= ' ' then,timeout
strings/SPARK2/Ada-SPARK-Reverse-Words-In-A-String-III,reverse_words_in_a_string_iii.adb,17,+ 1 -> + 0,Pos := Pos + 1;,Pos := Pos + 0;,timeout
strings/SPARK2/Ada-SPARK-Reverse-Words-In-A-String-III,reverse_words_in_a_string_iii.adb,17,+ -> -,Pos := Pos + 1;,Pos := Pos - 1;,timeout
strings/SPARK2/Ada-SPARK-Reverse-Words-In-A-String-III,reverse_words_in_a_string_iii.adb,20,<= -> <,while Pos <= Length and then Output (Index (Pos)) /= ' ' loop,while Pos < Length and then Output (Index (Pos)) /= ' ' loop,timeout
strings/SPARK2/Ada-SPARK-Reverse-Words-In-A-String-III,reverse_words_in_a_string_iii.adb,20,and then -> or else,while Pos <= Length and then Output (Index (Pos)) /= ' ' loop,while Pos <= Length or else Output (Index (Pos)) /= ' ' loop,killed
strings/SPARK2/Ada-SPARK-Reverse-Words-In-A-String-III,reverse_words_in_a_string_iii.adb,20,/= -> =,while Pos <= Length and then Output (Index (Pos)) /= ' ' loop,while Pos <= Length and then Output (Index (Pos)) = ' ' loop,timeout
strings/SPARK2/Ada-SPARK-Reverse-Words-In-A-String-III,reverse_words_in_a_string_iii.adb,22,+ -> -,Pos := Pos + 1;,Pos := Pos - 1;,killed
strings/SPARK2/Ada-SPARK-Reverse-Words-In-A-String-III,reverse_words_in_a_string_iii.adb,22,+ 1 -> + 0,Pos := Pos + 1;,Pos := Pos + 0;,timeout
strings/SPARK2/Ada-SPARK-Reverse-Words-In-A-String-III,reverse_words_in_a_string_iii.adb,24,- -> +,Stop := Pos - 1;,Stop := Pos + 1;,killed
strings/SPARK2/Ada-SPARK-Reverse-Words-In-A-String-III,reverse_words_in_a_string_iii.adb,24,- 1 -> - 0,Stop := Pos - 1;,Stop := Pos - 0;,killed
strings/SPARK2/Ada-SPARK-Reverse-Words-In-A-String-III,reverse_words_in_a_string_iii.adb,25,< -> <=,while Start < Stop loop,while Start <= Stop loop,survived
strings/SPARK2/Ada-SPARK-Reverse-Words-In-A-String-III,reverse_words_in_a_string_iii.adb,30,+ -> -,Start := Start + 1;,Start := Start - 1;,killed
strings/SPARK2/Ada-SPARK-Reverse-Words-In-A-String-III,reverse_words_in_a_string_iii.adb,30,+ 1 -> + 0,Start := Start + 1;,Start := Start + 0;,killed
strings/SPARK2/Ada-SPARK-Reverse-Words-In-A-String-III,reverse_words_in_a_string_iii.adb,31,- 1 -> - 0,Stop := Stop - 1;,Stop := Stop - 0;,killed
strings/SPARK2/Ada-SPARK-Reverse-Words-In-A-String-III,reverse_words_in_a_string_iii.adb,31,- -> +,Stop := Stop - 1;,Stop := Stop + 1;,killed
strings/SPARK2/Ada-SPARK-Rotate-String,rotate_string.adb,9,= -> /=,if Length = 0 then,if Length /= 0 then,killed
strings/SPARK2/Ada-SPARK-Rotate-String,rotate_string.adb,13,> -> >=,exit when Shift > Length;,exit when Shift >= Length;,killed
strings/SPARK2/Ada-SPARK-Rotate-String,rotate_string.adb,17,> -> >=,exit when Offset > Length;,exit when Offset >= Length;,killed
strings/SPARK2/Ada-SPARK-Rotate-String,rotate_string.adb,18,/= -> =,if Left (Offset) /= Right (Index (Right_Pos)) then,if Left (Offset) = Right (Index (Right_Pos)) then,killed
strings/SPARK2/Ada-SPARK-Rotate-String,rotate_string.adb,21,+ 1 -> + 0,Right_Pos := Right_Pos + 1;,Right_Pos := Right_Pos + 0;,killed
strings/SPARK2/Ada-SPARK-Rotate-String,rotate_string.adb,21,+ -> -,Right_Pos := Right_Pos + 1;,Right_Pos := Right_Pos - 1;,killed
strings/SPARK2/Ada-SPARK-Rotate-String,rotate_string.adb,22,> -> >=,if Right_Pos > Length then,if Right_Pos >= Length then,killed
strings/SPARK2/Ada-SPARK-Sum-Of-Digits-Of-String-After-Convert,sum_digits_convert.adb,11,+ -> -,return D0 + D1 + D2 + D3;,return D0 + D1 - D2 + D3;,killed
strings/SPARK2/Ada-SPARK-Sum-Of-Digits-Of-String-After-Convert,sum_digits_convert.adb,11,+ -> -,return D0 + D1 + D2 + D3;,return D0 - D1 + D2 + D3;,killed
strings/SPARK2/Ada-SPARK-Sum-Of-Digits-Of-String-After-Convert,sum_digits_convert.adb,11,+ -> -,return D0 + D1 + D2 + D3;,return D0 + D1 + D2 - D3;,killed
strings/SPARK2/Ada-SPARK-Total-Hamming-Distance,total_hamming_distance.adb,10,/= -> =,"if (Interfaces.Shift_Right (Difference, Position) and 1) /= 0 then","if (Interfaces.Shift_Right (Difference, Position) and 1) = 0 then",killed
strings/SPARK2/Ada-SPARK-Total-Hamming-Distance,total_hamming_distance.adb,11,+ -> -,Result := Result + 1;,Result := Result - 1;,killed
strings/SPARK2/Ada-SPARK-Total-Hamming-Distance,total_hamming_distance.adb,11,+ 1 -> + 0,Result := Result + 1;,Result := Result + 0;,killed
strings/SPARK2/Ada-SPARK-Z-Algorithm,z_algorithm.adb,8,/= -> =,if Start /= Index'First then,if Start = Index'First then,killed
strings/SPARK2/Ada-SPARK-Z-Algorithm,z_algorithm.adb,10,< -> <=,while Offset < Text_Length,while Offset <= Text_Length,survived
strings/SPARK2/Ada-SPARK-Z-Algorithm,z_algorithm.adb,11,and then -> or else,and then Integer (Start) + Offset <= Text_Length,or else Integer (Start) + Offset <= Text_Length,killed
strings/SPARK2/Ada-SPARK-Z-Algorithm,z_algorithm.adb,11,+ -> -,and then Integer (Start) + Offset <= Text_Length,and then Integer (Start) - Offset <= Text_Length,killed
strings/SPARK2/Ada-SPARK-Z-Algorithm,z_algorithm.adb,11,<= -> <,and then Integer (Start) + Offset <= Text_Length,and then Integer (Start) + Offset < Text_Length,killed
strings/SPARK2/Ada-SPARK-Z-Algorithm,z_algorithm.adb,13,+ -> -,if Text (Index (1 + Offset)),if Text (Index (1 - Offset)),killed
strings/SPARK2/Ada-SPARK-Z-Algorithm,z_algorithm.adb,14,= -> /=,= Text (Index (Integer (Start) + Offset)),/= Text (Index (Integer (Start) + Offset)),killed
strings/SPARK2/Ada-SPARK-Z-Algorithm,z_algorithm.adb,14,+ -> -,= Text (Index (Integer (Start) + Offset)),= Text (Index (Integer (Start) - Offset)),killed
strings/SPARK2/Ada-SPARK-Z-Algorithm,z_algorithm.adb,16,+ -> -,Offset := Offset + 1;,Offset := Offset - 1;,killed
strings/SPARK2/Ada-SPARK-Z-Algorithm,z_algorithm.adb,16,+ 1 -> + 0,Offset := Offset + 1;,Offset := Offset + 0;,timeout
trees/SPARK2/Ada-SPARK-Balanced-Binary-Tree,balanced_binary_tree.adb,50,+ 1 -> + 0,"Walk (T, T.Lefts (N), D + 1, HL, OkL);","Walk (T, T.Lefts (N), D + 0, HL, OkL);",killed
trees/SPARK2/Ada-SPARK-Balanced-Binary-Tree,balanced_binary_tree.adb,39,- -> +,Subprogram_Variant => (Decreases => 32 - D),Subprogram_Variant => (Decreases => 32 + D),survived
trees/SPARK2/Ada-SPARK-Balanced-Binary-Tree,balanced_binary_tree.adb,61,+ -> -,"Walk (T, T.Rights (N), D + 1, HR, OkR);","Walk (T, T.Rights (N), D - 1, HR, OkR);",killed
trees/SPARK2/Ada-SPARK-Balanced-Binary-Tree,balanced_binary_tree.adb,50,+ -> -,"Walk (T, T.Lefts (N), D + 1, HL, OkL);","Walk (T, T.Lefts (N), D - 1, HL, OkL);",killed
trees/SPARK2/Ada-SPARK-Balanced-Binary-Tree,balanced_binary_tree.adb,46,= -> /=,if D = 31 then,if D /= 31 then,killed
trees/SPARK2/Ada-SPARK-Balanced-Binary-Tree,balanced_binary_tree.adb,75,or else -> and then,if Root = 0 or else not T.Used (Root) then,if Root = 0 and then not T.Used (Root) then,survived
trees/SPARK2/Ada-SPARK-Balanced-Binary-Tree,balanced_binary_tree.adb,45,/= -> =,if T.Lefts (N) /= 0 then,if T.Lefts (N) = 0 then,killed
trees/SPARK2/Ada-SPARK-Balanced-Binary-Tree,balanced_binary_tree.adb,56,/= -> =,if T.Rights (N) /= 0 then,if T.Rights (N) = 0 then,killed
trees/SPARK2/Ada-SPARK-Balanced-Binary-Tree,balanced_binary_tree.adb,68,+ -> -,"H := 1 + Natural'Max (HL, HR);","H := 1 - Natural'Max (HL, HR);",killed
trees/SPARK2/Ada-SPARK-Balanced-Binary-Tree,balanced_binary_tree.adb,67,- -> +,Ok := abs (HL - HR) <= 1;,Ok := abs (HL + HR) <= 1;,killed
trees/SPARK2/Ada-SPARK-Balanced-Binary-Tree,balanced_binary_tree.adb,57,= -> /=,if D = 31 then,if D /= 31 then,killed
trees/SPARK2/Ada-SPARK-Balanced-Binary-Tree,balanced_binary_tree.adb,67,<= -> <,Ok := abs (HL - HR) <= 1;,Ok := abs (HL - HR) < 1;,killed
trees/SPARK2/Ada-SPARK-Balanced-Binary-Tree,balanced_binary_tree.adb,75,= -> /=,if Root = 0 or else not T.Used (Root) then,if Root /= 0 or else not T.Used (Root) then,killed
trees/SPARK2/Ada-SPARK-Balanced-Binary-Tree,balanced_binary_tree.adb,61,+ 1 -> + 0,"Walk (T, T.Rights (N), D + 1, HR, OkR);","Walk (T, T.Rights (N), D + 0, HR, OkR);",killed
trees/SPARK2/Ada-SPARK-Binary-Tree-Inorder,binary_tree_inorder.adb,13,and then -> or else,if Current /= 0 and then T.Used (Current) and then Top < Index'Last then Top := Top + 1; Stack (Top),if Current /= 0 and then T.Used (Current) or else Top < Index'Last then Top := Top + 1; Stack (Top) ,stillborn
trees/SPARK2/Ada-SPARK-Binary-Tree-Inorder,binary_tree_inorder.adb,13,+ -> -,if Current /= 0 and then T.Used (Current) and then Top < Index'Last then Top := Top + 1; Stack (Top),if Current /= 0 and then T.Used (Current) and then Top < Index'Last then Top := Top - 1; Stack (Top),killed
trees/SPARK2/Ada-SPARK-Binary-Tree-Inorder,binary_tree_inorder.adb,13,< -> <=,if Current /= 0 and then T.Used (Current) and then Top < Index'Last then Top := Top + 1; Stack (Top),if Current /= 0 and then T.Used (Current) and then Top <= Index'Last then Top := Top + 1; Stack (Top,survived
trees/SPARK2/Ada-SPARK-Binary-Tree-Inorder,binary_tree_inorder.adb,13,/= -> =,if Current /= 0 and then T.Used (Current) and then Top < Index'Last then Top := Top + 1; Stack (Top),if Current = 0 and then T.Used (Current) and then Top < Index'Last then Top := Top + 1; Stack (Top) ,killed
trees/SPARK2/Ada-SPARK-Binary-Tree-Inorder,binary_tree_inorder.adb,13,and then -> or else,if Current /= 0 and then T.Used (Current) and then Top < Index'Last then Top := Top + 1; Stack (Top),if Current /= 0 or else T.Used (Current) and then Top < Index'Last then Top := Top + 1; Stack (Top) ,stillborn
trees/SPARK2/Ada-SPARK-Binary-Tree-Inorder,binary_tree_inorder.adb,13,+ 1 -> + 0,if Current /= 0 and then T.Used (Current) and then Top < Index'Last then Top := Top + 1; Stack (Top),if Current /= 0 and then T.Used (Current) and then Top < Index'Last then Top := Top + 0; Stack (Top),killed
trees/SPARK2/Ada-SPARK-Binary-Tree-Inorder,binary_tree_inorder.adb,14,- -> +,elsif Top /= 0 then Current := Stack (Top); Top := Top - 1; Total := Total + Long_Long_Integer (T.Va,elsif Top /= 0 then Current := Stack (Top); Top := Top + 1; Total := Total + Long_Long_Integer (T.Va,killed
trees/SPARK2/Ada-SPARK-Binary-Tree-Inorder,binary_tree_inorder.adb,14,+ -> -,elsif Top /= 0 then Current := Stack (Top); Top := Top - 1; Total := Total + Long_Long_Integer (T.Va,elsif Top /= 0 then Current := Stack (Top); Top := Top - 1; Total := Total - Long_Long_Integer (T.Va,killed
trees/SPARK2/Ada-SPARK-Binary-Tree-Inorder,binary_tree_inorder.adb,14,/= -> =,elsif Top /= 0 then Current := Stack (Top); Top := Top - 1; Total := Total + Long_Long_Integer (T.Va,elsif Top = 0 then Current := Stack (Top); Top := Top - 1; Total := Total + Long_Long_Integer (T.Val,stillborn
trees/SPARK2/Ada-SPARK-Binary-Tree-Inorder,binary_tree_inorder.adb,14,- 1 -> - 0,elsif Top /= 0 then Current := Stack (Top); Top := Top - 1; Total := Total + Long_Long_Integer (T.Va,elsif Top /= 0 then Current := Stack (Top); Top := Top - 0; Total := Total + Long_Long_Integer (T.Va,killed
trees/SPARK2/Ada-SPARK-Binary-Tree-Level-Order,binary_tree_level_order.adb,11,or else -> and then,if Root = 0 or else not T.Used (Root) then return 0; end if;,if Root = 0 and then not T.Used (Root) then return 0; end if;,survived
trees/SPARK2/Ada-SPARK-Binary-Tree-Level-Order,binary_tree_level_order.adb,11,= -> /=,if Root = 0 or else not T.Used (Root) then return 0; end if;,if Root /= 0 or else not T.Used (Root) then return 0; end if;,killed
trees/SPARK2/Ada-SPARK-Binary-Tree-Level-Order,binary_tree_level_order.adb,17,= -> /=,exit when Head = Tail;,exit when Head /= Tail;,killed
trees/SPARK2/Ada-SPARK-Binary-Tree-Level-Order,binary_tree_level_order.adb,18,+ -> -,if Head < Position'Last then Head := Head + 1; end if;,if Head < Position'Last then Head := Head - 1; end if;,killed
trees/SPARK2/Ada-SPARK-Binary-Tree-Level-Order,binary_tree_level_order.adb,18,< -> <=,if Head < Position'Last then Head := Head + 1; end if;,if Head <= Position'Last then Head := Head + 1; end if;,survived
trees/SPARK2/Ada-SPARK-Binary-Tree-Level-Order,binary_tree_level_order.adb,18,+ 1 -> + 0,if Head < Position'Last then Head := Head + 1; end if;,if Head < Position'Last then Head := Head + 0; end if;,killed
trees/SPARK2/Ada-SPARK-Binary-Tree-Level-Order,binary_tree_level_order.adb,20,+ -> -,if T.Used (N) then Total := Total + Long_Long_Integer (T.Values (N));,if T.Used (N) then Total := Total - Long_Long_Integer (T.Values (N));,killed
trees/SPARK2/Ada-SPARK-Binary-Tree-Level-Order,binary_tree_level_order.adb,21,and then -> or else,if T.Lefts (N) /= 0 and then Tail < Position'Last then,if T.Lefts (N) /= 0 or else Tail < Position'Last then,killed
trees/SPARK2/Ada-SPARK-Binary-Tree-Level-Order,binary_tree_level_order.adb,21,< -> <=,if T.Lefts (N) /= 0 and then Tail < Position'Last then,if T.Lefts (N) /= 0 and then Tail <= Position'Last then,survived
trees/SPARK2/Ada-SPARK-Binary-Tree-Level-Order,binary_tree_level_order.adb,21,/= -> =,if T.Lefts (N) /= 0 and then Tail < Position'Last then,if T.Lefts (N) = 0 and then Tail < Position'Last then,killed
trees/SPARK2/Ada-SPARK-Binary-Tree-Level-Order,binary_tree_level_order.adb,22,+ 1 -> + 0,Tail := Tail + 1; Queue (Tail) := T.Lefts (N);,Tail := Tail + 0; Queue (Tail) := T.Lefts (N);,killed
trees/SPARK2/Ada-SPARK-Binary-Tree-Level-Order,binary_tree_level_order.adb,22,+ -> -,Tail := Tail + 1; Queue (Tail) := T.Lefts (N);,Tail := Tail - 1; Queue (Tail) := T.Lefts (N);,killed
trees/SPARK2/Ada-SPARK-Binary-Tree-Level-Order,binary_tree_level_order.adb,24,/= -> =,if T.Rights (N) /= 0 and then Tail < Position'Last then,if T.Rights (N) = 0 and then Tail < Position'Last then,killed
trees/SPARK2/Ada-SPARK-Binary-Tree-Level-Order,binary_tree_level_order.adb,24,and then -> or else,if T.Rights (N) /= 0 and then Tail < Position'Last then,if T.Rights (N) /= 0 or else Tail < Position'Last then,killed
trees/SPARK2/Ada-SPARK-Binary-Tree-Level-Order,binary_tree_level_order.adb,24,< -> <=,if T.Rights (N) /= 0 and then Tail < Position'Last then,if T.Rights (N) /= 0 and then Tail <= Position'Last then,survived
trees/SPARK2/Ada-SPARK-Binary-Tree-Level-Order,binary_tree_level_order.adb,25,+ -> -,Tail := Tail + 1; Queue (Tail) := T.Rights (N);,Tail := Tail - 1; Queue (Tail) := T.Rights (N);,killed
trees/SPARK2/Ada-SPARK-Binary-Tree-Level-Order,binary_tree_level_order.adb,25,+ 1 -> + 0,Tail := Tail + 1; Queue (Tail) := T.Rights (N);,Tail := Tail + 0; Queue (Tail) := T.Rights (N);,killed
trees/SPARK2/Ada-SPARK-Binary-Tree-Max-Depth,binary_tree_max_depth.adb,46,or else -> and then,if Root = 0 or else not T.Used (Root) then,if Root = 0 and then not T.Used (Root) then,survived
trees/SPARK2/Ada-SPARK-Binary-Tree-Max-Depth,binary_tree_max_depth.adb,46,= -> /=,if Root = 0 or else not T.Used (Root) then,if Root /= 0 or else not T.Used (Root) then,killed
trees/SPARK2/Ada-SPARK-Binary-Tree-Max-Depth,binary_tree_max_depth.adb,54,= -> /=,if Top = 0 then,if Top /= 0 then,stillborn
trees/SPARK2/Ada-SPARK-Binary-Tree-Max-Depth,binary_tree_max_depth.adb,61,- 1 -> - 0,Top := Top - 1;,Top := Top - 0;,killed
trees/SPARK2/Ada-SPARK-Binary-Tree-Max-Depth,binary_tree_max_depth.adb,61,- -> +,Top := Top - 1;,Top := Top + 1;,killed
trees/SPARK2/Ada-SPARK-Binary-Tree-Max-Depth,binary_tree_max_depth.adb,63,> -> >=,if D > Best then,if D >= Best then,survived
trees/SPARK2/Ada-SPARK-Binary-Tree-Max-Depth,binary_tree_max_depth.adb,66,< -> <=,if D < Depth'Last then,if D <= Depth'Last then,survived
trees/SPARK2/Ada-SPARK-Binary-Tree-Max-Depth,binary_tree_max_depth.adb,67,and then -> or else,if T.Lefts (N) /= 0 and then Top < Stack_Position'Last then,if T.Lefts (N) /= 0 or else Top < Stack_Position'Last then,survived
trees/SPARK2/Ada-SPARK-Binary-Tree-Max-Depth,binary_tree_max_depth.adb,67,< -> <=,if T.Lefts (N) /= 0 and then Top < Stack_Position'Last then,if T.Lefts (N) /= 0 and then Top <= Stack_Position'Last then,survived
trees/SPARK2/Ada-SPARK-Binary-Tree-Max-Depth,binary_tree_max_depth.adb,67,/= -> =,if T.Lefts (N) /= 0 and then Top < Stack_Position'Last then,if T.Lefts (N) = 0 and then Top < Stack_Position'Last then,killed
trees/SPARK2/Ada-SPARK-Binary-Tree-Max-Depth,binary_tree_max_depth.adb,68,+ 1 -> + 0,Top := Top + 1;,Top := Top + 0;,killed
trees/SPARK2/Ada-SPARK-Binary-Tree-Max-Depth,binary_tree_max_depth.adb,68,+ -> -,Top := Top + 1;,Top := Top - 1;,killed
trees/SPARK2/Ada-SPARK-Binary-Tree-Max-Depth,binary_tree_max_depth.adb,70,+ -> -,Levels (Top) := D + 1;,Levels (Top) := D - 1;,killed
trees/SPARK2/Ada-SPARK-Binary-Tree-Max-Depth,binary_tree_max_depth.adb,70,+ 1 -> + 0,Levels (Top) := D + 1;,Levels (Top) := D + 0;,killed
trees/SPARK2/Ada-SPARK-Binary-Tree-Max-Depth,binary_tree_max_depth.adb,72,< -> <=,if T.Rights (N) /= 0 and then Top < Stack_Position'Last then,if T.Rights (N) /= 0 and then Top <= Stack_Position'Last then,survived
trees/SPARK2/Ada-SPARK-Binary-Tree-Max-Depth,binary_tree_max_depth.adb,72,and then -> or else,if T.Rights (N) /= 0 and then Top < Stack_Position'Last then,if T.Rights (N) /= 0 or else Top < Stack_Position'Last then,survived
trees/SPARK2/Ada-SPARK-Binary-Tree-Max-Depth,binary_tree_max_depth.adb,73,+ 1 -> + 0,Top := Top + 1;,Top := Top + 0;,killed
trees/SPARK2/Ada-SPARK-Binary-Tree-Max-Depth,binary_tree_max_depth.adb,73,+ -> -,Top := Top + 1;,Top := Top - 1;,killed
trees/SPARK2/Ada-SPARK-Binary-Tree-Max-Depth,binary_tree_max_depth.adb,75,+ -> -,Levels (Top) := D + 1;,Levels (Top) := D - 1;,killed
trees/SPARK2/Ada-SPARK-Binary-Tree-Max-Depth,binary_tree_max_depth.adb,75,+ 1 -> + 0,Levels (Top) := D + 1;,Levels (Top) := D + 0;,killed
trees/SPARK2/Ada-SPARK-Binary-Tree-Min-Depth,binary_tree_min_depth.adb,46,or else -> and then,if Root = 0 or else not T.Used (Root) then,if Root = 0 and then not T.Used (Root) then,survived
trees/SPARK2/Ada-SPARK-Binary-Tree-Min-Depth,binary_tree_min_depth.adb,46,= -> /=,if Root = 0 or else not T.Used (Root) then,if Root /= 0 or else not T.Used (Root) then,killed
trees/SPARK2/Ada-SPARK-Binary-Tree-Min-Depth,binary_tree_min_depth.adb,54,= -> /=,if Top = 0 then,if Top /= 0 then,stillborn
trees/SPARK2/Ada-SPARK-Binary-Tree-Min-Depth,binary_tree_min_depth.adb,61,= -> /=,T.Used (N) and then T.Lefts (N) = 0 and then T.Rights (N) = 0;,T.Used (N) and then T.Lefts (N) = 0 and then T.Rights (N) /= 0;,killed
trees/SPARK2/Ada-SPARK-Binary-Tree-Min-Depth,binary_tree_min_depth.adb,61,and then -> or else,T.Used (N) and then T.Lefts (N) = 0 and then T.Rights (N) = 0;,T.Used (N) and then T.Lefts (N) = 0 or else T.Rights (N) = 0;,stillborn
trees/SPARK2/Ada-SPARK-Binary-Tree-Min-Depth,binary_tree_min_depth.adb,61,= -> /=,T.Used (N) and then T.Lefts (N) = 0 and then T.Rights (N) = 0;,T.Used (N) and then T.Lefts (N) /= 0 and then T.Rights (N) = 0;,killed
trees/SPARK2/Ada-SPARK-Binary-Tree-Min-Depth,binary_tree_min_depth.adb,61,and then -> or else,T.Used (N) and then T.Lefts (N) = 0 and then T.Rights (N) = 0;,T.Used (N) or else T.Lefts (N) = 0 and then T.Rights (N) = 0;,stillborn
trees/SPARK2/Ada-SPARK-Binary-Tree-Min-Depth,binary_tree_min_depth.adb,63,- -> +,Top := Top - 1;,Top := Top + 1;,killed
trees/SPARK2/Ada-SPARK-Binary-Tree-Min-Depth,binary_tree_min_depth.adb,63,- 1 -> - 0,Top := Top - 1;,Top := Top - 0;,killed
trees/SPARK2/Ada-SPARK-Binary-Tree-Min-Depth,binary_tree_min_depth.adb,64,< -> <=,if Is_Leaf and then D < Best then,if Is_Leaf and then D <= Best then,survived
trees/SPARK2/Ada-SPARK-Binary-Tree-Min-Depth,binary_tree_min_depth.adb,66,< -> <=,elsif T.Used (N) and then D < Depth'Last then,elsif T.Used (N) and then D <= Depth'Last then,survived
trees/SPARK2/Ada-SPARK-Binary-Tree-Min-Depth,binary_tree_min_depth.adb,67,/= -> =,if T.Lefts (N) /= 0 and then Top < Stack_Position'Last then,if T.Lefts (N) = 0 and then Top < Stack_Position'Last then,killed
trees/SPARK2/Ada-SPARK-Binary-Tree-Min-Depth,binary_tree_min_depth.adb,67,< -> <=,if T.Lefts (N) /= 0 and then Top < Stack_Position'Last then,if T.Lefts (N) /= 0 and then Top <= Stack_Position'Last then,survived
trees/SPARK2/Ada-SPARK-Binary-Tree-Min-Depth,binary_tree_min_depth.adb,68,+ -> -,Top := Top + 1;,Top := Top - 1;,killed
trees/SPARK2/Ada-SPARK-Binary-Tree-Min-Depth,binary_tree_min_depth.adb,70,+ -> -,Levels (Top) := D + 1;,Levels (Top) := D - 1;,killed
trees/SPARK2/Ada-SPARK-Binary-Tree-Min-Depth,binary_tree_min_depth.adb,72,< -> <=,if T.Rights (N) /= 0 and then Top < Stack_Position'Last then,if T.Rights (N) /= 0 and then Top <= Stack_Position'Last then,survived
trees/SPARK2/Ada-SPARK-Binary-Tree-Min-Depth,binary_tree_min_depth.adb,73,+ -> -,Top := Top + 1;,Top := Top - 1;,killed
trees/SPARK2/Ada-SPARK-Binary-Tree-Min-Depth,binary_tree_min_depth.adb,73,+ 1 -> + 0,Top := Top + 1;,Top := Top + 0;,killed
trees/SPARK2/Ada-SPARK-Binary-Tree-Min-Depth,binary_tree_min_depth.adb,75,+ -> -,Levels (Top) := D + 1;,Levels (Top) := D - 1;,killed
trees/SPARK2/Ada-SPARK-Binary-Tree-Min-Depth,binary_tree_min_depth.adb,81,= -> /=,if Best = Depth'Last then,if Best /= Depth'Last then,killed
trees/SPARK2/Ada-SPARK-Binary-Tree-Postorder,binary_tree_postorder.adb,44,or else -> and then,if Root = 0 or else not T.Used (Root) then return 0; end if;,if Root = 0 and then not T.Used (Root) then return 0; end if;,survived
trees/SPARK2/Ada-SPARK-Binary-Tree-Postorder,binary_tree_postorder.adb,44,= -> /=,if Root = 0 or else not T.Used (Root) then return 0; end if;,if Root /= 0 or else not T.Used (Root) then return 0; end if;,killed
trees/SPARK2/Ada-SPARK-Binary-Tree-Postorder,binary_tree_postorder.adb,48,> -> >=,if Top > 0 then,if Top >= 0 then,killed
trees/SPARK2/Ada-SPARK-Binary-Tree-Postorder,binary_tree_postorder.adb,52,> -> >=,Top := Top - 1; if T.Values (N) > 0 then,Top := Top - 1; if T.Values (N) >= 0 then,survived
trees/SPARK2/Ada-SPARK-Binary-Tree-Postorder,binary_tree_postorder.adb,52,- -> +,Top := Top - 1; if T.Values (N) > 0 then,Top := Top + 1; if T.Values (N) > 0 then,killed
trees/SPARK2/Ada-SPARK-Binary-Tree-Postorder,binary_tree_postorder.adb,53,<= -> <,if Total <= Sum'Last - T.Values (N) then,if Total < Sum'Last - T.Values (N) then,survived
trees/SPARK2/Ada-SPARK-Binary-Tree-Postorder,binary_tree_postorder.adb,53,- -> +,if Total <= Sum'Last - T.Values (N) then,if Total <= Sum'Last + T.Values (N) then,survived
trees/SPARK2/Ada-SPARK-Binary-Tree-Postorder,binary_tree_postorder.adb,54,+ -> -,Total := Total + T.Values (N);,Total := Total - T.Values (N);,killed
trees/SPARK2/Ada-SPARK-Binary-Tree-Postorder,binary_tree_postorder.adb,56,- -> +,elsif Total >= Sum'First - T.Values (N) then,elsif Total >= Sum'First + T.Values (N) then,survived
trees/SPARK2/Ada-SPARK-Binary-Tree-Postorder,binary_tree_postorder.adb,56,>= -> >,elsif Total >= Sum'First - T.Values (N) then,elsif Total > Sum'First - T.Values (N) then,survived
trees/SPARK2/Ada-SPARK-Binary-Tree-Postorder,binary_tree_postorder.adb,57,+ -> -,Total := Total + T.Values (N);,Total := Total - T.Values (N);,killed
trees/SPARK2/Ada-SPARK-Binary-Tree-Postorder,binary_tree_postorder.adb,61,and then -> or else,if T.Rights (N) /= 0 and then Top < Stack_Position'Last then,if T.Rights (N) /= 0 or else Top < Stack_Position'Last then,killed
trees/SPARK2/Ada-SPARK-Binary-Tree-Postorder,binary_tree_postorder.adb,61,/= -> =,if T.Rights (N) /= 0 and then Top < Stack_Position'Last then,if T.Rights (N) = 0 and then Top < Stack_Position'Last then,killed
trees/SPARK2/Ada-SPARK-Binary-Tree-Postorder,binary_tree_postorder.adb,62,+ -> -,Top := Top + 1; Nodes (Top) := T.Rights (N); Flags (Top) := False;,Top := Top - 1; Nodes (Top) := T.Rights (N); Flags (Top) := False;,killed
trees/SPARK2/Ada-SPARK-Binary-Tree-Postorder,binary_tree_postorder.adb,62,+ 1 -> + 0,Top := Top + 1; Nodes (Top) := T.Rights (N); Flags (Top) := False;,Top := Top + 0; Nodes (Top) := T.Rights (N); Flags (Top) := False;,killed
trees/SPARK2/Ada-SPARK-Binary-Tree-Postorder,binary_tree_postorder.adb,64,< -> <=,if T.Lefts (N) /= 0 and then Top < Stack_Position'Last then,if T.Lefts (N) /= 0 and then Top <= Stack_Position'Last then,survived
trees/SPARK2/Ada-SPARK-Binary-Tree-Postorder,binary_tree_postorder.adb,64,/= -> =,if T.Lefts (N) /= 0 and then Top < Stack_Position'Last then,if T.Lefts (N) = 0 and then Top < Stack_Position'Last then,killed
trees/SPARK2/Ada-SPARK-Binary-Tree-Postorder,binary_tree_postorder.adb,64,and then -> or else,if T.Lefts (N) /= 0 and then Top < Stack_Position'Last then,if T.Lefts (N) /= 0 or else Top < Stack_Position'Last then,killed
trees/SPARK2/Ada-SPARK-Binary-Tree-Postorder,binary_tree_postorder.adb,65,+ -> -,Top := Top + 1; Nodes (Top) := T.Lefts (N); Flags (Top) := False;,Top := Top - 1; Nodes (Top) := T.Lefts (N); Flags (Top) := False;,killed
trees/SPARK2/Ada-SPARK-Binary-Tree-Postorder,binary_tree_postorder.adb,65,+ 1 -> + 0,Top := Top + 1; Nodes (Top) := T.Lefts (N); Flags (Top) := False;,Top := Top + 0; Nodes (Top) := T.Lefts (N); Flags (Top) := False;,killed
trees/SPARK2/Ada-SPARK-Binary-Tree-Preorder,binary_tree_preorder.adb,10,= -> /=,if Current = 0 then return 0; end if; Top := 1; Stack (Top) := Current;,if Current /= 0 then return 0; end if; Top := 1; Stack (Top) := Current;,killed
trees/SPARK2/Ada-SPARK-Binary-Tree-Preorder,binary_tree_preorder.adb,14,- 1 -> - 0,exit when Top = 0; Current := Stack (Top); Top := Top - 1;,exit when Top = 0; Current := Stack (Top); Top := Top - 0;,killed
trees/SPARK2/Ada-SPARK-Binary-Tree-Preorder,binary_tree_preorder.adb,14,= -> /=,exit when Top = 0; Current := Stack (Top); Top := Top - 1;,exit when Top /= 0; Current := Stack (Top); Top := Top - 1;,killed
trees/SPARK2/Ada-SPARK-Binary-Tree-Preorder,binary_tree_preorder.adb,14,- -> +,exit when Top = 0; Current := Stack (Top); Top := Top - 1;,exit when Top = 0; Current := Stack (Top); Top := Top + 1;,killed
trees/SPARK2/Ada-SPARK-Binary-Tree-Preorder,binary_tree_preorder.adb,15,+ -> -,if T.Used (Current) then Total := Total + Long_Long_Integer (T.Values (Current));,if T.Used (Current) then Total := Total - Long_Long_Integer (T.Values (Current));,killed
trees/SPARK2/Ada-SPARK-Binary-Tree-Preorder,binary_tree_preorder.adb,16,/= -> =,if T.Rights (Current) /= 0 and then Top < Index'Last then Top := Top + 1; Stack (Top) := T.Rights (C,if T.Rights (Current) = 0 and then Top < Index'Last then Top := Top + 1; Stack (Top) := T.Rights (Cu,killed
trees/SPARK2/Ada-SPARK-Binary-Tree-Preorder,binary_tree_preorder.adb,16,+ -> -,if T.Rights (Current) /= 0 and then Top < Index'Last then Top := Top + 1; Stack (Top) := T.Rights (C,if T.Rights (Current) /= 0 and then Top < Index'Last then Top := Top - 1; Stack (Top) := T.Rights (C,killed
trees/SPARK2/Ada-SPARK-Binary-Tree-Preorder,binary_tree_preorder.adb,16,and then -> or else,if T.Rights (Current) /= 0 and then Top < Index'Last then Top := Top + 1; Stack (Top) := T.Rights (C,if T.Rights (Current) /= 0 or else Top < Index'Last then Top := Top + 1; Stack (Top) := T.Rights (Cu,killed
trees/SPARK2/Ada-SPARK-Binary-Tree-Preorder,binary_tree_preorder.adb,16,+ 1 -> + 0,if T.Rights (Current) /= 0 and then Top < Index'Last then Top := Top + 1; Stack (Top) := T.Rights (C,if T.Rights (Current) /= 0 and then Top < Index'Last then Top := Top + 0; Stack (Top) := T.Rights (C,killed
trees/SPARK2/Ada-SPARK-Binary-Tree-Preorder,binary_tree_preorder.adb,16,< -> <=,if T.Rights (Current) /= 0 and then Top < Index'Last then Top := Top + 1; Stack (Top) := T.Rights (C,if T.Rights (Current) /= 0 and then Top <= Index'Last then Top := Top + 1; Stack (Top) := T.Rights (,survived
trees/SPARK2/Ada-SPARK-Binary-Tree-Preorder,binary_tree_preorder.adb,17,+ 1 -> + 0,if T.Lefts (Current) /= 0 and then Top < Index'Last then Top := Top + 1; Stack (Top) := T.Lefts (Cur,if T.Lefts (Current) /= 0 and then Top < Index'Last then Top := Top + 0; Stack (Top) := T.Lefts (Cur,killed
trees/SPARK2/Ada-SPARK-Binary-Tree-Preorder,binary_tree_preorder.adb,17,< -> <=,if T.Lefts (Current) /= 0 and then Top < Index'Last then Top := Top + 1; Stack (Top) := T.Lefts (Cur,if T.Lefts (Current) /= 0 and then Top <= Index'Last then Top := Top + 1; Stack (Top) := T.Lefts (Cu,survived
trees/SPARK2/Ada-SPARK-Binary-Tree-Preorder,binary_tree_preorder.adb,17,+ -> -,if T.Lefts (Current) /= 0 and then Top < Index'Last then Top := Top + 1; Stack (Top) := T.Lefts (Cur,if T.Lefts (Current) /= 0 and then Top < Index'Last then Top := Top - 1; Stack (Top) := T.Lefts (Cur,killed
trees/SPARK2/Ada-SPARK-Binary-Tree-Preorder,binary_tree_preorder.adb,17,/= -> =,if T.Lefts (Current) /= 0 and then Top < Index'Last then Top := Top + 1; Stack (Top) := T.Lefts (Cur,if T.Lefts (Current) = 0 and then Top < Index'Last then Top := Top + 1; Stack (Top) := T.Lefts (Curr,killed
trees/SPARK2/Ada-SPARK-Binary-Tree-Preorder,binary_tree_preorder.adb,17,and then -> or else,if T.Lefts (Current) /= 0 and then Top < Index'Last then Top := Top + 1; Stack (Top) := T.Lefts (Cur,if T.Lefts (Current) /= 0 or else Top < Index'Last then Top := Top + 1; Stack (Top) := T.Lefts (Curr,killed
trees/SPARK2/Ada-SPARK-Convert-BST-To-Greater-Tree,convert_bst_to_greater_tree.adb,9,+ -> -,Running := Running + Input (I);,Running := Running - Input (I);,killed
trees/SPARK2/Ada-SPARK-Count-Binary-Substrings,count_binary_substrings.adb,11,> -> >=,exit when I > Length;,exit when I >= Length;,killed
trees/SPARK2/Ada-SPARK-Count-Binary-Substrings,count_binary_substrings.adb,12,= -> /=,Same := Input (I) = Previous;,Same := Input (I) /= Previous;,killed
trees/SPARK2/Ada-SPARK-Count-Binary-Substrings,count_binary_substrings.adb,14,+ -> -,Current_Run := Current_Run + 1;,Current_Run := Current_Run - 1;,killed
trees/SPARK2/Ada-SPARK-Count-Binary-Substrings,count_binary_substrings.adb,14,+ 1 -> + 0,Current_Run := Current_Run + 1;,Current_Run := Current_Run + 0;,killed
trees/SPARK2/Ada-SPARK-Count-Binary-Substrings,count_binary_substrings.adb,16,> -> >=,if Current_Run > 0 then,if Current_Run >= 0 then,survived
trees/SPARK2/Ada-SPARK-Count-Binary-Substrings,count_binary_substrings.adb,17,< -> <=,if Previous_Run < Current_Run then,if Previous_Run <= Current_Run then,survived
trees/SPARK2/Ada-SPARK-Count-Binary-Substrings,count_binary_substrings.adb,18,<= -> <,if Answer <= Count_Type'Last - Count_Type (Previous_Run) then,if Answer < Count_Type'Last - Count_Type (Previous_Run) then,survived
trees/SPARK2/Ada-SPARK-Count-Binary-Substrings,count_binary_substrings.adb,18,- -> +,if Answer <= Count_Type'Last - Count_Type (Previous_Run) then,if Answer <= Count_Type'Last + Count_Type (Previous_Run) then,survived
trees/SPARK2/Ada-SPARK-Count-Binary-Substrings,count_binary_substrings.adb,19,+ -> -,Answer := Answer + Count_Type (Previous_Run);,Answer := Answer - Count_Type (Previous_Run);,killed
trees/SPARK2/Ada-SPARK-Count-Binary-Substrings,count_binary_substrings.adb,24,- -> +,if Answer <= Count_Type'Last - Count_Type (Current_Run) then,if Answer <= Count_Type'Last + Count_Type (Current_Run) then,survived
trees/SPARK2/Ada-SPARK-Count-Binary-Substrings,count_binary_substrings.adb,24,<= -> <,if Answer <= Count_Type'Last - Count_Type (Current_Run) then,if Answer < Count_Type'Last - Count_Type (Current_Run) then,survived
trees/SPARK2/Ada-SPARK-Count-Binary-Substrings,count_binary_substrings.adb,25,+ -> -,Answer := Answer + Count_Type (Current_Run);,Answer := Answer - Count_Type (Current_Run);,killed
trees/SPARK2/Ada-SPARK-Count-Binary-Substrings,count_binary_substrings.adb,38,< -> <=,if Previous_Run < Current_Run then,if Previous_Run <= Current_Run then,survived
trees/SPARK2/Ada-SPARK-Count-Binary-Substrings,count_binary_substrings.adb,39,<= -> <,if Answer <= Count_Type'Last - Count_Type (Previous_Run) then,if Answer < Count_Type'Last - Count_Type (Previous_Run) then,survived
trees/SPARK2/Ada-SPARK-Count-Binary-Substrings,count_binary_substrings.adb,39,- -> +,if Answer <= Count_Type'Last - Count_Type (Previous_Run) then,if Answer <= Count_Type'Last + Count_Type (Previous_Run) then,survived
trees/SPARK2/Ada-SPARK-Count-Binary-Substrings,count_binary_substrings.adb,40,+ -> -,Answer := Answer + Count_Type (Previous_Run);,Answer := Answer - Count_Type (Previous_Run);,killed
trees/SPARK2/Ada-SPARK-Count-Binary-Substrings,count_binary_substrings.adb,45,<= -> <,if Answer <= Count_Type'Last - Count_Type (Current_Run) then,if Answer < Count_Type'Last - Count_Type (Current_Run) then,survived
trees/SPARK2/Ada-SPARK-Count-Binary-Substrings,count_binary_substrings.adb,45,- -> +,if Answer <= Count_Type'Last - Count_Type (Current_Run) then,if Answer <= Count_Type'Last + Count_Type (Current_Run) then,survived
trees/SPARK2/Ada-SPARK-Count-Binary-Substrings,count_binary_substrings.adb,46,+ -> -,Answer := Answer + Count_Type (Current_Run);,Answer := Answer - Count_Type (Current_Run);,killed
trees/SPARK2/Ada-SPARK-Diameter-Of-Binary-Tree,diameter_of_binary_tree.adb,46,= -> /=,if Root = 0 or else not T.Used (Root) then,if Root /= 0 or else not T.Used (Root) then,killed
trees/SPARK2/Ada-SPARK-Diameter-Of-Binary-Tree,diameter_of_binary_tree.adb,52,+ -> -,Node_Index (((Step - 1) mod 15) + 1);,Node_Index (((Step - 1) mod 15) - 1);,killed
trees/SPARK2/Ada-SPARK-Diameter-Of-Binary-Tree,diameter_of_binary_tree.adb,52,- 1 -> - 0,Node_Index (((Step - 1) mod 15) + 1);,Node_Index (((Step - 0) mod 15) + 1);,survived
trees/SPARK2/Ada-SPARK-Diameter-Of-Binary-Tree,diameter_of_binary_tree.adb,52,- -> +,Node_Index (((Step - 1) mod 15) + 1);,Node_Index (((Step + 1) mod 15) + 1);,survived
trees/SPARK2/Ada-SPARK-Diameter-Of-Binary-Tree,diameter_of_binary_tree.adb,58,/= -> =,if T.Lefts (N) /= 0 and then T.Used (T.Lefts (N)) then,if T.Lefts (N) = 0 and then T.Used (T.Lefts (N)) then,killed
trees/SPARK2/Ada-SPARK-Diameter-Of-Binary-Tree,diameter_of_binary_tree.adb,61,and then -> or else,if T.Rights (N) /= 0 and then T.Used (T.Rights (N)) then,if T.Rights (N) /= 0 or else T.Used (T.Rights (N)) then,survived
trees/SPARK2/Ada-SPARK-Diameter-Of-Binary-Tree,diameter_of_binary_tree.adb,65,< -> <=,if L < Depth'Last then,if L <= Depth'Last then,survived
trees/SPARK2/Ada-SPARK-Diameter-Of-Binary-Tree,diameter_of_binary_tree.adb,66,+ 1 -> + 0,H := L + 1;,H := L + 0;,killed
trees/SPARK2/Ada-SPARK-Diameter-Of-Binary-Tree,diameter_of_binary_tree.adb,66,+ -> -,H := L + 1;,H := L - 1;,killed
trees/SPARK2/Ada-SPARK-Diameter-Of-Binary-Tree,diameter_of_binary_tree.adb,70,< -> <=,elsif R < Depth'Last then,elsif R <= Depth'Last then,survived
trees/SPARK2/Ada-SPARK-Diameter-Of-Binary-Tree,diameter_of_binary_tree.adb,71,+ -> -,H := R + 1;,H := R - 1;,killed
trees/SPARK2/Ada-SPARK-Diameter-Of-Binary-Tree,diameter_of_binary_tree.adb,83,= -> /=,if Top = 0 then,if Top /= 0 then,stillborn
trees/SPARK2/Ada-SPARK-Diameter-Of-Binary-Tree,diameter_of_binary_tree.adb,90,- -> +,Top := Top - 1;,Top := Top + 1;,killed
trees/SPARK2/Ada-SPARK-Diameter-Of-Binary-Tree,diameter_of_binary_tree.adb,92,and then -> or else,if T.Lefts (N) /= 0 and then T.Used (T.Lefts (N)) then,if T.Lefts (N) /= 0 or else T.Used (T.Lefts (N)) then,survived
trees/SPARK2/Ada-SPARK-Diameter-Of-Binary-Tree,diameter_of_binary_tree.adb,93,/= -> =,if T.Rights (N) /= 0 and then T.Used (T.Rights (N)) then,if T.Rights (N) = 0 and then T.Used (T.Rights (N)) then,killed
trees/SPARK2/Ada-SPARK-Diameter-Of-Binary-Tree,diameter_of_binary_tree.adb,99,> -> >=,if Total > Diameter_Value'Last then,if Total >= Diameter_Value'Last then,survived
trees/SPARK2/Ada-SPARK-Diameter-Of-Binary-Tree,diameter_of_binary_tree.adb,111,> -> >=,if Through > Best then,if Through >= Best then,survived
trees/SPARK2/Ada-SPARK-Diameter-Of-Binary-Tree,diameter_of_binary_tree.adb,114,and then -> or else,if T.Lefts (N) /= 0 and then Top < Stack_Position'Last then,if T.Lefts (N) /= 0 or else Top < Stack_Position'Last then,survived
trees/SPARK2/Ada-SPARK-Diameter-Of-Binary-Tree,diameter_of_binary_tree.adb,118,< -> <=,if T.Rights (N) /= 0 and then Top < Stack_Position'Last then,if T.Rights (N) /= 0 and then Top <= Stack_Position'Last then,survived
trees/SPARK2/Ada-SPARK-Diameter-Of-Binary-Tree,diameter_of_binary_tree.adb,119,+ 1 -> + 0,Top := Top + 1;,Top := Top + 0;,killed
trees/SPARK2/Ada-SPARK-Get-Equal-Substrings-Within-Budget,get_equal_substrings_within_budget.adb,11,>= -> >,if Finish >= Start then,if Finish > Start then,killed
trees/SPARK2/Ada-SPARK-Get-Equal-Substrings-Within-Budget,get_equal_substrings_within_budget.adb,12,>= -> >,if Source (Finish) >= Target (Finish) then,if Source (Finish) > Target (Finish) then,survived
trees/SPARK2/Ada-SPARK-Get-Equal-Substrings-Within-Budget,get_equal_substrings_within_budget.adb,13,- -> +,Difference := Source (Finish) - Target (Finish);,Difference := Source (Finish) + Target (Finish);,killed
trees/SPARK2/Ada-SPARK-Get-Equal-Substrings-Within-Budget,get_equal_substrings_within_budget.adb,15,- -> +,Difference := Target (Finish) - Source (Finish);,Difference := Target (Finish) + Source (Finish);,killed
trees/SPARK2/Ada-SPARK-Get-Equal-Substrings-Within-Budget,get_equal_substrings_within_budget.adb,17,- -> +,if Cost <= Budget_Count'Last - Difference then,if Cost <= Budget_Count'Last + Difference then,survived
trees/SPARK2/Ada-SPARK-Get-Equal-Substrings-Within-Budget,get_equal_substrings_within_budget.adb,17,<= -> <,if Cost <= Budget_Count'Last - Difference then,if Cost < Budget_Count'Last - Difference then,survived
trees/SPARK2/Ada-SPARK-Get-Equal-Substrings-Within-Budget,get_equal_substrings_within_budget.adb,18,+ -> -,Cost := Cost + Difference;,Cost := Cost - Difference;,killed
trees/SPARK2/Ada-SPARK-Get-Equal-Substrings-Within-Budget,get_equal_substrings_within_budget.adb,22,<= -> <,if Cost <= Budget then,if Cost < Budget then,killed
trees/SPARK2/Ada-SPARK-Get-Equal-Substrings-Within-Budget,get_equal_substrings_within_budget.adb,23,+ 1 -> + 0,if Finish - Start + 1 > Length then,if Finish - Start + 0 > Length then,killed
trees/SPARK2/Ada-SPARK-Get-Equal-Substrings-Within-Budget,get_equal_substrings_within_budget.adb,23,> -> >=,if Finish - Start + 1 > Length then,if Finish - Start + 1 >= Length then,survived
trees/SPARK2/Ada-SPARK-Get-Equal-Substrings-Within-Budget,get_equal_substrings_within_budget.adb,23,+ -> -,if Finish - Start + 1 > Length then,if Finish - Start - 1 > Length then,killed
trees/SPARK2/Ada-SPARK-Get-Equal-Substrings-Within-Budget,get_equal_substrings_within_budget.adb,23,- -> +,if Finish - Start + 1 > Length then,if Finish + Start + 1 > Length then,killed
trees/SPARK2/Ada-SPARK-Get-Equal-Substrings-Within-Budget,get_equal_substrings_within_budget.adb,24,+ 1 -> + 0,Length := Finish - Start + 1;,Length := Finish - Start + 0;,killed
trees/SPARK2/Ada-SPARK-Get-Equal-Substrings-Within-Budget,get_equal_substrings_within_budget.adb,24,+ -> -,Length := Finish - Start + 1;,Length := Finish - Start - 1;,killed
trees/SPARK2/Ada-SPARK-Get-Equal-Substrings-Within-Budget,get_equal_substrings_within_budget.adb,24,- -> +,Length := Finish - Start + 1;,Length := Finish + Start + 1;,killed
trees/SPARK2/Ada-SPARK-Implement-Trie,full_insert_check.adb,10,+ -> -,"(Len => 3, Chars => [1 => Character'Val (Character'Pos ('a') + N mod 4),","(Len => 3, Chars => [1 => Character'Val (Character'Pos ('a') - N mod 4),",killed
trees/SPARK2/Ada-SPARK-Implement-Trie,full_insert_check.adb,11,+ -> -,"2 => Character'Val (Character'Pos ('a') + (N / 4) mod 4),","2 => Character'Val (Character'Pos ('a') - (N / 4) mod 4),",killed
trees/SPARK2/Ada-SPARK-Implement-Trie,full_insert_check.adb,14,- 1 -> - 0,for I in 0 .. Max_Words - 1 loop,for I in 0 .. Max_Words - 0 loop,killed
trees/SPARK2/Ada-SPARK-Implement-Trie,full_insert_check.adb,14,- -> +,for I in 0 .. Max_Words - 1 loop,for I in 0 .. Max_Words + 1 loop,killed
trees/SPARK2/Ada-SPARK-Implement-Trie,implement_trie.adb,6,/= -> =,if A.Len /= B.Len then,if A.Len = B.Len then,killed
trees/SPARK2/Ada-SPARK-Implement-Trie,implement_trie.adb,10,and then -> or else,if J <= A.Len and then A.Chars (J) /= B.Chars (J) then,if J <= A.Len or else A.Chars (J) /= B.Chars (J) then,killed
trees/SPARK2/Ada-SPARK-Implement-Trie,implement_trie.adb,10,<= -> <,if J <= A.Len and then A.Chars (J) /= B.Chars (J) then,if J < A.Len and then A.Chars (J) /= B.Chars (J) then,killed
trees/SPARK2/Ada-SPARK-Implement-Trie,implement_trie.adb,10,/= -> =,if J <= A.Len and then A.Chars (J) /= B.Chars (J) then,if J <= A.Len and then A.Chars (J) = B.Chars (J) then,killed
trees/SPARK2/Ada-SPARK-Implement-Trie,implement_trie.adb,22,< -> <=,if T.Used < Max_Words then,if T.Used <= Max_Words then,survived
trees/SPARK2/Ada-SPARK-Implement-Trie,implement_trie.adb,23,+ -> -,T.Used := T.Used + 1;,T.Used := T.Used - 1;,killed
trees/SPARK2/Ada-SPARK-Implement-Trie,implement_trie.adb,23,+ 1 -> + 0,T.Used := T.Used + 1;,T.Used := T.Used + 0;,killed
trees/SPARK2/Ada-SPARK-Implement-Trie,implement_trie.adb,31,and then -> or else,"if I <= T.Used and then Same (T.Words (I), W) then","if I <= T.Used or else Same (T.Words (I), W) then",killed
trees/SPARK2/Ada-SPARK-Implement-Trie,implement_trie.adb,31,<= -> <,"if I <= T.Used and then Same (T.Words (I), W) then","if I < T.Used and then Same (T.Words (I), W) then",killed
trees/SPARK2/Ada-SPARK-Insert-Into-BST,insert_into_bst.adb,14,= -> /=,if T.Count = 0 then,if T.Count /= 0 then,killed
trees/SPARK2/Ada-SPARK-Insert-Into-BST,insert_into_bst.adb,28,= -> /=,if V = T.Values (Cur) then,if V /= T.Values (Cur) then,killed
trees/SPARK2/Ada-SPARK-Insert-Into-BST,insert_into_bst.adb,31,+ 1 -> + 0,New_Slot := T.Count + 1;,New_Slot := T.Count + 0;,killed
trees/SPARK2/Ada-SPARK-Insert-Into-BST,insert_into_bst.adb,31,+ -> -,New_Slot := T.Count + 1;,New_Slot := T.Count - 1;,killed
trees/SPARK2/Ada-SPARK-Insert-Into-BST,insert_into_bst.adb,32,< -> <=,if V < T.Values (Cur) then,if V <= T.Values (Cur) then,survived
trees/SPARK2/Ada-SPARK-Insert-Into-BST,insert_into_bst.adb,33,= -> /=,if T.Lefts (Cur) = 0 then,if T.Lefts (Cur) /= 0 then,killed
trees/SPARK2/Ada-SPARK-Insert-Into-BST,insert_into_bst.adb,45,= -> /=,if T.Rights (Cur) = 0 then,if T.Rights (Cur) /= 0 then,killed
trees/SPARK2/Ada-SPARK-Insert-Into-BST,insert_into_bst.adb,61,= -> /=,Cur : Index := (if T.Count = 0 then 0 else 1);,Cur : Index := (if T.Count /= 0 then 0 else 1);,killed
trees/SPARK2/Ada-SPARK-Insert-Into-BST,insert_into_bst.adb,65,= -> /=,if Cur = 0 then,if Cur /= 0 then,stillborn
trees/SPARK2/Ada-SPARK-Insert-Into-BST,insert_into_bst.adb,67,= -> /=,elsif V = T.Values (Cur) then,elsif V /= T.Values (Cur) then,killed
trees/SPARK2/Ada-SPARK-Insert-Into-BST,insert_into_bst.adb,69,< -> <=,elsif V < T.Values (Cur) then,elsif V <= T.Values (Cur) then,survived
trees/SPARK2/Ada-SPARK-Longest-Common-Substring,longest_common_substring.adb,14,= -> /=,if M = 0 or else N = 0 then return 0; end if;,if M /= 0 or else N = 0 then return 0; end if;,killed
trees/SPARK2/Ada-SPARK-Longest-Common-Substring,longest_common_substring.adb,14,= -> /=,if M = 0 or else N = 0 then return 0; end if;,if M = 0 or else N /= 0 then return 0; end if;,killed
trees/SPARK2/Ada-SPARK-Longest-Common-Substring,longest_common_substring.adb,14,or else -> and then,if M = 0 or else N = 0 then return 0; end if;,if M = 0 and then N = 0 then return 0; end if;,survived
trees/SPARK2/Ada-SPARK-Longest-Common-Substring,longest_common_substring.adb,18,= -> /=,if A (I) = B (J) then,if A (I) /= B (J) then,killed
trees/SPARK2/Ada-SPARK-Longest-Common-Substring,longest_common_substring.adb,19,+ -> -,Curr (J) := Prev (J - 1) + 1;,Curr (J) := Prev (J - 1) - 1;,killed
trees/SPARK2/Ada-SPARK-Longest-Common-Substring,longest_common_substring.adb,19,- -> +,Curr (J) := Prev (J - 1) + 1;,Curr (J) := Prev (J + 1) + 1;,killed
trees/SPARK2/Ada-SPARK-Longest-Common-Substring,longest_common_substring.adb,19,- 1 -> - 0,Curr (J) := Prev (J - 1) + 1;,Curr (J) := Prev (J - 0) + 1;,killed
trees/SPARK2/Ada-SPARK-Longest-Common-Substring,longest_common_substring.adb,19,+ 1 -> + 0,Curr (J) := Prev (J - 1) + 1;,Curr (J) := Prev (J - 1) + 0;,killed
trees/SPARK2/Ada-SPARK-Longest-Common-Substring,longest_common_substring.adb,20,> -> >=,if Curr (J) > Best then Best := Curr (J); end if;,if Curr (J) >= Best then Best := Curr (J); end if;,survived
trees/SPARK2/Ada-SPARK-Longest-Palindromic-Substring,longest_palindromic_substring.adb,6,+ 1 -> + 0,return Input (Start) = Input (Start + 1);,return Input (Start) = Input (Start + 0);,killed
trees/SPARK2/Ada-SPARK-Longest-Palindromic-Substring,longest_palindromic_substring.adb,6,= -> /=,return Input (Start) = Input (Start + 1);,return Input (Start) /= Input (Start + 1);,killed
trees/SPARK2/Ada-SPARK-Longest-Palindromic-Substring,longest_palindromic_substring.adb,16,+ -> -,return Input (Start) = Input (Start + 3),return Input (Start) = Input (Start - 3),killed
trees/SPARK2/Ada-SPARK-Longest-Palindromic-Substring,longest_palindromic_substring.adb,17,= -> /=,and then Input (Start + 1) = Input (Start + 2);,and then Input (Start + 1) /= Input (Start + 2);,killed
trees/SPARK2/Ada-SPARK-Longest-Palindromic-Substring,longest_palindromic_substring.adb,17,+ -> -,and then Input (Start + 1) = Input (Start + 2);,and then Input (Start - 1) = Input (Start + 2);,killed
trees/SPARK2/Ada-SPARK-Longest-Palindromic-Substring,longest_palindromic_substring.adb,22,= -> /=,return Input (Start) = Input (Start + 4),return Input (Start) /= Input (Start + 4),killed
trees/SPARK2/Ada-SPARK-Longest-Palindromic-Substring,longest_palindromic_substring.adb,23,+ 1 -> + 0,and then Input (Start + 1) = Input (Start + 3);,and then Input (Start + 0) = Input (Start + 3);,killed
trees/SPARK2/Ada-SPARK-Longest-Palindromic-Substring,longest_palindromic_substring.adb,23,+ -> -,and then Input (Start + 1) = Input (Start + 3);,and then Input (Start + 1) = Input (Start - 3);,stillborn
trees/SPARK2/Ada-SPARK-Longest-Palindromic-Substring,longest_palindromic_substring.adb,23,and then -> or else,and then Input (Start + 1) = Input (Start + 3);,or else Input (Start + 1) = Input (Start + 3);,killed
trees/SPARK2/Ada-SPARK-Longest-Palindromic-Substring,longest_palindromic_substring.adb,23,+ -> -,and then Input (Start + 1) = Input (Start + 3);,and then Input (Start - 1) = Input (Start + 3);,killed
trees/SPARK2/Ada-SPARK-Longest-Palindromic-Substring,longest_palindromic_substring.adb,28,+ -> -,return Input (Start) = Input (Start + 5),return Input (Start) = Input (Start - 5),stillborn
trees/SPARK2/Ada-SPARK-Longest-Palindromic-Substring,longest_palindromic_substring.adb,29,+ 1 -> + 0,and then Input (Start + 1) = Input (Start + 4),and then Input (Start + 0) = Input (Start + 4),killed
trees/SPARK2/Ada-SPARK-Longest-Palindromic-Substring,longest_palindromic_substring.adb,29,= -> /=,and then Input (Start + 1) = Input (Start + 4),and then Input (Start + 1) /= Input (Start + 4),killed
trees/SPARK2/Ada-SPARK-Longest-Palindromic-Substring,longest_palindromic_substring.adb,30,= -> /=,and then Input (Start + 2) = Input (Start + 3);,and then Input (Start + 2) /= Input (Start + 3);,killed
trees/SPARK2/Ada-SPARK-Longest-Palindromic-Substring,longest_palindromic_substring.adb,30,+ -> -,and then Input (Start + 2) = Input (Start + 3);,and then Input (Start - 2) = Input (Start + 3);,stillborn
trees/SPARK2/Ada-SPARK-Longest-Palindromic-Substring,longest_palindromic_substring.adb,30,and then -> or else,and then Input (Start + 2) = Input (Start + 3);,or else Input (Start + 2) = Input (Start + 3);,stillborn
trees/SPARK2/Ada-SPARK-Longest-Palindromic-Substring,longest_palindromic_substring.adb,42,or else -> and then,"elsif Is_Pal_5 (Input, 1) or else Is_Pal_5 (Input, 2)","elsif Is_Pal_5 (Input, 1) and then Is_Pal_5 (Input, 2)",stillborn
trees/SPARK2/Ada-SPARK-Longest-Palindromic-Substring,longest_palindromic_substring.adb,51,or else -> and then,"or else Is_Pal_3 (Input, 3) or else Is_Pal_3 (Input, 4)","and then Is_Pal_3 (Input, 3) or else Is_Pal_3 (Input, 4)",stillborn
trees/SPARK2/Ada-SPARK-Longest-Palindromic-Substring,longest_palindromic_substring.adb,55,or else -> and then,"elsif Is_Pal_2 (Input, 1) or else Is_Pal_2 (Input, 2)","elsif Is_Pal_2 (Input, 1) and then Is_Pal_2 (Input, 2)",stillborn
trees/SPARK2/Ada-SPARK-Longest-Palindromic-Substring,longest_palindromic_substring.adb,56,or else -> and then,"or else Is_Pal_2 (Input, 3) or else Is_Pal_2 (Input, 4)","and then Is_Pal_2 (Input, 3) or else Is_Pal_2 (Input, 4)",stillborn
trees/SPARK2/Ada-SPARK-Longest-Substring-Without-Repeat,longest_substring_without_repeat.adb,8,and then -> or else,if I < J and then I >= First and then J <= Last,if I < J and then I >= First or else J <= Last,stillborn
trees/SPARK2/Ada-SPARK-Longest-Substring-Without-Repeat,longest_substring_without_repeat.adb,8,< -> <=,if I < J and then I >= First and then J <= Last,if I <= J and then I >= First and then J <= Last,killed
trees/SPARK2/Ada-SPARK-Longest-Substring-Without-Repeat,longest_substring_without_repeat.adb,8,and then -> or else,if I < J and then I >= First and then J <= Last,if I < J or else I >= First and then J <= Last,stillborn
trees/SPARK2/Ada-SPARK-Longest-Substring-Without-Repeat,longest_substring_without_repeat.adb,8,>= -> >,if I < J and then I >= First and then J <= Last,if I < J and then I > First and then J <= Last,killed
trees/SPARK2/Ada-SPARK-Longest-Substring-Without-Repeat,longest_substring_without_repeat.adb,8,<= -> <,if I < J and then I >= First and then J <= Last,if I < J and then I >= First and then J < Last,killed
trees/SPARK2/Ada-SPARK-Longest-Substring-Without-Repeat,longest_substring_without_repeat.adb,9,= -> /=,and then Input (I) = Input (J),and then Input (I) /= Input (J),killed
trees/SPARK2/Ada-SPARK-Longest-Substring-Without-Repeat,longest_substring_without_repeat.adb,9,and then -> or else,and then Input (I) = Input (J),or else Input (I) = Input (J),stillborn
trees/SPARK2/Ada-SPARK-Longest-Substring-Without-Repeat,longest_substring_without_repeat.adb,22,+ -> -,return Result (Index'Pos (Last) - Index'Pos (First) + 1);,return Result (Index'Pos (Last) - Index'Pos (First) - 1);,killed
trees/SPARK2/Ada-SPARK-Longest-Substring-Without-Repeat,longest_substring_without_repeat.adb,22,- -> +,return Result (Index'Pos (Last) - Index'Pos (First) + 1);,return Result (Index'Pos (Last) + Index'Pos (First) + 1);,killed
trees/SPARK2/Ada-SPARK-Longest-Substring-Without-Repeat,longest_substring_without_repeat.adb,22,+ 1 -> + 0,return Result (Index'Pos (Last) - Index'Pos (First) + 1);,return Result (Index'Pos (Last) - Index'Pos (First) + 0);,killed
trees/SPARK2/Ada-SPARK-Longest-Substring-Without-Repeat,longest_substring_without_repeat.adb,30,and then -> or else,"if First <= Last and then not Repeats (Input, First, Last) then","if First <= Last or else not Repeats (Input, First, Last) then",killed
trees/SPARK2/Ada-SPARK-Longest-Substring-Without-Repeat,longest_substring_without_repeat.adb,30,<= -> <,"if First <= Last and then not Repeats (Input, First, Last) then","if First < Last and then not Repeats (Input, First, Last) then",killed
trees/SPARK2/Ada-SPARK-Longest-Substring-Without-Repeat,longest_substring_without_repeat.adb,31,> -> >=,"if Span (First, Last) > Best then","if Span (First, Last) >= Best then",survived
trees/SPARK2/Ada-SPARK-Longest-Substring-Without-Repeating,longest_substring_without_repeating.adb,16,/= -> =,return A /= B and then A /= C and then A /= D and then B /= C and then B /= D and then C /= D;,return A /= B and then A /= C and then A /= D and then B /= C and then B /= D and then C = D;,killed
trees/SPARK2/Ada-SPARK-Longest-Substring-Without-Repeating,longest_substring_without_repeating.adb,16,/= -> =,return A /= B and then A /= C and then A /= D and then B /= C and then B /= D and then C /= D;,return A /= B and then A = C and then A /= D and then B /= C and then B /= D and then C /= D;,killed
trees/SPARK2/Ada-SPARK-Longest-Substring-Without-Repeating,longest_substring_without_repeating.adb,21,/= -> =,return A /= B and then A /= C and then A /= D and then A /= E and then B /= C and then B /= D and th,return A /= B and then A /= C and then A /= D and then A /= E and then B /= C and then B = D and the,killed
trees/SPARK2/Ada-SPARK-Longest-Substring-Without-Repeating,longest_substring_without_repeating.adb,21,and then -> or else,return A /= B and then A /= C and then A /= D and then A /= E and then B /= C and then B /= D and th,return A /= B and then A /= C and then A /= D and then A /= E and then B /= C or else B /= D and the,stillborn
trees/SPARK2/Ada-SPARK-Longest-Substring-Without-Repeating,longest_substring_without_repeating.adb,26,and then -> or else,return A /= B and then A /= C and then A /= D and then A /= E and then A /= F and then B /= C and th,return A /= B and then A /= C and then A /= D and then A /= E and then A /= F and then B /= C and th,stillborn
trees/SPARK2/Ada-SPARK-Longest-Substring-Without-Repeating,longest_substring_without_repeating.adb,26,/= -> =,return A /= B and then A /= C and then A /= D and then A /= E and then A /= F and then B /= C and th,return A /= B and then A /= C and then A /= D and then A = E and then A /= F and then B /= C and the,killed
trees/SPARK2/Ada-SPARK-Longest-Substring-Without-Repeating,longest_substring_without_repeating.adb,26,and then -> or else,return A /= B and then A /= C and then A /= D and then A /= E and then A /= F and then B /= C and th,return A /= B and then A /= C and then A /= D and then A /= E or else A /= F and then B /= C and the,stillborn
trees/SPARK2/Ada-SPARK-Longest-Substring-Without-Repeating,longest_substring_without_repeating.adb,26,and then -> or else,return A /= B and then A /= C and then A /= D and then A /= E and then A /= F and then B /= C and th,return A /= B and then A /= C and then A /= D and then A /= E and then A /= F or else B /= C and the,stillborn
trees/SPARK2/Ada-SPARK-Longest-Substring-Without-Repeating,longest_substring_without_repeating.adb,26,and then -> or else,return A /= B and then A /= C and then A /= D and then A /= E and then A /= F and then B /= C and th,return A /= B and then A /= C and then A /= D and then A /= E and then A /= F and then B /= C and th,stillborn
trees/SPARK2/Ada-SPARK-Longest-Substring-Without-Repeating,longest_substring_without_repeating.adb,26,and then -> or else,return A /= B and then A /= C and then A /= D and then A /= E and then A /= F and then B /= C and th,return A /= B and then A /= C and then A /= D and then A /= E and then A /= F and then B /= C and th,stillborn
trees/SPARK2/Ada-SPARK-Longest-Substring-Without-Repeating,longest_substring_without_repeating.adb,31,/= -> =,return A /= B and then A /= C and then A /= D and then A /= E and then A /= F and then A /= G and th,return A /= B and then A /= C and then A /= D and then A /= E and then A /= F and then A /= G and th,killed
trees/SPARK2/Ada-SPARK-Longest-Substring-Without-Repeating,longest_substring_without_repeating.adb,31,/= -> =,return A /= B and then A /= C and then A /= D and then A /= E and then A /= F and then A /= G and th,return A /= B and then A /= C and then A /= D and then A /= E and then A /= F and then A /= G and th,killed
trees/SPARK2/Ada-SPARK-Longest-Substring-Without-Repeating,longest_substring_without_repeating.adb,31,/= -> =,return A /= B and then A /= C and then A /= D and then A /= E and then A /= F and then A /= G and th,return A /= B and then A /= C and then A /= D and then A /= E and then A /= F and then A /= G and th,killed
trees/SPARK2/Ada-SPARK-Longest-Substring-Without-Repeating,longest_substring_without_repeating.adb,31,and then -> or else,return A /= B and then A /= C and then A /= D and then A /= E and then A /= F and then A /= G and th,return A /= B and then A /= C and then A /= D and then A /= E and then A /= F and then A /= G and th,stillborn
trees/SPARK2/Ada-SPARK-Longest-Substring-Without-Repeating,longest_substring_without_repeating.adb,31,and then -> or else,return A /= B and then A /= C and then A /= D and then A /= E and then A /= F and then A /= G and th,return A /= B and then A /= C and then A /= D and then A /= E and then A /= F and then A /= G and th,stillborn
trees/SPARK2/Ada-SPARK-Longest-Substring-Without-Repeating,longest_substring_without_repeating.adb,31,and then -> or else,return A /= B and then A /= C and then A /= D and then A /= E and then A /= F and then A /= G and th,return A /= B and then A /= C and then A /= D and then A /= E and then A /= F and then A /= G and th,stillborn
trees/SPARK2/Ada-SPARK-Longest-Substring-Without-Repeating,longest_substring_without_repeating.adb,31,/= -> =,return A /= B and then A /= C and then A /= D and then A /= E and then A /= F and then A /= G and th,return A /= B and then A /= C and then A /= D and then A /= E and then A /= F and then A /= G and th,killed
trees/SPARK2/Ada-SPARK-Longest-Substring-Without-Repeating,longest_substring_without_repeating.adb,36,/= -> =,return A /= B and then A /= C and then A /= D and then A /= E and then A /= F and then A /= G and th,return A /= B and then A /= C and then A /= D and then A /= E and then A /= F and then A /= G and th,killed
trees/SPARK2/Ada-SPARK-Longest-Substring-Without-Repeating,longest_substring_without_repeating.adb,36,and then -> or else,return A /= B and then A /= C and then A /= D and then A /= E and then A /= F and then A /= G and th,return A /= B and then A /= C and then A /= D and then A /= E and then A /= F and then A /= G and th,stillborn
trees/SPARK2/Ada-SPARK-Longest-Substring-Without-Repeating,longest_substring_without_repeating.adb,36,/= -> =,return A /= B and then A /= C and then A /= D and then A /= E and then A /= F and then A /= G and th,return A /= B and then A /= C and then A /= D and then A /= E and then A /= F and then A /= G and th,killed
trees/SPARK2/Ada-SPARK-Lowest-Common-Ancestor-BST,lowest_common_ancestor_bst.adb,40,= -> /=,if Current = 0 or else not T.Used (Current) then exit; end if;,if Current /= 0 or else not T.Used (Current) then exit; end if;,killed
trees/SPARK2/Ada-SPARK-Lowest-Common-Ancestor-BST,lowest_common_ancestor_bst.adb,40,or else -> and then,if Current = 0 or else not T.Used (Current) then exit; end if;,if Current = 0 and then not T.Used (Current) then exit; end if;,survived
trees/SPARK2/Ada-SPARK-Lowest-Common-Ancestor-BST,lowest_common_ancestor_bst.adb,41,and then -> or else,if A < T.Values (Current) and then B < T.Values (Current) then,if A < T.Values (Current) or else B < T.Values (Current) then,killed
trees/SPARK2/Ada-SPARK-Lowest-Common-Ancestor-BST,lowest_common_ancestor_bst.adb,41,< -> <=,if A < T.Values (Current) and then B < T.Values (Current) then,if A < T.Values (Current) and then B <= T.Values (Current) then,killed
trees/SPARK2/Ada-SPARK-Lowest-Common-Ancestor-BST,lowest_common_ancestor_bst.adb,41,< -> <=,if A < T.Values (Current) and then B < T.Values (Current) then,if A <= T.Values (Current) and then B < T.Values (Current) then,killed
trees/SPARK2/Ada-SPARK-Lowest-Common-Ancestor-BST,lowest_common_ancestor_bst.adb,43,and then -> or else,elsif A > T.Values (Current) and then B > T.Values (Current) then,elsif A > T.Values (Current) or else B > T.Values (Current) then,killed
trees/SPARK2/Ada-SPARK-Lowest-Common-Ancestor-BST,lowest_common_ancestor_bst.adb,43,> -> >=,elsif A > T.Values (Current) and then B > T.Values (Current) then,elsif A >= T.Values (Current) and then B > T.Values (Current) then,killed
trees/SPARK2/Ada-SPARK-Lowest-Common-Ancestor-BST,lowest_common_ancestor_bst.adb,43,> -> >=,elsif A > T.Values (Current) and then B > T.Values (Current) then,elsif A > T.Values (Current) and then B >= T.Values (Current) then,killed
trees/SPARK2/Ada-SPARK-Lowest-Common-Ancestor-Of-BST,lowest_common_ancestor_of_bst.adb,43,= -> /=,if Current = 0 or else not T.Used (Current) then,if Current /= 0 or else not T.Used (Current) then,killed
trees/SPARK2/Ada-SPARK-Lowest-Common-Ancestor-Of-BST,lowest_common_ancestor_of_bst.adb,43,or else -> and then,if Current = 0 or else not T.Used (Current) then,if Current = 0 and then not T.Used (Current) then,survived
trees/SPARK2/Ada-SPARK-Lowest-Common-Ancestor-Of-BST,lowest_common_ancestor_of_bst.adb,45,and then -> or else,elsif P < T.Values (Current) and then Q < T.Values (Current) then,elsif P < T.Values (Current) or else Q < T.Values (Current) then,killed
trees/SPARK2/Ada-SPARK-Lowest-Common-Ancestor-Of-BST,lowest_common_ancestor_of_bst.adb,45,< -> <=,elsif P < T.Values (Current) and then Q < T.Values (Current) then,elsif P < T.Values (Current) and then Q <= T.Values (Current) then,killed
trees/SPARK2/Ada-SPARK-Lowest-Common-Ancestor-Of-BST,lowest_common_ancestor_of_bst.adb,45,< -> <=,elsif P < T.Values (Current) and then Q < T.Values (Current) then,elsif P <= T.Values (Current) and then Q < T.Values (Current) then,killed
trees/SPARK2/Ada-SPARK-Lowest-Common-Ancestor-Of-BST,lowest_common_ancestor_of_bst.adb,47,and then -> or else,elsif P > T.Values (Current) and then Q > T.Values (Current) then,elsif P > T.Values (Current) or else Q > T.Values (Current) then,killed
trees/SPARK2/Ada-SPARK-Lowest-Common-Ancestor-Of-BST,lowest_common_ancestor_of_bst.adb,47,> -> >=,elsif P > T.Values (Current) and then Q > T.Values (Current) then,elsif P >= T.Values (Current) and then Q > T.Values (Current) then,killed
trees/SPARK2/Ada-SPARK-Lowest-Common-Ancestor-Of-BST,lowest_common_ancestor_of_bst.adb,47,> -> >=,elsif P > T.Values (Current) and then Q > T.Values (Current) then,elsif P > T.Values (Current) and then Q >= T.Values (Current) then,killed
trees/SPARK2/Ada-SPARK-Maximum-Depth-Of-Binary-Tree,maximum_depth_of_binary_tree.adb,46,or else -> and then,if Root = 0 or else not T.Used (Root) then,if Root = 0 and then not T.Used (Root) then,survived
trees/SPARK2/Ada-SPARK-Maximum-Depth-Of-Binary-Tree,maximum_depth_of_binary_tree.adb,46,= -> /=,if Root = 0 or else not T.Used (Root) then,if Root /= 0 or else not T.Used (Root) then,killed
trees/SPARK2/Ada-SPARK-Maximum-Depth-Of-Binary-Tree,maximum_depth_of_binary_tree.adb,52,> -> >=,if Top > 0 then,if Top >= 0 then,killed
trees/SPARK2/Ada-SPARK-Maximum-Depth-Of-Binary-Tree,maximum_depth_of_binary_tree.adb,56,- 1 -> - 0,Top := Top - 1;,Top := Top - 0;,killed
trees/SPARK2/Ada-SPARK-Maximum-Depth-Of-Binary-Tree,maximum_depth_of_binary_tree.adb,56,- -> +,Top := Top - 1;,Top := Top + 1;,killed
trees/SPARK2/Ada-SPARK-Maximum-Depth-Of-Binary-Tree,maximum_depth_of_binary_tree.adb,58,> -> >=,if D > Best then Best := D; end if;,if D >= Best then Best := D; end if;,survived
trees/SPARK2/Ada-SPARK-Maximum-Depth-Of-Binary-Tree,maximum_depth_of_binary_tree.adb,59,< -> <=,if D < Depth'Last then,if D <= Depth'Last then,survived
trees/SPARK2/Ada-SPARK-Maximum-Depth-Of-Binary-Tree,maximum_depth_of_binary_tree.adb,60,and then -> or else,if T.Lefts (N) /= 0 and then Top < Stack_Position'Last then,if T.Lefts (N) /= 0 or else Top < Stack_Position'Last then,survived
trees/SPARK2/Ada-SPARK-Maximum-Depth-Of-Binary-Tree,maximum_depth_of_binary_tree.adb,60,< -> <=,if T.Lefts (N) /= 0 and then Top < Stack_Position'Last then,if T.Lefts (N) /= 0 and then Top <= Stack_Position'Last then,survived
trees/SPARK2/Ada-SPARK-Maximum-Depth-Of-Binary-Tree,maximum_depth_of_binary_tree.adb,60,/= -> =,if T.Lefts (N) /= 0 and then Top < Stack_Position'Last then,if T.Lefts (N) = 0 and then Top < Stack_Position'Last then,killed
trees/SPARK2/Ada-SPARK-Maximum-Depth-Of-Binary-Tree,maximum_depth_of_binary_tree.adb,61,+ -> -,Top := Top + 1; Nodes (Top) := T.Lefts (N); Levels (Top) := D + 1;,Top := Top + 1; Nodes (Top) := T.Lefts (N); Levels (Top) := D - 1;,killed
trees/SPARK2/Ada-SPARK-Maximum-Depth-Of-Binary-Tree,maximum_depth_of_binary_tree.adb,61,+ -> -,Top := Top + 1; Nodes (Top) := T.Lefts (N); Levels (Top) := D + 1;,Top := Top - 1; Nodes (Top) := T.Lefts (N); Levels (Top) := D + 1;,killed
trees/SPARK2/Ada-SPARK-Maximum-Depth-Of-Binary-Tree,maximum_depth_of_binary_tree.adb,61,+ 1 -> + 0,Top := Top + 1; Nodes (Top) := T.Lefts (N); Levels (Top) := D + 1;,Top := Top + 0; Nodes (Top) := T.Lefts (N); Levels (Top) := D + 1;,killed
trees/SPARK2/Ada-SPARK-Maximum-Depth-Of-Binary-Tree,maximum_depth_of_binary_tree.adb,61,+ 1 -> + 0,Top := Top + 1; Nodes (Top) := T.Lefts (N); Levels (Top) := D + 1;,Top := Top + 1; Nodes (Top) := T.Lefts (N); Levels (Top) := D + 0;,killed
trees/SPARK2/Ada-SPARK-Maximum-Depth-Of-Binary-Tree,maximum_depth_of_binary_tree.adb,63,< -> <=,if T.Rights (N) /= 0 and then Top < Stack_Position'Last then,if T.Rights (N) /= 0 and then Top <= Stack_Position'Last then,survived
trees/SPARK2/Ada-SPARK-Maximum-Depth-Of-Binary-Tree,maximum_depth_of_binary_tree.adb,63,and then -> or else,if T.Rights (N) /= 0 and then Top < Stack_Position'Last then,if T.Rights (N) /= 0 or else Top < Stack_Position'Last then,survived
trees/SPARK2/Ada-SPARK-Maximum-Depth-Of-Binary-Tree,maximum_depth_of_binary_tree.adb,64,+ 1 -> + 0,Top := Top + 1; Nodes (Top) := T.Rights (N); Levels (Top) := D + 1;,Top := Top + 0; Nodes (Top) := T.Rights (N); Levels (Top) := D + 1;,killed
trees/SPARK2/Ada-SPARK-Maximum-Depth-Of-Binary-Tree,maximum_depth_of_binary_tree.adb,64,+ -> -,Top := Top + 1; Nodes (Top) := T.Rights (N); Levels (Top) := D + 1;,Top := Top + 1; Nodes (Top) := T.Rights (N); Levels (Top) := D - 1;,killed
trees/SPARK2/Ada-SPARK-Maximum-Depth-Of-Binary-Tree,maximum_depth_of_binary_tree.adb,64,+ 1 -> + 0,Top := Top + 1; Nodes (Top) := T.Rights (N); Levels (Top) := D + 1;,Top := Top + 1; Nodes (Top) := T.Rights (N); Levels (Top) := D + 0;,killed
trees/SPARK2/Ada-SPARK-Maximum-Depth-Of-Binary-Tree,maximum_depth_of_binary_tree.adb,64,+ -> -,Top := Top + 1; Nodes (Top) := T.Rights (N); Levels (Top) := D + 1;,Top := Top - 1; Nodes (Top) := T.Rights (N); Levels (Top) := D + 1;,killed
trees/SPARK2/Ada-SPARK-Merge-Two-Binary-Trees,merge_two_binary_trees.adb,41,or else -> and then,if A.Used (N) or else B.Used (N) then,if A.Used (N) and then B.Used (N) then,killed
trees/SPARK2/Ada-SPARK-Merge-Two-Binary-Trees,merge_two_binary_trees.adb,45,- -> +,if Combined <= Value'Last - B.Values (N),if Combined <= Value'Last + B.Values (N),survived
trees/SPARK2/Ada-SPARK-Merge-Two-Binary-Trees,merge_two_binary_trees.adb,45,<= -> <,if Combined <= Value'Last - B.Values (N),if Combined < Value'Last - B.Values (N),survived
trees/SPARK2/Ada-SPARK-Merge-Two-Binary-Trees,merge_two_binary_trees.adb,46,>= -> >,and then Combined >= Value'First - B.Values (N),and then Combined > Value'First - B.Values (N),survived
trees/SPARK2/Ada-SPARK-Merge-Two-Binary-Trees,merge_two_binary_trees.adb,46,- -> +,and then Combined >= Value'First - B.Values (N),and then Combined >= Value'First + B.Values (N),survived
trees/SPARK2/Ada-SPARK-Merge-Two-Binary-Trees,merge_two_binary_trees.adb,46,and then -> or else,and then Combined >= Value'First - B.Values (N),or else Combined >= Value'First - B.Values (N),survived
trees/SPARK2/Ada-SPARK-Merge-Two-Binary-Trees,merge_two_binary_trees.adb,48,+ -> -,Combined := Combined + B.Values (N);,Combined := Combined - B.Values (N);,killed
trees/SPARK2/Ada-SPARK-Merge-Two-Binary-Trees,merge_two_binary_trees.adb,54,= -> /=,if Result.Lefts (N) = 0 then Result.Lefts (N) := B.Lefts (N); end if;,if Result.Lefts (N) /= 0 then Result.Lefts (N) := B.Lefts (N); end if;,killed
trees/SPARK2/Ada-SPARK-Merge-Two-Binary-Trees,merge_two_binary_trees.adb,55,= -> /=,if Result.Rights (N) = 0 then Result.Rights (N) := B.Rights (N); end if;,if Result.Rights (N) /= 0 then Result.Rights (N) := B.Rights (N); end if;,killed
trees/SPARK2/Ada-SPARK-Minimum-Depth-Of-Binary-Tree,minimum_depth_of_binary_tree.adb,44,or else -> and then,if Root = 0 or else not T.Used (Root) then return 0; end if;,if Root = 0 and then not T.Used (Root) then return 0; end if;,survived
trees/SPARK2/Ada-SPARK-Minimum-Depth-Of-Binary-Tree,minimum_depth_of_binary_tree.adb,44,= -> /=,if Root = 0 or else not T.Used (Root) then return 0; end if;,if Root /= 0 or else not T.Used (Root) then return 0; end if;,killed
trees/SPARK2/Ada-SPARK-Minimum-Depth-Of-Binary-Tree,minimum_depth_of_binary_tree.adb,48,> -> >=,if Top > 0 then,if Top >= 0 then,killed
trees/SPARK2/Ada-SPARK-Minimum-Depth-Of-Binary-Tree,minimum_depth_of_binary_tree.adb,51,- 1 -> - 0,Top := Top - 1;,Top := Top - 0;,killed
trees/SPARK2/Ada-SPARK-Minimum-Depth-Of-Binary-Tree,minimum_depth_of_binary_tree.adb,51,- -> +,Top := Top - 1;,Top := Top + 1;,killed
trees/SPARK2/Ada-SPARK-Minimum-Depth-Of-Binary-Tree,minimum_depth_of_binary_tree.adb,53,and then -> or else,if T.Lefts (N) = 0 and then T.Rights (N) = 0 then,if T.Lefts (N) = 0 or else T.Rights (N) = 0 then,killed
trees/SPARK2/Ada-SPARK-Minimum-Depth-Of-Binary-Tree,minimum_depth_of_binary_tree.adb,53,= -> /=,if T.Lefts (N) = 0 and then T.Rights (N) = 0 then,if T.Lefts (N) = 0 and then T.Rights (N) /= 0 then,killed
trees/SPARK2/Ada-SPARK-Minimum-Depth-Of-Binary-Tree,minimum_depth_of_binary_tree.adb,53,= -> /=,if T.Lefts (N) = 0 and then T.Rights (N) = 0 then,if T.Lefts (N) /= 0 and then T.Rights (N) = 0 then,killed
trees/SPARK2/Ada-SPARK-Minimum-Depth-Of-Binary-Tree,minimum_depth_of_binary_tree.adb,54,< -> <=,if D < Best then Best := D; end if;,if D <= Best then Best := D; end if;,survived
trees/SPARK2/Ada-SPARK-Minimum-Depth-Of-Binary-Tree,minimum_depth_of_binary_tree.adb,55,< -> <=,elsif D < Best and then D < Depth'Last then,elsif D <= Best and then D < Depth'Last then,survived
trees/SPARK2/Ada-SPARK-Minimum-Depth-Of-Binary-Tree,minimum_depth_of_binary_tree.adb,55,and then -> or else,elsif D < Best and then D < Depth'Last then,elsif D < Best or else D < Depth'Last then,survived
trees/SPARK2/Ada-SPARK-Minimum-Depth-Of-Binary-Tree,minimum_depth_of_binary_tree.adb,56,and then -> or else,if T.Lefts (N) /= 0 and then Top < Stack_Position'Last then,if T.Lefts (N) /= 0 or else Top < Stack_Position'Last then,survived
trees/SPARK2/Ada-SPARK-Minimum-Depth-Of-Binary-Tree,minimum_depth_of_binary_tree.adb,56,/= -> =,if T.Lefts (N) /= 0 and then Top < Stack_Position'Last then,if T.Lefts (N) = 0 and then Top < Stack_Position'Last then,killed
trees/SPARK2/Ada-SPARK-Minimum-Depth-Of-Binary-Tree,minimum_depth_of_binary_tree.adb,57,+ 1 -> + 0,Top := Top + 1; Nodes (Top) := T.Lefts (N); Levels (Top) := D + 1;,Top := Top + 1; Nodes (Top) := T.Lefts (N); Levels (Top) := D + 0;,killed
trees/SPARK2/Ada-SPARK-Minimum-Depth-Of-Binary-Tree,minimum_depth_of_binary_tree.adb,57,+ 1 -> + 0,Top := Top + 1; Nodes (Top) := T.Lefts (N); Levels (Top) := D + 1;,Top := Top + 0; Nodes (Top) := T.Lefts (N); Levels (Top) := D + 1;,killed
trees/SPARK2/Ada-SPARK-Minimum-Depth-Of-Binary-Tree,minimum_depth_of_binary_tree.adb,57,+ -> -,Top := Top + 1; Nodes (Top) := T.Lefts (N); Levels (Top) := D + 1;,Top := Top + 1; Nodes (Top) := T.Lefts (N); Levels (Top) := D - 1;,killed
trees/SPARK2/Ada-SPARK-Minimum-Depth-Of-Binary-Tree,minimum_depth_of_binary_tree.adb,60,+ 1 -> + 0,Top := Top + 1; Nodes (Top) := T.Rights (N); Levels (Top) := D + 1;,Top := Top + 1; Nodes (Top) := T.Rights (N); Levels (Top) := D + 0;,killed
trees/SPARK2/Ada-SPARK-Minimum-Depth-Of-Binary-Tree,minimum_depth_of_binary_tree.adb,60,+ 1 -> + 0,Top := Top + 1; Nodes (Top) := T.Rights (N); Levels (Top) := D + 1;,Top := Top + 0; Nodes (Top) := T.Rights (N); Levels (Top) := D + 1;,killed
trees/SPARK2/Ada-SPARK-Minimum-Depth-Of-Binary-Tree,minimum_depth_of_binary_tree.adb,60,+ -> -,Top := Top + 1; Nodes (Top) := T.Rights (N); Levels (Top) := D + 1;,Top := Top - 1; Nodes (Top) := T.Rights (N); Levels (Top) := D + 1;,killed
trees/SPARK2/Ada-SPARK-Minimum-Depth-Of-Binary-Tree,minimum_depth_of_binary_tree.adb,60,+ -> -,Top := Top + 1; Nodes (Top) := T.Rights (N); Levels (Top) := D + 1;,Top := Top + 1; Nodes (Top) := T.Rights (N); Levels (Top) := D - 1;,killed
trees/SPARK2/Ada-SPARK-Minimum-Window-Substring,minimum_window_substring.adb,11,and then -> or else,return (A = 'A' or else B = 'A') and then (A = 'B' or else B = 'B') and then (A = 'C' or else B = 'C,return (A = 'A' or else B = 'A') or else (A = 'B' or else B = 'B') and then (A = 'C' or else B = 'C',stillborn
trees/SPARK2/Ada-SPARK-Minimum-Window-Substring,minimum_window_substring.adb,11,= -> /=,return (A = 'A' or else B = 'A') and then (A = 'B' or else B = 'B') and then (A = 'C' or else B = 'C,return (A = 'A' or else B = 'A') and then (A /= 'B' or else B = 'B') and then (A = 'C' or else B = ',killed
trees/SPARK2/Ada-SPARK-Minimum-Window-Substring,minimum_window_substring.adb,16,= -> /=,return (A = 'A' or else B = 'A' or else C = 'A') and then (A = 'B' or else B = 'B' or else C = 'B') ,return (A = 'A' or else B = 'A' or else C = 'A') and then (A = 'B' or else B = 'B' or else C = 'B') ,killed
trees/SPARK2/Ada-SPARK-Minimum-Window-Substring,minimum_window_substring.adb,16,or else -> and then,return (A = 'A' or else B = 'A' or else C = 'A') and then (A = 'B' or else B = 'B' or else C = 'B') ,return (A = 'A' or else B = 'A' or else C = 'A') and then (A = 'B' or else B = 'B' or else C = 'B') ,stillborn
trees/SPARK2/Ada-SPARK-Minimum-Window-Substring,minimum_window_substring.adb,21,= -> /=,return (A = 'A' or else B = 'A' or else C = 'A' or else D = 'A') and then (A = 'B' or else B = 'B' o,return (A = 'A' or else B = 'A' or else C = 'A' or else D = 'A') and then (A = 'B' or else B = 'B' o,killed
trees/SPARK2/Ada-SPARK-Minimum-Window-Substring,minimum_window_substring.adb,21,or else -> and then,return (A = 'A' or else B = 'A' or else C = 'A' or else D = 'A') and then (A = 'B' or else B = 'B' o,return (A = 'A' or else B = 'A' or else C = 'A' or else D = 'A') and then (A = 'B' or else B = 'B' o,stillborn
trees/SPARK2/Ada-SPARK-Minimum-Window-Substring,minimum_window_substring.adb,21,or else -> and then,return (A = 'A' or else B = 'A' or else C = 'A' or else D = 'A') and then (A = 'B' or else B = 'B' o,return (A = 'A' or else B = 'A' or else C = 'A' or else D = 'A') and then (A = 'B' or else B = 'B' o,stillborn
trees/SPARK2/Ada-SPARK-Minimum-Window-Substring,minimum_window_substring.adb,26,or else -> and then,return (A = 'A' or else B = 'A' or else C = 'A' or else D = 'A' or else E = 'A') and then (A = 'B' o,return (A = 'A' or else B = 'A' and then C = 'A' or else D = 'A' or else E = 'A') and then (A = 'B' ,stillborn
trees/SPARK2/Ada-SPARK-Minimum-Window-Substring,minimum_window_substring.adb,26,= -> /=,return (A = 'A' or else B = 'A' or else C = 'A' or else D = 'A' or else E = 'A') and then (A = 'B' o,return (A = 'A' or else B = 'A' or else C = 'A' or else D = 'A' or else E = 'A') and then (A /= 'B' ,killed
trees/SPARK2/Ada-SPARK-Minimum-Window-Substring,minimum_window_substring.adb,26,and then -> or else,return (A = 'A' or else B = 'A' or else C = 'A' or else D = 'A' or else E = 'A') and then (A = 'B' o,return (A = 'A' or else B = 'A' or else C = 'A' or else D = 'A' or else E = 'A') or else (A = 'B' or,stillborn
trees/SPARK2/Ada-SPARK-Minimum-Window-Substring,minimum_window_substring.adb,26,or else -> and then,return (A = 'A' or else B = 'A' or else C = 'A' or else D = 'A' or else E = 'A') and then (A = 'B' o,return (A = 'A' or else B = 'A' or else C = 'A' or else D = 'A' or else E = 'A') and then (A = 'B' o,stillborn
trees/SPARK2/Ada-SPARK-Minimum-Window-Substring,minimum_window_substring.adb,31,or else -> and then,return (A = 'A' or else B = 'A' or else C = 'A' or else D = 'A' or else E = 'A' or else F = 'A') and,return (A = 'A' or else B = 'A' or else C = 'A' or else D = 'A' or else E = 'A' or else F = 'A') and,stillborn
trees/SPARK2/Ada-SPARK-Minimum-Window-Substring,minimum_window_substring.adb,31,and then -> or else,return (A = 'A' or else B = 'A' or else C = 'A' or else D = 'A' or else E = 'A' or else F = 'A') and,return (A = 'A' or else B = 'A' or else C = 'A' or else D = 'A' or else E = 'A' or else F = 'A') and,stillborn
trees/SPARK2/Ada-SPARK-Minimum-Window-Substring,minimum_window_substring.adb,31,or else -> and then,return (A = 'A' or else B = 'A' or else C = 'A' or else D = 'A' or else E = 'A' or else F = 'A') and,return (A = 'A' or else B = 'A' or else C = 'A' or else D = 'A' or else E = 'A' or else F = 'A') and,stillborn
trees/SPARK2/Ada-SPARK-Minimum-Window-Substring,minimum_window_substring.adb,36,or else -> and then,return (A = 'A' or else B = 'A' or else C = 'A' or else D = 'A' or else E = 'A' or else F = 'A' or e,return (A = 'A' or else B = 'A' or else C = 'A' and then D = 'A' or else E = 'A' or else F = 'A' or ,stillborn
trees/SPARK2/Ada-SPARK-Minimum-Window-Substring,minimum_window_substring.adb,41,= -> /=,return (A = 'A' or else B = 'A' or else C = 'A' or else D = 'A' or else E = 'A' or else F = 'A' or e,return (A = 'A' or else B = 'A' or else C = 'A' or else D = 'A' or else E = 'A' or else F = 'A' or e,killed
trees/SPARK2/Ada-SPARK-Minimum-Window-Substring,minimum_window_substring.adb,41,or else -> and then,return (A = 'A' or else B = 'A' or else C = 'A' or else D = 'A' or else E = 'A' or else F = 'A' or e,return (A = 'A' or else B = 'A' or else C = 'A' or else D = 'A' or else E = 'A' or else F = 'A' or e,stillborn
trees/SPARK2/Ada-SPARK-Minimum-Window-Substring,minimum_window_substring.adb,41,= -> /=,return (A = 'A' or else B = 'A' or else C = 'A' or else D = 'A' or else E = 'A' or else F = 'A' or e,return (A = 'A' or else B = 'A' or else C = 'A' or else D = 'A' or else E = 'A' or else F = 'A' or e,killed
trees/SPARK2/Ada-SPARK-Minimum-Window-Substring,minimum_window_substring.adb,41,= -> /=,return (A = 'A' or else B = 'A' or else C = 'A' or else D = 'A' or else E = 'A' or else F = 'A' or e,return (A = 'A' or else B = 'A' or else C = 'A' or else D = 'A' or else E = 'A' or else F = 'A' or e,killed
trees/SPARK2/Ada-SPARK-Minimum-Window-Substring,minimum_window_substring.adb,41,or else -> and then,return (A = 'A' or else B = 'A' or else C = 'A' or else D = 'A' or else E = 'A' or else F = 'A' or e,return (A = 'A' or else B = 'A' or else C = 'A' or else D = 'A' or else E = 'A' and then F = 'A' or ,stillborn
trees/SPARK2/Ada-SPARK-Number-Of-Substrings-Containing-All-Three-Characters,number_of_substrings_containing_all_three_characters.adb,14,>= -> >,if Finish >= Start then,if Finish > Start then,killed
trees/SPARK2/Ada-SPARK-Number-Of-Substrings-Containing-All-Three-Characters,number_of_substrings_containing_all_three_characters.adb,15,= -> /=,if Values (Finish) = 0 then Seen_0 := True; end if;,if Values (Finish) /= 0 then Seen_0 := True; end if;,killed
trees/SPARK2/Ada-SPARK-Number-Of-Substrings-Containing-All-Three-Characters,number_of_substrings_containing_all_three_characters.adb,16,= -> /=,if Values (Finish) = 1 then Seen_1 := True; end if;,if Values (Finish) /= 1 then Seen_1 := True; end if;,killed
trees/SPARK2/Ada-SPARK-Number-Of-Substrings-Containing-All-Three-Characters,number_of_substrings_containing_all_three_characters.adb,17,= -> /=,if Values (Finish) = 2 then Seen_2 := True; end if;,if Values (Finish) /= 2 then Seen_2 := True; end if;,killed
trees/SPARK2/Ada-SPARK-Number-Of-Substrings-Containing-All-Three-Characters,number_of_substrings_containing_all_three_characters.adb,18,/= -> =,if Seen_0 and then Seen_1 and then Seen_2 and then Total /= Answer'Last then,if Seen_0 and then Seen_1 and then Seen_2 and then Total = Answer'Last then,killed
trees/SPARK2/Ada-SPARK-Number-Of-Substrings-Containing-All-Three-Characters,number_of_substrings_containing_all_three_characters.adb,18,and then -> or else,if Seen_0 and then Seen_1 and then Seen_2 and then Total /= Answer'Last then,if Seen_0 and then Seen_1 and then Seen_2 or else Total /= Answer'Last then,stillborn
trees/SPARK2/Ada-SPARK-Number-Of-Substrings-Containing-All-Three-Characters,number_of_substrings_containing_all_three_characters.adb,18,and then -> or else,if Seen_0 and then Seen_1 and then Seen_2 and then Total /= Answer'Last then,if Seen_0 and then Seen_1 or else Seen_2 and then Total /= Answer'Last then,stillborn
trees/SPARK2/Ada-SPARK-Number-Of-Substrings-Containing-All-Three-Characters,number_of_substrings_containing_all_three_characters.adb,18,and then -> or else,if Seen_0 and then Seen_1 and then Seen_2 and then Total /= Answer'Last then,if Seen_0 or else Seen_1 and then Seen_2 and then Total /= Answer'Last then,stillborn
trees/SPARK2/Ada-SPARK-Number-Of-Substrings-Containing-All-Three-Characters,number_of_substrings_containing_all_three_characters.adb,19,+ -> -,Total := Total + 1;,Total := Total - 1;,killed
trees/SPARK2/Ada-SPARK-Number-Of-Substrings-Containing-All-Three-Characters,number_of_substrings_containing_all_three_characters.adb,19,+ 1 -> + 0,Total := Total + 1;,Total := Total + 0;,killed
trees/SPARK2/Ada-SPARK-Range-Sum-BST,range_sum_bst.adb,44,= -> /=,if Root = 0 or else not T.Used (Root) then,if Root /= 0 or else not T.Used (Root) then,killed
trees/SPARK2/Ada-SPARK-Range-Sum-BST,range_sum_bst.adb,44,or else -> and then,if Root = 0 or else not T.Used (Root) then,if Root = 0 and then not T.Used (Root) then,survived
trees/SPARK2/Ada-SPARK-Range-Sum-BST,range_sum_bst.adb,51,and then -> or else,if T.Values (K) >= Low and then T.Lefts (K) /= 0 and then T.Used (T.Lefts (K)) then,if T.Values (K) >= Low or else T.Lefts (K) /= 0 and then T.Used (T.Lefts (K)) then,stillborn
trees/SPARK2/Ada-SPARK-Range-Sum-BST,range_sum_bst.adb,51,/= -> =,if T.Values (K) >= Low and then T.Lefts (K) /= 0 and then T.Used (T.Lefts (K)) then,if T.Values (K) >= Low and then T.Lefts (K) = 0 and then T.Used (T.Lefts (K)) then,killed
trees/SPARK2/Ada-SPARK-Range-Sum-BST,range_sum_bst.adb,51,>= -> >,if T.Values (K) >= Low and then T.Lefts (K) /= 0 and then T.Used (T.Lefts (K)) then,if T.Values (K) > Low and then T.Lefts (K) /= 0 and then T.Used (T.Lefts (K)) then,survived
trees/SPARK2/Ada-SPARK-Range-Sum-BST,range_sum_bst.adb,51,and then -> or else,if T.Values (K) >= Low and then T.Lefts (K) /= 0 and then T.Used (T.Lefts (K)) then,if T.Values (K) >= Low and then T.Lefts (K) /= 0 or else T.Used (T.Lefts (K)) then,stillborn
trees/SPARK2/Ada-SPARK-Range-Sum-BST,range_sum_bst.adb,54,/= -> =,if T.Values (K) <= High and then T.Rights (K) /= 0 and then T.Used (T.Rights (K)) then,if T.Values (K) <= High and then T.Rights (K) = 0 and then T.Used (T.Rights (K)) then,killed
trees/SPARK2/Ada-SPARK-Range-Sum-BST,range_sum_bst.adb,54,and then -> or else,if T.Values (K) <= High and then T.Rights (K) /= 0 and then T.Used (T.Rights (K)) then,if T.Values (K) <= High and then T.Rights (K) /= 0 or else T.Used (T.Rights (K)) then,stillborn
trees/SPARK2/Ada-SPARK-Range-Sum-BST,range_sum_bst.adb,54,<= -> <,if T.Values (K) <= High and then T.Rights (K) /= 0 and then T.Used (T.Rights (K)) then,if T.Values (K) < High and then T.Rights (K) /= 0 and then T.Used (T.Rights (K)) then,killed
trees/SPARK2/Ada-SPARK-Range-Sum-BST,range_sum_bst.adb,54,and then -> or else,if T.Values (K) <= High and then T.Rights (K) /= 0 and then T.Used (T.Rights (K)) then,if T.Values (K) <= High or else T.Rights (K) /= 0 and then T.Used (T.Rights (K)) then,stillborn
trees/SPARK2/Ada-SPARK-Range-Sum-BST,range_sum_bst.adb,61,and then -> or else,if Marked (K) and then T.Values (K) in Low .. High then,if Marked (K) or else T.Values (K) in Low .. High then,killed
trees/SPARK2/Ada-SPARK-Range-Sum-BST,range_sum_bst.adb,62,+ -> -,Total := Total + T.Values (K);,Total := Total - T.Values (K);,killed
trees/SPARK2/Ada-SPARK-Range-Sum-Of-BST,range_sum_of_bst.adb,24,or else -> and then,if Root = 0 or else not T.Used (Root) then,if Root = 0 and then not T.Used (Root) then,survived
trees/SPARK2/Ada-SPARK-Range-Sum-Of-BST,range_sum_of_bst.adb,24,= -> /=,if Root = 0 or else not T.Used (Root) then,if Root /= 0 or else not T.Used (Root) then,killed
trees/SPARK2/Ada-SPARK-Range-Sum-Of-BST,range_sum_of_bst.adb,32,= -> /=,exit when Top = 0;,exit when Top /= 0;,killed
trees/SPARK2/Ada-SPARK-Range-Sum-Of-BST,range_sum_of_bst.adb,34,- 1 -> - 0,Top := Top - 1;,Top := Top - 0;,killed
trees/SPARK2/Ada-SPARK-Range-Sum-Of-BST,range_sum_of_bst.adb,34,- -> +,Top := Top - 1;,Top := Top + 1;,killed
trees/SPARK2/Ada-SPARK-Range-Sum-Of-BST,range_sum_of_bst.adb,35,and then -> or else,if Current /= 0 and then T.Used (Current) then,if Current /= 0 or else T.Used (Current) then,survived
trees/SPARK2/Ada-SPARK-Range-Sum-Of-BST,range_sum_of_bst.adb,35,/= -> =,if Current /= 0 and then T.Used (Current) then,if Current = 0 and then T.Used (Current) then,killed
trees/SPARK2/Ada-SPARK-Range-Sum-Of-BST,range_sum_of_bst.adb,36,and then -> or else,if T.Values (Current) >= Low and then T.Values (Current) <= High then,if T.Values (Current) >= Low or else T.Values (Current) <= High then,killed
trees/SPARK2/Ada-SPARK-Range-Sum-Of-BST,range_sum_of_bst.adb,36,<= -> <,if T.Values (Current) >= Low and then T.Values (Current) <= High then,if T.Values (Current) >= Low and then T.Values (Current) < High then,killed
trees/SPARK2/Ada-SPARK-Range-Sum-Of-BST,range_sum_of_bst.adb,36,>= -> >,if T.Values (Current) >= Low and then T.Values (Current) <= High then,if T.Values (Current) > Low and then T.Values (Current) <= High then,killed
trees/SPARK2/Ada-SPARK-Range-Sum-Of-BST,range_sum_of_bst.adb,37,+ -> -,Total := Total + Long_Long_Integer (T.Values (Current));,Total := Total - Long_Long_Integer (T.Values (Current));,killed
trees/SPARK2/Ada-SPARK-Range-Sum-Of-BST,range_sum_of_bst.adb,39,< -> <=,if T.Lefts (Current) /= 0 and then Top < 16 then,if T.Lefts (Current) /= 0 and then Top <= 16 then,survived
trees/SPARK2/Ada-SPARK-Range-Sum-Of-BST,range_sum_of_bst.adb,39,/= -> =,if T.Lefts (Current) /= 0 and then Top < 16 then,if T.Lefts (Current) = 0 and then Top < 16 then,killed
trees/SPARK2/Ada-SPARK-Range-Sum-Of-BST,range_sum_of_bst.adb,39,and then -> or else,if T.Lefts (Current) /= 0 and then Top < 16 then,if T.Lefts (Current) /= 0 or else Top < 16 then,killed
trees/SPARK2/Ada-SPARK-Range-Sum-Of-BST,range_sum_of_bst.adb,40,+ -> -,Top := Top + 1; Stack (Top) := T.Lefts (Current);,Top := Top - 1; Stack (Top) := T.Lefts (Current);,killed
trees/SPARK2/Ada-SPARK-Range-Sum-Of-BST,range_sum_of_bst.adb,42,< -> <=,if T.Rights (Current) /= 0 and then Top < 16 then,if T.Rights (Current) /= 0 and then Top <= 16 then,survived
trees/SPARK2/Ada-SPARK-Range-Sum-Of-BST,range_sum_of_bst.adb,42,and then -> or else,if T.Rights (Current) /= 0 and then Top < 16 then,if T.Rights (Current) /= 0 or else Top < 16 then,killed
trees/SPARK2/Ada-SPARK-Range-Sum-Of-BST,range_sum_of_bst.adb,42,/= -> =,if T.Rights (Current) /= 0 and then Top < 16 then,if T.Rights (Current) = 0 and then Top < 16 then,killed
trees/SPARK2/Ada-SPARK-Range-Sum-Of-BST,range_sum_of_bst.adb,43,+ -> -,Top := Top + 1; Stack (Top) := T.Rights (Current);,Top := Top - 1; Stack (Top) := T.Rights (Current);,killed
trees/SPARK2/Ada-SPARK-Range-Sum-Of-BST,range_sum_of_bst.adb,43,+ 1 -> + 0,Top := Top + 1; Stack (Top) := T.Rights (Current);,Top := Top + 0; Stack (Top) := T.Rights (Current);,killed
trees/SPARK2/Ada-SPARK-Same-Tree,same_tree.adb,49,= -> /=,if Top = 0 then,if Top /= 0 then,stillborn
trees/SPARK2/Ada-SPARK-Same-Tree,same_tree.adb,56,- -> +,Top := Top - 1;,Top := Top + 1;,killed
trees/SPARK2/Ada-SPARK-Same-Tree,same_tree.adb,56,- 1 -> - 0,Top := Top - 1;,Top := Top - 0;,killed
trees/SPARK2/Ada-SPARK-Same-Tree,same_tree.adb,57,and then -> or else,if (L = 0 or else not Left_T.Used (L)) and then,if (L = 0 or else not Left_T.Used (L)) or else,killed
trees/SPARK2/Ada-SPARK-Same-Tree,same_tree.adb,57,= -> /=,if (L = 0 or else not Left_T.Used (L)) and then,if (L /= 0 or else not Left_T.Used (L)) and then,survived
trees/SPARK2/Ada-SPARK-Same-Tree,same_tree.adb,57,or else -> and then,if (L = 0 or else not Left_T.Used (L)) and then,if (L = 0 and then not Left_T.Used (L)) and then,survived
trees/SPARK2/Ada-SPARK-Same-Tree,same_tree.adb,58,or else -> and then,(R = 0 or else not Right_T.Used (R)) then,(R = 0 and then not Right_T.Used (R)) then,survived
trees/SPARK2/Ada-SPARK-Same-Tree,same_tree.adb,58,= -> /=,(R = 0 or else not Right_T.Used (R)) then,(R /= 0 or else not Right_T.Used (R)) then,survived
trees/SPARK2/Ada-SPARK-Same-Tree,same_tree.adb,60,= -> /=,elsif L = 0 or else R = 0 or else,elsif L = 0 or else R /= 0 or else,killed
trees/SPARK2/Ada-SPARK-Same-Tree,same_tree.adb,60,= -> /=,elsif L = 0 or else R = 0 or else,elsif L /= 0 or else R = 0 or else,killed
trees/SPARK2/Ada-SPARK-Same-Tree,same_tree.adb,60,or else -> and then,elsif L = 0 or else R = 0 or else,elsif L = 0 or else R = 0 and then,stillborn
trees/SPARK2/Ada-SPARK-Same-Tree,same_tree.adb,60,or else -> and then,elsif L = 0 or else R = 0 or else,elsif L = 0 and then R = 0 or else,stillborn
trees/SPARK2/Ada-SPARK-Same-Tree,same_tree.adb,61,or else -> and then,not Left_T.Used (L) or else not Right_T.Used (R) or else,not Left_T.Used (L) and then not Right_T.Used (R) or else,stillborn
trees/SPARK2/Ada-SPARK-Same-Tree,same_tree.adb,61,or else -> and then,not Left_T.Used (L) or else not Right_T.Used (R) or else,not Left_T.Used (L) or else not Right_T.Used (R) and then,stillborn
trees/SPARK2/Ada-SPARK-Same-Tree,same_tree.adb,62,/= -> =,Left_T.Values (L) /= Right_T.Values (R) then,Left_T.Values (L) = Right_T.Values (R) then,killed
trees/SPARK2/Ada-SPARK-Same-Tree,same_tree.adb,65,<= -> <,if Top + 2 <= Stack_Position'Last then,if Top + 2 < Stack_Position'Last then,survived
trees/SPARK2/Ada-SPARK-Same-Tree,same_tree.adb,66,+ 1 -> + 0,Top := Top + 1;,Top := Top + 0;,killed
trees/SPARK2/Ada-SPARK-Same-Tree,same_tree.adb,66,+ -> -,Top := Top + 1;,Top := Top - 1;,killed
trees/SPARK2/Ada-SPARK-Same-Tree,same_tree.adb,69,+ -> -,Top := Top + 1;,Top := Top - 1;,killed
trees/SPARK2/Ada-SPARK-Same-Tree,same_tree.adb,69,+ 1 -> + 0,Top := Top + 1;,Top := Top + 0;,killed
trees/SPARK2/Ada-SPARK-Subtree-Of-Another-Tree,subtree_of_another_tree.adb,42,= -> /=,if ARoot = 0 or else BRoot = 0 then return ARoot = BRoot; end if;,if ARoot = 0 or else BRoot = 0 then return ARoot /= BRoot; end if;,survived
trees/SPARK2/Ada-SPARK-Subtree-Of-Another-Tree,subtree_of_another_tree.adb,42,or else -> and then,if ARoot = 0 or else BRoot = 0 then return ARoot = BRoot; end if;,if ARoot = 0 and then BRoot = 0 then return ARoot = BRoot; end if;,survived
trees/SPARK2/Ada-SPARK-Subtree-Of-Another-Tree,subtree_of_another_tree.adb,42,= -> /=,if ARoot = 0 or else BRoot = 0 then return ARoot = BRoot; end if;,if ARoot /= 0 or else BRoot = 0 then return ARoot = BRoot; end if;,killed
trees/SPARK2/Ada-SPARK-Subtree-Of-Another-Tree,subtree_of_another_tree.adb,49,- -> +,Top := Top - 1;,Top := Top + 1;,killed
trees/SPARK2/Ada-SPARK-Subtree-Of-Another-Tree,subtree_of_another_tree.adb,50,/= -> =,if A.Used (X) /= B.Used (Y) then,if A.Used (X) = B.Used (Y) then,killed
trees/SPARK2/Ada-SPARK-Subtree-Of-Another-Tree,subtree_of_another_tree.adb,53,/= -> =,if A.Values (X) /= B.Values (Y) then Same := False;,if A.Values (X) = B.Values (Y) then Same := False;,killed
trees/SPARK2/Ada-SPARK-Subtree-Of-Another-Tree,subtree_of_another_tree.adb,55,and then -> or else,if A.Lefts (X) = 0 and then B.Lefts (Y) = 0 then null;,if A.Lefts (X) = 0 or else B.Lefts (Y) = 0 then null;,killed
trees/SPARK2/Ada-SPARK-Subtree-Of-Another-Tree,subtree_of_another_tree.adb,56,/= -> =,elsif A.Lefts (X) /= 0 and then B.Lefts (Y) /= 0 and then Top < Stack_Position'Last then,elsif A.Lefts (X) /= 0 and then B.Lefts (Y) = 0 and then Top < Stack_Position'Last then,killed
trees/SPARK2/Ada-SPARK-Subtree-Of-Another-Tree,subtree_of_another_tree.adb,56,< -> <=,elsif A.Lefts (X) /= 0 and then B.Lefts (Y) /= 0 and then Top < Stack_Position'Last then,elsif A.Lefts (X) /= 0 and then B.Lefts (Y) /= 0 and then Top <= Stack_Position'Last then,survived
trees/SPARK2/Ada-SPARK-Subtree-Of-Another-Tree,subtree_of_another_tree.adb,56,/= -> =,elsif A.Lefts (X) /= 0 and then B.Lefts (Y) /= 0 and then Top < Stack_Position'Last then,elsif A.Lefts (X) = 0 and then B.Lefts (Y) /= 0 and then Top < Stack_Position'Last then,killed
trees/SPARK2/Ada-SPARK-Subtree-Of-Another-Tree,subtree_of_another_tree.adb,57,+ -> -,Top := Top + 1; As (Top) := A.Lefts (X); Bs (Top) := B.Lefts (Y);,Top := Top - 1; As (Top) := A.Lefts (X); Bs (Top) := B.Lefts (Y);,killed
trees/SPARK2/Ada-SPARK-Subtree-Of-Another-Tree,subtree_of_another_tree.adb,60,and then -> or else,if A.Rights (X) = 0 and then B.Rights (Y) = 0 then null;,if A.Rights (X) = 0 or else B.Rights (Y) = 0 then null;,killed
trees/SPARK2/Ada-SPARK-Subtree-Of-Another-Tree,subtree_of_another_tree.adb,60,= -> /=,if A.Rights (X) = 0 and then B.Rights (Y) = 0 then null;,if A.Rights (X) = 0 and then B.Rights (Y) /= 0 then null;,killed
trees/SPARK2/Ada-SPARK-Subtree-Of-Another-Tree,subtree_of_another_tree.adb,61,/= -> =,elsif A.Rights (X) /= 0 and then B.Rights (Y) /= 0 and then Top < Stack_Position'Last then,elsif A.Rights (X) /= 0 and then B.Rights (Y) = 0 and then Top < Stack_Position'Last then,killed
trees/SPARK2/Ada-SPARK-Subtree-Of-Another-Tree,subtree_of_another_tree.adb,61,and then -> or else,elsif A.Rights (X) /= 0 and then B.Rights (Y) /= 0 and then Top < Stack_Position'Last then,elsif A.Rights (X) /= 0 and then B.Rights (Y) /= 0 or else Top < Stack_Position'Last then,stillborn
trees/SPARK2/Ada-SPARK-Subtree-Of-Another-Tree,subtree_of_another_tree.adb,62,+ -> -,Top := Top + 1; As (Top) := A.Rights (X); Bs (Top) := B.Rights (Y);,Top := Top - 1; As (Top) := A.Rights (X); Bs (Top) := B.Rights (Y);,killed
trees/SPARK2/Ada-SPARK-Subtree-Of-Another-Tree,subtree_of_another_tree.adb,77,or else -> and then,if Pattern_Root = 0 or else not Pattern.Used (Pattern_Root) then return True; end if;,if Pattern_Root = 0 and then not Pattern.Used (Pattern_Root) then return True; end if;,survived
trees/SPARK2/Ada-SPARK-Subtree-Of-Another-Tree,subtree_of_another_tree.adb,78,or else -> and then,if Root = 0 or else not T.Used (Root) then return False; end if;,if Root = 0 and then not T.Used (Root) then return False; end if;,survived
trees/SPARK2/Ada-SPARK-Subtree-Of-Another-Tree,subtree_of_another_tree.adb,80,= -> /=,if T.Used (Candidate) and then T.Values (Candidate) = Pattern.Values (Pattern_Root) then,if T.Used (Candidate) and then T.Values (Candidate) /= Pattern.Values (Pattern_Root) then,killed
trees/SPARK2/Ada-SPARK-Subtree-Of-Another-Tree,subtree_of_another_tree.adb,80,and then -> or else,if T.Used (Candidate) and then T.Values (Candidate) = Pattern.Values (Pattern_Root) then,if T.Used (Candidate) or else T.Values (Candidate) = Pattern.Values (Pattern_Root) then,survived
trees/SPARK2/Ada-SPARK-Symmetric-Tree,symmetric_tree.adb,44,or else -> and then,if Root = 0 or else not T.Used (Root) then,if Root = 0 and then not T.Used (Root) then,survived
trees/SPARK2/Ada-SPARK-Symmetric-Tree,symmetric_tree.adb,44,= -> /=,if Root = 0 or else not T.Used (Root) then,if Root /= 0 or else not T.Used (Root) then,killed
trees/SPARK2/Ada-SPARK-Symmetric-Tree,symmetric_tree.adb,52,= -> /=,if Top = 0 then,if Top /= 0 then,stillborn
trees/SPARK2/Ada-SPARK-Symmetric-Tree,symmetric_tree.adb,59,- 1 -> - 0,Top := Top - 1;,Top := Top - 0;,killed
trees/SPARK2/Ada-SPARK-Symmetric-Tree,symmetric_tree.adb,59,- -> +,Top := Top - 1;,Top := Top + 1;,killed
trees/SPARK2/Ada-SPARK-Symmetric-Tree,symmetric_tree.adb,60,or else -> and then,if (L = 0 or else not T.Used (L)) and then,if (L = 0 and then not T.Used (L)) and then,survived
trees/SPARK2/Ada-SPARK-Symmetric-Tree,symmetric_tree.adb,60,and then -> or else,if (L = 0 or else not T.Used (L)) and then,if (L = 0 or else not T.Used (L)) or else,killed
trees/SPARK2/Ada-SPARK-Symmetric-Tree,symmetric_tree.adb,61,or else -> and then,(R = 0 or else not T.Used (R)) then,(R = 0 and then not T.Used (R)) then,survived
trees/SPARK2/Ada-SPARK-Symmetric-Tree,symmetric_tree.adb,61,= -> /=,(R = 0 or else not T.Used (R)) then,(R /= 0 or else not T.Used (R)) then,killed
trees/SPARK2/Ada-SPARK-Symmetric-Tree,symmetric_tree.adb,63,or else -> and then,elsif L = 0 or else R = 0 or else,elsif L = 0 and then R = 0 or else,stillborn
trees/SPARK2/Ada-SPARK-Symmetric-Tree,symmetric_tree.adb,63,= -> /=,elsif L = 0 or else R = 0 or else,elsif L /= 0 or else R = 0 or else,killed
trees/SPARK2/Ada-SPARK-Symmetric-Tree,symmetric_tree.adb,63,= -> /=,elsif L = 0 or else R = 0 or else,elsif L = 0 or else R /= 0 or else,killed
trees/SPARK2/Ada-SPARK-Symmetric-Tree,symmetric_tree.adb,63,or else -> and then,elsif L = 0 or else R = 0 or else,elsif L = 0 or else R = 0 and then,stillborn
trees/SPARK2/Ada-SPARK-Symmetric-Tree,symmetric_tree.adb,64,or else -> and then,not T.Used (L) or else not T.Used (R) or else,not T.Used (L) and then not T.Used (R) or else,stillborn
trees/SPARK2/Ada-SPARK-Symmetric-Tree,symmetric_tree.adb,64,or else -> and then,not T.Used (L) or else not T.Used (R) or else,not T.Used (L) or else not T.Used (R) and then,stillborn
trees/SPARK2/Ada-SPARK-Symmetric-Tree,symmetric_tree.adb,65,/= -> =,T.Values (L) /= T.Values (R) then,T.Values (L) = T.Values (R) then,killed
trees/SPARK2/Ada-SPARK-Symmetric-Tree,symmetric_tree.adb,67,<= -> <,elsif Top + 2 <= Stack_Position'Last then,elsif Top + 2 < Stack_Position'Last then,survived
trees/SPARK2/Ada-SPARK-Symmetric-Tree,symmetric_tree.adb,67,+ -> -,elsif Top + 2 <= Stack_Position'Last then,elsif Top - 2 <= Stack_Position'Last then,survived
trees/SPARK2/Ada-SPARK-Symmetric-Tree,symmetric_tree.adb,68,+ -> -,Top := Top + 1;,Top := Top - 1;,killed
trees/SPARK2/Ada-SPARK-Symmetric-Tree,symmetric_tree.adb,71,+ -> -,Top := Top + 1;,Top := Top - 1;,killed
trees/SPARK2/Ada-SPARK-Unique-Paths-With-Obstacles,unique_paths_with_obstacles.adb,9,+ -> -,"A22 : constant Natural := (if G (2, 2) then 0 else A12 + A21);","A22 : constant Natural := (if G (2, 2) then 0 else A12 - A21);",killed
trees/SPARK2/Ada-SPARK-Unique-Paths-With-Obstacles,unique_paths_with_obstacles.adb,10,+ -> -,"A23 : constant Natural := (if G (2, 3) then 0 else A13 + A22);","A23 : constant Natural := (if G (2, 3) then 0 else A13 - A22);",killed
trees/SPARK2/Ada-SPARK-Unique-Paths-With-Obstacles,unique_paths_with_obstacles.adb,11,+ -> -,"A24 : constant Natural := (if G (2, 4) then 0 else A14 + A23);","A24 : constant Natural := (if G (2, 4) then 0 else A14 - A23);",killed
trees/SPARK2/Ada-SPARK-Unique-Paths-With-Obstacles,unique_paths_with_obstacles.adb,13,+ -> -,"A32 : constant Natural := (if G (3, 2) then 0 else A22 + A31);","A32 : constant Natural := (if G (3, 2) then 0 else A22 - A31);",killed
trees/SPARK2/Ada-SPARK-Unique-Paths-With-Obstacles,unique_paths_with_obstacles.adb,14,+ -> -,"A33 : constant Natural := (if G (3, 3) then 0 else A23 + A32);","A33 : constant Natural := (if G (3, 3) then 0 else A23 - A32);",killed
trees/SPARK2/Ada-SPARK-Unique-Paths-With-Obstacles,unique_paths_with_obstacles.adb,15,+ -> -,"A34 : constant Natural := (if G (3, 4) then 0 else A24 + A33);","A34 : constant Natural := (if G (3, 4) then 0 else A24 - A33);",killed
trees/SPARK2/Ada-SPARK-Unique-Paths-With-Obstacles,unique_paths_with_obstacles.adb,17,+ -> -,"A42 : constant Natural := (if G (4, 2) then 0 else A32 + A41);","A42 : constant Natural := (if G (4, 2) then 0 else A32 - A41);",killed
trees/SPARK2/Ada-SPARK-Unique-Paths-With-Obstacles,unique_paths_with_obstacles.adb,18,+ -> -,"A43 : constant Natural := (if G (4, 3) then 0 else A33 + A42);","A43 : constant Natural := (if G (4, 3) then 0 else A33 - A42);",killed
trees/SPARK2/Ada-SPARK-Unique-Paths-With-Obstacles,unique_paths_with_obstacles.adb,19,+ -> -,"A44 : constant Natural := (if G (4, 4) then 0 else A34 + A43);","A44 : constant Natural := (if G (4, 4) then 0 else A34 - A43);",killed
